Unnamed: 0,realSum,room_type,room_shared,room_private,person_capacity,host_is_superhost,multi,biz,cleanliness_rating,guest_satisfaction_overall,bedrooms,dist,metro_dist,attr_index,attr_index_norm,rest_index,rest_index_norm,lng,lat,district
2406,214.5872420262664,Entire home/apt,False,False,2.0,False,0,0,9.0,90.0,1,0.7031447780125686,0.2509541351964244,327.36181514240764,10.807616905057763,664.8111716181454,29.73283641112602,-9.133,38.716,Socorro
547,336.7729831144465,Entire home/apt,False,False,4.0,False,0,1,10.0,100.0,1,0.3821552755223444,0.3829295443026974,395.9841757040586,13.073135208554588,1613.611876923497,72.16674450707569,-9.144,38.712,
2603,239.6810506566604,Entire home/apt,False,False,3.0,False,0,1,10.0,100.0,1,1.0523508483562949,0.447591145867495,292.54112837638365,9.658036759998716,572.0412662143706,25.58382006031416,-9.128,38.715,São Vicente de Fora
2573,147.0450281425891,Private room,False,True,3.0,False,0,1,9.0,90.0,1,1.1648335492481243,0.3037900586771122,200.89423054651155,6.63237977599357,483.430795622948,21.620829155701408,-9.132,38.721,Anjos
2096,136.02251407129455,Private room,False,True,2.0,False,0,1,9.0,92.0,1,1.3676584312047386,0.8436142402443586,156.49329643524396,5.166514595925023,514.7769120132806,23.0227444521748,-9.15415,38.70763,Santos-o-Velho
2408,126.17260787992494,Private room,False,True,4.0,False,0,1,9.0,89.0,1,1.1648512737269887,0.3037900950830753,200.89061624210103,6.632260452310598,483.42462764952046,21.62055330091325,-9.132,38.721,Anjos
184,286.8198874296436,Entire home/apt,False,False,5.0,False,1,0,9.0,93.0,2,5.073887951492776,3.995292481312303,108.10381115345464,3.5689702429557943,149.47923640706114,6.685269250415036,-9.197,38.704,
1232,297.3733583489681,Entire home/apt,False,False,4.0,False,0,1,9.0,91.0,1,0.2862252588810847,0.3117031281496736,477.41066710081225,15.761372761722692,1497.8434691251896,66.98914930772683,-9.14292,38.71246,
1192,248.35834896810505,Entire home/apt,False,False,4.0,False,0,1,7.0,67.0,2,0.8438118823401239,0.5962630505168682,229.65821614125747,7.582002250549377,811.2998690261305,36.28435759797559,-9.14811,38.71607,Mercês
2122,112.5703564727955,Private room,False,True,2.0,True,0,1,10.0,95.0,1,2.28977306890632,0.3950497262234615,112.8163559600615,3.724551549515848,328.778385554318,14.704196274871748,-9.139,38.733,Saldanha
2175,136.25703564727954,Private room,False,True,2.0,True,0,1,10.0,97.0,1,2.2897807716674183,0.3950288680073721,112.81605657881798,3.724541665657564,328.7750038447685,14.70404503220147,-9.139,38.733,Saldanha
1953,295.2626641651032,Entire home/apt,False,False,4.0,False,1,0,10.0,99.0,2,2.434294974399163,1.852409169169393,110.53606086708471,3.6492692329614407,336.0145087048438,15.027822704556543,-9.166,38.705,Santos-o-Velho
1048,269.4652908067542,Entire home/apt,False,False,4.0,False,1,0,9.0,95.0,1,0.9279081121246844,0.5994775845657108,211.1863959741378,6.972168278867298,739.7933315938551,33.086318409456815,-9.144,38.72,São José
1279,177.5328330206379,Private room,False,True,2.0,True,1,0,10.0,100.0,1,0.4621505709558174,0.3532001255785228,341.26715568805275,11.266691808116704,1115.871926452667,49.90595655038422,-9.144,38.71,Encarnação
141,100.84427767354596,Private room,False,True,2.0,False,1,0,8.0,77.0,1,8.032362409875024,0.7085973334257931,44.358212666596,1.4644547620347863,87.8511923851909,3.929033149899533,-9.16421,38.78215,Carriche
778,170.73170731707316,Private room,False,True,2.0,True,0,1,9.0,93.0,1,0.1475729436021862,0.2178314528905883,512.3336706346311,16.9143308219146,1285.5528971428866,57.4947227429463,-9.138,38.712,
887,168.38649155722325,Private room,False,True,2.0,False,1,0,10.0,80.0,1,2.259925428988428,0.6685993368154077,119.749324974685,3.9534385780536496,328.64833480718613,14.698379920161273,-9.15765,38.72705,São Sebastião da Pedreira
254,228.65853658536585,Entire home/apt,False,False,4.0,False,0,1,10.0,93.0,1,0.8509585924928871,0.5894527290153246,409.7005424140299,13.525971275174545,806.4637896498696,36.06807008190452,-9.13,38.711,São Miguel
777,135.78799249530957,Private room,False,True,2.0,False,0,1,9.0,93.0,1,0.2079170000047559,0.1807295382707292,456.7803579887613,15.080277816611344,1234.0698649890735,55.19220943040335,-9.138,38.711,
1190,153.14258911819886,Entire home/apt,False,False,2.0,False,0,1,8.0,79.0,1,0.7268558227267939,0.4433197794364341,245.881958315618,8.117617530268674,877.7416046820427,39.255879951187794,-9.14611,38.71651,São José
1970,164.8686679174484,Private room,False,True,2.0,False,0,1,8.0,74.0,1,0.743451770996111,0.6402731715692661,263.6780920786854,8.70514419711199,825.1797607093993,36.9051181484012,-9.148,38.711,
588,145.1688555347092,Private room,False,True,2.0,False,0,1,9.0,91.0,1,1.8828832990265667,0.2665425236466613,129.76224695674847,4.284008057683697,385.3160814796628,17.23277301331412,-9.15741,38.72206,Amoreiras
2083,314.7279549718574,Entire home/apt,False,False,5.0,True,0,1,10.0,95.0,3,0.1380391427385845,0.19521459195716,526.0354953825772,17.366686796027288,1304.8622031155094,58.35830696085132,-9.141,38.713,Sacramento
17,139.30581613508443,Private room,False,True,2.0,True,0,1,10.0,100.0,1,3.86365518747316,0.4838010489701054,80.02226961669716,2.6418781723649807,190.9831928271041,8.541481058119805,-9.135,38.747,
688,283.5365853658536,Entire home/apt,False,False,4.0,False,0,1,10.0,93.0,2,3.7247110632880944,0.4473982694213015,92.22595975205346,3.0447743004720045,210.75284583325995,9.42565371320025,-9.162,38.741,
2012,226.54784240150093,Entire home/apt,False,False,4.0,False,0,1,10.0,95.0,1,2.0217771356064405,1.4633720591143229,122.82649828104172,4.055029260617241,333.26689659317304,14.90493923790436,-9.16213,38.70777,Santos-o-Velho
2854,529.7842401500938,Entire home/apt,False,False,6.0,False,0,1,10.0,100.0,3,0.3301447051508332,0.2654508411699075,425.2315524377667,14.038716496886307,1342.732528632309,60.052009235267725,-9.143,38.711,
463,261.4915572232645,Entire home/apt,False,False,2.0,False,0,1,9.0,87.0,1,0.9144860566506672,0.5186159771837144,333.8913764704758,11.023185716469513,670.1882340364018,29.97331870757314,-9.12934,38.71408,São Vicente de Fora
68,139.30581613508443,Private room,False,True,2.0,False,0,1,10.0,91.0,1,0.3503604479529782,0.351256392481336,459.8665062877454,15.182164802157006,1064.9923252409371,47.63043092134047,-9.136,38.711,São Cristóvão e São Lourenço
344,217.1669793621013,Entire home/apt,False,False,2.0,False,0,1,10.0,98.0,1,4.703179002654482,0.9372569906904658,70.51622779013738,2.3280429796433704,153.9029485391054,6.883114164530792,-9.13348,38.75448,São João de Brito
941,169.32457786116322,Entire home/apt,False,False,4.0,False,0,0,9.0,88.0,1,6.847982246685318,0.6621515139110146,81.88819593276654,2.70348039921105,111.86921306721835,5.003208660698474,-9.10674,38.76845,
809,458.7242026266416,Entire home/apt,False,False,2.0,False,0,1,10.0,100.0,1,0.2988189282470235,0.184472584878161,526.0380632648186,17.366771572828483,1144.493766646639,51.18603204941865,-9.138,38.71,
810,581.8480300187617,Entire home/apt,False,False,4.0,False,0,1,10.0,100.0,1,0.2988233004617324,0.1844920491579892,526.0238276027719,17.366301592596603,1144.5681828865722,51.18936022136089,-9.138,38.71,
1732,211.30393996247653,Private room,False,True,2.0,False,0,1,9.0,88.0,1,5.340835050902093,4.420638541268371,133.07833627956958,4.39348638217433,169.10587038170544,7.563045560714963,-9.19828,38.69807,
376,124.29643527204502,Private room,False,True,2.0,False,1,0,10.0,100.0,1,0.5778820011138915,0.5585735474905986,658.062277806398,21.7254568774534,1015.931672823908,45.43625547000419,-9.133,38.712,Santiago
402,217.1669793621013,Entire home/apt,False,False,3.0,False,0,1,10.0,90.0,1,0.93880748957341,0.5367614828090524,318.55486082839536,10.516861588085977,673.1292578478945,30.10485226717849,-9.12926,38.71473,São Vicente de Fora
432,257.7392120075047,Entire home/apt,False,False,4.0,False,0,0,10.0,94.0,0,0.7619441356784159,0.6066645785566496,414.2802378410388,13.677166654194012,870.4661318239199,38.93049365574148,-9.13104,38.71101,Santiago
2321,228.65853658536585,Entire home/apt,False,False,2.0,False,1,0,9.0,91.0,0,1.3006561539036972,0.9886297061026948,162.05385694800827,5.350092536355264,532.9495172383753,23.835491170925888,-9.1544,38.71051,Santos-o-Velho
1254,261.4915572232645,Entire home/apt,False,False,4.0,False,0,1,10.0,87.0,1,3.7847973870104847,1.6330390169738285,81.92307379486223,2.7046318669588496,168.2041624454335,7.522717816982061,-9.10639,38.7344,
2720,299.01500938086303,Entire home/apt,False,False,4.0,False,0,0,9.0,90.0,1,1.855367335743613,0.5096907446270375,129.25249821159616,4.267179066333428,378.2176275404904,16.915303664488928,-9.14173,38.72901,Saldanha
1899,199.577861163227,Private room,False,True,2.0,False,0,0,10.0,100.0,1,7.582916522542394,0.1658152033710183,74.78424658987642,2.4689485770512354,105.99862883472396,4.740654227087438,-9.10138,38.773790000000005,Quinta das Laranjeiras
2409,114.44652908067542,Private room,False,True,2.0,False,0,1,9.0,85.0,1,1.1648407466210189,0.3038002227172367,200.89334787445785,6.632350635205098,483.427402228269,21.620677390428533,-9.132,38.721,Anjos
1400,136.02251407129455,Private room,False,True,2.0,False,0,1,10.0,100.0,1,1.3465406562769195,0.3815585082504771,170.8383451136419,5.64010614945758,598.0215095638541,26.745753491052493,-9.14662,38.7232,Coração de Jesus
188,228.65853658536585,Private room,False,True,4.0,False,0,1,9.0,81.0,2,0.9407220075207338,0.488930444138746,489.3095760159424,16.154206755164964,839.4972627770597,37.54545026820833,-9.1289,38.71128,São Miguel
2478,291.9793621013133,Entire home/apt,False,False,6.0,False,1,0,9.0,93.0,3,0.772064823808365,0.2357667447305354,290.4235189851577,9.5881253958863,624.8350511660358,27.944955129196007,-9.133,38.717,Socorro
1542,164.8686679174484,Private room,False,True,2.0,False,0,1,9.0,76.0,1,0.9392074804777386,0.6514179766257315,208.5054751327285,6.883659588890331,662.499047100372,29.62942957474301,-9.15,38.71,Santa Catarina
526,234.52157598499065,Entire home/apt,False,False,3.0,False,0,1,8.0,86.0,1,0.8509550858220751,0.5894666156896641,409.6922962766363,13.525699034828314,806.462191761217,36.06799861836127,-9.13,38.711,São Miguel
2350,86.77298311444652,Private room,False,True,2.0,False,0,1,10.0,90.0,1,1.164838550432009,0.3037749895410113,200.8923414644273,6.63231740929555,483.4303758021451,21.62081037974849,-9.132,38.721,Anjos
1531,164.8686679174484,Private room,False,True,2.0,False,0,1,7.0,80.0,1,0.7434450215872896,0.6402500721102032,263.67874925155616,8.705165893205729,825.1773183001823,36.905008914746894,-9.148,38.711,
21,356.7073170731707,Entire home/apt,False,False,5.0,True,0,0,10.0,100.0,3,3.941231656083632,0.1707763139159194,81.35818686741781,2.685982527835902,201.9721591048851,9.032948636604347,-9.14681,38.747440000000005,
2405,164.39962476547842,Entire home/apt,False,False,3.0,False,0,1,9.0,89.0,0,1.3898415547347722,0.1702884307551217,221.91756250497,7.326450090138291,459.8181627729921,20.564784101502205,-9.124,38.715,São Vicente de Fora
2482,303.70544090056285,Entire home/apt,False,False,4.0,False,0,0,10.0,96.0,2,1.0602083608632775,0.2573140793093312,220.48410855572857,7.279125630113213,533.8142304599688,23.874164372968508,-9.13312,38.72045,Anjos
1632,251.8761726078799,Entire home/apt,False,False,2.0,False,0,0,9.0,89.0,1,1.2707968306830957,0.4141257570339999,168.5240814250432,5.563702383939661,528.9137417487433,23.654996231087267,-9.153,38.717,Mercês
1918,159.00562851782362,Private room,False,True,2.0,False,0,1,9.0,92.0,1,0.2078947657238032,0.1807419305350927,456.7815662911956,15.080317707854643,1234.2335580188171,55.1995303935321,-9.138,38.711,
1111,283.30206378986867,Entire home/apt,False,False,3.0,True,0,1,10.0,90.0,1,0.4687103803385258,0.4576062361687747,375.2377119449443,12.388205500593283,1597.9823189480692,71.46773235099158,-9.145,38.712,
809,458.7242026266416,Entire home/apt,False,False,2.0,False,0,1,10.0,100.0,1,0.2988189282470235,0.184472584878161,526.0380632648186,17.366771572828483,1144.493766646639,51.18603204941865,-9.138,38.71,
1960,240.38461538461536,Entire home/apt,False,False,4.0,False,0,0,9.0,84.0,1,0.8504527325595731,0.6853644084836776,230.540858989865,7.611142074837038,717.7435699781518,32.100170788880135,-9.14923,38.7109,Santa Catarina
2403,292.21388367729827,Entire home/apt,False,False,6.0,False,0,1,9.0,93.0,2,0.7720835942807608,0.2357792351447315,290.41865971165805,9.587964970436564,624.8267057727727,27.94458189206752,-9.133,38.717,Socorro
1335,347.3264540337711,Entire home/apt,False,False,4.0,False,0,0,10.0,100.0,2,2.517542617603001,0.4850331729530012,105.51375544150385,3.483461400437483,266.3020549124228,11.910021631233452,-9.12892,38.73345,
576,386.7260787992496,Entire home/apt,False,False,5.0,False,1,0,9.0,85.0,2,3.7642683936170576,0.4409162504697733,89.69814145952637,2.961320181978235,205.7206504559384,9.200595157733211,-9.168,38.738,Sete Rios
66,228.89305816135084,Entire home/apt,False,False,4.0,False,0,0,9.0,93.0,0,0.6871591686578268,0.3259850492425322,411.92034088781975,13.599256338982968,927.6782005781424,41.489230863588006,-9.133,38.709,Sé
586,240.38461538461536,Entire home/apt,False,False,2.0,False,0,1,9.0,93.0,0,0.274632756195961,0.2654481845107671,459.95167626532,15.184976628237084,1178.3809110877053,52.70159160244786,-9.137,38.711,São Cristóvão e São Lourenço
782,233.3489681050657,Private room,False,True,2.0,False,0,1,10.0,100.0,1,0.3211880832060172,0.3308341721538793,452.46239203046406,14.937723249377974,1588.0555579303762,71.0237705554745,-9.1433,38.71204,
1971,164.8686679174484,Private room,False,True,2.0,False,0,1,8.0,64.0,1,0.939197318980032,0.6514250948424967,208.50768611190824,6.883732582791434,662.5081886940907,29.629838420926983,-9.15,38.71,Santa Catarina
395,217.1669793621013,Entire home/apt,False,False,3.0,False,0,1,10.0,80.0,1,0.8565236646899338,0.5717819307701657,351.88544736754244,11.61724713665484,710.8590791086381,31.79227066695692,-9.13,38.714,São Vicente de Fora
2079,251.8761726078799,Entire home/apt,False,False,4.0,False,0,1,6.0,60.0,1,0.939193443772244,0.6514263102163063,208.508500118158,6.883759456627351,662.5113347133591,29.629979122648383,-9.15,38.71,Santa Catarina
797,210.1313320825516,Entire home/apt,False,False,2.0,False,1,0,8.0,78.0,1,0.6965932379444788,0.4863012207381882,273.6217061595894,9.033425525804525,863.3230573189588,38.61102870870764,-9.14698,38.71487,
2394,292.21388367729827,Entire home/apt,False,False,4.0,False,0,1,10.0,91.0,2,0.772075640193271,0.2357840063424296,290.4233112862213,9.588118538854012,624.8304392175993,27.94474886565193,-9.133,38.717,Socorro
2187,129.9249530956848,Private room,False,True,2.0,False,1,0,8.0,79.0,1,1.5997625075466948,0.2333894120304676,145.4635477433793,4.802375307508386,476.3590578951996,21.304554655545587,-9.14795,38.72523,Coração de Jesus
337,124.29643527204502,Private room,False,True,2.0,False,1,0,9.0,95.0,1,0.5778983924748693,0.5585842872427396,658.1106220797047,21.727052929165243,1016.0600274821808,45.44199596929175,-9.133,38.712,Santiago
2479,303.70544090056285,Entire home/apt,False,False,4.0,True,0,1,10.0,93.0,1,0.7720743348431695,0.2357865459389928,290.424527183842,9.588158680846975,624.8310864350123,27.9447778116298,-9.133,38.717,Socorro
525,154.08067542213882,Private room,False,True,2.0,False,0,1,9.0,90.0,1,0.8509595445051277,0.5894661987246805,409.6900500425219,13.525624877010682,806.4618520537533,36.06798342537584,-9.13,38.711,São Miguel
642,461.3039399624765,Entire home/apt,False,False,6.0,True,0,1,10.0,99.0,2,0.1475621234247455,0.2178380681057936,512.3152692339262,16.91372331279125,1285.5926137506117,57.49649901785068,-9.138,38.712,
2825,129.6904315196998,Private room,False,True,2.0,False,0,1,10.0,91.0,1,1.6184851600156498,0.1794224162991293,144.55719438047169,4.77245269749764,380.916204427584,17.035994092917655,-9.133,38.726,Anjos
717,496.0131332082551,Entire home/apt,False,False,5.0,False,0,1,10.0,94.0,2,0.2323465830380336,0.2648383502028191,497.1850857590167,16.414211093783905,1146.474974458041,51.27463905584047,-9.137,38.712,São Cristóvão e São Lourenço
466,211.30393996247653,Entire home/apt,False,False,4.0,False,0,1,10.0,93.0,1,0.850959006461377,0.5894555795645796,409.6982001792791,13.525893947964354,806.4633614661947,36.06805093193276,-9.13,38.711,São Miguel
2502,225.84427767354595,Entire home/apt,False,False,3.0,False,0,1,9.0,90.0,1,1.01778769387357,0.4864988813650265,243.01178311724576,8.022860742642386,550.3571619694716,24.61402600185074,-9.13028,38.71789,São Vicente de Fora
779,193.94934333958724,Private room,False,True,2.0,True,0,1,10.0,95.0,1,0.1475745049439117,0.2178415450266294,512.3081383176362,16.913487890674563,1285.5536780175037,57.49475766657309,-9.138,38.712,
2354,292.21388367729827,Entire home/apt,False,False,5.0,False,0,1,10.0,94.0,2,0.7720674107303529,0.2357748525221186,290.42449439356267,9.588157598299285,624.834026069583,27.944909283057378,-9.133,38.717,Socorro
78,147.5140712945591,Private room,False,True,4.0,False,0,1,10.0,100.0,1,6.643087198835867,0.7500937952026916,70.33502737875584,2.32206077726464,108.8019723539661,4.866030210254117,-9.11247,38.76833,
2484,285.1782363977485,Entire home/apt,False,False,4.0,True,0,1,10.0,95.0,1,1.107202119830622,0.7837000218218597,182.4350314610041,6.022962480321588,584.6625306691558,26.148290104375388,-9.152,38.71,São Bento
917,138.13320825515947,Shared room,True,False,2.0,False,0,1,10.0,92.0,1,1.874780515185501,0.2415186717474324,129.87485460725244,4.287725718971395,383.2232820661524,17.139175214029624,-9.15766,38.72164,Amoreiras
2065,182.2232645403377,Entire home/apt,False,False,2.0,False,0,0,9.0,80.0,1,1.612504691230627,0.7471084305179488,141.51420595107064,4.671990604271576,412.71751995190925,18.45826759328908,-9.15812,38.71351,Lapa
668,298.54596622889306,Entire home/apt,False,False,6.0,True,0,0,9.0,96.0,2,0.4621461745161297,0.353199974922115,341.2685300067358,11.26673718026808,1115.8939994069556,49.90694373526768,-9.144,38.71,Encarnação
585,240.38461538461536,Entire home/apt,False,False,2.0,False,0,1,9.0,92.0,0,0.2746403709083878,0.2654571451052462,459.9515292583795,15.184971774907762,1178.3717369460046,52.70118130059669,-9.137,38.711,São Cristóvão e São Lourenço
2403,292.21388367729827,Entire home/apt,False,False,6.0,False,0,1,9.0,93.0,2,0.7720835942807608,0.2357792351447315,290.41865971165805,9.587964970436564,624.8267057727727,27.94458189206752,-9.133,38.717,Socorro
896,221.85741088180112,Entire home/apt,False,False,3.0,False,0,1,9.0,86.0,1,0.4910387137151833,0.4375023326860248,340.3740612382684,11.237206931668595,1365.6421279000135,61.076612004221154,-9.145,38.711,
2122,112.5703564727955,Private room,False,True,2.0,True,0,1,10.0,95.0,1,2.28977306890632,0.3950497262234615,112.8163559600615,3.724551549515848,328.778385554318,14.704196274871748,-9.139,38.733,Saldanha
1736,327.6266416510319,Entire home/apt,False,False,4.0,True,1,0,10.0,99.0,2,0.6131607307648207,0.4721249839753065,288.76220486681154,9.533278294851506,980.5695401978104,43.85472894125896,-9.146,38.71,Encarnação
959,217.1669793621013,Private room,False,True,2.0,False,0,1,9.0,80.0,1,0.2365540445318524,0.2064489251182107,444.7810411088674,14.68412892580723,1424.7851686823751,63.72170948680159,-9.14212,38.71323,Encarnação
82,149.390243902439,Private room,False,True,2.0,False,1,0,9.0,94.0,1,1.0616247665668814,0.3927810086121027,919.2066918843713,30.34695350198408,685.277329894998,30.648159380998425,-9.12754,38.71103,Alfama
9,275.3283302063789,Entire home/apt,False,False,4.0,True,1,0,10.0,95.0,1,0.898020900101524,0.543717360397582,335.06585896361696,11.061960418528288,679.5973845951125,30.3941310318439,-9.12958,38.71424,São Vicente de Fora
712,253.0487804878049,Entire home/apt,False,False,5.0,False,1,0,9.0,84.0,2,3.7642685562418654,0.4409077657329259,89.69873336097099,2.96133972318238,205.72143851670967,9.200630402751644,-9.168,38.738,Sete Rios
668,298.54596622889306,Entire home/apt,False,False,6.0,True,0,0,9.0,96.0,2,0.4621461745161297,0.353199974922115,341.2685300067358,11.26673718026808,1115.8939994069556,49.90694373526768,-9.144,38.71,Encarnação
1582,391.41651031894935,Entire home/apt,False,False,4.0,True,0,1,10.0,93.0,2,0.7961060422085462,0.681144542896849,258.1683152036803,8.523242842271637,730.8433326261184,32.68604105770932,-9.14876,38.71292,Mercês
613,339.1181988742964,Entire home/apt,False,False,2.0,False,0,1,9.0,83.0,1,0.2958709389204892,0.3061377392688711,512.2841111818467,16.912694651918766,1620.162888343718,72.45973018361111,-9.143,38.712,
668,298.54596622889306,Entire home/apt,False,False,6.0,True,0,0,9.0,96.0,2,0.4621461745161297,0.353199974922115,341.2685300067358,11.26673718026808,1115.8939994069556,49.90694373526768,-9.144,38.71,Encarnação
2174,135.78799249530957,Private room,False,True,2.0,False,0,1,10.0,100.0,1,2.289789113463081,0.3950362197895966,112.81583785261776,3.724534444568024,328.77314925577406,14.703962088061036,-9.139,38.733,Saldanha
1542,164.8686679174484,Private room,False,True,2.0,False,0,1,9.0,76.0,1,0.9392074804777386,0.6514179766257315,208.5054751327285,6.883659588890331,662.499047100372,29.62942957474301,-9.15,38.71,Santa Catarina
1665,240.38461538461536,Entire home/apt,False,False,6.0,False,1,0,8.0,85.0,2,0.7434345296370521,0.6402457026211859,263.68258030667783,8.705292372758876,825.1843152924686,36.90532184635199,-9.148,38.711,
1939,434.5684803001876,Entire home/apt,False,False,6.0,False,0,1,10.0,94.0,2,0.2390738262086513,0.1952215397282256,709.4788117109243,23.42293708229738,1152.3457078794645,51.53720016173713,-9.137,38.713,São Cristóvão e São Lourenço
883,344.9812382739212,Entire home/apt,False,False,6.0,True,0,1,10.0,95.0,2,0.4686835617685979,0.457583569547658,375.23964166257247,12.388269208844813,1599.943678477846,71.55545166819306,-9.145,38.712,
796,227.72045028142588,Entire home/apt,False,False,4.0,False,0,1,10.0,94.0,1,2.732629384649048,1.0923002584337116,104.80524924403925,3.460070573521015,258.5968702495931,11.565417020363553,-9.16592,38.72587,
1412,129.9249530956848,Private room,False,True,2.0,False,0,1,10.0,100.0,9,2.3697769122514925,0.0290535459815685,109.60859918125855,3.618649746720604,304.39340561440645,13.613608976711204,-9.13427,38.73331,
1897,461.3039399624765,Entire home/apt,False,False,6.0,True,0,1,10.0,99.0,2,0.147559756329967,0.2178318108020306,512.3309169402598,16.914239910658427,1285.5967541249406,57.49668419084093,-9.138,38.712,
2358,187.61726078799248,Entire home/apt,False,False,3.0,False,0,1,9.0,90.0,0,0.4268971901684231,0.2187795658591039,350.3172198296271,11.56547322269857,925.9303845463568,41.41106200847786,-9.138,38.716,Pena
1218,228.89305816135084,Entire home/apt,False,False,6.0,False,0,0,10.0,92.0,3,2.477789366953437,0.5081490012365933,106.7267805498975,3.523508559456416,269.18419286428355,12.038921595456967,-9.12869,38.73299,
1968,306.0506566604128,Entire home/apt,False,False,3.0,True,1,0,10.0,97.0,1,1.690943822683075,1.0359653182341415,136.39481969520895,4.502977717358353,410.00885864855206,18.337126152133926,-9.159,38.711,Lapa
604,164.8686679174484,Private room,False,True,2.0,False,0,1,7.0,76.0,1,0.7434629817134435,0.6402487798537243,263.6714104520875,8.704923607974123,825.1623582045843,36.90433984344651,-9.148,38.711,
812,89.35272045028142,Private room,False,True,2.0,False,0,1,10.0,93.0,1,2.6512093933802023,1.0125423853962885,105.92994068084398,3.497201459357828,267.63689597478003,11.96972070464902,-9.165,38.72563,
2606,216.69793621013133,Entire home/apt,False,False,2.0,False,0,1,10.0,90.0,1,0.8565448297383875,0.5717533074884786,351.8813798448924,11.61711285029485,710.8370697885865,31.791286328034,-9.13,38.714,São Vicente de Fora
1889,251.8761726078799,Entire home/apt,False,False,2.0,False,0,1,10.0,94.0,0,0.2746438940550337,0.2654667456740436,459.951812814893,15.184981136323872,1178.3769364113402,52.70141384008888,-9.137,38.711,São Cristóvão e São Lourenço
729,461.3039399624765,Entire home/apt,False,False,6.0,True,0,1,9.0,90.0,3,0.2746498867263499,0.2654490316638472,459.9501027825702,15.184924680826054,1178.3270640682415,52.69918336280135,-9.137,38.711,São Cristóvão e São Lourenço
1434,105.53470919324576,Private room,False,True,2.0,False,0,0,9.0,92.0,1,2.823497026078432,0.4598917820031483,97.74868841450493,3.2271032493397662,238.14747904707664,10.650843936623652,-9.12758,38.736,
1242,400.562851782364,Entire home/apt,False,False,6.0,False,0,1,9.0,83.0,3,1.8705973835667344,0.3161634792265176,129.75139082580446,4.283649650261429,338.6227013174308,15.144470810950423,-9.13216,38.72818,
598,414.3996247654784,Entire home/apt,False,False,4.0,False,1,0,9.0,90.0,2,0.4542914088052494,0.3828896771488132,345.0156139725029,11.390444485579415,1612.942241077583,72.13679589322625,-9.1444,38.7107,
1276,282.1294559099437,Entire home/apt,False,False,4.0,True,0,1,10.0,97.0,2,0.217544995605917,0.2282057846178049,456.5258946485091,15.071876890875306,1353.1497490187776,60.51790620395981,-9.142,38.713,Sacramento
153,188.08630393996248,Private room,False,True,2.0,True,0,1,9.0,80.0,1,6.136420335861288,0.5033993055341315,71.1095339394361,2.3476305591118134,115.87755665821297,5.1824767436648695,-9.11484,38.76415,
1314,257.7392120075047,Entire home/apt,False,False,3.0,False,0,1,4.0,40.0,1,0.5137183487568413,0.4166061193768648,316.4268936059615,10.446608267561771,1084.038410706667,48.482242935940825,-9.14475,38.71006,
1542,164.8686679174484,Private room,False,True,2.0,False,0,1,9.0,76.0,1,0.9392074804777386,0.6514179766257315,208.5054751327285,6.883659588890331,662.499047100372,29.62942957474301,-9.15,38.71,Santa Catarina
254,228.65853658536585,Entire home/apt,False,False,4.0,False,0,1,10.0,93.0,1,0.8509585924928871,0.5894527290153246,409.7005424140299,13.525971275174545,806.4637896498696,36.06807008190452,-9.13,38.711,São Miguel
227,223.03001876172607,Entire home/apt,False,False,2.0,False,0,1,10.0,100.0,1,0.9250981774268804,0.4764100928132611,421.289426380874,13.908570016009156,760.1182657861289,33.995325311273575,-9.129,38.712,Alfama
1223,468.1050656660413,Entire home/apt,False,False,4.0,True,0,1,10.0,97.0,1,0.3011954127534111,0.2624221358395984,532.5125374625821,17.580521721912522,1366.7195345420844,61.12479764971651,-9.143,38.713,
620,249.53095684803,Entire home/apt,False,False,4.0,False,0,1,9.0,84.0,1,3.3105326660890064,0.1005672902247903,100.56914770226332,3.32021870162654,239.90067846666,10.72925355692482,-9.16057,38.73729,
752,321.5290806754221,Entire home/apt,False,False,4.0,False,1,0,10.0,100.0,1,0.6684302509599731,0.4799807357836063,294.3587873081593,9.718045473568877,872.5743235085037,39.02477985482633,-9.14686,38.71442,
1544,164.8686679174484,Private room,False,True,2.0,False,0,1,8.0,78.0,1,0.7434382532014664,0.6402536345112734,263.68178909809967,8.705266251571832,825.1840112962418,36.90530825050634,-9.148,38.711,
263,124.29643527204502,Private room,False,True,2.0,False,0,1,10.0,92.0,1,4.059979478804389,3.147777105486663,97.28218476640038,3.211701964033071,179.2232349688125,8.015531859114532,-9.18474,38.70292,Santo Amaro
1650,255.62851782363973,Entire home/apt,False,False,2.0,False,0,1,10.0,100.0,1,1.0215344581911383,0.7701265172510722,195.27000627749456,6.446700022045413,617.5887636034297,27.620874109073355,-9.15116,38.7106,São Bento
1649,246.24765478424013,Entire home/apt,False,False,4.0,False,0,1,10.0,60.0,1,1.1051848485164308,0.6294228715112422,185.43958320178584,6.122155613679759,819.0768517513666,36.6321732861187,-9.15178,38.7153,Mercês
2174,135.78799249530957,Private room,False,True,2.0,False,0,1,10.0,100.0,1,2.289789113463081,0.3950362197895966,112.81583785261776,3.724534444568024,328.77314925577406,14.703962088061036,-9.139,38.733,Saldanha
2447,164.39962476547842,Entire home/apt,False,False,2.0,False,0,1,9.0,85.0,1,0.7430914509039181,0.1464053197949148,268.92992828028736,8.8785298245418,650.1587956141046,29.07752747926486,-9.135,38.718,Socorro
70,77.86116322701689,Private room,False,True,2.0,False,0,1,10.0,92.0,1,7.392379677448212,0.4104043099629875,55.86682312089883,1.8444033300910216,96.70755211825964,4.325122605647526,-9.119,38.777,Bairro da Encarnação
1767,164.8686679174484,Private room,False,True,2.0,False,0,1,9.0,76.0,1,2.401978086620949,0.2288023769211407,116.32406791187164,3.840356158468071,359.1754795962025,16.06366775054076,-9.148,38.733,São Sebastião da Pedreira
2831,228.42401500938084,Entire home/apt,False,False,6.0,False,0,1,9.0,91.0,0,0.1380421657508971,0.1952422272968559,526.1284605202927,17.369755973761162,1304.956613164769,58.36252933055574,-9.141,38.713,Sacramento
1177,110.2251407129456,Private room,False,True,2.0,False,0,1,8.0,60.0,1,2.2077185976024767,0.3600439569433356,115.22081310155046,3.803932987569453,302.96335436448743,13.549651748420532,-9.13154,38.73123,
175,126.40712945590994,Private room,False,True,2.0,False,1,0,10.0,93.0,1,8.717172966210171,1.4836135737209972,41.38157008386572,1.3661830296293564,79.35582405451507,3.5490885767458664,-9.155,38.79,
2080,251.8761726078799,Entire home/apt,False,False,4.0,False,0,1,7.0,66.0,1,0.9391913920157552,0.651417462609066,208.5087462607782,6.883767582850448,662.5108457770785,29.6299572555934,-9.15,38.71,Santa Catarina
827,438.0863039399625,Entire home/apt,False,False,4.0,False,0,1,9.0,87.0,2,0.210088215995474,0.0061576282177816,416.1127389174875,13.737665370587518,1251.7980872457704,55.98508168454352,-9.14,38.7105,Chiado
531,232.4108818011257,Entire home/apt,False,False,5.0,False,0,1,9.0,86.0,1,0.8509449811295176,0.5894711187936926,409.6947601237249,13.525780376983128,806.4624725154919,36.068011174740114,-9.13,38.711,São Miguel
2573,147.0450281425891,Private room,False,True,3.0,False,0,1,9.0,90.0,1,1.1648335492481243,0.3037900586771122,200.89423054651155,6.63237977599357,483.430795622948,21.620829155701408,-9.132,38.721,Anjos
87,103.42401500938084,Private room,False,True,2.0,False,1,0,10.0,90.0,1,8.607549249900577,1.450534753015059,41.90766507336536,1.383551680581237,80.48277262767067,3.599489922270537,-9.155,38.789,
69,297.3733583489681,Entire home/apt,False,False,6.0,False,1,0,9.0,91.0,3,6.079665857477487,0.5488131027078825,58.130727131222784,1.9191445067391333,119.99412283141343,5.366584944352037,-9.16096,38.76455,Quinta do Lambert
1070,336.7729831144465,Entire home/apt,False,False,4.0,False,0,1,10.0,94.0,2,0.2561323542226299,0.1807555617137415,440.0331789643247,14.527381642517875,1280.8697284244868,57.28527396209781,-9.142,38.711,Sacramento
2525,147.0450281425891,Private room,False,True,2.0,False,0,1,6.0,90.0,1,1.1811912708774488,0.831507292981657,173.59372985107674,5.73107321186614,572.6694793847607,25.611916097540888,-9.15282,38.70982,Santos-o-Velho
2491,257.2701688555347,Entire home/apt,False,False,4.0,True,0,1,9.0,90.0,1,0.7720590908074029,0.2357657788798569,290.4257370738805,9.588198624503898,624.8376560126011,27.94507162765468,-9.133,38.717,Socorro
613,339.1181988742964,Entire home/apt,False,False,2.0,False,0,1,9.0,83.0,1,0.2958709389204892,0.3061377392688711,512.2841111818467,16.912694651918766,1620.162888343718,72.45973018361111,-9.143,38.712,
1429,143.29268292682926,Private room,False,True,2.0,False,0,0,8.0,85.0,1,1.120441595473077,0.6073042815546412,195.85710640914155,6.46608271426622,649.6597042367482,29.055206250454845,-9.1448,38.72162,Coração de Jesus
173,193.01125703564728,Entire home/apt,False,False,3.0,True,1,0,10.0,98.0,0,3.889207169160892,0.4986353785441771,79.656317796221,2.629796533950023,188.9381431820053,8.45001880666221,-9.13463,38.7472,
2565,181.98874296435272,Entire home/apt,False,False,5.0,False,0,0,9.0,91.0,2,0.9844347452564868,0.1984621972146383,203.03212097138228,6.702960703970594,589.7877247213136,26.37750790761593,-9.137,38.721,Anjos
1509,231.00375234521576,Entire home/apt,False,False,3.0,False,0,1,9.0,93.0,1,0.9391988291272044,0.6514234941882533,208.5073469523089,6.8837213856790935,662.5067068537082,29.62977214749543,-9.15,38.71,Santa Catarina
1297,100.84427767354596,Private room,False,True,2.0,False,0,1,9.0,80.0,1,1.9406865119946028,0.3412582082306939,125.87089560524348,4.155537867500552,337.20710246724593,15.081159947906594,-9.13312,38.7291,Anjos
2557,666.7448405253283,Entire home/apt,False,False,6.0,False,0,1,9.0,85.0,2,2.1228386648357884,0.3488143945598714,117.96078170102788,3.8943910971756623,343.4477263642129,15.360263936156752,-9.13752,38.73143,Saldanha
329,212.4765478424015,Entire home/apt,False,False,3.0,False,0,1,10.0,82.0,1,0.5666898335731857,0.3311649821640476,449.8626698760841,14.851895276155416,754.2991366444479,33.73507214133407,-9.1336,38.71431,São Vicente de Fora
2331,230.0656660412758,Entire home/apt,False,False,6.0,False,0,1,9.0,87.0,2,0.4064005759061135,0.2354780629707176,343.44282944482654,11.338520125855505,975.400139895546,43.62353406955313,-9.139,38.716,Pena
25,241.5572232645403,Entire home/apt,False,False,4.0,True,0,1,10.0,93.0,2,0.925111301171318,0.4763993611317469,421.30013090970255,13.908923418395675,760.1221838789565,33.995500543005626,-9.129,38.712,Alfama
2333,156.66041275797372,Private room,False,True,2.0,False,0,1,10.0,96.0,1,0.1380488940244929,0.1952318549381217,526.0523857242468,17.367244418614032,1304.9014641764268,58.36006286200253,-9.141,38.713,Sacramento
282,252.1106941838649,Entire home/apt,False,False,2.0,True,0,0,10.0,99.0,1,0.6446368207547896,0.6009524927304516,490.2334891801618,16.184709089495193,858.304156703302,38.38656474459313,-9.13229,38.71155,Santiago
1935,394.93433395872415,Entire home/apt,False,False,4.0,False,1,0,10.0,97.0,1,7.834994862109527,0.3908863693791958,73.31542591921115,2.420456509936216,107.22509837626116,4.795506521691626,-9.098,38.775,Quinta das Laranjeiras
2316,189.25891181988743,Entire home/apt,False,False,3.0,False,0,1,9.0,74.0,1,1.347537828615083,0.8405604881711141,158.0438097793602,5.217703688403933,525.3280367626825,23.49463012365617,-9.15403,38.70788,Santos-o-Velho
838,333.25515947467164,Entire home/apt,False,False,5.0,False,1,0,10.0,100.0,2,0.4686830165578544,0.457590318344384,375.2354625737992,12.38813123920882,1600.3644319955542,71.57426933559321,-9.145,38.712,
1135,151.9699812382739,Private room,False,True,2.0,False,0,1,10.0,94.0,1,0.3011971563106213,0.2624477094865919,532.4209616751407,17.577498412587282,1366.7806430745627,61.12753065132218,-9.143,38.713,
2120,145.1688555347092,Private room,False,True,2.0,False,0,1,10.0,93.0,1,1.4721520331466544,0.1672707730244698,152.0298051382645,5.019155613400357,421.4604690271098,18.8492849012128,-9.13644,38.7254,Anjos
2702,284.00562851782365,Entire home/apt,False,False,6.0,False,0,0,10.0,98.0,3,8.586850673058873,0.925085491546025,55.32931316877063,1.8266578222872767,86.92434906089402,3.887581257818676,-9.09767,38.78243,
1066,119.13696060037525,Private room,False,True,2.0,True,1,0,10.0,98.0,1,2.3334867021016032,0.4250585666683926,111.09033074602084,3.66756805779826,285.81217759734176,12.782587121882106,-9.13,38.732,
846,211.30393996247653,Entire home/apt,False,False,4.0,False,0,0,9.0,94.0,1,2.5255797758585783,0.970753234562192,106.33805526133791,3.5106750712310646,277.38639711520176,12.40575477698971,-9.167,38.72,Santo Condestável
1272,440.19699812382737,Private room,False,True,2.0,False,0,1,9.0,80.0,1,1.4407272571263283,0.3193021017676372,158.75566089365026,5.241204945364335,532.1176125510618,23.798285288964944,-9.147,38.724,Coração de Jesus
1072,335.60037523452155,Entire home/apt,False,False,2.0,False,0,1,10.0,96.0,0,0.2561368082989465,0.1807489333097835,440.0271891755909,14.52718389391379,1280.8665339095207,57.28513109146783,-9.142,38.711,Sacramento
1687,295.96622889305814,Entire home/apt,False,False,4.0,True,0,1,9.0,100.0,1,1.086178345610077,0.8538815096250018,186.10617376202143,6.144162625720612,589.6213092256995,26.37006518565425,-9.152,38.711,São Bento
31,139.30581613508443,Private room,False,True,2.0,False,0,1,9.0,91.0,1,0.4108850446511192,0.3532091048519486,459.4183855313075,15.167370414910955,1098.204043272479,49.11578288490746,-9.136,38.71,
1090,124.29643527204502,Private room,False,True,3.0,True,1,0,9.0,96.0,1,2.558320162226182,0.172041694599641,104.34291587567174,3.444806967026265,302.5014191156628,13.528992280330662,-9.134,38.735,
2682,262.8986866791745,Entire home/apt,False,False,4.0,False,0,1,9.0,92.0,2,1.1386767843860814,0.7238025148119529,178.02095509052546,5.877234896360557,597.5327903999165,26.723896146331622,-9.152,38.709,São Bento
2186,129.9249530956848,Private room,False,True,2.0,False,1,0,8.0,82.0,1,1.6853538728453927,0.3739278054984782,139.55231817971867,4.607220278403649,459.4854344859622,20.54990325089385,-9.14687,38.72646,Bairro Camões
2029,379.6904315196998,Private room,False,True,2.0,False,0,1,9.0,100.0,1,0.1380630585419998,0.1952332730919983,525.9838540984545,17.364981895854246,1304.8712373342753,58.35871100482672,-9.141,38.713,Sacramento
2332,304.1744840525328,Entire home/apt,False,False,5.0,False,0,1,9.0,81.0,2,0.8313525234089388,0.4660096637951835,382.53126337417615,12.628996900439915,660.6255243566827,29.54563864638805,-9.13076,38.71517,São Vicente de Fora
1292,230.0656660412758,Entire home/apt,False,False,2.0,False,0,1,10.0,98.0,1,1.6782913399322137,0.26352297630275,140.54334782312492,4.639938415437535,460.2300482170101,20.583205155554747,-9.148,38.726,Coração de Jesus
79,304.40900562851783,Entire home/apt,False,False,6.0,False,1,0,8.0,87.0,2,0.6742209711525936,0.5582761669917758,529.2881965486744,17.474072405721934,790.3679970212405,35.3482061723231,-9.13189,38.71275,Santiago
379,267.1200750469043,Entire home/apt,False,False,4.0,False,0,1,10.0,100.0,1,3.667336187180414,2.693601043627133,99.60076747838345,3.2882483190283898,207.3745089714952,9.27456188210475,-9.18097,38.70581,Santo Amaro
326,143.99624765478424,Private room,False,True,2.0,False,0,1,10.0,95.0,1,1.0271606661326995,0.4049548741241008,308.71777859139564,10.192097332258545,673.4797936925547,30.120529538214942,-9.128,38.714,São Vicente de Fora
2846,294.3245778611632,Entire home/apt,False,False,4.0,False,0,0,9.0,93.0,2,1.624614814391692,0.6908960561624059,160.99430228894212,5.315112094790402,355.2586701874852,15.88849341777572,-9.12355,38.71983,Santa Engrácia
1935,394.93433395872415,Entire home/apt,False,False,4.0,False,1,0,10.0,97.0,1,7.834994862109527,0.3908863693791958,73.31542591921115,2.420456509936216,107.22509837626116,4.795506521691626,-9.098,38.775,Quinta das Laranjeiras
2234,299.484052532833,Entire home/apt,False,False,4.0,False,0,1,10.0,87.0,1,1.678298120861076,0.263528370498048,140.5429524332546,4.639925361922895,460.2300627602396,20.58320580598224,-9.148,38.726,Coração de Jesus
632,287.0544090056285,Entire home/apt,False,False,5.0,False,0,1,9.0,94.0,2,0.7026880033490047,0.6483476034397577,282.65650677842564,9.331703026066682,859.7194955819531,38.44986398073985,-9.14758,38.71123,Santa Catarina
2500,297.8424015009381,Entire home/apt,False,False,6.0,True,1,0,10.0,98.0,1,0.7720735949787895,0.2357819506735503,290.4236618005885,9.588130110835914,624.8313349219364,27.944788924892304,-9.133,38.717,Socorro
1873,116.08818011257036,Private room,False,True,2.0,False,0,0,10.0,100.0,1,3.2587668983105407,0.2179834273464456,101.50046051368338,3.3509653300328552,277.0453527967236,12.3905020024228,-9.14893,38.74082,
134,212.4765478424015,Entire home/apt,False,False,2.0,False,0,1,8.0,92.0,1,0.8509664056120564,0.5894526069262604,409.696156950853,13.525826492234764,806.4631154669078,36.06803992992668,-9.13,38.711,São Miguel
1609,216.93245778611632,Entire home/apt,False,False,3.0,False,0,1,9.0,87.0,1,0.8560947874188617,0.5934096726315463,226.61695949932832,7.481597331051866,730.7977542755427,32.684002623790924,-9.149,38.71,Santa Catarina
561,124.29643527204502,Private room,False,True,2.0,True,0,1,10.0,96.0,1,0.4910304281408648,0.437506433076095,340.3813113246574,11.23744628810113,1365.5693208383343,61.07335580073525,-9.145,38.711,
351,238.03939962476545,Entire home/apt,False,False,4.0,False,0,0,8.0,80.0,1,0.4412619079504403,0.3166141640811746,477.9050666787393,15.77769501126158,860.7795382992421,38.49727304672357,-9.135,38.714,São Cristóvão e São Lourenço
1542,164.8686679174484,Private room,False,True,2.0,False,0,1,9.0,76.0,1,0.9392074804777386,0.6514179766257315,208.5054751327285,6.883659588890331,662.499047100372,29.62942957474301,-9.15,38.71,Santa Catarina
2265,170.73170731707316,Entire home/apt,False,False,3.0,False,1,0,8.0,40.0,1,1.3062363294784605,0.9309151559021288,161.3975763483322,5.328425900310877,525.6072963210954,23.507119653196305,-9.15425,38.70966,Santos-o-Velho
1958,251.8761726078799,Entire home/apt,False,False,4.0,False,0,1,8.0,90.0,1,0.9392011463651974,0.6514354491466047,208.5071071870872,6.883713470001261,662.5077052578919,29.62981679985618,-9.15,38.71,Santa Catarina
873,82.3170731707317,Private room,False,True,2.0,False,0,1,9.0,80.0,1,1.5957341444735782,0.2298071027089079,143.03013233836353,4.722037833032825,430.6181601167998,19.25885101968016,-9.15652,38.718,Amoreiras
1058,275.093808630394,Entire home/apt,False,False,4.0,False,1,0,10.0,94.0,0,0.8829990970362933,0.5630113110312254,211.4053791985617,6.979397853877986,730.8503870313542,32.686356557035765,-9.14256,38.71999,São José
650,151.9699812382739,Private room,False,True,2.0,False,0,1,9.0,86.0,1,0.2979044361984775,0.2639035122879637,544.3476395958173,17.97124917994728,1374.1572181819706,61.457438616630746,-9.14297,38.71297,
1272,440.19699812382737,Private room,False,True,2.0,False,0,1,9.0,80.0,1,1.4407272571263283,0.3193021017676372,158.75566089365026,5.241204945364335,532.1176125510618,23.798285288964944,-9.147,38.724,Coração de Jesus
1072,335.60037523452155,Entire home/apt,False,False,2.0,False,0,1,10.0,96.0,0,0.2561368082989465,0.1807489333097835,440.0271891755909,14.52718389391379,1280.8665339095207,57.28513109146783,-9.142,38.711,Sacramento
788,299.718574108818,Entire home/apt,False,False,4.0,False,0,1,9.0,96.0,2,0.4687032833582575,0.4576001493200247,375.2382742250125,12.388224063868806,1598.4947789145033,71.49065147299152,-9.145,38.712,
1531,164.8686679174484,Private room,False,True,2.0,False,0,1,7.0,80.0,1,0.7434450215872896,0.6402500721102032,263.67874925155616,8.705165893205729,825.1773183001823,36.905008914746894,-9.148,38.711,
1838,298.54596622889306,Entire home/apt,False,False,4.0,False,0,1,10.0,100.0,2,2.4161030912204446,1.4964964506289826,110.25798212052692,3.640088661424935,277.51150516254376,12.411350075721348,-9.16724,38.7099,Lapa
2408,126.17260787992494,Private room,False,True,4.0,False,0,1,9.0,89.0,1,1.1648512737269887,0.3037900950830753,200.89061624210103,6.632260452310598,483.42462764952046,21.62055330091325,-9.132,38.721,Anjos
604,164.8686679174484,Private room,False,True,2.0,False,0,1,7.0,76.0,1,0.7434629817134435,0.6402487798537243,263.6714104520875,8.704923607974123,825.1623582045843,36.90433984344651,-9.148,38.711,
695,98.73358348968104,Shared room,True,False,6.0,True,1,0,9.0,93.0,1,1.857562650407104,0.3945556605442396,131.38627470410424,4.337624175766893,498.8325958955653,22.30965513741279,-9.155,38.724,Rato
1121,298.54596622889306,Entire home/apt,False,False,2.0,True,1,0,10.0,98.0,1,0.4092668460816334,0.3512547137780449,367.9978092707957,12.149185276142047,1480.0131716406568,66.19171186849285,-9.144,38.711,
2354,292.21388367729827,Entire home/apt,False,False,5.0,False,0,1,10.0,94.0,2,0.7720674107303529,0.2357748525221186,290.42449439356267,9.588157598299285,624.834026069583,27.944909283057378,-9.133,38.717,Socorro
774,135.78799249530957,Private room,False,True,2.0,False,0,1,9.0,84.0,1,0.2079162739060798,0.180737720727513,456.7814196834926,15.080312867705867,1234.1379441135516,55.19525418289477,-9.138,38.711,
2350,86.77298311444652,Private room,False,True,2.0,False,0,1,10.0,90.0,1,1.164838550432009,0.3037749895410113,200.8923414644273,6.63231740929555,483.4303758021451,21.62081037974849,-9.132,38.721,Anjos
2252,192.7767354596623,Entire home/apt,False,False,2.0,True,0,1,9.0,90.0,1,1.0524173668545724,0.2185862228037861,191.6479467012872,6.3271203078080775,547.3747557193129,24.480641665165106,-9.13767,38.72173,Pena
2451,93.80863039399624,Shared room,True,False,6.0,False,1,0,9.0,78.0,1,0.6431066716851965,0.2151124175426057,343.01773486332087,11.324485931356271,696.252399595662,31.13900545269768,-9.13362,38.71575,Mouraria
338,165.10318949343338,Private room,False,True,2.0,False,1,0,10.0,95.0,1,0.5779138760948949,0.5585997305354902,658.084963674304,21.7262058352064,1016.2113738436057,45.44876474334034,-9.133,38.712,Santiago
1697,206.3789868667917,Entire home/apt,False,False,4.0,True,0,1,10.0,96.0,1,1.1386798897932089,0.7238065326389901,178.02060012668102,5.877223177482336,597.5372979355716,26.72409774014649,-9.152,38.709,São Bento
134,212.4765478424015,Entire home/apt,False,False,2.0,False,0,1,8.0,92.0,1,0.8509664056120564,0.5894526069262604,409.696156950853,13.525826492234764,806.4631154669078,36.06803992992668,-9.13,38.711,São Miguel
1609,216.93245778611632,Entire home/apt,False,False,3.0,False,0,1,9.0,87.0,1,0.8560947874188617,0.5934096726315463,226.61695949932832,7.481597331051866,730.7977542755427,32.684002623790924,-9.149,38.71,Santa Catarina
689,283.5365853658536,Entire home/apt,False,False,4.0,False,0,1,10.0,100.0,2,3.724730365268712,0.4474177236149759,92.22563817794206,3.044763683932012,210.7514157143751,9.425589752947072,-9.162,38.741,
982,138.13320825515947,Private room,False,True,2.0,False,0,1,10.0,92.0,1,0.8581439576278449,0.5324683217935584,219.7477946719556,7.254816752261251,769.339866339523,34.40774969944301,-9.14521,38.71875,São José
2352,126.17260787992494,Private room,False,True,3.0,False,0,1,10.0,92.0,1,1.1648452232036584,0.3037820422158513,200.8913865518811,6.632285883538726,483.4274372625292,21.620678957291386,-9.132,38.721,Anjos
2554,292.21388367729827,Entire home/apt,False,False,6.0,False,0,1,10.0,93.0,2,0.861532131933245,0.3651384237726208,285.30641544619266,9.419187871243752,596.4477485774975,26.675369027079565,-9.1315,38.71681,São Vicente de Fora
611,162.52345215759848,Private room,False,True,2.0,True,0,1,10.0,96.0,1,0.4092860981753793,0.3512732533540275,367.9875559461237,12.14884676993903,1480.097963209627,66.19550406386631,-9.144,38.711,
1358,238.03939962476545,Entire home/apt,False,False,4.0,True,0,1,10.0,100.0,1,4.023573830888452,0.3229630153868486,81.584355848581,2.693449335481612,196.3481791815926,8.781423267932055,-9.15219,38.74727,
2029,379.6904315196998,Private room,False,True,2.0,False,0,1,9.0,100.0,1,0.1380630585419998,0.1952332730919983,525.9838540984545,17.364981895854246,1304.8712373342753,58.35871100482672,-9.141,38.713,Sacramento
2350,86.77298311444652,Private room,False,True,2.0,False,0,1,10.0,90.0,1,1.164838550432009,0.3037749895410113,200.8923414644273,6.63231740929555,483.4303758021451,21.62081037974849,-9.132,38.721,Anjos
513,193.94934333958724,Entire home/apt,False,False,4.0,False,0,1,10.0,91.0,1,0.4297636252084701,0.201450111361823,418.9328426869481,13.83076908569119,851.7944387499849,38.09542586598878,-9.136,38.715,Mouraria
2030,212.4765478424015,Private room,False,True,2.0,False,0,1,10.0,100.0,1,0.1380479875547401,0.195217068800908,525.9989743839311,17.365481081297897,1304.8492138750687,58.35772603354802,-9.141,38.713,Sacramento
2194,127.57973733583488,Private room,False,True,2.0,False,1,0,7.0,85.0,1,1.90352457354612,0.3093120929672815,126.98597993997824,4.192351581712766,355.8051188429142,15.912932640780062,-9.13526,38.72918,Anjos
1588,228.65853658536585,Entire home/apt,False,False,4.0,False,0,1,10.0,90.0,1,0.9391999428050468,0.6514192823581251,208.50703780072635,6.883711179260035,662.5049259559439,29.62969249910179,-9.15,38.71,Santa Catarina
2459,355.7692307692308,Entire home/apt,False,False,4.0,False,0,1,10.0,89.0,2,1.3478830780714226,0.6603224624414015,183.26891126457087,6.0504924274472,416.12807056352574,18.610800143487115,-9.12794,38.72035,São Vicente de Fora
2622,189.9624765478424,Entire home/apt,False,False,4.0,False,0,1,8.0,93.0,0,0.8548679334130946,0.2930959230147458,231.39470733276949,7.639331269050528,680.1725687562712,30.419855413894187,-9.13603,38.71954,Pena
860,198.40525328330205,Private room,False,True,4.0,False,0,1,10.0,100.0,2,0.5172655460452239,0.4402713269748608,457.5921335700248,15.107078008598792,1226.540232337858,54.85545616058456,-9.14556,38.71275,
1201,109.05253283302063,Private room,False,True,2.0,False,1,0,8.0,90.0,1,3.782436316902112,1.6797857537311205,81.92233720873045,2.704607549092924,168.8387764217787,7.551100122136408,-9.106,38.734,
1694,208.95872420262663,Entire home/apt,False,False,4.0,False,0,1,9.0,88.0,0,0.94326638608058,0.7102326684676145,208.92330366500565,6.897453899955258,744.3099590747313,33.28831884469623,-9.15023,38.71056,São Bento
1261,162.52345215759848,Private room,False,True,2.0,False,0,1,10.0,93.0,1,0.5143108051281597,0.412907247401359,315.342173182873,10.410796996241894,1061.444170900342,47.47174421889899,-9.14469,38.70997,
1648,160.88180112570356,Private room,False,True,2.0,False,0,1,9.0,83.0,1,3.634458699732248,0.3223455815709334,83.45584347309517,2.7552351649605544,206.48429480808989,9.23474818278473,-9.136,38.745,
2403,292.21388367729827,Entire home/apt,False,False,6.0,False,0,1,9.0,93.0,2,0.7720835942807608,0.2357792351447315,290.41865971165805,9.587964970436564,624.8267057727727,27.94458189206752,-9.133,38.717,Socorro
534,315.90056285178235,Entire home/apt,False,False,3.0,True,0,0,9.0,96.0,1,0.8509605816482807,0.5894527082182287,409.6994182370856,13.52593416127431,806.4636167310514,36.0680623483297,-9.13,38.711,São Miguel
778,170.73170731707316,Private room,False,True,2.0,True,0,1,9.0,93.0,1,0.1475729436021862,0.2178314528905883,512.3336706346311,16.9143308219146,1285.5528971428866,57.4947227429463,-9.138,38.712,
1071,336.7729831144465,Entire home/apt,False,False,4.0,False,0,1,9.0,93.0,2,0.2561438623720777,0.1807564336698565,440.0283762107621,14.527223083033562,1280.8688889068696,57.28523641573721,-9.142,38.711,Sacramento
1137,333.25515947467164,Entire home/apt,False,False,6.0,False,0,0,10.0,80.0,2,2.5024528837571145,0.5676769119750731,106.11212987269386,3.5032163056186816,264.47125300615033,11.82814133814529,-9.128,38.733,
564,339.1181988742964,Entire home/apt,False,False,2.0,False,0,1,10.0,97.0,1,0.3821612013379656,0.3829254651806218,395.9788999774921,13.072961034203797,1613.642923364425,72.16813301976724,-9.144,38.712,
2384,292.21388367729827,Entire home/apt,False,False,5.0,False,0,1,9.0,93.0,2,0.7720817600661839,0.2357806685632922,290.41981816818105,9.588003216052645,624.827573169073,27.94462068526686,-9.133,38.717,Socorro
2840,292.21388367729827,Entire home/apt,False,False,6.0,False,0,1,10.0,96.0,2,1.60936079222087,0.7151972255537326,161.63101392455974,5.336132675439842,357.14958421464667,15.97306214922506,-9.12391,38.72003,Santa Engrácia
2122,112.5703564727955,Private room,False,True,2.0,True,0,1,10.0,95.0,1,2.28977306890632,0.3950497262234615,112.8163559600615,3.724551549515848,328.778385554318,14.704196274871748,-9.139,38.733,Saldanha
1803,174.01500938086303,Private room,False,True,2.0,False,0,1,9.0,89.0,1,2.473131818905208,0.0920278200602163,111.31714262808616,3.675056090358841,356.743180851956,15.954886274306473,-9.14471,38.7343,Saldanha
1101,193.94934333958724,Private room,False,True,2.0,False,0,1,10.0,85.0,1,1.3791871819036712,0.3510013147994077,167.29120991135537,5.523000010001209,558.4872794045538,24.97763519197937,-9.14687,38.72343,Coração de Jesus
1451,131.09756097560975,Private room,False,True,3.0,False,1,0,9.0,94.0,1,2.558298628583581,0.1720194766823568,104.34348391152652,3.444825720324979,302.49408037871416,13.528664064629009,-9.134,38.735,
1572,290.3377110694184,Entire home/apt,False,False,4.0,False,0,0,9.0,96.0,2,0.9392133031987022,0.6514448112208799,208.5048102373762,6.8836376378443696,662.5008281502517,29.62950922993982,-9.15,38.71,Santa Catarina
1336,189.25891181988743,Entire home/apt,False,False,2.0,False,0,0,10.0,99.0,0,3.126637760922633,0.6668193966858497,92.48692601145412,3.053389915446896,202.1956135185583,9.042942351828655,-9.11846,38.73515,
2079,251.8761726078799,Entire home/apt,False,False,4.0,False,0,1,6.0,60.0,1,0.939193443772244,0.6514263102163063,208.508500118158,6.883759456627351,662.5113347133591,29.629979122648383,-9.15,38.71,Santa Catarina
1067,184.5684803001876,Entire home/apt,False,False,4.0,False,1,0,9.0,92.0,1,1.9528137396776823,0.3462419733055776,125.14349147019804,4.131523138649826,341.4082866123818,15.26905258006003,-9.13363,38.72933,Anjos
297,284.7091932457786,Entire home/apt,False,False,4.0,False,0,1,10.0,95.0,1,2.516343066293326,1.9269280637214488,108.5063707548237,3.5822604611541418,309.5961667704295,13.84629587028682,-9.167,38.705,
725,149.859287054409,Private room,False,True,2.0,True,1,0,10.0,96.0,1,0.4621538960063958,0.3532123240499405,341.2623439322526,11.266532951429932,1115.8933314493215,49.90691386170973,-9.144,38.71,Encarnação
2104,218.57410881801124,Entire home/apt,False,False,3.0,False,0,0,9.0,91.0,1,2.827198736416244,0.4002817047246911,121.81496430005464,4.021634187498525,376.3002049998386,16.829549373396855,-9.15055,38.73637,São Sebastião da Pedreira
1671,397.27954971857406,Entire home/apt,False,False,4.0,False,0,1,9.0,93.0,1,0.8939976582352319,0.6995605756839142,219.7097613936456,7.253561110697072,729.1714894618717,32.611269992736666,-9.14971,38.71078,Santa Catarina
2174,135.78799249530957,Private room,False,True,2.0,False,0,1,10.0,100.0,1,2.289789113463081,0.3950362197895966,112.81583785261776,3.724534444568024,328.77314925577406,14.703962088061036,-9.139,38.733,Saldanha
723,159.00562851782362,Private room,False,True,2.0,False,1,0,9.0,93.0,1,1.6507094975872825,0.3208998001858048,141.3794005397236,4.667540099737522,454.61102368972433,20.33190141068349,-9.1537,38.72236,Rato
944,204.5028142589118,Entire home/apt,False,False,2.0,False,0,1,9.0,88.0,1,0.475176119320603,0.3127955294086819,332.2128863655078,10.967771562483552,992.9803972910912,44.409788782955374,-9.143,38.709,Encarnação
2233,271.8105065666041,Entire home/apt,False,False,4.0,False,0,1,10.0,100.0,1,1.6782815322914442,0.2635356359044053,140.54381646725352,4.639953887389279,460.2352106915902,20.583436040682315,-9.148,38.726,Coração de Jesus
389,197.46716697936208,Entire home/apt,False,False,2.0,True,0,1,10.0,95.0,0,0.9366409562686928,0.5083567624409545,471.3892936772901,15.562581411621537,902.206853807749,40.350057186870416,-9.129,38.711,São Miguel
1533,628.5178236397749,Entire home/apt,False,False,6.0,False,0,0,9.0,91.0,3,3.5407748139543185,0.3835699557066587,88.83541027991744,2.93283772724476,237.4087869736461,10.617806870588726,-9.14357,38.74413,
1127,104.36210131332082,Private room,False,True,2.0,False,1,0,10.0,93.0,1,2.309975444543264,1.167068374103554,116.43335709094224,3.8439642627875967,259.7477304124876,11.616887781410083,-9.12168,38.72772,São João
2358,187.61726078799248,Entire home/apt,False,False,3.0,False,0,1,9.0,90.0,0,0.4268971901684231,0.2187795658591039,350.3172198296271,11.56547322269857,925.9303845463568,41.41106200847786,-9.138,38.716,Pena
1742,100.84427767354596,Private room,False,True,2.0,False,0,1,9.0,85.0,1,3.047464232822501,0.2747422189229085,103.3041097559092,3.410511523691986,299.6510914259744,13.401514989735,-9.14706,38.73921,
1028,437.8517823639775,Entire home/apt,False,False,6.0,False,0,0,10.0,92.0,2,1.305158155287842,0.4505298347464413,171.6153488415314,5.665758373499588,877.5503819350797,39.2473277563748,-9.14581,38.72309,Coração de Jesus
2408,126.17260787992494,Private room,False,True,4.0,False,0,1,9.0,89.0,1,1.1648512737269887,0.3037900950830753,200.89061624210103,6.632260452310598,483.42462764952046,21.62055330091325,-9.132,38.721,Anjos
525,154.08067542213882,Private room,False,True,2.0,False,0,1,9.0,90.0,1,0.8509595445051277,0.5894661987246805,409.6900500425219,13.525624877010682,806.4618520537533,36.06798342537584,-9.13,38.711,São Miguel
2018,305.5816135084428,Entire home/apt,False,False,4.0,False,0,1,9.0,90.0,1,2.187982407673879,1.612080404756154,120.144494978333,3.966484833952309,309.8920371406589,13.859528297316464,-9.16326,38.70559,Santos-o-Velho
2384,292.21388367729827,Entire home/apt,False,False,5.0,False,0,1,9.0,93.0,2,0.7720817600661839,0.2357806685632922,290.41981816818105,9.588003216052645,624.827573169073,27.94462068526686,-9.133,38.717,Socorro
1140,149.859287054409,Private room,False,True,2.0,False,0,1,10.0,91.0,1,0.301188488873776,0.2624395447236646,532.496545728159,17.579993766203277,1366.770827977657,61.12709168356244,-9.143,38.713,
2526,220.2157598499062,Entire home/apt,False,False,4.0,False,0,1,9.0,87.0,1,0.7720817402852755,0.2357800537732048,290.41966831769406,9.587998268845666,624.827570189223,27.944620551996845,-9.133,38.717,Socorro
1657,234.52157598499065,Entire home/apt,False,False,4.0,False,0,1,9.0,90.0,1,0.8246751615195478,0.5921159425955361,235.3672674079204,7.770482507339824,747.0622158970091,33.411410040139,-9.14869,38.71017,Santa Catarina
645,461.3039399624765,Entire home/apt,False,False,5.0,True,0,1,10.0,98.0,2,0.1475614192826874,0.217837758765608,512.3159594119828,16.913746098527668,1285.5947629650589,57.4965951387408,-9.138,38.712,
304,319.65290806754217,Entire home/apt,False,False,4.0,False,0,1,9.0,87.0,1,0.3759121437030481,0.3448712189403929,527.5318281355835,17.4160871549236,1011.2803941882383,45.22823293265676,-9.13532,38.71264,São Cristóvão e São Lourenço
496,377.57973733583486,Entire home/apt,False,False,5.0,False,1,0,9.0,100.0,1,6.240709504880191,0.1262435848584895,59.69426797166093,1.9707636927199923,113.15016083932984,5.060497425065483,-9.12908,38.768,
1397,216.93245778611632,Entire home/apt,False,False,6.0,False,0,1,10.0,88.0,2,1.7820581292229531,0.2797134282250307,134.7655080951809,4.449187156646776,349.1377238867242,15.614741858218077,-9.13198,38.72727,Anjos
894,263.6022514071294,Entire home/apt,False,False,4.0,True,1,0,10.0,94.0,2,0.2958718709867735,0.3061354950252143,512.2860671013891,16.91275922520781,1620.2209385548265,72.46232640567266,-9.143,38.712,
1076,133.44277673545966,Private room,False,True,2.0,False,1,0,8.0,60.0,1,2.348637784688105,0.4544403985678819,110.65787233973803,3.653290751874712,283.49615827529027,12.679006095317892,-9.12962,38.73203,
1587,228.65853658536585,Entire home/apt,False,False,4.0,False,0,1,10.0,93.0,1,0.9392071356800982,0.6514247169778937,208.50567671092728,6.883666243850829,662.5008324659957,29.629509422956,-9.15,38.71,Santa Catarina
896,221.85741088180112,Entire home/apt,False,False,3.0,False,0,1,9.0,86.0,1,0.4910387137151833,0.4375023326860248,340.3740612382684,11.237206931668595,1365.6421279000135,61.076612004221154,-9.145,38.711,
1684,226.54784240150093,Entire home/apt,False,False,4.0,False,1,0,6.0,60.0,1,0.8560911887123298,0.5934013034108369,226.6177892875776,7.481624725919245,730.7985381442469,32.68403768132447,-9.149,38.71,Santa Catarina
1715,257.7392120075047,Entire home/apt,False,False,5.0,True,1,0,10.0,98.0,2,1.056943007061515,0.6491747701469959,188.2992345367874,6.216564963460793,604.4769221297751,27.034463630085924,-9.151,38.709,São Bento
1439,406.6604127579737,Entire home/apt,False,False,4.0,False,0,1,10.0,95.0,1,0.4751534293872694,0.3127735201813988,332.228118370518,10.968274436267942,993.0027005640792,44.41078626855053,-9.143,38.709,Encarnação
943,288.22701688555344,Entire home/apt,False,False,4.0,False,0,1,8.0,86.0,2,0.475148783232351,0.3127681689973861,332.2304653824005,10.968351921191736,993.0059521107268,44.41093168985012,-9.143,38.709,Encarnação
1930,216.93245778611632,Entire home/apt,False,False,4.0,False,1,0,9.0,86.0,2,1.2164441789865978,0.3849626981755876,194.69632220125283,6.427760251327637,462.0787554593568,20.66588624208789,-9.131,38.721,São Vicente de Fora
2466,147.0450281425891,Private room,False,True,2.0,False,0,0,9.0,100.0,1,1.1772908854770003,0.2248036573150125,193.91329416750244,6.401909139123199,487.61767206588047,21.80808189402153,-9.13273,38.7215,Anjos
32,92.87054409005628,Private room,False,True,2.0,False,1,0,10.0,96.0,1,6.803785424102102,0.7642486015836781,51.876739347941225,1.712673559413724,106.25058246012712,4.751922533408266,-9.16756,38.76965,Alto da Faia
1883,126.40712945590994,Private room,False,True,3.0,False,0,1,10.0,92.0,1,1.1648388409079324,0.3037863540845714,200.89293729737,6.632337080295297,483.4292795076196,21.62076134936637,-9.132,38.721,Anjos
37,198.40525328330205,Entire home/apt,False,False,3.0,False,0,0,9.0,88.0,1,0.9746421930699132,0.4189780250054828,363.10453245846026,11.987637231281903,692.9469891986466,30.99117516523894,-9.12843,38.71275,Alfama
1926,113.74296435272043,Private room,False,True,4.0,False,1,0,9.0,88.0,3,7.746266085503224,0.1833534946133664,71.50865012309002,2.360807095329587,103.76481764731204,4.640749855073048,-9.10039,38.77505,Quinta das Laranjeiras
2067,163.69606003752344,Entire home/apt,False,False,2.0,False,0,1,6.0,60.0,0,2.3636924365506267,1.7989765558364803,112.47840028034868,3.71339418372584,297.923940658722,13.3242703623695,-9.16541,38.70561,Santos-o-Velho
879,321.5290806754221,Entire home/apt,False,False,2.0,True,0,1,10.0,99.0,1,0.6927013527757657,0.502982222724211,275.113125345542,9.082663666788122,929.6705705004242,41.57833708126101,-9.147,38.71,
2079,251.8761726078799,Entire home/apt,False,False,4.0,False,0,1,6.0,60.0,1,0.939193443772244,0.6514263102163063,208.508500118158,6.883759456627351,662.5113347133591,29.629979122648383,-9.15,38.71,Santa Catarina
798,626.172607879925,Entire home/apt,False,False,4.0,False,1,0,10.0,100.0,1,0.4207558240682776,0.252677743402196,484.54060346132144,15.996762526739433,1140.245552373726,50.99603605445291,-9.144,38.714,
327,256.5666041275797,Entire home/apt,False,False,4.0,False,0,0,10.0,92.0,2,3.5693839513228025,2.5866699613539423,99.47700110558186,3.284162260480645,206.04509328272133,9.215105451641216,-9.17996,38.70636,Santo Amaro
1509,231.00375234521576,Entire home/apt,False,False,3.0,False,0,1,9.0,93.0,1,0.9391988291272044,0.6514234941882533,208.5073469523089,6.8837213856790935,662.5067068537082,29.62977214749543,-9.15,38.71,Santa Catarina
1722,286.8198874296436,Entire home/apt,False,False,6.0,False,1,0,9.0,93.0,3,0.6131507819099828,0.4721553374902957,288.77124580747625,9.533576775061006,980.6322197492048,43.85753220469299,-9.146,38.71,Encarnação
777,135.78799249530957,Private room,False,True,2.0,False,0,1,9.0,93.0,1,0.2079170000047559,0.1807295382707292,456.7803579887613,15.080277816611344,1234.0698649890735,55.19220943040335,-9.138,38.711,
1624,238.03939962476545,Entire home/apt,False,False,3.0,False,0,1,10.0,100.0,1,1.0873062397507658,0.8200812919110003,185.5723140858142,6.126537629173607,588.3314359562229,26.3123772397386,-9.15193,38.7106,São Bento
2497,179.64352720450282,Entire home/apt,False,False,4.0,False,1,0,10.0,91.0,1,1.1551179079302043,0.2383259943273179,300.5342492740341,9.9219239470246,825.1695472736573,36.90466136544225,-9.12635,38.71269,São Vicente de Fora
1531,164.8686679174484,Private room,False,True,2.0,False,0,1,7.0,80.0,1,0.7434450215872896,0.6402500721102032,263.67874925155616,8.705165893205729,825.1773183001823,36.905008914746894,-9.148,38.711,
1383,406.6604127579737,Entire home/apt,False,False,4.0,True,0,1,10.0,100.0,1,6.469832818765425,0.2221896504861566,121.26279688180892,4.00340477390226,121.62479254486304,5.439514578961762,-9.10138,38.76239,
2347,182.2232645403377,Entire home/apt,False,False,2.0,False,1,0,9.0,88.0,1,0.851945428202029,0.5044244615795226,345.94642712141933,11.421174617984455,666.346993176432,29.80152408230048,-9.1304,38.71495,São Vicente de Fora
411,218.57410881801124,Entire home/apt,False,False,5.0,False,0,1,9.0,88.0,2,3.1950835883894304,2.3653107746998305,102.2710814897154,3.376406832073442,230.4875196909425,10.308261970232412,-9.17515,38.70499,Santo Amaro
1883,126.40712945590994,Private room,False,True,3.0,False,0,1,10.0,92.0,1,1.1648388409079324,0.3037863540845714,200.89293729737,6.632337080295297,483.4292795076196,21.62076134936637,-9.132,38.721,Anjos
517,243.90243902439025,Entire home/apt,False,False,2.0,False,0,1,9.0,90.0,1,0.8509714907995697,0.5894504145022315,409.69486339065134,13.525783786267068,806.4629674437534,36.06803330977885,-9.13,38.711,São Miguel
1809,298.54596622889306,Entire home/apt,False,False,4.0,False,1,0,10.0,90.0,2,1.8886562449583424,0.2885227216154086,127.74687411640993,4.21747196040014,355.18817079595044,15.88534042191002,-9.135,38.729,Anjos
1825,204.2682926829268,Private room,False,True,2.0,False,0,1,9.0,91.0,1,2.333717205430013,0.3223870869709707,112.95445014878818,3.729110630690063,347.8427169210607,15.556824314251983,-9.14227,38.7333,Saldanha
771,240.38461538461536,Entire home/apt,False,False,3.0,True,1,0,10.0,95.0,1,0.4092642921385002,0.3512517870819054,367.9991068872437,12.14922811602383,1479.9987013152884,66.19106470154475,-9.144,38.711,
2260,303.00187617260787,Entire home/apt,False,False,2.0,False,0,1,10.0,97.0,1,1.2959020856315566,0.5465013309788004,163.870000666469,5.410051226238237,488.4737671142117,21.8463696591962,-9.141,38.724,Pena
1331,234.52157598499065,Entire home/apt,False,False,2.0,False,0,1,10.0,75.0,1,2.585492919525098,0.2993486491779392,103.49064624593858,3.4166698929024406,283.36020850542246,12.672925914297814,-9.13144,38.734770000000005,
1693,222.5609756097561,Entire home/apt,False,False,4.0,True,0,1,10.0,96.0,1,1.138684923392659,0.7238051435480645,178.0199900106584,5.877203034936886,597.5375512895076,26.724109071079926,-9.152,38.709,São Bento
1296,100.84427767354596,Private room,False,True,2.0,False,0,1,10.0,94.0,1,2.154451123582027,0.301053754097878,116.93258318873372,3.8604458564383113,320.5807186815039,14.337566021819551,-9.13296,38.73107,
1441,198.40525328330205,Entire home/apt,False,False,3.0,False,1,0,9.0,91.0,1,0.7301532723835921,0.4510419449059384,246.0382628644893,8.122777813498361,884.5922500405327,39.562266375559766,-9.14625,38.71642,São José
1638,246.24765478424013,Entire home/apt,False,False,4.0,True,0,1,10.0,96.0,1,0.8560968786268086,0.5933919945761664,226.6161355554785,7.4815701291331695,730.8003955214821,32.684120750165434,-9.149,38.71,Santa Catarina
558,336.7729831144465,Entire home/apt,False,False,6.0,True,0,1,10.0,98.0,2,0.4720559625546214,0.3844556285866671,400.5493802967312,13.223852183010976,1263.448758340816,56.50614317168079,-9.145,38.713,
676,272.98311444652904,Entire home/apt,False,False,4.0,True,0,1,10.0,94.0,1,1.920386208197587,0.48037877464154,126.60059223231728,4.179628281340956,355.90485196340506,15.917393078093571,-9.1606,38.71781,Amoreiras
1897,461.3039399624765,Entire home/apt,False,False,6.0,True,0,1,10.0,99.0,2,0.147559756329967,0.2178318108020306,512.3309169402598,16.914239910658427,1285.5967541249406,57.49668419084093,-9.138,38.712,
677,205.44090056285177,Entire home/apt,False,False,4.0,True,0,1,9.0,90.0,1,1.91760587805192,0.3788227983145408,126.59923413894326,4.179583444856586,359.4513317517734,16.076004888310695,-9.16,38.719,Amoreiras
2500,297.8424015009381,Entire home/apt,False,False,6.0,True,1,0,10.0,98.0,1,0.7720735949787895,0.2357819506735503,290.4236618005885,9.588130110835914,624.8313349219364,27.944788924892304,-9.133,38.717,Socorro
1791,507.7392120075047,Entire home/apt,False,False,4.0,True,0,1,10.0,97.0,2,2.9686523596483223,0.3700009997031959,106.34327604632114,3.51084743172466,309.39526264345176,13.837310688032424,-9.14752,38.7384,
2728,216.69793621013133,Entire home/apt,False,False,4.0,False,0,0,9.0,91.0,1,1.1231898475991693,0.5225196038237998,190.11568191771795,6.276533678543683,614.188445215097,27.46879918208324,-9.15046,38.71789,São Mamede
2785,344.04315196998124,Entire home/apt,False,False,4.0,False,0,0,10.0,100.0,1,1.4128193073908155,0.3507439890003151,198.5252955030041,6.554171074676169,423.94767036678815,18.960521826389904,-9.12432,38.716640000000005,São Vicente de Fora
89,263.6022514071294,Entire home/apt,False,False,2.0,False,1,0,10.0,96.0,0,1.0445284894487938,0.3853777647292523,803.6857550108072,26.53311214208167,761.9844636227355,34.0787886424501,-9.12768,38.7114,São Vicente de Fora
1475,133.44277673545966,Private room,False,True,2.0,False,0,1,9.0,93.0,1,1.2751140433363433,0.40143531024791,181.9755794943695,6.007794001250497,572.8003259000416,25.61776804197248,-9.14727,38.72218,Coração de Jesus
2423,331.3789868667917,Entire home/apt,False,False,5.0,True,0,0,10.0,96.0,2,1.304961113924055,0.2217039750127583,273.73926126827394,9.03730652389632,487.7939236810316,21.815964523953472,-9.125,38.715,São Vicente de Fora
690,205.44090056285177,Entire home/apt,False,False,4.0,False,1,0,9.0,89.0,1,0.5912549860852162,0.3708140283694711,303.17737183488646,10.009184753720644,1028.2664472879158,45.98791261260879,-9.14565,38.71485,
570,302.0637898686679,Entire home/apt,False,False,2.0,False,0,1,10.0,98.0,1,0.2958727531593618,0.306151232088132,512.258133793161,16.91183702695421,1619.854050912333,72.44591782121856,-9.143,38.712,
1140,149.859287054409,Private room,False,True,2.0,False,0,1,10.0,91.0,1,0.301188488873776,0.2624395447236646,532.496545728159,17.579993766203277,1366.770827977657,61.12709168356244,-9.143,38.713,
1683,242.7298311444653,Entire home/apt,False,False,4.0,False,0,0,9.0,95.0,2,0.8560789293641415,0.5933844583588929,226.62079309352723,7.481723894430839,730.7996068650249,32.68408547850571,-9.149,38.71,Santa Catarina
1051,112.5703564727955,Private room,False,True,2.0,True,1,0,10.0,100.0,1,2.499524035060297,0.1301462547881101,105.8528159211154,3.4946552404083806,296.86653436357176,13.276979207021924,-9.13351,38.73438,
2409,114.44652908067542,Private room,False,True,2.0,False,0,1,9.0,85.0,1,1.1648407466210189,0.3038002227172367,200.89334787445785,6.632350635205098,483.427402228269,21.620677390428533,-9.132,38.721,Anjos
1078,147.2795497185741,Private room,False,True,2.0,False,0,1,8.0,80.0,1,6.942024224525913,1.017749234530132,52.7121435041938,1.7402538319563332,104.16921847676022,4.6588361692323605,-9.20168,38.75176,
952,217.1669793621013,Private room,False,True,2.0,False,0,1,6.0,60.0,1,0.2726208659445487,0.2213255893465189,464.2975905231901,15.328453888652616,1305.545826154818,58.38888113418411,-9.1424,38.71122,Sacramento
2226,142.8236397748593,Private room,False,True,2.0,False,0,1,10.0,95.0,1,1.4407537130435746,0.3192861758229038,158.75279126466066,5.241110206609402,532.113790615162,23.798114357729528,-9.147,38.724,Coração de Jesus
1176,251.8761726078799,Entire home/apt,False,False,4.0,False,0,0,10.0,96.0,2,6.822725999593391,0.4595170848911502,231.0733432491608,7.628721662975437,143.35465966107685,6.411355323799597,-9.097,38.764,Bairro Oriente
2107,147.2795497185741,Private room,False,True,2.0,False,0,1,9.0,95.0,1,2.565228883533049,0.3966486669823109,116.69812182888688,3.852705281823152,347.3923444293597,15.536681975808389,-9.14991,38.73404,São Sebastião da Pedreira
2573,147.0450281425891,Private room,False,True,3.0,False,0,1,9.0,90.0,1,1.1648335492481243,0.3037900586771122,200.89423054651155,6.63237977599357,483.430795622948,21.620829155701408,-9.132,38.721,Anjos
2009,238.03939962476545,Private room,False,True,2.0,True,0,0,10.0,100.0,1,1.7047552231434326,1.1617211367814333,135.64729443475295,4.478298703899354,412.0656145520721,18.42911195115132,-9.158,38.707,Santos-o-Velho
1509,231.00375234521576,Entire home/apt,False,False,3.0,False,0,1,9.0,93.0,1,0.9391988291272044,0.6514234941882533,208.5073469523089,6.8837213856790935,662.5067068537082,29.62977214749543,-9.15,38.71,Santa Catarina
2238,118.19887429643526,Private room,False,True,2.0,False,0,1,9.0,84.0,1,1.363905632168991,0.9052896274757768,156.8750232612351,5.179117034898859,541.9811626934795,24.239420058261352,-9.15454,38.70855,Santos-o-Velho
219,197.46716697936208,Entire home/apt,False,False,2.0,False,0,1,9.0,89.0,0,0.9605146572928834,0.4795972939117593,542.2281525469813,17.90127582630771,870.4012977359431,38.92759403339159,-9.1287,38.71111,Alfama
2299,220.68480300187616,Private room,False,True,2.0,True,0,0,10.0,97.0,2,1.3968590004034551,0.9469999110373354,154.5516201536481,5.102411537979807,552.9134362480771,24.72835212660997,-9.15499,38.70868,Madragoa
539,147.2795497185741,Private room,False,True,2.0,True,0,1,10.0,98.0,1,0.4092669124712694,0.3512406483044217,367.9958791215103,12.149121553639665,1479.9154134909284,66.18733975924165,-9.144,38.711,
1279,177.5328330206379,Private room,False,True,2.0,True,1,0,10.0,100.0,1,0.4621505709558174,0.3532001255785228,341.26715568805275,11.266691808116704,1115.871926452667,49.90595655038422,-9.144,38.71,Encarnação
2654,187.61726078799248,Entire home/apt,False,False,3.0,True,0,1,9.0,94.0,1,0.6338326213173403,0.1724053600938624,333.6321741848853,11.01462833783218,709.7978170200363,31.74480706613787,-9.134,38.716,Socorro
2030,212.4765478424015,Private room,False,True,2.0,False,0,1,10.0,100.0,1,0.1380479875547401,0.195217068800908,525.9989743839311,17.365481081297897,1304.8492138750687,58.35772603354802,-9.141,38.713,Sacramento
717,496.0131332082551,Entire home/apt,False,False,5.0,False,0,1,10.0,94.0,2,0.2323465830380336,0.2648383502028191,497.1850857590167,16.414211093783905,1146.474974458041,51.27463905584047,-9.137,38.712,São Cristóvão e São Lourenço
248,470.68480300187616,Entire home/apt,False,False,6.0,True,1,0,10.0,96.0,3,0.7514285988928002,0.6481790791811899,459.21587622897016,15.160684714691405,835.8425442428527,37.381997617372456,-9.131,38.712,Santiago
996,321.7636022514071,Entire home/apt,False,False,4.0,True,1,0,10.0,97.0,1,0.6653905333393283,0.3340207091501975,261.2550286424218,8.625148485503422,844.214067400749,37.756403372257466,-9.14573,38.70875,Encarnação
1841,347.3264540337711,Entire home/apt,False,False,4.0,False,0,1,10.0,89.0,2,0.700035092998094,0.4380335061239084,415.4223235885903,13.7148718007973,721.9876221729196,32.28998064017997,-9.13192,38.71419,Castelo
1889,251.8761726078799,Entire home/apt,False,False,2.0,False,0,1,10.0,94.0,0,0.2746438940550337,0.2654667456740436,459.951812814893,15.184981136323872,1178.3769364113402,52.70141384008888,-9.137,38.711,São Cristóvão e São Lourenço
1883,126.40712945590994,Private room,False,True,3.0,False,0,1,10.0,92.0,1,1.1648388409079324,0.3037863540845714,200.89293729737,6.632337080295297,483.4292795076196,21.62076134936637,-9.132,38.721,Anjos
1740,129.9249530956848,Private room,False,True,3.0,False,0,1,10.0,95.0,1,2.8021280675510307,0.3455697988565663,123.33327009975132,4.071759970863669,358.4566464183152,16.031518848420188,-9.151,38.736,São Sebastião da Pedreira
1767,164.8686679174484,Private room,False,True,2.0,False,0,1,9.0,76.0,1,2.401978086620949,0.2288023769211407,116.32406791187164,3.840356158468071,359.1754795962025,16.06366775054076,-9.148,38.733,São Sebastião da Pedreira
788,299.718574108818,Entire home/apt,False,False,4.0,False,0,1,9.0,96.0,2,0.4687032833582575,0.4576001493200247,375.2382742250125,12.388224063868806,1598.4947789145033,71.49065147299152,-9.145,38.712,
679,149.859287054409,Private room,False,True,2.0,False,0,1,10.0,96.0,1,0.3012069675097209,0.2624475980877758,532.3653358973138,17.575661967195703,1366.768651080724,61.12699432460826,-9.143,38.713,
2355,292.21388367729827,Entire home/apt,False,False,3.0,False,0,1,9.0,95.0,2,0.7720632882187827,0.2357758108243335,290.4265151868377,9.588224313348356,624.8359316297574,27.94499450681918,-9.133,38.717,Socorro
365,279.7842401500938,Entire home/apt,False,False,5.0,False,0,1,10.0,95.0,3,0.617576751503171,0.6047792500250172,528.9944291208052,17.46437388355858,894.1896828704915,39.991499385596846,-9.13258,38.71169,Santiago
2416,150.56285178236396,Private room,False,True,2.0,False,0,1,9.0,91.0,1,1.141788424393107,0.0206202351398236,188.3698603750012,6.2188966251504185,535.6161445973565,23.95475269723424,-9.135,38.722,Anjos
2816,224.906191369606,Entire home/apt,False,False,4.0,False,1,0,10.0,100.0,1,1.629936716245375,0.617959051374189,149.16189878556807,4.924473730096278,357.30810280838284,15.980151692266595,-9.12848,38.72418,
522,234.52157598499065,Entire home/apt,False,False,2.0,False,1,0,9.0,92.0,1,0.8126167830700662,0.6103440935835125,426.7664918342553,14.08939142658913,827.6358920679645,37.01496550808186,-9.13038,38.71132,Santiago
1333,224.20262664165105,Entire home/apt,False,False,2.0,False,0,1,10.0,80.0,1,2.6184150863709665,0.1644626815454758,102.75207941186596,3.392286635502777,300.92151213356243,13.458332944493618,-9.13295,38.73538,
842,355.0656660412758,Entire home/apt,False,False,6.0,True,0,1,10.0,99.0,3,1.9287266649012125,0.3060130691548735,126.6062269153564,4.179814306383741,363.483210940432,16.256325571030306,-9.15932,38.72038,Amoreiras
2551,105.30018761726078,Private room,False,True,2.0,False,0,1,10.0,93.0,1,1.2570292143560966,0.1124498666417706,173.95567507720557,5.74302257542558,491.1964084886134,21.968136341296635,-9.13499,38.7231,Anjos
1280,159.00562851782362,Private room,False,True,2.0,False,0,1,8.0,90.0,1,1.33657486265682,0.6315125446195359,161.88237242337212,5.344431097049622,502.4772558911611,22.472657932867424,-9.14334,38.72406,Bairro Camões
1735,228.65853658536585,Entire home/apt,False,False,2.0,False,0,1,10.0,83.0,0,0.9391825510833408,0.6514139709303396,208.5104813777185,6.883824866499026,662.5166010702054,29.63021465377855,-9.15,38.71,Santa Catarina
2436,203.33020637898684,Entire home/apt,False,False,3.0,False,0,0,9.0,90.0,1,0.5174321569238503,0.1049204650524965,325.11945594063826,10.733587014901785,782.6804252489987,35.00438927564474,-9.13684,38.71649,Pena
1285,251.8761726078799,Entire home/apt,False,False,4.0,False,1,0,10.0,97.0,1,1.856806141748795,0.3154588307891804,130.5647892360399,4.310503418790247,339.3920211055421,15.178877662676578,-9.132,38.728,
1919,135.78799249530957,Private room,False,True,2.0,False,0,1,10.0,100.0,1,0.2079125648478967,0.1807636060232496,456.784753544813,15.080422932760188,1234.3585090941322,55.20511867188894,-9.138,38.711,
225,244.13696060037523,Entire home/apt,False,False,4.0,True,1,0,10.0,98.0,1,4.397610869491071,0.374369125639121,73.3605218304095,2.421945319289268,174.00830950586518,7.782300932340802,-9.14,38.752,São João de Brito
2538,177.2983114446529,Entire home/apt,False,False,4.0,False,0,1,10.0,80.0,1,1.3717251421824812,0.4084286281348984,201.15222204806744,6.640897181459335,429.41213859520616,19.20491323683189,-9.125,38.717,São Vicente de Fora
1348,327.6266416510319,Entire home/apt,False,False,4.0,False,0,1,7.0,87.0,2,5.9783221632678405,0.8250681124315787,94.09102963188288,3.106348252686285,120.5016689328658,5.38928429997336,-9.09956,38.75616,
1950,208.95872420262663,Entire home/apt,False,False,2.0,False,0,1,9.0,92.0,0,2.4342832631479454,1.8524035050828025,110.53636022646975,3.649279116098083,335.99335340274985,15.026876560503553,-9.166,38.705,Santos-o-Velho
2092,129.9249530956848,Private room,False,True,2.0,False,0,1,10.0,96.0,1,2.802126259397319,0.3455926782876914,123.33196564666687,4.071716905275213,358.4587389579627,16.03161243460177,-9.151,38.736,São Sebastião da Pedreira
1955,176.36022514071294,Private room,False,True,2.0,False,1,0,9.0,92.0,1,1.6852155704421212,0.9496044689894289,137.25122724301804,4.531251401896955,400.7879314666549,17.9247318796506,-9.159,38.71181,Lapa
2674,234.05253283302065,Entire home/apt,False,False,4.0,False,0,1,9.0,90.0,1,1.3898332438995329,0.170294169178954,221.9213132267492,7.326573917543419,459.8204323760416,20.564885606619853,-9.124,38.715,São Vicente de Fora
579,272.98311444652904,Entire home/apt,False,False,3.0,False,0,0,10.0,93.0,0,0.4583723517677636,0.4437504464235909,378.7381308280477,12.503769334082396,1429.127526766414,63.91591594430892,-9.14489,38.71209,
1442,298.54596622889306,Entire home/apt,False,False,2.0,False,0,1,10.0,100.0,1,0.8686733249097025,0.5725841438747449,217.60608817462324,7.184109839372916,768.2418553774651,34.35864255187052,-9.1471,38.71757,São José
893,284.4746716697936,Entire home/apt,False,False,4.0,False,0,1,10.0,100.0,1,0.2597073396420585,0.1853780010042442,469.0116520083933,15.484085267275072,1177.0696001204565,52.64294488269069,-9.13787,38.71048,
228,205.67542213883675,Entire home/apt,False,False,2.0,True,0,1,10.0,95.0,0,0.8382695623806459,0.5621151134593283,438.5140178918824,14.477227622932878,785.2163267914225,35.117804255618815,-9.13,38.712,São Miguel
517,243.90243902439025,Entire home/apt,False,False,2.0,False,0,1,9.0,90.0,1,0.8509714907995697,0.5894504145022315,409.69486339065134,13.525783786267068,806.4629674437534,36.06803330977885,-9.13,38.711,São Miguel
622,159.00562851782362,Entire home/apt,False,False,3.0,False,0,1,9.0,87.0,1,2.1566497477912163,0.8373029214133698,118.24810301485054,3.903876805480104,329.86897177268884,14.7529713602003,-9.164,38.716,Santo Condestável
902,182.4577861163227,Entire home/apt,False,False,2.0,False,1,0,9.0,89.0,1,0.7179413043699607,0.5304604475240107,276.58629384752976,9.13129927445408,818.9185200796137,36.62509210292578,-9.14745,38.71445,
2157,379.6904315196998,Entire home/apt,False,False,6.0,False,0,0,10.0,92.0,2,3.097236995261183,0.2992742991500695,127.7648374997957,4.218065008694021,273.4484054384652,12.229633094154876,-9.15603,38.73715,
2736,324.10881801125703,Private room,False,True,2.0,False,0,1,10.0,80.0,1,0.7839802704268457,0.5747528917905076,247.94137912684457,8.185607839903161,788.420446490672,35.26110444509603,-9.148,38.715,
644,461.3039399624765,Entire home/apt,False,False,5.0,True,0,1,10.0,99.0,2,0.1475749145174646,0.2178475330237882,512.2929241825686,16.912985606853585,1285.5558567183898,57.49485510620679,-9.138,38.712,
2812,338.4146341463414,Entire home/apt,False,False,6.0,False,1,0,10.0,100.0,2,1.4113602664781018,0.3323956945476475,164.42807857988996,5.428475770618295,420.7140336967793,18.81590152783449,-9.13184,38.72353,Anjos
2352,126.17260787992494,Private room,False,True,3.0,False,0,1,10.0,92.0,1,1.1648452232036584,0.3037820422158513,200.8913865518811,6.632285883538726,483.4274372625292,21.620678957291386,-9.132,38.721,Anjos
2517,147.0450281425891,Private room,False,True,2.0,False,0,1,10.0,100.0,1,1.1812638205062769,0.0951408003968133,179.8993825844431,5.939249840679453,512.2613329812503,22.910238370701222,-9.13605,38.722640000000006,Anjos
2235,231.00375234521576,Entire home/apt,False,False,2.0,False,0,1,10.0,100.0,1,1.678299986373833,0.2635341877764864,140.54282179371822,4.639921048951753,460.2311652279922,20.583255112454115,-9.148,38.726,Coração de Jesus
1108,307.6923076923077,Entire home/apt,False,False,4.0,True,0,1,10.0,96.0,2,0.1380565907411478,0.1952292596236249,526.0019068594634,17.365577894886624,1304.8726273513246,58.35877317157616,-9.141,38.713,Sacramento
739,131.33208255159474,Private room,False,True,3.0,True,0,1,10.0,88.0,1,2.448484391849067,0.8086450050938848,112.08695972801569,3.7004710530031,291.95201507725506,13.057183565465966,-9.1632,38.72445,Amoreiras
2817,224.906191369606,Entire home/apt,False,False,4.0,False,1,0,9.0,93.0,1,1.6532564210591167,0.3919123197431747,144.57603479474997,4.77307470034108,362.2713106020974,16.202124865559934,-9.13064,38.7255,Anjos
1111,283.30206378986867,Entire home/apt,False,False,3.0,True,0,1,10.0,90.0,1,0.4687103803385258,0.4576062361687747,375.2377119449443,12.388205500593283,1597.9823189480692,71.46773235099158,-9.145,38.712,
517,243.90243902439025,Entire home/apt,False,False,2.0,False,0,1,9.0,90.0,1,0.8509714907995697,0.5894504145022315,409.69486339065134,13.525783786267068,806.4629674437534,36.06803330977885,-9.13,38.711,São Miguel
1065,126.40712945590994,Private room,False,True,2.0,True,1,0,10.0,95.0,1,2.3334794492733724,0.4250708279989064,111.09059511772246,3.6675767858414816,285.81230631656564,12.782592878686128,-9.13,38.732,
2029,379.6904315196998,Private room,False,True,2.0,False,0,1,9.0,100.0,1,0.1380630585419998,0.1952332730919983,525.9838540984545,17.364981895854246,1304.8712373342753,58.35871100482672,-9.141,38.713,Sacramento
1916,121.71669793621012,Private room,False,True,2.0,True,0,1,10.0,96.0,1,8.349096879306348,0.788312798605676,61.91536723753184,2.0440917012514563,95.51869098259787,4.27195229929401,-9.095,38.779,Quinta das Laranjeiras
2275,269.4652908067542,Entire home/apt,False,False,5.0,False,0,1,8.0,70.0,2,2.1557893534349764,0.4004272991993101,116.9722876719574,3.86175667164108,355.0776279117712,15.88039653162653,-9.13855,38.73178,Saldanha
2390,219.04315196998124,Entire home/apt,False,False,2.0,True,0,1,10.0,97.0,1,1.0988534976613795,0.3070069699791706,383.5320304522695,12.66203651193682,693.3947658374749,31.01120140745536,-9.127,38.712,São Vicente de Fora
193,226.54784240150093,Entire home/apt,False,False,2.0,False,0,1,10.0,94.0,0,0.4412508970829815,0.316613638975217,477.90751549238894,15.777775857098122,860.7947107208247,38.49795161403432,-9.135,38.714,São Cristóvão e São Lourenço
2011,225.375234521576,Entire home/apt,False,False,4.0,False,0,1,9.0,96.0,1,2.008316139411128,1.4582376485177695,123.32123223209224,4.071362549246379,335.6232521602356,15.010324251864624,-9.16197,38.70777,Santos-o-Velho
1621,212.4765478424015,Entire home/apt,False,False,4.0,False,0,1,8.0,85.0,1,0.7590484139462701,0.6267045227900091,256.7402650711921,8.476096785403534,804.096407876727,35.962191934862844,-9.14813,38.71081,Santa Catarina
458,344.9812382739212,Entire home/apt,False,False,4.0,True,0,1,10.0,100.0,2,4.832041527486172,3.8939979061699255,105.89669141151629,3.4961037584390127,154.57515450985724,6.913177723953686,-9.19312,38.70056,Junqueira
2584,216.69793621013133,Entire home/apt,False,False,4.0,True,0,0,10.0,97.0,1,1.2530634498716986,0.2617975284154882,251.35266974194263,8.298229167176048,504.760911148897,22.57479151770536,-9.12561,38.71499,São Vicente de Fora
307,250.93808630394,Entire home/apt,False,False,2.0,False,0,1,10.0,91.0,0,2.51635581058406,1.9269448953917108,108.5060901039645,3.58225119566614,309.5919174398657,13.84610582436716,-9.167,38.705,
998,170.73170731707316,Entire home/apt,False,False,4.0,False,0,1,9.0,92.0,0,2.684617202852164,0.1069616288644463,101.22749773690217,3.341953658590635,282.3262344282286,12.62668273517716,-9.133,38.736,
1561,297.3733583489681,Entire home/apt,False,False,6.0,False,0,0,8.0,84.0,3,1.0159327026248497,0.6875458233935762,198.073513830574,6.539255824899016,644.222072630994,28.812015073922208,-9.15071,38.71528,Mercês
113,201.9230769230769,Entire home/apt,False,False,2.0,True,0,1,10.0,94.0,0,0.8932281289216919,0.5046463543249543,408.7459361462468,13.494455629915556,754.225823157894,33.731793288638,-9.12936,38.71215,São Miguel
1664,154.08067542213882,Entire home/apt,False,False,2.0,False,0,0,9.0,100.0,1,5.567178428673144,4.616026693935781,159.88302389320617,5.2784240309404495,182.8104301089969,8.175964611798705,-9.20105,38.6982,
679,149.859287054409,Private room,False,True,2.0,False,0,1,10.0,96.0,1,0.3012069675097209,0.2624475980877758,532.3653358973138,17.575661967195703,1366.768651080724,61.12699432460826,-9.143,38.713,
2333,156.66041275797372,Private room,False,True,2.0,False,0,1,10.0,96.0,1,0.1380488940244929,0.1952318549381217,526.0523857242468,17.367244418614032,1304.9014641764268,58.36006286200253,-9.141,38.713,Sacramento
1509,231.00375234521576,Entire home/apt,False,False,3.0,False,0,1,9.0,93.0,1,0.9391988291272044,0.6514234941882533,208.5073469523089,6.8837213856790935,662.5067068537082,29.62977214749543,-9.15,38.71,Santa Catarina
1950,208.95872420262663,Entire home/apt,False,False,2.0,False,0,1,9.0,92.0,0,2.4342832631479454,1.8524035050828025,110.53636022646975,3.649279116098083,335.99335340274985,15.026876560503553,-9.166,38.705,Santos-o-Velho
2419,100.60975609756098,Private room,False,True,2.0,False,0,1,8.0,80.0,1,1.1767791422243634,0.0544392182109519,181.7405781304988,6.000035598787535,531.7425328024516,23.78151032295556,-9.13558,38.72249,Anjos
2490,268.76172607879926,Entire home/apt,False,False,4.0,True,0,1,10.0,96.0,1,0.7720566014767365,0.2357623629472432,290.4259282822662,9.588204937112414,624.838728383698,27.945119588091806,-9.133,38.717,Socorro
1278,146.34146341463415,Private room,False,True,2.0,False,1,0,9.0,83.0,2,2.199100579397656,0.4117116809805115,115.68010881376829,3.8190963080123903,300.33795812500125,13.432234231634482,-9.131,38.731,
1587,228.65853658536585,Entire home/apt,False,False,4.0,False,0,1,10.0,93.0,1,0.9392071356800982,0.6514247169778937,208.50567671092728,6.883666243850829,662.5008324659957,29.629509422956,-9.15,38.71,Santa Catarina
2035,228.65853658536585,Entire home/apt,False,False,4.0,False,0,0,9.0,85.0,1,1.7658576463297926,1.1770565424574295,132.44355562011057,4.372529551325904,453.4999755225679,20.282211190649218,-9.15968,38.70983,Santos-o-Velho
3,191.6041275797373,Entire home/apt,False,False,4.0,False,0,1,9.0,89.0,1,0.8509777965987042,0.5894446521743438,409.6955071937196,13.52580504096631,806.46320489882,36.06804392965552,-9.13,38.711,São Miguel
1884,240.38461538461536,Entire home/apt,False,False,4.0,False,1,0,10.0,99.0,1,7.835035013131004,0.3909023242559352,73.31427882068792,2.420418639296398,107.22433085486136,4.795472195270536,-9.098,38.775,Quinta das Laranjeiras
1487,367.9643527204503,Entire home/apt,False,False,4.0,True,1,0,10.0,96.0,1,1.138637089200783,0.6557849710944406,181.0243404195045,5.976389521464759,600.629577973783,26.862396042640025,-9.15237,38.71475,Mercês
2363,100.60975609756098,Private room,False,True,2.0,False,0,1,10.0,97.0,2,0.6140201379969437,0.3219081313878727,409.5915981568675,13.522374558205874,723.3865400962403,32.35254546992771,-9.1332,38.71466,São Vicente de Fora
1180,229.8311444652908,Entire home/apt,False,False,3.0,True,0,1,10.0,97.0,1,0.6866837521523513,0.3614806972746958,257.14958384313417,8.489610152798793,840.8983537325487,37.60811228406354,-9.14616,38.70889,São Paulo
2142,233.3489681050657,Entire home/apt,False,False,4.0,False,0,0,8.0,80.0,1,1.830834448769592,0.2836026279978045,133.148201998988,4.395792949083918,433.8918936144266,19.405264597992392,-9.14832,38.7274,Saldanha
146,111.39774859287054,Private room,False,True,2.0,False,0,1,9.0,90.0,1,4.742768168463259,3.912619853836497,103.95534384853582,3.432011552904494,157.8044755193057,7.057605010064476,-9.191,38.698,Junqueira
1382,484.2870544090056,Entire home/apt,False,False,4.0,False,0,0,10.0,100.0,1,0.6899472619007959,0.3611836370520049,243.65990628656155,8.044258066939998,851.3090309161879,38.0737166163084,-9.143,38.718,São José
4,327.86116322701685,Entire home/apt,False,False,6.0,False,1,0,9.0,93.0,2,0.6670291637732783,0.5303514458359754,537.015471264081,17.72918287059984,775.7183795520643,34.693020612434864,-9.132,38.713,Santiago
725,149.859287054409,Private room,False,True,2.0,True,1,0,10.0,96.0,1,0.4621538960063958,0.3532123240499405,341.2623439322526,11.266532951429932,1115.8933314493215,49.90691386170973,-9.144,38.71,Encarnação
2079,251.8761726078799,Entire home/apt,False,False,4.0,False,0,1,6.0,60.0,1,0.939193443772244,0.6514263102163063,208.508500118158,6.883759456627351,662.5113347133591,29.629979122648383,-9.15,38.71,Santa Catarina
2122,112.5703564727955,Private room,False,True,2.0,True,0,1,10.0,95.0,1,2.28977306890632,0.3950497262234615,112.8163559600615,3.724551549515848,328.778385554318,14.704196274871748,-9.139,38.733,Saldanha
1164,240.38461538461536,Entire home/apt,False,False,2.0,False,0,1,10.0,91.0,1,2.3660737677702293,0.5061995844995908,110.209824581128,3.638498774599901,282.72813044562696,12.64465702479462,-9.129,38.732,
1293,135.78799249530957,Private room,False,True,2.0,False,0,1,10.0,100.0,1,2.662171802594888,0.1581567967523161,101.67530510754231,3.3567376996280265,291.38586990307385,13.031863440643294,-9.13254,38.73571,
342,147.2795497185741,Entire home/apt,False,False,4.0,True,0,0,10.0,96.0,2,5.015593603154234,4.098488959316258,112.78905412986128,3.723650199059068,153.3706808675134,6.859309168041554,-9.19483,38.69925,
1981,145.1688555347092,Private room,False,True,2.0,False,0,1,10.0,89.0,1,0.2146141095743717,0.2425786439149707,586.1106544399397,19.35002533635137,1451.356649089393,64.91008524501926,-9.14206,38.71203,Sacramento
2458,386.02251407129455,Entire home/apt,False,False,6.0,False,0,1,9.0,90.0,2,0.6858294201483387,0.3675051310232115,388.8834346530717,12.838709305864318,702.4829511837738,31.4176589697099,-9.13236,38.71477,São Vicente de Fora
2234,299.484052532833,Entire home/apt,False,False,4.0,False,0,1,10.0,87.0,1,1.678298120861076,0.263528370498048,140.5429524332546,4.639925361922895,460.2300627602396,20.58320580598224,-9.148,38.726,Coração de Jesus
1071,336.7729831144465,Entire home/apt,False,False,4.0,False,0,1,9.0,93.0,2,0.2561438623720777,0.1807564336698565,440.0283762107621,14.527223083033562,1280.8688889068696,57.28523641573721,-9.142,38.711,Sacramento
779,193.94934333958724,Private room,False,True,2.0,True,0,1,10.0,95.0,1,0.1475745049439117,0.2178415450266294,512.3081383176362,16.913487890674563,1285.5536780175037,57.49475766657309,-9.138,38.712,
2689,336.30393996247653,Entire home/apt,False,False,3.0,True,0,1,10.0,98.0,1,0.7031620477296893,0.2509612128962612,327.3559851323992,10.80742443143436,664.8022851045026,29.73243897307491,-9.133,38.716,Socorro
1426,321.5290806754221,Entire home/apt,False,False,4.0,False,0,1,10.0,100.0,1,0.387160657813268,0.2843465398627918,390.3861413406227,12.888320095664756,1282.331538053097,57.35065154359344,-9.14326,38.71035,Encarnação
196,269.4652908067542,Entire home/apt,False,False,4.0,False,0,1,10.0,93.0,1,0.8901721464253789,0.5452363762727676,339.088561613848,11.19476707818022,684.5562791579885,30.61591130135884,-9.12964,38.71413,São Vicente de Fora
1912,182.2232645403377,Entire home/apt,False,False,4.0,False,1,0,9.0,83.0,1,1.216470087722593,0.384975791308837,194.69214079405248,6.427622205150425,462.0704432151477,20.6655144875088,-9.131,38.721,São Vicente de Fora
2354,292.21388367729827,Entire home/apt,False,False,5.0,False,0,1,10.0,94.0,2,0.7720674107303529,0.2357748525221186,290.42449439356267,9.588157598299285,624.834026069583,27.944909283057378,-9.133,38.717,Socorro
1606,129.9249530956848,Private room,False,True,2.0,False,0,1,10.0,100.0,1,1.2184108178591797,0.9629833752126482,170.5250842966904,5.629764066953228,548.2089689880834,24.517950795503527,-9.1536,38.7115,São Bento
946,284.2401500938086,Entire home/apt,False,False,6.0,False,0,1,9.0,83.0,2,0.4751572093030717,0.3127731034114399,332.22184727901384,10.968067400653467,992.9926215863386,44.41033549905515,-9.143,38.709,Encarnação
804,212.4765478424015,Entire home/apt,False,False,6.0,False,0,1,9.0,89.0,2,0.3595106430812955,0.3079672014019328,400.55796291311486,13.22413553197114,1456.3644963371255,65.13405486127336,-9.14346,38.71115,
1684,226.54784240150093,Entire home/apt,False,False,4.0,False,1,0,6.0,60.0,1,0.8560911887123298,0.5934013034108369,226.6177892875776,7.481624725919245,730.7985381442469,32.68403768132447,-9.149,38.71,Santa Catarina
994,100.84427767354596,Private room,False,True,2.0,False,0,1,9.0,85.0,1,2.543119958307821,0.1720349947666523,104.8526149273362,3.461634317781466,293.5781570998809,13.129910704846475,-9.135,38.735,
942,321.5290806754221,Entire home/apt,False,False,4.0,True,1,0,10.0,94.0,1,1.065277091105474,0.635466543810982,211.9707675583562,6.9980637474324325,689.8237020960142,30.851490111118206,-9.145,38.721,Coração de Jesus
2224,219.27767354596625,Entire home/apt,False,False,2.0,False,0,1,8.0,75.0,0,1.644638257143911,0.4452031562099004,141.34143520137505,4.666286701162726,457.5327335215543,20.462571177046065,-9.14588,38.72636,Bairro Camões
1459,107.87992495309568,Private room,False,True,4.0,False,1,0,9.0,94.0,2,2.000722770096652,0.4614032333492157,123.95773032273256,4.092376079860659,317.36376412950546,14.193691809832726,-9.13092,38.72906,
1174,219.5121951219512,Entire home/apt,False,False,2.0,False,0,1,9.0,88.0,1,0.8907787146361599,0.6165222996131965,217.16697116187697,7.169612704304826,804.6127398578318,35.9852842278077,-9.14801,38.71699,São José
1250,278.8461538461538,Entire home/apt,False,False,5.0,False,0,0,9.0,88.0,1,6.069617368651974,0.6062408974305619,99.02433122560392,3.269217687164628,120.14399163298508,5.373287636410318,-9.10085,38.75786,
582,319.4183864915572,Entire home/apt,False,False,4.0,False,0,1,10.0,97.0,1,0.2958782461219487,0.3061528823513088,512.2448658625192,16.911398995684625,1619.844466359952,72.44548916427028,-9.143,38.712,
190,234.52157598499065,Entire home/apt,False,False,4.0,False,1,0,9.0,93.0,2,0.9298050335273972,0.5312324347665652,437.8575870093113,14.455556025405873,872.753801542093,39.032806782230566,-9.12914,38.71074,Alfama
2095,265.9474671669793,Entire home/apt,False,False,4.0,False,0,1,10.0,96.0,1,1.4580593885125128,0.1553494597801175,154.66762435471946,5.106241333962613,432.42832701147694,19.33980843804795,-9.135,38.725,Anjos
2408,126.17260787992494,Private room,False,True,4.0,False,0,1,9.0,89.0,1,1.1648512737269887,0.3037900950830753,200.89061624210103,6.632260452310598,483.42462764952046,21.62055330091325,-9.132,38.721,Anjos
2389,139.07129455909944,Private room,False,True,2.0,False,1,0,9.0,90.0,1,1.1144619681789072,0.5524041560385853,219.8341930154052,7.257669131964815,499.6178098215014,22.3447728342932,-9.13,38.719,São Vicente de Fora
1066,119.13696060037525,Private room,False,True,2.0,True,1,0,10.0,98.0,1,2.3334867021016032,0.4250585666683926,111.09033074602084,3.66756805779826,285.81217759734176,12.782587121882106,-9.13,38.732,
2746,91.46341463414632,Private room,False,True,2.0,False,0,1,9.0,90.0,1,2.21098557307345,0.116177137844365,122.03840555420642,4.02901094118193,366.5239347085927,16.39231808473926,-9.15021,38.73049,São Sebastião da Pedreira
2074,154.3151969981238,Private room,False,True,2.0,False,0,1,10.0,100.0,1,0.1645437251128164,0.2548737556561276,487.65875676743065,16.0997061347745,1365.3073048721756,61.06163746898709,-9.1415,38.7126,Sacramento
1648,160.88180112570356,Private room,False,True,2.0,False,0,1,9.0,83.0,1,3.634458699732248,0.3223455815709334,83.45584347309517,2.7552351649605544,206.48429480808989,9.23474818278473,-9.136,38.745,
1108,307.6923076923077,Entire home/apt,False,False,4.0,True,0,1,10.0,96.0,2,0.1380565907411478,0.1952292596236249,526.0019068594634,17.365577894886624,1304.8726273513246,58.35877317157616,-9.141,38.713,Sacramento
210,350.84427767354595,Entire home/apt,False,False,3.0,True,0,1,10.0,96.0,0,0.4808969528255514,0.3706639936877434,460.0763700763712,15.18909330549734,1026.2256574151322,45.89664087406495,-9.135,38.71,Sé
2222,228.65853658536585,Entire home/apt,False,False,4.0,False,0,0,9.0,70.0,2,1.3477240585774388,0.3099993261317921,161.0081948861294,5.315570748980571,453.2809638783034,20.27241617265156,-9.13749,38.7244,Anjos
794,117.72983114446528,Private room,False,True,2.0,False,0,1,9.0,86.0,1,3.6344462208371935,0.3223500143501554,83.45607109530411,2.755242679745479,206.48529960153505,9.234793120897091,-9.136,38.745,
1161,136.02251407129455,Private room,False,True,2.0,True,0,1,10.0,97.0,1,1.3029977856694834,0.4397036255126898,172.93735653168005,5.709403514746289,652.2912718796917,29.172899775432786,-9.146,38.723,Coração de Jesus
245,449.812382739212,Entire home/apt,False,False,6.0,True,1,0,10.0,97.0,2,0.7514333260244214,0.6481753224398326,459.2175638521433,15.160740430367122,835.8493532254971,37.38230214048478,-9.131,38.712,Santiago
97,316.1350844277673,Entire home/apt,False,False,6.0,False,0,1,10.0,91.0,2,0.9609101373863234,0.5608390438528644,377.9185314666731,12.476710845573242,694.1501393032898,31.04498452760617,-9.129,38.71,Alfama
1836,97.3264540337711,Private room,False,True,2.0,False,0,1,8.0,70.0,1,1.8552443684079496,0.247675124563072,129.54026334487642,4.276679427020801,354.8955023265596,15.87225119583412,-9.13445,38.72859,Anjos
568,302.0637898686679,Entire home/apt,False,False,2.0,False,0,1,9.0,96.0,1,0.3821597786991892,0.3829396494430631,395.98307589988,13.073098899303831,1613.5660528079882,72.16469508163239,-9.144,38.712,
943,288.22701688555344,Entire home/apt,False,False,4.0,False,0,1,8.0,86.0,2,0.475148783232351,0.3127681689973861,332.2304653824005,10.968351921191736,993.0059521107268,44.41093168985012,-9.143,38.709,Encarnação
1822,193.94934333958724,Private room,False,True,2.0,False,0,1,8.0,80.0,1,3.0382581226626093,0.3511543563326291,98.4036520615807,3.248726407133093,279.67868430280515,12.50827441394232,-9.14364,38.73957,
1945,156.66041275797372,Private room,False,True,2.0,False,0,1,10.0,97.0,1,0.1380452692524255,0.1952317354084873,526.0708921813153,17.367855396098317,1304.910100933746,58.36044913001886,-9.141,38.713,Sacramento
1311,693.4803001876172,Entire home/apt,False,False,6.0,False,1,0,10.0,100.0,2,0.7917911434426544,0.4654373983613331,225.13899768368776,7.432803475553484,884.3955214154976,39.55346793733358,-9.143,38.719,São José
2422,166.74484052532833,Private room,False,True,2.0,False,0,1,9.0,93.0,1,1.1418008752747844,0.0206258423347683,188.3686718215231,6.218857385904824,535.6082929342384,23.954401541560248,-9.135,38.722,Anjos
2394,292.21388367729827,Entire home/apt,False,False,4.0,False,0,1,10.0,91.0,2,0.772075640193271,0.2357840063424296,290.4233112862213,9.588118538854012,624.8304392175993,27.94474886565193,-9.133,38.717,Socorro
2234,299.484052532833,Entire home/apt,False,False,4.0,False,0,1,10.0,87.0,1,1.678298120861076,0.263528370498048,140.5429524332546,4.639925361922895,460.2300627602396,20.58320580598224,-9.148,38.726,Coração de Jesus
2245,507.7392120075047,Entire home/apt,False,False,6.0,False,0,0,10.0,100.0,3,1.6360127809281657,0.5289343492489342,141.3261324583163,4.6657814920121,443.9535713582807,19.855260372960075,-9.14492,38.72652,Bairro Camões
525,154.08067542213882,Private room,False,True,2.0,False,0,1,9.0,90.0,1,0.8509595445051277,0.5894661987246805,409.6900500425219,13.525624877010682,806.4618520537533,36.06798342537584,-9.13,38.711,São Miguel
2530,91.46341463414632,Private room,False,True,2.0,False,1,0,8.0,89.0,1,1.620743016952433,0.4974897648923361,166.33335349204572,5.491377063307057,364.7970799760556,16.31508669715091,-9.12246,38.71806,Santa Engrácia
534,315.90056285178235,Entire home/apt,False,False,3.0,True,0,0,9.0,96.0,1,0.8509605816482807,0.5894527082182287,409.6994182370856,13.52593416127431,806.4636167310514,36.0680623483297,-9.13,38.711,São Miguel
526,234.52157598499065,Entire home/apt,False,False,3.0,False,0,1,8.0,86.0,1,0.8509550858220751,0.5894666156896641,409.6922962766363,13.525699034828314,806.462191761217,36.06799861836127,-9.13,38.711,São Miguel
505,455.2063789868668,Entire home/apt,False,False,6.0,False,0,0,9.0,91.0,2,0.86356049974516,0.5661613410536182,360.9006212926187,11.91487667561712,775.9455016210746,34.70317835889211,-9.13022,38.70988,São Miguel
102,197.46716697936208,Entire home/apt,False,False,2.0,False,0,0,10.0,93.0,0,0.4242971455343823,0.3999636838799569,558.166388760665,18.427465330312256,934.098833235631,41.77638551533127,-9.13475,38.71242,São Cristóvão e São Lourenço
2394,292.21388367729827,Entire home/apt,False,False,4.0,False,0,1,10.0,91.0,2,0.772075640193271,0.2357840063424296,290.4233112862213,9.588118538854012,624.8304392175993,27.94474886565193,-9.133,38.717,Socorro
2402,135.31894934333957,Private room,False,True,2.0,False,0,1,10.0,98.0,1,1.5411505481557854,0.2607412768034718,151.16805628703742,4.990705589537969,395.2508118045442,17.67709122598702,-9.13251,38.72509,Anjos
517,243.90243902439025,Entire home/apt,False,False,2.0,False,0,1,9.0,90.0,1,0.8509714907995697,0.5894504145022315,409.69486339065134,13.525783786267068,806.4629674437534,36.06803330977885,-9.13,38.711,São Miguel
2796,107.64540337711068,Private room,False,True,2.0,False,0,1,9.0,83.0,1,1.495452943631122,0.4308086957575966,157.53954271109723,5.201055670707515,392.9481374584372,17.5741070365453,-9.13085,38.72396,Anjos
1670,278.61163227016885,Entire home/apt,False,False,4.0,True,1,0,10.0,98.0,1,1.0861710598787209,0.8538842513986145,186.10727459842968,6.14419896904969,589.6235436043581,26.3701651154057,-9.152,38.711,São Bento
526,234.52157598499065,Entire home/apt,False,False,3.0,False,0,1,8.0,86.0,1,0.8509550858220751,0.5894666156896641,409.6922962766363,13.525699034828314,806.462191761217,36.06799861836127,-9.13,38.711,São Miguel
2100,159.00562851782362,Private room,False,True,2.0,False,1,0,10.0,93.0,1,1.6297457849158936,0.54892142718349,141.46838141830082,4.670477739996878,439.45744484284415,19.654176817396745,-9.14447,38.72656,Bairro Camões
1096,124.29643527204502,Private room,False,True,2.0,False,0,1,9.0,86.0,1,2.5430978278002736,0.17201373687265,104.85318743222832,3.4616532186222604,293.5697722453708,13.12953570286377,-9.135,38.735,
1219,147.2795497185741,Private room,False,True,2.0,True,0,0,10.0,100.0,1,2.004296645719537,0.4216403187213152,123.3296556769494,4.07164064327209,323.67140681946233,14.475793128593423,-9.13209,38.72944,
714,223.03001876172607,Private room,False,True,2.0,False,0,1,9.0,89.0,1,0.2958639282742608,0.3061284508968481,512.3130378933573,16.913649646673402,1620.3454345375385,72.46789433059007,-9.143,38.712,
1990,273.92120075046904,Entire home/apt,False,False,2.0,True,0,0,10.0,98.0,0,2.190370588553664,1.5919309027203434,122.06183102452016,4.029784316381054,309.2721374884681,13.831804071646433,-9.163,38.705,Santos-o-Velho
1945,156.66041275797372,Private room,False,True,2.0,False,0,1,10.0,97.0,1,0.1380452692524255,0.1952317354084873,526.0708921813153,17.367855396098317,1304.910100933746,58.36044913001886,-9.141,38.713,Sacramento
688,283.5365853658536,Entire home/apt,False,False,4.0,False,0,1,10.0,93.0,2,3.7247110632880944,0.4473982694213015,92.22595975205346,3.0447743004720045,210.75284583325995,9.42565371320025,-9.162,38.741,
1509,231.00375234521576,Entire home/apt,False,False,3.0,False,0,1,9.0,93.0,1,0.9391988291272044,0.6514234941882533,208.5073469523089,6.8837213856790935,662.5067068537082,29.62977214749543,-9.15,38.71,Santa Catarina
991,191.6041275797373,Entire home/apt,False,False,2.0,False,0,1,10.0,87.0,1,2.16350310009282,0.6159241778327209,117.68025209853428,3.885129612377993,293.77255096837985,13.138604724047951,-9.129,38.73,
660,249.53095684803,Entire home/apt,False,False,2.0,False,0,1,8.0,100.0,1,1.7969501389561433,0.2162606625994154,132.2314751581793,4.365527866096967,388.3718029264661,17.369436279177464,-9.15822,38.71945,Amoreiras
1693,222.5609756097561,Entire home/apt,False,False,4.0,True,0,1,10.0,96.0,1,1.138684923392659,0.7238051435480645,178.0199900106584,5.877203034936886,597.5375512895076,26.724109071079926,-9.152,38.709,São Bento
564,339.1181988742964,Entire home/apt,False,False,2.0,False,0,1,10.0,97.0,1,0.3821612013379656,0.3829254651806218,395.9788999774921,13.072961034203797,1613.642923364425,72.16813301976724,-9.144,38.712,
2353,292.21388367729827,Entire home/apt,False,False,6.0,False,0,1,10.0,94.0,2,0.7720715217785573,0.2357868106938624,290.42580586661813,9.58820089564708,624.8323791068455,27.94483562473793,-9.133,38.717,Socorro
3,191.6041275797373,Entire home/apt,False,False,4.0,False,0,1,9.0,89.0,1,0.8509777965987042,0.5894446521743438,409.6955071937196,13.52580504096631,806.46320489882,36.06804392965552,-9.13,38.711,São Miguel
774,135.78799249530957,Private room,False,True,2.0,False,0,1,9.0,84.0,1,0.2079162739060798,0.180737720727513,456.7814196834926,15.080312867705867,1234.1379441135516,55.19525418289477,-9.138,38.711,
2709,91.46341463414632,Private room,False,True,2.0,False,0,1,9.0,87.0,1,2.289689041246094,0.2003683400032548,120.24953108292262,3.9699525260504553,367.0734218438749,16.416893199901057,-9.15026,38.73125,São Sebastião da Pedreira
2645,295.4971857410882,Entire home/apt,False,False,4.0,False,0,1,10.0,100.0,2,2.4190037492523264,0.4395226930913088,108.39021839425126,3.578425773791051,277.42105506597886,12.407304809878434,-9.12955,38.732690000000005,
1140,149.859287054409,Private room,False,True,2.0,False,0,1,10.0,91.0,1,0.301188488873776,0.2624395447236646,532.496545728159,17.579993766203277,1366.770827977657,61.12709168356244,-9.143,38.713,
1687,295.96622889305814,Entire home/apt,False,False,4.0,True,0,1,9.0,100.0,1,1.086178345610077,0.8538815096250018,186.10617376202143,6.144162625720612,589.6213092256995,26.37006518565425,-9.152,38.711,São Bento
1679,344.9812382739212,Entire home/apt,False,False,4.0,True,1,0,10.0,97.0,1,1.086182239640179,0.8538665660949188,186.1054364285127,6.144138283180568,589.6194092450888,26.36998021143136,-9.152,38.711,São Bento
1262,112.5703564727955,Private room,False,True,2.0,False,0,1,10.0,90.0,1,3.3486147059293203,0.2953081551072173,87.50627604468305,2.88895730819356,210.89945428336893,9.43221059017476,-9.13051,38.741690000000006,
1790,128.98686679174483,Private room,False,True,2.0,True,0,1,10.0,97.0,1,2.2897895418391894,0.3950231192109133,112.81577913228284,3.724532505958036,328.7722403048059,14.70392143638189,-9.139,38.733,Saldanha
2575,133.20825515947467,Private room,False,True,2.0,False,0,1,9.0,92.0,1,1.1648448734394243,0.3037796154725076,200.8913180312105,6.632283621377642,483.4277714356601,21.6206939027608,-9.132,38.721,Anjos
1674,304.8780487804878,Entire home/apt,False,False,4.0,True,0,1,10.0,95.0,1,1.0081401218530484,0.7704795075522803,197.6167206185572,6.5241751227158336,624.9837698288987,27.951606382759365,-9.15103,38.71071,São Bento
2403,292.21388367729827,Entire home/apt,False,False,6.0,False,0,1,9.0,93.0,2,0.7720835942807608,0.2357792351447315,290.41865971165805,9.587964970436564,624.8267057727727,27.94458189206752,-9.133,38.717,Socorro
2682,262.8986866791745,Entire home/apt,False,False,4.0,False,0,1,9.0,92.0,2,1.1386767843860814,0.7238025148119529,178.02095509052546,5.877234896360557,597.5327903999165,26.723896146331622,-9.152,38.709,São Bento
1769,112.5703564727955,Private room,False,True,2.0,False,0,1,10.0,98.0,1,1.9192781887045047,0.3700781392894299,126.05626927005568,4.161657846865602,359.1746520266807,16.063630738543576,-9.13657,38.7295,Anjos
247,449.812382739212,Entire home/apt,False,False,6.0,True,1,0,9.0,96.0,2,0.7514450711712409,0.6481582338195715,459.2164613089054,15.16070403068828,835.7945010539146,37.37984894668468,-9.131,38.712,Santiago
2491,257.2701688555347,Entire home/apt,False,False,4.0,True,0,1,9.0,90.0,1,0.7720590908074029,0.2357657788798569,290.4257370738805,9.588198624503898,624.8376560126011,27.94507162765468,-9.133,38.717,Socorro
1153,356.7073170731707,Entire home/apt,False,False,3.0,False,0,1,10.0,95.0,1,0.1932073837504277,0.099967371448143,424.2876873001052,14.007555462379436,1234.9583795416834,55.23194711678631,-9.141,38.711,Chiado
2529,257.5046904315197,Private room,False,True,2.0,False,0,1,10.0,95.0,1,0.9290368612044244,0.5034260300451954,293.1337300237754,9.677601080839038,597.5358694590367,26.72403385334533,-9.13,38.716,São Vicente de Fora
2490,268.76172607879926,Entire home/apt,False,False,4.0,True,0,1,10.0,96.0,1,0.7720566014767365,0.2357623629472432,290.4259282822662,9.588204937112414,624.838728383698,27.945119588091806,-9.133,38.717,Socorro
85,252.1106941838649,Entire home/apt,False,False,4.0,True,1,0,10.0,96.0,1,3.725648014980015,0.3268005622950113,81.90494233668603,2.704033269795606,196.62152407232225,8.793648271462153,-9.13425,38.74568,
1962,321.7636022514071,Entire home/apt,False,False,2.0,False,0,1,10.0,100.0,0,0.9608190436276864,0.6544468339738297,204.2947367866651,6.744645064817346,647.5517216711596,28.96092940395181,-9.15021,38.70987,Santa Catarina
2539,239.6810506566604,Entire home/apt,False,False,2.0,True,0,0,10.0,99.0,1,0.4269098222358999,0.2187842305643925,350.30616527909456,11.565108264595068,925.9185425190273,41.41053238882585,-9.138,38.716,Pena
1808,168.38649155722325,Private room,False,True,2.0,False,0,1,9.0,89.0,1,2.35232562118143,0.2817487821881635,112.72477849129751,3.721528184682947,358.96130915195687,16.05408924907341,-9.14273,38.73343,Saldanha
2789,253.75234521575985,Private room,False,True,2.0,False,0,0,9.0,83.0,1,1.1186179200613535,0.8421631965813692,183.40191539628864,6.054883464018677,585.9169378393168,26.20439187398398,-9.15248,38.71288,Lapa
2573,147.0450281425891,Private room,False,True,3.0,False,0,1,9.0,90.0,1,1.1648335492481243,0.3037900586771122,200.89423054651155,6.63237977599357,483.430795622948,21.620829155701408,-9.132,38.721,Anjos
1097,275.093808630394,Entire home/apt,False,False,6.0,True,0,1,9.0,100.0,3,0.6131418116881459,0.472143781658589,288.7719140626453,9.53359883702892,980.617789644942,43.85688683658282,-9.146,38.71,Encarnação
1989,344.9812382739212,Entire home/apt,False,False,4.0,True,0,0,9.0,95.0,2,1.7504993367365351,0.9459301839153016,134.84331580984582,4.4517559228664725,386.3409969708461,17.278611058665266,-9.15976,38.71205,Lapa
2579,135.31894934333957,Private room,False,True,2.0,False,0,1,8.0,81.0,1,1.1648468113039638,0.3037769192072899,200.8907672330876,6.632265437170356,483.4273335523272,21.620674318984147,-9.132,38.721,Anjos
1162,147.5140712945591,Private room,False,True,2.0,True,0,1,10.0,97.0,1,1.303009049266031,0.4397063460366476,172.9349475469443,5.709323983832939,652.3257809932038,29.17444315176362,-9.146,38.723,Coração de Jesus
613,339.1181988742964,Entire home/apt,False,False,2.0,False,0,1,9.0,83.0,1,0.2958709389204892,0.3061377392688711,512.2841111818467,16.912694651918766,1620.162888343718,72.45973018361111,-9.143,38.712,
1790,128.98686679174483,Private room,False,True,2.0,True,0,1,10.0,97.0,1,2.2897895418391894,0.3950231192109133,112.81577913228284,3.724532505958036,328.7722403048059,14.70392143638189,-9.139,38.733,Saldanha
361,287.0544090056285,Entire home/apt,False,False,4.0,False,0,0,9.0,90.0,1,4.367325819681667,0.332288057948564,74.81096105948271,2.4698305362168176,178.10592790259227,7.965561717758359,-9.14905,38.75103,
62,182.2232645403377,Entire home/apt,False,False,4.0,False,0,1,9.0,93.0,1,3.281590884069985,2.48768126646538,104.28947244420914,3.443042570243799,229.97129275695195,10.285174375386491,-9.17581,38.70395,Santo Amaro
645,461.3039399624765,Entire home/apt,False,False,5.0,True,0,1,10.0,98.0,2,0.1475614192826874,0.217837758765608,512.3159594119828,16.913746098527668,1285.5947629650589,57.4965951387408,-9.138,38.712,
2014,226.54784240150093,Entire home/apt,False,False,4.0,False,0,1,10.0,100.0,1,2.071491274707994,1.5170917364236105,124.05895402689691,4.095717908277157,334.0164742330901,14.938463147093264,-9.16216,38.7063,Santos-o-Velho
555,147.5140712945591,Private room,False,True,2.0,True,0,1,10.0,96.0,1,0.4910198577696974,0.4374838314216654,340.3776760618996,11.237326272493268,1365.7614449915818,61.08194830980098,-9.145,38.711,
2649,223.73358348968105,Entire home/apt,False,False,3.0,False,0,1,10.0,87.0,1,0.6525933356925221,0.0647751526387663,298.43681998572805,9.852678814620877,685.2504248293287,30.646956086062467,-9.135,38.717,Socorro
558,336.7729831144465,Entire home/apt,False,False,6.0,True,0,1,10.0,98.0,2,0.4720559625546214,0.3844556285866671,400.5493802967312,13.223852183010976,1263.448758340816,56.50614317168079,-9.145,38.713,
2753,194.6529080675422,Entire home/apt,False,False,3.0,False,0,1,9.0,90.0,0,0.6192089384178303,0.1435254172510339,331.6483958776126,10.949135311529645,740.764422882219,33.12974923560692,-9.13432,38.71609,Socorro
1543,164.8686679174484,Private room,False,True,2.0,False,0,1,8.0,78.0,1,0.7434526146166321,0.640228014586555,263.67373070797623,8.705000209567856,825.1636252927998,36.90439651235978,-9.148,38.711,
176,189.25891181988743,Entire home/apt,False,False,4.0,False,0,1,8.0,76.0,1,0.9805148039406456,0.4554063111475412,321.67395622288325,10.619836298497118,658.6490294661613,29.457242419374808,-9.12857,38.7141,São Vicente de Fora
2700,124.06191369606005,Private room,False,True,2.0,True,0,1,9.0,93.0,1,9.574454602952834,1.992788919515804,43.80252582775257,1.446109157276975,74.9498871108284,3.3520386353835447,-9.09987,38.792840000000005,
302,261.4915572232645,Entire home/apt,False,False,2.0,False,0,1,10.0,91.0,1,0.4504357739096322,0.2251160302177924,424.4804457622826,14.013919245563846,833.8878277116721,37.29457539985729,-9.13546,38.71478,Mouraria
1456,119.37148217636022,Private room,False,True,2.0,False,1,0,9.0,91.0,1,0.8617717998794009,0.5503024624072826,218.2110066526131,7.20408079159305,774.8103023971693,34.65240801347769,-9.14635,38.71808,São José
67,188.08630393996248,Entire home/apt,False,False,5.0,False,0,0,9.0,92.0,1,5.076884024345434,4.01131295034585,108.96762982672674,3.597488600517133,149.8719866920855,6.702834508752423,-9.19693,38.70357,
1954,349.437148217636,Entire home/apt,False,False,4.0,False,0,1,10.0,100.0,1,0.0522578295233646,0.1602719914044486,522.0897634186052,17.236421268699065,1289.203545107027,57.65799334269901,-9.14,38.712,Sacramento
1534,223.03001876172607,Entire home/apt,False,False,2.0,True,0,0,10.0,98.0,0,0.939208155597516,0.651427270575403,208.5055184386885,6.8836610186057205,662.5006568451881,29.62950156853813,-9.15,38.71,Santa Catarina
280,272.98311444652904,Entire home/apt,False,False,5.0,False,1,0,10.0,100.0,2,7.3429106637766095,0.4565855131824797,55.79624842531346,1.8420733568388088,97.06924921155696,4.341299049372461,-9.11988,38.77671,Bairro da Encarnação
776,135.78799249530957,Private room,False,True,2.0,False,0,1,9.0,85.0,1,0.2079138977102713,0.1807508324745905,456.7830985917609,15.08036829566522,1234.2508774265268,55.200304982074165,-9.138,38.711,
1069,336.7729831144465,Entire home/apt,False,False,4.0,False,0,1,9.0,93.0,2,0.2101352262176489,0.2364931458122789,568.5919657212701,18.771658319819604,1448.4690943659675,64.78094302255812,-9.142,38.712,Sacramento
420,470.68480300187616,Entire home/apt,False,False,6.0,False,1,0,10.0,60.0,3,2.5408077072370365,1.8440021844838488,107.89533104962132,3.562087420982264,275.4283468357968,12.318183461813693,-9.1678,38.70628,Ceuta Sul
59,199.812382739212,Entire home/apt,False,False,4.0,False,1,0,9.0,89.0,1,5.335213545863797,4.221146655715404,113.04349070749488,3.732050241246339,151.88570448794226,6.792895482993651,-9.20016,38.70448,
709,150.79737335834895,Entire home/apt,False,False,3.0,False,0,1,9.0,89.0,0,0.5198297870091904,0.2193270789577653,309.52549180467133,10.218763408063504,940.4246303386695,42.059298767190185,-9.14369,38.71581,São José
436,216.93245778611632,Entire home/apt,False,False,4.0,True,1,0,10.0,99.0,1,5.294472772416615,4.174596284707665,111.23721585042574,3.672417364785322,152.73456393385365,6.830859645027647,-9.19975,38.70479,
2721,336.30393996247653,Entire home/apt,False,False,4.0,False,0,0,9.0,93.0,2,2.380407321195668,1.3639620030158897,122.3717188550453,4.0400150421436125,248.2166834735125,11.101176332923044,-9.11759,38.7251,São João
2449,124.06191369606005,Private room,False,True,2.0,False,0,1,9.0,93.0,1,0.7430984002606179,0.1464126594310318,268.92825579285534,8.878474608561781,650.1527605439147,29.07725756840544,-9.135,38.718,Socorro
1330,197.46716697936208,Entire home/apt,False,False,3.0,False,0,1,9.0,88.0,1,0.5232611076597777,0.3828156175141219,380.1550004259634,12.550546273573753,1067.7874743259672,47.75544041883075,-9.14543,38.71363,
838,333.25515947467164,Entire home/apt,False,False,5.0,False,1,0,10.0,100.0,2,0.4686830165578544,0.457590318344384,375.2354625737992,12.38813123920882,1600.3644319955542,71.57426933559321,-9.145,38.712,
466,211.30393996247653,Entire home/apt,False,False,4.0,False,0,1,10.0,93.0,1,0.850959006461377,0.5894555795645796,409.6982001792791,13.525893947964354,806.4633614661947,36.06805093193276,-9.13,38.711,São Miguel
2539,239.6810506566604,Entire home/apt,False,False,2.0,True,0,0,10.0,99.0,1,0.4269098222358999,0.2187842305643925,350.30616527909456,11.565108264595068,925.9185425190273,41.41053238882585,-9.138,38.716,Pena
66,228.89305816135084,Entire home/apt,False,False,4.0,False,0,0,9.0,93.0,0,0.6871591686578268,0.3259850492425322,411.92034088781975,13.599256338982968,927.6782005781424,41.489230863588006,-9.133,38.709,Sé
833,299.953095684803,Entire home/apt,False,False,3.0,True,0,1,4.0,20.0,0,0.3396517237924004,0.3564839508140888,427.66499140628406,14.119054749294074,1690.0514984497029,75.58540962462354,-9.14353,38.71219,
1550,345.9193245778611,Entire home/apt,False,False,4.0,False,0,1,9.0,92.0,1,0.9925356883535424,0.7526723951728955,200.13455714985747,6.60729970048009,637.4661083667173,28.509863141396423,-9.15083,38.710640000000005,São Bento
2406,214.5872420262664,Entire home/apt,False,False,2.0,False,0,0,9.0,90.0,1,0.7031447780125686,0.2509541351964244,327.36181514240764,10.807616905057763,664.8111716181454,29.73283641112602,-9.133,38.716,Socorro
1023,623.827392120075,Entire home/apt,False,False,5.0,True,0,1,10.0,96.0,2,0.3219309488034865,0.154678883604745,379.4366051243549,12.526828964935294,1357.0882249285385,60.69404954350245,-9.14157,38.7099,Chiado
1522,329.7373358348968,Entire home/apt,False,False,6.0,False,0,1,9.0,97.0,2,0.9143099477094172,0.7343410072477697,215.9992879600173,7.131062475999547,683.1524565372026,30.55312711523804,-9.15,38.711,São Bento
1157,136.02251407129455,Private room,False,True,2.0,True,0,1,10.0,96.0,1,1.3030007511803,0.4397020122171627,172.93694253878766,5.70938984706614,652.2891356342227,29.172804234563777,-9.146,38.723,Coração de Jesus
2526,220.2157598499062,Entire home/apt,False,False,4.0,False,0,1,9.0,87.0,1,0.7720817402852755,0.2357800537732048,290.41966831769406,9.587998268845666,624.827570189223,27.944620551996845,-9.133,38.717,Socorro
2586,204.9718574108818,Entire home/apt,False,False,2.0,True,0,1,10.0,96.0,1,1.0752163106508994,0.3977902844009559,230.0887087656206,7.596214657584528,511.3885384406457,22.87120374191609,-9.13169,38.7198,São Vicente de Fora
375,176.36022514071294,Entire home/apt,False,False,3.0,False,1,0,10.0,95.0,1,4.701654751910893,3.621285648707295,99.0623603789149,3.2704731925449058,154.91858225331592,6.928537094179739,-9.19291,38.70513,
1209,95.2157598499062,Private room,False,True,2.0,False,0,1,6.0,71.0,1,2.384856164966181,0.9986647149762288,111.7301700127109,3.688691894957433,259.0455922697737,11.58548554356184,-9.12392,38.72999,São João
1491,251.8761726078799,Entire home/apt,False,False,4.0,True,1,0,10.0,95.0,1,0.767264314729648,0.6318214257902747,254.1471291264159,8.390486251194819,796.8503474721189,35.638121074093526,-9.14823,38.71082,Santa Catarina
575,203.09568480300183,Entire home/apt,False,False,4.0,False,1,0,8.0,83.0,2,0.4277238378990192,0.3044905554289069,417.1421084351795,13.771649271233107,1235.9943288887484,55.27827863734653,-9.14433,38.71351,
1249,205.44090056285177,Private room,False,True,2.0,False,0,1,10.0,100.0,1,2.514611135261169,0.3092165302251087,105.408737241927,3.4799942994605657,283.4021203231465,12.674800367185012,-9.131,38.734,
1562,327.6266416510319,Entire home/apt,False,False,4.0,False,1,0,10.0,96.0,1,0.8901335903365165,0.5581356405444171,217.32570584933373,7.174853216827125,691.1186808690248,30.909406394203653,-9.14917,38.70946,São Bento
1735,228.65853658536585,Entire home/apt,False,False,2.0,False,0,1,10.0,83.0,0,0.9391825510833408,0.6514139709303396,208.5104813777185,6.883824866499026,662.5166010702054,29.63021465377855,-9.15,38.71,Santa Catarina
2383,292.21388367729827,Entire home/apt,False,False,4.0,False,0,1,10.0,95.0,2,0.7720703121884418,0.2357746120130797,290.4231839502185,9.588114334946676,624.8326934879431,27.944849685033763,-9.133,38.717,Socorro
1572,290.3377110694184,Entire home/apt,False,False,4.0,False,0,0,9.0,96.0,2,0.9392133031987022,0.6514448112208799,208.5048102373762,6.8836376378443696,662.5008281502517,29.62950922993982,-9.15,38.71,Santa Catarina
2406,214.5872420262664,Entire home/apt,False,False,2.0,False,0,0,9.0,90.0,1,0.7031447780125686,0.2509541351964244,327.36181514240764,10.807616905057763,664.8111716181454,29.73283641112602,-9.133,38.716,Socorro
2221,191.36960600375232,Entire home/apt,False,False,3.0,False,0,1,10.0,91.0,1,1.4273301434833892,0.1955057377386485,157.67211927282753,5.205432591360729,428.95847760061855,19.184623824267792,-9.13474,38.72465,Anjos
1780,356.7073170731707,Private room,False,True,6.0,False,0,0,7.0,86.0,3,2.5708711648206486,0.2607774937973312,114.04985417173675,3.765274613441495,360.7394258889833,16.133613264792356,-9.14822,38.73454,São Sebastião da Pedreira
625,286.8198874296436,Entire home/apt,False,False,5.0,True,1,0,10.0,97.0,2,1.9176152983270365,0.3788399632619775,126.598824227925,4.179569911936602,359.4492987072224,16.075913962971843,-9.16,38.719,Amoreiras
1111,283.30206378986867,Entire home/apt,False,False,3.0,True,0,1,10.0,90.0,1,0.4687103803385258,0.4576062361687747,375.2377119449443,12.388205500593283,1597.9823189480692,71.46773235099158,-9.145,38.712,
2102,124.29643527204502,Private room,False,True,2.0,False,0,0,9.0,93.0,1,0.8913484110466344,0.2887569982215402,215.58283119950968,7.11731345300146,618.4649929350066,27.66006235452807,-9.13751,38.72023,Pena
2355,292.21388367729827,Entire home/apt,False,False,3.0,False,0,1,9.0,95.0,2,0.7720632882187827,0.2357758108243335,290.4265151868377,9.588224313348356,624.8359316297574,27.94499450681918,-9.133,38.717,Socorro
2405,164.39962476547842,Entire home/apt,False,False,3.0,False,0,1,9.0,89.0,0,1.3898415547347722,0.1702884307551217,221.91756250497,7.326450090138291,459.8181627729921,20.564784101502205,-9.124,38.715,São Vicente de Fora
2283,109.05253283302063,Private room,False,True,2.0,False,0,1,9.0,92.0,1,2.0669761103644206,0.4217694513651066,120.06427254837216,3.963836347628905,348.02586109383765,15.565015205081291,-9.13811,38.73096,Anjos
1984,354.1275797373358,Entire home/apt,False,False,6.0,False,0,1,10.0,92.0,3,0.2561268167751597,0.1807382587013733,440.0254767081686,14.527127358022897,1280.8631771345304,57.28498096396408,-9.142,38.711,Sacramento
1911,251.8761726078799,Private room,False,True,3.0,False,0,1,10.0,90.0,1,0.2538243017362324,0.2048731561508054,462.2797033589877,15.261834782759506,1199.6876348083838,53.65450779563101,-9.13765,38.71069,
1281,193.94934333958724,Private room,False,True,3.0,True,1,0,10.0,100.0,1,0.4621514135546172,0.3532056543836337,341.2651750965673,11.266626420301051,1115.8850342974029,49.90654278211418,-9.144,38.71,Encarnação
1584,286.8198874296436,Entire home/apt,False,False,3.0,False,0,1,10.0,100.0,1,5.188661665480095,4.329791039081727,122.49663214255489,4.044138965262648,153.67909991528583,6.873102818757699,-9.19592,38.69685,
2573,147.0450281425891,Private room,False,True,3.0,False,0,1,9.0,90.0,1,1.1648335492481243,0.3037900586771122,200.89423054651155,6.63237977599357,483.430795622948,21.620829155701408,-9.132,38.721,Anjos
548,302.0637898686679,Entire home/apt,False,False,2.0,False,0,1,10.0,98.0,1,0.3821539128671452,0.3829211044256079,395.983322953803,13.073107055612942,1613.6540633368054,72.1686312409021,-9.144,38.712,
704,270.4033771106942,Entire home/apt,False,False,2.0,False,1,0,9.0,90.0,0,0.6574793400536405,0.5125928677660342,342.9589571210454,11.322545426105894,863.968833019034,38.6399102077984,-9.14702,38.71363,
648,327.6266416510319,Private room,False,True,2.0,False,0,1,10.0,95.0,1,0.2390753300301237,0.1952384452057553,709.3552573989182,23.41885802478559,1152.3243138352516,51.53624334024568,-9.137,38.713,São Cristóvão e São Lourenço
871,227.4859287054409,Entire home/apt,False,False,4.0,True,1,0,10.0,94.0,0,0.5241319682675909,0.3720717940473847,368.9996433481514,12.182260113858788,1064.1856092723665,47.594351572876185,-9.14538,38.71379,
2690,315.19699812382737,Entire home/apt,False,False,2.0,True,0,1,10.0,97.0,1,0.7935610616920159,0.1989321807752805,270.7895633537648,8.939924350499599,621.1402032171894,27.77970774119012,-9.134,38.718,São Vicente de Fora
2185,227.4859287054409,Entire home/apt,False,False,4.0,True,0,1,10.0,100.0,1,0.984455631952486,0.1984517843119761,203.02881720519645,6.702851632485684,589.7747079340572,26.37692574831625,-9.137,38.721,Anjos
2847,156.42589118198873,Private room,False,True,2.0,False,0,1,10.0,100.0,1,0.2746066039461504,0.2880989085134184,482.4443063723446,15.92755477308926,1478.0753902266404,66.1050470526125,-9.14277,38.71264,Sacramento
1195,114.21200750469042,Private room,False,True,2.0,False,0,1,9.0,91.0,1,2.141729231169807,0.3380179969088551,117.49219715619694,3.878921112547308,316.12307387212525,14.138203511749866,-9.13256,38.73086,Anjos
2424,286.3508442776735,Entire home/apt,False,False,4.0,True,0,0,10.0,93.0,2,0.7137417733084773,0.2695728721980568,329.05236711542864,10.863429273016903,659.8002074966988,29.50872739664849,-9.1328,38.71594,São Vicente de Fora
53,238.03939962476545,Entire home/apt,False,False,2.0,True,1,0,10.0,94.0,0,0.4412710645457039,0.3166071798668962,477.8982904831479,15.777471299995824,860.766892694309,38.49670748808249,-9.135,38.714,São Cristóvão e São Lourenço
1882,182.2232645403377,Entire home/apt,False,False,3.0,False,1,0,9.0,84.0,1,1.2164536152553362,0.3849632579474916,194.6946374789761,6.427704631422946,462.0758058083582,20.665754322688283,-9.131,38.721,São Vicente de Fora
1443,196.29455909943715,Entire home/apt,False,False,4.0,False,0,1,9.0,93.0,1,0.9220107459929068,0.5957381410402639,209.19758470955384,6.906509093067828,722.1375587376335,32.29668636285884,-9.14349,38.72011,São José
2030,212.4765478424015,Private room,False,True,2.0,False,0,1,10.0,100.0,1,0.1380479875547401,0.195217068800908,525.9989743839311,17.365481081297897,1304.8492138750687,58.35772603354802,-9.141,38.713,Sacramento
2741,93.80863039399624,Private room,False,True,2.0,False,0,1,8.0,83.0,1,2.151658481716852,0.0432683423889896,124.0643078791363,4.095894661891332,368.30711527965633,16.472068574012606,-9.15045,38.72981,São Sebastião da Pedreira
2268,263.6022514071294,Entire home/apt,False,False,4.0,False,0,0,10.0,100.0,2,2.289777457673765,0.395044083459778,112.81620737387604,3.7245466440488815,328.7768354312973,14.704126947585806,-9.139,38.733,Saldanha
1273,124.29643527204502,Private room,False,True,2.0,False,0,1,10.0,84.0,1,1.4407440693577134,0.3192984722997989,158.75361251886426,5.241137319731347,532.1168040385979,23.798249129270506,-9.147,38.724,Coração de Jesus
1239,149.859287054409,Private room,False,True,2.0,True,1,0,10.0,96.0,1,0.4621468338810681,0.3532042163627766,341.2670068656481,11.266686894851132,1115.9039895446483,49.90739053150461,-9.144,38.71,Encarnação
1512,107.87992495309568,Private room,False,True,2.0,False,0,0,10.0,100.0,1,6.875193384499338,5.584934266008615,107.89409941459162,3.562046759429962,109.01052505724108,4.875357465382036,-9.21763,38.7022,Restelo
520,251.8761726078799,Entire home/apt,False,False,4.0,True,0,1,9.0,95.0,1,1.0473658385797098,0.5308905549472996,341.4186737572291,11.27169406913221,590.3203135587878,26.40132726784189,-9.12813,38.70956,São Miguel
953,124.29643527204502,Private room,False,True,2.0,True,0,1,9.0,96.0,1,2.169028083567264,0.526936291072994,117.1912635788346,3.868986005068184,297.3621097349481,13.299143186924145,-9.12993,38.73038,
2772,245.77861163227016,Entire home/apt,False,False,4.0,True,0,1,10.0,93.0,1,0.8835262686871044,0.2853465617509599,258.7811421449752,8.54347488676874,601.3465896181357,26.89446347898368,-9.134,38.719,Anjos
276,147.5140712945591,Private room,False,True,2.0,False,0,1,10.0,90.0,1,5.286559108958985,3.9946740898560056,89.98158010959257,2.9706777069072485,135.23618993151464,6.048267062526517,-9.20042,38.7113,Bairro do Alto da Ajuda
512,304.40900562851783,Entire home/apt,False,False,4.0,False,0,1,9.0,92.0,2,0.8306695177821175,0.4744075422704248,346.3971067637371,11.43605348502324,786.8273678667692,35.189856024286144,-9.13094,38.70926,Sé
916,193.94934333958724,Entire home/apt,False,False,4.0,True,1,0,10.0,96.0,1,0.7074836535065656,0.4966409795992002,270.0737578708588,8.916292542878963,852.912557625582,38.145432314489646,-9.1471,38.7149,
2574,124.06191369606005,Private room,False,True,2.0,False,0,1,8.0,84.0,1,1.1648525975623036,0.3037879619131332,200.89022319079675,6.632247476002048,483.4243540117858,21.62054106281265,-9.132,38.721,Anjos
246,287.0544090056285,Entire home/apt,False,False,6.0,True,0,0,10.0,98.0,3,0.9366497761345132,0.5083386057292626,471.41760713114417,15.563516160111924,902.2035656388318,40.34991012768627,-9.129,38.711,São Miguel
1768,164.8686679174484,Private room,False,True,2.0,False,0,1,7.0,70.0,1,2.401967846227244,0.2287911441643595,116.32412982197536,3.840358202386001,359.1761427467731,16.063697409108897,-9.148,38.733,São Sebastião da Pedreira
1509,231.00375234521576,Entire home/apt,False,False,3.0,False,0,1,9.0,93.0,1,0.9391988291272044,0.6514234941882533,208.5073469523089,6.8837213856790935,662.5067068537082,29.62977214749543,-9.15,38.71,Santa Catarina
1651,255.62851782363973,Private room,False,True,2.0,False,1,0,10.0,90.0,1,5.757370810820693,4.835665956558184,191.6360755019265,6.326728388625817,236.6285942240596,10.582913739451746,-9.20267,38.6965,
525,154.08067542213882,Private room,False,True,2.0,False,0,1,9.0,90.0,1,0.8509595445051277,0.5894661987246805,409.6900500425219,13.525624877010682,806.4618520537533,36.06798342537584,-9.13,38.711,São Miguel
246,287.0544090056285,Entire home/apt,False,False,6.0,True,0,0,10.0,98.0,3,0.9366497761345132,0.5083386057292626,471.41760713114417,15.563516160111924,902.2035656388318,40.34991012768627,-9.129,38.711,São Miguel
1684,226.54784240150093,Entire home/apt,False,False,4.0,False,1,0,6.0,60.0,1,0.8560911887123298,0.5934013034108369,226.6177892875776,7.481624725919245,730.7985381442469,32.68403768132447,-9.149,38.71,Santa Catarina
148,84.66228893058161,Private room,False,True,2.0,False,1,0,9.0,89.0,1,5.2745585590549,0.3312251096266103,75.64905978599565,2.497499768075238,130.3999281346008,5.831971387923126,-9.11263,38.754940000000005,Bairro das Amendoeiras
444,205.44090056285177,Entire home/apt,False,False,4.0,False,0,0,9.0,84.0,0,0.4487816236943723,0.2811765105063077,454.2804536050883,14.997745255914676,848.6175712951028,37.95334449857444,-9.1351,38.71431,São Cristóvão e São Lourenço
1542,164.8686679174484,Private room,False,True,2.0,False,0,1,9.0,76.0,1,0.9392074804777386,0.6514179766257315,208.5054751327285,6.883659588890331,662.499047100372,29.62942957474301,-9.15,38.71,Santa Catarina
999,177.76735459662288,Entire home/apt,False,False,6.0,False,0,1,8.0,92.0,1,2.6846080717316907,0.1069763628947145,101.22768327634776,3.3419597840431337,282.3286618163753,12.626791297033147,-9.133,38.736,
1625,292.6829268292683,Entire home/apt,False,False,5.0,False,0,1,10.0,94.0,2,3.5111837513155306,0.2996732813402399,91.5258736493283,3.021661456979501,254.04699535572507,11.36192963674875,-9.14452,38.74378,
112,263.83677298311443,Entire home/apt,False,False,4.0,False,0,1,10.0,95.0,1,0.6670204220363535,0.5303702430214744,537.0480116418576,17.730257167969558,775.7383057952542,34.6939117883873,-9.132,38.713,Santiago
1896,286.8198874296436,Entire home/apt,False,False,3.0,False,1,0,10.0,96.0,1,0.2642993354022118,0.0996991194486199,450.1335367209688,14.860837751900554,1099.6098982086023,49.17865796375397,-9.13907,38.71003,Chiado
2273,263.6022514071294,Entire home/apt,False,False,4.0,True,0,1,10.0,96.0,1,1.4216355619147696,0.9254224856518978,153.40615188326365,5.06459471979706,606.9959240768114,27.14712279709156,-9.155,38.708,Santos-o-Velho
2383,292.21388367729827,Entire home/apt,False,False,4.0,False,0,1,10.0,95.0,2,0.7720703121884418,0.2357746120130797,290.4231839502185,9.588114334946676,624.8326934879431,27.944849685033763,-9.133,38.717,Socorro
506,182.2232645403377,Private room,False,True,2.0,True,0,1,10.0,100.0,1,3.201821501804307,2.530421411016741,98.13058913929623,3.239711429458492,214.2320252808396,9.581255601038643,-9.1728,38.69984,
2383,292.21388367729827,Entire home/apt,False,False,4.0,False,0,1,10.0,95.0,2,0.7720703121884418,0.2357746120130797,290.4231839502185,9.588114334946676,624.8326934879431,27.944849685033763,-9.133,38.717,Socorro
303,377.8142589118199,Entire home/apt,False,False,4.0,False,0,1,10.0,100.0,1,0.4333344300989509,0.3150661589215228,479.1383933178763,15.818412410842214,872.5563667228334,39.02397676036343,-9.1351,38.714,São Cristóvão e São Lourenço
2023,232.4108818011257,Entire home/apt,False,False,2.0,False,0,0,9.0,83.0,1,2.366483221553916,1.7810724821830757,112.61791616989076,3.718000201338747,298.9102169199347,13.368380317169803,-9.16518,38.705020000000005,Santos-o-Velho
1984,354.1275797373358,Entire home/apt,False,False,6.0,False,0,1,10.0,92.0,3,0.2561268167751597,0.1807382587013733,440.0254767081686,14.527127358022897,1280.8631771345304,57.28498096396408,-9.142,38.711,Sacramento
528,164.8686679174484,Private room,False,True,2.0,False,0,1,9.0,81.0,1,2.635642343460032,2.0016208840608902,105.71811535071028,3.490208197123269,257.79039029193774,11.529348227188107,-9.16744,38.70292,
1763,131.09756097560975,Private room,False,True,2.0,True,0,1,10.0,97.0,1,2.2897792334012905,0.3950170768241767,112.81606014670152,3.724541783448695,328.7747149624926,14.704032112308097,-9.139,38.733,Saldanha
2366,274.624765478424,Entire home/apt,False,False,4.0,False,1,0,10.0,93.0,1,1.2807163323706454,0.226021921572452,253.3476470570345,8.364091920736401,499.0478557752272,22.319282362497304,-9.12524,38.71484,São Vicente de Fora
1790,128.98686679174483,Private room,False,True,2.0,True,0,1,10.0,97.0,1,2.2897895418391894,0.3950231192109133,112.81577913228284,3.724532505958036,328.7722403048059,14.70392143638189,-9.139,38.733,Saldanha
156,120.77861163227016,Private room,False,True,2.0,False,0,1,9.0,91.0,1,4.742784376765221,3.912632000217309,103.95577189382406,3.4320256845144725,157.80424226128517,7.05759457789537,-9.191,38.698,Junqueira
1988,216.93245778611632,Entire home/apt,False,False,2.0,False,1,0,9.0,95.0,1,2.1103421686989607,1.5425773151645026,120.10115887206224,3.965054123304131,319.953253761461,14.309503449140534,-9.16302,38.70729,Santos-o-Velho
1589,228.65853658536585,Entire home/apt,False,False,4.0,False,0,1,10.0,92.0,1,0.9392165673532508,0.6514314607865251,208.50388457371224,6.883607077718539,662.4953783660479,29.62926549525376,-9.15,38.71,Santa Catarina
364,226.54784240150093,Entire home/apt,False,False,2.0,False,0,1,10.0,97.0,0,0.4434518415968344,0.4046908526323214,594.5882042606324,19.629905598854595,895.180528019731,40.03581367811901,-9.13455,38.71273,São Vicente de Fora
921,211.30393996247653,Entire home/apt,False,False,3.0,False,1,0,10.0,92.0,1,0.5006272353222662,0.3329646812832841,363.03250753408,11.9852593797601,1108.1549853052936,49.56082614565491,-9.145,38.714,
2479,303.70544090056285,Entire home/apt,False,False,4.0,True,0,1,10.0,93.0,1,0.7720743348431695,0.2357865459389928,290.424527183842,9.588158680846975,624.8310864350123,27.9447778116298,-9.133,38.717,Socorro
2270,170.73170731707316,Private room,False,True,2.0,True,0,1,10.0,96.0,1,1.4271226029667612,0.6780720482789699,153.02287488461772,5.051941102978363,459.7231698924211,20.56053566540664,-9.15593,38.71389,Lapa
1946,235.6941838649156,Private room,False,True,2.0,False,0,1,9.0,90.0,1,0.1621570051174442,0.0640189216013927,429.0903304778795,14.166111302419896,1252.223486155431,56.00410711120658,-9.1404,38.71104,Chiado
2383,292.21388367729827,Entire home/apt,False,False,4.0,False,0,1,10.0,95.0,2,0.7720703121884418,0.2357746120130797,290.4231839502185,9.588114334946676,624.8326934879431,27.944849685033763,-9.133,38.717,Socorro
847,89.35272045028142,Private room,False,True,2.0,False,0,1,9.0,80.0,0,2.4919353608077563,0.8512846815398727,110.2831933174716,3.640920991115488,285.92864110980645,12.787795804755994,-9.16368,38.72459,Amoreiras
2080,251.8761726078799,Entire home/apt,False,False,4.0,False,0,1,7.0,66.0,1,0.9391913920157552,0.651417462609066,208.5087462607782,6.883767582850448,662.5108457770785,29.6299572555934,-9.15,38.71,Santa Catarina
1884,240.38461538461536,Entire home/apt,False,False,4.0,False,1,0,10.0,99.0,1,7.835035013131004,0.3909023242559352,73.31427882068792,2.420418639296398,107.22433085486136,4.795472195270536,-9.098,38.775,Quinta das Laranjeiras
1542,164.8686679174484,Private room,False,True,2.0,False,0,1,9.0,76.0,1,0.9392074804777386,0.6514179766257315,208.5054751327285,6.883659588890331,662.499047100372,29.62942957474301,-9.15,38.71,Santa Catarina
1588,228.65853658536585,Entire home/apt,False,False,4.0,False,0,1,10.0,90.0,1,0.9391999428050468,0.6514192823581251,208.50703780072635,6.883711179260035,662.5049259559439,29.62969249910179,-9.15,38.71,Santa Catarina
2087,157.83302063789867,Private room,False,True,2.0,False,0,1,7.0,73.0,1,2.087162815223807,0.1536907033084117,123.71054366772609,4.084215388699441,387.7735976694282,17.3426823078137,-9.148,38.73,São Sebastião da Pedreira
771,240.38461538461536,Entire home/apt,False,False,3.0,True,1,0,10.0,95.0,1,0.4092642921385002,0.3512517870819054,367.9991068872437,12.14922811602383,1479.9987013152884,66.19106470154475,-9.144,38.711,
737,136.02251407129455,Private room,False,True,2.0,True,0,1,10.0,98.0,1,2.476551152817795,0.8496684211237618,110.94417400056048,3.662742797062403,291.7476869666111,13.048045249885044,-9.16275,38.72541,
2324,174.01500938086303,Private room,False,True,2.0,False,0,1,8.0,80.0,1,1.983541044251348,0.2040186222942562,127.05895200361893,4.194760702361909,397.59212600738647,17.78180353401084,-9.148,38.729,São Sebastião da Pedreira
2393,249.06191369606003,Entire home/apt,False,False,5.0,False,1,0,9.0,95.0,2,1.1130063297334674,0.5522572507456988,186.3413980211034,6.15192838691004,609.6675263826014,27.26660682158576,-9.15128,38.71653,São Mamede
644,461.3039399624765,Entire home/apt,False,False,5.0,True,0,1,10.0,99.0,2,0.1475749145174646,0.2178475330237882,512.2929241825686,16.912985606853585,1285.5558567183898,57.49485510620679,-9.138,38.712,
2083,314.7279549718574,Entire home/apt,False,False,5.0,True,0,1,10.0,95.0,3,0.1380391427385845,0.19521459195716,526.0354953825772,17.366686796027288,1304.8622031155094,58.35830696085132,-9.141,38.713,Sacramento
2479,303.70544090056285,Entire home/apt,False,False,4.0,True,0,1,10.0,93.0,1,0.7720743348431695,0.2357865459389928,290.424527183842,9.588158680846975,624.8310864350123,27.9447778116298,-9.133,38.717,Socorro
1545,164.8686679174484,Private room,False,True,2.0,False,0,1,9.0,85.0,1,0.9392161967316066,0.6514526771235523,208.50437332406608,6.883623213462972,662.5004723943423,29.62949331920801,-9.15,38.71,Santa Catarina
1790,128.98686679174483,Private room,False,True,2.0,True,0,1,10.0,97.0,1,2.2897895418391894,0.3950231192109133,112.81577913228284,3.724532505958036,328.7722403048059,14.70392143638189,-9.139,38.733,Saldanha
631,409.9437148217636,Private room,False,True,2.0,False,1,0,9.0,85.0,1,0.4627995849678706,0.4156223968307639,349.70004356102464,11.54509758826165,1487.1145329373217,66.50931124519423,-9.14472,38.71115,
1637,257.7392120075047,Entire home/apt,False,False,4.0,False,0,0,10.0,90.0,1,1.1947898602291855,0.7984297572680037,171.93082819823863,5.676173699512069,630.6558948548592,28.20528498008174,-9.15279,38.70927,São Bento
1033,128.98686679174483,Private room,False,True,2.0,True,0,1,10.0,97.0,1,2.2897705743811,0.3950219198573743,112.81633114390166,3.724550730228026,328.7773948496979,14.704151966864211,-9.139,38.733,Saldanha
2805,274.624765478424,Entire home/apt,False,False,6.0,False,0,1,10.0,88.0,2,1.7004047841681265,0.7645108558882767,153.7656798489812,5.076464279227625,339.2001612610959,15.17029697448673,-9.12305,38.7205,Santa Engrácia
1020,379.6904315196998,Entire home/apt,False,False,6.0,False,0,1,8.0,80.0,2,2.2769167660782994,0.2737138280577398,112.67892377339994,3.720014323867779,301.10745089657786,13.466648819826707,-9.132,38.732,
1050,193.94934333958724,Entire home/apt,False,False,3.0,False,0,1,9.0,97.0,0,0.1380484735042505,0.1952256555081639,526.0301995004818,17.36651195625608,1304.879651788763,58.359087330630885,-9.141,38.713,Sacramento
1969,164.8686679174484,Private room,False,True,2.0,False,0,1,8.0,72.0,1,0.7434164597643711,0.6402302705392554,263.6884743882372,8.705486961658847,825.1936915181271,36.90574118615186,-9.148,38.711,
749,156.8949343339587,Private room,False,True,2.0,False,0,1,10.0,100.0,1,3.339436949376418,0.463594125165414,89.21669473481106,2.945425561652238,238.73081961166184,10.676933103471692,-9.13893,38.74246,
2808,119.37148217636022,Private room,False,True,2.0,False,0,1,10.0,98.0,1,1.7033755850557124,0.5083505281435575,142.3529489836313,4.699681107434746,348.2839812047617,15.576559299645536,-9.12929,38.72541,
1031,315.90056285178235,Entire home/apt,False,False,6.0,False,1,0,10.0,91.0,2,0.9064172643760916,0.5794841021490099,211.24139664922544,6.973984086937668,762.4713217660085,34.10056275538224,-9.14355,38.71994,São José
2490,268.76172607879926,Entire home/apt,False,False,4.0,True,0,1,10.0,96.0,1,0.7720566014767365,0.2357623629472432,290.4259282822662,9.588204937112414,624.838728383698,27.945119588091806,-9.133,38.717,Socorro
1026,391.41651031894935,Entire home/apt,False,False,4.0,False,0,0,10.0,93.0,2,3.827296206972787,0.477497989350453,86.51241646927951,2.8561457429726373,208.9312554051287,9.344185391788212,-9.15281,38.74528,
2500,297.8424015009381,Entire home/apt,False,False,6.0,True,1,0,10.0,98.0,1,0.7720735949787895,0.2357819506735503,290.4236618005885,9.588130110835914,624.8313349219364,27.944788924892304,-9.133,38.717,Socorro
1284,261.2570356472795,Private room,False,True,2.0,True,0,1,10.0,100.0,1,0.9278984046710276,0.599467622375121,211.18752563082307,6.972205573677272,739.8043724275868,33.08681219674139,-9.144,38.72,São José
1349,490.1500938086304,Entire home/apt,False,False,6.0,True,0,0,10.0,100.0,3,0.1584401819135117,0.2198329666509988,492.7679454734,16.26838235684928,1324.3945747585133,59.231867507929984,-9.14129,38.71296,Encarnação
1344,271.8105065666041,Entire home/apt,False,False,4.0,False,0,1,10.0,80.0,1,0.6879776988803881,0.3053780709182843,255.2325308970834,8.42632001671919,836.5893012421465,37.41539537698715,-9.14577,38.70846,São Paulo
1115,251.8761726078799,Entire home/apt,False,False,4.0,False,0,1,9.0,95.0,1,0.4910424428540859,0.4375045862733004,340.3726958733597,11.237161855119693,1365.632945352968,61.07620132645157,-9.145,38.711,
1837,124.29643527204502,Private room,False,True,2.0,False,0,1,10.0,95.0,1,2.075663934725124,0.3354795994469167,119.84234772116662,3.956509657699857,335.2166677205556,14.99214027850736,-9.13385,38.73052,Anjos
1945,156.66041275797372,Private room,False,True,2.0,False,0,1,10.0,97.0,1,0.1380452692524255,0.1952317354084873,526.0708921813153,17.367855396098317,1304.910100933746,58.36044913001886,-9.141,38.713,Sacramento
2632,437.1482176360225,Entire home/apt,False,False,4.0,False,1,0,10.0,97.0,2,0.7031362936920436,0.250953965461518,327.3658574801628,10.807750359956405,664.8154052839359,29.733025756458563,-9.133,38.716,Socorro
2740,186.44465290806752,Private room,False,True,4.0,False,0,1,7.0,50.0,1,2.3773323129971704,0.2755870288252603,119.45338008873628,3.943668168664413,371.8468578967789,16.630379072791122,-9.15096,38.73187,São Sebastião da Pedreira
1923,514.5403377110694,Entire home/apt,False,False,5.0,False,0,1,10.0,100.0,1,0.2988388749349983,0.1844995394170143,526.0595292658229,17.36748025754554,1144.4676723390082,51.18486501460762,-9.138,38.71,
2384,292.21388367729827,Entire home/apt,False,False,5.0,False,0,1,9.0,93.0,2,0.7720817600661839,0.2357806685632922,290.41981816818105,9.588003216052645,624.827573169073,27.94462068526686,-9.133,38.717,Socorro
1542,164.8686679174484,Private room,False,True,2.0,False,0,1,9.0,76.0,1,0.9392074804777386,0.6514179766257315,208.5054751327285,6.883659588890331,662.499047100372,29.62942957474301,-9.15,38.71,Santa Catarina
1953,295.2626641651032,Entire home/apt,False,False,4.0,False,1,0,10.0,99.0,2,2.434294974399163,1.852409169169393,110.53606086708471,3.6492692329614407,336.0145087048438,15.027822704556543,-9.166,38.705,Santos-o-Velho
726,283.5365853658536,Entire home/apt,False,False,4.0,False,0,1,10.0,96.0,2,3.7247157794001673,0.447402890471449,92.22588478766436,3.044771825576152,210.75252186890765,9.425639224305506,-9.162,38.741,
2179,129.9249530956848,Private room,False,True,2.0,False,1,0,8.0,80.0,1,1.6017945682604553,0.3906237029661667,144.24426207304552,4.762121460501026,494.6327990641586,22.121824551106243,-9.14629,38.72583,Bairro Camões
2154,188.08630393996248,Entire home/apt,False,False,2.0,True,1,0,10.0,98.0,1,1.5734066090036676,0.0924050433776256,145.1020094268839,4.790439377780351,402.6494055088244,18.007983945112542,-9.13605,38.72627,Anjos
1381,112.5703564727955,Private room,False,True,2.0,False,1,0,10.0,98.0,1,3.1423079304912487,0.4367716040613165,91.1736998520246,3.010034690175309,223.77478691686807,10.008043511271556,-9.1304,38.73975,Bairro dos Actores
49,108.34896810506568,Private room,False,True,2.0,False,0,1,10.0,90.0,1,3.9519671697751857,0.1501238033203579,81.22380522921434,2.681546013870016,201.17304381891373,8.997209219028699,-9.14703,38.74751,
679,149.859287054409,Private room,False,True,2.0,False,0,1,10.0,96.0,1,0.3012069675097209,0.2624475980877758,532.3653358973138,17.575661967195703,1366.768651080724,61.12699432460826,-9.143,38.713,
555,147.5140712945591,Private room,False,True,2.0,True,0,1,10.0,96.0,1,0.4910198577696974,0.4374838314216654,340.3776760618996,11.237326272493268,1365.7614449915818,61.08194830980098,-9.145,38.711,
1587,228.65853658536585,Entire home/apt,False,False,4.0,False,0,1,10.0,93.0,1,0.9392071356800982,0.6514247169778937,208.50567671092728,6.883666243850829,662.5008324659957,29.629509422956,-9.15,38.71,Santa Catarina
977,124.29643527204502,Private room,False,True,2.0,True,0,1,10.0,94.0,1,0.4910467980382565,0.4375133215149914,340.3739270804047,11.237202502542385,1365.559658040513,61.07292364435889,-9.145,38.711,
2445,211.06941838649155,Entire home/apt,False,False,3.0,False,0,0,9.0,90.0,1,0.6261423130790439,0.1843977160959108,340.4741198456341,11.240510295245045,712.4789023233169,31.864715205666705,-9.13396,38.71585,Socorro
442,89.35272045028142,Private room,False,True,2.0,False,0,1,10.0,90.0,1,7.503027381325677,0.4457352322736049,55.22987064540147,1.8233747982846809,94.78742583471748,4.239247393084079,-9.1184,38.77791,
1589,228.65853658536585,Entire home/apt,False,False,4.0,False,0,1,10.0,92.0,1,0.9392165673532508,0.6514314607865251,208.50388457371224,6.883607077718539,662.4953783660479,29.62926549525376,-9.15,38.71,Santa Catarina
44,188.08630393996248,Private room,False,True,2.0,True,1,0,9.0,96.0,1,0.7954911806749526,0.5113900362386793,370.9856370395414,12.2478262794883,791.7895167632206,35.41178183974248,-9.1308,38.71425,São Vicente de Fora
2342,216.93245778611632,Entire home/apt,False,False,4.0,False,0,1,10.0,95.0,1,0.5522338996331192,0.0835162856587993,311.48926842394866,10.283596092898865,764.7177092713415,34.20102958726398,-9.13666,38.71677,Mouraria
2383,292.21388367729827,Entire home/apt,False,False,4.0,False,0,1,10.0,95.0,2,0.7720703121884418,0.2357746120130797,290.4231839502185,9.588114334946676,624.8326934879431,27.944849685033763,-9.133,38.717,Socorro
2689,336.30393996247653,Entire home/apt,False,False,3.0,True,0,1,10.0,98.0,1,0.7031620477296893,0.2509612128962612,327.3559851323992,10.80742443143436,664.8022851045026,29.73243897307491,-9.133,38.716,Socorro
944,204.5028142589118,Entire home/apt,False,False,2.0,False,0,1,9.0,88.0,1,0.475176119320603,0.3127955294086819,332.2128863655078,10.967771562483552,992.9803972910912,44.409788782955374,-9.143,38.709,Encarnação
1157,136.02251407129455,Private room,False,True,2.0,True,0,1,10.0,96.0,1,1.3030007511803,0.4397020122171627,172.93694253878766,5.70938984706614,652.2891356342227,29.172804234563777,-9.146,38.723,Coração de Jesus
193,226.54784240150093,Entire home/apt,False,False,2.0,False,0,1,10.0,94.0,0,0.4412508970829815,0.316613638975217,477.90751549238894,15.777775857098122,860.7947107208247,38.49795161403432,-9.135,38.714,São Cristóvão e São Lourenço
761,228.65853658536585,Entire home/apt,False,False,2.0,False,0,0,9.0,89.0,1,3.387206177593433,0.5214533137720193,89.40186302927054,2.9515387608615296,242.0284863064098,10.824417063668552,-9.14087,38.74288,
907,193.94934333958724,Private room,False,True,2.0,False,0,1,8.0,67.0,1,1.904333174764261,0.3241937946275905,127.29917430519164,4.202691470360367,364.2499561638642,16.29061727861674,-9.15952,38.71956,Amoreiras
395,217.1669793621013,Entire home/apt,False,False,3.0,False,0,1,10.0,80.0,1,0.8565236646899338,0.5717819307701657,351.88544736754244,11.61724713665484,710.8590791086381,31.79227066695692,-9.13,38.714,São Vicente de Fora
2689,336.30393996247653,Entire home/apt,False,False,3.0,True,0,1,10.0,98.0,1,0.7031620477296893,0.2509612128962612,327.3559851323992,10.80742443143436,664.8022851045026,29.73243897307491,-9.133,38.716,Socorro
51,314.7279549718574,Entire home/apt,False,False,5.0,True,0,1,10.0,95.0,2,0.9366290309700692,0.5083606867348178,471.3772854360879,15.562184968100595,902.102954590588,40.34541042616757,-9.129,38.711,São Miguel
2763,126.17260787992494,Private room,False,True,2.0,False,0,1,9.0,89.0,1,1.164867737422189,0.3037691594913023,200.88605066311,6.632109722975647,483.42073496496806,21.62037920553409,-9.132,38.721,Anjos
2856,234.05253283302065,Entire home/apt,False,False,2.0,False,1,0,10.0,99.0,1,2.315084896612295,1.7553273048689635,113.99158839595935,3.763351010399997,297.83951825437487,13.320494677415562,-9.16491,38.70582,Santos-o-Velho
1276,282.1294559099437,Entire home/apt,False,False,4.0,True,0,1,10.0,97.0,2,0.217544995605917,0.2282057846178049,456.5258946485091,15.071876890875306,1353.1497490187776,60.51790620395981,-9.142,38.713,Sacramento
2288,267.1200750469043,Entire home/apt,False,False,4.0,True,0,1,10.0,97.0,1,1.810289540441823,0.5305608612621168,131.2846658460522,4.334269631769424,385.0342983121869,17.220170618559568,-9.14175,38.7286,Saldanha
668,298.54596622889306,Entire home/apt,False,False,6.0,True,0,0,9.0,96.0,2,0.4621461745161297,0.353199974922115,341.2685300067358,11.26673718026808,1115.8939994069556,49.90694373526768,-9.144,38.71,Encarnação
2755,204.9718574108818,Entire home/apt,False,False,3.0,False,0,1,9.0,88.0,1,1.3898405836769898,0.1703136690738026,221.9181800589276,7.32647047824186,459.81148628690073,20.56448550413016,-9.124,38.715,São Vicente de Fora
2732,758.2082551594747,Entire home/apt,False,False,6.0,False,0,1,10.0,96.0,3,1.1802169072877442,0.5175020300687568,177.36666680481574,5.85563403514117,568.6968322616148,25.434244493822,-9.15226,38.71627,Mercês
2484,285.1782363977485,Entire home/apt,False,False,4.0,True,0,1,10.0,95.0,1,1.107202119830622,0.7837000218218597,182.4350314610041,6.022962480321588,584.6625306691558,26.148290104375388,-9.152,38.71,São Bento
2396,126.17260787992494,Private room,False,True,2.0,False,0,1,10.0,92.0,1,0.2323424945682148,0.2648360786684777,497.1847828793926,16.41420109442908,1146.4660013934922,51.274237746909854,-9.137,38.712,São Cristóvão e São Lourenço
1148,205.44090056285177,Entire home/apt,False,False,4.0,False,0,1,9.0,89.0,1,2.555513906844073,0.6033697689885844,104.63798918434492,3.4545486019132183,257.8335683629606,11.531279311647994,-9.12756,38.73337,
1914,420.4971857410882,Entire home/apt,False,False,6.0,True,1,0,10.0,97.0,2,0.2911233083749844,0.151091234492648,513.927171751434,16.966939125056786,1066.1311681485165,47.6813642258856,-9.13847,38.70991,
2025,228.89305816135084,Entire home/apt,False,False,4.0,False,0,1,9.0,80.0,1,1.6441074727267075,1.2115757294007754,138.42759262500303,4.570088266188336,427.80649884400754,19.1331030355361,-9.15805,38.70902,Santos-o-Velho
1889,251.8761726078799,Entire home/apt,False,False,2.0,False,0,1,10.0,94.0,0,0.2746438940550337,0.2654667456740436,459.951812814893,15.184981136323872,1178.3769364113402,52.70141384008888,-9.137,38.711,São Cristóvão e São Lourenço
1764,131.09756097560975,Private room,False,True,2.0,True,0,1,10.0,97.0,1,2.28978695272019,0.3950451145796457,112.8159325580514,3.724537571200387,328.7742807807753,14.704012694081502,-9.139,38.733,Saldanha
2599,187.61726078799248,Entire home/apt,False,False,2.0,False,1,0,9.0,86.0,0,1.078944024995305,0.9045018582117832,188.42315186720185,6.220656005766488,639.823788043841,28.61530737449969,-9.15204,38.71241,Mercês
888,72.93621013133207,Shared room,True,False,6.0,True,0,1,10.0,94.0,1,0.4944681089734918,0.3156777649826824,360.6364795331089,11.906156223770385,1105.0442421360517,49.42170210304448,-9.14485,38.71414,
2580,235.2251407129456,Entire home/apt,False,False,2.0,False,0,1,9.0,93.0,1,0.444002410745241,0.289018154740628,527.7608374200253,17.423647733156802,886.8321647756271,39.662443721002575,-9.13772,38.70866,
1692,367.9643527204503,Entire home/apt,False,False,5.0,False,0,1,9.0,92.0,2,0.8016414223265563,0.6719693910924595,244.77469637289485,8.081062066751048,759.0690803685582,33.94840182424847,-9.14869,38.71103,
2612,263.13320825515945,Entire home/apt,False,False,4.0,False,0,1,10.0,89.0,1,0.722648212650641,0.1465948083396378,288.26900167647904,9.51699554319598,647.8606730514412,28.974746862564217,-9.13411,38.71724,Socorro
1958,251.8761726078799,Entire home/apt,False,False,4.0,False,0,1,8.0,90.0,1,0.9392011463651974,0.6514354491466047,208.5071071870872,6.883713470001261,662.5077052578919,29.62981679985618,-9.15,38.71,Santa Catarina
1958,251.8761726078799,Entire home/apt,False,False,4.0,False,0,1,8.0,90.0,1,0.9392011463651974,0.6514354491466047,208.5071071870872,6.883713470001261,662.5077052578919,29.62981679985618,-9.15,38.71,Santa Catarina
2276,216.93245778611632,Entire home/apt,False,False,4.0,False,0,0,8.0,60.0,2,1.8767041400077888,0.3273862906918586,129.35998336810763,4.270727612134503,390.6418577088251,17.47096160000487,-9.14454,38.728840000000005,Saldanha
1611,210.1313320825516,Entire home/apt,False,False,2.0,True,0,0,10.0,99.0,1,6.551002558785883,5.597590250686625,201.1733939211929,6.641596155754194,146.69407401345762,6.560706395031797,-9.2115,38.69466,
449,298.54596622889306,Entire home/apt,False,False,3.0,False,0,1,8.0,60.0,2,0.4863132643835093,0.4098309697410535,467.7949183019701,15.443915671536573,1035.2164841131805,46.298744194265154,-9.13468,38.71033,Sé
1460,166.51031894934334,Private room,False,True,2.0,False,1,0,10.0,100.0,1,1.8886508329512195,0.2885164001248536,127.7471417536125,4.217480796251547,355.1882573795796,15.88534429425301,-9.135,38.729,Anjos
1609,216.93245778611632,Entire home/apt,False,False,3.0,False,0,1,9.0,87.0,1,0.8560947874188617,0.5934096726315463,226.61695949932832,7.481597331051866,730.7977542755427,32.684002623790924,-9.149,38.71,Santa Catarina
2449,124.06191369606005,Private room,False,True,2.0,False,0,1,9.0,93.0,1,0.7430984002606179,0.1464126594310318,268.92825579285534,8.878474608561781,650.1527605439147,29.07725756840544,-9.135,38.718,Socorro
2773,142.58911819887427,Private room,False,True,2.0,False,0,1,10.0,95.0,1,1.55232893538775,0.7305839996514204,166.04190697006024,5.481755164196557,368.0156895402383,16.459034927458475,-9.12473,38.72008,Santa Engrácia
1876,135.78799249530957,Private room,False,True,2.0,False,1,0,8.0,83.0,3,2.3612667528093843,0.3436254696190152,110.58220654050852,3.650792699465845,315.2749458156848,14.100272060182268,-9.13845,38.73363,Saldanha
1366,129.9249530956848,Private room,False,True,2.0,False,0,1,9.0,100.0,1,2.3911562390248404,0.050721980973953,108.95423574372512,3.597046404417344,302.27463169039487,13.518849500390337,-9.13392,38.73345,
1470,293.85553470919325,Entire home/apt,False,False,3.0,False,0,1,8.0,94.0,1,6.096509989426456,0.9611970823977092,96.8796727741539,3.1984133176159584,120.89716879210428,5.406972529529939,-9.097,38.756,
1567,391.41651031894935,Entire home/apt,False,False,2.0,True,0,1,10.0,98.0,1,0.8728945559832133,0.5665438100605709,221.7579844254797,7.321181733629374,709.750731489447,31.74270122550506,-9.14905,38.70965,Santa Catarina
1764,131.09756097560975,Private room,False,True,2.0,True,0,1,10.0,97.0,1,2.28978695272019,0.3950451145796457,112.8159325580514,3.724537571200387,328.7742807807753,14.704012694081502,-9.139,38.733,Saldanha
2353,292.21388367729827,Entire home/apt,False,False,6.0,False,0,1,10.0,94.0,2,0.7720715217785573,0.2357868106938624,290.42580586661813,9.58820089564708,624.8323791068455,27.94483562473793,-9.133,38.717,Socorro
383,292.6829268292683,Entire home/apt,False,False,4.0,False,0,1,9.0,91.0,1,0.8758666338995096,0.5783215433620178,406.141344918326,13.408466907701891,809.947951080823,36.22389478263021,-9.12976,38.71079,São Miguel
114,228.65853658536585,Entire home/apt,False,False,4.0,False,1,0,10.0,93.0,2,4.58308126563309,3.37956639170179,92.25904503074932,3.045866587357042,154.1669989702254,6.894923485143843,-9.19219,38.70922,
870,344.9812382739212,Entire home/apt,False,False,4.0,False,0,1,7.0,80.0,1,3.7642687086392734,0.4409080803354069,89.6987021669009,2.961338693332398,205.72138369008945,9.200627950700596,-9.168,38.738,Sete Rios
683,159.00562851782362,Private room,False,True,3.0,False,0,1,9.0,89.0,1,0.206766354826445,0.0808521997869624,440.2949033175443,14.53602228541965,1175.7407940588546,52.58351571702919,-9.13907,38.71056,Chiado
1046,310.0375234521576,Entire home/apt,False,False,4.0,False,0,1,10.0,97.0,1,2.956699034614145,0.2621068766695747,95.41109924454796,3.149929409686792,248.577282425168,11.117303663655916,-9.13521,38.73879,
701,241.5572232645403,Entire home/apt,False,False,4.0,False,0,1,9.0,86.0,1,1.556845704813214,0.2229929164079725,147.10164321387623,4.856455861440248,478.8887015480781,21.417689759347187,-9.15367,38.72108,São Mamede
1388,284.4746716697936,Entire home/apt,False,False,6.0,False,0,1,10.0,96.0,3,2.3164259906584235,0.2402051240837593,111.34137235503006,3.675856017517144,299.47302222315784,13.393551070500134,-9.13212,38.7324,Anjos
813,89.35272045028142,Private room,False,True,2.0,False,0,1,9.0,89.0,1,2.47521068972528,0.836005793090055,110.9666459726108,3.663484693196243,288.5394068780449,12.904558992272625,-9.1634,38.72465,Amoreiras
2293,94.04315196998124,Private room,False,True,2.0,False,0,1,10.0,100.0,1,2.7316380354669487,0.2127868743721806,122.56789633130715,4.04649170164013,337.3526999475931,15.087671610540813,-9.15209,38.73497,São Sebastião da Pedreira
227,223.03001876172607,Entire home/apt,False,False,2.0,False,0,1,10.0,100.0,1,0.9250981774268804,0.4764100928132611,421.289426380874,13.908570016009156,760.1182657861289,33.995325311273575,-9.129,38.712,Alfama
2039,269.4652908067542,Entire home/apt,False,False,6.0,False,0,1,9.0,83.0,2,2.234869672141229,1.0216175452320495,115.21236707335308,3.803654147970867,305.2552811181747,13.652155265423415,-9.1652,38.71444,Lapa
2576,135.31894934333957,Private room,False,True,2.0,False,0,1,9.0,91.0,1,1.164853270433642,0.3037983547805856,200.8906849293616,6.632262719971529,483.4232099331642,21.62048989534744,-9.132,38.721,Anjos
1764,131.09756097560975,Private room,False,True,2.0,True,0,1,10.0,97.0,1,2.28978695272019,0.3950451145796457,112.8159325580514,3.724537571200387,328.7742807807753,14.704012694081502,-9.139,38.733,Saldanha
214,182.4577861163227,Entire home/apt,False,False,6.0,False,0,0,10.0,100.0,1,4.31071273514205,0.2557075429975184,74.52561669384264,2.460410095446983,179.1350159681474,8.011586376205837,-9.14151,38.75119,São João de Brito
2121,199.577861163227,Entire home/apt,False,False,4.0,False,0,0,9.0,90.0,1,2.009076498687336,1.1031769477352835,123.2699122632606,4.069668257068561,333.69494176990275,14.924083015505598,-9.16272,38.71165,Lapa
2463,254.9249530956848,Entire home/apt,False,False,6.0,True,0,0,10.0,99.0,2,1.3925325462482483,0.6376907234892972,176.2932475683476,5.820195864439372,404.7022995294888,18.09979702631757,-9.128,38.721,São Vicente de Fora
725,149.859287054409,Private room,False,True,2.0,True,1,0,10.0,96.0,1,0.4621538960063958,0.3532123240499405,341.2623439322526,11.266532951429932,1115.8933314493215,49.90691386170973,-9.144,38.71,Encarnação
2207,315.90056285178235,Entire home/apt,False,False,6.0,True,0,1,10.0,100.0,2,1.738373489914281,0.5509344863414272,134.59763367331394,4.443644902309913,395.1743669188268,17.6736723254352,-9.141,38.728,Pena
2079,251.8761726078799,Entire home/apt,False,False,4.0,False,0,1,6.0,60.0,1,0.939193443772244,0.6514263102163063,208.508500118158,6.883759456627351,662.5113347133591,29.629979122648383,-9.15,38.71,Santa Catarina
642,461.3039399624765,Entire home/apt,False,False,6.0,True,0,1,10.0,99.0,2,0.1475621234247455,0.2178380681057936,512.3152692339262,16.91372331279125,1285.5926137506117,57.49649901785068,-9.138,38.712,
2390,219.04315196998124,Entire home/apt,False,False,2.0,True,0,1,10.0,97.0,1,1.0988534976613795,0.3070069699791706,383.5320304522695,12.66203651193682,693.3947658374749,31.01120140745536,-9.127,38.712,São Vicente de Fora
2666,236.39774859287053,Entire home/apt,False,False,4.0,False,0,1,10.0,95.0,1,0.4268906434835723,0.2187917649821312,350.3181355095068,11.56550345321688,925.9542138494104,41.4121277438321,-9.138,38.716,Pena
587,310.0375234521576,Entire home/apt,False,False,5.0,False,1,0,10.0,90.0,2,0.1642436702537509,0.1032395150778182,444.9581383072646,14.689975663535035,1212.3096460732863,54.21901123982749,-9.13895,38.71099,
1065,126.40712945590994,Private room,False,True,2.0,True,1,0,10.0,95.0,1,2.3334794492733724,0.4250708279989064,111.09059511772246,3.6675767858414816,285.81230631656564,12.782592878686128,-9.13,38.732,
1161,136.02251407129455,Private room,False,True,2.0,True,0,1,10.0,97.0,1,1.3029977856694834,0.4397036255126898,172.93735653168005,5.709403514746289,652.2912718796917,29.172899775432786,-9.146,38.723,Coração de Jesus
267,124.29643527204502,Private room,False,True,2.0,False,0,1,10.0,75.0,1,4.014259846012695,3.036566534980909,96.44872044337332,3.1841857337012245,180.0019881261483,8.050360606314062,-9.18473,38.70463,Santo Amaro
1535,240.38461538461536,Entire home/apt,False,False,4.0,False,0,0,9.0,93.0,1,1.154425547171346,0.7112087330665305,178.91571199723052,5.906774657638506,578.8990695203073,25.890526614806618,-9.15273,38.71407,Mercês
1403,403.1425891181988,Entire home/apt,False,False,4.0,False,1,0,10.0,100.0,2,0.6879008147245688,0.3159364009045889,255.38559980715604,8.431373477641076,834.5877965849767,37.32588061988268,-9.14585,38.70854,São Paulo
1675,294.7936210131332,Entire home/apt,False,False,3.0,True,0,1,10.0,93.0,0,0.946477880120304,0.6169704033862307,206.4141349259815,6.814615483172521,652.3008129055834,29.173326485714053,-9.14993,38.70961,São Bento
948,238.03939962476545,Entire home/apt,False,False,4.0,False,0,1,9.0,91.0,1,1.2472265809959582,0.551728324076019,174.16157920045177,5.749820353236803,575.4798143354574,25.73760476361151,-9.14465,38.7229,Coração de Jesus
570,302.0637898686679,Entire home/apt,False,False,2.0,False,0,1,10.0,98.0,1,0.2958727531593618,0.306151232088132,512.258133793161,16.91183702695421,1619.854050912333,72.44591782121856,-9.143,38.712,
1882,182.2232645403377,Entire home/apt,False,False,3.0,False,1,0,9.0,84.0,1,1.2164536152553362,0.3849632579474916,194.6946374789761,6.427704631422946,462.0758058083582,20.665754322688283,-9.131,38.721,São Vicente de Fora
1453,163.69606003752344,Entire home/apt,False,False,2.0,False,1,0,9.0,85.0,1,3.3109196779917576,1.7033409391523902,90.91067954943937,3.0013512624292926,185.69111264002743,8.30479948417163,-9.10868,38.72976,
447,176.36022514071294,Private room,False,True,2.0,False,0,1,10.0,91.0,1,0.410900730510347,0.353205772199125,459.4249749442628,15.16758795968117,1098.2532703157062,49.11798450197673,-9.136,38.71,
2633,136.49155722326452,Private room,False,True,2.0,False,1,0,10.0,95.0,1,1.0841701956470902,0.0845205322461535,192.3146817824439,6.34913209110409,557.6633133539293,24.940784355475067,-9.13605,38.72173,Anjos
883,344.9812382739212,Entire home/apt,False,False,6.0,True,0,1,10.0,95.0,2,0.4686835617685979,0.457583569547658,375.23964166257247,12.388269208844813,1599.943678477846,71.55545166819306,-9.145,38.712,
2797,269.9343339587242,Entire home/apt,False,False,4.0,False,0,0,9.0,71.0,2,1.4667306736681651,0.5130728206548647,163.28592685550984,5.390768445837054,391.89270007022657,17.526903938063256,-9.12938,38.72287,
2373,183.16135084427768,Entire home/apt,False,False,2.0,False,0,0,10.0,92.0,1,0.6952880714621053,0.2086399632421618,317.30167099398005,10.47548841927647,670.436163897427,29.984407056135865,-9.13339,38.71629,Socorro
2269,234.52157598499065,Entire home/apt,False,False,2.0,True,1,0,10.0,100.0,1,1.3341587300054158,0.7279506263942456,160.32103358660837,5.292884608649958,492.6498859369575,22.03314127659832,-9.15491,38.71348,Lapa
393,357.87992495309567,Entire home/apt,False,False,4.0,False,1,0,10.0,95.0,0,2.906918278132702,2.141904317360865,102.89843213721022,3.3971183663747606,253.13155174226424,11.320987582275762,-9.17183,38.70532,Ceuta Sul
652,296.2007504690432,Entire home/apt,False,False,4.0,True,0,1,10.0,96.0,2,0.4912312534588666,0.3640629575054704,386.9994390901834,12.776510535718607,1137.3641670753912,50.86716975170368,-9.1451,38.71348,
1185,327.3921200750469,Entire home/apt,False,False,4.0,True,0,1,10.0,97.0,2,1.134015905587738,0.644981235489932,185.9325728403656,6.138431315076438,591.0382149693427,26.43343449785036,-9.144,38.722,Coração de Jesus
1835,154.3151969981238,Private room,False,True,2.0,False,0,1,9.0,88.0,1,2.4556574797244606,0.1074390304065214,111.7239850687643,3.688487703443145,358.3334950630557,16.026011060260096,-9.14471,38.73414,São Sebastião da Pedreira
1665,240.38461538461536,Entire home/apt,False,False,6.0,False,1,0,8.0,85.0,2,0.7434345296370521,0.6402457026211859,263.68258030667783,8.705292372758876,825.1843152924686,36.90532184635199,-9.148,38.711,
610,296.2007504690432,Entire home/apt,False,False,3.0,False,0,1,10.0,84.0,1,0.6249313695704812,0.5693583252774332,304.12892085981736,10.0405994662868,1017.443098250386,45.503852055127325,-9.14654,38.71082,
644,461.3039399624765,Entire home/apt,False,False,5.0,True,0,1,10.0,99.0,2,0.1475749145174646,0.2178475330237882,512.2929241825686,16.912985606853585,1285.5558567183898,57.49485510620679,-9.138,38.712,
515,182.2232645403377,Entire home/apt,False,False,6.0,False,0,1,10.0,96.0,2,0.6434062307986287,0.5472589256972697,612.4780789401881,20.2205270552148,824.0239144827349,36.85342439197683,-9.13224,38.71268,Santiago
809,458.7242026266416,Entire home/apt,False,False,2.0,False,0,1,10.0,100.0,1,0.2988189282470235,0.184472584878161,526.0380632648186,17.366771572828483,1144.493766646639,51.18603204941865,-9.138,38.71,
2519,216.69793621013133,Entire home/apt,False,False,2.0,True,0,1,10.0,96.0,1,1.1014475607906018,0.609978981446441,234.2325587804716,7.733020911096548,511.3017420192241,22.86732188205968,-9.12873,38.71743,São Vicente de Fora
2682,262.8986866791745,Entire home/apt,False,False,4.0,False,0,1,9.0,92.0,2,1.1386767843860814,0.7238025148119529,178.02095509052546,5.877234896360557,597.5327903999165,26.723896146331622,-9.152,38.709,São Bento
930,389.3058161350844,Entire home/apt,False,False,5.0,False,0,1,10.0,98.0,2,2.67727049371009,1.1360324498543035,102.54049056172909,3.3853011804866933,258.2046073165687,11.547873558226213,-9.1689,38.71987,Santo Condestável
2336,181.0506566604128,Private room,False,True,2.0,True,1,0,10.0,94.0,1,0.350361398955982,0.3512713963722759,459.87033320380107,15.182291145061845,1064.970022681688,47.62943346766638,-9.136,38.711,São Cristóvão e São Lourenço
1089,112.5703564727955,Private room,False,True,2.0,False,0,1,9.0,88.0,1,2.543107848752134,0.1720342247700418,104.85297290354436,3.461646136110728,293.58092499681726,13.13003449552618,-9.135,38.735,
642,461.3039399624765,Entire home/apt,False,False,6.0,True,0,1,10.0,99.0,2,0.1475621234247455,0.2178380681057936,512.3152692339262,16.91372331279125,1285.5926137506117,57.49649901785068,-9.138,38.712,
218,111.39774859287054,Private room,False,True,2.0,True,0,1,9.0,94.0,1,5.346923802861418,0.5696763637779791,66.41311944747638,2.192581783388285,138.05436471603124,6.174306355220776,-9.17234,38.75318,
2087,157.83302063789867,Private room,False,True,2.0,False,0,1,7.0,73.0,1,2.087162815223807,0.1536907033084117,123.71054366772609,4.084215388699441,387.7735976694282,17.3426823078137,-9.148,38.73,São Sebastião da Pedreira
976,136.02251407129455,Private room,False,True,2.0,True,0,1,10.0,92.0,1,0.4910319890450266,0.4374989065074325,340.37681867824847,11.237297966583371,1365.652166775892,61.077060980211606,-9.145,38.711,
2456,251.40712945591,Entire home/apt,False,False,2.0,True,0,0,10.0,99.0,0,1.1056841588212076,0.6861459051473218,181.9326743946003,6.006377519974643,588.6288195236831,26.325677342595068,-9.15156,38.70892,São Bento
1895,257.7392120075047,Entire home/apt,False,False,6.0,False,0,1,9.0,87.0,2,0.2323265548252256,0.2648002259807466,497.2119521275371,16.415098067783827,1146.476249661628,51.27469608770344,-9.137,38.712,São Cristóvão e São Lourenço
1138,263.6022514071294,Private room,False,True,4.0,False,0,1,10.0,100.0,1,1.6424779729062375,0.3400436371591999,142.12920893228315,4.692294489174957,470.4504339774055,21.040298945258662,-9.147,38.726,Coração de Jesus
779,193.94934333958724,Private room,False,True,2.0,True,0,1,10.0,95.0,1,0.1475745049439117,0.2178415450266294,512.3081383176362,16.913487890674563,1285.5536780175037,57.49475766657309,-9.138,38.712,
2832,229.3621013133208,Entire home/apt,False,False,4.0,False,0,1,10.0,90.0,1,1.6537794275008015,0.5895051073736701,161.09891350129888,5.318565759374446,353.8093065135277,15.823672465815608,-9.12253,38.7189,Santa Engrácia
166,255.62851782363973,Entire home/apt,False,False,4.0,False,0,1,9.0,90.0,1,0.5410980547339085,0.3496635505043546,471.9155404738184,15.579955074374224,1013.4829718775364,45.32674042608424,-9.13439,38.70974,Sé
2574,124.06191369606005,Private room,False,True,2.0,False,0,1,8.0,84.0,1,1.1648525975623036,0.3037879619131332,200.89022319079675,6.632247476002048,483.4243540117858,21.62054106281265,-9.132,38.721,Anjos
105,208.95872420262663,Private room,False,True,2.0,True,0,1,10.0,100.0,1,4.814748172618287,3.892992645130256,105.6250588383226,3.487136002719748,154.99223152084548,6.931830964254042,-9.19277,38.70017,Junqueira
774,135.78799249530957,Private room,False,True,2.0,False,0,1,9.0,84.0,1,0.2079162739060798,0.180737720727513,456.7814196834926,15.080312867705867,1234.1379441135516,55.19525418289477,-9.138,38.711,
590,298.54596622889306,Entire home/apt,False,False,6.0,False,1,0,10.0,97.0,2,0.6657706215029334,0.5002866749835974,313.2391709602296,10.341367877384744,860.3243814573029,38.476916734284,-9.147,38.714,
2090,263.6022514071294,Entire home/apt,False,False,4.0,False,0,1,10.0,97.0,2,2.093019124927555,0.1004243892618503,123.14187956566104,4.065441348849668,381.8382000686976,17.077229178516895,-9.1473,38.73025,São Sebastião da Pedreira
644,461.3039399624765,Entire home/apt,False,False,5.0,True,0,1,10.0,99.0,2,0.1475749145174646,0.2178475330237882,512.2929241825686,16.912985606853585,1285.5558567183898,57.49485510620679,-9.138,38.712,
2208,238.2739212007505,Entire home/apt,False,False,3.0,True,0,0,10.0,96.0,1,0.937822009145432,0.2614354560732115,207.88743940152864,6.863255579908587,597.1089452701765,26.704940210504702,-9.13759,38.72067,Pena
1662,263.6022514071294,Entire home/apt,False,False,4.0,False,0,1,10.0,93.0,2,0.9818917137887364,0.6378900340783906,200.14387329514537,6.607607266373992,632.5630327254847,28.29057930235186,-9.15033,38.70954,São Bento
90,263.6022514071294,Entire home/apt,False,False,2.0,False,1,0,10.0,98.0,0,1.029345238485556,0.412603216157125,3028.9916641031973,100.0,828.0724481863759,37.034489926754624,-9.12789,38.71117,Alfama
1944,251.8761726078799,Entire home/apt,False,False,4.0,False,0,1,8.0,77.0,1,0.8560847869553642,0.5933924857382533,226.6193574995492,7.48167649931929,730.7990982469638,32.68406273120805,-9.149,38.71,Santa Catarina
326,143.99624765478424,Private room,False,True,2.0,False,0,1,10.0,95.0,1,1.0271606661326995,0.4049548741241008,308.71777859139564,10.192097332258545,673.4797936925547,30.120529538214942,-9.128,38.714,São Vicente de Fora
1172,199.812382739212,Private room,False,True,5.0,False,0,1,10.0,90.0,3,2.72161646366848,0.5514655989146087,100.16995110014918,3.307039510450643,245.6390375368381,10.985894387864269,-9.12774,38.73506,
2490,268.76172607879926,Entire home/apt,False,False,4.0,True,0,1,10.0,96.0,1,0.7720566014767365,0.2357623629472432,290.4259282822662,9.588204937112414,624.838728383698,27.945119588091806,-9.133,38.717,Socorro
180,339.1181988742964,Entire home/apt,False,False,2.0,True,0,1,10.0,94.0,1,0.6646299254790106,0.6222335543010702,511.6120628566161,16.890507455658206,846.8631430855102,37.87487992219869,-9.132,38.712,Santiago
2674,234.05253283302065,Entire home/apt,False,False,4.0,False,0,1,9.0,90.0,1,1.3898332438995329,0.170294169178954,221.9213132267492,7.326573917543419,459.8204323760416,20.564885606619853,-9.124,38.715,São Vicente de Fora
1399,159.00562851782362,Private room,False,True,2.0,False,0,1,7.0,60.0,1,1.2434857706636189,0.4379383740162084,186.83759513687605,6.168309980879185,586.4813403151505,26.229634058833483,-9.14686,38.72204,Coração de Jesus
274,90.52532833020638,Private room,False,True,2.0,False,0,1,8.0,78.0,1,6.382369067860665,0.5776801893962226,78.17496654678469,2.580890778711673,113.65980808497156,5.083290751695604,-9.10992,38.76497,
2383,292.21388367729827,Entire home/apt,False,False,4.0,False,0,1,10.0,95.0,2,0.7720703121884418,0.2357746120130797,290.4231839502185,9.588114334946676,624.8326934879431,27.944849685033763,-9.133,38.717,Socorro
1850,147.2795497185741,Private room,False,True,3.0,True,0,1,10.0,80.0,1,2.322265949766409,0.332459445737202,113.24405495437516,3.738671726846884,347.05588114975995,15.521634082394776,-9.14222,38.7332,Saldanha
659,249.53095684803,Entire home/apt,False,False,2.0,False,0,1,10.0,80.0,1,1.9103044521634027,0.3300348968099557,127.04553245738096,4.194317665611527,363.1608421621054,16.241908036308818,-9.15959,38.71957,Amoreiras
2573,147.0450281425891,Private room,False,True,3.0,False,0,1,9.0,90.0,1,1.1648335492481243,0.3037900586771122,200.89423054651155,6.63237977599357,483.430795622948,21.620829155701408,-9.132,38.721,Anjos
36,223.03001876172607,Entire home/apt,False,False,6.0,False,0,0,9.0,93.0,3,0.4636410365358971,0.4501975613956933,580.9220567301229,19.17872748263631,921.609675062076,41.21782375713586,-9.13431,38.71208,São Cristóvão e São Lourenço
2236,266.8855534709193,Entire home/apt,False,False,2.0,False,0,1,8.0,100.0,1,1.6783023727922055,0.2635275814277572,140.54272555788123,4.639917871794214,460.2290149400564,20.583158943553588,-9.148,38.726,Coração de Jesus
1191,321.7636022514071,Private room,False,True,2.0,False,0,0,10.0,80.0,1,3.342222750814944,1.760949975511762,90.08408561700584,2.974061853144033,183.87549792038504,8.223598418742231,-9.10805,38.72955,
1087,104.36210131332082,Private room,False,True,2.0,False,0,0,9.0,86.0,1,3.1153595337736246,0.1483348319409025,91.9967409586575,3.0372068054500656,213.65449349383988,9.555426224400325,-9.125,38.738,Picheleira
418,281.42589118198873,Entire home/apt,False,False,4.0,True,1,0,10.0,97.0,2,6.135289735035483,0.798435219383903,56.75874505147466,1.8738494966535144,129.09564596518604,5.773639022233832,-9.15339,38.7666,Quinta do Lambert
33,112.5703564727955,Private room,False,True,2.0,False,1,0,8.0,85.0,1,7.8507469085214066,0.7956381036514365,45.31452715317819,1.4960268029194,90.6723242902817,4.0552046960606924,-9.16488,38.7803,Carriche
2713,228.42401500938084,Entire home/apt,False,False,4.0,False,0,1,9.0,86.0,1,2.658784153279401,1.571717723098719,129.3073929482967,4.268991376923486,224.7990313868712,10.053851546051536,-9.11452,38.72605,São João
1768,164.8686679174484,Private room,False,True,2.0,False,0,1,7.0,70.0,1,2.401967846227244,0.2287911441643595,116.32412982197536,3.840358202386001,359.1761427467731,16.063697409108897,-9.148,38.733,São Sebastião da Pedreira
2775,128.28330206378988,Private room,False,True,2.0,False,0,1,10.0,89.0,1,1.578415232991082,0.7074687524548317,164.390513924403,5.427235600302472,363.3805069458941,16.251732265143268,-9.12425,38.71993,Santa Engrácia
1963,321.7636022514071,Entire home/apt,False,False,2.0,False,0,1,10.0,93.0,0,0.898667137382992,0.7045364932736069,218.7374677437465,7.221461529129323,770.6829053424204,34.467815415351055,-9.14977,38.7108,São Bento
2083,314.7279549718574,Entire home/apt,False,False,5.0,True,0,1,10.0,95.0,3,0.1380391427385845,0.19521459195716,526.0354953825772,17.366686796027288,1304.8622031155094,58.35830696085132,-9.141,38.713,Sacramento
883,344.9812382739212,Entire home/apt,False,False,6.0,True,0,1,10.0,95.0,2,0.4686835617685979,0.457583569547658,375.23964166257247,12.388269208844813,1599.943678477846,71.55545166819306,-9.145,38.712,
1531,164.8686679174484,Private room,False,True,2.0,False,0,1,7.0,80.0,1,0.7434450215872896,0.6402500721102032,263.67874925155616,8.705165893205729,825.1773183001823,36.905008914746894,-9.148,38.711,
1907,310.0375234521576,Entire home/apt,False,False,5.0,False,0,0,10.0,87.0,2,8.055815406220933,0.6608729084416715,70.53189728918404,2.328560296981426,115.55110108502134,5.167876432226688,-9.095,38.776,Quinta das Laranjeiras
534,315.90056285178235,Entire home/apt,False,False,3.0,True,0,0,9.0,96.0,1,0.8509605816482807,0.5894527082182287,409.6994182370856,13.52593416127431,806.4636167310514,36.0680623483297,-9.13,38.711,São Miguel
1587,228.65853658536585,Entire home/apt,False,False,4.0,False,0,1,10.0,93.0,1,0.9392071356800982,0.6514247169778937,208.50567671092728,6.883666243850829,662.5008324659957,29.629509422956,-9.15,38.71,Santa Catarina
2285,269.4652908067542,Entire home/apt,False,False,4.0,False,0,0,10.0,100.0,1,1.6495567766490276,0.5706675310350198,139.75169422392187,4.613802536340046,419.24775254217445,18.750323963010377,-9.143,38.727,Bairro Camões
310,195.1219512195122,Entire home/apt,False,False,4.0,False,0,1,8.0,77.0,1,4.629335055288875,3.707443874897801,101.22642981495846,3.3419184019091346,158.44918469411857,7.086438810165648,-9.19082,38.7009,Junqueira
345,220.68480300187616,Entire home/apt,False,False,4.0,False,1,0,10.0,93.0,2,3.153819957576679,2.2065967174271184,99.96181845319308,3.300168159518164,224.4674538683741,10.03902216210619,-9.17531,38.70725,Quinta do Cabrinha
2401,124.06191369606005,Private room,False,True,2.0,False,0,1,8.0,85.0,1,0.7079495442498076,0.1461892755161351,294.9144676669362,9.736390864391913,655.0919481248319,29.298156468148395,-9.13404,38.71701,Socorro
2670,236.39774859287053,Entire home/apt,False,False,2.0,True,0,1,10.0,94.0,1,0.6137035873949763,0.1547087363766019,336.90888431960053,11.122806586506409,744.5542669506675,33.299245204569935,-9.13427,38.71597,Socorro
2574,124.06191369606005,Private room,False,True,2.0,False,0,1,8.0,84.0,1,1.1648525975623036,0.3037879619131332,200.89022319079675,6.632247476002048,483.4243540117858,21.62054106281265,-9.132,38.721,Anjos
2706,118.19887429643526,Private room,False,True,2.0,False,0,1,3.0,40.0,1,1.962560881752382,0.5230789267073078,124.62831743082228,4.114515035079219,364.87841176825447,16.31872415839662,-9.14109,38.73002,Saldanha
1482,135.55347091932458,Private room,False,True,2.0,True,1,0,10.0,94.0,1,2.4867358793539363,1.4090069479912344,128.625760360971,4.246487763083812,238.25762098002323,10.65576989487182,-9.116,38.725,São João
2174,135.78799249530957,Private room,False,True,2.0,False,0,1,10.0,100.0,1,2.289789113463081,0.3950362197895966,112.81583785261776,3.724534444568024,328.77314925577406,14.703962088061036,-9.139,38.733,Saldanha
2135,403.1425891181988,Entire home/apt,False,False,6.0,False,0,1,9.0,89.0,2,1.5593383814647097,0.5872096661976817,145.53664014808808,4.8047884011320825,451.6272611878133,20.198456417358475,-9.144,38.726,Bairro Camões
2180,233.3489681050657,Entire home/apt,False,False,4.0,True,0,0,10.0,93.0,1,1.633750001749494,1.0800050885629988,139.34007557595558,4.600213240177748,430.5776036861264,19.25703718475964,-9.15707,38.70689,Santos-o-Velho
1239,149.859287054409,Private room,False,True,2.0,True,1,0,10.0,96.0,1,0.4621468338810681,0.3532042163627766,341.2670068656481,11.266686894851132,1115.9039895446483,49.90739053150461,-9.144,38.71,Encarnação
576,386.7260787992496,Entire home/apt,False,False,5.0,False,1,0,9.0,85.0,2,3.7642683936170576,0.4409162504697733,89.69814145952637,2.961320181978235,205.7206504559384,9.200595157733211,-9.168,38.738,Sete Rios
593,249.53095684803,Entire home/apt,False,False,3.0,False,0,1,10.0,93.0,1,0.500647857018832,0.3329928198415978,363.0283280435097,11.985121396859064,1108.1348261623673,49.55992455355717,-9.145,38.714,
788,299.718574108818,Entire home/apt,False,False,4.0,False,0,1,9.0,96.0,2,0.4687032833582575,0.4576001493200247,375.2382742250125,12.388224063868806,1598.4947789145033,71.49065147299152,-9.145,38.712,
226,255.62851782363973,Entire home/apt,False,False,4.0,False,0,1,10.0,90.0,1,0.4425484414835374,0.2906973145492572,461.90921545985,15.24960338894194,858.7903783625852,38.40831039158613,-9.13512,38.714220000000005,São Cristóvão e São Lourenço
293,240.6191369606004,Entire home/apt,False,False,2.0,False,0,1,10.0,100.0,0,3.147516951492265,2.1811615572021834,99.6433158791272,3.289653024140259,223.27056496776623,9.985492824147792,-9.17532,38.70762,Quinta do Cabrinha
1735,228.65853658536585,Entire home/apt,False,False,2.0,False,0,1,10.0,83.0,0,0.9391825510833408,0.6514139709303396,208.5104813777185,6.883824866499026,662.5166010702054,29.63021465377855,-9.15,38.71,Santa Catarina
2376,316.3696060037523,Entire home/apt,False,False,4.0,False,0,0,9.0,93.0,2,0.7717697183470843,0.5133276996998141,386.7340459780518,12.767748771357326,761.6324944897012,34.06304726940909,-9.131,38.714,São Vicente de Fora
1824,178.70544090056285,Private room,False,True,2.0,False,0,1,10.0,84.0,1,2.384047558558347,0.2728510948191991,111.79267777995555,3.6907555443225135,360.9600471125387,16.143480269182234,-9.14259,38.73373,Saldanha
2397,261.0225140712945,Entire home/apt,False,False,4.0,True,0,0,10.0,98.0,2,1.328247543223271,0.6366158351020036,185.293659347546,6.117338041681485,421.7841181872448,18.863759699386648,-9.12823,38.72034,São Vicente de Fora
2763,126.17260787992494,Private room,False,True,2.0,False,0,1,9.0,89.0,1,1.164867737422189,0.3037691594913023,200.88605066311,6.632109722975647,483.42073496496806,21.62037920553409,-9.132,38.721,Anjos
2566,132.03564727954972,Private room,False,True,2.0,False,0,1,9.0,87.0,1,1.078740542658484,0.31964671992235,314.084378585804,10.369271804476751,641.018262383268,28.66872872427188,-9.12726,38.71313,São Vicente de Fora
2052,246.24765478424013,Entire home/apt,False,False,4.0,False,0,0,9.0,100.0,1,2.0821603040777106,1.5490054293024844,121.45110207103777,4.009621535455634,325.26346664810177,14.546995985077386,-9.16261,38.70709,Santos-o-Velho
1128,89.11819887429643,Private room,False,True,2.0,False,1,0,10.0,95.0,1,3.1537193402236707,0.279284171900967,91.14730006236644,3.009163119943834,228.16917432095065,10.2045769141244,-9.13298,38.74031,
362,164.8686679174484,Private room,False,True,2.0,False,0,1,10.0,96.0,1,4.035482649887848,0.1588363454027043,79.61063777876696,2.628288440745429,195.1328531402658,8.727069352240479,-9.14681,38.7483,
51,314.7279549718574,Entire home/apt,False,False,5.0,True,0,1,10.0,95.0,2,0.9366290309700692,0.5083606867348178,471.3772854360879,15.562184968100595,902.102954590588,40.34541042616757,-9.129,38.711,São Miguel
604,164.8686679174484,Private room,False,True,2.0,False,0,1,7.0,76.0,1,0.7434629817134435,0.6402487798537243,263.6714104520875,8.704923607974123,825.1623582045843,36.90433984344651,-9.148,38.711,
1883,126.40712945590994,Private room,False,True,3.0,False,0,1,10.0,92.0,1,1.1648388409079324,0.3037863540845714,200.89293729737,6.632337080295297,483.4292795076196,21.62076134936637,-9.132,38.721,Anjos
1619,271.8105065666041,Entire home/apt,False,False,4.0,False,0,1,10.0,100.0,1,1.2512257764790289,0.5270227482391074,169.43246045812202,5.593691870006727,541.1020923583382,24.20010475252572,-9.1534,38.71565,Mercês
2405,164.39962476547842,Entire home/apt,False,False,3.0,False,0,1,9.0,89.0,0,1.3898415547347722,0.1702884307551217,221.91756250497,7.326450090138291,459.8181627729921,20.564784101502205,-9.124,38.715,São Vicente de Fora
2394,292.21388367729827,Entire home/apt,False,False,4.0,False,0,1,10.0,91.0,2,0.772075640193271,0.2357840063424296,290.4233112862213,9.588118538854012,624.8304392175993,27.94474886565193,-9.133,38.717,Socorro
2537,287.2889305816135,Entire home/apt,False,False,4.0,False,0,1,9.0,92.0,0,1.107199883146204,0.7837040680183848,182.4353686835589,6.022973613483783,584.6625302363665,26.14829008501944,-9.152,38.71,São Bento
254,228.65853658536585,Entire home/apt,False,False,4.0,False,0,1,10.0,93.0,1,0.8509585924928871,0.5894527290153246,409.7005424140299,13.525971275174545,806.4637896498696,36.06807008190452,-9.13,38.711,São Miguel
792,267.1200750469043,Entire home/apt,False,False,4.0,True,0,1,10.0,100.0,1,0.4274645611037638,0.3096054362706829,412.44985488309857,13.61673786597276,1267.8691965668093,56.703841664501,-9.14435,38.71345,
2620,210.1313320825516,Entire home/apt,False,False,4.0,True,0,1,10.0,96.0,1,1.138694930065203,0.723805191998132,178.01878949887575,5.877163400896394,597.5405539916416,26.72424336312428,-9.152,38.709,São Bento
608,192.7767354596623,Entire home/apt,False,False,4.0,True,0,1,10.0,98.0,1,1.8474127913206544,0.2380736830516101,129.9975371510515,4.291775995677435,378.6678657296794,16.935439996423025,-9.15857,38.71992,Amoreiras
539,147.2795497185741,Private room,False,True,2.0,True,0,1,10.0,98.0,1,0.4092669124712694,0.3512406483044217,367.9958791215103,12.149121553639665,1479.9154134909284,66.18733975924165,-9.144,38.711,
1938,319.4183864915572,Entire home/apt,False,False,6.0,False,0,1,9.0,88.0,2,7.660026324502015,0.3781566891160031,79.17248061264912,2.613822994329368,112.53895965049227,5.033162227135881,-9.09861,38.77347,Quinta das Laranjeiras
409,261.4915572232645,Entire home/apt,False,False,4.0,False,0,1,9.0,96.0,1,0.944749862589022,0.5252414885069622,320.0355203115679,10.565744505154385,694.1049780801196,31.042964749181905,-9.12916,38.71465,São Vicente de Fora
1589,228.65853658536585,Entire home/apt,False,False,4.0,False,0,1,10.0,92.0,1,0.9392165673532508,0.6514314607865251,208.50388457371224,6.883607077718539,662.4953783660479,29.62926549525376,-9.15,38.71,Santa Catarina
2394,292.21388367729827,Entire home/apt,False,False,4.0,False,0,1,10.0,91.0,2,0.772075640193271,0.2357840063424296,290.4233112862213,9.588118538854012,624.8304392175993,27.94474886565193,-9.133,38.717,Socorro
1340,84.66228893058161,Private room,False,True,2.0,False,1,0,9.0,100.0,1,3.114872993953559,0.3111133328400366,91.92991422101548,3.03500056835691,231.4369050243464,10.350722025078532,-9.13323,38.73999,
1510,142.8236397748593,Entire home/apt,False,False,2.0,False,0,1,9.0,77.0,0,0.8568273649821958,0.7726339118475242,233.80931294411656,7.71904775160024,692.081306220747,30.95245859207556,-9.14948,38.71212,Mercês
2327,139.30581613508443,Private room,False,True,4.0,False,0,1,8.0,82.0,1,1.95333412903781,0.2343149134488762,127.5371111980628,4.2105467872201325,392.401582215338,17.54966304654261,-9.147,38.729,Saldanha
1904,193.94934333958724,Entire home/apt,False,False,2.0,True,0,1,10.0,98.0,0,1.2164435081429157,0.3849673929394237,194.69662394619968,6.4277702132219,462.07887763746993,20.665891706349026,-9.131,38.721,São Vicente de Fora
1672,304.8780487804878,Entire home/apt,False,False,4.0,True,0,1,10.0,100.0,1,1.0857935487423975,0.8180185698557453,185.769290445762,6.13304066324538,588.8456777396281,26.335376051242527,-9.15191,38.71059,São Bento
1697,206.3789868667917,Entire home/apt,False,False,4.0,True,0,1,10.0,96.0,1,1.1386798897932089,0.7238065326389901,178.02060012668102,5.877223177482336,597.5372979355716,26.72409774014649,-9.152,38.709,São Bento
2333,156.66041275797372,Private room,False,True,2.0,False,0,1,10.0,96.0,1,0.1380488940244929,0.1952318549381217,526.0523857242468,17.367244418614032,1304.9014641764268,58.36006286200253,-9.141,38.713,Sacramento
2575,133.20825515947467,Private room,False,True,2.0,False,0,1,9.0,92.0,1,1.1648448734394243,0.3037796154725076,200.8913180312105,6.632283621377642,483.4277714356601,21.6206939027608,-9.132,38.721,Anjos
2574,124.06191369606005,Private room,False,True,2.0,False,0,1,8.0,84.0,1,1.1648525975623036,0.3037879619131332,200.89022319079675,6.632247476002048,483.4243540117858,21.62054106281265,-9.132,38.721,Anjos
585,240.38461538461536,Entire home/apt,False,False,2.0,False,0,1,9.0,92.0,0,0.2746403709083878,0.2654571451052462,459.9515292583795,15.184971774907762,1178.3717369460046,52.70118130059669,-9.137,38.711,São Cristóvão e São Lourenço
2802,201.68855534709192,Entire home/apt,False,False,4.0,False,0,0,6.0,73.0,1,1.5172663791326952,0.6094092286507462,172.84525507296328,5.7063628507587225,379.4099752055275,16.968629901446477,-9.12438,38.71902,São Vicente de Fora
2786,257.5046904315197,Entire home/apt,False,False,4.0,True,0,0,10.0,98.0,1,1.4170054307803075,0.5124379611676765,188.08716624946567,6.20956368016791,407.2222416411203,18.21249824099224,-9.125,38.718,São Vicente de Fora
901,182.4577861163227,Entire home/apt,False,False,2.0,False,1,0,9.0,88.0,1,0.6757976511429009,0.4694615963894872,282.00513516493083,9.31019845670077,882.4431308677515,39.46614974647727,-9.14678,38.71476,
2409,114.44652908067542,Private room,False,True,2.0,False,0,1,9.0,85.0,1,1.1648407466210189,0.3038002227172367,200.89334787445785,6.632350635205098,483.427402228269,21.620677390428533,-9.132,38.721,Anjos
134,212.4765478424015,Entire home/apt,False,False,2.0,False,0,1,8.0,92.0,1,0.8509664056120564,0.5894526069262604,409.696156950853,13.525826492234764,806.4631154669078,36.06803992992668,-9.13,38.711,São Miguel
2215,109.05253283302063,Private room,False,True,2.0,False,0,1,8.0,81.0,1,2.196171414738352,0.1816203973523946,118.71339222657816,3.919237997035756,378.8656244416594,16.94428450398126,-9.145,38.73171,São Sebastião da Pedreira
560,577.1575984990619,Entire home/apt,False,False,5.0,True,0,1,10.0,98.0,2,0.3011939611997578,0.2624439951319963,532.4510645111166,17.578492236252522,1366.7752814365006,61.1272908588605,-9.143,38.713,
2527,224.906191369606,Entire home/apt,False,False,4.0,False,0,1,5.0,47.0,2,1.1857353521720957,0.0581240015109509,180.81908386554184,5.9696131226916895,530.3396684040039,23.71876899211343,-9.13552,38.72256,Anjos
970,333.25515947467164,Entire home/apt,False,False,2.0,True,1,0,10.0,92.0,1,0.9279090798342348,0.5994786233329268,211.18619934662613,6.972161787350204,739.7926345799016,33.08628723639183,-9.144,38.72,São José
554,227.4859287054409,Entire home/apt,False,False,2.0,True,0,0,10.0,95.0,1,2.443832745425412,0.8838057027365758,108.6029684984601,3.585449566782301,287.0821826932978,12.839386488937638,-9.166,38.72,Santo Condestável
324,147.5140712945591,Entire home/apt,False,False,4.0,False,0,0,10.0,100.0,2,3.651324567192248,2.991341669127734,97.2337098637775,3.210101599687491,227.3743666979749,10.169030151312436,-9.178,38.699,Junqueira
374,124.29643527204502,Private room,False,True,2.0,False,0,1,10.0,96.0,1,3.863523973488895,2.902950946480688,98.04753702971536,3.236969523280104,189.35762352573204,8.468779532970936,-9.183,38.70479,Santo Amaro
1687,295.96622889305814,Entire home/apt,False,False,4.0,True,0,1,9.0,100.0,1,1.086178345610077,0.8538815096250018,186.10617376202143,6.144162625720612,589.6213092256995,26.37006518565425,-9.152,38.711,São Bento
529,321.5290806754221,Entire home/apt,False,False,4.0,True,0,1,9.0,96.0,1,0.9689762872574608,0.4833780591793816,546.5470523181874,18.043861222708426,806.4804065041558,36.068813249635824,-9.12864,38.71092,São Miguel
2257,211.30393996247653,Entire home/apt,False,False,3.0,True,0,0,10.0,98.0,1,1.3551332216998724,0.9623445629044632,157.35357822225455,5.1949161857083785,511.3347831870533,22.86879960638177,-9.15477,38.70947,Santos-o-Velho
2579,135.31894934333957,Private room,False,True,2.0,False,0,1,8.0,81.0,1,1.1648468113039638,0.3037769192072899,200.8907672330876,6.632265437170356,483.4273335523272,21.620674318984147,-9.132,38.721,Anjos
1279,177.5328330206379,Private room,False,True,2.0,True,1,0,10.0,100.0,1,0.4621505709558174,0.3532001255785228,341.26715568805275,11.266691808116704,1115.871926452667,49.90595655038422,-9.144,38.71,Encarnação
839,246.24765478424013,Entire home/apt,False,False,3.0,False,1,0,10.0,100.0,1,0.4686910707680746,0.4575904688799255,375.2387775963629,12.388240682315017,1599.4215103199397,71.5320983596433,-9.145,38.712,
2749,85.60037523452156,Shared room,True,False,6.0,False,0,1,10.0,92.0,1,2.0082687671243624,0.1009174333743177,127.90136930474756,4.222572508881952,387.2537399781109,17.31943233195156,-9.14988,38.72859,São Sebastião da Pedreira
2548,280.2532833020638,Entire home/apt,False,False,4.0,False,0,1,9.0,94.0,2,0.971016654523368,0.416941010556387,250.46061452819063,8.268778600364529,556.4129872669868,24.88486510713701,-9.13121,38.71812,São Vicente de Fora
3,191.6041275797373,Entire home/apt,False,False,4.0,False,0,1,9.0,89.0,1,0.8509777965987042,0.5894446521743438,409.6955071937196,13.52580504096631,806.46320489882,36.06804392965552,-9.13,38.711,São Miguel
2175,136.25703564727954,Private room,False,True,2.0,True,0,1,10.0,97.0,1,2.2897807716674183,0.3950288680073721,112.81605657881798,3.724541665657564,328.7750038447685,14.70404503220147,-9.139,38.733,Saldanha
1945,156.66041275797372,Private room,False,True,2.0,False,0,1,10.0,97.0,1,0.1380452692524255,0.1952317354084873,526.0708921813153,17.367855396098317,1304.910100933746,58.36044913001886,-9.141,38.713,Sacramento
2384,292.21388367729827,Entire home/apt,False,False,5.0,False,0,1,9.0,93.0,2,0.7720817600661839,0.2357806685632922,290.41981816818105,9.588003216052645,624.827573169073,27.94462068526686,-9.133,38.717,Socorro
2226,142.8236397748593,Private room,False,True,2.0,False,0,1,10.0,95.0,1,1.4407537130435746,0.3192861758229038,158.75279126466066,5.241110206609402,532.113790615162,23.798114357729528,-9.147,38.724,Coração de Jesus
884,340.29080675422136,Entire home/apt,False,False,6.0,False,0,1,9.0,94.0,1,0.7040241184593617,0.4878020015215311,269.01771418806624,8.88142801369231,863.8779797340301,38.63584690986395,-9.147,38.715,
2457,234.05253283302065,Entire home/apt,False,False,4.0,True,0,0,10.0,99.0,1,1.250365488256484,0.7125312959054457,201.04371996978625,6.637315062711137,446.5752906340751,19.972513442208832,-9.128,38.719,São Vicente de Fora
2354,292.21388367729827,Entire home/apt,False,False,5.0,False,0,1,10.0,94.0,2,0.7720674107303529,0.2357748525221186,290.42449439356267,9.588157598299285,624.834026069583,27.944909283057378,-9.133,38.717,Socorro
525,154.08067542213882,Private room,False,True,2.0,False,0,1,9.0,90.0,1,0.8509595445051277,0.5894661987246805,409.6900500425219,13.525624877010682,806.4618520537533,36.06798342537584,-9.13,38.711,São Miguel
2403,292.21388367729827,Entire home/apt,False,False,6.0,False,0,1,9.0,93.0,2,0.7720835942807608,0.2357792351447315,290.41865971165805,9.587964970436564,624.8267057727727,27.94458189206752,-9.133,38.717,Socorro
712,253.0487804878049,Entire home/apt,False,False,5.0,False,1,0,9.0,84.0,2,3.7642685562418654,0.4409077657329259,89.69873336097099,2.96133972318238,205.72143851670967,9.200630402751644,-9.168,38.738,Sete Rios
2333,156.66041275797372,Private room,False,True,2.0,False,0,1,10.0,96.0,1,0.1380488940244929,0.1952318549381217,526.0523857242468,17.367244418614032,1304.9014641764268,58.36006286200253,-9.141,38.713,Sacramento
1891,138.13320825515947,Private room,False,True,2.0,False,0,1,9.0,93.0,1,0.2323284774043811,0.2648198340226514,497.19262386637536,16.414459959023382,1146.449469500053,51.27349837894467,-9.137,38.712,São Cristóvão e São Lourenço
1796,168.38649155722325,Private room,False,True,2.0,False,0,1,10.0,89.0,1,2.3619282444985306,0.1990600666154203,113.8326594751144,3.758104085400881,376.6497777338592,16.845183570531542,-9.14451,38.73331,São Sebastião da Pedreira
181,182.4577861163227,Entire home/apt,False,False,2.0,False,0,0,10.0,94.0,1,0.9697843620269196,0.4295669306845706,421.64005904319424,13.920145903340758,740.2399330174588,33.10629209166295,-9.12848,38.71212,Alfama
1795,159.00562851782362,Private room,False,True,4.0,False,0,1,9.0,93.0,0,2.466283749717028,0.2083253738373881,109.98437569855794,3.6310557404957846,357.29496360796844,15.979564058193684,-9.14299,38.73444,Saldanha
2446,222.0919324577861,Entire home/apt,False,False,4.0,True,0,1,10.0,98.0,1,1.1386842719071215,0.7237968233263264,178.02003159291144,5.87720440774532,597.5299274190021,26.723768103141605,-9.152,38.709,São Bento
2681,332.7861163227017,Entire home/apt,False,False,5.0,False,1,0,9.0,91.0,2,1.1914078647638198,0.6451628874249217,208.6673714519523,6.88900448043105,467.1299793726748,20.89179582469177,-9.12881,38.71896,São Vicente de Fora
1102,124.29643527204502,Private room,False,True,2.0,False,0,1,8.0,73.0,1,1.4071943632952368,0.3028678023601827,165.76473132805822,5.4726044080130105,533.0154178033634,23.8384384901074,-9.14746,38.72347,Coração de Jesus
2383,292.21388367729827,Entire home/apt,False,False,4.0,False,0,1,10.0,95.0,2,0.7720703121884418,0.2357746120130797,290.4231839502185,9.588114334946676,624.8326934879431,27.944849685033763,-9.133,38.717,Socorro
494,246.24765478424013,Entire home/apt,False,False,4.0,False,0,1,8.0,86.0,2,0.99114364292332,0.4036395133787972,387.7667365119625,12.80184231298536,709.4849975931921,31.730816614049136,-9.12823,38.71241,Alfama
1589,228.65853658536585,Entire home/apt,False,False,4.0,False,0,1,10.0,92.0,1,0.9392165673532508,0.6514314607865251,208.50388457371224,6.883607077718539,662.4953783660479,29.62926549525376,-9.15,38.71,Santa Catarina
2034,205.44090056285177,Entire home/apt,False,False,2.0,False,0,0,10.0,91.0,1,1.7549462528548634,1.2115657308723515,132.90637774514948,4.387809293773659,416.0493565431857,18.60727975876744,-9.15947,38.70946,Santos-o-Velho
1033,128.98686679174483,Private room,False,True,2.0,True,0,1,10.0,97.0,1,2.2897705743811,0.3950219198573743,112.81633114390166,3.724550730228026,328.7773948496979,14.704151966864211,-9.139,38.733,Saldanha
633,270.4033771106942,Entire home/apt,False,False,5.0,False,0,1,9.0,88.0,2,1.5358442079744277,0.2003235305835025,148.8446615658251,4.914000369489099,495.0762441332765,22.14165706936148,-9.15372,38.72072,São Mamede
1943,316.8386491557223,Entire home/apt,False,False,4.0,False,0,1,9.0,87.0,1,7.835021074128512,0.3909245969394728,73.31534505073135,2.4204538401210174,107.22562159713794,4.795529922081693,-9.098,38.775,Quinta das Laranjeiras
2029,379.6904315196998,Private room,False,True,2.0,False,0,1,9.0,100.0,1,0.1380630585419998,0.1952332730919983,525.9838540984545,17.364981895854246,1304.8712373342753,58.35871100482672,-9.141,38.713,Sacramento
826,265.9474671669793,Entire home/apt,False,False,4.0,False,0,1,10.0,100.0,1,1.7033835718994712,0.2339216464571445,139.0453527555523,4.590483176411113,450.69371351899673,20.15670468197269,-9.15491,38.72198,Rato
531,232.4108818011257,Entire home/apt,False,False,5.0,False,0,1,9.0,86.0,1,0.8509449811295176,0.5894711187936926,409.6947601237249,13.525780376983128,806.4624725154919,36.068011174740114,-9.13,38.711,São Miguel
758,255.62851782363973,Entire home/apt,False,False,4.0,False,0,1,8.0,88.0,1,0.3392040324706329,0.2679216272017611,417.8565756957573,13.795236898397784,1417.0567756477956,63.37606691094243,-9.14305,38.7109,
417,223.03001876172607,Entire home/apt,False,False,4.0,False,0,1,10.0,85.0,1,5.555052543912654,4.41073650199614,114.3285005837995,3.774473926049878,137.95052653594846,6.169662324323828,-9.20283,38.70503,Restelo
2479,303.70544090056285,Entire home/apt,False,False,4.0,True,0,1,10.0,93.0,1,0.7720743348431695,0.2357865459389928,290.424527183842,9.588158680846975,624.8310864350123,27.9447778116298,-9.133,38.717,Socorro
1050,193.94934333958724,Entire home/apt,False,False,3.0,False,0,1,9.0,97.0,0,0.1380484735042505,0.1952256555081639,526.0301995004818,17.36651195625608,1304.879651788763,58.359087330630885,-9.141,38.713,Sacramento
64,162.52345215759848,Private room,False,True,2.0,False,0,1,10.0,91.0,1,0.6871715399521127,0.3259895966176073,411.928568165683,13.599527956695248,927.652298157512,41.48807241067966,-9.133,38.709,Sé
1703,147.2795497185741,Private room,False,True,2.0,False,1,0,10.0,92.0,1,0.8425592339292595,0.704169363649645,239.73583422880623,7.914707625971151,703.1750728565514,31.448613233645027,-9.14923,38.71341,Mercês
2491,257.2701688555347,Entire home/apt,False,False,4.0,True,0,1,9.0,90.0,1,0.7720590908074029,0.2357657788798569,290.4257370738805,9.588198624503898,624.8376560126011,27.94507162765468,-9.133,38.717,Socorro
2755,204.9718574108818,Entire home/apt,False,False,3.0,False,0,1,9.0,88.0,1,1.3898405836769898,0.1703136690738026,221.9181800589276,7.32647047824186,459.81148628690073,20.56448550413016,-9.124,38.715,São Vicente de Fora
831,299.953095684803,Entire home/apt,False,False,3.0,True,0,1,9.0,80.0,0,0.4645757976537222,0.4488209706341791,366.70949974845854,12.106652655877523,1458.813534675406,65.24358499461849,-9.14492,38.71178,
2329,272.98311444652904,Entire home/apt,False,False,3.0,False,1,0,8.0,90.0,2,1.2307809355818125,0.6901204286755985,203.47816489175025,6.717686525954656,453.0208272937713,20.260781893862863,-9.12827,38.718990000000005,São Vicente de Fora
372,484.5215759849906,Entire home/apt,False,False,6.0,False,0,0,10.0,88.0,3,0.5526985648624256,0.2690333965116705,451.3276065880945,14.900259117144865,1067.627433519895,47.748282796773246,-9.13487,38.70907,Sé
2408,126.17260787992494,Private room,False,True,4.0,False,0,1,9.0,89.0,1,1.1648512737269887,0.3037900950830753,200.89061624210103,6.632260452310598,483.42462764952046,21.62055330091325,-9.132,38.721,Anjos
2559,321.06003752345214,Entire home/apt,False,False,4.0,False,1,0,9.0,92.0,2,1.292567862644451,0.6114336594246118,200.48376269996533,6.61882847271959,436.9861121832008,19.54364959880654,-9.12684,38.71831,São Vicente de Fora
906,262.42964352720446,Entire home/apt,False,False,4.0,True,0,1,10.0,99.0,1,0.4092551170643216,0.3512389913561601,368.00346295973225,12.149371928650988,1479.9309398400749,66.18803415551376,-9.144,38.711,
542,251.8761726078799,Entire home/apt,False,False,6.0,False,0,1,9.0,93.0,2,0.5581969610787332,0.4582209478363253,613.0321575263036,20.23881956465556,1050.1516050336131,46.96669853388127,-9.146,38.713,
2792,437.1482176360225,Entire home/apt,False,False,6.0,True,0,1,10.0,98.0,3,1.277626391724594,0.146831607134723,174.5532889105288,5.762752370010544,469.9433626074028,21.017620821399284,-9.13395,38.72299,Anjos
611,162.52345215759848,Private room,False,True,2.0,True,0,1,10.0,96.0,1,0.4092860981753793,0.3512732533540275,367.9875559461237,12.14884676993903,1480.097963209627,66.19550406386631,-9.144,38.711,
14,213.18011257035647,Entire home/apt,False,False,4.0,True,0,1,10.0,96.0,1,1.043291350579638,0.3520534225543664,376.2407567912145,12.42132031098241,702.7102550597278,31.427824847252094,-9.12763,38.71239,Santo Estêvão
415,227.4859287054409,Entire home/apt,False,False,4.0,False,0,1,10.0,100.0,1,5.637841963083067,4.502232524915427,118.90261233351715,3.9254849639449576,136.76832125677635,6.116789692709594,-9.20369,38.7045,
1339,84.66228893058161,Private room,False,True,2.0,False,1,0,8.0,100.0,1,2.9426033269356875,0.2025449220630843,95.72270615667613,3.1602168897027,246.95699036422536,11.044838156391664,-9.13378,38.738490000000006,
2490,268.76172607879926,Entire home/apt,False,False,4.0,True,0,1,10.0,96.0,1,0.7720566014767365,0.2357623629472432,290.4259282822662,9.588204937112414,624.838728383698,27.945119588091806,-9.133,38.717,Socorro
2264,333.25515947467164,Entire home/apt,False,False,4.0,False,0,1,10.0,98.0,2,1.3916032027803962,0.635606233359474,156.0138240613825,5.150685157384677,472.5842066111423,21.135729219847786,-9.15545,38.71428,Lapa
2092,129.9249530956848,Private room,False,True,2.0,False,0,1,10.0,96.0,1,2.802126259397319,0.3455926782876914,123.33196564666687,4.071716905275213,358.4587389579627,16.03161243460177,-9.151,38.736,São Sebastião da Pedreira
2639,148.45215759849904,Private room,False,True,2.0,False,1,0,8.0,88.0,1,1.2059270220507634,0.2828512822859706,255.2388499425299,8.426528635498878,522.7532137785898,23.37947443157101,-9.12609,38.71473,São Vicente de Fora
1050,193.94934333958724,Entire home/apt,False,False,3.0,False,0,1,9.0,97.0,0,0.1380484735042505,0.1952256555081639,526.0301995004818,17.36651195625608,1304.879651788763,58.359087330630885,-9.141,38.713,Sacramento
440,211.30393996247653,Entire home/apt,False,False,2.0,False,0,1,8.0,100.0,0,0.9162563664170102,0.5334947777109346,436.8200326445224,14.421301907869497,908.619283953892,40.63684499169772,-9.12926,38.7109,São Miguel
740,212.4765478424015,Entire home/apt,False,False,4.0,False,0,1,8.0,80.0,1,2.0949018988907664,0.4791224491797947,120.39257656519165,3.974675070650504,340.1138639241626,15.211161167161544,-9.16128,38.72066,Amoreiras
1183,405.2532833020638,Entire home/apt,False,False,4.0,False,0,1,10.0,86.0,2,1.351093996372808,0.318945929766585,168.31092571146218,5.556665200044204,564.8471416778557,25.26207196537041,-9.14882,38.722190000000005,Coração de Jesus
531,232.4108818011257,Entire home/apt,False,False,5.0,False,0,1,9.0,86.0,1,0.8509449811295176,0.5894711187936926,409.6947601237249,13.525780376983128,806.4624725154919,36.068011174740114,-9.13,38.711,São Miguel
243,91.69793621013132,Private room,False,True,2.0,False,0,1,10.0,95.0,1,4.577665243568925,0.7958844152631732,73.47227767460032,2.4256348587989094,151.3818552077849,6.770361463015738,-9.125,38.752,Bairro da Flamenga
2510,257.2701688555347,Entire home/apt,False,False,4.0,True,0,1,10.0,100.0,1,0.9593433414966164,0.4019058583289447,252.99250736789483,8.352367237128039,560.1846475911537,25.053547831201108,-9.1314,38.71813,Anjos
322,333.48968105065666,Entire home/apt,False,False,4.0,False,0,1,10.0,88.0,1,0.8603464691769613,0.6085912401275091,380.97717579293897,12.577689807071026,816.0772779372494,36.49802115191017,-9.13008,38.71034,São Miguel
1055,147.2795497185741,Entire home/apt,False,False,2.0,False,0,0,10.0,97.0,1,6.723304523372025,0.1855641167893143,56.99922120769277,1.881788645482084,111.43893662881226,4.983965092748869,-9.19103,38.75765,
1727,200.9849906191369,Entire home/apt,False,False,4.0,False,0,1,10.0,93.0,1,1.2521144705158875,0.9079910421611764,166.3964081458197,5.493458767740953,542.6018996046386,24.26718172927677,-9.15371,38.71,Santos-o-Velho
2387,190.66604127579737,Entire home/apt,False,False,3.0,False,0,1,10.0,93.0,0,0.3499400779609996,0.1889974145324299,378.43608037096624,12.493797353615726,1041.3620174674018,46.57359537860287,-9.13913,38.7155,Pena
2455,124.06191369606005,Private room,False,True,2.0,False,0,1,10.0,93.0,1,0.7430843081968785,0.146396405591299,268.93292075877,8.878628619085148,650.1670629995714,29.0778972275936,-9.135,38.718,Socorro
911,275.093808630394,Entire home/apt,False,False,2.0,False,0,1,10.0,80.0,1,0.4416600045044986,0.3151045426561753,404.39660586496814,13.35086559192295,1208.4583714692906,54.04676786807997,-9.14449,38.71353,
526,234.52157598499065,Entire home/apt,False,False,3.0,False,0,1,8.0,86.0,1,0.8509550858220751,0.5894666156896641,409.6922962766363,13.525699034828314,806.462191761217,36.06799861836127,-9.13,38.711,São Miguel
2811,122.6547842401501,Private room,False,True,2.0,False,1,0,10.0,90.0,1,1.3711674478562583,0.2332964126557599,162.18305952672085,5.354358067364933,444.2360568432876,19.8678941779754,-9.13507,38.7242,Anjos
1081,100.84427767354596,Shared room,True,False,4.0,False,0,1,9.0,91.0,1,6.870288762045598,1.188312124731455,53.18973567935981,1.756021197077406,105.16264985674532,4.703266127644283,-9.20235,38.75005,
1969,164.8686679174484,Private room,False,True,2.0,False,0,1,8.0,72.0,1,0.7434164597643711,0.6402302705392554,263.6884743882372,8.705486961658847,825.1936915181271,36.90574118615186,-9.148,38.711,
612,612.1013133208255,Entire home/apt,False,False,4.0,True,0,1,10.0,98.0,1,0.5581999181227868,0.458215638833793,612.962764730047,20.23652861096693,1050.132272889873,46.965833928273206,-9.146,38.713,
1267,271.8105065666041,Entire home/apt,False,False,4.0,False,0,1,10.0,87.0,2,2.941792777014613,0.499246000064469,95.83433321051842,3.163902177290817,217.2533064468506,9.71637856902724,-9.122,38.735,Picheleira
1057,213.64915572232644,Entire home/apt,False,False,4.0,False,1,0,9.0,91.0,1,0.5207549142892955,0.4047897482039948,311.03404884744344,10.268567343170032,1002.3264391288632,44.8277786497286,-9.14451,38.70965,
2453,258.44277673545963,Entire home/apt,False,False,4.0,False,1,0,10.0,97.0,1,1.0573152230168203,0.5828915635111828,246.68897415768325,8.144260582860376,534.4564682733451,23.90288764456407,-9.129,38.717,São Vicente de Fora
2116,205.44090056285177,Entire home/apt,False,False,4.0,False,0,1,8.0,94.0,1,1.3876844065832832,0.9602243295067228,155.00549108679186,5.117395763209695,520.0405285759138,23.258153026622697,-9.155,38.709,Madragoa
2660,289.8686679174484,Entire home/apt,False,False,4.0,True,0,1,10.0,100.0,1,1.247287454307106,0.4427291303865984,221.75446087456103,7.321065406108225,467.17663292546,20.89388234566521,-9.12639,38.7167,São Vicente de Fora
2167,206.61350844277672,Private room,False,True,3.0,True,0,0,10.0,98.0,1,1.9752447280616845,0.4864883017541589,123.63797969137364,4.081819740761139,354.2360851748929,15.842759600123602,-9.13808,38.73013,Anjos
2479,303.70544090056285,Entire home/apt,False,False,4.0,True,0,1,10.0,93.0,1,0.7720743348431695,0.2357865459389928,290.424527183842,9.588158680846975,624.8310864350123,27.9447778116298,-9.133,38.717,Socorro
223,139.30581613508443,Private room,False,True,2.0,False,0,1,8.0,90.0,1,2.5782686211428385,1.9539831815083064,107.23932674596044,3.540429906653807,280.86750301718354,12.561442823057742,-9.16779,38.705090000000006,Ceuta Sul
2384,292.21388367729827,Entire home/apt,False,False,5.0,False,0,1,9.0,93.0,2,0.7720817600661839,0.2357806685632922,290.41981816818105,9.588003216052645,624.827573169073,27.94462068526686,-9.133,38.717,Socorro
1697,206.3789868667917,Entire home/apt,False,False,4.0,True,0,1,10.0,96.0,1,1.1386798897932089,0.7238065326389901,178.02060012668102,5.877223177482336,597.5372979355716,26.72409774014649,-9.152,38.709,São Bento
1587,228.65853658536585,Entire home/apt,False,False,4.0,False,0,1,10.0,93.0,1,0.9392071356800982,0.6514247169778937,208.50567671092728,6.883666243850829,662.5008324659957,29.629509422956,-9.15,38.71,Santa Catarina
1846,159.00562851782362,Private room,False,True,2.0,False,1,0,8.0,80.0,1,2.6708180369208185,0.1126582605017894,107.94992899096356,3.5638899330851945,336.7666384065896,15.06146075147372,-9.14541,38.73601,São Sebastião da Pedreira
1169,170.73170731707316,Private room,False,True,2.0,True,0,1,10.0,98.0,1,1.856810360817837,0.3154749396368654,130.56470560445325,4.310500657753046,339.38998907004947,15.178786782466585,-9.132,38.728,
1763,131.09756097560975,Private room,False,True,2.0,True,0,1,10.0,97.0,1,2.2897792334012905,0.3950170768241767,112.81606014670152,3.724541783448695,328.7747149624926,14.704032112308097,-9.139,38.733,Saldanha
1347,521.5759849906191,Entire home/apt,False,False,4.0,True,0,1,10.0,100.0,1,1.450083078380655,0.3608036761962143,156.48372900875367,5.166198734161399,525.536562710191,23.503956182166373,-9.14644,38.7243,Coração de Jesus
2114,119.37148217636022,Private room,False,True,2.0,True,0,1,10.0,95.0,1,2.289788212268232,0.3950483041391082,112.81590685949448,3.7245367227808543,328.7741259005998,14.7040057672621,-9.139,38.733,Saldanha
2083,314.7279549718574,Entire home/apt,False,False,5.0,True,0,1,10.0,95.0,3,0.1380391427385845,0.19521459195716,526.0354953825772,17.366686796027288,1304.8622031155094,58.35830696085132,-9.141,38.713,Sacramento
1920,186.91369606003752,Private room,False,True,2.0,True,0,1,10.0,94.0,1,0.1475855095681949,0.2178427218898858,512.3066659154118,16.913439280365004,1285.5179727331806,57.49316079301996,-9.138,38.712,
1712,147.2795497185741,Private room,False,True,2.0,False,1,0,10.0,95.0,1,0.8508468997620836,0.6602000165949429,232.1297967406084,7.663599721702624,750.0314000997951,33.54420303752661,-9.14897,38.71466,Mercês
2665,266.4165103189493,Private room,False,True,3.0,False,0,1,10.0,95.0,1,0.6824265149063031,0.1411240934729824,304.7852161147417,10.06226658616376,670.5927356985381,29.99140953134653,-9.13408,38.71672,Socorro
2739,295.4971857410882,Entire home/apt,False,False,4.0,False,0,1,8.0,84.0,2,2.5471483087931857,0.3085459443195457,118.03123536461928,3.896717074642896,354.6770659157129,15.862481904421449,-9.15111,38.73349,São Sebastião da Pedreira
1853,404.0806754221388,Entire home/apt,False,False,4.0,True,0,1,10.0,98.0,1,1.762843093174664,0.156327856729202,134.25094727795604,4.4321992981682286,368.9252337410048,16.499713138181466,-9.1348,38.7278,Anjos
934,394.93433395872415,Entire home/apt,False,False,4.0,False,0,1,10.0,95.0,1,0.4092696791084054,0.3512496434638933,367.9952542425135,12.149100923705149,1479.9715231903529,66.18984919437945,-9.144,38.711,
2354,292.21388367729827,Entire home/apt,False,False,5.0,False,0,1,10.0,94.0,2,0.7720674107303529,0.2357748525221186,290.42449439356267,9.588157598299285,624.834026069583,27.944909283057378,-9.133,38.717,Socorro
2726,193.48030018761725,Shared room,True,False,6.0,False,0,1,2.0,40.0,1,2.429121895790844,0.3206522321717218,119.08475456757895,3.93149825992792,358.1853149624475,16.01938389321047,-9.152,38.732,São Sebastião da Pedreira
821,212.4765478424015,Entire home/apt,False,False,4.0,False,0,1,10.0,87.0,2,2.7249847983405244,1.2574800001998758,101.78645853641294,3.360407350825416,251.2903359085572,11.238641539492006,-9.1701,38.71813,Casal Ventoso
725,149.859287054409,Private room,False,True,2.0,True,1,0,10.0,96.0,1,0.4621538960063958,0.3532123240499405,341.2623439322526,11.266532951429932,1115.8933314493215,49.90691386170973,-9.144,38.71,Encarnação
2403,292.21388367729827,Entire home/apt,False,False,6.0,False,0,1,9.0,93.0,2,0.7720835942807608,0.2357792351447315,290.41865971165805,9.587964970436564,624.8267057727727,27.94458189206752,-9.133,38.717,Socorro
885,339.1181988742964,Entire home/apt,False,False,4.0,False,0,1,8.0,82.0,1,0.5540244129256856,0.34015365982504,319.2101676880035,10.538496076796337,1110.039082296329,49.645089993810174,-9.14528,38.71468,
583,299.484052532833,Entire home/apt,False,False,3.0,False,0,1,9.0,91.0,1,0.3803481110977872,0.3839053258017059,399.4517299910487,13.187614040836774,1618.6658650780748,72.39277771686379,-9.144,38.71221,
1968,306.0506566604128,Entire home/apt,False,False,3.0,True,1,0,10.0,97.0,1,1.690943822683075,1.0359653182341415,136.39481969520895,4.502977717358353,410.00885864855206,18.337126152133926,-9.159,38.711,Lapa
2286,206.14446529080675,Private room,False,True,2.0,False,0,1,10.0,100.0,1,1.74648700892584,0.5512530603946346,134.39321434133572,4.436896143823688,397.3322265354304,17.77017985978136,-9.142,38.728,Saldanha
2355,292.21388367729827,Entire home/apt,False,False,3.0,False,0,1,9.0,95.0,2,0.7720632882187827,0.2357758108243335,290.4265151868377,9.588224313348356,624.8359316297574,27.94499450681918,-9.133,38.717,Socorro
2353,292.21388367729827,Entire home/apt,False,False,6.0,False,0,1,10.0,94.0,2,0.7720715217785573,0.2357868106938624,290.42580586661813,9.58820089564708,624.8323791068455,27.94483562473793,-9.133,38.717,Socorro
1240,100.84427767354596,Private room,False,True,2.0,True,0,0,10.0,98.0,1,2.322893903530264,0.5979537711127794,111.89767744123962,3.6942220332709135,282.1741112061561,12.619879217021465,-9.12822,38.7313,
2137,167.2138836772983,Entire home/apt,False,False,3.0,False,1,0,9.0,82.0,1,2.8241936461548023,0.3207777632864979,126.56596434007808,4.17848506616973,362.2705984994077,16.20209301767036,-9.15141,38.73609,São Sebastião da Pedreira
2371,448.639774859287,Entire home/apt,False,False,5.0,False,0,0,9.0,93.0,2,0.6569276920742746,0.1983290887736868,331.38545708581694,10.940454574804228,689.9709284859166,30.85807462466618,-9.13366,38.716,Socorro
2443,336.0694183864915,Entire home/apt,False,False,6.0,False,0,1,9.0,86.0,2,0.7028401922628623,0.3163590144529786,354.95615558494444,11.718624378916454,674.9413642934072,30.18589642949729,-9.13253,38.7154,São Vicente de Fora
254,228.65853658536585,Entire home/apt,False,False,4.0,False,0,1,10.0,93.0,1,0.8509585924928871,0.5894527290153246,409.7005424140299,13.525971275174545,806.4637896498696,36.06807008190452,-9.13,38.711,São Miguel
1711,307.6923076923077,Entire home/apt,False,False,4.0,False,0,1,9.0,89.0,2,1.0306551837486173,0.6959916540042577,195.87395224139647,6.466638867406377,685.0871434846482,30.639653535025968,-9.151,38.715,Mercês
2575,133.20825515947467,Private room,False,True,2.0,False,0,1,9.0,92.0,1,1.1648448734394243,0.3037796154725076,200.8913180312105,6.632283621377642,483.4277714356601,21.6206939027608,-9.132,38.721,Anjos
1449,131.09756097560975,Private room,False,True,3.0,False,1,0,9.0,93.0,1,2.558334341225617,0.1720538181286169,104.34258569675106,3.444796066404629,302.51735636093827,13.529705053410972,-9.134,38.735,
1224,85.60037523452156,Private room,False,True,2.0,False,0,1,8.0,85.0,1,2.525216460818794,0.4806766092776703,105.28510347498508,3.475912618800724,265.8635036199552,11.89040798093168,-9.12897,38.733540000000005,
694,176.36022514071294,Entire home/apt,False,False,5.0,False,1,0,9.0,88.0,2,2.683420249769178,1.0566049624212106,105.54952266208512,3.484642229721536,266.7835223373025,11.931554651122978,-9.16457,38.72662,
1580,285.6472795497186,Entire home/apt,False,False,4.0,True,0,1,10.0,96.0,0,1.1071974451408682,0.7836845506385375,182.4355261882312,6.02297881338823,584.6651849872318,26.148408815384627,-9.152,38.71,São Bento
2353,292.21388367729827,Entire home/apt,False,False,6.0,False,0,1,10.0,94.0,2,0.7720715217785573,0.2357868106938624,290.42580586661813,9.58820089564708,624.8323791068455,27.94483562473793,-9.133,38.717,Socorro
1740,129.9249530956848,Private room,False,True,3.0,False,0,1,10.0,95.0,1,2.8021280675510307,0.3455697988565663,123.33327009975132,4.071759970863669,358.4566464183152,16.031518848420188,-9.151,38.736,São Sebastião da Pedreira
896,221.85741088180112,Entire home/apt,False,False,3.0,False,0,1,9.0,86.0,1,0.4910387137151833,0.4375023326860248,340.3740612382684,11.237206931668595,1365.6421279000135,61.076612004221154,-9.145,38.711,
1139,89.11819887429643,Private room,False,True,2.0,True,0,0,10.0,97.0,1,5.20530980756778,1.0022738108178255,77.96056531488365,2.5738124749169846,130.80332010135007,5.850012581977861,-9.10571,38.75103,
886,400.7973733583489,Entire home/apt,False,False,4.0,False,0,1,9.0,91.0,1,0.4040768496777065,0.1845814014794886,381.7193257029289,12.602191357167229,1050.1417763534564,46.96625895862786,-9.14341,38.714490000000005,Encarnação
2278,215.0562851782364,Entire home/apt,False,False,4.0,True,0,1,10.0,91.0,1,0.9332352430861331,0.3129675902188659,206.33404981482929,6.811971530331669,591.7567344982759,26.46556937241929,-9.13834,38.72072,Pena
1107,217.1669793621013,Entire home/apt,False,False,4.0,True,0,0,9.0,91.0,2,1.1197804937375582,0.6696275299910599,186.2405775097272,6.14859986961595,588.4436649493514,26.3173965391062,-9.14372,38.72194,Coração de Jesus
1572,290.3377110694184,Entire home/apt,False,False,4.0,False,0,0,9.0,96.0,2,0.9392133031987022,0.6514448112208799,208.5048102373762,6.8836376378443696,662.5008281502517,29.62950922993982,-9.15,38.71,Santa Catarina
530,92.87054409005628,Private room,False,True,2.0,False,1,0,10.0,93.0,1,6.782555222902337,0.9084667327943085,52.06556629780283,1.718907546522352,106.62541279106009,4.768686344528395,-9.169,38.769,Alto da Faia
397,170.73170731707316,Entire home/apt,False,False,5.0,True,0,1,10.0,94.0,2,4.5644000018496245,0.2370769535594922,71.76509653154683,2.369273490648398,170.36536596603108,7.61937490319298,-9.14688,38.75311,São João de Brito
1986,257.7392120075047,Entire home/apt,False,False,4.0,False,0,1,10.0,96.0,1,1.586216623244533,1.0942855520879575,142.1734182423453,4.69375402802368,464.8749689438344,20.790943343493385,-9.157,38.708,Madragoa
1365,257.7392120075047,Entire home/apt,False,False,5.0,False,1,0,8.0,95.0,2,6.133307477162283,0.8202504789368363,101.66585014195634,3.356425550680968,122.0431369999888,5.458224504093556,-9.098,38.757,
1496,174.01500938086303,Private room,False,True,4.0,False,1,0,10.0,94.0,2,5.850662092635194,4.81607630822659,201.60101449181508,6.655713743982973,148.16635827965226,6.62655244140748,-9.20508,38.70013,Restelo
2326,139.30581613508443,Private room,False,True,3.0,False,0,1,9.0,84.0,1,1.983540675856652,0.2040265226853651,127.05889756182646,4.1947589050049485,397.5914160713411,17.781771783021686,-9.148,38.729,São Sebastião da Pedreira
1531,164.8686679174484,Private room,False,True,2.0,False,0,1,7.0,80.0,1,0.7434450215872896,0.6402500721102032,263.67874925155616,8.705165893205729,825.1773183001823,36.905008914746894,-9.148,38.711,
2399,117.02626641651032,Private room,False,True,2.0,False,0,1,8.0,87.0,1,0.7328349550633368,0.1749116508843751,291.55605059827366,9.625515119553672,642.8836777130408,28.752157058822785,-9.13372,38.71708,Socorro
1029,377.57973733583486,Entire home/apt,False,False,6.0,False,0,1,10.0,90.0,2,5.992445151059335,0.8637814826059294,94.27325587670497,3.112364322224596,120.45905887090474,5.387378618998305,-9.099,38.756,
2249,176.36022514071294,Entire home/apt,False,False,2.0,True,0,1,8.0,74.0,1,1.0734747441131338,0.1893469515022031,189.7095098171081,6.263124196258757,541.0341535121745,24.19706627380397,-9.13736,38.72188,Pena
222,139.30581613508443,Private room,False,True,2.0,False,0,1,10.0,93.0,1,2.526815583389051,1.8104825927689023,108.1441055352797,3.570300533240268,273.6831531366913,12.240131887206529,-9.16775,38.70662,Ceuta Sul
2383,292.21388367729827,Entire home/apt,False,False,4.0,False,0,1,10.0,95.0,2,0.7720703121884418,0.2357746120130797,290.4231839502185,9.588114334946676,624.8326934879431,27.944849685033763,-9.133,38.717,Socorro
2210,219.27767354596625,Private room,False,True,2.0,False,0,1,10.0,97.0,1,1.8325378561101868,0.3450168214496343,131.9915369764154,4.357606478111406,407.31572820987753,18.21667930920252,-9.14625,38.72805,Saldanha
1010,103.42401500938084,Private room,False,True,2.0,False,0,0,8.0,86.0,1,2.182547306294119,0.2908963201928283,115.92432305460947,3.8271588670393895,315.1742464392064,14.095768408295305,-9.13272,38.73128,Anjos
257,84.66228893058161,Private room,False,True,2.0,False,1,0,9.0,89.0,1,5.087562006121657,0.3595523797749047,71.82329015935552,2.3711947117761536,135.84135812907223,6.0753324425733055,-9.12024,38.75563,Bairro dos Lóios
1546,275.093808630394,Entire home/apt,False,False,2.0,False,0,0,9.0,94.0,1,1.022944893891408,0.7153401135428671,194.23292087078232,6.412461386825555,618.3777132266677,27.65615888027727,-9.151,38.71,São Bento
2202,261.2570356472795,Entire home/apt,False,False,4.0,True,0,1,10.0,98.0,1,1.7383994357996633,0.5509374408562889,134.59631957120067,4.44360151816565,395.1656118067361,17.673280764151833,-9.141,38.728,Pena
1969,164.8686679174484,Private room,False,True,2.0,False,0,1,8.0,72.0,1,0.7434164597643711,0.6402302705392554,263.6884743882372,8.705486961658847,825.1936915181271,36.90574118615186,-9.148,38.711,
1387,272.98311444652904,Entire home/apt,False,False,6.0,False,0,1,10.0,100.0,3,2.3310741416004688,0.2080484156301854,110.84060204886356,3.659323442928011,299.92077439422286,13.413576218426874,-9.1324,38.7326,
805,188.08630393996248,Entire home/apt,False,False,3.0,False,0,1,10.0,75.0,1,1.877744932571063,0.3315725476774223,130.94058206037317,4.322909950930522,412.0589330068329,18.42881312751529,-9.15437,38.72474,São Mamede
2763,126.17260787992494,Private room,False,True,2.0,False,0,1,9.0,89.0,1,1.164867737422189,0.3037691594913023,200.88605066311,6.632109722975647,483.42073496496806,21.62037920553409,-9.132,38.721,Anjos
1735,228.65853658536585,Entire home/apt,False,False,2.0,False,0,1,10.0,83.0,0,0.9391825510833408,0.6514139709303396,208.5104813777185,6.883824866499026,662.5166010702054,29.63021465377855,-9.15,38.71,Santa Catarina
1939,434.5684803001876,Entire home/apt,False,False,6.0,False,0,1,10.0,94.0,2,0.2390738262086513,0.1952215397282256,709.4788117109243,23.42293708229738,1152.3457078794645,51.53720016173713,-9.137,38.713,São Cristóvão e São Lourenço
1529,356.7073170731707,Entire home/apt,False,False,5.0,False,0,0,10.0,96.0,2,0.668334769392379,0.3685510714448221,262.0187481726767,8.650362141232678,853.3274765432893,38.16398903680531,-9.146,38.709,São Paulo
955,103.18949343339588,Private room,False,True,2.0,False,1,0,10.0,93.0,1,0.8058607189452182,0.5064033450700813,227.6878374569823,7.516951603245646,848.5096654937347,37.94851854847483,-9.14639,38.71734,São José
407,315.90056285178235,Entire home/apt,False,False,4.0,False,0,0,9.0,88.0,1,2.942905293665388,2.217354258485867,102.96557274646467,3.3993349657153984,241.6545027164171,10.807691121962982,-9.17196,38.70452,
2576,135.31894934333957,Private room,False,True,2.0,False,0,1,9.0,91.0,1,1.164853270433642,0.3037983547805856,200.8906849293616,6.632262719971529,483.4232099331642,21.62048989534744,-9.132,38.721,Anjos
2091,129.9249530956848,Private room,False,True,2.0,False,0,1,10.0,96.0,1,2.802114998701632,0.3455629329309836,123.3327009140127,4.071741179602361,358.4508360292806,16.031258986140454,-9.151,38.736,São Sebastião da Pedreira
2533,147.0450281425891,Private room,False,True,3.0,False,0,1,9.0,83.0,1,0.7031371314146697,0.2509400513562406,327.36049592872314,10.807573352158622,664.8155449882254,29.73303200455571,-9.133,38.716,Socorro
1897,461.3039399624765,Entire home/apt,False,False,6.0,True,0,1,10.0,99.0,2,0.147559756329967,0.2178318108020306,512.3309169402598,16.914239910658427,1285.5967541249406,57.49668419084093,-9.138,38.712,
1341,240.38461538461536,Entire home/apt,False,False,2.0,False,0,0,10.0,100.0,1,3.9258992218175015,0.4189146866009283,80.63901736508588,2.662239659512596,167.72894641704423,7.501464382871362,-9.11745,38.743190000000006,Bairro dos Alfinetes
1499,263.6022514071294,Entire home/apt,False,False,4.0,True,1,0,10.0,98.0,1,0.9143343098262408,0.7343522435617342,215.99404800455488,7.130889482606248,683.1378854920648,30.552475443726006,-9.15,38.711,São Bento
1748,217.1669793621013,Entire home/apt,False,False,2.0,False,0,1,8.0,76.0,1,1.748070941976877,0.1604731629743968,134.76440110351652,4.4491506101063045,373.4224325655762,16.700844651410744,-9.13551,38.72779,Anjos
1281,193.94934333958724,Private room,False,True,3.0,True,1,0,10.0,100.0,1,0.4621514135546172,0.3532056543836337,341.2651750965673,11.266626420301051,1115.8850342974029,49.90654278211418,-9.144,38.71,Encarnação
126,536.8198874296435,Entire home/apt,False,False,6.0,False,0,1,8.0,84.0,1,3.4547712382003044,2.5661193897890344,108.28128041178576,3.5748292639770245,221.90791831159305,9.924550180817128,-9.17821,38.70492,Santo Amaro
2383,292.21388367729827,Entire home/apt,False,False,4.0,False,0,1,10.0,95.0,2,0.7720703121884418,0.2357746120130797,290.4231839502185,9.588114334946676,624.8326934879431,27.944849685033763,-9.133,38.717,Socorro
2478,291.9793621013133,Entire home/apt,False,False,6.0,False,1,0,9.0,93.0,3,0.772064823808365,0.2357667447305354,290.4235189851577,9.5881253958863,624.8350511660358,27.944955129196007,-9.133,38.717,Socorro
2204,275.3283302063789,Entire home/apt,False,False,3.0,False,0,1,9.0,80.0,2,1.3500740963294031,0.2990092395700404,161.7334642032927,5.339514998341127,508.9408504263033,22.76173400009636,-9.15324,38.71823,São Mamede
1587,228.65853658536585,Entire home/apt,False,False,4.0,False,0,1,10.0,93.0,1,0.9392071356800982,0.6514247169778937,208.50567671092728,6.883666243850829,662.5008324659957,29.629509422956,-9.15,38.71,Santa Catarina
2676,193.24577861163223,Entire home/apt,False,False,2.0,False,0,1,9.0,92.0,0,0.97624364437947,0.4297334834078092,249.74681536208976,8.245213029862631,553.5327746429039,24.756051250756293,-9.131,38.718,São Vicente de Fora
1767,164.8686679174484,Private room,False,True,2.0,False,0,1,9.0,76.0,1,2.401978086620949,0.2288023769211407,116.32406791187164,3.840356158468071,359.1754795962025,16.06366775054076,-9.148,38.733,São Sebastião da Pedreira
446,176.36022514071294,Private room,False,True,2.0,False,0,1,10.0,90.0,1,0.4108849984546776,0.3531988176163374,459.4227612007604,15.16751487451792,1098.2559352739293,49.11810368885305,-9.136,38.71,
561,124.29643527204502,Private room,False,True,2.0,True,0,1,10.0,96.0,1,0.4910304281408648,0.437506433076095,340.3813113246574,11.23744628810113,1365.5693208383343,61.07335580073525,-9.145,38.711,
776,135.78799249530957,Private room,False,True,2.0,False,0,1,9.0,85.0,1,0.2079138977102713,0.1807508324745905,456.7830985917609,15.08036829566522,1234.2508774265268,55.200304982074165,-9.138,38.711,
2476,315.19699812382737,Entire home/apt,False,False,6.0,False,0,1,9.0,87.0,2,1.075003005858733,0.4010446665533829,287.9033339674507,9.50492328451789,575.5720747524564,25.741730993739647,-9.1276,38.71461,São Vicente de Fora
614,160.17823639774858,Private room,False,True,2.0,False,1,0,9.0,84.0,1,0.4971968293138841,0.3082385694544953,354.5812532801966,11.706247246645312,1106.0401181334792,49.46624139387078,-9.14481,38.71427,
870,344.9812382739212,Entire home/apt,False,False,4.0,False,0,1,7.0,80.0,1,3.7642687086392734,0.4409080803354069,89.6987021669009,2.961338693332398,205.72138369008945,9.200627950700596,-9.168,38.738,Sete Rios
1042,212.4765478424015,Entire home/apt,False,False,3.0,True,0,1,10.0,93.0,1,0.4207422163252139,0.2526849587663777,484.6787458489546,16.00132319916618,1140.3212111336277,50.99941979652473,-9.144,38.714,
1048,269.4652908067542,Entire home/apt,False,False,4.0,False,1,0,9.0,95.0,1,0.9279081121246844,0.5994775845657108,211.1863959741378,6.972168278867298,739.7933315938551,33.086318409456815,-9.144,38.72,São José
2044,164.8686679174484,Private room,False,True,2.0,False,0,1,6.0,60.0,1,0.7712045659336682,0.6780397256959989,256.0963310522246,8.454837762917643,790.5294259454392,35.35542587620314,-9.14838,38.71123,
533,521.5759849906191,Entire home/apt,False,False,4.0,True,0,1,10.0,99.0,1,0.3182836070268845,0.3285258060300131,493.2171942039122,16.2832139833551,1040.8267079007624,46.54965433721594,-9.136,38.712,São Cristóvão e São Lourenço
1181,228.65853658536585,Entire home/apt,False,False,6.0,False,1,0,10.0,98.0,3,1.7712184378437732,0.2068881043466545,134.6966284644621,4.446913144752483,359.1807595117821,16.06390388806807,-9.13306,38.72748,Anjos
2770,288.6960600375234,Entire home/apt,False,False,6.0,False,0,0,10.0,89.0,3,1.6860099362797207,0.508290291820616,143.5651583914316,4.739701336680217,351.18097079607736,15.706123484606014,-9.12934,38.72525,
2534,158.77110694183864,Private room,False,True,2.0,False,0,1,9.0,87.0,1,0.7031503546024656,0.2509495823495169,327.3574966400333,10.807474332781135,664.8085757923736,29.732720316110893,-9.133,38.716,Socorro
2438,100.84427767354596,Private room,False,True,2.0,False,0,1,8.0,82.0,1,0.8527892596718895,0.2583413201838556,251.04474848790667,8.288063366534033,621.4487958985865,27.79350915744989,-9.13456,38.71895,Anjos
2114,119.37148217636022,Private room,False,True,2.0,True,0,1,10.0,95.0,1,2.289788212268232,0.3950483041391082,112.81590685949448,3.7245367227808543,328.7741259005998,14.7040057672621,-9.139,38.733,Saldanha
906,262.42964352720446,Entire home/apt,False,False,4.0,True,0,1,10.0,99.0,1,0.4092551170643216,0.3512389913561601,368.00346295973225,12.149371928650988,1479.9309398400749,66.18803415551376,-9.144,38.711,
768,390.2439024390244,Entire home/apt,False,False,6.0,False,0,1,9.0,88.0,2,0.5003738810135048,0.437224858793517,334.0843178672341,11.02955553910867,1359.211237966003,60.78899860879565,-9.14502,38.71079,
389,197.46716697936208,Entire home/apt,False,False,2.0,True,0,1,10.0,95.0,0,0.9366409562686928,0.5083567624409545,471.3892936772901,15.562581411621537,902.206853807749,40.350057186870416,-9.129,38.711,São Miguel
2377,211.06941838649155,Entire home/apt,False,False,4.0,False,0,1,9.0,83.0,1,1.1897381102119648,0.7362276659070071,172.30663680823662,5.6885807528048105,601.2266224371202,26.889098098977872,-9.15243,38.70858,São Bento
208,273.21763602251406,Entire home/apt,False,False,6.0,False,0,1,9.0,85.0,2,0.7030274335784744,0.3895159353868865,389.5316268222899,12.860108908144513,707.8955357576698,31.659729949512062,-9.13211,38.7147,São Vicente de Fora
1525,193.94934333958724,Private room,False,True,2.0,False,1,0,10.0,95.0,1,7.163087283152423,6.123106429003827,136.93581454904296,4.5208382767070425,110.26105811328917,4.931285970150815,-9.2194,38.69625,Pedrouços
2355,292.21388367729827,Entire home/apt,False,False,3.0,False,0,1,9.0,95.0,2,0.7720632882187827,0.2357758108243335,290.4265151868377,9.588224313348356,624.8359316297574,27.94499450681918,-9.133,38.717,Socorro
517,243.90243902439025,Entire home/apt,False,False,2.0,False,0,1,9.0,90.0,1,0.8509714907995697,0.5894504145022315,409.69486339065134,13.525783786267068,806.4629674437534,36.06803330977885,-9.13,38.711,São Miguel
2742,179.64352720450282,Private room,False,True,2.0,False,0,1,9.0,100.0,1,1.7841554443162384,0.2311225881408315,135.15048019109716,4.461896735893183,431.7400623143765,19.30902667245783,-9.15319,38.72444,São Mamede
810,581.8480300187617,Entire home/apt,False,False,4.0,False,0,1,10.0,100.0,1,0.2988233004617324,0.1844920491579892,526.0238276027719,17.366301592596603,1144.5681828865722,51.18936022136089,-9.138,38.71,
423,404.3151969981238,Entire home/apt,False,False,6.0,False,0,0,8.0,88.0,3,5.871549940161652,0.7075928470190272,63.49688608645666,2.0963044183634745,125.53302203103604,5.614305185573689,-9.17835,38.75573,
1290,184.5684803001876,Entire home/apt,False,False,6.0,True,1,0,9.0,100.0,2,2.2482869990262087,0.1969112021628311,113.52399832370378,3.747913857574619,313.50494826125487,14.021111164606667,-9.13327,38.73201,
609,309.09943714821765,Entire home/apt,False,False,3.0,False,1,0,10.0,94.0,2,2.7067939795301177,1.0673829458548083,102.92412751830216,3.397966681059692,257.775450077682,11.52868004505553,-9.167,38.724,
325,284.7091932457786,Entire home/apt,False,False,6.0,False,0,1,9.0,88.0,2,5.565375408893339,0.71300798788983,64.68896412426598,2.135660024783153,132.5343154040633,5.92742915131548,-9.17453,38.75442,
314,90.52532833020638,Private room,False,True,2.0,False,0,1,9.0,80.0,1,7.814250881213697,0.8028846134697516,51.94306677634256,1.714863312168325,90.1433308755554,4.031546136556741,-9.11976,38.78105,
2379,239.9155722326454,Entire home/apt,False,False,3.0,False,0,1,10.0,100.0,1,0.7294912209320881,0.3691624937094773,370.0033027256597,12.215395212558557,684.3451153777614,30.606467269126103,-9.13202,38.715140000000005,São Vicente de Fora
618,566.8386491557224,Entire home/apt,False,False,6.0,False,0,1,9.0,85.0,3,0.4824555120313485,0.2313449539358449,340.9302828460003,11.255570191439949,1017.0252909011832,45.485166151376674,-9.14405,38.715,Encarnação
413,270.63789868667914,Entire home/apt,False,False,4.0,True,0,1,9.0,83.0,1,1.039175425042402,0.3599164292841552,405.6240904316817,13.39139011964815,708.909608459787,31.70508306487512,-9.12768,38.71218,Santo Estêvão
2715,147.0450281425891,Private room,False,True,2.0,False,0,1,10.0,95.0,1,2.527005017665049,0.3848299832963644,117.13792407901656,3.8672250395148566,353.4992023976827,15.80980345256724,-9.15015,38.7336,São Sebastião da Pedreira
467,225.375234521576,Entire home/apt,False,False,5.0,False,0,1,10.0,100.0,2,4.750267617034101,3.724736406399381,101.75864452096926,3.359489090938032,155.47471479105647,6.953409416537524,-9.19304,38.70336,
2533,147.0450281425891,Private room,False,True,3.0,False,0,1,9.0,83.0,1,0.7031371314146697,0.2509400513562406,327.36049592872314,10.807573352158622,664.8155449882254,29.73303200455571,-9.133,38.716,Socorro
720,121.71669793621012,Private room,False,True,2.0,True,0,0,10.0,96.0,1,2.405194514354714,0.8438293715205889,109.72394777870834,3.6224578984173146,292.30303813793773,13.07288262662104,-9.16554,38.71997,Santo Condestável
294,240.6191369606004,Entire home/apt,False,False,2.0,False,0,1,10.0,100.0,0,3.164840329121719,2.195382608914691,99.5348902947352,3.28607343078327,222.12498364395407,9.934258152483595,-9.17552,38.70761,Quinta do Jacinto
563,203.09568480300183,Entire home/apt,False,False,2.0,False,1,0,9.0,87.0,1,0.425120253532837,0.4035039877645662,371.4475720117729,12.263076733218696,1583.737897005561,70.83066864708782,-9.14443,38.71164,
1498,226.54784240150093,Entire home/apt,False,False,3.0,True,1,0,10.0,96.0,1,7.004754134224196,0.6379558450388061,79.48134024448584,2.624019774845373,109.0550099010102,4.877346993595502,-9.10606,38.76976,
252,208.95872420262663,Private room,False,True,2.0,False,0,1,9.0,90.0,1,5.90641070824126,0.1191714078909617,76.14892759229771,2.514002547274865,119.78064504929095,5.357037421319582,-9.112,38.761,
721,263.6022514071294,Entire home/apt,False,False,3.0,True,0,0,10.0,94.0,2,2.1210251052319324,0.5360758183717035,119.062957712751,3.930778652307791,333.91087760129886,14.933740471674051,-9.162,38.72,Amoreiras
3,191.6041275797373,Entire home/apt,False,False,4.0,False,0,1,9.0,89.0,1,0.8509777965987042,0.5894446521743438,409.6955071937196,13.52580504096631,806.46320489882,36.06804392965552,-9.13,38.711,São Miguel
2211,265.9474671669793,Private room,False,True,2.0,False,0,1,10.0,80.0,1,1.7021279459212226,0.478853849143745,137.53261071124982,4.540541076463131,427.3932395077819,19.114620535897203,-9.14459,38.72721,Bairro Camões
1464,135.78799249530957,Private room,False,True,2.0,False,0,1,9.0,89.0,1,2.5431211745456315,0.1720452413403879,104.85262083409371,3.4616345127888546,293.58482693537604,13.130209004779044,-9.135,38.735,
1494,251.8761726078799,Entire home/apt,False,False,2.0,False,0,1,9.0,90.0,1,1.2829408302463292,0.57727129049356,166.56632645142807,5.499068499442169,530.773018805863,23.738150039179487,-9.154,38.715,Amoreiras
1635,437.8517823639775,Entire home/apt,False,False,6.0,False,0,1,9.0,88.0,2,0.8182408000748225,0.4524482612912062,231.6583298367973,7.648034578047778,751.226299404246,33.59764339332047,-9.148,38.709,São Paulo
234,136.02251407129455,Private room,False,True,2.0,False,1,0,10.0,80.0,1,3.372487792677372,2.43716506997546,101.3150818364742,3.344845185187093,215.83667593184697,9.653021566082945,-9.1776,38.70616,Quinta do Cabrinha
1534,223.03001876172607,Entire home/apt,False,False,2.0,True,0,0,10.0,98.0,0,0.939208155597516,0.651427270575403,208.5055184386885,6.8836610186057205,662.5006568451881,29.62950156853813,-9.15,38.71,Santa Catarina
2333,156.66041275797372,Private room,False,True,2.0,False,0,1,10.0,96.0,1,0.1380488940244929,0.1952318549381217,526.0523857242468,17.367244418614032,1304.9014641764268,58.36006286200253,-9.141,38.713,Sacramento
2609,205.2063789868668,Entire home/apt,False,False,3.0,False,1,0,9.0,100.0,1,1.0021545377437744,0.498388056807479,310.9787428883382,10.266741456365502,602.8257020598448,26.960614906848463,-9.12861,38.71502,São Vicente de Fora
838,333.25515947467164,Entire home/apt,False,False,5.0,False,1,0,10.0,100.0,2,0.4686830165578544,0.457590318344384,375.2354625737992,12.38813123920882,1600.3644319955542,71.57426933559321,-9.145,38.712,
899,254.22138836772984,Entire home/apt,False,False,4.0,False,0,1,8.0,88.0,1,0.2295055157057238,0.0302171336422564,415.2310998745617,13.708558686228686,1218.7465600643268,54.5068940535628,-9.13985,38.71031,Chiado
630,382.97373358348966,Entire home/apt,False,False,6.0,True,0,1,10.0,98.0,2,0.4720509646873647,0.3844529896966662,400.5478768396266,13.223802547446695,1263.456394978323,56.50648471060706,-9.145,38.713,
2692,297.60787992495307,Entire home/apt,False,False,4.0,True,0,0,10.0,99.0,2,8.517946503096608,0.8683145690909655,57.08596634107568,1.884652474208023,89.26431799281785,3.992233400306996,-9.09673,38.78139,
1609,216.93245778611632,Entire home/apt,False,False,3.0,False,0,1,9.0,87.0,1,0.8560947874188617,0.5934096726315463,226.61695949932832,7.481597331051866,730.7977542755427,32.684002623790924,-9.149,38.71,Santa Catarina
1410,127.57973733583488,Private room,False,True,2.0,False,0,1,10.0,90.0,9,2.3670348580063907,0.1347607453307654,109.67696933556698,3.620906938614484,300.0351413935462,13.418691137409713,-9.13305,38.73307,
2575,133.20825515947467,Private room,False,True,2.0,False,0,1,9.0,92.0,1,1.1648448734394243,0.3037796154725076,200.8913180312105,6.632283621377642,483.4277714356601,21.6206939027608,-9.132,38.721,Anjos
2425,155.25328330206378,Private room,False,True,3.0,False,0,1,10.0,93.0,1,0.6952746236144813,0.1796820503340546,309.17246198673814,10.207108380348606,663.9710353303202,29.695262381273068,-9.13366,38.71654,São Vicente de Fora
2480,158.77110694183864,Private room,False,True,2.0,False,0,1,9.0,91.0,1,0.6985352841492215,0.1942979157149652,311.72392373061496,10.291343070529974,663.3167935846196,29.666002249029955,-9.13351,38.71645,São Vicente de Fora
1684,226.54784240150093,Entire home/apt,False,False,4.0,False,1,0,6.0,60.0,1,0.8560911887123298,0.5934013034108369,226.6177892875776,7.481624725919245,730.7985381442469,32.68403768132447,-9.149,38.71,Santa Catarina
63,162.52345215759848,Private room,False,True,2.0,False,0,1,9.0,90.0,1,0.6871459772593924,0.3259801492201253,411.911564434708,13.59896659064144,927.7057944714822,41.49046496546783,-9.133,38.709,Sé
1951,240.38461538461536,Entire home/apt,False,False,5.0,False,0,1,9.0,91.0,1,1.05695971031183,0.6491588294328924,188.296726970996,6.216482177964182,604.4750641157282,27.034380532764363,-9.151,38.709,São Bento
2313,187.85178236397743,Entire home/apt,False,False,3.0,False,0,1,10.0,96.0,0,1.4352300078359457,0.27180999884729,153.79674871211034,5.0774899955905095,431.8929073530377,19.315862472944914,-9.13774,38.72522,Pena
2409,114.44652908067542,Private room,False,True,2.0,False,0,1,9.0,85.0,1,1.1648407466210189,0.3038002227172367,200.89334787445785,6.632350635205098,483.427402228269,21.620677390428533,-9.132,38.721,Anjos
2831,228.42401500938084,Entire home/apt,False,False,6.0,False,0,1,9.0,91.0,0,0.1380421657508971,0.1952422272968559,526.1284605202927,17.369755973761162,1304.956613164769,58.36252933055574,-9.141,38.713,Sacramento
66,228.89305816135084,Entire home/apt,False,False,4.0,False,0,0,9.0,93.0,0,0.6871591686578268,0.3259850492425322,411.92034088781975,13.599256338982968,927.6782005781424,41.489230863588006,-9.133,38.709,Sé
1156,246.24765478424013,Entire home/apt,False,False,3.0,True,0,0,10.0,98.0,1,0.241113156058825,0.2466846004942146,472.1713462431216,15.588400319448178,1393.1338230655515,62.30614320032293,-9.14232,38.7129,Sacramento
116,240.6191369606004,Entire home/apt,False,False,4.0,False,0,1,9.0,89.0,1,1.0233716116268916,0.3836726839591541,319.70521017872545,10.554839551642727,674.2460867934948,30.154801025196377,-9.12794,38.71345,São Vicente de Fora
1697,206.3789868667917,Entire home/apt,False,False,4.0,True,0,1,10.0,96.0,1,1.1386798897932089,0.7238065326389901,178.02060012668102,5.877223177482336,597.5372979355716,26.72409774014649,-9.152,38.709,São Bento
1264,118.19887429643526,Private room,False,True,2.0,False,0,1,10.0,100.0,1,3.3074303856689418,0.3184503657834205,88.20123854269698,2.9119009995298546,213.16759332055847,9.533650231729368,-9.13047,38.7413,
2206,673.780487804878,Entire home/apt,False,False,4.0,False,0,1,10.0,100.0,2,1.3041819848619565,0.8798991145416972,161.56232915767092,5.333865096835952,549.3371402868323,24.568406825879467,-9.154,38.709,Madragoa
2047,285.6472795497186,Entire home/apt,False,False,2.0,False,0,1,10.0,100.0,1,0.9212902627126353,0.7210977061983952,213.98601105255293,7.064595574445348,692.5746787884073,30.97452405437559,-9.15004,38.71082,São Bento
2478,291.9793621013133,Entire home/apt,False,False,6.0,False,1,0,9.0,93.0,3,0.772064823808365,0.2357667447305354,290.4235189851577,9.5881253958863,624.8350511660358,27.944955129196007,-9.133,38.717,Socorro
1665,240.38461538461536,Entire home/apt,False,False,6.0,False,1,0,8.0,85.0,2,0.7434345296370521,0.6402457026211859,263.68258030667783,8.705292372758876,825.1843152924686,36.90532184635199,-9.148,38.711,
2396,126.17260787992494,Private room,False,True,2.0,False,0,1,10.0,92.0,1,0.2323424945682148,0.2648360786684777,497.1847828793926,16.41420109442908,1146.4660013934922,51.274237746909854,-9.137,38.712,São Cristóvão e São Lourenço
1658,284.4746716697936,Entire home/apt,False,False,6.0,False,0,1,10.0,96.0,2,7.229203118583262,0.4382787698430663,79.71090322984095,2.631598633119421,108.30442107317324,4.843777860309466,-9.10392,38.77121,Casal dos Machados
565,321.5290806754221,Entire home/apt,False,False,3.0,False,0,1,9.0,95.0,0,0.3585455347091748,0.3397869589432269,408.4293287134328,13.484003061274771,1597.5072183808193,71.44648408073388,-9.14365,38.71165,
1545,164.8686679174484,Private room,False,True,2.0,False,0,1,9.0,85.0,1,0.9392161967316066,0.6514526771235523,208.50437332406608,6.883623213462972,662.5004723943423,29.62949331920801,-9.15,38.71,Santa Catarina
245,449.812382739212,Entire home/apt,False,False,6.0,True,1,0,10.0,97.0,2,0.7514333260244214,0.6481753224398326,459.2175638521433,15.160740430367122,835.8493532254971,37.38230214048478,-9.131,38.712,Santiago
970,333.25515947467164,Entire home/apt,False,False,2.0,True,1,0,10.0,92.0,1,0.9279090798342348,0.5994786233329268,211.18619934662613,6.972161787350204,739.7926345799016,33.08628723639183,-9.144,38.72,São José
2216,168.38649155722325,Private room,False,True,2.0,True,0,1,10.0,97.0,1,1.5504804360275792,0.5310640899668648,146.46984237149746,4.835597407128,479.6791488706887,21.45304151325588,-9.1446,38.72579,Bairro Camões
717,496.0131332082551,Entire home/apt,False,False,5.0,False,0,1,10.0,94.0,2,0.2323465830380336,0.2648383502028191,497.1850857590167,16.414211093783905,1146.474974458041,51.27463905584047,-9.137,38.712,São Cristóvão e São Lourenço
2707,84.66228893058161,Shared room,True,False,6.0,False,0,1,9.0,80.0,1,2.4032273596798044,0.2501962697003964,117.11317199122512,3.866407866985635,365.11906134413806,16.32948690544062,-9.14888,38.73278,São Sebastião da Pedreira
507,182.2232645403377,Private room,False,True,2.0,True,0,1,10.0,100.0,1,3.0424647231003297,2.375501346543,99.55362381564616,3.2866919046184067,221.88504459372385,9.923527182798212,-9.17119,38.70053,
2176,199.812382739212,Entire home/apt,False,False,2.0,False,0,1,9.0,92.0,0,1.4769318302340857,0.9873651540933144,158.30919186094954,5.226465088599728,578.9477941232545,25.892705760871664,-9.15571,38.70808,Madragoa
1086,451.6885553470919,Entire home/apt,False,False,4.0,False,1,0,9.0,87.0,2,1.5004007597424776,0.2304274959256773,153.63971923114983,5.072305779244803,501.0702140423373,22.40972977085585,-9.14799,38.7242,Coração de Jesus
1239,149.859287054409,Private room,False,True,2.0,True,1,0,10.0,96.0,1,0.4621468338810681,0.3532042163627766,341.2670068656481,11.266686894851132,1115.9039895446483,49.90739053150461,-9.144,38.71,Encarnação
830,507.7392120075047,Entire home/apt,False,False,6.0,True,0,1,10.0,100.0,2,0.2036633631508936,0.1381043913516853,451.76894269454,14.914829514009131,1189.744996958383,53.20983592892695,-9.13844,38.71079,
605,427.2983114446529,Entire home/apt,False,False,6.0,False,0,1,10.0,95.0,3,0.4790088433258168,0.2270068655528105,343.1010698788762,11.327237177473686,1014.1519228906795,45.356658411656646,-9.144,38.715,
1976,105.53470919324576,Private room,False,True,2.0,False,0,1,9.0,90.0,1,1.830840851660247,1.2656216223930348,131.0164230696959,4.325413787775686,370.8914959651673,16.58765172217081,-9.15926,38.7064,Santos-o-Velho
1665,240.38461538461536,Entire home/apt,False,False,6.0,False,1,0,8.0,85.0,2,0.7434345296370521,0.6402457026211859,263.68258030667783,8.705292372758876,825.1843152924686,36.90532184635199,-9.148,38.711,
2620,210.1313320825516,Entire home/apt,False,False,4.0,True,0,1,10.0,96.0,1,1.138694930065203,0.723805191998132,178.01878949887575,5.877163400896394,597.5405539916416,26.72424336312428,-9.152,38.709,São Bento
1402,205.44090056285177,Private room,False,True,2.0,False,0,1,8.0,80.0,1,1.1160006806907328,0.5628009310094797,239.8106613994154,7.917177991654093,632.4085624004906,28.28367081299504,-9.14605,38.72108,Coração de Jesus
1884,240.38461538461536,Entire home/apt,False,False,4.0,False,1,0,10.0,99.0,1,7.835035013131004,0.3909023242559352,73.31427882068792,2.420418639296398,107.22433085486136,4.795472195270536,-9.098,38.775,Quinta das Laranjeiras
624,212.4765478424015,Private room,False,True,2.0,False,0,0,10.0,94.0,1,0.5576181133965933,0.3175270832363551,308.63698095378487,10.189429855864722,1076.5927441738118,48.14924494426396,-9.14504,38.71507,
2647,413.6960600375234,Entire home/apt,False,False,4.0,False,1,0,10.0,100.0,2,0.6184760166024867,0.2295091858221785,359.51380354095875,11.86909187640175,709.122343001156,31.714597347407587,-9.1337,38.71545,Mouraria
1454,154.3151969981238,Private room,False,True,2.0,True,1,0,10.0,94.0,1,2.3500926047705604,0.0419604633797127,110.2347603081433,3.639322009847156,309.85477325600186,13.8578617173403,-9.13481,38.73321,
2350,86.77298311444652,Private room,False,True,2.0,False,0,1,10.0,90.0,1,1.164838550432009,0.3037749895410113,200.8923414644273,6.63231740929555,483.4303758021451,21.62081037974849,-9.132,38.721,Anjos
1401,194.18386491557223,Private room,False,True,2.0,False,0,1,10.0,100.0,1,1.2300537647621892,0.5347528360520954,178.38186153647644,5.889149965333116,682.8946225296999,30.541595816286417,-9.14502,38.72262,Coração de Jesus
39,252.1106941838649,Entire home/apt,False,False,3.0,True,0,0,10.0,94.0,0,0.6627620731646823,0.5543782707699401,554.9948798680971,18.32276022563489,800.0395559835973,35.78075437961088,-9.13202,38.71272,Santiago
2091,129.9249530956848,Private room,False,True,2.0,False,0,1,10.0,96.0,1,2.802114998701632,0.3455629329309836,123.3327009140127,4.071741179602361,358.4508360292806,16.031258986140454,-9.151,38.736,São Sebastião da Pedreira
1035,220.68480300187616,Entire home/apt,False,False,3.0,False,0,1,10.0,95.0,1,1.0698828811761147,0.6684439169879093,196.732400133219,6.494979912447733,633.6220964830305,28.337944585602763,-9.14421,38.72132,Coração de Jesus
2689,336.30393996247653,Entire home/apt,False,False,3.0,True,0,1,10.0,98.0,1,0.7031620477296893,0.2509612128962612,327.3559851323992,10.80742443143436,664.8022851045026,29.73243897307491,-9.133,38.716,Socorro
1534,223.03001876172607,Entire home/apt,False,False,2.0,True,0,0,10.0,98.0,0,0.939208155597516,0.651427270575403,208.5055184386885,6.8836610186057205,662.5006568451881,29.62950156853813,-9.15,38.71,Santa Catarina
1312,244.6060037523452,Entire home/apt,False,False,2.0,False,0,1,10.0,93.0,1,1.8716944017966803,0.2884564017627563,129.35655440996766,4.270614407526495,342.85011775818174,15.333536649252476,-9.13285,38.72838,Anjos
481,271.8105065666041,Entire home/apt,False,False,3.0,False,1,0,10.0,100.0,1,0.4075451696594511,0.2819663998073207,473.9843697115608,15.648255996501554,971.1587747524212,43.4338443932298,-9.13561,38.71426,São Cristóvão e São Lourenço
1580,285.6472795497186,Entire home/apt,False,False,4.0,True,0,1,10.0,96.0,0,1.1071974451408682,0.7836845506385375,182.4355261882312,6.02297881338823,584.6651849872318,26.148408815384627,-9.152,38.71,São Bento
2280,235.6941838649156,Entire home/apt,False,False,2.0,False,0,1,10.0,100.0,0,2.064477152967552,0.1586252901671442,122.80470765706802,4.054309858704322,372.33461456897385,16.652193371289606,-9.14534,38.73043,Saldanha
2441,266.6510318949343,Entire home/apt,False,False,3.0,False,0,1,10.0,94.0,1,0.4952537372615699,0.2721200784650598,304.92291879162195,10.06681274185353,847.8085152359495,37.917160492527,-9.13883,38.71679,Pena
1607,213.64915572232644,Entire home/apt,False,False,4.0,False,0,1,9.0,86.0,1,0.9379864293290736,0.6208011473558789,208.17481145632297,6.872742963390027,658.7725206341635,29.4627654052288,-9.14987,38.70971,São Bento
1543,164.8686679174484,Private room,False,True,2.0,False,0,1,8.0,78.0,1,0.7434526146166321,0.640228014586555,263.67373070797623,8.705000209567856,825.1636252927998,36.90439651235978,-9.148,38.711,
880,205.44090056285177,Entire home/apt,False,False,4.0,False,1,0,10.0,92.0,1,0.5680487450403827,0.4138468077829553,365.8198852290554,12.077282666849625,995.5347297737108,44.5240280633521,-9.1459,38.71381,
2831,228.42401500938084,Entire home/apt,False,False,6.0,False,0,1,9.0,91.0,0,0.1380421657508971,0.1952422272968559,526.1284605202927,17.369755973761162,1304.956613164769,58.36252933055574,-9.141,38.713,Sacramento
578,246.24765478424013,Entire home/apt,False,False,4.0,True,0,1,10.0,98.0,2,0.4092425583079416,0.3512373995787407,368.0115615090087,12.149639296480764,1479.9486150330713,66.1888246561015,-9.144,38.711,
531,232.4108818011257,Entire home/apt,False,False,5.0,False,0,1,9.0,86.0,1,0.8509449811295176,0.5894711187936926,409.6947601237249,13.525780376983128,806.4624725154919,36.068011174740114,-9.13,38.711,São Miguel
2800,262.8986866791745,Entire home/apt,False,False,6.0,True,1,0,8.0,95.0,2,1.5775593304234228,0.3705495456671595,174.63310331191207,5.7653873855614,380.6296171133221,17.023176838791628,-9.12243,38.7169,Santa Engrácia
2831,228.42401500938084,Entire home/apt,False,False,6.0,False,0,1,9.0,91.0,0,0.1380421657508971,0.1952422272968559,526.1284605202927,17.369755973761162,1304.956613164769,58.36252933055574,-9.141,38.713,Sacramento
2185,227.4859287054409,Entire home/apt,False,False,4.0,True,0,1,10.0,100.0,1,0.984455631952486,0.1984517843119761,203.02881720519645,6.702851632485684,589.7747079340572,26.37692574831625,-9.137,38.721,Anjos
1665,240.38461538461536,Entire home/apt,False,False,6.0,False,1,0,8.0,85.0,2,0.7434345296370521,0.6402457026211859,263.68258030667783,8.705292372758876,825.1843152924686,36.90532184635199,-9.148,38.711,
403,316.1350844277673,Entire home/apt,False,False,4.0,False,0,0,9.0,90.0,2,3.464205999830161,2.787373685245316,104.84856010633548,3.4615004507573746,229.59565309300496,10.268374367873864,-9.1767,38.70093,Junqueira
46,82.3170731707317,Private room,False,True,2.0,False,0,1,10.0,91.0,1,7.371780178623876,0.481821570374786,55.4841508063755,1.831769676487468,96.64470545088922,4.322311868163435,-9.12,38.777,Bairro da Encarnação
581,270.63789868667914,Entire home/apt,False,False,3.0,False,0,1,10.0,91.0,1,1.3534692406262214,0.3350308637792731,160.66669483135055,5.304296368175039,497.7075087252786,22.25933704077045,-9.15379,38.71744,São Mamede
574,437.8517823639775,Entire home/apt,False,False,6.0,True,0,0,10.0,100.0,2,2.525589745333688,0.9707631729374452,106.33779044142577,3.510666328390492,277.38516355322054,12.405699607494736,-9.167,38.72,Santo Condestável
1542,164.8686679174484,Private room,False,True,2.0,False,0,1,9.0,76.0,1,0.9392074804777386,0.6514179766257315,208.5054751327285,6.883659588890331,662.499047100372,29.62942957474301,-9.15,38.71,Santa Catarina
350,449.812382739212,Entire home/apt,False,False,3.0,False,0,0,10.0,99.0,1,4.404310352879996,3.4944581782441246,98.10592874000172,3.238897283959618,164.75777443559002,7.368582484604104,-9.18834,38.70148,Junqueira
462,361.1632270168855,Entire home/apt,False,False,5.0,False,0,0,10.0,100.0,2,1.0988596748586434,0.3070061922118497,383.5430754459642,12.662401154528132,693.4087568003469,31.011827135523813,-9.127,38.712,São Vicente de Fora
1805,216.93245778611632,Private room,False,True,2.0,False,0,1,8.0,100.0,1,3.106272766676998,0.2836100401103542,97.56790239398468,3.221134727779843,275.4979714399682,12.321297333924146,-9.14404,38.74015,
504,228.65853658536585,Entire home/apt,False,False,4.0,False,1,0,9.0,92.0,2,1.0135331302649762,0.3823671582003673,339.8640910281773,11.220370628811285,674.324044922386,30.158287603629763,-9.128,38.713,Alfama
534,315.90056285178235,Entire home/apt,False,False,3.0,True,0,0,9.0,96.0,1,0.8509605816482807,0.5894527082182287,409.6994182370856,13.52593416127431,806.4636167310514,36.0680623483297,-9.13,38.711,São Miguel
526,234.52157598499065,Entire home/apt,False,False,3.0,False,0,1,8.0,86.0,1,0.8509550858220751,0.5894666156896641,409.6922962766363,13.525699034828314,806.462191761217,36.06799861836127,-9.13,38.711,São Miguel
1050,193.94934333958724,Entire home/apt,False,False,3.0,False,0,1,9.0,97.0,0,0.1380484735042505,0.1952256555081639,526.0301995004818,17.36651195625608,1304.879651788763,58.359087330630885,-9.141,38.713,Sacramento
227,223.03001876172607,Entire home/apt,False,False,2.0,False,0,1,10.0,100.0,1,0.9250981774268804,0.4764100928132611,421.289426380874,13.908570016009156,760.1182657861289,33.995325311273575,-9.129,38.712,Alfama
1681,289.16510318949344,Entire home/apt,False,False,4.0,True,1,0,10.0,93.0,1,1.0861685647690758,0.8538741585730181,186.10752965948487,6.14420738970856,589.6237319356552,26.370173538284085,-9.152,38.711,São Bento
2500,297.8424015009381,Entire home/apt,False,False,6.0,True,1,0,10.0,98.0,1,0.7720735949787895,0.2357819506735503,290.4236618005885,9.588130110835914,624.8313349219364,27.944788924892304,-9.133,38.717,Socorro
822,263.36772983114446,Entire home/apt,False,False,4.0,False,0,1,10.0,93.0,2,2.264666903912279,0.8636373273158311,114.14443685390695,3.768397193252166,317.5333466248088,14.201276171838517,-9.165,38.717,Santo Condestável
1839,159.00562851782362,Private room,False,True,2.0,False,0,1,10.0,80.0,1,2.1303382729428053,0.2630642955230495,117.65342656486015,3.884243986511405,370.4985625064626,16.57007827162291,-9.13442,38.73113,Anjos
1723,223.03001876172607,Entire home/apt,False,False,2.0,False,0,1,10.0,92.0,1,0.8686509092256129,0.7123837097490987,226.5847600738169,7.480534289978066,704.6317269982949,31.51376024252972,-9.14948,38.71106,Mercês
428,215.75984990619136,Entire home/apt,False,False,4.0,False,0,1,10.0,87.0,1,5.546468355928961,4.394218968801408,112.43432648855544,3.711939118916136,137.45606879278154,6.147548328925687,-9.20279,38.70535,
613,339.1181988742964,Entire home/apt,False,False,2.0,False,0,1,9.0,83.0,1,0.2958709389204892,0.3061377392688711,512.2841111818467,16.912694651918766,1620.162888343718,72.45973018361111,-9.143,38.712,
1483,314.7279549718574,Entire home/apt,False,False,6.0,False,0,0,10.0,95.0,2,2.5596783915404155,1.2711062758382177,108.17280491037474,3.571248022645245,265.42393019226176,11.870748616928404,-9.1689,38.71486,Santo Condestável
2087,157.83302063789867,Private room,False,True,2.0,False,0,1,7.0,73.0,1,2.087162815223807,0.1536907033084117,123.71054366772609,4.084215388699441,387.7735976694282,17.3426823078137,-9.148,38.73,São Sebastião da Pedreira
517,243.90243902439025,Entire home/apt,False,False,2.0,False,0,1,9.0,90.0,1,0.8509714907995697,0.5894504145022315,409.69486339065134,13.525783786267068,806.4629674437534,36.06803330977885,-9.13,38.711,São Miguel
548,302.0637898686679,Entire home/apt,False,False,2.0,False,0,1,10.0,98.0,1,0.3821539128671452,0.3829211044256079,395.983322953803,13.073107055612942,1613.6540633368054,72.1686312409021,-9.144,38.712,
1071,336.7729831144465,Entire home/apt,False,False,4.0,False,0,1,9.0,93.0,2,0.2561438623720777,0.1807564336698565,440.0283762107621,14.527223083033562,1280.8688889068696,57.28523641573721,-9.142,38.711,Sacramento
2105,204.2682926829268,Entire home/apt,False,False,4.0,False,0,1,9.0,92.0,1,1.411348315130736,0.9694813048190724,153.48348703794082,5.067147884785716,521.6222229296068,23.328892300387142,-9.15521,38.7088,Madragoa
2408,126.17260787992494,Private room,False,True,4.0,False,0,1,9.0,89.0,1,1.1648512737269887,0.3037900950830753,200.89061624210103,6.632260452310598,483.42462764952046,21.62055330091325,-9.132,38.721,Anjos
2338,283.30206378986867,Entire home/apt,False,False,6.0,False,0,0,9.0,87.0,3,1.3028773497868285,0.6014324237131066,199.4569621659192,6.584929385237281,434.27907352628966,19.42258072845554,-9.12668,38.71828,São Vicente de Fora
2478,291.9793621013133,Entire home/apt,False,False,6.0,False,1,0,9.0,93.0,3,0.772064823808365,0.2357667447305354,290.4235189851577,9.5881253958863,624.8350511660358,27.944955129196007,-9.133,38.717,Socorro
504,228.65853658536585,Entire home/apt,False,False,4.0,False,1,0,9.0,92.0,2,1.0135331302649762,0.3823671582003673,339.8640910281773,11.220370628811285,674.324044922386,30.158287603629763,-9.128,38.713,Alfama
553,253.0487804878049,Entire home/apt,False,False,5.0,False,0,1,9.0,85.0,2,0.4768206775458536,0.4206136884307564,342.32883585603486,11.301742421842857,1561.6293796684242,69.84189325139518,-9.14481,38.71096,
1663,205.44090056285177,Entire home/apt,False,False,5.0,True,0,0,10.0,96.0,2,1.084936292371904,0.8514003035072508,187.8412931275323,6.201446354364499,598.3387156340954,26.75994013020319,-9.15209,38.71291,Mercês
2354,292.21388367729827,Entire home/apt,False,False,5.0,False,0,1,10.0,94.0,2,0.7720674107303529,0.2357748525221186,290.42449439356267,9.588157598299285,624.834026069583,27.944909283057378,-9.133,38.717,Socorro
1972,208.02063789868663,Entire home/apt,False,False,4.0,False,0,0,10.0,94.0,1,2.1128140173744736,1.0832592589352583,119.49995454479716,3.945205791121841,317.2506455285257,14.188632723882352,-9.16393,38.71258,Lapa
100,263.83677298311443,Entire home/apt,False,False,4.0,False,0,1,10.0,88.0,1,0.960914519267048,0.5608320180356086,377.9231563203502,12.47686353181969,694.1487513642702,31.04492245379397,-9.129,38.71,Alfama
611,162.52345215759848,Private room,False,True,2.0,True,0,1,10.0,96.0,1,0.4092860981753793,0.3512732533540275,367.9875559461237,12.14884676993903,1480.097963209627,66.19550406386631,-9.144,38.711,
1509,231.00375234521576,Entire home/apt,False,False,3.0,False,0,1,9.0,93.0,1,0.9391988291272044,0.6514234941882533,208.5073469523089,6.8837213856790935,662.5067068537082,29.62977214749543,-9.15,38.71,Santa Catarina
2268,263.6022514071294,Entire home/apt,False,False,4.0,False,0,0,10.0,100.0,2,2.289777457673765,0.395044083459778,112.81620737387604,3.7245466440488815,328.7768354312973,14.704126947585806,-9.139,38.733,Saldanha
2673,249.29643527204504,Entire home/apt,False,False,4.0,False,0,1,10.0,92.0,1,0.8565378432939194,0.5717603017573526,351.88371647863795,11.617189992591848,710.8432850351929,31.79156429705512,-9.13,38.714,São Vicente de Fora
2573,147.0450281425891,Private room,False,True,3.0,False,0,1,9.0,90.0,1,1.1648335492481243,0.3037900586771122,200.89423054651155,6.63237977599357,483.430795622948,21.620829155701408,-9.132,38.721,Anjos
2553,216.69793621013133,Entire home/apt,False,False,4.0,False,0,1,9.0,91.0,2,1.3717272215110483,0.4084486602744797,201.15029175360257,6.640833454163954,429.40886566419147,19.20476685914361,-9.125,38.717,São Vicente de Fora
2727,355.7692307692308,Private room,False,True,2.0,False,0,1,9.0,97.0,1,1.9288236039075373,0.2933091814547168,127.19251193532776,4.199170088273784,381.4957830653995,17.061915012362512,-9.14444,38.72934,Saldanha
1912,182.2232645403377,Entire home/apt,False,False,4.0,False,1,0,9.0,83.0,1,1.216470087722593,0.384975791308837,194.69214079405248,6.427622205150425,462.0704432151477,20.6655144875088,-9.131,38.721,São Vicente de Fora
642,461.3039399624765,Entire home/apt,False,False,6.0,True,0,1,10.0,99.0,2,0.1475621234247455,0.2178380681057936,512.3152692339262,16.91372331279125,1285.5926137506117,57.49649901785068,-9.138,38.712,
2381,251.40712945591,Entire home/apt,False,False,2.0,False,0,1,9.0,93.0,0,0.232332836796013,0.2648243506676759,497.19074744934056,16.41439801045294,1146.4555076087804,51.273768425698826,-9.137,38.712,São Cristóvão e São Lourenço
1011,267.1200750469043,Entire home/apt,False,False,4.0,True,0,1,10.0,99.0,1,1.2391336263510595,0.6010488595676784,172.82612328728888,5.705731228496399,550.9058302708786,24.638564495706067,-9.144,38.723,Coração de Jesus
1697,206.3789868667917,Entire home/apt,False,False,4.0,True,0,1,10.0,96.0,1,1.1386798897932089,0.7238065326389901,178.02060012668102,5.877223177482336,597.5372979355716,26.72409774014649,-9.152,38.709,São Bento
568,302.0637898686679,Entire home/apt,False,False,2.0,False,0,1,9.0,96.0,1,0.3821597786991892,0.3829396494430631,395.98307589988,13.073098899303831,1613.5660528079882,72.16469508163239,-9.144,38.712,
2132,246.24765478424013,Entire home/apt,False,False,3.0,False,0,1,9.0,92.0,1,1.5546762457612695,1.041379133831708,144.63707366525404,4.775089855127653,514.765002240943,23.022211802713223,-9.15647,38.70766,Santos-o-Velho
1207,104.12757973733584,Private room,False,True,2.0,False,0,1,10.0,100.0,1,2.278293057963936,0.2917234456046464,112.66227139668996,3.7194645575245,299.67265075197054,13.402479203244557,-9.13178,38.73196,
1593,425.187617260788,Entire home/apt,False,False,2.0,False,0,1,10.0,100.0,1,7.709035759660811,6.031825235099428,90.94666777975056,3.0025393881919915,94.84672362027248,4.241899411330338,-9.22634,38.69788,Pedrouços
2384,292.21388367729827,Entire home/apt,False,False,5.0,False,0,1,9.0,93.0,2,0.7720817600661839,0.2357806685632922,290.41981816818105,9.588003216052645,624.827573169073,27.94462068526686,-9.133,38.717,Socorro
1891,138.13320825515947,Private room,False,True,2.0,False,0,1,9.0,93.0,1,0.2323284774043811,0.2648198340226514,497.19262386637536,16.414459959023382,1146.449469500053,51.27349837894467,-9.137,38.712,São Cristóvão e São Lourenço
2575,133.20825515947467,Private room,False,True,2.0,False,0,1,9.0,92.0,1,1.1648448734394243,0.3037796154725076,200.8913180312105,6.632283621377642,483.4277714356601,21.6206939027608,-9.132,38.721,Anjos
729,461.3039399624765,Entire home/apt,False,False,6.0,True,0,1,9.0,90.0,3,0.2746498867263499,0.2654490316638472,459.9501027825702,15.184924680826054,1178.3270640682415,52.69918336280135,-9.137,38.711,São Cristóvão e São Lourenço
2081,228.65853658536585,Private room,False,True,2.0,False,0,0,10.0,94.0,1,2.2190146102028576,1.4652512693189823,115.65106791772796,3.818137543536922,303.08564513092267,13.55512104783703,-9.16474,38.70879,Lapa
2328,702.8611632270168,Entire home/apt,False,False,6.0,False,0,1,10.0,99.0,3,1.5272020196180065,0.7899350522592561,145.999284681339,4.820062280513586,433.2063456385132,19.374604334311503,-9.15718,38.71296,Lapa
2514,332.7861163227017,Entire home/apt,False,False,4.0,False,0,0,10.0,98.0,2,0.9227834875280996,0.3332748167062999,285.146402845206,9.413905169317465,587.4027046163427,26.27084090855552,-9.1327,38.71867,Anjos
2573,147.0450281425891,Private room,False,True,3.0,False,0,1,9.0,90.0,1,1.1648335492481243,0.3037900586771122,200.89423054651155,6.63237977599357,483.430795622948,21.620829155701408,-9.132,38.721,Anjos
1587,228.65853658536585,Entire home/apt,False,False,4.0,False,0,1,10.0,93.0,1,0.9392071356800982,0.6514247169778937,208.50567671092728,6.883666243850829,662.5008324659957,29.629509422956,-9.15,38.71,Santa Catarina
1439,406.6604127579737,Entire home/apt,False,False,4.0,False,0,1,10.0,95.0,1,0.4751534293872694,0.3127735201813988,332.228118370518,10.968274436267942,993.0027005640792,44.41078626855053,-9.143,38.709,Encarnação
96,228.89305816135084,Private room,False,True,6.0,True,0,1,10.0,98.0,3,0.7136594466602497,0.4669542062236643,399.3886806942833,13.185532513260698,964.3445272418452,43.12908581643914,-9.132,38.71,Sé
1237,184.5684803001876,Entire home/apt,False,False,3.0,False,0,0,10.0,97.0,2,1.7868997561576128,0.2383642320848295,134.04095950179217,4.425266701467734,353.15123116148067,15.794240880391158,-9.13266,38.72752,Anjos
1022,331.14446529080675,Entire home/apt,False,False,4.0,False,0,1,10.0,93.0,2,1.3606311292515545,0.3947478363351098,166.5590403076094,5.498827952599303,578.1761625088444,25.858195515646592,-9.14631,38.72346,Coração de Jesus
339,214.8217636022514,Entire home/apt,False,False,3.0,False,0,0,10.0,93.0,1,3.619541471154654,2.629635792666476,98.8996787032183,3.2651023730202247,203.5908355877565,9.105341889188548,-9.18054,38.70633,Santo Amaro
524,240.38461538461536,Entire home/apt,False,False,2.0,False,0,1,9.0,86.0,0,0.7904624293845877,0.534810761933516,378.0546248098906,12.481203870259655,834.5026510194855,37.32207259246383,-9.131,38.71013,Sé
1878,100.84427767354596,Private room,False,True,2.0,False,0,1,9.0,87.0,1,1.770001802577161,0.1954461302669388,133.46530584080918,4.406261906314115,374.2099059495623,16.736063399686568,-9.13582,38.72804,Anjos
1804,216.93245778611632,Private room,False,True,2.0,False,0,1,9.0,100.0,1,3.057939910979753,0.314425367888351,98.46628972486948,3.2507943449234507,286.1998079534807,12.799923397894151,-9.14405,38.73971,
270,129.9249530956848,Private room,False,True,2.0,False,0,1,10.0,89.0,1,4.026608361722199,3.118066901046244,97.53945117282802,3.220195431000198,181.12133205156604,8.100421843614313,-9.18436,38.70297,Santo Amaro
1071,336.7729831144465,Entire home/apt,False,False,4.0,False,0,1,9.0,93.0,2,0.2561438623720777,0.1807564336698565,440.0283762107621,14.527223083033562,1280.8688889068696,57.28523641573721,-9.142,38.711,Sacramento
2325,139.30581613508443,Private room,False,True,2.0,False,0,1,8.0,76.0,1,1.9835482108936584,0.2040354014871649,127.05854234870222,4.194747177896933,397.5906916484362,17.781739384126116,-9.148,38.729,São Sebastião da Pedreira
1936,287.0544090056285,Entire home/apt,False,False,6.0,False,0,1,9.0,93.0,3,0.3503827188014189,0.3512737504227379,459.8653287526979,15.182125926677042,1064.9861024350032,47.63015261423802,-9.136,38.711,São Cristóvão e São Lourenço
2421,110.2251407129456,Private room,False,True,2.0,False,0,1,8.0,86.0,1,0.6545316616990259,0.0717730324898646,299.5370999735035,9.889003773874313,684.5637960737441,30.61624748588163,-9.1349,38.71696,Socorro
1714,204.5028142589118,Entire home/apt,False,False,2.0,False,0,1,10.0,88.0,1,1.2767860418489692,0.9297961676085644,164.07911559449371,5.416955006479792,534.470034186152,23.9034943628075,-9.154,38.71,Santos-o-Velho
2384,292.21388367729827,Entire home/apt,False,False,5.0,False,0,1,9.0,93.0,2,0.7720817600661839,0.2357806685632922,290.41981816818105,9.588003216052645,624.827573169073,27.94462068526686,-9.133,38.717,Socorro
2507,303.70544090056285,Entire home/apt,False,False,6.0,False,0,1,10.0,96.0,2,1.2051011277133008,0.324697883579137,194.20985742357365,6.411699963561106,468.501339222238,20.95312815454508,-9.13163,38.72124,Anjos
1615,193.94934333958724,Entire home/apt,False,False,3.0,False,0,1,9.0,91.0,1,6.616285933505688,5.628633727061355,186.27705654199232,6.149804198855197,151.3179547237841,6.767503594919505,-9.21272,38.69579,Restelo
2394,292.21388367729827,Entire home/apt,False,False,4.0,False,0,1,10.0,91.0,2,0.772075640193271,0.2357840063424296,290.4233112862213,9.588118538854012,624.8304392175993,27.94474886565193,-9.133,38.717,Socorro
2532,332.7861163227017,Entire home/apt,False,False,6.0,False,0,1,10.0,100.0,2,0.7031476608018842,0.2509617585125367,327.3631367499001,10.80766053698677,664.8094307768746,29.73275855420825,-9.133,38.716,Socorro
1178,124.29643527204502,Private room,False,True,2.0,False,0,1,10.0,85.0,1,2.722380731018513,0.3879512187724081,100.04800595546214,3.303013578450493,253.6675760405425,11.34496058912868,-9.12963,38.73562,
894,263.6022514071294,Entire home/apt,False,False,4.0,True,1,0,10.0,94.0,2,0.2958718709867735,0.3061354950252143,512.2860671013891,16.91275922520781,1620.2209385548265,72.46232640567266,-9.143,38.712,
1944,251.8761726078799,Entire home/apt,False,False,4.0,False,0,1,8.0,77.0,1,0.8560847869553642,0.5933924857382533,226.6193574995492,7.48167649931929,730.7990982469638,32.68406273120805,-9.149,38.71,Santa Catarina
2763,126.17260787992494,Private room,False,True,2.0,False,0,1,9.0,89.0,1,1.164867737422189,0.3037691594913023,200.88605066311,6.632109722975647,483.42073496496806,21.62037920553409,-9.132,38.721,Anjos
1970,164.8686679174484,Private room,False,True,2.0,False,0,1,8.0,74.0,1,0.743451770996111,0.6402731715692661,263.6780920786854,8.70514419711199,825.1797607093993,36.9051181484012,-9.148,38.711,
2122,112.5703564727955,Private room,False,True,2.0,True,0,1,10.0,95.0,1,2.28977306890632,0.3950497262234615,112.8163559600615,3.724551549515848,328.778385554318,14.704196274871748,-9.139,38.733,Saldanha
803,233.3489681050657,Entire home/apt,False,False,3.0,False,0,1,10.0,99.0,1,2.6697534575742017,1.0517518781635278,105.86129506532892,3.494935173308627,269.9958569688032,12.075222243025395,-9.16406,38.72695,
787,299.718574108818,Entire home/apt,False,False,2.0,False,0,1,10.0,98.0,0,0.4687081258702931,0.4575885962560997,375.24708439146775,12.388514925232332,1597.3285615463326,71.43849388041792,-9.145,38.712,
1371,124.29643527204502,Private room,False,True,2.0,False,0,1,10.0,89.0,1,2.146781153291073,0.3960940390271207,117.51045413333718,3.879523853629648,308.66702402211536,13.804741139383358,-9.13169,38.73069,
2143,216.93245778611632,Entire home/apt,False,False,4.0,False,0,1,10.0,100.0,1,1.5243297041914303,0.9413663337050326,145.31754354905354,4.797555083139462,446.9521509992814,19.98936804403696,-9.15551,38.70655,Santos-o-Velho
2619,302.5328330206379,Entire home/apt,False,False,4.0,False,0,1,10.0,100.0,2,1.2503585068152294,0.712522002922641,201.04435394428745,6.637335992927245,446.577431960052,19.972609210297115,-9.128,38.719,São Vicente de Fora
613,339.1181988742964,Entire home/apt,False,False,2.0,False,0,1,9.0,83.0,1,0.2958709389204892,0.3061377392688711,512.2841111818467,16.912694651918766,1620.162888343718,72.45973018361111,-9.143,38.712,
1992,240.6191369606004,Entire home/apt,False,False,4.0,False,0,1,9.0,93.0,0,1.820164907260976,1.2410105141558267,131.43406670357305,4.339201994551779,371.6733858506488,16.622620755558064,-9.15899,38.70613,Santos-o-Velho
1848,154.3151969981238,Private room,False,True,2.0,False,1,0,10.0,90.0,0,2.3136443506576483,0.314155665983222,113.70632854156484,3.7539333597086735,351.870713295866,15.73697134304693,-9.14261,38.73309,Saldanha
277,194.18386491557223,Entire home/apt,False,False,2.0,False,0,1,10.0,93.0,1,0.838282365554316,0.5621036644733454,438.5014124723348,14.476811463994675,785.2052118065905,35.11730715202033,-9.13,38.712,São Miguel
1933,269.4652908067542,Entire home/apt,False,False,6.0,False,1,0,9.0,93.0,3,1.3363167524631374,0.517755139736129,180.1893827834488,5.948823990468063,422.93219811048897,18.91510611774125,-9.12933,38.72131,São Vicente de Fora
754,310.0375234521576,Entire home/apt,False,False,6.0,False,0,1,10.0,95.0,2,0.4949164806136156,0.1900451545691694,321.2352607293668,10.60535307958584,950.9592553072886,42.53044650690419,-9.14336,38.71574,Encarnação
1246,106.70731707317071,Private room,False,True,2.0,True,0,1,10.0,100.0,1,2.170995998538386,0.3523928227556978,116.49484147333312,3.845994125831446,309.0077221806792,13.819978432387163,-9.132,38.731,
2277,240.6191369606004,Entire home/apt,False,False,2.0,False,0,0,10.0,100.0,1,1.4869153074885133,0.4725591818913418,149.92085065325836,4.949529984845498,444.47385975071705,19.87852961138347,-9.15618,38.71575,Amoreiras
999,177.76735459662288,Entire home/apt,False,False,6.0,False,0,1,8.0,92.0,1,2.6846080717316907,0.1069763628947145,101.22768327634776,3.3419597840431337,282.3286618163753,12.626791297033147,-9.133,38.736,
896,221.85741088180112,Entire home/apt,False,False,3.0,False,0,1,9.0,86.0,1,0.4910387137151833,0.4375023326860248,340.3740612382684,11.237206931668595,1365.6421279000135,61.076612004221154,-9.145,38.711,
462,361.1632270168855,Entire home/apt,False,False,5.0,False,0,0,10.0,100.0,2,1.0988596748586434,0.3070061922118497,383.5430754459642,12.662401154528132,693.4087568003469,31.011827135523813,-9.127,38.712,São Vicente de Fora
1870,143.76172607879923,Private room,False,True,2.0,False,0,0,10.0,90.0,1,2.776070510396011,0.2870623631503817,103.57192366283267,3.4193532088672,297.6336625224177,13.311288040909025,-9.14354,38.7372,
2478,291.9793621013133,Entire home/apt,False,False,6.0,False,1,0,9.0,93.0,3,0.772064823808365,0.2357667447305354,290.4235189851577,9.5881253958863,624.8350511660358,27.944955129196007,-9.133,38.717,Socorro
742,261.2570356472795,Entire home/apt,False,False,6.0,False,0,1,9.0,92.0,2,0.6009028483677213,0.3133899582089604,279.170438685841,9.216612973693866,924.9617536837402,41.36774122174853,-9.14476,38.716,São José
2084,199.812382739212,Entire home/apt,False,False,3.0,False,0,0,9.0,91.0,1,2.258757217505578,1.6583643039233955,117.39779638249074,3.875804538314867,300.12331915981895,13.422634776162509,-9.16375,38.70481,Santos-o-Velho
1545,164.8686679174484,Private room,False,True,2.0,False,0,1,9.0,85.0,1,0.9392161967316066,0.6514526771235523,208.50437332406608,6.883623213462972,662.5004723943423,29.62949331920801,-9.15,38.71,Santa Catarina
1489,386.7260787992496,Entire home/apt,False,False,5.0,False,0,1,10.0,97.0,3,0.6657779357784069,0.5003012065169092,313.2421574572968,10.341466474455926,860.3125158335012,38.47638605930969,-9.147,38.714,
495,251.8761726078799,Entire home/apt,False,False,2.0,False,0,1,9.0,92.0,1,0.8382659783017495,0.5621190051408829,438.518215426242,14.477366201536752,785.2205334840713,35.11799239461181,-9.13,38.712,São Miguel
1906,362.33583489681047,Entire home/apt,False,False,6.0,False,1,0,10.0,98.0,3,8.507152926055012,0.8729650588136096,57.778855384501405,1.9075277119195428,90.86632698807335,4.063881220648444,-9.096,38.781,
975,291.7448405253283,Entire home/apt,False,False,2.0,True,0,1,10.0,96.0,1,0.2680609924592594,0.2436260254683212,527.6185971640267,17.418951772527915,1408.8177160905057,63.00758542257909,-9.1426,38.71302,Encarnação
1920,186.91369606003752,Private room,False,True,2.0,True,0,1,10.0,94.0,1,0.1475855095681949,0.2178427218898858,512.3066659154118,16.913439280365004,1285.5179727331806,57.49316079301996,-9.138,38.712,
2798,229.3621013133208,Entire home/apt,False,False,2.0,False,0,1,9.0,87.0,1,1.520603481602164,0.382595854697737,154.4329392320605,5.0984933719777645,390.60508437808,17.469316959430202,-9.13137,38.72445,Anjos
1096,124.29643527204502,Private room,False,True,2.0,False,0,1,9.0,86.0,1,2.5430978278002736,0.17201373687265,104.85318743222832,3.4616532186222604,293.5697722453708,13.12953570286377,-9.135,38.735,
534,315.90056285178235,Entire home/apt,False,False,3.0,True,0,0,9.0,96.0,1,0.8509605816482807,0.5894527082182287,409.6994182370856,13.52593416127431,806.4636167310514,36.0680623483297,-9.13,38.711,São Miguel
215,170.73170731707316,Entire home/apt,False,False,2.0,False,0,1,8.0,83.0,1,0.7963718779946025,0.4025029248077968,349.68050879276365,11.544452661816573,775.2377499622974,34.67152506365805,-9.13162,38.70889,Sé
2365,234.05253283302065,Entire home/apt,False,False,4.0,False,0,1,10.0,97.0,1,0.6651650349039423,0.1746469320415564,266.9382567001739,8.81277620746464,689.3982314070353,30.832461474216167,-9.137,38.718,Pena
1286,472.79549718574106,Entire home/apt,False,False,4.0,False,0,0,10.0,100.0,2,0.8824431045537723,0.5661288265993945,211.05469442159105,6.967820246018361,731.4961019890048,32.715235339498626,-9.14222,38.72006,São José
2619,302.5328330206379,Entire home/apt,False,False,4.0,False,0,1,10.0,100.0,2,1.2503585068152294,0.712522002922641,201.04435394428745,6.637335992927245,446.577431960052,19.972609210297115,-9.128,38.719,São Vicente de Fora
2114,119.37148217636022,Private room,False,True,2.0,True,0,1,10.0,95.0,1,2.289788212268232,0.3950483041391082,112.81590685949448,3.7245367227808543,328.7741259005998,14.7040057672621,-9.139,38.733,Saldanha
2737,352.2514071294559,Entire home/apt,False,False,6.0,False,0,1,10.0,87.0,4,1.151297828342923,0.4927628688891536,196.9389424518688,6.501798759825146,601.7076617907426,26.910611973923377,-9.15086,38.71787,São Mamede
688,283.5365853658536,Entire home/apt,False,False,4.0,False,0,1,10.0,93.0,2,3.7247110632880944,0.4473982694213015,92.22595975205346,3.0447743004720045,210.75284583325995,9.42565371320025,-9.162,38.741,
2574,124.06191369606005,Private room,False,True,2.0,False,0,1,8.0,84.0,1,1.1648525975623036,0.3037879619131332,200.89022319079675,6.632247476002048,483.4243540117858,21.62054106281265,-9.132,38.721,Anjos
2526,220.2157598499062,Entire home/apt,False,False,4.0,False,0,1,9.0,87.0,1,0.7720817402852755,0.2357800537732048,290.41966831769406,9.587998268845666,624.827570189223,27.944620551996845,-9.133,38.717,Socorro
1589,228.65853658536585,Entire home/apt,False,False,4.0,False,0,1,10.0,92.0,1,0.9392165673532508,0.6514314607865251,208.50388457371224,6.883607077718539,662.4953783660479,29.62926549525376,-9.15,38.71,Santa Catarina
2350,86.77298311444652,Private room,False,True,2.0,False,0,1,10.0,90.0,1,1.164838550432009,0.3037749895410113,200.8923414644273,6.63231740929555,483.4303758021451,21.62081037974849,-9.132,38.721,Anjos
883,344.9812382739212,Entire home/apt,False,False,6.0,True,0,1,10.0,95.0,2,0.4686835617685979,0.457583569547658,375.23964166257247,12.388269208844813,1599.943678477846,71.55545166819306,-9.145,38.712,
1564,250.93808630394,Entire home/apt,False,False,4.0,False,0,1,8.0,87.0,1,0.964436478437978,0.6931098216048444,205.9144010309797,6.7981171249589885,677.8201383061129,30.314645945808888,-9.14971,38.716,Mercês
944,204.5028142589118,Entire home/apt,False,False,2.0,False,0,1,9.0,88.0,1,0.475176119320603,0.3127955294086819,332.2128863655078,10.967771562483552,992.9803972910912,44.409788782955374,-9.143,38.709,Encarnação
1415,356.7073170731707,Entire home/apt,False,False,6.0,False,1,0,10.0,100.0,2,2.565217599048234,0.3099701178687544,104.0226585998744,3.434233901421868,279.8050483182898,12.51392588425608,-9.13118,38.73452,
1462,217.1669793621013,Private room,False,True,2.0,False,0,0,6.0,60.0,1,3.045480175511443,0.3411143594658754,93.17480107963895,3.0760996203409987,233.03768505476285,10.422314881526358,-9.13141,38.73905,Bairro dos Actores
1368,205.44090056285177,Private room,False,True,3.0,True,1,0,10.0,100.0,1,2.346175862596984,0.0875750534053064,110.4090370244195,3.6450756313688513,309.4964551316484,13.841836393715528,-9.13546,38.73326,
1111,283.30206378986867,Entire home/apt,False,False,3.0,True,0,1,10.0,90.0,1,0.4687103803385258,0.4576062361687747,375.2377119449443,12.388205500593283,1597.9823189480692,71.46773235099158,-9.145,38.712,
2491,257.2701688555347,Entire home/apt,False,False,4.0,True,0,1,9.0,90.0,1,0.7720590908074029,0.2357657788798569,290.4257370738805,9.588198624503898,624.8376560126011,27.94507162765468,-9.133,38.717,Socorro
962,647.0450281425891,Entire home/apt,False,False,4.0,True,0,1,10.0,99.0,2,0.2704825084962083,0.1126085306969429,394.1263623910883,13.011800826720943,1215.3215064383355,54.35371287444232,-9.14125,38.71029,Chiado
4,327.86116322701685,Entire home/apt,False,False,6.0,False,1,0,9.0,93.0,2,0.6670291637732783,0.5303514458359754,537.015471264081,17.72918287059984,775.7183795520643,34.693020612434864,-9.132,38.713,Santiago
1945,156.66041275797372,Private room,False,True,2.0,False,0,1,10.0,97.0,1,0.1380452692524255,0.1952317354084873,526.0708921813153,17.367855396098317,1304.910100933746,58.36044913001886,-9.141,38.713,Sacramento
2002,275.093808630394,Entire home/apt,False,False,6.0,False,0,1,9.0,95.0,2,1.6629686103845194,1.2230834844633771,137.4143752646101,4.536637617498852,423.9938197295773,18.962585798105284,-9.15831,38.70915,Santos-o-Velho
1954,349.437148217636,Entire home/apt,False,False,4.0,False,0,1,10.0,100.0,1,0.0522578295233646,0.1602719914044486,522.0897634186052,17.236421268699065,1289.203545107027,57.65799334269901,-9.14,38.712,Sacramento
1062,606.2382739212007,Entire home/apt,False,False,6.0,True,1,0,10.0,96.0,2,1.0280320432951824,0.7051703342069083,195.7691118565057,6.463177636854529,624.878745882687,27.94690931997631,-9.14333,38.72117,Coração de Jesus
1592,286.8198874296436,Entire home/apt,False,False,4.0,False,0,1,9.0,94.0,1,0.8215990515447147,0.5014558338310895,235.37787453444443,7.770832694058716,773.6235576497862,34.59933235990554,-9.14828,38.70939,Santa Catarina
1883,126.40712945590994,Private room,False,True,3.0,False,0,1,10.0,92.0,1,1.1648388409079324,0.3037863540845714,200.89293729737,6.632337080295297,483.4292795076196,21.62076134936637,-9.132,38.721,Anjos
1531,164.8686679174484,Private room,False,True,2.0,False,0,1,7.0,80.0,1,0.7434450215872896,0.6402500721102032,263.67874925155616,8.705165893205729,825.1773183001823,36.905008914746894,-9.148,38.711,
2814,170.49718574108817,Entire home/apt,False,False,2.0,False,0,0,8.0,100.0,0,0.5195264247071634,0.0889125006677737,347.91919061498885,11.486303998066576,767.9434807965638,34.34529812719489,-9.13587,38.71601,Mouraria
2671,228.42401500938084,Entire home/apt,False,False,3.0,False,1,0,9.0,86.0,1,0.9345117739755512,0.338652457471168,353.7120910365688,11.677552474918857,574.6331145791643,25.699737190956363,-9.133,38.719,Anjos
2526,220.2157598499062,Entire home/apt,False,False,4.0,False,0,1,9.0,87.0,1,0.7720817402852755,0.2357800537732048,290.41966831769406,9.587998268845666,624.827570189223,27.944620551996845,-9.133,38.717,Socorro
2248,426.1257035647279,Entire home/apt,False,False,4.0,False,0,0,10.0,100.0,2,2.2024227440986475,0.0686940850046255,119.48801030796922,3.944811460659678,372.6062321285896,16.66434112212657,-9.14634,38.73151,São Sebastião da Pedreira
1509,231.00375234521576,Entire home/apt,False,False,3.0,False,0,1,9.0,93.0,1,0.9391988291272044,0.6514234941882533,208.5073469523089,6.8837213856790935,662.5067068537082,29.62977214749543,-9.15,38.71,Santa Catarina
26,96.38836772983116,Private room,False,True,2.0,False,1,0,10.0,93.0,1,7.106934120093532,0.5441099828192458,56.84390655041584,1.8766610428175536,99.51719742752866,4.450780428380033,-9.12154,38.77483,Bairro da Encarnação
186,211.53846153846152,Entire home/apt,False,False,4.0,True,0,1,10.0,96.0,1,5.469166301109951,4.40607524518036,128.19521464015557,4.232273603107148,150.6404984961759,6.737205224418077,-9.20121,38.70232,
1982,283.5365853658536,Entire home/apt,False,False,6.0,False,0,1,9.0,91.0,2,1.6157341385174584,1.1988648417178125,139.9576563658095,4.620602229595345,437.1691713874106,19.551836689524453,-9.15779,38.70928,Santos-o-Velho
1661,201.9230769230769,Entire home/apt,False,False,3.0,False,1,0,8.0,88.0,0,0.6978228496223889,0.4291446028103263,259.79557862823685,8.576965783930453,868.3905024549899,38.83766376492254,-9.14669,38.70938,Santa Catarina
2109,107.87992495309568,Private room,False,True,2.0,False,1,0,9.0,94.0,1,1.74442743000457,0.5656159922863775,134.44442070653855,4.438586685458704,396.3573516323186,17.726579816260756,-9.14179,38.728,Saldanha
1679,344.9812382739212,Entire home/apt,False,False,4.0,True,1,0,10.0,97.0,1,1.086182239640179,0.8538665660949188,186.1054364285127,6.144138283180568,589.6194092450888,26.36998021143136,-9.152,38.711,São Bento
2532,332.7861163227017,Entire home/apt,False,False,6.0,False,0,1,10.0,100.0,2,0.7031476608018842,0.2509617585125367,327.3631367499001,10.80766053698677,664.8094307768746,29.73275855420825,-9.133,38.716,Socorro
447,176.36022514071294,Private room,False,True,2.0,False,0,1,10.0,91.0,1,0.410900730510347,0.353205772199125,459.4249749442628,15.16758795968117,1098.2532703157062,49.11798450197673,-9.136,38.71,
2512,194.6529080675422,Entire home/apt,False,False,4.0,True,1,0,10.0,97.0,2,0.6580394533187018,0.2171045714914047,336.90633841135246,11.122722535160932,688.7809814436356,30.80485575251648,-9.13351,38.71586,Socorro
25,241.5572232645403,Entire home/apt,False,False,4.0,True,0,1,10.0,93.0,2,0.925111301171318,0.4763993611317469,421.30013090970255,13.908923418395675,760.1221838789565,33.995500543005626,-9.129,38.712,Alfama
2488,264.3058161350844,Entire home/apt,False,False,4.0,False,0,1,9.0,91.0,1,0.7216273107452069,0.3667474151315211,371.4370546087484,12.26272950865716,687.0408863101925,30.727032204791595,-9.13209,38.71509,São Vicente de Fora
4,327.86116322701685,Entire home/apt,False,False,6.0,False,1,0,9.0,93.0,2,0.6670291637732783,0.5303514458359754,537.015471264081,17.72918287059984,775.7183795520643,34.693020612434864,-9.132,38.713,Santiago
568,302.0637898686679,Entire home/apt,False,False,2.0,False,0,1,9.0,96.0,1,0.3821597786991892,0.3829396494430631,395.98307589988,13.073098899303831,1613.5660528079882,72.16469508163239,-9.144,38.712,
2526,220.2157598499062,Entire home/apt,False,False,4.0,False,0,1,9.0,87.0,1,0.7720817402852755,0.2357800537732048,290.41966831769406,9.587998268845666,624.827570189223,27.944620551996845,-9.133,38.717,Socorro
808,479.59662288930576,Entire home/apt,False,False,5.0,False,0,1,10.0,100.0,1,0.2988378280983076,0.1844897603036561,526.0700999230044,17.36782924025509,1144.419660319846,51.18271773794852,-9.138,38.71,
1847,354.3621013133208,Entire home/apt,False,False,4.0,False,0,0,10.0,100.0,2,2.292224597464435,0.433004460065251,113.5410175594417,3.748475735507121,337.60143253282433,15.098795859925485,-9.141,38.733,Saldanha
517,243.90243902439025,Entire home/apt,False,False,2.0,False,0,1,9.0,90.0,1,0.8509714907995697,0.5894504145022315,409.69486339065134,13.525783786267068,806.4629674437534,36.06803330977885,-9.13,38.711,São Miguel
457,223.03001876172607,Entire home/apt,False,False,4.0,True,0,1,10.0,100.0,2,2.882500057533124,2.2470363598675704,106.63679997232212,3.520537914847461,240.76966057527693,10.76811767952495,-9.17078,38.70348,
949,519.2307692307692,Entire home/apt,False,False,4.0,True,1,0,10.0,97.0,2,0.8946094488339889,0.5659822144043514,217.06439728337347,7.166226300845248,748.223036615204,33.46332627438749,-9.14489,38.7193,São José
343,263.6022514071294,Entire home/apt,False,False,5.0,False,0,1,9.0,93.0,2,2.829879616963488,2.1255212904407443,103.91051594279584,3.430531591560552,249.79660745433827,11.17183642900652,-9.17071,38.7048,
591,198.40525328330205,Entire home/apt,False,False,2.0,False,1,0,10.0,94.0,1,0.519502168244731,0.3191873139210456,338.8923891417389,11.18829058389224,1171.8258136407856,52.40842318355101,-9.14499,38.71444,
1509,231.00375234521576,Entire home/apt,False,False,3.0,False,0,1,9.0,93.0,1,0.9391988291272044,0.6514234941882533,208.5073469523089,6.8837213856790935,662.5067068537082,29.62977214749543,-9.15,38.71,Santa Catarina
1948,305.5816135084428,Private room,False,True,3.0,False,0,1,9.0,84.0,1,0.2049212446504528,0.1063146414947127,421.7489159240382,13.923739735642576,1228.7457942172705,54.9540971181298,-9.14112,38.71094,Chiado
1360,433.1613508442777,Entire home/apt,False,False,4.0,False,0,1,10.0,95.0,2,1.105756477062861,0.577381135323124,186.6857667887507,6.16329747622542,613.1488367454796,27.42230401190805,-9.14938,38.71877,São Mamede
838,333.25515947467164,Entire home/apt,False,False,5.0,False,1,0,10.0,100.0,2,0.4686830165578544,0.457590318344384,375.2354625737992,12.38813123920882,1600.3644319955542,71.57426933559321,-9.145,38.712,
736,156.8949343339587,Entire home/apt,False,False,4.0,False,0,0,6.0,70.0,1,2.5722125648823373,0.9513511978267098,105.72504002727348,3.4904368103824344,270.7041090816327,12.10689792043217,-9.16639,38.72226,Amoreiras
1698,216.93245778611632,Entire home/apt,False,False,2.0,False,0,1,9.0,93.0,1,0.8560883202182642,0.5934067091763409,226.61863380493247,7.481652607057541,730.7975022171124,32.683991350797335,-9.149,38.71,Santa Catarina
272,128.75234521575985,Private room,False,True,2.0,False,1,0,10.0,99.0,1,7.330714875631292,0.283433243723422,57.08182173937181,1.8845156431380343,97.71122893806417,4.370010778360165,-9.11793,38.77621,Olivais Norte
1110,286.8198874296436,Entire home/apt,False,False,2.0,False,0,1,10.0,89.0,1,0.74733462044375,0.4309347693130391,231.6547237829966,7.647915526752805,785.3180366477532,35.12235309993549,-9.14193,38.71886,São José
2022,106.70731707317071,Private room,False,True,2.0,False,0,1,10.0,91.0,1,2.0461648783165627,0.3435946758705555,120.89434807193946,3.991240699162935,345.2854312118786,15.442452954543104,-9.13475,38.73041,Anjos
780,272.98311444652904,Entire home/apt,False,False,6.0,True,1,0,10.0,97.0,2,0.2036324234488723,0.1496725264304126,453.0904301335577,14.958457479535705,1302.4828243289703,58.25189226260239,-9.13832,38.71085,
472,251.8761726078799,Entire home/apt,False,False,2.0,True,1,0,10.0,100.0,1,3.5126312525373824,0.4048159539439955,85.8578648680054,2.8345361885776463,220.7321197541766,9.871964081707198,-9.138,38.744,
97,316.1350844277673,Entire home/apt,False,False,6.0,False,0,1,10.0,91.0,2,0.9609101373863234,0.5608390438528644,377.9185314666731,12.476710845573242,694.1501393032898,31.04498452760617,-9.129,38.71,Alfama
2490,268.76172607879926,Entire home/apt,False,False,4.0,True,0,1,10.0,96.0,1,0.7720566014767365,0.2357623629472432,290.4259282822662,9.588204937112414,624.838728383698,27.945119588091806,-9.133,38.717,Socorro
1117,254.22138836772984,Private room,False,True,2.0,False,0,1,10.0,80.0,1,2.2441475051389386,0.1727050651483392,113.65799030738803,3.752337507374392,321.47397599020326,14.377515821952954,-9.13588,38.73238,
1050,193.94934333958724,Entire home/apt,False,False,3.0,False,0,1,9.0,97.0,0,0.1380484735042505,0.1952256555081639,526.0301995004818,17.36651195625608,1304.879651788763,58.359087330630885,-9.141,38.713,Sacramento
677,205.44090056285177,Entire home/apt,False,False,4.0,True,0,1,9.0,90.0,1,1.91760587805192,0.3788227983145408,126.59923413894326,4.179583444856586,359.4513317517734,16.076004888310695,-9.16,38.719,Amoreiras
2533,147.0450281425891,Private room,False,True,3.0,False,0,1,9.0,83.0,1,0.7031371314146697,0.2509400513562406,327.36049592872314,10.807573352158622,664.8155449882254,29.73303200455571,-9.133,38.716,Socorro
1971,164.8686679174484,Private room,False,True,2.0,False,0,1,8.0,64.0,1,0.939197318980032,0.6514250948424967,208.50768611190824,6.883732582791434,662.5081886940907,29.629838420926983,-9.15,38.71,Santa Catarina
531,232.4108818011257,Entire home/apt,False,False,5.0,False,0,1,9.0,86.0,1,0.8509449811295176,0.5894711187936926,409.6947601237249,13.525780376983128,806.4624725154919,36.068011174740114,-9.13,38.711,São Miguel
1258,335.60037523452155,Entire home/apt,False,False,4.0,False,0,1,9.0,92.0,1,0.4751640818668282,0.3127794494085317,332.21694134154086,10.967905434625926,992.985365718093,44.41001098955113,-9.143,38.709,Encarnação
1188,160.17823639774858,Entire home/apt,False,False,4.0,False,0,1,9.0,86.0,0,0.7986953006225782,0.4807182175822247,227.3874100248861,7.507033205791583,808.5594027037145,36.161793717684176,-9.14545,38.717940000000006,São José
480,228.89305816135084,Entire home/apt,False,False,2.0,False,1,0,10.0,93.0,0,0.7814462646535557,0.6008243580310292,403.7980984155407,13.33110629523949,1209.4771651212209,54.09233212193539,-9.13086,38.71083,Santiago
2518,70.82551594746717,Private room,False,True,2.0,False,0,1,9.0,82.0,1,1.5023492248358672,0.2729302185293888,154.4190259413595,5.098034034605995,406.9063558351199,18.198370648985097,-9.13266,38.72476,Anjos
2324,174.01500938086303,Private room,False,True,2.0,False,0,1,8.0,80.0,1,1.983541044251348,0.2040186222942562,127.05895200361893,4.194760702361909,397.59212600738647,17.78180353401084,-9.148,38.729,São Sebastião da Pedreira
1258,335.60037523452155,Entire home/apt,False,False,4.0,False,0,1,9.0,92.0,1,0.4751640818668282,0.3127794494085317,332.21694134154086,10.967905434625926,992.985365718093,44.41001098955113,-9.143,38.709,Encarnação
2234,299.484052532833,Entire home/apt,False,False,4.0,False,0,1,10.0,87.0,1,1.678298120861076,0.263528370498048,140.5429524332546,4.639925361922895,460.2300627602396,20.58320580598224,-9.148,38.726,Coração de Jesus
2024,285.6472795497186,Entire home/apt,False,False,2.0,False,0,1,10.0,80.0,1,0.937113086055406,0.6931329595001167,209.81374316322365,6.926851125070489,696.2805121257136,31.1402627499466,-9.15012,38.71043,Santa Catarina
1090,124.29643527204502,Private room,False,True,3.0,True,1,0,9.0,96.0,1,2.558320162226182,0.172041694599641,104.34291587567174,3.444806967026265,302.5014191156628,13.528992280330662,-9.134,38.735,
2164,344.9812382739212,Entire home/apt,False,False,4.0,False,0,1,9.0,82.0,1,1.6345485409763347,0.5030358545555815,141.55871769485958,4.673460127754141,448.8665266622537,20.07498606738945,-9.1452,38.72644,Bairro Camões
1587,228.65853658536585,Entire home/apt,False,False,4.0,False,0,1,10.0,93.0,1,0.9392071356800982,0.6514247169778937,208.50567671092728,6.883666243850829,662.5008324659957,29.629509422956,-9.15,38.71,Santa Catarina
638,498.12382739212006,Entire home/apt,False,False,4.0,False,0,0,9.0,95.0,2,0.6322830085886271,0.5698409359680353,385.8204062896853,12.737585608506992,910.6083363998114,40.72580283944828,-9.1469,38.71222,
1272,440.19699812382737,Private room,False,True,2.0,False,0,1,9.0,80.0,1,1.4407272571263283,0.3193021017676372,158.75566089365026,5.241204945364335,532.1176125510618,23.798285288964944,-9.147,38.724,Coração de Jesus
2030,212.4765478424015,Private room,False,True,2.0,False,0,1,10.0,100.0,1,0.1380479875547401,0.195217068800908,525.9989743839311,17.365481081297897,1304.8492138750687,58.35772603354802,-9.141,38.713,Sacramento
1214,235.92870544090056,Entire home/apt,False,False,4.0,True,1,0,10.0,100.0,2,6.540061632791904,1.1677353480770678,111.90650810219536,3.6945135712457584,120.51061474598345,5.38968439011827,-9.09194,38.75796,
900,348.49906191369604,Entire home/apt,False,False,6.0,False,0,1,9.0,90.0,2,0.468677070520407,0.4575931632347365,375.2312867614922,12.38799337774302,1601.22016617919,71.6125409615521,-9.145,38.712,
1089,112.5703564727955,Private room,False,True,2.0,False,0,1,9.0,88.0,1,2.543107848752134,0.1720342247700418,104.85297290354436,3.461646136110728,293.58092499681726,13.13003449552618,-9.135,38.735,
2764,268.76172607879926,Entire home/apt,False,False,4.0,True,0,1,10.0,97.0,1,0.8835602525744055,0.285379908177378,258.7869077042641,8.543665232597592,601.3325678510987,26.89383637323801,-9.134,38.719,Anjos
1928,250.93808630394,Entire home/apt,False,False,4.0,True,0,1,10.0,80.0,1,1.3216220084843018,0.4311736123762967,179.486336612224,5.925613422424688,429.5960459233635,19.213138258817608,-9.13026,38.72175,São Vicente de Fora
1380,223.03001876172607,Entire home/apt,False,False,6.0,True,1,0,10.0,100.0,3,2.095155396651984,0.493339295745536,119.9109906704183,3.958775855724274,308.85893688710763,13.813324198849877,-9.131,38.73,
2827,184.0994371482176,Private room,False,True,3.0,True,0,0,10.0,98.0,1,1.6514149421798094,0.2645188325657927,143.19321039750562,4.727421738874322,369.1829173458879,16.511237710566682,-9.132,38.726,Anjos
1945,156.66041275797372,Private room,False,True,2.0,False,0,1,10.0,97.0,1,0.1380452692524255,0.1952317354084873,526.0708921813153,17.367855396098317,1304.910100933746,58.36044913001886,-9.141,38.713,Sacramento
64,162.52345215759848,Private room,False,True,2.0,False,0,1,10.0,91.0,1,0.6871715399521127,0.3259895966176073,411.928568165683,13.599527956695248,927.652298157512,41.48807241067966,-9.133,38.709,Sé
1508,147.5140712945591,Private room,False,True,2.0,True,1,0,9.0,96.0,1,7.293165638774996,6.16474507890002,120.81832103707576,3.988730720817181,105.92852967881711,4.737519131252536,-9.2211,38.696740000000005,Restelo
2352,126.17260787992494,Private room,False,True,3.0,False,0,1,10.0,92.0,1,1.1648452232036584,0.3037820422158513,200.8913865518811,6.632285883538726,483.4274372625292,21.620678957291386,-9.132,38.721,Anjos
1866,130.15947467166978,Private room,False,True,2.0,False,1,0,10.0,100.0,1,1.9027645317962951,0.2948415230249109,127.3078037110536,4.202976364041794,349.4558421580191,15.628969294403872,-9.13419,38.72898,Anjos
1950,208.95872420262663,Entire home/apt,False,False,2.0,False,0,1,9.0,92.0,0,2.4342832631479454,1.8524035050828025,110.53636022646975,3.649279116098083,335.99335340274985,15.026876560503553,-9.166,38.705,Santos-o-Velho
1482,135.55347091932458,Private room,False,True,2.0,True,1,0,10.0,94.0,1,2.4867358793539363,1.4090069479912344,128.625760360971,4.246487763083812,238.25762098002323,10.65576989487182,-9.116,38.725,São João
2236,266.8855534709193,Entire home/apt,False,False,2.0,False,0,1,8.0,100.0,1,1.6783023727922055,0.2635275814277572,140.54272555788123,4.639917871794214,460.2290149400564,20.583158943553588,-9.148,38.726,Coração de Jesus
1682,396.3414634146341,Entire home/apt,False,False,4.0,False,1,0,10.0,100.0,2,0.8623167685385342,0.648726988951889,226.15677570429287,7.466404691187943,712.1903548751961,31.85181028704005,-9.14925,38.71048,Santa Catarina
2455,124.06191369606005,Private room,False,True,2.0,False,0,1,10.0,93.0,1,0.7430843081968785,0.146396405591299,268.93292075877,8.878628619085148,650.1670629995714,29.0778972275936,-9.135,38.718,Socorro
513,193.94934333958724,Entire home/apt,False,False,4.0,False,0,1,10.0,91.0,1,0.4297636252084701,0.201450111361823,418.9328426869481,13.83076908569119,851.7944387499849,38.09542586598878,-9.136,38.715,Mouraria
870,344.9812382739212,Entire home/apt,False,False,4.0,False,0,1,7.0,80.0,1,3.7642687086392734,0.4409080803354069,89.6987021669009,2.961338693332398,205.72138369008945,9.200627950700596,-9.168,38.738,Sete Rios
2826,288.6960600375234,Entire home/apt,False,False,4.0,True,0,1,10.0,96.0,2,0.7935665839016169,0.1989361824906415,270.7880312232087,8.939873768301759,621.1388029420034,27.779645115658514,-9.134,38.718,São Vicente de Fora
1304,403.1425891181988,Entire home/apt,False,False,2.0,False,0,1,10.0,94.0,1,1.1851254897782495,0.6622995007123041,177.20993523249396,5.850459654036752,554.9236610934164,24.81825688306973,-9.14342,38.72263,Pena
1121,298.54596622889306,Entire home/apt,False,False,2.0,True,1,0,10.0,98.0,1,0.4092668460816334,0.3512547137780449,367.9978092707957,12.149185276142047,1480.0131716406568,66.19171186849285,-9.144,38.711,
935,321.5290806754221,Entire home/apt,False,False,4.0,False,0,1,10.0,96.0,1,0.2746301784945428,0.2654513672238064,459.9521265318201,15.184991493464524,1178.394785847963,52.70221213350179,-9.137,38.711,São Cristóvão e São Lourenço
514,228.65853658536585,Entire home/apt,False,False,2.0,False,0,0,9.0,88.0,1,1.051600571832478,0.4530561285970172,473.8256761330583,15.643016841162066,630.6467532615396,28.204876133915626,-9.12781,38.71036,Alfama
453,283.5365853658536,Entire home/apt,False,False,3.0,False,0,1,10.0,100.0,1,0.379359324430759,0.3182502363025731,527.0273029966655,17.39943061720852,956.3734494948676,42.77258947463672,-9.13541,38.71324,São Cristóvão e São Lourenço
2404,204.9718574108818,Entire home/apt,False,False,4.0,True,0,0,10.0,97.0,1,1.250357219338048,0.7125213470418523,201.0446510665689,6.637345802207506,446.5779083350106,19.97263051556291,-9.128,38.719,São Vicente de Fora
1971,164.8686679174484,Private room,False,True,2.0,False,0,1,8.0,64.0,1,0.939197318980032,0.6514250948424967,208.50768611190824,6.883732582791434,662.5081886940907,29.629838420926983,-9.15,38.71,Santa Catarina
1080,96.38836772983116,Shared room,True,False,6.0,False,0,1,9.0,98.0,1,6.709135941019064,1.0467250585827002,54.46472666459101,1.7981141153360205,108.46394045240169,4.850912162212756,-9.20038,38.74967,
1096,124.29643527204502,Private room,False,True,2.0,False,0,1,9.0,86.0,1,2.5430978278002736,0.17201373687265,104.85318743222832,3.4616532186222604,293.5697722453708,13.12953570286377,-9.135,38.735,
630,382.97373358348966,Entire home/apt,False,False,6.0,True,0,1,10.0,98.0,2,0.4720509646873647,0.3844529896966662,400.5478768396266,13.223802547446695,1263.456394978323,56.50648471060706,-9.145,38.713,
268,129.9249530956848,Private room,False,True,2.0,False,0,1,10.0,93.0,1,4.024446343212516,3.0838572630791727,97.10161290064056,3.2057405126398626,180.54773123078675,8.074768274454206,-9.18458,38.70372,Santo Amaro
1378,214.8217636022514,Entire home/apt,False,False,2.0,False,0,1,10.0,100.0,1,1.3781570649780193,0.4700104010154027,161.11075057691625,5.318956551985652,532.3945608891165,23.81067145210608,-9.14523,38.72399,Coração de Jesus
2479,303.70544090056285,Entire home/apt,False,False,4.0,True,0,1,10.0,93.0,1,0.7720743348431695,0.2357865459389928,290.424527183842,9.588158680846975,624.8310864350123,27.9447778116298,-9.133,38.717,Socorro
1934,223.96810506566604,Entire home/apt,False,False,4.0,False,1,0,9.0,86.0,2,1.2164566475895786,0.3849920156979185,194.69519444537536,6.427723019271476,462.07433015855867,20.66568832612269,-9.131,38.721,São Vicente de Fora
1375,100.84427767354596,Shared room,True,False,2.0,False,0,1,10.0,80.0,1,2.6333457595202,0.1119287267437004,102.4761289731626,3.3831763285325187,287.82435465820345,12.87257918870493,-9.13381,38.73566,
1033,128.98686679174483,Private room,False,True,2.0,True,0,1,10.0,97.0,1,2.2897705743811,0.3950219198573743,112.81633114390166,3.724550730228026,328.7773948496979,14.704151966864211,-9.139,38.733,Saldanha
2579,135.31894934333957,Private room,False,True,2.0,False,0,1,8.0,81.0,1,1.1648468113039638,0.3037769192072899,200.8907672330876,6.632265437170356,483.4273335523272,21.620674318984147,-9.132,38.721,Anjos
2490,268.76172607879926,Entire home/apt,False,False,4.0,True,0,1,10.0,96.0,1,0.7720566014767365,0.2357623629472432,290.4259282822662,9.588204937112414,624.838728383698,27.945119588091806,-9.133,38.717,Socorro
770,426.1257035647279,Entire home/apt,False,False,4.0,False,0,0,10.0,90.0,1,3.32986110906377,0.0827756155272882,100.61216429120826,3.321638863638035,238.8083186156328,10.680399148125373,-9.16039,38.73759,Sete Rios
2575,133.20825515947467,Private room,False,True,2.0,False,0,1,9.0,92.0,1,1.1648448734394243,0.3037796154725076,200.8913180312105,6.632283621377642,483.4277714356601,21.6206939027608,-9.132,38.721,Anjos
883,344.9812382739212,Entire home/apt,False,False,6.0,True,0,1,10.0,95.0,2,0.4686835617685979,0.457583569547658,375.23964166257247,12.388269208844813,1599.943678477846,71.55545166819306,-9.145,38.712,
1170,193.94934333958724,Private room,False,True,2.0,True,0,1,10.0,96.0,1,1.8568180586036016,0.3154844913725136,130.5643461212318,4.310488789670815,339.388477643808,15.178719185845008,-9.132,38.728,
867,211.30393996247653,Entire home/apt,False,False,2.0,False,0,1,9.0,96.0,1,0.558187660745231,0.4582146569036577,612.9807907804969,20.23712372816925,1050.1769357072185,46.96783141612912,-9.146,38.713,
447,176.36022514071294,Private room,False,True,2.0,False,0,1,10.0,91.0,1,0.410900730510347,0.353205772199125,459.4249749442628,15.16758795968117,1098.2532703157062,49.11798450197673,-9.136,38.71,
2491,257.2701688555347,Entire home/apt,False,False,4.0,True,0,1,9.0,90.0,1,0.7720590908074029,0.2357657788798569,290.4257370738805,9.588198624503898,624.8376560126011,27.94507162765468,-9.133,38.717,Socorro
404,254.4559099437148,Entire home/apt,False,False,4.0,True,1,0,10.0,95.0,1,1.030915759436557,0.3990498808896908,929.221864050194,30.67759726982648,812.1796458410912,36.32370450012505,-9.12784,38.71138,Alfama
2254,238.03939962476545,Entire home/apt,False,False,4.0,False,0,0,10.0,96.0,2,1.3876960002936236,0.9602346332816968,155.00465736989992,5.117368238640981,520.0357962240236,23.257941378186874,-9.155,38.709,Madragoa
1445,182.2232645403377,Entire home/apt,False,False,2.0,False,0,1,9.0,76.0,1,3.2157470671920207,0.2103293993919977,90.49170020576648,2.9875189581467083,203.1108686539561,9.08387597685934,-9.12229,38.73797,Picheleira
613,339.1181988742964,Entire home/apt,False,False,2.0,False,0,1,9.0,83.0,1,0.2958709389204892,0.3061377392688711,512.2841111818467,16.912694651918766,1620.162888343718,72.45973018361111,-9.143,38.712,
150,232.1763602251407,Entire home/apt,False,False,4.0,True,0,0,9.0,93.0,1,5.003010253374316,4.06937615869984,111.9489284882563,3.6959140500441534,153.1540649462134,6.849621295714766,-9.19488,38.69978,Junqueira
645,461.3039399624765,Entire home/apt,False,False,5.0,True,0,1,10.0,98.0,2,0.1475614192826874,0.217837758765608,512.3159594119828,16.913746098527668,1285.5947629650589,57.4965951387408,-9.138,38.712,
2536,117.96435272045028,Private room,False,True,2.0,False,0,1,3.0,44.0,1,2.0069916785220934,0.3947833286405434,122.61131076670162,4.047924998268475,343.86008730445565,15.378706256174828,-9.1342,38.72995,Anjos
1588,228.65853658536585,Entire home/apt,False,False,4.0,False,0,1,10.0,90.0,1,0.9391999428050468,0.6514192823581251,208.50703780072635,6.883711179260035,662.5049259559439,29.62969249910179,-9.15,38.71,Santa Catarina
452,266.8855534709193,Entire home/apt,False,False,4.0,False,1,0,10.0,100.0,1,2.575823749692024,1.9473843183080848,107.28483596265524,3.5419323609931217,280.4345116973867,12.542077835481464,-9.16779,38.70516,Ceuta Sul
2247,228.65853658536585,Private room,False,True,4.0,False,0,1,8.0,80.0,2,1.7151768458047407,0.4602572731047284,137.48840718395553,4.539081728528367,434.51080733546576,19.43294472914221,-9.146,38.727,Bairro Camões
2493,100.84427767354596,Private room,False,True,2.0,False,0,1,8.0,85.0,1,1.3296409765608916,0.3234545595436014,174.64486017315016,5.76577552995207,438.444050878046,19.60885405769939,-9.13152,38.72253,Anjos
1135,151.9699812382739,Private room,False,True,2.0,False,0,1,10.0,94.0,1,0.3011971563106213,0.2624477094865919,532.4209616751407,17.577498412587282,1366.7806430745627,61.12753065132218,-9.143,38.713,
919,299.484052532833,Entire home/apt,False,False,2.0,False,0,0,10.0,100.0,1,0.416516032002092,0.398182000244615,388.5448841254863,12.827532301595948,1489.5961921302985,66.6203003048897,-9.14442,38.71231,
46,82.3170731707317,Private room,False,True,2.0,False,0,1,10.0,91.0,1,7.371780178623876,0.481821570374786,55.4841508063755,1.831769676487468,96.64470545088922,4.322311868163435,-9.12,38.777,Bairro da Encarnação
943,288.22701688555344,Entire home/apt,False,False,4.0,False,0,1,8.0,86.0,2,0.475148783232351,0.3127681689973861,332.2304653824005,10.968351921191736,993.0059521107268,44.41093168985012,-9.143,38.709,Encarnação
2395,181.98874296435272,Entire home/apt,False,False,4.0,False,0,0,10.0,94.0,1,0.4412658227013971,0.3166111253860656,477.9021359808312,15.777598256359848,860.7741316066436,38.497031239254895,-9.135,38.714,São Cristóvão e São Lourenço
2382,252.5797373358349,Entire home/apt,False,False,4.0,False,0,1,10.0,100.0,1,1.0561847209932451,0.5240780629266271,235.1252079798921,7.7624910879213775,540.761145916443,24.18485635536484,-9.12989,38.71806,São Vicente de Fora
1786,228.65853658536585,Entire home/apt,False,False,4.0,False,1,0,10.0,100.0,1,2.1313952114865984,0.2826273696573084,117.68545081561292,3.885301244315454,336.60348356246914,15.054163858014322,-9.13376,38.73102,
998,170.73170731707316,Entire home/apt,False,False,4.0,False,0,1,9.0,92.0,0,2.684617202852164,0.1069616288644463,101.22749773690217,3.341953658590635,282.3262344282286,12.62668273517716,-9.133,38.736,
1902,135.78799249530957,Private room,False,True,2.0,False,0,1,8.0,82.0,1,0.235047838166079,0.215832139297753,467.7558643222616,15.44262633224352,1219.159782225183,54.52537489058045,-9.13758,38.71099,São Cristóvão e São Lourenço
400,182.4577861163227,Private room,False,True,3.0,False,0,1,8.0,80.0,1,0.8209232377778498,0.4538695360144773,346.399374027085,11.43612833710602,774.033034650011,34.617645699364274,-9.13113,38.70915,Sé
1423,100.84427767354596,Private room,False,True,2.0,False,1,0,10.0,100.0,1,6.533478604543611,0.8675425959363898,143.67657763686665,4.743379763621944,119.71596327986984,5.354144611223898,-9.09476,38.75961,
254,228.65853658536585,Entire home/apt,False,False,4.0,False,0,1,10.0,93.0,1,0.8509585924928871,0.5894527290153246,409.7005424140299,13.525971275174545,806.4637896498696,36.06807008190452,-9.13,38.711,São Miguel
561,124.29643527204502,Private room,False,True,2.0,True,0,1,10.0,96.0,1,0.4910304281408648,0.437506433076095,340.3813113246574,11.23744628810113,1365.5693208383343,61.07335580073525,-9.145,38.711,
1147,205.44090056285177,Private room,False,True,2.0,False,0,1,10.0,100.0,1,5.102973027977865,1.3855718007543787,75.5581733708693,2.494499217885436,130.76860074891255,5.848459802977754,-9.101,38.747,Poço do Bispo
894,263.6022514071294,Entire home/apt,False,False,4.0,True,1,0,10.0,94.0,2,0.2958718709867735,0.3061354950252143,512.2860671013891,16.91275922520781,1620.2209385548265,72.46232640567266,-9.143,38.712,
777,135.78799249530957,Private room,False,True,2.0,False,0,1,9.0,93.0,1,0.2079170000047559,0.1807295382707292,456.7803579887613,15.080277816611344,1234.0698649890735,55.19220943040335,-9.138,38.711,
254,228.65853658536585,Entire home/apt,False,False,4.0,False,0,1,10.0,93.0,1,0.8509585924928871,0.5894527290153246,409.7005424140299,13.525971275174545,806.4637896498696,36.06807008190452,-9.13,38.711,São Miguel
744,235.6941838649156,Entire home/apt,False,False,4.0,False,0,1,10.0,94.0,1,2.148059420922724,0.7662362856923143,118.91065233714876,3.9257503989320153,327.5806992943914,14.650631276029182,-9.16367,38.716840000000005,Amoreiras
2029,379.6904315196998,Private room,False,True,2.0,False,0,1,9.0,100.0,1,0.1380630585419998,0.1952332730919983,525.9838540984545,17.364981895854246,1304.8712373342753,58.35871100482672,-9.141,38.713,Sacramento
2620,210.1313320825516,Entire home/apt,False,False,4.0,True,0,1,10.0,96.0,1,1.138694930065203,0.723805191998132,178.01878949887575,5.877163400896394,597.5405539916416,26.72424336312428,-9.152,38.709,São Bento
934,394.93433395872415,Entire home/apt,False,False,4.0,False,0,1,10.0,95.0,1,0.4092696791084054,0.3512496434638933,367.9952542425135,12.149100923705149,1479.9715231903529,66.18984919437945,-9.144,38.711,
2763,126.17260787992494,Private room,False,True,2.0,False,0,1,9.0,89.0,1,1.164867737422189,0.3037691594913023,200.88605066311,6.632109722975647,483.42073496496806,21.62037920553409,-9.132,38.721,Anjos
2571,224.906191369606,Entire home/apt,False,False,3.0,False,0,1,9.0,91.0,1,1.0966661938067257,0.3112599214117276,298.42699729551595,9.852354525507488,617.1188287387336,27.59985686831026,-9.12709,38.713440000000006,São Vicente de Fora
1589,228.65853658536585,Entire home/apt,False,False,4.0,False,0,1,10.0,92.0,1,0.9392165673532508,0.6514314607865251,208.50388457371224,6.883607077718539,662.4953783660479,29.62926549525376,-9.15,38.71,Santa Catarina
1572,290.3377110694184,Entire home/apt,False,False,4.0,False,0,0,9.0,96.0,2,0.9392133031987022,0.6514448112208799,208.5048102373762,6.8836376378443696,662.5008281502517,29.62950922993982,-9.15,38.71,Santa Catarina
2678,245.5440900562852,Entire home/apt,False,False,2.0,True,1,0,9.0,95.0,1,1.2211461825262069,0.8009375139330477,169.18727797842564,5.585597345264317,608.0694347107235,27.19513419856368,-9.153,38.709,Santos-o-Velho
2574,124.06191369606005,Private room,False,True,2.0,False,0,1,8.0,84.0,1,1.1648525975623036,0.3037879619131332,200.89022319079675,6.632247476002048,483.4243540117858,21.62054106281265,-9.132,38.721,Anjos
787,299.718574108818,Entire home/apt,False,False,2.0,False,0,1,10.0,98.0,0,0.4687081258702931,0.4575885962560997,375.24708439146775,12.388514925232332,1597.3285615463326,71.43849388041792,-9.145,38.712,
1984,354.1275797373358,Entire home/apt,False,False,6.0,False,0,1,10.0,92.0,3,0.2561268167751597,0.1807382587013733,440.0254767081686,14.527127358022897,1280.8631771345304,57.28498096396408,-9.142,38.711,Sacramento
2479,303.70544090056285,Entire home/apt,False,False,4.0,True,0,1,10.0,93.0,1,0.7720743348431695,0.2357865459389928,290.424527183842,9.588158680846975,624.8310864350123,27.9447778116298,-9.133,38.717,Socorro
2474,274.859287054409,Entire home/apt,False,False,2.0,False,0,1,10.0,87.0,1,1.101485778055297,0.8211392655199206,185.6139559986809,6.127912407234579,590.5845664735233,26.41314564427781,-9.15226,38.71315,Mercês
1698,216.93245778611632,Entire home/apt,False,False,2.0,False,0,1,9.0,93.0,1,0.8560883202182642,0.5934067091763409,226.61863380493247,7.481652607057541,730.7975022171124,32.683991350797335,-9.149,38.71,Santa Catarina
1918,159.00562851782362,Private room,False,True,2.0,False,0,1,9.0,92.0,1,0.2078947657238032,0.1807419305350927,456.7815662911956,15.080317707854643,1234.2335580188171,55.1995303935321,-9.138,38.711,
2403,292.21388367729827,Entire home/apt,False,False,6.0,False,0,1,9.0,93.0,2,0.7720835942807608,0.2357792351447315,290.41865971165805,9.587964970436564,624.8267057727727,27.94458189206752,-9.133,38.717,Socorro
312,287.9924953095685,Entire home/apt,False,False,4.0,False,1,0,9.0,91.0,2,0.9611758082751748,0.4342166265237605,354.3134591438804,11.6974062141826,685.1646533611082,30.64312006593793,-9.1286,38.71296,São Vicente de Fora
1451,131.09756097560975,Private room,False,True,3.0,False,1,0,9.0,94.0,1,2.558298628583581,0.1720194766823568,104.34348391152652,3.444825720324979,302.49408037871416,13.528664064629009,-9.134,38.735,
2631,319.65290806754217,Entire home/apt,False,False,4.0,False,0,1,9.0,90.0,2,1.5754626522383162,0.8128900638339509,159.62863783301876,5.270025656550643,361.670605423583,16.175259088379004,-9.12587,38.72161,Santa Engrácia
1588,228.65853658536585,Entire home/apt,False,False,4.0,False,0,1,10.0,90.0,1,0.9391999428050468,0.6514192823581251,208.50703780072635,6.883711179260035,662.5049259559439,29.62969249910179,-9.15,38.71,Santa Catarina
1790,128.98686679174483,Private room,False,True,2.0,True,0,1,10.0,97.0,1,2.2897895418391894,0.3950231192109133,112.81577913228284,3.724532505958036,328.7722403048059,14.70392143638189,-9.139,38.733,Saldanha
525,154.08067542213882,Private room,False,True,2.0,False,0,1,9.0,90.0,1,0.8509595445051277,0.5894661987246805,409.6900500425219,13.525624877010682,806.4618520537533,36.06798342537584,-9.13,38.711,São Miguel
1920,186.91369606003752,Private room,False,True,2.0,True,0,1,10.0,94.0,1,0.1475855095681949,0.2178427218898858,512.3066659154118,16.913439280365004,1285.5179727331806,57.49316079301996,-9.138,38.712,
369,211.53846153846152,Entire home/apt,False,False,4.0,True,0,1,9.0,94.0,2,5.332288097422715,4.198404663660674,110.57370496669886,3.6505120260684754,145.77422829083335,6.519567461810063,-9.20027,38.70519,
921,211.30393996247653,Entire home/apt,False,False,3.0,False,1,0,10.0,92.0,1,0.5006272353222662,0.3329646812832841,363.03250753408,11.9852593797601,1108.1549853052936,49.56082614565491,-9.145,38.714,
2198,138.13320825515947,Private room,False,True,2.0,False,0,1,10.0,82.0,1,1.7960288594985,0.3843780026464822,133.09401605985707,4.39400403894022,407.0272379510981,18.203776948296625,-9.145,38.728,Bairro Camões
818,263.6022514071294,Entire home/apt,False,False,2.0,True,1,0,9.0,94.0,1,0.8212070756727736,0.535912457363034,226.9403100012216,7.492272517310228,802.1541068923535,35.87532498693087,-9.147,38.717,São José
689,283.5365853658536,Entire home/apt,False,False,4.0,False,0,1,10.0,100.0,2,3.724730365268712,0.4474177236149759,92.22563817794206,3.044763683932012,210.7514157143751,9.425589752947072,-9.162,38.741,
1806,216.93245778611632,Private room,False,True,2.0,False,0,1,10.0,80.0,1,3.218165043957608,0.2764176396312985,95.18350626671425,3.142415589806369,261.40476510691605,11.690996556353026,-9.14354,38.74121,
2565,181.98874296435272,Entire home/apt,False,False,5.0,False,0,0,9.0,91.0,2,0.9844347452564868,0.1984621972146383,203.03212097138228,6.702960703970594,589.7877247213136,26.37750790761593,-9.137,38.721,Anjos
1276,282.1294559099437,Entire home/apt,False,False,4.0,True,0,1,10.0,97.0,2,0.217544995605917,0.2282057846178049,456.5258946485091,15.071876890875306,1353.1497490187776,60.51790620395981,-9.142,38.713,Sacramento
2684,193.48030018761725,Entire home/apt,False,False,4.0,False,0,1,10.0,89.0,1,0.4297758291984232,0.2014337233612116,418.91942950512,13.83032625905726,851.7795760811141,38.09476115197519,-9.136,38.715,Mouraria
1545,164.8686679174484,Private room,False,True,2.0,False,0,1,9.0,85.0,1,0.9392161967316066,0.6514526771235523,208.50437332406608,6.883623213462972,662.5004723943423,29.62949331920801,-9.15,38.71,Santa Catarina
249,403.37711069418384,Entire home/apt,False,False,6.0,True,1,0,10.0,94.0,2,0.7514244309239585,0.648183626800243,459.2152310310739,15.16066341394291,835.8479724833732,37.38224038854461,-9.131,38.712,Santiago
1849,135.78799249530957,Private room,False,True,2.0,True,0,1,10.0,100.0,1,2.4938104892435486,0.3749341868611116,108.04693050136156,3.5670923687850875,319.7346707488712,14.299727601150847,-9.14097,38.73482,Saldanha
1238,607.4108818011257,Entire home/apt,False,False,6.0,False,0,0,10.0,93.0,3,0.9005020814748116,0.572827141198598,212.44023174176704,7.013562772701287,844.3708630806506,37.76341586016308,-9.14368,38.719840000000005,São José
1294,135.78799249530957,Private room,False,True,2.0,False,0,1,10.0,100.0,1,2.776525289496744,0.051090190327609,99.58574965077254,3.287752516158119,268.09802449243017,11.99034409271036,-9.13339,38.73691,
205,116.08818011257036,Private room,False,True,2.0,True,1,0,10.0,100.0,1,6.248842962264717,0.8607259954578528,66.2714534715264,2.1879047822057176,113.4540007322199,5.074086278887668,-9.11847,38.76619,
776,135.78799249530957,Private room,False,True,2.0,False,0,1,9.0,85.0,1,0.2079138977102713,0.1807508324745905,456.7830985917609,15.08036829566522,1234.2508774265268,55.200304982074165,-9.138,38.711,
1184,272.98311444652904,Entire home/apt,False,False,2.0,False,0,1,8.0,90.0,1,0.3547747022984521,0.0634649709659702,467.1631613305128,15.423058665591514,1046.0048813425774,46.7812415764604,-9.14211,38.71491,Santa Justa
486,233.58348968105065,Entire home/apt,False,False,4.0,False,1,0,10.0,93.0,2,0.4329400833780426,0.4434898082351902,470.3060434483231,15.526818677712276,1004.8839156531428,44.94215854340069,-9.13494,38.71106,Sé
642,461.3039399624765,Entire home/apt,False,False,6.0,True,0,1,10.0,99.0,2,0.1475621234247455,0.2178380681057936,512.3152692339262,16.91372331279125,1285.5926137506117,57.49649901785068,-9.138,38.712,
2576,135.31894934333957,Private room,False,True,2.0,False,0,1,9.0,91.0,1,1.164853270433642,0.3037983547805856,200.8906849293616,6.632262719971529,483.4232099331642,21.62048989534744,-9.132,38.721,Anjos
497,189.4934333958724,Entire home/apt,False,False,5.0,False,0,0,9.0,88.0,2,0.4628107350448002,0.2650136437124556,440.2497091565196,14.534530232418636,827.9542304857158,37.02920279003868,-9.13503,38.71447,Mouraria
2188,472.79549718574106,Entire home/apt,False,False,6.0,False,0,1,10.0,93.0,2,1.1955178691215949,0.6622958456295414,174.33695458074243,5.755610246367545,570.9902673577438,25.536815469527426,-9.15313,38.71442,Mercês
1488,179.17448405253282,Entire home/apt,False,False,3.0,False,1,0,9.0,83.0,1,0.9894738351802682,0.8256205042586735,202.0662657809638,6.671073683551724,627.7409505925324,28.074917795233805,-9.15095,38.71145,Mercês
2071,164.8686679174484,Private room,False,True,2.0,False,0,1,6.0,40.0,1,0.8355321901332204,0.5645098699439103,232.1657904624421,7.664788028764023,746.590679297366,33.39032116381203,-9.14869,38.70986,Santa Catarina
111,176.36022514071294,Entire home/apt,False,False,3.0,False,0,0,10.0,95.0,1,3.350530445611338,2.4813433222171306,104.8160637696582,3.4604276073731426,224.51745498374743,10.041258398570376,-9.177,38.705,Quinta do Cabrinha
392,252.1106941838649,Entire home/apt,False,False,4.0,False,0,0,10.0,87.0,1,0.4693655768121655,0.2741811753182196,443.208676014164,14.632218413363846,821.7663476556169,36.75245757910799,-9.1349,38.71441,São Cristóvão e São Lourenço
71,79.9718574108818,Private room,False,True,2.0,False,0,1,10.0,92.0,1,7.371783912105972,0.481807419421743,55.48422272974656,1.831772050986279,96.64457243578563,4.322305919231643,-9.12,38.777,Bairro da Encarnação
1430,449.577861163227,Entire home/apt,False,False,6.0,False,0,1,8.0,80.0,3,0.4812757727162894,0.4025898497013908,333.06003373078386,10.9957395286987,1272.9210014495989,56.92977723022761,-9.14463,38.71051,
53,238.03939962476545,Entire home/apt,False,False,2.0,True,1,0,10.0,94.0,0,0.4412710645457039,0.3166071798668962,477.8982904831479,15.777471299995824,860.766892694309,38.49670748808249,-9.135,38.714,São Cristóvão e São Lourenço
983,176.36022514071294,Entire home/apt,False,False,3.0,False,0,1,9.0,90.0,1,3.328547709035551,0.3060587675229428,87.8427842948465,2.900066888129069,212.74419731736927,9.514714382517766,-9.13049,38.7415,
1169,170.73170731707316,Private room,False,True,2.0,True,0,1,10.0,98.0,1,1.856810360817837,0.3154749396368654,130.56470560445325,4.310500657753046,339.38998907004947,15.178786782466585,-9.132,38.728,
2573,147.0450281425891,Private room,False,True,3.0,False,0,1,9.0,90.0,1,1.1648335492481243,0.3037900586771122,200.89423054651155,6.63237977599357,483.430795622948,21.620829155701408,-9.132,38.721,Anjos
669,251.8761726078799,Entire home/apt,False,False,2.0,False,0,1,8.0,83.0,0,0.3821525235358186,0.382939839021131,395.9884760460904,13.073277181280451,1613.553593184823,72.16413784078998,-9.144,38.712,
2182,199.812382739212,Entire home/apt,False,False,3.0,False,0,1,10.0,92.0,0,1.4183217133169466,0.9986884764511618,152.73940230815498,5.042582457993558,498.8254634966152,22.30933614991641,-9.15541,38.70913,Madragoa
946,284.2401500938086,Entire home/apt,False,False,6.0,False,0,1,9.0,83.0,2,0.4751572093030717,0.3127731034114399,332.22184727901384,10.968067400653467,992.9926215863386,44.41033549905515,-9.143,38.709,Encarnação
2834,154.08067542213882,Private room,False,True,2.0,False,0,1,10.0,90.0,1,0.2798730199372423,0.3057039877040948,528.6283752513556,17.452288876069527,1530.037246062886,68.42897514701734,-9.14284,38.71218,Encarnação
2333,156.66041275797372,Private room,False,True,2.0,False,0,1,10.0,96.0,1,0.1380488940244929,0.1952318549381217,526.0523857242468,17.367244418614032,1304.9014641764268,58.36006286200253,-9.141,38.713,Sacramento
1298,88.18011257035647,Shared room,True,False,3.0,False,1,0,8.0,80.0,1,2.0951598768967217,0.4933411982149805,119.91081343968304,3.9587700045779215,308.8581578368735,13.813289356816297,-9.131,38.73,
630,382.97373358348966,Entire home/apt,False,False,6.0,True,0,1,10.0,98.0,2,0.4720509646873647,0.3844529896966662,400.5478768396266,13.223802547446695,1263.456394978323,56.50648471060706,-9.145,38.713,
1930,216.93245778611632,Entire home/apt,False,False,4.0,False,1,0,9.0,86.0,2,1.2164441789865978,0.3849626981755876,194.69632220125283,6.427760251327637,462.0787554593568,20.66588624208789,-9.131,38.721,São Vicente de Fora
2246,235.6941838649156,Private room,False,True,2.0,False,0,1,9.0,70.0,1,1.8205520015532888,0.3548605393356182,132.40320925234514,4.371197544762677,408.02634154478295,18.24846058927169,-9.146,38.728,Saldanha
612,612.1013133208255,Entire home/apt,False,False,4.0,True,0,1,10.0,98.0,1,0.5581999181227868,0.458215638833793,612.962764730047,20.23652861096693,1050.132272889873,46.965833928273206,-9.146,38.713,
2478,291.9793621013133,Entire home/apt,False,False,6.0,False,1,0,9.0,93.0,3,0.772064823808365,0.2357667447305354,290.4235189851577,9.5881253958863,624.8350511660358,27.944955129196007,-9.133,38.717,Socorro
2576,135.31894934333957,Private room,False,True,2.0,False,0,1,9.0,91.0,1,1.164853270433642,0.3037983547805856,200.8906849293616,6.632262719971529,483.4232099331642,21.62048989534744,-9.132,38.721,Anjos
2195,154.3151969981238,Private room,False,True,3.0,False,0,1,9.0,88.0,1,1.689970555210015,0.4851537323202491,138.60390628017413,4.575909135795229,435.6376634350781,19.48334193890496,-9.14554,38.72688,Bairro Camões
2567,297.8424015009381,Entire home/apt,False,False,4.0,False,0,1,10.0,90.0,1,1.124490140306646,0.721342569967955,179.7428229975929,5.934081137552747,591.6377058372972,26.46024596653172,-9.15188,38.70912,São Bento
851,100.84427767354596,Private room,False,True,2.0,False,0,1,9.0,89.0,0,2.4520157858490665,0.8092928675450246,111.80463041189488,3.691150151943294,290.612979890514,12.997296915157111,-9.16355,38.72408,Amoreiras
1693,222.5609756097561,Entire home/apt,False,False,4.0,True,0,1,10.0,96.0,1,1.138684923392659,0.7238051435480645,178.0199900106584,5.877203034936886,597.5375512895076,26.724109071079926,-9.152,38.709,São Bento
1572,290.3377110694184,Entire home/apt,False,False,4.0,False,0,0,9.0,96.0,2,0.9392133031987022,0.6514448112208799,208.5048102373762,6.8836376378443696,662.5008281502517,29.62950922993982,-9.15,38.71,Santa Catarina
576,386.7260787992496,Entire home/apt,False,False,5.0,False,1,0,9.0,85.0,2,3.7642683936170576,0.4409162504697733,89.69814145952637,2.961320181978235,205.7206504559384,9.200595157733211,-9.168,38.738,Sete Rios
1572,290.3377110694184,Entire home/apt,False,False,4.0,False,0,0,9.0,96.0,2,0.9392133031987022,0.6514448112208799,208.5048102373762,6.8836376378443696,662.5008281502517,29.62950922993982,-9.15,38.71,Santa Catarina
2724,357.64540337711065,Private room,False,True,5.0,False,0,1,8.0,80.0,1,2.4906318448716864,0.3475386291857092,118.31961340225834,3.9062376699306496,364.0724667313156,16.282679288871734,-9.15089,38.73301,São Sebastião da Pedreira
180,339.1181988742964,Entire home/apt,False,False,2.0,True,0,1,10.0,94.0,1,0.6646299254790106,0.6222335543010702,511.6120628566161,16.890507455658206,846.8631430855102,37.87487992219869,-9.132,38.712,Santiago
2795,107.64540337711068,Private room,False,True,2.0,False,0,1,9.0,85.0,1,1.5041708734495576,0.452428548608262,157.2252790599711,5.190680480347946,389.3507825536491,17.413219901275763,-9.13053,38.7239,
2664,162.2889305816135,Private room,False,True,3.0,False,0,1,10.0,95.0,1,0.7356263473339388,0.2641578606929089,316.13177141772906,10.43686501895102,647.4589079744892,28.95677842909214,-9.13275,38.71623,Socorro
2754,245.77861163227016,Entire home/apt,False,False,2.0,False,1,0,10.0,93.0,1,0.4926877670964062,0.1918277445098644,394.3250200567516,13.018359367902072,789.214142802716,35.296601505936145,-9.13518,38.71512,Mouraria
1072,335.60037523452155,Entire home/apt,False,False,2.0,False,0,1,10.0,96.0,0,0.2561368082989465,0.1807489333097835,440.0271891755909,14.52718389391379,1280.8665339095207,57.28513109146783,-9.142,38.711,Sacramento
1895,257.7392120075047,Entire home/apt,False,False,6.0,False,0,1,9.0,87.0,2,0.2323265548252256,0.2648002259807466,497.2119521275371,16.415098067783827,1146.476249661628,51.27469608770344,-9.137,38.712,São Cristóvão e São Lourenço
2174,135.78799249530957,Private room,False,True,2.0,False,0,1,10.0,100.0,1,2.289789113463081,0.3950362197895966,112.81583785261776,3.724534444568024,328.77314925577406,14.703962088061036,-9.139,38.733,Saldanha
2414,199.343339587242,Entire home/apt,False,False,4.0,False,1,0,9.0,88.0,2,1.2899635325014156,0.653341623449701,191.76316687020392,6.330924219528343,432.9224528533014,19.36190758957953,-9.12826,38.719840000000005,São Vicente de Fora
2151,193.94934333958724,Entire home/apt,False,False,3.0,False,0,1,2.0,30.0,1,1.4333827091203608,0.9080018687548514,152.14908073339828,5.0230934121255,522.6578146393309,23.375207826070923,-9.15493,38.70756,Santos-o-Velho
1572,290.3377110694184,Entire home/apt,False,False,4.0,False,0,0,9.0,96.0,2,0.9392133031987022,0.6514448112208799,208.5048102373762,6.8836376378443696,662.5008281502517,29.62950922993982,-9.15,38.71,Santa Catarina
431,203.09568480300183,Entire home/apt,False,False,4.0,False,0,1,10.0,87.0,1,3.529503792847418,2.6920214642203737,232.2437776991915,7.667362721777335,243.96597758566784,10.911068903639816,-9.17865,38.7036,Santo Amaro
950,113.74296435272043,Private room,False,True,2.0,True,0,1,10.0,96.0,1,2.16316063713568,0.5846601406481292,117.576224293466,3.881695208569587,295.2426447349661,13.204352803107057,-9.12934,38.73012,
246,287.0544090056285,Entire home/apt,False,False,6.0,True,0,0,10.0,98.0,3,0.9366497761345132,0.5083386057292626,471.41760713114417,15.563516160111924,902.2035656388318,40.34991012768627,-9.129,38.711,São Miguel
2632,437.1482176360225,Entire home/apt,False,False,4.0,False,1,0,10.0,97.0,2,0.7031362936920436,0.250953965461518,327.3658574801628,10.807750359956405,664.8154052839359,29.733025756458563,-9.133,38.716,Socorro
2708,332.7861163227017,Entire home/apt,False,False,4.0,False,0,0,10.0,93.0,2,0.873317951443237,0.7021096188104463,228.2291059742218,7.534821197396536,696.8001279417745,31.16350190824469,-9.1494,38.7142,
2352,126.17260787992494,Private room,False,True,3.0,False,0,1,10.0,92.0,1,1.1648452232036584,0.3037820422158513,200.8913865518811,6.632285883538726,483.4274372625292,21.620678957291386,-9.132,38.721,Anjos
1409,99.671669793621,Private room,False,True,2.0,False,1,0,10.0,100.0,1,2.016535607674708,0.3907897617691818,122.24724768351815,4.035905715168492,340.6353248607488,15.234482846134798,-9.134,38.73,Anjos
439,246.0131332082552,Entire home/apt,False,False,2.0,False,0,1,10.0,96.0,0,1.0163633875538889,0.4169245586336468,1104.1490046595382,36.45269208710242,921.7600043202718,41.22454704253261,-9.12802,38.7113,Alfama
2156,188.08630393996248,Entire home/apt,False,False,3.0,False,0,0,9.0,89.0,1,1.3003050954765127,0.90015443172308,161.89097408592284,5.34471507480541,537.3301047971852,24.03140739320249,-9.15407,38.70932,Santos-o-Velho
2447,164.39962476547842,Entire home/apt,False,False,2.0,False,0,1,9.0,85.0,1,0.7430914509039181,0.1464053197949148,268.92992828028736,8.8785298245418,650.1587956141046,29.07752747926486,-9.135,38.718,Socorro
669,251.8761726078799,Entire home/apt,False,False,2.0,False,0,1,8.0,83.0,0,0.3821525235358186,0.382939839021131,395.9884760460904,13.073277181280451,1613.553593184823,72.16413784078998,-9.144,38.712,
604,164.8686679174484,Private room,False,True,2.0,False,0,1,7.0,76.0,1,0.7434629817134435,0.6402487798537243,263.6714104520875,8.704923607974123,825.1623582045843,36.90433984344651,-9.148,38.711,
2673,249.29643527204504,Entire home/apt,False,False,4.0,False,0,1,10.0,92.0,1,0.8565378432939194,0.5717603017573526,351.88371647863795,11.617189992591848,710.8432850351929,31.79156429705512,-9.13,38.714,São Vicente de Fora
1377,147.2795497185741,Shared room,True,False,4.0,False,0,1,9.0,93.0,1,2.670938174836333,0.1198511228064947,101.7326892488122,3.358632196134898,277.093024818117,12.392634073112928,-9.13512,38.73618,Saldanha
338,165.10318949343338,Private room,False,True,2.0,False,1,0,10.0,95.0,1,0.5779138760948949,0.5585997305354902,658.084963674304,21.7262058352064,1016.2113738436057,45.44876474334034,-9.133,38.712,Santiago
2703,246.71669793621007,Entire home/apt,False,False,3.0,False,0,1,10.0,100.0,1,9.54797838320082,1.92652449277174,44.38525881025831,1.465347671182832,75.74503869824618,3.3876007815688967,-9.098,38.792,
189,201.9230769230769,Entire home/apt,False,False,2.0,False,1,0,10.0,92.0,0,0.8566030803115554,0.5628791190764529,355.9244903240929,11.750593259868628,711.166025927475,31.805998474101283,-9.12995,38.71381,São Vicente de Fora
1279,177.5328330206379,Private room,False,True,2.0,True,1,0,10.0,100.0,1,0.4621505709558174,0.3532001255785228,341.26715568805275,11.266691808116704,1115.871926452667,49.90595655038422,-9.144,38.71,Encarnação
1120,350.60975609756093,Entire home/apt,False,False,2.0,False,1,0,10.0,98.0,1,0.6732289543366342,0.2342756563823798,258.73183474344364,8.541847038065296,846.3009092764748,37.84973472822103,-9.145,38.708,São Paulo
2411,338.64915572232644,Entire home/apt,False,False,6.0,False,0,1,10.0,100.0,2,1.3086854472195324,0.1730736760653459,243.5188269314189,8.039600432625102,505.71504414917695,22.61746390593062,-9.12482,38.71448,São Vicente de Fora
2486,279.31519699812384,Entire home/apt,False,False,6.0,False,1,0,10.0,96.0,2,1.0363142828920011,0.5857492344071237,257.11078215513896,8.488329142736765,545.2216839360318,24.38434826059145,-9.12897,38.71655,São Vicente de Fora
2324,174.01500938086303,Private room,False,True,2.0,False,0,1,8.0,80.0,1,1.983541044251348,0.2040186222942562,127.05895200361893,4.194760702361909,397.59212600738647,17.78180353401084,-9.148,38.729,São Sebastião da Pedreira
104,159.00562851782362,Entire home/apt,False,False,2.0,False,0,0,10.0,90.0,1,3.465386145870429,2.809469783656805,107.0554849329828,3.5343605002848046,232.33088946630767,10.390704345324794,-9.17652,38.70055,Junqueira
1952,275.093808630394,Entire home/apt,False,False,4.0,False,0,1,9.0,95.0,2,1.72512641358366,1.251289979988344,134.31907248160422,4.434448403190719,407.793203757817,18.23803379745916,-9.159,38.709,Santos-o-Velho
1573,228.65853658536585,Entire home/apt,False,False,4.0,False,0,1,10.0,98.0,1,1.001751129427919,0.8914637288281457,200.972481464902,6.634963174268242,629.8890762730435,28.170989991634656,-9.15115,38.71254,Mercês
161,272.98311444652904,Entire home/apt,False,False,4.0,False,0,1,9.0,95.0,1,0.7717600723219161,0.5133134575120761,386.7368161362024,12.767840226153435,761.6174478747166,34.062374328638874,-9.131,38.714,São Vicente de Fora
716,280.9568480300188,Entire home/apt,False,False,4.0,True,1,0,9.0,91.0,1,5.9756629936156616,4.919541345213672,197.62872399209564,6.52457140553433,139.54617033107425,6.241025469163028,-9.20668,38.70055,Restelo
1473,200.51594746716697,Entire home/apt,False,False,2.0,False,0,1,9.0,86.0,1,0.4894126464042879,0.3680946556892108,327.809376888621,10.822392836979844,1034.1240551278463,46.24988669352154,-9.14408,38.70967,
1599,275.093808630394,Entire home/apt,False,False,4.0,True,0,0,10.0,99.0,1,0.881396664151585,0.6947235763588817,222.66846899816807,7.351240732585317,708.8264274703565,31.701362900628727,-9.14957,38.71081,Santa Catarina
475,208.95872420262663,Entire home/apt,False,False,3.0,False,1,0,10.0,100.0,1,0.9429659026564224,0.5041342765289621,325.5997735971614,10.749444359846487,657.7239546666824,29.415869622323253,-9.12907,38.71431,São Vicente de Fora
2330,249.53095684803,Entire home/apt,False,False,4.0,False,0,1,10.0,96.0,1,0.991919049610426,0.4919976477503762,254.7660545768333,8.410919633622123,617.5760359304892,27.62030488004474,-9.13007,38.71725,São Vicente de Fora
424,226.54784240150093,Entire home/apt,False,False,3.0,False,0,1,10.0,100.0,1,0.952513884162578,0.4428931256461488,356.1667598777323,11.758591616434298,687.8080379043134,30.76134208679164,-9.1287,38.71296,São Vicente de Fora
1763,131.09756097560975,Private room,False,True,2.0,True,0,1,10.0,97.0,1,2.2897792334012905,0.3950170768241767,112.81606014670152,3.724541783448695,328.7747149624926,14.704032112308097,-9.139,38.733,Saldanha
1883,126.40712945590994,Private room,False,True,3.0,False,0,1,10.0,92.0,1,1.1648388409079324,0.3037863540845714,200.89293729737,6.632337080295297,483.4292795076196,21.62076134936637,-9.132,38.721,Anjos
1811,182.2232645403377,Entire home/apt,False,False,2.0,False,0,0,10.0,96.0,1,3.4710527110899525,0.2795006447607699,92.9748744302313,3.0694991845663813,271.4046682717324,12.13822954162747,-9.14437,38.74343,
1764,131.09756097560975,Private room,False,True,2.0,True,0,1,10.0,97.0,1,2.28978695272019,0.3950451145796457,112.8159325580514,3.724537571200387,328.7742807807753,14.704012694081502,-9.139,38.733,Saldanha
2124,164.8686679174484,Private room,False,True,2.0,False,0,1,7.0,79.0,1,2.4019671010030064,0.2287930780534151,116.32438534638815,3.8403666383422905,359.1763539987788,16.063706857086903,-9.148,38.733,São Sebastião da Pedreira
1718,275.093808630394,Entire home/apt,False,False,2.0,True,1,0,10.0,98.0,1,0.8029599185835441,0.5746101028181649,239.0032165281268,7.890520774968499,815.9241709481342,36.491173636021294,-9.14797,38.71548,Mercês
1363,421.6697936210131,Entire home/apt,False,False,6.0,True,0,1,10.0,99.0,2,1.065136316616487,0.6026918010509829,230.4314497910617,7.607530008151615,664.4131716449062,29.71503636714188,-9.14646,38.72034,Coração de Jesus
1220,385.7879924953096,Entire home/apt,False,False,6.0,True,1,0,10.0,96.0,3,0.8948260175645022,0.5905840137498227,213.38473238213032,7.044744787876721,744.4516267024724,33.29465474965722,-9.147,38.718,São José
1281,193.94934333958724,Private room,False,True,3.0,True,1,0,10.0,100.0,1,0.4621514135546172,0.3532056543836337,341.2651750965673,11.266626420301051,1115.8850342974029,49.90654278211418,-9.144,38.71,Encarnação
1099,110.45966228893056,Private room,False,True,2.0,True,1,0,9.0,98.0,1,2.926744454893924,0.3583963795625605,95.50469019863344,3.153019248301886,230.5702452024672,10.31196176380718,-9.127,38.73682,
1653,231.00375234521576,Entire home/apt,False,False,3.0,True,0,0,10.0,97.0,1,0.951840755567189,0.8012573021150675,210.91553412233264,6.96322596796512,647.8373796044168,28.97370509269121,-9.15045,38.71368,Mercês
1764,131.09756097560975,Private room,False,True,2.0,True,0,1,10.0,97.0,1,2.28978695272019,0.3950451145796457,112.8159325580514,3.724537571200387,328.7742807807753,14.704012694081502,-9.139,38.733,Saldanha
2114,119.37148217636022,Private room,False,True,2.0,True,0,1,10.0,95.0,1,2.289788212268232,0.3950483041391082,112.81590685949448,3.7245367227808543,328.7741259005998,14.7040057672621,-9.139,38.733,Saldanha
1251,159.00562851782362,Private room,False,True,2.0,False,0,1,10.0,100.0,1,2.5145988923371454,0.3092113442958535,105.40907830795828,3.480005559512395,283.40517891260214,12.674937158718931,-9.131,38.734,
1763,131.09756097560975,Private room,False,True,2.0,True,0,1,10.0,97.0,1,2.2897792334012905,0.3950170768241767,112.81606014670152,3.724541783448695,328.7747149624926,14.704032112308097,-9.139,38.733,Saldanha
928,400.7973733583489,Entire home/apt,False,False,6.0,False,0,1,9.0,86.0,2,0.4410473720835356,0.3257308556450277,400.5533007741408,13.223981614777202,1225.7789182171578,54.821407352179065,-9.14453,38.7134,
207,385.7879924953096,Entire home/apt,False,False,6.0,False,0,1,8.0,88.0,2,3.1858649062963087,2.242112195873557,99.99646775015792,3.3013120813511447,222.920682175918,9.969844760070032,-9.17564,38.70706,Quinta do Cabrinha
1073,472.5609756097561,Entire home/apt,False,False,2.0,False,0,0,9.0,100.0,1,0.3436842902499905,0.1657124449254549,402.0036622326924,13.271864264166434,1102.0450429918246,49.28756672547156,-9.14291,38.7141,Encarnação
2267,135.78799249530957,Private room,False,True,2.0,False,1,0,10.0,100.0,1,1.4630751064283651,0.9915090898991678,151.60475888700068,5.005123014489602,543.7451396309726,24.31831168938094,-9.15566,38.70836,Madragoa
2491,257.2701688555347,Entire home/apt,False,False,4.0,True,0,1,9.0,90.0,1,0.7720590908074029,0.2357657788798569,290.4257370738805,9.588198624503898,624.8376560126011,27.94507162765468,-9.133,38.717,Socorro
2114,119.37148217636022,Private room,False,True,2.0,True,0,1,10.0,95.0,1,2.289788212268232,0.3950483041391082,112.81590685949448,3.7245367227808543,328.7741259005998,14.7040057672621,-9.139,38.733,Saldanha
1063,120.77861163227016,Private room,False,True,2.0,True,1,0,10.0,96.0,1,3.408584046276532,0.1678652970486763,86.93871198148534,2.8702195853426207,196.960087691239,8.808790099887673,-9.12438,38.74067,Olaias
2183,391.41651031894935,Entire home/apt,False,False,6.0,False,1,0,9.0,89.0,2,1.5396421119335777,0.5891312774928167,145.62632176257006,4.807749175687682,428.0404382511176,19.14356567879281,-9.15707,38.71478,
1223,468.1050656660413,Entire home/apt,False,False,4.0,True,0,1,10.0,97.0,1,0.3011954127534111,0.2624221358395984,532.5125374625821,17.580521721912522,1366.7195345420844,61.12479764971651,-9.143,38.713,
968,286.8198874296436,Entire home/apt,False,False,5.0,False,1,0,10.0,90.0,2,3.33136247894566,0.1778788449432689,88.31324220866455,2.9155987206987484,225.56648719245536,10.08817503352342,-9.13553,38.74222,
2333,156.66041275797372,Private room,False,True,2.0,False,0,1,10.0,96.0,1,0.1380488940244929,0.1952318549381217,526.0523857242468,17.367244418614032,1304.9014641764268,58.36006286200253,-9.141,38.713,Sacramento
2710,147.0450281425891,Private room,False,True,2.0,False,0,1,10.0,95.0,1,2.3924383795619177,0.250001782819487,117.4749946175384,3.878353182999583,376.01248989497896,16.816681680266818,-9.14908,38.73262,São Sebastião da Pedreira
2284,413.6960600375234,Entire home/apt,False,False,6.0,False,0,0,10.0,100.0,2,2.0685226154139777,0.499673298154659,120.1933103040628,3.9680964371240286,350.2772247960536,15.665704591056867,-9.13929,38.73101,Saldanha
2352,126.17260787992494,Private room,False,True,3.0,False,0,1,10.0,92.0,1,1.1648452232036584,0.3037820422158513,200.8913865518811,6.632285883538726,483.4274372625292,21.620678957291386,-9.132,38.721,Anjos
771,240.38461538461536,Entire home/apt,False,False,3.0,True,1,0,10.0,95.0,1,0.4092642921385002,0.3512517870819054,367.9991068872437,12.14922811602383,1479.9987013152884,66.19106470154475,-9.144,38.711,
2479,303.70544090056285,Entire home/apt,False,False,4.0,True,0,1,10.0,93.0,1,0.7720743348431695,0.2357865459389928,290.424527183842,9.588158680846975,624.8310864350123,27.9447778116298,-9.133,38.717,Socorro
728,385.7879924953096,Entire home/apt,False,False,5.0,False,0,1,9.0,100.0,3,0.500636088959061,0.3329754813014239,363.0300705941236,11.985178925925076,1108.1444928991632,49.56035688609919,-9.145,38.714,
2422,166.74484052532833,Private room,False,True,2.0,False,0,1,9.0,93.0,1,1.1418008752747844,0.0206258423347683,188.3686718215231,6.218857385904824,535.6082929342384,23.954401541560248,-9.135,38.722,Anjos
1129,84.66228893058161,Private room,False,True,2.0,False,1,0,10.0,92.0,1,2.941325924348203,0.200645417890623,95.76465394536032,3.161601766035683,246.97159890967737,11.045491505057676,-9.13372,38.73847,
1239,149.859287054409,Private room,False,True,2.0,True,1,0,10.0,96.0,1,0.4621468338810681,0.3532042163627766,341.2670068656481,11.266686894851132,1115.9039895446483,49.90739053150461,-9.144,38.71,Encarnação
593,249.53095684803,Entire home/apt,False,False,3.0,False,0,1,10.0,93.0,1,0.500647857018832,0.3329928198415978,363.0283280435097,11.985121396859064,1108.1348261623673,49.55992455355717,-9.145,38.714,
1589,228.65853658536585,Entire home/apt,False,False,4.0,False,0,1,10.0,92.0,1,0.9392165673532508,0.6514314607865251,208.50388457371224,6.883607077718539,662.4953783660479,29.62926549525376,-9.15,38.71,Santa Catarina
2534,158.77110694183864,Private room,False,True,2.0,False,0,1,9.0,87.0,1,0.7031503546024656,0.2509495823495169,327.3574966400333,10.807474332781135,664.8085757923736,29.732720316110893,-9.133,38.716,Socorro
714,223.03001876172607,Private room,False,True,2.0,False,0,1,9.0,89.0,1,0.2958639282742608,0.3061284508968481,512.3130378933573,16.913649646673402,1620.3454345375385,72.46789433059007,-9.143,38.712,
679,149.859287054409,Private room,False,True,2.0,False,0,1,10.0,96.0,1,0.3012069675097209,0.2624475980877758,532.3653358973138,17.575661967195703,1366.768651080724,61.12699432460826,-9.143,38.713,
1089,112.5703564727955,Private room,False,True,2.0,False,0,1,9.0,88.0,1,2.543107848752134,0.1720342247700418,104.85297290354436,3.461646136110728,293.58092499681726,13.13003449552618,-9.135,38.735,
2083,314.7279549718574,Entire home/apt,False,False,5.0,True,0,1,10.0,95.0,3,0.1380391427385845,0.19521459195716,526.0354953825772,17.366686796027288,1304.8622031155094,58.35830696085132,-9.141,38.713,Sacramento
1338,72.93621013133207,Private room,False,True,2.0,False,1,0,9.0,90.0,1,3.0815844130557823,0.3401352193594987,92.578077069126,3.056399202621638,233.31442708980987,10.43469181802715,-9.13299,38.73965,Bairro dos Actores
273,140.2439024390244,Private room,False,True,2.0,False,1,0,10.0,95.0,1,7.293337427476756,0.3391013168732464,56.86755882420318,1.87744190577164,97.99177035084276,4.382557637210911,-9.1188,38.77604,Bairro da Encarnação
1134,217.1669793621013,Entire home/apt,False,False,2.0,False,0,1,8.0,88.0,1,1.1053845676041294,0.6224277381145983,183.6439364607444,6.062873616891131,564.0921139430537,25.228304307600624,-9.14236,38.7221,Pena
2268,263.6022514071294,Entire home/apt,False,False,4.0,False,0,0,10.0,100.0,2,2.289777457673765,0.395044083459778,112.81620737387604,3.7245466440488815,328.7768354312973,14.704126947585806,-9.139,38.733,Saldanha
1479,319.4183864915572,Entire home/apt,False,False,2.0,False,1,0,10.0,97.0,1,1.676446795647374,0.1856354314547383,140.67756471195224,4.644369490320241,370.4189439349582,16.566517431999735,-9.13287,38.72652,Anjos
2080,251.8761726078799,Entire home/apt,False,False,4.0,False,0,1,7.0,66.0,1,0.9391913920157552,0.651417462609066,208.5087462607782,6.883767582850448,662.5108457770785,29.6299572555934,-9.15,38.71,Santa Catarina
2114,119.37148217636022,Private room,False,True,2.0,True,0,1,10.0,95.0,1,2.289788212268232,0.3950483041391082,112.81590685949448,3.7245367227808543,328.7741259005998,14.7040057672621,-9.139,38.733,Saldanha
2659,289.8686679174484,Entire home/apt,False,False,4.0,True,0,1,10.0,100.0,1,1.2225710908908902,0.5187396452122605,219.02055265917443,7.230807375761482,467.174143217509,20.893770996635023,-9.12699,38.7172,São Vicente de Fora
221,180.1125703564728,Private room,False,True,2.0,False,0,1,10.0,80.0,1,2.5768260650253,1.955406473824642,107.26659950729012,3.541330297422554,281.6368707661909,12.59585181977414,-9.16776,38.70506,
611,162.52345215759848,Private room,False,True,2.0,True,0,1,10.0,96.0,1,0.4092860981753793,0.3512732533540275,367.9875559461237,12.14884676993903,1480.097963209627,66.19550406386631,-9.144,38.711,
2409,114.44652908067542,Private room,False,True,2.0,False,0,1,9.0,85.0,1,1.1648407466210189,0.3038002227172367,200.89334787445785,6.632350635205098,483.427402228269,21.620677390428533,-9.132,38.721,Anjos
1598,496.0131332082551,Entire home/apt,False,False,6.0,False,1,0,9.0,88.0,3,0.651267339032726,0.4930551431704156,280.3678754578631,9.25614549490259,949.447241796066,42.46282362043679,-9.14651,38.71005,Santa Catarina
492,159.00562851782362,Entire home/apt,False,False,4.0,False,0,0,10.0,93.0,2,3.4347316604071896,2.507698420353264,102.83410792048656,3.39499474822533,215.45871350170896,9.636117675798593,-9.17822,38.70575,Santo Amaro
2521,204.9718574108818,Entire home/apt,False,False,4.0,False,0,0,10.0,95.0,2,1.057312843963397,0.5828919177228281,246.6901069537591,8.144297981315091,534.4574584922988,23.902931930850794,-9.129,38.717,São Vicente de Fora
1096,124.29643527204502,Private room,False,True,2.0,False,0,1,9.0,86.0,1,2.5430978278002736,0.17201373687265,104.85318743222832,3.4616532186222604,293.5697722453708,13.12953570286377,-9.135,38.735,
1666,204.5028142589118,Entire home/apt,False,False,4.0,True,0,1,10.0,84.0,1,5.337377575480289,4.462745926579967,134.02410490736355,4.424710259050663,159.97929138395045,7.154870891097151,-9.19766,38.69669,
1234,263.6022514071294,Entire home/apt,False,False,6.0,False,0,1,10.0,95.0,4,3.266507818346632,0.163473364319316,89.08074667973786,2.9409373335503144,221.4075868187011,9.90217348941274,-9.1331,38.74136,
2661,260.78799249530954,Entire home/apt,False,False,4.0,False,0,0,10.0,100.0,1,0.7326531194919709,0.1461958993200346,283.05900199139586,9.344991118527954,644.2299308305536,28.81236652193025,-9.13423,38.71744,Socorro
2652,296.9043151969981,Entire home/apt,False,False,3.0,False,0,0,10.0,70.0,1,0.9050397008949465,0.308445609209453,287.8983208242384,9.504757779169305,586.2374009151808,26.218724178580004,-9.13329,38.71884,Anjos
2529,257.5046904315197,Private room,False,True,2.0,False,0,1,10.0,95.0,1,0.9290368612044244,0.5034260300451954,293.1337300237754,9.677601080839038,597.5358694590367,26.72403385334533,-9.13,38.716,São Vicente de Fora
2532,332.7861163227017,Entire home/apt,False,False,6.0,False,0,1,10.0,100.0,2,0.7031476608018842,0.2509617585125367,327.3631367499001,10.80766053698677,664.8094307768746,29.73275855420825,-9.133,38.716,Socorro
1751,124.29643527204502,Private room,False,True,2.0,False,0,1,10.0,95.0,1,2.555483049043018,0.3989154118923576,116.42645366061775,3.843736350957853,348.0731587063173,15.567130530807653,-9.14969,38.73401,São Sebastião da Pedreira
112,263.83677298311443,Entire home/apt,False,False,4.0,False,0,1,10.0,95.0,1,0.6670204220363535,0.5303702430214744,537.0480116418576,17.730257167969558,775.7383057952542,34.6939117883873,-9.132,38.713,Santiago
2555,413.9305816135084,Entire home/apt,False,False,6.0,False,0,0,10.0,95.0,3,1.3925224613821623,0.6376910260906883,176.2946056774402,5.820240701442678,404.7048255529915,18.09990999951476,-9.128,38.721,São Vicente de Fora
779,193.94934333958724,Private room,False,True,2.0,True,0,1,10.0,95.0,1,0.1475745049439117,0.2178415450266294,512.3081383176362,16.913487890674563,1285.5536780175037,57.49475766657309,-9.138,38.712,
867,211.30393996247653,Entire home/apt,False,False,2.0,False,0,1,9.0,96.0,1,0.558187660745231,0.4582146569036577,612.9807907804969,20.23712372816925,1050.1769357072185,46.96783141612912,-9.146,38.713,
2256,241.5572232645403,Entire home/apt,False,False,2.0,False,0,1,10.0,90.0,1,1.2448278912161133,0.5358855568631468,170.00341985406922,5.612541687347385,546.4322832652964,24.43849078008136,-9.15335,38.71558,Mercês
1612,295.96622889305814,Entire home/apt,False,False,4.0,False,0,1,9.0,83.0,1,0.9289780628205736,0.5727968445450415,209.1079294380301,6.903549188206212,660.7264792422875,29.55015372559661,-9.14958,38.70932,São Bento
775,135.78799249530957,Private room,False,True,2.0,False,0,1,8.0,89.0,1,0.2079207491536996,0.1807282464958677,456.7802595875068,15.080274567964093,1234.0487440121562,55.19126482150034,-9.138,38.711,
2394,292.21388367729827,Entire home/apt,False,False,4.0,False,0,1,10.0,91.0,2,0.772075640193271,0.2357840063424296,290.4233112862213,9.588118538854012,624.8304392175993,27.94474886565193,-9.133,38.717,Socorro
1350,194.18386491557223,Entire home/apt,False,False,4.0,False,0,1,7.0,74.0,2,2.3771003438396403,0.7030825456014865,110.4354192902219,3.645946623062722,269.78497661915515,12.065790886865804,-9.1269,38.73133,
1104,124.29643527204502,Shared room,True,False,6.0,False,1,0,10.0,96.0,1,2.6866680413013824,0.3402200089544033,102.06449566408362,3.36958654834404,278.469104165959,12.454177476540591,-9.1378,38.736540000000005,
1033,128.98686679174483,Private room,False,True,2.0,True,0,1,10.0,97.0,1,2.2897705743811,0.3950219198573743,112.81633114390166,3.724550730228026,328.7773948496979,14.704151966864211,-9.139,38.733,Saldanha
2446,222.0919324577861,Entire home/apt,False,False,4.0,True,0,1,10.0,98.0,1,1.1386842719071215,0.7237968233263264,178.02003159291144,5.87720440774532,597.5299274190021,26.723768103141605,-9.152,38.709,São Bento
649,188.08630393996248,Private room,False,True,2.0,False,0,1,9.0,93.0,1,0.2390761909507965,0.1952296287558609,709.4280611113502,23.421261587439616,1152.33118286129,51.53655054872265,-9.137,38.713,São Cristóvão e São Lourenço
774,135.78799249530957,Private room,False,True,2.0,False,0,1,9.0,84.0,1,0.2079162739060798,0.180737720727513,456.7814196834926,15.080312867705867,1234.1379441135516,55.19525418289477,-9.138,38.711,
1450,199.812382739212,Entire home/apt,False,False,2.0,False,0,1,9.0,91.0,0,0.7046721702989672,0.3338774768086049,251.87092688146063,8.31533905709948,827.8378805659191,37.0239991874528,-9.14617,38.70862,São Paulo
604,164.8686679174484,Private room,False,True,2.0,False,0,1,7.0,76.0,1,0.7434629817134435,0.6402487798537243,263.6714104520875,8.704923607974123,825.1623582045843,36.90433984344651,-9.148,38.711,
377,255.62851782363973,Entire home/apt,False,False,4.0,False,0,1,10.0,100.0,2,5.454112459077615,4.381687797209326,125.25912211549776,4.135340601955193,148.76055582712473,6.653127173044268,-9.20113,38.70269,
2394,292.21388367729827,Entire home/apt,False,False,4.0,False,0,1,10.0,91.0,2,0.772075640193271,0.2357840063424296,290.4233112862213,9.588118538854012,624.8304392175993,27.94474886565193,-9.133,38.717,Socorro
2091,129.9249530956848,Private room,False,True,2.0,False,0,1,10.0,96.0,1,2.802114998701632,0.3455629329309836,123.3327009140127,4.071741179602361,358.4508360292806,16.031258986140454,-9.151,38.736,São Sebastião da Pedreira
663,233.58348968105065,Entire home/apt,False,False,2.0,False,0,1,10.0,80.0,1,1.7742997148908135,0.1922004298318491,133.36906265072102,4.40308450601854,395.56994812330527,17.69136419305446,-9.15793,38.71945,Amoreiras
2383,292.21388367729827,Entire home/apt,False,False,4.0,False,0,1,10.0,95.0,2,0.7720703121884418,0.2357746120130797,290.4231839502185,9.588114334946676,624.8326934879431,27.944849685033763,-9.133,38.717,Socorro
2080,251.8761726078799,Entire home/apt,False,False,4.0,False,0,1,7.0,66.0,1,0.9391913920157552,0.651417462609066,208.5087462607782,6.883767582850448,662.5108457770785,29.6299572555934,-9.15,38.71,Santa Catarina
2112,89.11819887429643,Private room,False,True,2.0,False,1,0,9.0,92.0,1,1.5492585216222483,0.5434307958249452,146.46140620602756,4.83531889314033,469.0470276865581,20.97753337896629,-9.14446,38.72581,Bairro Camões
1047,360.2251407129456,Entire home/apt,False,False,4.0,True,1,0,10.0,98.0,2,0.5842280732741751,0.2488475388316309,280.5895325827004,9.263463346828832,912.8392557299808,40.8255778768155,-9.14368,38.70817,Encarnação
2056,263.6022514071294,Entire home/apt,False,False,6.0,False,0,1,10.0,100.0,2,2.116292937025821,1.2596069847192115,118.79518648512423,3.9219383761591264,316.07489061899804,14.136048576868884,-9.16386,38.71055,Lapa
509,135.78799249530957,Private room,False,True,2.0,False,0,0,10.0,92.0,1,3.979261650080167,3.076115737626073,98.04131694371502,3.236764171575969,184.0813185183784,8.232803483926803,-9.18382,38.70304,Santo Amaro
2409,114.44652908067542,Private room,False,True,2.0,False,0,1,9.0,85.0,1,1.1648407466210189,0.3038002227172367,200.89334787445785,6.632350635205098,483.427402228269,21.620677390428533,-9.132,38.721,Anjos
2394,292.21388367729827,Entire home/apt,False,False,4.0,False,0,1,10.0,91.0,2,0.772075640193271,0.2357840063424296,290.4233112862213,9.588118538854012,624.8304392175993,27.94474886565193,-9.133,38.717,Socorro
1958,251.8761726078799,Entire home/apt,False,False,4.0,False,0,1,8.0,90.0,1,0.9392011463651974,0.6514354491466047,208.5071071870872,6.883713470001261,662.5077052578919,29.62981679985618,-9.15,38.71,Santa Catarina
1936,287.0544090056285,Entire home/apt,False,False,6.0,False,0,1,9.0,93.0,3,0.3503827188014189,0.3512737504227379,459.8653287526979,15.182125926677042,1064.9861024350032,47.63015261423802,-9.136,38.711,São Cristóvão e São Lourenço
526,234.52157598499065,Entire home/apt,False,False,3.0,False,0,1,8.0,86.0,1,0.8509550858220751,0.5894666156896641,409.6922962766363,13.525699034828314,806.462191761217,36.06799861836127,-9.13,38.711,São Miguel
582,319.4183864915572,Entire home/apt,False,False,4.0,False,0,1,10.0,97.0,1,0.2958782461219487,0.3061528823513088,512.2448658625192,16.911398995684625,1619.844466359952,72.44548916427028,-9.143,38.712,
1279,177.5328330206379,Private room,False,True,2.0,True,1,0,10.0,100.0,1,0.4621505709558174,0.3532001255785228,341.26715568805275,11.266691808116704,1115.871926452667,49.90595655038422,-9.144,38.71,Encarnação
2117,140.2439024390244,Private room,False,True,2.0,False,0,1,9.0,90.0,1,0.7702994857768516,0.2690044937130629,241.2396468230257,7.964354926491693,660.0876938860594,29.52158486076793,-9.137,38.719,Pena
108,223.03001876172607,Entire home/apt,False,False,2.0,False,1,0,9.0,90.0,0,0.945140811591401,0.4788064760885058,493.63775951194594,16.297098647120205,832.3455100327647,37.22559719792767,-9.12883,38.7114,Alfama
1967,246.0131332082552,Entire home/apt,False,False,2.0,True,1,0,10.0,98.0,1,1.9898355172293103,1.4700253442745332,124.76980631441344,4.119186189683834,339.9892672085994,15.205588737095145,-9.16154,38.70719,Santos-o-Velho
1940,454.2682926829268,Entire home/apt,False,False,6.0,False,0,1,8.0,76.0,2,7.8755173881573155,0.4777613290968161,73.79379647665789,2.4362495727932694,109.42543970404864,4.893913996687131,-9.097,38.775,Quinta das Laranjeiras
1206,108.34896810506568,Private room,False,True,2.0,False,0,1,9.0,71.0,1,2.135678573231236,0.4405530126801037,118.1114328120427,3.899364736185641,306.7526891841819,13.719124941878952,-9.13124,38.73046,
557,95.2157598499062,Private room,False,True,2.0,False,1,0,10.0,92.0,1,2.8682587617860182,1.1932267776103345,101.25044504738216,3.342711247683796,249.3303707386184,11.150984583265693,-9.1659,38.72801,Bairro de Campolide
422,344.9812382739212,Entire home/apt,False,False,4.0,True,0,1,10.0,100.0,0,0.8268679314841673,0.5876789396730375,438.7804244291158,14.486022844801283,815.6397072488184,36.47845135788016,-9.13018,38.71153,São Miguel
1944,251.8761726078799,Entire home/apt,False,False,4.0,False,0,1,8.0,77.0,1,0.8560847869553642,0.5933924857382533,226.6193574995492,7.48167649931929,730.7990982469638,32.68406273120805,-9.149,38.71,Santa Catarina
865,182.2232645403377,Private room,False,True,2.0,True,1,0,10.0,96.0,1,0.5852446977574872,0.5352412634448179,328.8810945501689,10.85777483139894,1099.484897533349,49.17306746710281,-9.14613,38.711,
1292,230.0656660412758,Entire home/apt,False,False,2.0,False,0,1,10.0,98.0,1,1.6782913399322137,0.26352297630275,140.54334782312492,4.639938415437535,460.2300482170101,20.583205155554747,-9.148,38.726,Coração de Jesus
1646,246.24765478424013,Entire home/apt,False,False,4.0,False,0,1,10.0,100.0,1,0.8161030612415161,0.637144068175024,238.66165952925712,7.87924451419441,745.3732604526965,33.335873650145444,-9.14875,38.71063,Santa Catarina
944,204.5028142589118,Entire home/apt,False,False,2.0,False,0,1,9.0,88.0,1,0.475176119320603,0.3127955294086819,332.2128863655078,10.967771562483552,992.9803972910912,44.409788782955374,-9.143,38.709,Encarnação
2696,199.343339587242,Entire home/apt,False,False,3.0,False,0,1,9.0,84.0,1,6.66038712923455,5.704952868625549,200.0431267463005,6.604281190900135,148.8930230401849,6.659051601128365,-9.21269,38.69434,
2450,124.06191369606005,Private room,False,True,2.0,False,0,1,10.0,91.0,1,0.7430997906645804,0.146416609909373,268.92561637647293,8.878387470111925,650.1478633702077,29.07703854852292,-9.135,38.718,Socorro
1790,128.98686679174483,Private room,False,True,2.0,True,0,1,10.0,97.0,1,2.2897895418391894,0.3950231192109133,112.81577913228284,3.724532505958036,328.7722403048059,14.70392143638189,-9.139,38.733,Saldanha
1332,250.93808630394,Entire home/apt,False,False,4.0,False,0,1,10.0,88.0,1,2.6142511395915173,0.1755287766669325,102.84285773494682,3.3952836171107723,307.8774905955969,13.769430258318213,-9.13283,38.73532,
1033,128.98686679174483,Private room,False,True,2.0,True,0,1,10.0,97.0,1,2.2897705743811,0.3950219198573743,112.81633114390166,3.724550730228026,328.7773948496979,14.704151966864211,-9.139,38.733,Saldanha
526,234.52157598499065,Entire home/apt,False,False,3.0,False,0,1,8.0,86.0,1,0.8509550858220751,0.5894666156896641,409.6922962766363,13.525699034828314,806.462191761217,36.06799861836127,-9.13,38.711,São Miguel
1281,193.94934333958724,Private room,False,True,3.0,True,1,0,10.0,100.0,1,0.4621514135546172,0.3532056543836337,341.2651750965673,11.266626420301051,1115.8850342974029,49.90654278211418,-9.144,38.71,Encarnação
1204,286.8198874296436,Entire home/apt,False,False,2.0,False,0,1,10.0,95.0,0,0.9929537356224551,0.6635930885046841,220.0055876224468,7.26332760270519,850.6304378892216,38.04336740389759,-9.14502,38.72026,São José
455,163.69606003752344,Entire home/apt,False,False,2.0,False,0,1,10.0,60.0,0,2.599523523757751,1.9922317381795047,106.72920259092992,3.523588521414092,271.1668709912851,12.127594359879035,-9.1675,38.70389,Santos-o-Velho
834,179.8780487804878,Private room,False,True,2.0,False,0,1,10.0,94.0,1,1.7593460852994551,0.3191103066547338,135.86910261627483,4.485621542854328,473.6601766906799,21.183850616905968,-9.15393,38.72359,São Mamede
2190,238.03939962476545,Entire home/apt,False,False,4.0,False,0,1,9.0,91.0,1,1.5411102128288456,0.5126993651403432,147.2219710947068,4.86042840062735,490.85934198602814,21.95306146950012,-9.14478,38.72566,Bairro Camões
778,170.73170731707316,Private room,False,True,2.0,True,0,1,9.0,93.0,1,0.1475729436021862,0.2178314528905883,512.3336706346311,16.9143308219146,1285.5528971428866,57.4947227429463,-9.138,38.712,
525,154.08067542213882,Private room,False,True,2.0,False,0,1,9.0,90.0,1,0.8509595445051277,0.5894661987246805,409.6900500425219,13.525624877010682,806.4618520537533,36.06798342537584,-9.13,38.711,São Miguel
326,143.99624765478424,Private room,False,True,2.0,False,0,1,10.0,95.0,1,1.0271606661326995,0.4049548741241008,308.71777859139564,10.192097332258545,673.4797936925547,30.120529538214942,-9.128,38.714,São Vicente de Fora
1588,228.65853658536585,Entire home/apt,False,False,4.0,False,0,1,10.0,90.0,1,0.9391999428050468,0.6514192823581251,208.50703780072635,6.883711179260035,662.5049259559439,29.62969249910179,-9.15,38.71,Santa Catarina
2762,244.6060037523452,Entire home/apt,False,False,4.0,False,0,0,9.0,90.0,1,1.3334773381359064,0.1986931858055717,165.40564040111144,5.460749277105838,456.9353854755393,20.43585554335802,-9.13526,38.72389,Anjos
2716,245.77861163227016,Entire home/apt,False,False,4.0,False,0,1,10.0,93.0,1,1.3281973323735317,0.5620398347699507,161.15418574164934,5.320390532978332,480.64167528464856,21.496089286261856,-9.14103,38.72429,Pena
537,379.6904315196998,Entire home/apt,False,False,4.0,False,0,1,9.0,91.0,2,4.811030058416156,3.908216467790137,105.71131001093998,3.4899835236832275,155.28812617941696,6.94506447754898,-9.19253,38.69966,Junqueira
435,113.74296435272043,Private room,False,True,2.0,False,1,0,7.0,80.0,1,4.082094140744588,0.0392942291846114,77.77177320614622,2.567579638063228,190.5060071099829,8.5201395321789,-9.14202,38.74911,
2352,126.17260787992494,Private room,False,True,3.0,False,0,1,10.0,92.0,1,1.1648452232036584,0.3037820422158513,200.8913865518811,6.632285883538726,483.4274372625292,21.620678957291386,-9.132,38.721,Anjos
3,191.6041275797373,Entire home/apt,False,False,4.0,False,0,1,9.0,89.0,1,0.8509777965987042,0.5894446521743438,409.6955071937196,13.52580504096631,806.46320489882,36.06804392965552,-9.13,38.711,São Miguel
2790,222.5609756097561,Entire home/apt,False,False,2.0,True,0,0,10.0,100.0,0,1.4937694205170935,0.473933190421468,180.3177166543736,5.953060841709541,390.9105775127082,17.482979752392165,-9.12393,38.71784,São Vicente de Fora
602,420.4971857410882,Entire home/apt,False,False,6.0,False,1,0,9.0,94.0,4,1.776571619050099,0.3599584954998996,134.97350002662148,4.456053861956847,798.259016889543,35.70112202704635,-9.15437,38.72346,Rato
870,344.9812382739212,Entire home/apt,False,False,4.0,False,0,1,7.0,80.0,1,3.7642687086392734,0.4409080803354069,89.6987021669009,2.961338693332398,205.72138369008945,9.200627950700596,-9.168,38.738,Sete Rios
167,223.03001876172607,Entire home/apt,False,False,2.0,False,0,1,8.0,83.0,1,0.4404936424242106,0.441877628569397,520.1331874045082,17.17182630670942,957.991280262928,42.844944903698696,-9.13462,38.71178,Castelo
1458,286.8198874296436,Entire home/apt,False,False,4.0,False,0,1,9.0,91.0,2,0.7081923944635904,0.3918541470006235,243.9829849425539,8.05492427839978,956.1751796772994,42.763722108529336,-9.14482,38.717290000000006,São José
235,122.88930581613508,Private room,False,True,2.0,False,0,1,10.0,90.0,1,4.657581842918408,3.818068074131016,101.9144188268636,3.3646318685739174,158.7052493777139,7.097890978349699,-9.19024,38.69862,Junqueira
2595,309.5684803001876,Entire home/apt,False,False,4.0,False,0,1,8.0,100.0,1,1.1336784803872653,0.7314728988463154,178.66295033491485,5.898429911586176,595.166861929587,26.61808299641492,-9.152,38.709140000000005,São Bento
1037,204.2682926829268,Entire home/apt,False,False,6.0,False,0,1,10.0,98.0,2,2.3334897140613373,0.4250778117664746,111.09027274956148,3.667566143086508,285.81108680637783,12.78253833763979,-9.13,38.732,
735,461.3039399624765,Entire home/apt,False,False,6.0,True,0,1,9.0,92.0,2,0.2988302353655201,0.1844814669079594,526.0591763200999,17.36746860529416,1144.4412028387762,51.18368119978337,-9.138,38.71,
1090,124.29643527204502,Private room,False,True,3.0,True,1,0,9.0,96.0,1,2.558320162226182,0.172041694599641,104.34291587567174,3.444806967026265,302.5014191156628,13.528992280330662,-9.134,38.735,
558,336.7729831144465,Entire home/apt,False,False,6.0,True,0,1,10.0,98.0,2,0.4720559625546214,0.3844556285866671,400.5493802967312,13.223852183010976,1263.448758340816,56.50614317168079,-9.145,38.713,
131,179.8780487804878,Private room,False,True,2.0,False,0,1,10.0,97.0,1,0.3686869433267571,0.3151857924804142,530.1791172607715,17.503485517770258,983.120621912896,43.96882283520095,-9.13549,38.71309,São Cristóvão e São Lourenço
570,302.0637898686679,Entire home/apt,False,False,2.0,False,0,1,10.0,98.0,1,0.2958727531593618,0.306151232088132,512.258133793161,16.91183702695421,1619.854050912333,72.44591782121856,-9.143,38.712,
2271,149.859287054409,Private room,False,True,2.0,False,0,1,10.0,93.0,1,1.7857731116969164,0.522880524674219,132.51220477031114,4.374795954070228,390.8624409673368,17.480826906456322,-9.14207,38.72835,Saldanha
466,211.30393996247653,Entire home/apt,False,False,4.0,False,0,1,10.0,93.0,1,0.850959006461377,0.5894555795645796,409.6982001792791,13.525893947964354,806.4633614661947,36.06805093193276,-9.13,38.711,São Miguel
555,147.5140712945591,Private room,False,True,2.0,True,0,1,10.0,96.0,1,0.4910198577696974,0.4374838314216654,340.3776760618996,11.237326272493268,1365.7614449915818,61.08194830980098,-9.145,38.711,
986,145.1688555347092,Private room,False,True,2.0,False,0,1,10.0,92.0,1,0.7089349443054211,0.3817281393767092,241.4767120599161,7.9721814662507775,859.4867726344029,38.43945574209401,-9.14401,38.71776,São José
1534,223.03001876172607,Entire home/apt,False,False,2.0,True,0,0,10.0,98.0,0,0.939208155597516,0.651427270575403,208.5055184386885,6.8836610186057205,662.5006568451881,29.62950156853813,-9.15,38.71,Santa Catarina
1168,221.85741088180112,Entire home/apt,False,False,2.0,False,1,0,9.0,91.0,1,1.3294659757353762,0.4023394321079716,171.7282008774329,5.669484102996929,598.3243291310366,26.759296712101577,-9.14641,38.72311,Coração de Jesus
1449,131.09756097560975,Private room,False,True,3.0,False,1,0,9.0,93.0,1,2.558334341225617,0.1720538181286169,104.34258569675106,3.444796066404629,302.51735636093827,13.529705053410972,-9.134,38.735,
570,302.0637898686679,Entire home/apt,False,False,2.0,False,0,1,10.0,98.0,1,0.2958727531593618,0.306151232088132,512.258133793161,16.91183702695421,1619.854050912333,72.44591782121856,-9.143,38.712,
2038,223.03001876172607,Entire home/apt,False,False,2.0,True,1,0,10.0,96.0,1,1.983359570893665,0.998439755895346,125.79744668917128,4.153113003908397,338.25764664080606,15.128144203569896,-9.16244,38.71264,Lapa
2092,129.9249530956848,Private room,False,True,2.0,False,0,1,10.0,96.0,1,2.802126259397319,0.3455926782876914,123.33196564666687,4.071716905275213,358.4587389579627,16.03161243460177,-9.151,38.736,São Sebastião da Pedreira
2537,287.2889305816135,Entire home/apt,False,False,4.0,False,0,1,9.0,92.0,0,1.107199883146204,0.7837040680183848,182.4353686835589,6.022973613483783,584.6625302363665,26.14829008501944,-9.152,38.71,São Bento
2437,415.1031894934334,Entire home/apt,False,False,6.0,False,0,1,10.0,95.0,3,1.243678137098365,0.4003694170983645,176.40354889110068,5.8238373839608775,553.6925932620906,24.76319893578717,-9.152,38.718,São Mamede
714,223.03001876172607,Private room,False,True,2.0,False,0,1,9.0,89.0,1,0.2958639282742608,0.3061284508968481,512.3130378933573,16.913649646673402,1620.3454345375385,72.46789433059007,-9.143,38.712,
1579,249.53095684803,Entire home/apt,False,False,2.0,False,0,1,10.0,96.0,1,0.9486178722114746,0.735711866806042,209.3634485692312,6.911984970127609,672.6290724290268,30.082482108749552,-9.14989,38.71528,Mercês
1545,164.8686679174484,Private room,False,True,2.0,False,0,1,9.0,85.0,1,0.9392161967316066,0.6514526771235523,208.50437332406608,6.883623213462972,662.5004723943423,29.62949331920801,-9.15,38.71,Santa Catarina
2520,303.70544090056285,Entire home/apt,False,False,4.0,False,0,0,10.0,99.0,2,1.4248063404820812,0.7283970842219376,178.58603762071786,5.895890693168757,396.8227141057469,17.747392562623972,-9.1262,38.71973,Santa Engrácia
1891,138.13320825515947,Private room,False,True,2.0,False,0,1,9.0,93.0,1,0.2323284774043811,0.2648198340226514,497.19262386637536,16.414459959023382,1146.449469500053,51.27349837894467,-9.137,38.712,São Cristóvão e São Lourenço
1503,246.24765478424013,Entire home/apt,False,False,3.0,True,1,0,10.0,97.0,1,0.8604215905702677,0.7412952688283009,234.52722217041887,7.742749012809057,688.8279936877519,30.80695831550474,-9.1495,38.71294,Mercês
1149,155.48780487804876,Entire home/apt,False,False,3.0,False,0,1,8.0,81.0,0,0.7693027938595943,0.4695155252862103,234.3212745357245,7.735949798498397,833.2181699766813,37.26462580704665,-9.14604,38.71715,São José
976,136.02251407129455,Private room,False,True,2.0,True,0,1,10.0,92.0,1,0.4910319890450266,0.4374989065074325,340.37681867824847,11.237297966583371,1365.652166775892,61.077060980211606,-9.145,38.711,
40,210.1313320825516,Entire home/apt,False,False,5.0,True,0,0,9.0,95.0,2,5.31228100363338,4.185152784732537,110.89417409559132,3.661092085851749,148.83733639477472,6.656561086544749,-9.2,38.705,
2144,327.6266416510319,Entire home/apt,False,False,6.0,False,0,1,10.0,80.0,2,1.5450437714851994,1.082665633048514,144.65212626477228,4.7755868059676505,470.63776831556777,21.048677235920067,-9.1567,38.7085,Madragoa
1920,186.91369606003752,Private room,False,True,2.0,True,0,1,10.0,94.0,1,0.1475855095681949,0.2178427218898858,512.3066659154118,16.913439280365004,1285.5179727331806,57.49316079301996,-9.138,38.712,
894,263.6022514071294,Entire home/apt,False,False,4.0,True,1,0,10.0,94.0,2,0.2958718709867735,0.3061354950252143,512.2860671013891,16.91275922520781,1620.2209385548265,72.46232640567266,-9.143,38.712,
1095,214.8217636022514,Entire home/apt,False,False,4.0,False,0,0,9.0,100.0,1,2.158353121300596,0.7421425691846699,118.6823105707976,3.9182118583326058,287.35006001934306,12.85136696257223,-9.12727,38.72924,Bairro de São João
555,147.5140712945591,Private room,False,True,2.0,True,0,1,10.0,96.0,1,0.4910198577696974,0.4374838314216654,340.3776760618996,11.237326272493268,1365.7614449915818,61.08194830980098,-9.145,38.711,
2751,346.6228893058161,Entire home/apt,False,False,2.0,True,1,0,9.0,97.0,1,1.8206637947798543,0.2146991512390149,133.76119605333963,4.416030510699431,419.7025979930991,18.7706663488818,-9.153,38.725,São Mamede
134,212.4765478424015,Entire home/apt,False,False,2.0,False,0,1,8.0,92.0,1,0.8509664056120564,0.5894526069262604,409.696156950853,13.525826492234764,806.4631154669078,36.06803992992668,-9.13,38.711,São Miguel
2174,135.78799249530957,Private room,False,True,2.0,False,0,1,10.0,100.0,1,2.289789113463081,0.3950362197895966,112.81583785261776,3.724534444568024,328.77314925577406,14.703962088061036,-9.139,38.733,Saldanha
1638,246.24765478424013,Entire home/apt,False,False,4.0,True,0,1,10.0,96.0,1,0.8560968786268086,0.5933919945761664,226.6161355554785,7.4815701291331695,730.8003955214821,32.684120750165434,-9.149,38.71,Santa Catarina
2089,208.95872420262663,Entire home/apt,False,False,2.0,True,1,0,10.0,98.0,0,1.5856791276404152,0.4722351782729209,144.6550653744432,4.775683838577736,474.0510161416893,21.20133041561572,-9.14535,38.72594,Bairro Camões
1115,251.8761726078799,Entire home/apt,False,False,4.0,False,0,1,9.0,95.0,1,0.4910424428540859,0.4375045862733004,340.3726958733597,11.237161855119693,1365.632945352968,61.07620132645157,-9.145,38.711,
2490,268.76172607879926,Entire home/apt,False,False,4.0,True,0,1,10.0,96.0,1,0.7720566014767365,0.2357623629472432,290.4259282822662,9.588204937112414,624.838728383698,27.945119588091806,-9.133,38.717,Socorro
1937,333.25515947467164,Entire home/apt,False,False,2.0,False,0,0,10.0,100.0,1,1.1601557397775992,0.5618987569352533,210.71722717585365,6.95667900552778,477.8257261657545,21.370149533639555,-9.12974,38.71939,São Vicente de Fora
2050,251.8761726078799,Entire home/apt,False,False,3.0,False,0,0,9.0,96.0,1,1.7408898078978774,1.2344962471728085,133.5600664039871,4.409390358739419,408.212050843735,18.2567662021156,-9.15924,38.7092,Santos-o-Velho
697,339.1181988742964,Entire home/apt,False,False,6.0,False,1,0,9.0,91.0,2,0.5347745106520921,0.3104729925577916,322.5037720469616,10.647232076237696,1354.8211591902354,60.59265790387918,-9.14495,38.71479,
1984,354.1275797373358,Entire home/apt,False,False,6.0,False,0,1,10.0,92.0,3,0.2561268167751597,0.1807382587013733,440.0254767081686,14.527127358022897,1280.8631771345304,57.28498096396408,-9.142,38.711,Sacramento
2689,336.30393996247653,Entire home/apt,False,False,3.0,True,0,1,10.0,98.0,1,0.7031620477296893,0.2509612128962612,327.3559851323992,10.80742443143436,664.8022851045026,29.73243897307491,-9.133,38.716,Socorro
2831,228.42401500938084,Entire home/apt,False,False,6.0,False,0,1,9.0,91.0,0,0.1380421657508971,0.1952422272968559,526.1284605202927,17.369755973761162,1304.956613164769,58.36252933055574,-9.141,38.713,Sacramento
2637,153.14258911819886,Private room,False,True,2.0,False,0,1,10.0,100.0,1,0.8418105268927983,0.375871873429813,302.5546763875624,9.988626907533622,612.3359623889315,27.38594923735272,-9.13141,38.71638,São Vicente de Fora
2460,234.05253283302065,Entire home/apt,False,False,2.0,True,0,0,10.0,99.0,1,0.6891291087805904,0.2186507057609849,323.16908938696224,10.669197053820348,674.0535190833446,30.14618867861077,-9.13333,38.71614,Socorro
2386,167.91744840525328,Private room,False,True,3.0,False,0,1,8.0,80.0,1,0.7247032624470277,0.2286807130713197,309.81907646152524,10.228455896172113,651.7457227097319,29.14850078077516,-9.13311,38.716440000000006,São Vicente de Fora
2731,100.60975609756098,Shared room,True,False,2.0,False,0,1,8.0,86.0,1,1.742676900334272,0.2316727118580974,137.54859917395,4.541068924158774,436.3821771337686,19.516639369745548,-9.14884,38.72632,Coração de Jesus
771,240.38461538461536,Entire home/apt,False,False,3.0,True,1,0,10.0,95.0,1,0.4092642921385002,0.3512517870819054,367.9991068872437,12.14922811602383,1479.9987013152884,66.19106470154475,-9.144,38.711,
1953,295.2626641651032,Entire home/apt,False,False,4.0,False,1,0,10.0,99.0,2,2.434294974399163,1.852409169169393,110.53606086708471,3.6492692329614407,336.0145087048438,15.027822704556543,-9.166,38.705,Santos-o-Velho
1705,96.85741088180112,Private room,False,True,2.0,False,0,1,8.0,83.0,1,1.5956840567381942,0.1323562414417696,145.61655021870433,4.807426575134451,389.1720521997401,17.405226412896884,-9.13359,38.72595,Anjos
1969,164.8686679174484,Private room,False,True,2.0,False,0,1,8.0,72.0,1,0.7434164597643711,0.6402302705392554,263.6884743882372,8.705486961658847,825.1936915181271,36.90574118615186,-9.148,38.711,
193,226.54784240150093,Entire home/apt,False,False,2.0,False,0,1,10.0,94.0,0,0.4412508970829815,0.316613638975217,477.90751549238894,15.777775857098122,860.7947107208247,38.49795161403432,-9.135,38.714,São Cristóvão e São Lourenço
2173,397.0450281425891,Entire home/apt,False,False,5.0,True,0,0,10.0,95.0,3,1.3041752217215663,0.8798916892805582,161.56291038376963,5.333884285601164,549.3411239698894,24.56858499105133,-9.154,38.709,Madragoa
25,241.5572232645403,Entire home/apt,False,False,4.0,True,0,1,10.0,93.0,2,0.925111301171318,0.4763993611317469,421.30013090970255,13.908923418395675,760.1221838789565,33.995500543005626,-9.129,38.712,Alfama
250,269.6998123827392,Entire home/apt,False,False,4.0,False,1,0,10.0,97.0,1,3.5630422393340058,2.6920110963912824,125.86869166599855,4.155465106017877,222.8610489051336,9.967177737672412,-9.17923,38.70411,Santo Amaro
1975,128.98686679174483,Private room,False,True,2.0,False,0,1,9.0,90.0,1,1.8152426923475808,1.2685910240794809,131.24599258789868,4.332992861727042,374.9415175197383,16.76878379919427,-9.15926,38.7068,Santos-o-Velho
1439,406.6604127579737,Entire home/apt,False,False,4.0,False,0,1,10.0,95.0,1,0.4751534293872694,0.3127735201813988,332.228118370518,10.968274436267942,993.0027005640792,44.41078626855053,-9.143,38.709,Encarnação
1050,193.94934333958724,Entire home/apt,False,False,3.0,False,0,1,9.0,97.0,0,0.1380484735042505,0.1952256555081639,526.0301995004818,17.36651195625608,1304.879651788763,58.359087330630885,-9.141,38.713,Sacramento
1695,194.18386491557223,Entire home/apt,False,False,2.0,False,0,1,9.0,88.0,1,0.994818720112025,0.7711650540074153,200.0692101527817,6.605142315966618,633.1240697548639,28.31567097187737,-9.1509,38.71082,São Bento
1534,223.03001876172607,Entire home/apt,False,False,2.0,True,0,0,10.0,98.0,0,0.939208155597516,0.651427270575403,208.5055184386885,6.8836610186057205,662.5006568451881,29.62950156853813,-9.15,38.71,Santa Catarina
1396,350.60975609756093,Entire home/apt,False,False,6.0,False,0,0,10.0,95.0,2,2.2941376352532616,0.4340442449374379,112.4226159443479,3.7115525036492034,288.99201123731814,12.924801148162516,-9.1301,38.73165,
157,266.18198874296434,Entire home/apt,False,False,3.0,False,0,1,9.0,67.0,1,0.4661103838072979,0.3181444302415636,473.65969576735984,15.63753711773907,831.515211202444,37.18846313588388,-9.13471,38.71404,São Vicente de Fora
1568,356.4727954971857,Entire home/apt,False,False,5.0,False,0,1,10.0,96.0,2,0.8182255974937832,0.4524289430422072,231.66093647381788,7.648120634310376,751.2399845700844,33.59825544500447,-9.148,38.709,São Paulo
2579,135.31894934333957,Private room,False,True,2.0,False,0,1,8.0,81.0,1,1.1648468113039638,0.3037769192072899,200.8907672330876,6.632265437170356,483.4273335523272,21.620674318984147,-9.132,38.721,Anjos
2521,204.9718574108818,Entire home/apt,False,False,4.0,False,0,0,10.0,95.0,2,1.057312843963397,0.5828919177228281,246.6901069537591,8.144297981315091,534.4574584922988,23.902931930850794,-9.129,38.717,São Vicente de Fora
539,147.2795497185741,Private room,False,True,2.0,True,0,1,10.0,98.0,1,0.4092669124712694,0.3512406483044217,367.9958791215103,12.149121553639665,1479.9154134909284,66.18733975924165,-9.144,38.711,
547,336.7729831144465,Entire home/apt,False,False,4.0,False,0,1,10.0,100.0,1,0.3821552755223444,0.3829295443026974,395.9841757040586,13.073135208554588,1613.611876923497,72.16674450707569,-9.144,38.712,
1273,124.29643527204502,Private room,False,True,2.0,False,0,1,10.0,84.0,1,1.4407440693577134,0.3192984722997989,158.75361251886426,5.241137319731347,532.1168040385979,23.798249129270506,-9.147,38.724,Coração de Jesus
2574,124.06191369606005,Private room,False,True,2.0,False,0,1,8.0,84.0,1,1.1648525975623036,0.3037879619131332,200.89022319079675,6.632247476002048,483.4243540117858,21.62054106281265,-9.132,38.721,Anjos
2453,258.44277673545963,Entire home/apt,False,False,4.0,False,1,0,10.0,97.0,1,1.0573152230168203,0.5828915635111828,246.68897415768325,8.144260582860376,534.4564682733451,23.90288764456407,-9.129,38.717,São Vicente de Fora
1944,251.8761726078799,Entire home/apt,False,False,4.0,False,0,1,8.0,77.0,1,0.8560847869553642,0.5933924857382533,226.6193574995492,7.48167649931929,730.7990982469638,32.68406273120805,-9.149,38.71,Santa Catarina
421,344.9812382739212,Entire home/apt,False,False,4.0,True,0,1,10.0,100.0,0,0.8574688397699062,0.536323565621742,388.84294971485616,12.83737272449649,742.7637880683947,33.21916830758486,-9.12978,38.71276,São Miguel
2606,216.69793621013133,Entire home/apt,False,False,2.0,False,0,1,10.0,90.0,1,0.8565448297383875,0.5717533074884786,351.8813798448924,11.61711285029485,710.8370697885865,31.791286328034,-9.13,38.714,São Vicente de Fora
778,170.73170731707316,Private room,False,True,2.0,True,0,1,9.0,93.0,1,0.1475729436021862,0.2178314528905883,512.3336706346311,16.9143308219146,1285.5528971428866,57.4947227429463,-9.138,38.712,
2415,218.10506566604127,Entire home/apt,False,False,4.0,False,0,1,10.0,93.0,1,1.2503350457659077,0.7125039352563146,201.0487265190681,6.637480350365811,446.58564185884063,19.97297638760709,-9.128,38.719,São Vicente de Fora
1543,164.8686679174484,Private room,False,True,2.0,False,0,1,8.0,78.0,1,0.7434526146166321,0.640228014586555,263.67373070797623,8.705000209567856,825.1636252927998,36.90439651235978,-9.148,38.711,
1920,186.91369606003752,Private room,False,True,2.0,True,0,1,10.0,94.0,1,0.1475855095681949,0.2178427218898858,512.3066659154118,16.913439280365004,1285.5179727331806,57.49316079301996,-9.138,38.712,
2131,193.94934333958724,Private room,False,True,2.0,False,0,1,10.0,94.0,1,2.331318492371164,0.1567568911742188,117.38521589609304,3.87538920252683,363.8094463647272,16.27091603658833,-9.14748,38.73246,São Sebastião da Pedreira
835,426.1257035647279,Entire home/apt,False,False,6.0,False,0,0,10.0,100.0,3,0.5193747356215213,0.255851119799275,318.9092308033311,10.52856086012873,995.3537571105508,44.515934290536094,-9.14431,38.71528,
891,176.36022514071294,Private room,False,True,2.0,False,0,1,9.0,85.0,1,1.85462755316272,0.2866353072752421,132.0595493750335,4.359851858956263,413.21774703790527,18.480639615227474,-9.15385,38.72483,São Mamede
466,211.30393996247653,Entire home/apt,False,False,4.0,False,0,1,10.0,93.0,1,0.850959006461377,0.5894555795645796,409.6982001792791,13.525893947964354,806.4633614661947,36.06805093193276,-9.13,38.711,São Miguel
1248,93.80863039399624,Private room,False,True,2.0,False,0,0,8.0,90.0,1,1.8848699251068688,0.5419137711301815,131.1429767942208,4.329591868753085,321.3945122636947,14.373961907575817,-9.12883,38.7271,
1977,107.87992495309568,Private room,False,True,2.0,False,0,1,8.0,86.0,1,1.7506698681408248,1.2672976947740142,133.30014530644658,4.4008092490381,401.8758348597264,17.973386979020503,-9.15901,38.708090000000006,Santos-o-Velho
1544,164.8686679174484,Private room,False,True,2.0,False,0,1,8.0,78.0,1,0.7434382532014664,0.6402536345112734,263.68178909809967,8.705266251571832,825.1840112962418,36.90530825050634,-9.148,38.711,
1919,135.78799249530957,Private room,False,True,2.0,False,0,1,10.0,100.0,1,0.2079125648478967,0.1807636060232496,456.784753544813,15.080422932760188,1234.3585090941322,55.20511867188894,-9.138,38.711,
2355,292.21388367729827,Entire home/apt,False,False,3.0,False,0,1,9.0,95.0,2,0.7720632882187827,0.2357758108243335,290.4265151868377,9.588224313348356,624.8359316297574,27.94499450681918,-9.133,38.717,Socorro
2416,150.56285178236396,Private room,False,True,2.0,False,0,1,9.0,91.0,1,1.141788424393107,0.0206202351398236,188.3698603750012,6.2188966251504185,535.6161445973565,23.95475269723424,-9.135,38.722,Anjos
2535,504.2213883677298,Entire home/apt,False,False,6.0,True,0,0,10.0,98.0,3,0.93862251186277,0.3527084432356361,275.5222331329272,9.096170068678676,584.9476527258066,26.16104182671328,-9.13241,38.71866,São Vicente de Fora
388,384.1463414634146,Entire home/apt,False,False,4.0,False,0,0,10.0,100.0,2,0.4085371752646832,0.3589062154392248,540.3505403722309,17.83928779916976,921.7246425588124,41.22296553260383,-9.135,38.713,São Cristóvão e São Lourenço
757,275.3283302063789,Entire home/apt,False,False,5.0,False,0,1,9.0,87.0,3,2.5236863017675413,0.3476933692763593,120.28997951963834,3.9712879023472967,323.8255635717913,14.482687593810532,-9.15549,38.73142,São Sebastião da Pedreira
999,177.76735459662288,Entire home/apt,False,False,6.0,False,0,1,8.0,92.0,1,2.6846080717316907,0.1069763628947145,101.22768327634776,3.3419597840431337,282.3286618163753,12.626791297033147,-9.133,38.736,
305,124.29643527204502,Private room,False,True,2.0,False,1,0,10.0,93.0,1,6.268708966923129,0.658378095260094,55.89071836417599,1.845192214509568,118.51609591254116,5.300482065119269,-9.158,38.767,Quinta do Lambert
1258,335.60037523452155,Entire home/apt,False,False,4.0,False,0,1,9.0,92.0,1,0.4751640818668282,0.3127794494085317,332.21694134154086,10.967905434625926,992.985365718093,44.41001098955113,-9.143,38.709,Encarnação
2030,212.4765478424015,Private room,False,True,2.0,False,0,1,10.0,100.0,1,0.1380479875547401,0.195217068800908,525.9989743839311,17.365481081297897,1304.8492138750687,58.35772603354802,-9.141,38.713,Sacramento
939,136.02251407129455,Private room,False,True,2.0,False,0,1,9.0,93.0,1,1.2545108373043854,0.500781014501991,176.75136148479865,5.835320168737736,631.8995880592523,28.26090758116085,-9.14538,38.72274,Coração de Jesus
419,354.3621013133208,Entire home/apt,False,False,5.0,False,0,0,10.0,100.0,2,2.5634561849168054,1.7988467748589516,107.34055176315267,3.5437717784189853,267.44048906233866,11.960936654610538,-9.16833,38.70708,Lapa
1589,228.65853658536585,Entire home/apt,False,False,4.0,False,0,1,10.0,92.0,1,0.9392165673532508,0.6514314607865251,208.50388457371224,6.883607077718539,662.4953783660479,29.62926549525376,-9.15,38.71,Santa Catarina
1828,193.94934333958724,Private room,False,True,2.0,False,0,1,10.0,100.0,1,3.1897895616199885,0.2069105766455969,96.7879794640822,3.1953861283648832,272.2321619458065,12.175238146616168,-9.14452,38.74086,
1959,176.36022514071294,Private room,False,True,2.0,False,1,0,9.0,93.0,1,1.747220675764004,0.9529856894145916,134.83656124652694,4.45153292577477,387.1824000331636,17.316241743400624,-9.15972,38.71197,Lapa
669,251.8761726078799,Entire home/apt,False,False,2.0,False,0,1,8.0,83.0,0,0.3821525235358186,0.382939839021131,395.9884760460904,13.073277181280451,1613.553593184823,72.16413784078998,-9.144,38.712,
1303,188.08630393996248,Entire home/apt,False,False,4.0,False,1,0,10.0,88.0,1,6.609727159274323,0.7535542524441529,180.04133814321807,5.943936402232505,122.14559983912363,5.462807024611075,-9.09555,38.76091,
2192,154.3151969981238,Private room,False,True,3.0,False,0,1,9.0,88.0,1,1.6160471143192092,0.5699221043848675,142.04252116704166,4.6894325544173,436.2161852344543,19.509215592591094,-9.14398,38.72653,Bairro Camões
934,394.93433395872415,Entire home/apt,False,False,4.0,False,0,1,10.0,95.0,1,0.4092696791084054,0.3512496434638933,367.9952542425135,12.149100923705149,1479.9715231903529,66.18984919437945,-9.144,38.711,
2292,246.24765478424013,Entire home/apt,False,False,4.0,False,0,0,10.0,90.0,2,1.0606015614280029,0.3404646753120238,188.36160450659008,6.218624063541583,543.438554026904,24.304600037108926,-9.13911,38.72192,Pena
1545,164.8686679174484,Private room,False,True,2.0,False,0,1,9.0,85.0,1,0.9392161967316066,0.6514526771235523,208.50437332406608,6.883623213462972,662.5004723943423,29.62949331920801,-9.15,38.71,Santa Catarina
2500,297.8424015009381,Entire home/apt,False,False,6.0,True,1,0,10.0,98.0,1,0.7720735949787895,0.2357819506735503,290.4236618005885,9.588130110835914,624.8313349219364,27.944788924892304,-9.133,38.717,Socorro
2340,368.1988742964352,Entire home/apt,False,False,5.0,False,0,1,9.0,85.0,3,1.0919297571082935,0.8477402596574539,186.8757621484106,6.169570037550415,595.4142818070075,26.629148536607776,-9.15217,38.71292,Mercês
1790,128.98686679174483,Private room,False,True,2.0,True,0,1,10.0,97.0,1,2.2897895418391894,0.3950231192109133,112.81577913228284,3.724532505958036,328.7722403048059,14.70392143638189,-9.139,38.733,Saldanha
2831,228.42401500938084,Entire home/apt,False,False,6.0,False,0,1,9.0,91.0,0,0.1380421657508971,0.1952422272968559,526.1284605202927,17.369755973761162,1304.956613164769,58.36252933055574,-9.141,38.713,Sacramento
2235,231.00375234521576,Entire home/apt,False,False,2.0,False,0,1,10.0,100.0,1,1.678299986373833,0.2635341877764864,140.54282179371822,4.639921048951753,460.2311652279922,20.583255112454115,-9.148,38.726,Coração de Jesus
997,170.73170731707316,Entire home/apt,False,False,6.0,False,0,1,9.0,95.0,1,2.684623239884569,0.1069513864105739,101.227375889201,3.341949635875664,282.3246139238785,12.62661026017553,-9.133,38.736,
1308,151.9699812382739,Private room,False,True,2.0,False,0,1,9.0,90.0,1,0.6939190133179105,0.2296115415269813,254.76442652368505,8.410865884608299,844.7812368591798,37.78176930689401,-9.14521,38.7079,São Paulo
16,270.63789868667914,Entire home/apt,False,False,4.0,False,1,0,9.0,95.0,1,0.8107703478235287,0.5869730704443371,549.4163944104324,18.13859050592996,867.2925647059351,38.78855989170875,-9.13031,38.71212,Santiago
604,164.8686679174484,Private room,False,True,2.0,False,0,1,7.0,76.0,1,0.7434629817134435,0.6402487798537243,263.6714104520875,8.704923607974123,825.1623582045843,36.90433984344651,-9.148,38.711,
1900,432.2232645403377,Entire home/apt,False,False,5.0,False,0,0,9.0,93.0,2,7.793810366360658,0.3826951361780071,74.66853174068785,2.46512833381452,108.2993325446884,4.843550282327217,-9.09812,38.77463,Quinta das Laranjeiras
550,177.5328330206379,Entire home/apt,False,False,2.0,False,0,1,10.0,90.0,1,2.2996054873307044,0.8014587520443496,112.8161352712122,3.724544263630848,314.2939367937829,14.056397675979229,-9.16487,38.71857,Santo Condestável
1753,240.38461538461536,Entire home/apt,False,False,4.0,False,1,0,10.0,100.0,2,1.9763706406105104,0.3763127075499491,123.7939567100658,4.086969210815502,350.08194136904723,15.656970787479455,-9.13489,38.72979,Anjos
30,121.95121951219512,Private room,False,True,2.0,True,0,0,10.0,97.0,1,0.4328965976643542,0.3615702474043615,519.7521324839419,17.15924605021409,877.0882252203172,39.22665838350176,-9.13486,38.71349,São Vicente de Fora
1563,292.6829268292683,Entire home/apt,False,False,5.0,False,1,0,9.0,93.0,2,0.8291176818774034,0.7171700735633084,244.7765753305117,8.081124099197,707.8821909550611,31.659133120141803,-9.14915,38.71281,Mercês
900,348.49906191369604,Entire home/apt,False,False,6.0,False,0,1,9.0,90.0,2,0.468677070520407,0.4575931632347365,375.2312867614922,12.38799337774302,1601.22016617919,71.6125409615521,-9.145,38.712,
2341,211.30393996247653,Entire home/apt,False,False,4.0,False,1,0,9.0,92.0,1,0.715423901820158,0.2800844714961813,332.37499279168907,10.97312339055566,660.0725888708682,29.52090930812255,-9.13271,38.71586,São Vicente de Fora
1233,85.83489681050656,Private room,False,True,2.0,False,0,1,9.0,83.0,1,6.340299599180059,0.4388846588239498,81.73217912617275,2.6983296155874843,114.78133188870264,5.133449481288484,-9.10865,38.7641,
2123,188.08630393996248,Entire home/apt,False,False,4.0,False,0,0,10.0,100.0,1,1.99512375937665,0.8953695919935635,126.02571536617668,4.160649131515173,338.2700608656765,15.128699414031155,-9.1625,38.71385,Lapa
2140,269.4652908067542,Entire home/apt,False,False,4.0,False,0,1,10.0,97.0,1,1.506677884878481,0.2685306206109225,148.50291986067165,4.902718010768754,417.4473599829746,18.669803689399146,-9.13802,38.72589,Pena
1532,234.52157598499065,Entire home/apt,False,False,3.0,False,0,1,9.0,91.0,1,1.0279495927766622,0.7018349400319062,196.3079994497513,6.480968626497455,656.5276926133713,29.36236831931512,-9.15099,38.714940000000006,Mercês
925,275.093808630394,Entire home/apt,False,False,4.0,False,0,1,10.0,96.0,1,0.3327235922939356,0.2265174445634502,438.2633615530796,14.468952382635148,1211.6417855594366,54.18914202545281,-9.14317,38.71351,Encarnação
2124,164.8686679174484,Private room,False,True,2.0,False,0,1,7.0,79.0,1,2.4019671010030064,0.2287930780534151,116.32438534638815,3.8403666383422905,359.1763539987788,16.063706857086903,-9.148,38.733,São Sebastião da Pedreira
2045,182.4577861163227,Private room,False,True,2.0,False,1,0,9.0,93.0,1,0.161040731778827,0.1756104227361758,472.0816885303952,15.585440333992,1442.1763482359297,64.49950793354513,-9.14131,38.71176,Sacramento
1801,204.2682926829268,Private room,False,True,4.0,False,0,1,10.0,94.0,1,2.3576607286052536,0.2728605311712117,112.63990457330236,3.718726132798784,363.1260922726336,16.240353891578586,-9.14282,38.73347,Saldanha
2108,174.01500938086303,Private room,False,True,2.0,False,0,1,8.0,80.0,1,2.0871620154699286,0.1536985848998458,123.710627031413,4.0842181408921245,387.77402567411536,17.342701449780456,-9.148,38.73,São Sebastião da Pedreira
1140,149.859287054409,Private room,False,True,2.0,False,0,1,10.0,91.0,1,0.301188488873776,0.2624395447236646,532.496545728159,17.579993766203277,1366.770827977657,61.12709168356244,-9.143,38.713,
1936,287.0544090056285,Entire home/apt,False,False,6.0,False,0,1,9.0,93.0,3,0.3503827188014189,0.3512737504227379,459.8653287526979,15.182125926677042,1064.9861024350032,47.63015261423802,-9.136,38.711,São Cristóvão e São Lourenço
2523,260.78799249530954,Entire home/apt,False,False,4.0,False,0,1,10.0,87.0,1,0.7307268415322361,0.1429597560182962,282.87696298291894,9.338981230464071,645.4059035309167,28.864960409362595,-9.13428,38.71745,Socorro
1325,104.36210131332082,Private room,False,True,2.0,False,0,1,9.0,87.0,1,2.780361723987338,0.3986128237695359,98.67787758365674,3.2577797672108346,247.6802652311072,11.077185707418716,-9.12936,38.7361,
1543,164.8686679174484,Private room,False,True,2.0,False,0,1,8.0,78.0,1,0.7434526146166321,0.640228014586555,263.67373070797623,8.705000209567856,825.1636252927998,36.90439651235978,-9.148,38.711,
2673,249.29643527204504,Entire home/apt,False,False,4.0,False,0,1,10.0,92.0,1,0.8565378432939194,0.5717603017573526,351.88371647863795,11.617189992591848,710.8432850351929,31.79156429705512,-9.13,38.714,São Vicente de Fora
2526,220.2157598499062,Entire home/apt,False,False,4.0,False,0,1,9.0,87.0,1,0.7720817402852755,0.2357800537732048,290.41966831769406,9.587998268845666,624.827570189223,27.944620551996845,-9.133,38.717,Socorro
2666,236.39774859287053,Entire home/apt,False,False,4.0,False,0,1,10.0,95.0,1,0.4268906434835723,0.2187917649821312,350.3181355095068,11.56550345321688,925.9542138494104,41.4121277438321,-9.138,38.716,Pena
2764,268.76172607879926,Entire home/apt,False,False,4.0,True,0,1,10.0,97.0,1,0.8835602525744055,0.285379908177378,258.7869077042641,8.543665232597592,601.3325678510987,26.89383637323801,-9.134,38.719,Anjos
1745,100.84427767354596,Private room,False,True,2.0,False,0,1,9.0,87.0,1,3.215107187220789,0.0932171815348164,98.70964765481808,3.2588286334569143,271.9968878923329,12.164715812993697,-9.14657,38.74083,
714,223.03001876172607,Private room,False,True,2.0,False,0,1,9.0,89.0,1,0.2958639282742608,0.3061284508968481,512.3130378933573,16.913649646673402,1620.3454345375385,72.46789433059007,-9.143,38.712,
134,212.4765478424015,Entire home/apt,False,False,2.0,False,0,1,8.0,92.0,1,0.8509664056120564,0.5894526069262604,409.696156950853,13.525826492234764,806.4631154669078,36.06803992992668,-9.13,38.711,São Miguel
1840,238.97748592870545,Private room,False,True,4.0,False,0,1,10.0,83.0,1,2.4867988742502334,0.2064371556406741,109.45562844417488,3.613599526909948,345.289893016773,15.442652503107702,-9.14295,38.73463,Saldanha
1891,138.13320825515947,Private room,False,True,2.0,False,0,1,9.0,93.0,1,0.2323284774043811,0.2648198340226514,497.19262386637536,16.414459959023382,1146.449469500053,51.27349837894467,-9.137,38.712,São Cristóvão e São Lourenço
2485,234.05253283302065,Entire home/apt,False,False,2.0,False,1,0,10.0,90.0,0,0.955127630893584,0.3591027757052588,846.1833781529346,27.936140867639747,565.7651878481339,25.303130415896,-9.13286,38.71915,São Vicente de Fora
2499,256.0975609756097,Entire home/apt,False,False,3.0,False,0,0,9.0,86.0,1,1.1241378090056175,0.6727409508736742,179.5917018611321,5.929091980987817,583.0039683841594,26.07411300988188,-9.15162,38.70858,São Bento
45,136.02251407129455,Private room,False,True,2.0,True,0,0,10.0,97.0,1,0.6871743988429757,0.3259717660766292,411.9199017135268,13.599241839956836,927.6281272661674,41.48699139822239,-9.133,38.709,Sé
178,252.1106941838649,Private room,False,True,2.0,False,1,0,6.0,64.0,1,5.507684980444047,0.4190789805349308,63.77775106839166,2.105576975474264,133.83287383908117,5.985505530243796,-9.16793,38.75678,
2219,263.6022514071294,Private room,False,True,3.0,False,0,1,10.0,90.0,1,2.0787710436495392,1.2690959104387742,120.05694314786096,3.963594372697179,322.2991389954407,14.414420190734129,-9.16338,38.71021,Lapa
935,321.5290806754221,Entire home/apt,False,False,4.0,False,0,1,10.0,96.0,1,0.2746301784945428,0.2654513672238064,459.9521265318201,15.184991493464524,1178.394785847963,52.70221213350179,-9.137,38.711,São Cristóvão e São Lourenço
775,135.78799249530957,Private room,False,True,2.0,False,0,1,8.0,89.0,1,0.2079207491536996,0.1807282464958677,456.7802595875068,15.080274567964093,1234.0487440121562,55.19126482150034,-9.138,38.711,
2080,251.8761726078799,Entire home/apt,False,False,4.0,False,0,1,7.0,66.0,1,0.9391913920157552,0.651417462609066,208.5087462607782,6.883767582850448,662.5108457770785,29.6299572555934,-9.15,38.71,Santa Catarina
2020,305.5816135084428,Entire home/apt,False,False,4.0,False,0,1,10.0,90.0,1,2.1982719487468367,1.5883294397891905,122.07199045432058,4.0301197227118415,308.4705026471517,13.795951970153752,-9.16293,38.70468,Santos-o-Velho
2447,164.39962476547842,Entire home/apt,False,False,2.0,False,0,1,9.0,85.0,1,0.7430914509039181,0.1464053197949148,268.92992828028736,8.8785298245418,650.1587956141046,29.07752747926486,-9.135,38.718,Socorro
586,240.38461538461536,Entire home/apt,False,False,2.0,False,0,1,9.0,93.0,0,0.274632756195961,0.2654481845107671,459.95167626532,15.184976628237084,1178.3809110877053,52.70159160244786,-9.137,38.711,São Cristóvão e São Lourenço
1570,223.03001876172607,Entire home/apt,False,False,3.0,False,1,0,9.0,92.0,1,1.0964745185950897,0.6411102326003739,186.55507733407103,6.158982857065901,658.395979280698,29.44592507079616,-9.15171,38.71521,Mercês
1,124.06191369606005,Private room,False,True,2.0,True,1,0,10.0,97.0,1,4.465503748917454,0.2936025238531798,72.57084453321953,2.3958746863935594,173.9093516033638,7.777875165668591,-9.14092,38.7526,São João de Brito
2174,135.78799249530957,Private room,False,True,2.0,False,0,1,10.0,100.0,1,2.289789113463081,0.3950362197895966,112.81583785261776,3.724534444568024,328.77314925577406,14.703962088061036,-9.139,38.733,Saldanha
1763,131.09756097560975,Private room,False,True,2.0,True,0,1,10.0,97.0,1,2.2897792334012905,0.3950170768241767,112.81606014670152,3.724541783448695,328.7747149624926,14.704032112308097,-9.139,38.733,Saldanha
1070,336.7729831144465,Entire home/apt,False,False,4.0,False,0,1,10.0,94.0,2,0.2561323542226299,0.1807555617137415,440.0331789643247,14.527381642517875,1280.8697284244868,57.28527396209781,-9.142,38.711,Sacramento
549,321.7636022514071,Entire home/apt,False,False,4.0,False,0,0,9.0,95.0,2,0.4812583461595089,0.469593467640827,369.9135600419203,12.212432421844968,1345.1865098130206,60.16176043097114,-9.14513,38.71188,
352,194.18386491557223,Entire home/apt,False,False,2.0,False,0,1,9.0,90.0,1,4.720503488745163,0.9558104079737416,70.38134097075682,2.3235897874811364,153.13010515266075,6.848549724338474,-9.13329,38.75462,São João de Brito
2680,158.53658536585365,Private room,False,True,2.0,False,0,0,9.0,94.0,1,1.1215326899908944,0.2706381618192477,207.86302030709675,6.8624494009176935,503.181646860968,22.504160925549943,-9.13255,38.72082,Anjos
1142,512.1951219512194,Entire home/apt,False,False,4.0,True,1,0,10.0,100.0,2,1.2173311530780555,0.511778482955721,184.4979072669801,6.09106685414418,624.3626524196292,27.923827694448573,-9.14553,38.72232,Coração de Jesus
1735,228.65853658536585,Entire home/apt,False,False,2.0,False,0,1,10.0,83.0,0,0.9391825510833408,0.6514139709303396,208.5104813777185,6.883824866499026,662.5166010702054,29.63021465377855,-9.15,38.71,Santa Catarina
2355,292.21388367729827,Entire home/apt,False,False,3.0,False,0,1,9.0,95.0,2,0.7720632882187827,0.2357758108243335,290.4265151868377,9.588224313348356,624.8359316297574,27.94499450681918,-9.133,38.717,Socorro
2748,199.343339587242,Private room,False,True,2.0,False,0,1,6.0,20.0,1,2.031803108479358,0.0837335292581732,126.73579977061014,4.184092061809394,387.8005111782643,17.34388598035958,-9.14955,38.72895,São Sebastião da Pedreira
1693,222.5609756097561,Entire home/apt,False,False,4.0,True,0,1,10.0,96.0,1,1.138684923392659,0.7238051435480645,178.0199900106584,5.877203034936886,597.5375512895076,26.724109071079926,-9.152,38.709,São Bento
2354,292.21388367729827,Entire home/apt,False,False,5.0,False,0,1,10.0,94.0,2,0.7720674107303529,0.2357748525221186,290.42449439356267,9.588157598299285,624.834026069583,27.944909283057378,-9.133,38.717,Socorro
1042,212.4765478424015,Entire home/apt,False,False,3.0,True,0,1,10.0,93.0,1,0.4207422163252139,0.2526849587663777,484.6787458489546,16.00132319916618,1140.3212111336277,50.99941979652473,-9.144,38.714,
1854,191.6041275797373,Private room,False,True,4.0,False,0,1,10.0,96.0,1,2.239860790920643,0.1473057971509235,113.7548272044891,3.755534508483662,322.5280090711161,14.424656114572311,-9.13468,38.73218,
2353,292.21388367729827,Entire home/apt,False,False,6.0,False,0,1,10.0,94.0,2,0.7720715217785573,0.2357868106938624,290.42580586661813,9.58820089564708,624.8323791068455,27.94483562473793,-9.133,38.717,Socorro
994,100.84427767354596,Private room,False,True,2.0,False,0,1,9.0,85.0,1,2.543119958307821,0.1720349947666523,104.8526149273362,3.461634317781466,293.5781570998809,13.129910704846475,-9.135,38.735,
552,260.0844277673545,Entire home/apt,False,False,4.0,False,0,1,8.0,90.0,0,0.4774027423601788,0.4423298451461255,390.429772364046,12.88976054279244,1369.405271224014,61.24491381625566,-9.14512,38.71229,
1054,212.4765478424015,Entire home/apt,False,False,3.0,False,1,0,10.0,95.0,1,0.7281725179187785,0.2773564168728021,246.7681516177984,8.14687457024943,897.0566310567955,40.11972000682238,-9.14601,38.70812,São Paulo
177,171.9043151969981,Entire home/apt,False,False,2.0,False,0,1,10.0,86.0,0,0.9726042871229484,0.4514970469930385,324.2374279301893,10.704467489057526,674.6251643304598,30.17175478721918,-9.12861,38.71388,São Vicente de Fora
1155,204.2682926829268,Private room,False,True,6.0,True,1,0,10.0,99.0,3,2.0951606914244496,0.4933449444472597,119.9107789564426,3.958768866138328,308.8577858721071,13.813272721163916,-9.131,38.73,
2550,448.639774859287,Entire home/apt,False,False,6.0,False,0,1,9.0,89.0,2,1.0573322053966696,0.582910819270138,246.68600079733545,8.144162419488616,534.4468948824752,23.902459486800208,-9.129,38.717,São Vicente de Fora
1950,208.95872420262663,Entire home/apt,False,False,2.0,False,0,1,9.0,92.0,0,2.4342832631479454,1.8524035050828025,110.53636022646975,3.649279116098083,335.99335340274985,15.026876560503553,-9.166,38.705,Santos-o-Velho
2714,245.77861163227016,Entire home/apt,False,False,4.0,False,0,0,10.0,97.0,1,1.0723036983303336,0.5985355157924073,190.55407361920376,6.291006867977686,626.3549963976486,28.012932751797347,-9.15096,38.716190000000005,São Mamede
869,211.53846153846152,Entire home/apt,False,False,3.0,False,0,0,10.0,98.0,1,2.086182520066213,0.4559168917260904,121.05887337910332,3.996672384865925,339.76080736067144,15.195371160172632,-9.16089,38.72109,Casal Ventoso
51,314.7279549718574,Entire home/apt,False,False,5.0,True,0,1,10.0,95.0,2,0.9366290309700692,0.5083606867348178,471.3772854360879,15.562184968100595,902.102954590588,40.34541042616757,-9.129,38.711,São Miguel
333,193.94934333958724,Entire home/apt,False,False,4.0,False,0,0,9.0,84.0,1,0.9455094024430124,0.4765764748934154,491.4079251608099,16.223482255977174,828.8832360994362,37.07075138777138,-9.12882,38.71144,Alfama
328,438.0863039399625,Entire home/apt,False,False,6.0,False,0,1,10.0,95.0,2,0.3808626995793195,0.3509480871781274,528.6587325774758,17.453291101545418,994.902307531598,44.49574378073133,-9.13526,38.71261,São Cristóvão e São Lourenço
2394,292.21388367729827,Entire home/apt,False,False,4.0,False,0,1,10.0,91.0,2,0.772075640193271,0.2357840063424296,290.4233112862213,9.588118538854012,624.8304392175993,27.94474886565193,-9.133,38.717,Socorro
1588,228.65853658536585,Entire home/apt,False,False,4.0,False,0,1,10.0,90.0,1,0.9391999428050468,0.6514192823581251,208.50703780072635,6.883711179260035,662.5049259559439,29.62969249910179,-9.15,38.71,Santa Catarina
187,124.06191369606005,Private room,False,True,2.0,False,1,0,9.0,87.0,1,0.488439788492364,0.4705466936387638,640.2801570596523,21.138392840352104,902.6999643613184,40.372110930922574,-9.13402,38.712140000000005,Santiago
1531,164.8686679174484,Private room,False,True,2.0,False,0,1,7.0,80.0,1,0.7434450215872896,0.6402500721102032,263.67874925155616,8.705165893205729,825.1773183001823,36.905008914746894,-9.148,38.711,
1895,257.7392120075047,Entire home/apt,False,False,6.0,False,0,1,9.0,87.0,2,0.2323265548252256,0.2648002259807466,497.2119521275371,16.415098067783827,1146.476249661628,51.27469608770344,-9.137,38.712,São Cristóvão e São Lourenço
1251,159.00562851782362,Private room,False,True,2.0,False,0,1,10.0,100.0,1,2.5145988923371454,0.3092113442958535,105.40907830795828,3.480005559512395,283.40517891260214,12.674937158718931,-9.131,38.734,
106,263.83677298311443,Entire home/apt,False,False,4.0,False,0,1,9.0,94.0,1,0.9609060298540238,0.56082873789231,377.9325971572412,12.47717521431796,694.1711841736189,31.04592573273855,-9.129,38.71,Alfama
1545,164.8686679174484,Private room,False,True,2.0,False,0,1,9.0,85.0,1,0.9392161967316066,0.6514526771235523,208.50437332406608,6.883623213462972,662.5004723943423,29.62949331920801,-9.15,38.71,Santa Catarina
425,231.00375234521576,Entire home/apt,False,False,3.0,False,0,1,5.0,50.0,2,0.8777143313142564,0.5594557542353595,419.4474028430827,13.847756922344317,842.4281939054679,37.676532445364174,-9.12967,38.71108,São Miguel
1891,138.13320825515947,Private room,False,True,2.0,False,0,1,9.0,93.0,1,0.2323284774043811,0.2648198340226514,497.19262386637536,16.414459959023382,1146.449469500053,51.27349837894467,-9.137,38.712,São Cristóvão e São Lourenço
2455,124.06191369606005,Private room,False,True,2.0,False,0,1,10.0,93.0,1,0.7430843081968785,0.146396405591299,268.93292075877,8.878628619085148,650.1670629995714,29.0778972275936,-9.135,38.718,Socorro
1779,100.84427767354596,Private room,False,True,2.0,False,0,1,10.0,93.0,1,2.035796681155285,0.3634037659369697,121.39052001790452,4.00762146216883,341.11432227525563,15.255905397943334,-9.13427,38.73023,Anjos
68,139.30581613508443,Private room,False,True,2.0,False,0,1,10.0,91.0,1,0.3503604479529782,0.351256392481336,459.8665062877454,15.182164802157006,1064.9923252409371,47.63043092134047,-9.136,38.711,São Cristóvão e São Lourenço
684,135.78799249530957,Private room,False,True,2.0,False,0,1,8.0,83.0,1,0.0802810486541657,0.1842372045697208,483.1564472234344,15.951065595503511,1378.6103715271474,61.65660025166093,-9.13887,38.71196,
2533,147.0450281425891,Private room,False,True,3.0,False,0,1,9.0,83.0,1,0.7031371314146697,0.2509400513562406,327.36049592872314,10.807573352158622,664.8155449882254,29.73303200455571,-9.133,38.716,Socorro
2491,257.2701688555347,Entire home/apt,False,False,4.0,True,0,1,9.0,90.0,1,0.7720590908074029,0.2357657788798569,290.4257370738805,9.588198624503898,624.8376560126011,27.94507162765468,-9.133,38.717,Socorro
