Unnamed: 0,realSum,room_type,room_shared,room_private,person_capacity,host_is_superhost,multi,biz,cleanliness_rating,guest_satisfaction_overall,bedrooms,dist,metro_dist,attr_index,attr_index_norm,rest_index,rest_index_norm,lng,lat,district
2739,88.88367729831144,Private room,False,True,2.0,False,1,0,9.0,92.0,1,1.549258616435249,0.5434473251086688,146.46128470641253,4.830771753181329,469.0372749792392,26.361135324918045,-9.14446,38.72581,Bairro Camões
1770,298.54596622889306,Entire home/apt,False,False,4.0,False,0,0,9.0,96.0,2,0.8560854333936201,0.5933989436151548,226.61928353238247,7.474644482389229,730.7982773910641,41.072795944364,-9.149,38.71,Santa Catarina
1658,129.4559099437148,Private room,False,True,2.0,False,0,1,10.0,100.0,1,1.2184153848456971,0.9630022381062616,170.52446868678248,5.6244541908097565,548.2031529407718,30.810467037738263,-9.1536,38.7115,São Bento
2124,227.72045028142588,Entire home/apt,False,False,4.0,False,0,0,9.0,85.0,1,1.7658823031940607,1.1770500265749684,132.4424555977461,4.368384960613088,453.474186623978,25.48644859938039,-9.15968,38.70983,Santos-o-Velho
690,256.8011257035647,Entire home/apt,False,False,4.0,False,0,1,10.0,100.0,2,3.7247213402935744,0.4474079863559412,92.22580603698172,3.041908444343483,210.7522078989517,11.844831463971463,-9.162,38.741,
933,102.72045028142588,Private room,False,True,2.0,False,1,0,10.0,93.0,1,0.8058688348087363,0.5064124537934929,227.68652699650977,7.509845659209491,848.523446959496,47.68926182392489,-9.14639,38.71734,São José
1537,144.4652908067542,Private room,False,True,2.0,False,0,1,10.0,93.0,1,1.4721468207855533,0.1672804499139106,152.03009016765515,5.014449154175443,421.46169411762673,23.687261856524604,-9.13644,38.7254,Anjos
1765,293.62101313320824,Entire home/apt,False,False,3.0,True,0,1,10.0,93.0,0,0.9464779687343056,0.6169710153863366,206.41412835478903,6.808212441346982,652.3008145815675,36.66103093085744,-9.14993,38.70961,São Bento
3,326.2195121951219,Entire home/apt,False,False,6.0,False,1,0,9.0,93.0,2,0.6670181902328348,0.5303623897452336,537.0491951234936,17.71363734158036,775.7347646713932,43.59834537383236,-9.132,38.713,Santiago
1891,130.62851782363975,Private room,False,True,2.0,True,0,1,10.0,97.0,1,2.2897790190359126,0.3950244344231062,112.81609235551608,3.721043368886015,328.7752189694672,18.478036823656083,-9.139,38.733,Saldanha
1077,193.24577861163223,Private room,False,True,2.0,False,0,1,10.0,85.0,1,1.3791591657569844,0.351012933520493,167.29655445146238,5.517987031649343,558.5029332006098,31.389341928350166,-9.14687,38.72343,Coração de Jesus
1319,408.3020637898687,Entire home/apt,False,False,4.0,False,0,1,7.0,87.0,2,5.978305396856536,0.8250671725636067,94.0903561673922,3.10340740033334,120.50169352138184,6.772513868838141,-9.09956,38.75616,
294,343.5741088180112,Entire home/apt,False,False,4.0,False,0,1,10.0,88.0,1,0.8603430287416546,0.6086068607619081,380.9857358054335,12.566154493203838,815.9790450299727,45.86018036473668,-9.13008,38.71034,São Miguel
2048,274.155722326454,Entire home/apt,False,False,4.0,False,0,1,9.0,95.0,2,1.7251407803591754,1.2512984655833372,134.3183897069225,4.430259397421453,407.7890714293765,22.91882430122057,-9.159,38.709,Santos-o-Velho
2527,291.51031894934334,Entire home/apt,False,False,6.0,False,1,0,9.0,93.0,3,0.7720514402665423,0.2357618788990149,290.42802447704395,9.579265263091962,624.8410810988055,35.117721285888784,-9.133,38.717,Socorro
761,337.94559099437146,Entire home/apt,False,False,6.0,False,0,1,9.0,88.0,2,0.5003888263444467,0.4372368704947659,334.08018640180023,11.019056203162677,1359.0419061214125,76.38174940592273,-9.14502,38.71079,
1604,135.08442776735458,Private room,False,True,2.0,True,0,1,10.0,100.0,1,2.289795730007426,0.3950216298236557,112.81559241288082,3.7210268791442696,328.77044624193223,18.477768583746105,-9.139,38.733,Saldanha
1770,298.54596622889306,Entire home/apt,False,False,4.0,False,0,0,9.0,96.0,2,0.8560854333936201,0.5933989436151548,226.61928353238247,7.474644482389229,730.7982773910641,41.072795944364,-9.149,38.71,Santa Catarina
2805,245.5440900562852,Entire home/apt,False,False,4.0,True,0,1,10.0,93.0,1,0.8835545968538334,0.2853745195548244,258.7848201119574,8.535568984355772,601.3358899487928,33.79666737866793,-9.134,38.719,Anjos
2528,303.00187617260787,Entire home/apt,False,False,4.0,True,0,1,10.0,93.0,1,0.7720688170610323,0.2357646970075775,290.42127326029527,9.579042585903007,624.8331836468774,35.117277428203906,-9.133,38.717,Socorro
1500,238.03939962476545,Entire home/apt,False,False,3.0,False,0,1,9.0,93.0,1,0.9392116834523498,0.6514377587007847,208.5050032211925,6.8771763266789,662.5004257400532,37.23427605305436,-9.15,38.71,Santa Catarina
2691,243.1988742964353,Entire home/apt,False,False,4.0,False,0,1,10.0,95.0,1,0.4269058870442941,0.2187769409521042,350.31153078284126,11.554418979129494,925.915167943108,52.038881222442,-9.138,38.716,Pena
988,227.72045028142588,Entire home/apt,False,False,6.0,False,0,1,9.0,91.0,0,0.1380490291524663,0.195238562276503,526.0780709670329,17.351773817155355,1304.9258755147996,73.34028536421843,-9.141,38.713,Sacramento
2615,231.7073170731707,Entire home/apt,False,False,3.0,False,0,1,9.0,91.0,1,1.0966495166201922,0.311278854048117,298.4302786660109,9.843205754774308,617.1205800354686,34.68380870758506,-9.12709,38.713440000000006,São Vicente de Fora
1490,125.93808630393995,Private room,False,True,2.0,False,0,1,10.0,90.0,1,1.164833428018777,0.3037774727640594,200.8935297633711,6.626125060442649,483.431940003385,27.1701535690974,-9.132,38.721,Anjos
8,240.1500938086304,Entire home/apt,False,False,4.0,True,0,1,10.0,96.0,1,1.0432870681346682,0.3520588750263173,376.2525548168001,12.41003871784096,702.7120484181672,39.494275595946185,-9.12763,38.71239,Santo Estêvão
2538,268.29268292682923,Entire home/apt,False,False,4.0,True,0,1,10.0,96.0,1,0.7720723512846687,0.2357710338586569,290.4213848390576,9.579046266135189,624.8316902666688,35.11719349628661,-9.133,38.717,Socorro
769,181.51969981238275,Private room,False,True,2.0,True,0,1,9.0,93.0,1,0.1475819230716727,0.217843378803321,512.3044956235799,16.897476295166225,1285.5302185918167,72.25019814911369,-9.138,38.712,
1604,135.08442776735458,Private room,False,True,2.0,True,0,1,10.0,100.0,1,2.289795730007426,0.3950216298236557,112.81559241288082,3.7210268791442696,328.77044624193223,18.477768583746105,-9.139,38.733,Saldanha
2310,218.57410881801124,Entire home/apt,False,False,5.0,False,0,1,10.0,100.0,1,1.6782916752353396,0.263547207440242,140.54320735314332,4.635574223891438,460.2361219361941,25.866487247335524,-9.148,38.726,Coração de Jesus
1153,216.22889305816133,Entire home/apt,False,False,4.0,True,0,0,10.0,97.0,1,0.6131361643144496,0.4721298026874925,288.77104584915355,9.524612693525311,980.596494956072,55.112116417232514,-9.146,38.71,Encarnação
2161,227.72045028142588,Private room,False,True,2.0,False,0,0,10.0,94.0,1,2.2190307925699964,1.4652493048091997,115.65055318058464,3.814533148910052,303.0828653222942,17.0340585996679,-9.16474,38.70879,Lapa
2065,158.53658536585365,Private room,False,True,2.0,False,0,1,8.0,64.0,1,0.9391912869192864,0.6514097763894093,208.50861800603408,6.87729555409481,662.5091792880123,37.23476802560032,-9.15,38.71,Santa Catarina
1386,131.8011257035647,Private room,False,True,2.0,False,0,1,10.0,90.0,9,2.3670334861144675,0.1347602069091077,109.6770113734882,3.617506220694764,300.0352566934374,16.862774934662305,-9.13305,38.73307,
203,231.2382739212008,Entire home/apt,False,False,4.0,True,1,0,10.0,98.0,1,4.397613173150944,0.3743795443327583,73.36048773322666,2.419668601512414,174.0078531511792,9.779701548708973,-9.14,38.752,São João de Brito
2441,239.2120075046904,Entire home/apt,False,False,3.0,False,0,1,10.0,100.0,1,0.7294771640665756,0.3691810011766051,370.0166575529895,12.2043584493786,684.3668795777573,38.463228589326256,-9.13202,38.715140000000005,São Vicente de Fora
1618,216.46341463414632,Entire home/apt,False,False,4.0,False,0,1,10.0,93.0,1,0.9392226827519984,0.6514408604021534,208.50282048725109,6.877104332981111,662.4929839015073,37.23385780204652,-9.15,38.71,Santa Catarina
512,165.3377110694184,Private room,False,True,2.0,False,0,1,9.0,90.0,1,0.8509688353704792,0.5894464810672335,409.6992889060037,13.513221300174392,806.4637441749355,45.325395291400994,-9.13,38.711,São Miguel
1149,123.82739212007505,Private room,False,True,2.0,False,0,1,10.0,85.0,1,2.722379317805641,0.3879477616112158,100.04803982044004,3.299911274809279,253.66791807847045,14.25680787598974,-9.12963,38.73562,
1892,130.62851782363975,Private room,False,True,2.0,True,0,1,10.0,97.0,1,2.2897841788982065,0.3950289488037079,112.815956943767,3.721038902564053,328.77406984403507,18.477972239767688,-9.139,38.733,Saldanha
521,242.7298311444653,Entire home/apt,False,False,5.0,False,0,1,9.0,86.0,1,0.8509686547431655,0.5894553463637824,409.6928458097016,13.513008785804592,806.4625384841437,45.32532752838978,-9.13,38.711,São Miguel
2300,142.1200750469043,Private room,False,True,2.0,False,0,1,10.0,95.0,1,1.440737329339854,0.3193117855332087,158.75402308797297,5.236226433316946,532.1200889073519,29.90655630389932,-9.147,38.724,Coração de Jesus
537,300.656660412758,Entire home/apt,False,False,2.0,False,0,1,10.0,98.0,1,0.3821459857924446,0.3829061030557122,395.9858742743744,13.060908075045086,1613.7202464029515,90.6953456820062,-9.144,38.712,
309,163.93058161350842,Private room,False,True,2.0,False,1,0,10.0,95.0,1,0.5778684435662738,0.5585552935227955,658.1485248501709,21.70788894565093,1015.773021203148,57.0891302242924,-9.133,38.712,Santiago
1000,128.28330206378988,Private room,False,True,2.0,True,0,1,10.0,97.0,1,2.2897939132618754,0.3950529793981421,112.81575614861208,3.721032279683716,328.77283693031586,18.47790294675596,-9.139,38.733,Saldanha
1997,158.53658536585365,Private room,False,True,2.0,False,0,1,8.0,82.0,1,0.2350526738763361,0.2158616676900344,467.7624388964441,15.428333716652254,1219.17474960223,68.5208453004295,-9.13758,38.71099,São Cristóvão e São Lourenço
2592,127.34521575984988,Private room,False,True,2.0,False,0,1,3.0,44.0,1,2.006982757989052,0.3947887969747927,122.61166257360344,4.044133283129877,343.8625310725405,19.325983665527005,-9.1342,38.72995,Anjos
950,123.82739212007505,Private room,False,True,2.0,True,0,1,10.0,94.0,1,0.4910337937817314,0.4374933466875896,340.37307904391974,11.226616365442355,1365.7159077839651,76.75684595020714,-9.145,38.711,
1590,262.6641651031895,Entire home/apt,False,False,4.0,False,1,0,10.0,100.0,1,2.13140508225957,0.2826075159553705,117.68504463797598,3.881637325171756,336.60543711809987,18.918115792324134,-9.13376,38.73102,
1241,117.96435272045028,Private room,False,True,2.0,False,0,1,10.0,100.0,1,3.307430520573996,0.3184428901837395,88.20123840097973,2.909165052847649,213.1677913156915,11.980593640527951,-9.13047,38.7413,
1024,274.155722326454,Entire home/apt,False,False,4.0,False,1,0,10.0,94.0,0,0.8829926052904451,0.5630029775715185,211.4065227246724,6.972877921040932,730.8610457536973,41.07632369234857,-9.14256,38.71999,São José
1507,250.93808630394,Entire home/apt,False,False,4.0,False,0,1,8.0,90.0,1,0.9392077524878988,0.6514318265517329,208.50568937257503,6.877198958193596,662.5019898858966,37.23436396218748,-9.15,38.71,Santa Catarina
600,158.53658536585365,Private room,False,True,2.0,False,0,1,7.0,76.0,1,0.7434567060733003,0.6402550444741015,263.67449243020826,8.696846355127633,825.1695738049261,46.37671238824126,-9.148,38.711,
2469,137.66416510318948,Private room,False,True,4.0,False,0,1,9.0,89.0,1,1.1648294736593945,0.3037852809197304,200.8947867223432,6.626166519056845,483.4326316058116,27.170192438982863,-9.132,38.721,Anjos
1528,227.72045028142588,Entire home/apt,False,False,4.0,False,1,0,9.0,90.0,1,0.8560847654166794,0.5933980740837639,226.6194479317748,7.474649904818382,730.7983291761358,41.07279885482198,-9.149,38.71,Santa Catarina
1507,250.93808630394,Entire home/apt,False,False,4.0,False,0,1,8.0,90.0,1,0.9392077524878988,0.6514318265517329,208.50568937257503,6.877198958193596,662.5019898858966,37.23436396218748,-9.15,38.71,Santa Catarina
1911,108.11444652908068,Private room,False,True,2.0,True,0,1,10.0,97.0,1,2.289776827963576,0.3950520329102494,112.81625385018592,3.7210486955079336,328.77748801767746,18.47816435016649,-9.139,38.733,Saldanha
2529,158.53658536585365,Private room,False,True,2.0,False,0,1,9.0,91.0,1,0.6985463821586003,0.1943056744769408,311.72116152004617,10.28158250119448,663.310544071225,37.27980684580034,-9.13351,38.71645,São Vicente de Fora
112,534.2401500938086,Entire home/apt,False,False,6.0,False,0,1,8.0,83.0,1,3.454756965113448,2.5661106033163787,108.28136332431107,3.5714731875497776,221.90792963134632,12.471812529064424,-9.17821,38.70492,Santo Amaro
389,235.92870544090056,Entire home/apt,False,False,4.0,False,0,1,10.0,85.0,1,5.555042188082952,4.410731845613415,114.32946688439084,3.770959406019836,137.95131370286535,7.75322867235321,-9.20283,38.70503,Restelo
1507,250.93808630394,Entire home/apt,False,False,4.0,False,0,1,8.0,90.0,1,0.9392077524878988,0.6514318265517329,208.50568937257503,6.877198958193596,662.5019898858966,37.23436396218748,-9.15,38.71,Santa Catarina
1315,352.7204502814259,Entire home/apt,False,False,4.0,False,0,1,10.0,80.0,1,0.6879885899875,0.305363599617959,255.2298992230042,8.418316077216707,836.5923501147628,47.01870262687037,-9.14577,38.70846,São Paulo
900,498.8273921200751,Entire home/apt,False,False,5.0,False,0,1,10.0,93.0,2,0.2746403823467205,0.2654581214739832,459.9515910740968,15.170706432389183,1178.3733891154493,66.2277009330007,-9.137,38.711,São Cristóvão e São Lourenço
2528,303.00187617260787,Entire home/apt,False,False,4.0,True,0,1,10.0,93.0,1,0.7720688170610323,0.2357646970075775,290.42127326029527,9.579042585903007,624.8331836468774,35.117277428203906,-9.133,38.717,Socorro
2604,448.170731707317,Entire home/apt,False,False,6.0,False,0,1,9.0,89.0,2,1.0573279939077755,0.5829046002128071,246.686399301848,8.136523532687553,534.4494347519578,30.037471700827865,-9.129,38.717,São Vicente de Fora
2619,135.31894934333957,Private room,False,True,2.0,False,0,1,9.0,91.0,1,1.1648453599745354,0.3037900704817632,200.89182140629632,6.626068713244017,483.4266866470012,27.16985831657498,-9.132,38.721,Anjos
1153,216.22889305816133,Entire home/apt,False,False,4.0,True,0,0,10.0,97.0,1,0.6131361643144496,0.4721298026874925,288.77104584915355,9.524612693525311,980.596494956072,55.112116417232514,-9.146,38.71,Encarnação
1846,146.81050656660412,Private room,False,True,2.0,False,1,0,10.0,95.0,1,0.8508275556369758,0.6601775118572646,232.13449089684173,7.656554043011841,750.079032185545,42.15642535596325,-9.14897,38.71466,Mercês
2470,125.93808630393995,Private room,False,True,2.0,False,0,1,9.0,85.0,1,1.1648349768244666,0.3037763813934918,200.8931508369927,6.626112562212493,483.4314968763405,27.17012866418555,-9.132,38.721,Anjos
1071,200.046904315197,Entire home/apt,False,False,4.0,False,0,0,9.0,100.0,1,2.158334676748954,0.7421296812826849,118.68306382470848,3.914555259123139,287.3519167829082,16.149937687839664,-9.12727,38.72924,Bairro de São João
1545,158.53658536585365,Private room,False,True,2.0,False,0,1,8.0,78.0,1,0.7434303787692749,0.6402419733210044,263.68391779047886,8.697157234308092,825.1864029211246,46.37765822907987,-9.148,38.711,
809,262.6641651031895,Entire home/apt,False,False,2.0,True,1,0,9.0,94.0,1,0.8212146673466328,0.5359219665253552,226.9393094063529,7.485199981443891,802.1490800696778,45.08289975761788,-9.147,38.717,São José
370,170.02814258911818,Entire home/apt,False,False,5.0,True,0,1,10.0,94.0,2,4.564369425302839,0.2370861627003242,71.76549083343725,2.3670603918728528,170.36662609637244,9.575054958211954,-9.14688,38.75311,São João de Brito
920,167.6829268292683,Shared room,True,False,2.0,False,0,1,10.0,93.0,1,0.1380558516960317,0.195231691524403,526.0153329080014,17.349704510962756,1304.8834427483296,73.33790053052013,-9.141,38.713,Sacramento
2467,163.93058161350842,Entire home/apt,False,False,3.0,False,0,1,9.0,89.0,0,1.389827727200737,0.1703159813951816,221.92393505744445,7.319776546951265,459.8168520559752,25.842923171216835,-9.124,38.715,São Vicente de Fora
1494,137.66416510318948,Private room,False,True,3.0,False,0,1,10.0,92.0,1,1.1648385457554489,0.3037861624216748,200.89298647102845,6.6261071408859005,483.4293989507874,27.17001075522105,-9.132,38.721,Anjos
1618,216.46341463414632,Entire home/apt,False,False,4.0,False,0,1,10.0,93.0,1,0.9392226827519984,0.6514408604021534,208.50282048725109,6.877104332981111,662.4929839015073,37.23385780204652,-9.15,38.71,Santa Catarina
2814,295.2626641651032,Private room,False,True,2.0,False,0,0,9.0,83.0,1,1.118596753428981,0.8421684089471321,183.4045065964815,6.049279928470068,585.9239323951381,32.93047460387883,-9.15248,38.71288,Lapa
1806,256.8011257035647,Entire home/apt,False,False,4.0,False,0,0,10.0,90.0,2,1.0605882297239488,0.3404890373204761,188.36298499367345,6.212826748559281,543.4442372298197,30.543003388795142,-9.13911,38.72192,Pena
193,202.3921200750469,Entire home/apt,False,False,6.0,False,0,0,10.0,100.0,1,4.310717535223672,0.2557109493824587,74.52556787474188,2.458096751648515,179.1350924744776,10.067865958777858,-9.14151,38.75119,São João de Brito
2470,125.93808630393995,Private room,False,True,2.0,False,0,1,9.0,85.0,1,1.1648349768244666,0.3037763813934918,200.8931508369927,6.626112562212493,483.4314968763405,27.17012866418555,-9.132,38.721,Anjos
2121,378.28330206378985,Private room,False,True,2.0,False,0,1,9.0,100.0,1,0.1380611014713971,0.1952405380878006,526.0226437762446,17.349945647286745,1304.9029227627193,73.33899535884797,-9.141,38.713,Sacramento
512,165.3377110694184,Private room,False,True,2.0,False,0,1,9.0,90.0,1,0.8509688353704792,0.5894464810672335,409.6992889060037,13.513221300174392,806.4637441749355,45.325395291400994,-9.13,38.711,São Miguel
1891,130.62851782363975,Private room,False,True,2.0,True,0,1,10.0,97.0,1,2.2897790190359126,0.3950244344231062,112.81609235551608,3.721043368886015,328.7752189694672,18.478036823656083,-9.139,38.733,Saldanha
628,285.6472795497186,Entire home/apt,False,False,5.0,False,0,1,9.0,94.0,2,0.7026898457601461,0.6483616196151016,282.65697595759104,9.322950689888364,859.7102928258076,48.31799214765853,-9.14758,38.71123,Santa Catarina
1147,273.92120075046904,Entire home/apt,False,False,4.0,False,0,0,10.0,96.0,2,6.822729710609153,0.4595118463797612,231.0729987669368,7.621542563987552,143.35426392348808,8.056888764029155,-9.097,38.764,Bairro Oriente
1980,135.08442776735458,Private room,False,True,2.0,False,1,0,8.0,83.0,3,2.361258842512365,0.3436322622675222,110.58245270947992,3.647370634617114,315.27618709248,17.719355531043693,-9.13845,38.73363,Saldanha
2103,290.3377110694184,Entire home/apt,False,False,4.0,False,0,1,10.0,100.0,1,2.071477945241946,1.5170828080883574,124.05905327052668,4.091872957874163,334.0228776540871,18.772969120306428,-9.16216,38.7063,Santos-o-Velho
583,239.44652908067545,Entire home/apt,False,False,2.0,False,0,1,9.0,93.0,0,0.2746477439526465,0.2654531268938069,459.950569656714,15.17067274270627,1178.340972987421,66.22587906087402,-9.137,38.711,São Cristóvão e São Lourenço
1775,319.4183864915572,Entire home/apt,False,False,4.0,False,0,1,9.0,90.0,2,1.5754401704977965,0.812850863709613,159.62995914814064,5.265117666829838,361.67538605240713,20.32711322536463,-9.12587,38.72161,Santa Engrácia
1205,85.36585365853658,Private room,False,True,2.0,False,0,1,8.0,85.0,1,2.525224478511275,0.4806613303677977,105.28484892250704,3.472638351031358,265.86360349593383,14.942237650593714,-9.12897,38.733540000000005,
2163,364.4465290806754,Entire home/apt,False,False,5.0,True,0,1,10.0,95.0,3,0.1380629458646655,0.1952187204575845,525.9272860955157,17.346800439381205,1304.8179102699764,73.33421743192179,-9.141,38.713,Sacramento
567,300.656660412758,Entire home/apt,False,False,2.0,False,0,1,10.0,98.0,1,0.2958534984451762,0.3061306503093145,512.3293529195445,16.89829617001197,1620.2370955871413,91.06160984138268,-9.143,38.712,
2013,197.46716697936208,Private room,False,True,2.0,True,0,1,10.0,94.0,1,0.1475824128578067,0.2178575475541018,512.2684586108454,16.89628767673006,1285.5369550393611,72.25057675528168,-9.138,38.712,
314,298.54596622889306,Entire home/apt,False,False,5.0,False,0,1,9.0,93.0,2,2.829877487813378,2.1255154646991854,103.91050307770398,3.4273079341946824,249.79719526971897,14.039263017169596,-9.17071,38.7048,
578,377.1106941838649,Entire home/apt,False,False,4.0,False,0,1,10.0,97.0,1,0.2958795313914663,0.3061505229100553,512.2463383083358,16.895558076871982,1619.9068557295814,91.04304948799668,-9.143,38.712,
225,203.56472795497183,Private room,False,True,2.0,False,0,1,9.0,90.0,1,5.906410297758019,0.1191715403920007,76.14873893790218,2.511634237259228,119.78064417730444,6.731988988729181,-9.112,38.761,
511,239.44652908067545,Entire home/apt,False,False,2.0,False,0,1,9.0,86.0,0,0.7904598326126836,0.5348268926297053,378.0603330198186,12.469665150154892,834.5034892575645,46.90130312224899,-9.131,38.71013,Sé
980,102.72045028142588,Private room,False,True,2.0,False,0,0,8.0,86.0,1,2.182546881043657,0.2909038444396801,115.92435580080092,3.823564054014696,315.172886116446,17.713549742988686,-9.13272,38.73128,Anjos
1428,220.68480300187616,Entire home/apt,False,False,3.0,False,0,1,9.0,86.0,1,0.4910492174380685,0.4375137207995825,340.3725492735416,11.226598891884183,1365.5645886721975,76.74834141592946,-9.145,38.711,
714,222.0919324577861,Private room,False,True,2.0,False,0,1,9.0,89.0,1,0.2958718669600692,0.3061446133357031,512.2708698868447,16.89636720849171,1620.0054210694418,91.04858912077432,-9.143,38.712,
786,237.1013133208255,Entire home/apt,False,False,4.0,False,0,1,10.0,93.0,1,2.7326373941013262,1.0923077334792668,104.8050986311093,3.45681461876716,258.59589410705496,14.533773161900587,-9.16592,38.72587,
523,314.7279549718574,Entire home/apt,False,False,3.0,True,0,0,9.0,96.0,1,0.8509647337787036,0.5894591563734187,409.6922780918372,13.51299006061432,806.4623611789954,45.32531756337152,-9.13,38.711,São Miguel
2532,245.3095684803002,Entire home/apt,False,False,4.0,True,0,1,9.0,91.0,1,1.098846790408286,0.3070179463296089,383.55453255434855,12.6508818039003,693.4069333024157,38.97130351704025,-9.127,38.712,São Vicente de Fora
2054,239.44652908067545,Entire home/apt,False,False,4.0,False,0,0,9.0,84.0,1,0.8504498551040713,0.6853510868366813,230.5411500941619,7.604000456866493,717.7463410127666,40.33924260121925,-9.14923,38.7109,Santa Catarina
881,347.0919324577861,Entire home/apt,False,False,6.0,False,0,1,9.0,90.0,2,0.4687001161119957,0.4575968978794367,375.2388383258163,12.37660303550214,1598.6960233035784,89.85094460899582,-9.145,38.712,
2818,263.83677298311443,Entire home/apt,False,False,6.0,True,1,0,8.0,95.0,2,1.5775339395989367,0.3705355694246324,174.63642994082653,5.7600801093999845,380.6350529405388,21.392696647440264,-9.12243,38.7169,Santa Engrácia
1358,404.7842401500938,Entire home/apt,False,False,4.0,True,0,1,10.0,100.0,1,6.46984242688512,0.2221863793229393,121.26319902640216,3.999656549042282,121.6262436485406,6.8357165601018535,-9.10138,38.76239,
1110,262.6641651031895,Private room,False,True,4.0,False,0,1,10.0,100.0,1,1.642467104718246,0.3400400832347033,142.1298644280238,4.687907358853911,470.4533487204508,26.440722414289127,-9.147,38.726,Coração de Jesus
1793,122.6547842401501,Private room,False,True,2.0,False,1,0,10.0,90.0,1,1.3711602169172217,0.2332886496789201,162.1837510437068,5.349350068432308,444.23823503609526,24.96736369365867,-9.13507,38.7242,Anjos
1500,238.03939962476545,Entire home/apt,False,False,3.0,False,0,1,9.0,93.0,1,0.9392116834523498,0.6514377587007847,208.5050032211925,6.8771763266789,662.5004257400532,37.23427605305436,-9.15,38.71,Santa Catarina
51,181.51969981238275,Entire home/apt,False,False,4.0,False,0,1,9.0,93.0,1,3.2815869739038,2.4876763177391177,104.28936106339756,3.439803908536464,229.9711100207571,12.924984591783517,-9.17581,38.70395,Santo Amaro
295,204.7373358348968,Entire home/apt,False,False,4.0,False,0,0,10.0,100.0,2,3.651308676657981,2.99132241925592,97.2334509306332,3.207076936144615,227.3651850799845,12.778524718176826,-9.178,38.699,Junqueira
719,121.24765478424014,Private room,False,True,2.0,True,0,0,10.0,96.0,1,2.4051941488040973,0.8438327205591144,109.7239391416775,3.619054051832959,292.3032845541396,16.42821765155181,-9.16554,38.71997,Santo Condestável
2228,188.55534709193245,Entire home/apt,False,False,3.0,False,0,0,9.0,89.0,1,1.300307789246453,0.9001488728677325,161.8907382761206,5.339685549895452,537.332967400542,30.199533861807527,-9.15407,38.70932,Santos-o-Velho
1834,250.93808630394,Entire home/apt,False,False,4.0,False,0,1,6.0,60.0,1,0.9392043944584588,0.6514294596862893,208.5063281177871,6.877220026097882,662.5039394675564,37.234473533832855,-9.15,38.71,Santa Catarina
26,92.4015009380863,Private room,False,True,2.0,False,1,0,10.0,96.0,1,6.803797191996032,0.7642225416142319,51.876649092649,1.7110614015766337,106.25040623230213,5.971553832563107,-9.16756,38.76965,Alto da Faia
815,509.1463414634146,Entire home/apt,False,False,4.0,False,0,1,9.0,87.0,2,0.2101028021361712,0.0061707448409682,416.1065641593909,13.724554174735507,1251.645022988938,70.3457605394624,-9.14,38.7105,Chiado
1543,158.53658536585365,Private room,False,True,2.0,False,0,1,9.0,76.0,1,0.9392004097609612,0.6514257646188877,208.50706880742948,6.8772444564626,662.506051654734,37.23459224433838,-9.15,38.71,Santa Catarina
2019,113.50844277673544,Private room,False,True,4.0,False,1,0,9.0,88.0,3,7.746274988950124,0.1833577687435016,71.50845619718514,2.358582549671175,103.76463087493836,5.831846683305699,-9.10039,38.77505,Quinta das Laranjeiras
2544,320.35647279549715,Entire home/apt,False,False,6.0,True,1,0,10.0,98.0,1,0.7720742690537804,0.2357795560229109,290.4227548909698,9.579091454924098,624.8309794970968,35.117153549156875,-9.133,38.717,Socorro
1477,251.17260787992493,Entire home/apt,False,False,4.0,True,1,0,10.0,95.0,1,0.7672644595270839,0.6318431064050942,254.1483498433506,8.382643044555723,796.8609450139978,44.78569258186539,-9.14823,38.71082,Santa Catarina
950,123.82739212007505,Private room,False,True,2.0,True,0,1,10.0,94.0,1,0.4910337937817314,0.4374933466875896,340.37307904391974,11.226616365442355,1365.7159077839651,76.75684595020714,-9.145,38.711,
1464,250.93808630394,Entire home/apt,False,False,2.0,False,0,1,10.0,100.0,0,3.164851220411161,2.1954026959919672,99.53502507383055,3.2829903721157496,222.1250387328112,12.484014634758983,-9.17552,38.70761,Quinta do Jacinto
2865,262.6641651031895,Entire home/apt,False,False,4.0,False,0,1,9.0,92.0,2,1.1386740319161803,0.7238026943219088,178.02128616802815,5.87172372828345,597.5321326948892,33.58288616113521,-9.152,38.709,São Bento
1988,250.93808630394,Entire home/apt,False,False,2.0,False,0,1,10.0,94.0,0,0.2746337846143304,0.2654471935221492,459.9515146534528,15.170703911786628,1178.3758692095653,66.22784032084917,-9.137,38.711,São Cristóvão e São Lourenço
2345,262.6641651031895,Entire home/apt,False,False,4.0,False,0,0,10.0,100.0,2,2.2897950445039394,0.3950396369086629,112.81567596166396,3.7210296348561447,328.7717217915612,18.47784027300872,-9.139,38.733,Saldanha
1000,128.28330206378988,Private room,False,True,2.0,True,0,1,10.0,97.0,1,2.2897939132618754,0.3950529793981421,112.81575614861208,3.721032279683716,328.77283693031586,18.47790294675596,-9.139,38.733,Saldanha
507,239.44652908067545,Entire home/apt,False,False,4.0,True,0,1,9.0,95.0,1,1.047375021802675,0.5308753538165284,341.42407541389014,11.26128166000758,590.3172744875427,33.17739204862064,-9.12813,38.70956,São Miguel
1497,146.81050656660412,Private room,False,True,2.0,True,1,0,9.0,96.0,1,7.293165501106134,6.164735807432905,120.81766755213476,3.984961465182008,105.9284256346612,5.9534576714279694,-9.2211,38.696740000000005,Restelo
2355,234.7560975609756,Entire home/apt,False,False,2.0,False,0,1,10.0,100.0,0,2.0645045441058847,0.1586271310710474,122.80369135180716,4.050467019717018,372.3316694224538,20.926024533620268,-9.14534,38.73043,Saldanha
520,158.53658536585365,Entire home/apt,False,False,2.0,False,0,1,8.0,86.0,1,0.850966151014009,0.5894563477576409,409.69354035719,13.513031694250294,806.4626225584502,45.32533225358816,-9.13,38.711,São Miguel
1470,250.93808630394,Entire home/apt,False,False,4.0,False,0,1,8.0,77.0,1,0.8560911805753928,0.5933978509651203,226.61773911194845,7.474593542356693,730.7990114292578,41.07283719925181,-9.149,38.71,Santa Catarina
1083,334.4277673545966,Entire home/apt,False,False,4.0,True,0,1,10.0,96.0,2,0.1380394457915744,0.1952208059100561,526.0583629936095,17.35112378379318,1304.8843597538198,73.3379520686539,-9.141,38.713,Sacramento
1981,109.7560975609756,Private room,False,True,2.0,False,0,1,9.0,87.0,1,1.7700005387141209,0.195452848128086,133.46531690597692,4.402122268906734,374.2092869446275,21.03155160413433,-9.13582,38.72804,Anjos
437,343.5741088180112,Entire home/apt,False,False,4.0,True,0,1,10.0,100.0,2,4.832022263288697,3.893978705618048,105.89612893245098,3.492800363205708,154.57541965348676,8.687547392841905,-9.19312,38.70056,Junqueira
2487,330.90994371482174,Entire home/apt,False,False,5.0,True,0,0,10.0,96.0,2,1.3049452271413695,0.2217210634583164,273.70067061410714,9.02754247362905,487.7979454243627,27.41553462060724,-9.125,38.715,São Vicente de Fora
1539,112.10131332082553,Private room,False,True,2.0,True,0,1,10.0,95.0,1,2.289795053517284,0.3950259252829011,112.81562738563824,3.721028032660088,328.77089198909795,18.47779363591569,-9.139,38.733,Saldanha
1770,298.54596622889306,Entire home/apt,False,False,4.0,False,0,0,9.0,96.0,2,0.8560854333936201,0.5933989436151548,226.61928353238247,7.474644482389229,730.7982773910641,41.072795944364,-9.149,38.71,Santa Catarina
1896,158.53658536585365,Private room,False,True,2.0,False,0,1,7.0,70.0,1,2.4019664220062698,0.2287911874694401,116.32428494538836,3.836755024029875,359.17632999257114,20.18665966550458,-9.148,38.733,São Sebastião da Pedreira
2422,291.51031894934334,Entire home/apt,False,False,6.0,False,0,1,10.0,94.0,2,0.7720715621466252,0.2357729646960903,290.4222217628265,9.579073870615856,624.8320891937938,35.11721591704608,-9.133,38.717,Socorro
1463,134.8499061913696,Private room,False,True,2.0,True,1,0,10.0,94.0,1,2.4867138946264724,1.4089980084496656,128.6226723571708,4.2423960276412425,238.25954799474204,13.390816726498343,-9.116,38.725,São João
2470,125.93808630393995,Private room,False,True,2.0,False,0,1,9.0,85.0,1,1.1648349768244666,0.3037763813934918,200.8931508369927,6.626112562212493,483.4314968763405,27.17012866418555,-9.132,38.721,Anjos
949,135.08442776735458,Private room,False,True,2.0,True,0,1,10.0,92.0,1,0.4910472453671543,0.4375078882070579,340.3711226178616,11.226551836118052,1365.6170278593304,76.75128863693318,-9.145,38.711,
2128,311.21013133208254,Entire home/apt,False,False,6.0,False,0,1,9.0,83.0,2,2.2348899153208177,1.0216317012534832,115.21168969832188,3.800057997214725,305.2524533373257,17.155995184060043,-9.1652,38.71444,Lapa
48,211.53846153846152,Entire home/apt,False,False,4.0,False,1,0,9.0,89.0,1,5.335212525382734,4.221144737284829,113.04334545832457,3.728538918799227,151.88519387059924,8.536349588956444,-9.20016,38.70448,
1352,273.92120075046904,Entire home/apt,False,False,2.0,False,0,1,10.0,100.0,1,1.3781723122848475,0.4700254384079225,161.108749037116,5.313892989529431,532.3777243738945,29.92103609849204,-9.14523,38.72399,Coração de Jesus
2772,92.4015009380863,Private room,False,True,2.0,False,0,1,8.0,83.0,1,2.1516283313466538,0.0432400513229698,124.06480757331784,4.092062753583237,368.3124200214716,20.70013208750588,-9.15045,38.72981,São Sebastião da Pedreira
2865,262.6641651031895,Entire home/apt,False,False,4.0,False,0,1,9.0,92.0,2,1.1386740319161803,0.7238026943219088,178.02128616802815,5.87172372828345,597.5321326948892,33.58288616113521,-9.152,38.709,São Bento
2851,135.08442776735458,Private room,False,True,2.0,True,1,0,10.0,98.0,1,2.486716413494466,1.408994625115365,128.62376133724115,4.242431945762363,238.259286488382,13.3908020291493,-9.116,38.725,São João
1548,158.53658536585365,Private room,False,True,2.0,False,0,1,9.0,85.0,1,0.939199388402035,0.6514211071131711,208.50718640392552,6.877248335179302,662.5057507570446,37.23457533309244,-9.15,38.71,Santa Catarina
1117,196.5290806754221,Entire home/apt,False,False,4.0,False,0,1,9.0,89.0,1,2.555507513396552,0.6033689766188529,104.63817118490364,3.4513088061315726,257.8341679059232,14.490962134846374,-9.12756,38.73337,
512,165.3377110694184,Private room,False,True,2.0,False,0,1,9.0,90.0,1,0.8509688353704792,0.5894464810672335,409.6992889060037,13.513221300174392,806.4637441749355,45.325395291400994,-9.13,38.711,São Miguel
558,220.68480300187616,Entire home/apt,False,False,2.0,False,0,1,9.0,86.0,1,0.5581957335622852,0.4582236744018155,613.0670891799733,20.220955887095577,1050.1604374040735,59.02179395978551,-9.146,38.713,
1083,334.4277673545966,Entire home/apt,False,False,4.0,True,0,1,10.0,96.0,2,0.1380394457915744,0.1952208059100561,526.0583629936095,17.35112378379318,1304.8843597538198,73.3379520686539,-9.141,38.713,Sacramento
2731,117.96435272045028,Private room,False,True,2.0,False,0,1,3.0,40.0,1,1.9625379060956605,0.5231077632082264,124.62914735749976,4.110676523727936,364.8802162722039,20.507233159587745,-9.14109,38.73002,Saldanha
549,146.81050656660412,Private room,False,True,2.0,True,0,1,10.0,96.0,1,0.491046492014916,0.4375152621136856,340.37502320977194,11.226680490385004,1365.538639877812,76.74688302505777,-9.145,38.711,
1721,107.4108818011257,Private room,False,True,2.0,False,0,1,9.0,83.0,1,1.4954480681639055,0.4308040937736025,157.53995189620218,5.19618239825803,392.9493944535984,22.084795208428595,-9.13085,38.72396,Anjos
689,256.8011257035647,Entire home/apt,False,False,4.0,False,0,1,10.0,93.0,2,3.72472145120808,0.4474083826770461,92.22579641831597,3.0419081270884565,210.75214483650944,11.844827919695424,-9.162,38.741,
2308,312.3827392120075,Entire home/apt,False,False,4.0,False,0,1,10.0,100.0,1,1.678313362214157,0.263557675337889,140.54197705688952,4.635533644700816,460.2344569110307,25.866393668517816,-9.148,38.726,Coração de Jesus
1063,112.10131332082553,Private room,False,True,2.0,False,0,1,9.0,88.0,1,2.5431154736606887,0.1720332036770012,104.85274130223452,3.4583860297402325,293.5781643240851,16.49986926631958,-9.135,38.735,
1500,238.03939962476545,Entire home/apt,False,False,3.0,False,0,1,9.0,93.0,1,0.9392116834523498,0.6514377587007847,208.5050032211925,6.8771763266789,662.5004257400532,37.23427605305436,-9.15,38.71,Santa Catarina
1705,158.53658536585365,Private room,False,True,2.0,False,0,1,10.0,80.0,1,2.1303112429525,0.2630918920627944,117.65443904671396,3.880627852763711,370.4713737738264,20.82147099821096,-9.13442,38.73113,Anjos
798,697.701688555347,Entire home/apt,False,False,5.0,False,0,1,10.0,100.0,1,0.2988356000288543,0.1844873551678625,526.0668545645121,17.351403863548995,1144.4261511069944,64.31977637607143,-9.138,38.71,
1473,366.5572232645403,Entire home/apt,False,False,4.0,True,1,0,10.0,96.0,1,1.1386257678782852,0.6557924104639345,181.02572068765312,5.970819796167741,600.6324226126308,33.75713065390325,-9.15237,38.71475,Mercês
2721,206.14446529080675,Entire home/apt,False,False,3.0,False,0,1,9.0,84.0,1,6.660394739883814,5.704963607624203,200.0448340710689,6.598132303273826,148.88883216206278,8.367946136406477,-9.21269,38.69434,
1414,404.7842401500938,Entire home/apt,False,False,4.0,False,0,1,10.0,95.0,1,0.4751526002714176,0.3127743516475439,332.23017086315565,10.958036645503151,993.0060653690638,55.80956709425057,-9.143,38.709,Encarnação
788,780.9568480300187,Entire home/apt,False,False,4.0,False,1,0,10.0,100.0,1,0.4207232375360125,0.2526653087461752,484.74220943353646,15.988382032837038,1140.3256180461246,64.08931557329903,-9.144,38.714,
2446,291.51031894934334,Entire home/apt,False,False,5.0,False,0,1,9.0,93.0,2,0.7720668843846248,0.2357766084345177,290.425173206979,9.57917121888828,624.8343013833095,35.11734024794748,-9.133,38.717,Socorro
348,175.89118198874294,Entire home/apt,False,False,3.0,False,1,0,10.0,95.0,1,4.7016440052532165,3.621274311852309,99.06214866315425,3.267393362899149,154.91877102918264,8.7068446482234,-9.19291,38.70513,
561,320.35647279549715,Entire home/apt,False,False,3.0,False,0,1,9.0,95.0,0,0.3585293487299308,0.3397804689405986,408.4451362678332,13.471855248041248,1597.3791420502237,89.7769323997784,-9.14365,38.71165,
1092,349.437148217636,Entire home/apt,False,False,2.0,False,1,0,10.0,98.0,1,0.6732207007449426,0.2342691740439401,258.7329830600925,8.533859229000159,846.3038289203652,47.56451341986308,-9.145,38.708,São Paulo
1960,358.58348968105065,Entire home/apt,False,False,4.0,False,0,0,10.0,100.0,2,2.2922311154591872,0.4330182228350367,113.54067883462017,3.744942598658645,337.599133910323,18.97396418009436,-9.141,38.733,Saldanha
990,166.51031894934334,Private room,False,True,3.0,False,0,1,10.0,97.0,1,0.9005031499343958,0.57282899601647,212.43940064554883,7.006945609950371,844.1720456361257,47.44470156132429,-9.14368,38.719840000000005,São José
661,248.82739212007505,Entire home/apt,False,False,2.0,False,0,1,10.0,80.0,1,1.910313841795324,0.3300441912865274,127.04513460670124,4.190363677796562,363.1591374430356,20.410503977621204,-9.15959,38.71957,Amoreiras
923,203.33020637898684,Entire home/apt,False,False,2.0,False,0,1,9.0,88.0,1,0.4751528770799645,0.3127745665935507,332.2299360338121,10.958028900064065,993.0057097712044,55.80954710871042,-9.143,38.709,Encarnação
2392,227.72045028142588,Entire home/apt,False,False,2.0,False,1,0,9.0,91.0,0,1.300642859274489,0.98860984852305,162.05500808060748,5.345103704822924,532.9698202107716,29.95431345045074,-9.1544,38.71051,Santos-o-Velho
881,347.0919324577861,Entire home/apt,False,False,6.0,False,0,1,9.0,90.0,2,0.4687001161119957,0.4575968978794367,375.2388383258163,12.37660303550214,1598.6960233035784,89.85094460899582,-9.145,38.712,
2617,123.82739212007505,Private room,False,True,2.0,False,0,1,8.0,84.0,1,1.16484973473054,0.3037698856594262,200.88976535070807,6.626000897812255,483.4269327422596,27.169872147779355,-9.132,38.721,Anjos
1764,303.47091932457784,Entire home/apt,False,False,4.0,True,0,1,10.0,95.0,1,1.0081316067700732,0.7704667524763819,197.6180219035489,6.518088108027061,624.99005890972,35.12609423286641,-9.15103,38.71071,São Bento
2512,250.93808630394,Entire home/apt,False,False,2.0,True,0,0,10.0,99.0,0,1.105676115865622,0.6861303568877694,181.933625454806,6.000765462099404,588.6290240095608,33.08250790681249,-9.15156,38.70892,São Bento
1021,146.81050656660412,Entire home/apt,False,False,2.0,False,0,0,10.0,97.0,1,6.72330446823855,0.1855728430109142,56.9991744811861,1.88001902748783,111.4393609362475,6.2631868102441,-9.19103,38.75765,
2752,335.60037523452155,Entire home/apt,False,False,4.0,False,0,0,9.0,93.0,2,2.3804036374724333,1.3639524750619505,122.37209484246688,4.036231556534566,248.21694822370853,13.950448953876808,-9.11759,38.7251,São João
2332,286.8198874296436,Entire home/apt,False,False,2.0,False,0,1,10.0,90.0,1,1.2448312133520412,0.535874139927385,170.00313372073916,5.60725886009177,546.4275125476025,30.71067135157495,-9.15335,38.71558,Mercês
2678,187.61726078799248,Entire home/apt,False,False,3.0,True,0,1,9.0,94.0,1,0.6338293623179324,0.1724207508014567,333.63799949208703,11.00447143397025,709.7964272601716,39.89243642304746,-9.134,38.716,Socorro
2589,94.9812382739212,Private room,False,True,2.0,False,1,0,8.0,89.0,1,1.6207254623051497,0.4974858631933363,166.3350771758903,5.486274369334043,364.8000251863249,20.502726208478578,-9.12246,38.71806,Santa Engrácia
1423,448.874296435272,Entire home/apt,False,False,4.0,False,0,1,10.0,97.0,2,0.475141366085266,0.3127669907767393,332.24094889935,10.958392140355642,993.0226219559172,55.81049761821922,-9.143,38.709,Encarnação
1619,216.46341463414632,Entire home/apt,False,False,4.0,False,0,1,10.0,90.0,1,0.939205040556766,0.65142756224537,208.5061594000503,6.877214461235613,662.5030301266635,37.23442242646973,-9.15,38.71,Santa Catarina
2250,269.6998123827392,Entire home/apt,False,False,4.0,True,0,0,10.0,93.0,1,1.6337599076377645,1.0800090657708747,139.33938226131986,4.595868138689408,430.57059348250993,24.199206091296503,-9.15707,38.70689,Santos-o-Velho
52,162.05440900562851,Private room,False,True,2.0,False,0,1,9.0,91.0,1,0.6871825314163563,0.3259958000964417,411.9371088164498,13.587031913223152,927.6313878383116,52.1353373194692,-9.133,38.709,Sé
363,257.97373358348966,Entire home/apt,False,False,4.0,False,0,0,10.0,87.0,1,0.4693622271223507,0.2741658174796488,443.2007678024858,14.61820954513849,821.7679013743442,46.185529401179984,-9.1349,38.71441,São Cristóvão e São Lourenço
1139,250.93808630394,Entire home/apt,False,False,2.0,False,1,0,9.0,91.0,1,1.3294605043096897,0.4023331998059619,171.730225283157,5.664223983343353,598.3029617138202,33.62620879062411,-9.14641,38.72311,Coração de Jesus
1169,278.61163227016885,Entire home/apt,False,False,4.0,False,0,1,7.0,67.0,2,0.8438097417343486,0.5962596074761745,229.6589436762299,7.574902406465228,811.3096642092105,45.59774881341672,-9.14811,38.71607,Mercês
476,245.3095684803002,Entire home/apt,False,False,4.0,False,0,1,8.0,86.0,2,0.991153324978812,0.4036294519093478,387.7614344438932,12.789639174881682,709.4817079532381,39.87474836565414,-9.12823,38.71241,Alfama
1544,158.53658536585365,Private room,False,True,2.0,False,0,1,8.0,78.0,1,0.7434395216240743,0.6402585408528376,263.6817159520313,8.697084610481266,825.1846612307511,46.3775603414746,-9.148,38.711,
2223,326.2195121951219,Entire home/apt,False,False,6.0,False,0,1,10.0,80.0,2,1.5450426258875445,1.0826648752942103,144.65220023205666,4.771102235770257,470.6380997101795,26.451105908526056,-9.1567,38.7085,Madragoa
1236,334.4277673545966,Entire home/apt,False,False,4.0,False,0,1,9.0,92.0,1,0.4751476657245705,0.3127599839842176,332.22472175411383,10.957856916081196,992.9959908314444,55.809000878592045,-9.143,38.709,Encarnação
1813,126.17260787992494,Private room,False,True,2.0,False,1,0,10.0,100.0,1,1.9027457937439345,0.2948229974100777,127.3086069007486,4.19905385498831,349.4590552294364,19.64052312436988,-9.13419,38.72898,Anjos
1350,79.73733583489681,Shared room,True,False,2.0,False,0,1,10.0,80.0,1,2.6333300371292943,0.1119411498207011,102.47651571099432,3.3800103450781736,287.82630868328283,16.176599767273274,-9.13381,38.73566,
1418,234.7560975609756,Entire home/apt,False,False,3.0,False,1,0,9.0,91.0,1,0.7301455108443222,0.4510303483484279,246.03921817444072,8.115177384347138,884.5932418538648,49.71647969140584,-9.14625,38.71642,São José
591,227.72045028142588,Entire home/apt,False,False,3.0,False,0,1,10.0,93.0,1,0.5006428688517204,0.3329741515907581,363.0233957188073,11.973697822586423,1108.1226602841837,62.27942417935232,-9.145,38.714,
1224,106.23827392120074,Private room,False,True,2.0,True,0,1,10.0,100.0,1,2.1710063096334724,0.3523900789454187,116.49446727654872,3.8423681934070792,309.00634053829816,17.366973572725833,-9.132,38.731,
1950,153.84615384615384,Private room,False,True,2.0,False,0,1,9.0,88.0,1,2.455674678833092,0.1074249825028385,111.7235248836396,3.6850069235403033,358.3316415831531,20.139185942933075,-9.14471,38.73414,São Sebastião da Pedreira
792,218.57410881801124,Entire home/apt,False,False,3.0,False,0,1,10.0,99.0,1,2.6697423613441407,1.051740825376101,105.86155007106709,3.4916598393658043,269.9971196587901,15.17455219092873,-9.16406,38.72695,
1768,275.3283302063789,Entire home/apt,False,False,4.0,True,1,0,10.0,93.0,1,1.0861676445055268,0.8538719526583347,186.10764049698648,6.138438117392158,589.6238807382642,33.13842148608061,-9.152,38.711,São Bento
52,162.05440900562851,Private room,False,True,2.0,False,0,1,9.0,91.0,1,0.6871825314163563,0.3259958000964417,411.9371088164498,13.587031913223152,927.6313878383116,52.1353373194692,-9.133,38.709,Sé
2705,332.0825515947467,Entire home/apt,False,False,5.0,False,1,0,9.0,91.0,2,1.1913947282852189,0.6451485613933742,208.66928769997887,6.882594965612719,467.1350466142448,26.254225059948727,-9.12881,38.71896,São Vicente de Fora
610,159.7091932457786,Private room,False,True,2.0,False,1,0,9.0,84.0,1,0.4972112059478314,0.308249348166901,354.5720520082453,11.6949448910165,1106.051352112807,62.16301118209601,-9.14481,38.71427,
1159,378.28330206378985,Entire home/apt,False,False,4.0,False,0,1,10.0,86.0,2,1.351108258336989,0.3189291847037023,168.30948139772588,5.551396672223332,564.8579285772166,31.74650947568289,-9.14882,38.722190000000005,Coração de Jesus
770,193.01125703564728,Private room,False,True,2.0,True,0,1,10.0,95.0,1,0.1475890105768296,0.2178466941655929,512.2970279974064,16.897229988453468,1285.5087348641568,72.24899070680081,-9.138,38.712,
1712,291.51031894934334,Entire home/apt,False,False,4.0,False,0,0,10.0,90.0,1,1.1948022385715322,0.7984327731075054,171.92950169552608,5.670796770587966,630.6246895424566,35.44277537643239,-9.15279,38.70927,São Bento
948,372.4202626641651,Entire home/apt,False,False,2.0,True,0,1,10.0,96.0,1,0.268080364040859,0.2436592789508296,527.7796830555859,17.407898544100988,1408.8103146988972,79.178865591358,-9.1426,38.71302,Encarnação
2329,243.90243902439025,Entire home/apt,False,False,4.0,False,0,0,10.0,96.0,2,1.3876779863856323,0.9602222273569698,155.00592833591492,5.1126020209489695,520.0389116355389,29.22756218992259,-9.155,38.709,Madragoa
607,168.62101313320824,Private room,False,True,2.0,True,0,1,10.0,96.0,1,0.4092754518526329,0.3512574435438638,367.9924801245081,12.137594463492936,1480.0124745268208,83.18061528328477,-9.144,38.711,
987,329.7373358348968,Entire home/apt,False,False,4.0,False,0,1,10.0,93.0,2,1.3606677013049824,0.3947448895076449,166.55318850458423,5.49346839366488,578.1438281307347,32.49321216804154,-9.14631,38.72346,Coração de Jesus
520,158.53658536585365,Entire home/apt,False,False,2.0,False,0,1,8.0,86.0,1,0.850966151014009,0.5894563477576409,409.69354035719,13.513031694250294,806.4626225584502,45.32533225358816,-9.13,38.711,São Miguel
1183,103.89305816135084,Private room,False,True,2.0,False,0,1,10.0,100.0,1,2.278320403789514,0.2916917299827758,112.66130855776106,3.715938093457468,299.6719728602878,16.84235742245619,-9.13178,38.73196,
2557,308.86491557223263,Entire home/apt,False,False,4.0,False,0,0,10.0,98.0,2,0.9227812325927356,0.3332720315860156,285.1475398518796,9.405097625402002,587.4033988303802,33.0136245303102,-9.1327,38.71867,Anjos
973,155.95684803001876,Shared room,True,False,2.0,False,0,1,10.0,96.0,1,0.1380528190623218,0.1952286230655326,526.0191339597326,17.349829882069344,1304.8797188791525,73.33769123922377,-9.141,38.713,Sacramento
242,123.82739212007505,Private room,False,True,2.0,False,0,1,10.0,92.0,1,4.059999674633231,3.1477846716379365,97.28194056819508,3.2086762828383533,179.22195956950634,10.0727481192574,-9.18474,38.70292,Santo Amaro
1756,239.2120075046904,Entire home/apt,False,False,6.0,False,1,0,8.0,85.0,2,0.743443182971934,0.6402307841307245,263.6777708027289,8.696954486565922,825.1722082054421,46.37686044851751,-9.148,38.711,
1891,130.62851782363975,Private room,False,True,2.0,True,0,1,10.0,97.0,1,2.2897790190359126,0.3950244344231062,112.81609235551608,3.721043368886015,328.7752189694672,18.478036823656083,-9.139,38.733,Saldanha
521,242.7298311444653,Entire home/apt,False,False,5.0,False,0,1,9.0,86.0,1,0.8509686547431655,0.5894553463637824,409.6928458097016,13.513008785804592,806.4625384841437,45.32532752838978,-9.13,38.711,São Miguel
89,208.25515947467167,Private room,False,True,2.0,True,0,1,10.0,100.0,1,4.814740478746695,3.892979948132439,105.62477706703145,3.4838502920024585,154.99228540156594,8.71097635037609,-9.19277,38.70017,Junqueira
1507,250.93808630394,Entire home/apt,False,False,4.0,False,0,1,8.0,90.0,1,0.9392077524878988,0.6514318265517329,208.50568937257503,6.877198958193596,662.5019898858966,37.23436396218748,-9.15,38.71,Santa Catarina
2365,292.6829268292683,Entire home/apt,False,False,4.0,False,0,1,10.0,90.0,1,1.7960158313084702,0.3843870512640963,133.09468049791357,4.389897469060398,407.03016650122095,22.876171837169096,-9.145,38.728,Bairro Camões
1428,220.68480300187616,Entire home/apt,False,False,3.0,False,0,1,9.0,86.0,1,0.4910492174380685,0.4375137207995825,340.3725492735416,11.226598891884183,1365.5645886721975,76.74834141592946,-9.145,38.711,
1891,130.62851782363975,Private room,False,True,2.0,True,0,1,10.0,97.0,1,2.2897790190359126,0.3950244344231062,112.81609235551608,3.721043368886015,328.7752189694672,18.478036823656083,-9.139,38.733,Saldanha
93,222.0919324577861,Entire home/apt,False,False,2.0,False,1,0,9.0,90.0,0,0.9451263135508552,0.4788114308696262,493.59522604766016,16.280383449291094,832.2963433334487,46.77725568403625,-9.12883,38.7114,Alfama
1090,146.81050656660412,Private room,False,True,2.0,False,0,1,10.0,80.0,1,2.2441347624757726,0.1727321337352367,113.65843487325029,3.7488265775976615,321.476050562406,18.06780425494089,-9.13588,38.73238,
451,250.93808630394,Entire home/apt,False,False,2.0,True,1,0,10.0,100.0,1,3.51264285926626,0.40481150136235,85.85764087740237,2.831865548474071,220.7310206028033,12.405667129068416,-9.138,38.744,
2456,291.51031894934334,Entire home/apt,False,False,4.0,False,0,1,10.0,91.0,2,0.7720705350012415,0.2357705945424221,290.42205319924267,9.579068310838055,624.8325128545595,35.11723972790158,-9.133,38.717,Socorro
2387,188.32082551594743,Entire home/apt,False,False,3.0,False,0,1,9.0,74.0,1,1.3475444653780957,0.8405693387311678,158.04330428621253,5.212784604857764,525.3290806704562,29.52488368068752,-9.15403,38.70788,Santos-o-Velho
1799,158.53658536585365,Private room,False,True,2.0,False,0,1,6.0,40.0,1,0.8355381491032756,0.5644896051442728,232.1639493659262,7.657525679582084,746.5902412010372,41.96034607576738,-9.14869,38.70986,Santa Catarina
1227,204.7373358348968,Private room,False,True,2.0,False,0,1,10.0,100.0,1,2.514592561259622,0.3092280668211731,105.40926460615262,3.4767419868243428,283.4025116253132,15.927970672921928,-9.131,38.734,
1820,221.85741088180112,Entire home/apt,False,False,4.0,True,0,1,10.0,96.0,1,1.1386685554683096,0.7237923961195085,178.021898030032,5.871743909491685,597.5213295847834,33.582278997776086,-9.152,38.709,São Bento
1018,887.4296435272045,Private room,False,True,6.0,False,1,0,10.0,100.0,2,0.4621362536921978,0.3531907404920711,341.2744085763314,11.256345158646718,1115.91577151235,62.717417640952846,-9.144,38.71,Encarnação
98,314.4934333958724,Entire home/apt,False,False,6.0,False,0,1,9.0,91.0,2,1.0271481995816034,0.4049586769647573,308.7224542189266,10.182675335691016,673.5489982128371,37.85523504637768,-9.128,38.714,São Vicente de Fora
2697,274.390243902439,Entire home/apt,False,False,2.0,False,1,0,9.0,96.0,1,0.934534659251958,0.3386768346610672,353.81769147305084,11.67006361558295,574.6236962896656,32.2953714488192,-9.133,38.719,Anjos
560,337.7110694183865,Entire home/apt,False,False,2.0,False,0,1,10.0,97.0,1,0.3821495964451815,0.3829245751724242,395.9872758410671,13.060954303294434,1613.6288684376682,90.69020999868836,-9.144,38.712,
446,233.81801125703564,Entire home/apt,False,False,4.0,False,0,1,10.0,80.0,1,0.8509635933435531,0.589459092948969,409.6929781516327,13.513013150873926,806.462471236333,45.32532374888497,-9.13,38.711,São Miguel
2437,447.7016885553471,Entire home/apt,False,False,5.0,False,0,0,9.0,93.0,2,0.6569273543441064,0.1983219325958009,331.38340238745224,10.93010745423522,689.9710730063081,38.77819908151918,-9.13366,38.716,Socorro
2257,253.98686679174483,Entire home/apt,False,False,4.0,True,0,1,10.0,100.0,1,0.984454319690352,0.1984478807173463,203.02933841871177,6.696571008961412,589.7781598086814,33.14709237786261,-9.137,38.721,Anjos
227,216.46341463414632,Entire home/apt,False,False,4.0,False,0,1,10.0,93.0,1,0.8509633644828937,0.5894522405529783,409.6981694696953,13.513184377507018,806.4634349877128,45.32537791426137,-9.13,38.711,São Miguel
770,193.01125703564728,Private room,False,True,2.0,True,0,1,10.0,95.0,1,0.1475890105768296,0.2178466941655929,512.2970279974064,16.897229988453468,1285.5087348641568,72.24899070680081,-9.138,38.712,
422,175.89118198874294,Private room,False,True,2.0,False,0,1,10.0,90.0,1,0.4108846739240424,0.3531961298348247,459.4238018934624,15.1532982205839,1098.2688584652242,61.72561445660477,-9.136,38.71,
2547,256.8011257035647,Entire home/apt,False,False,4.0,True,1,0,10.0,98.0,1,1.027154728117024,0.404952757864899,308.7203343000589,10.182605413839614,673.528899696419,37.85410545660008,-9.128,38.714,São Vicente de Fora
247,129.4559099437148,Private room,False,True,2.0,False,0,1,10.0,89.0,1,4.026618370726414,3.118081257831634,97.53942580641504,3.2171689873653384,181.12084584542856,10.179470549981977,-9.18436,38.70297,Santo Amaro
598,220.68480300187616,Entire home/apt,False,False,3.0,True,0,1,10.0,93.0,1,0.420761183626158,0.2526824841613987,484.5192019943895,15.981026518784702,1140.2415749270028,64.08459212773408,-9.144,38.714,
114,167.6829268292683,Private room,False,True,2.0,False,0,1,10.0,97.0,1,0.3686597892781273,0.3151608718065531,530.1843021830412,17.487210740367427,983.1814901496368,55.25739998369284,-9.13549,38.71309,São Cristóvão e São Lourenço
764,239.44652908067545,Entire home/apt,False,False,3.0,True,1,0,10.0,95.0,1,0.4092714200425893,0.3512597981734078,367.9954643251713,12.137692892182118,1480.0380096217646,83.18205042315373,-9.144,38.711,
2151,185.0375234521576,Entire home/apt,False,False,2.0,False,0,0,9.0,87.0,1,1.6124909042580835,0.7470915778904197,141.51488071932636,4.667623186592296,412.719288896774,23.19591556192068,-9.15812,38.71351,Lapa
227,216.46341463414632,Entire home/apt,False,False,4.0,False,0,1,10.0,93.0,1,0.8509633644828937,0.5894522405529783,409.6981694696953,13.513184377507018,806.4634349877128,45.32537791426137,-9.13,38.711,São Miguel
2422,291.51031894934334,Entire home/apt,False,False,6.0,False,0,1,10.0,94.0,2,0.7720715621466252,0.2357729646960903,290.4222217628265,9.579073870615856,624.8320891937938,35.11721591704608,-9.133,38.717,Socorro
2076,352.7204502814259,Entire home/apt,False,False,6.0,False,0,1,10.0,92.0,3,0.2561188694205397,0.1807366815203791,440.0282141084926,14.513568357529664,1280.8633574010944,71.98790820766567,-9.142,38.711,Sacramento
1672,286.8198874296436,Entire home/apt,False,False,4.0,False,0,1,10.0,100.0,1,1.2512452722711147,0.5270255146386853,169.43071336710372,5.588378566362058,541.092930551788,30.410853734947864,-9.1534,38.71565,Mercês
1160,271.8105065666041,Entire home/apt,False,False,2.0,False,0,1,8.0,90.0,1,0.3547765938457197,0.0634780130491234,467.1908317698683,15.409480245808304,1046.001564604616,58.78805430941234,-9.14211,38.71491,Santa Justa
67,177.0637898686679,Entire home/apt,False,False,3.0,False,1,0,10.0,92.0,1,0.6670293644872357,0.5303704225621543,537.0256544299555,17.712860892584825,775.7311561690847,43.598142566459146,-9.132,38.713,Santiago
764,239.44652908067545,Entire home/apt,False,False,3.0,True,1,0,10.0,95.0,1,0.4092714200425893,0.3512597981734078,367.9954643251713,12.137692892182118,1480.0380096217646,83.18205042315373,-9.144,38.711,
694,384.1463414634146,Entire home/apt,False,False,3.0,False,0,0,10.0,100.0,2,0.4720551717995944,0.3844648407586892,400.55141133907057,13.211494405995596,1263.480497345567,71.010945499791,-9.145,38.713,
1986,137.66416510318948,Private room,False,True,3.0,False,0,1,10.0,92.0,1,1.1648405383099278,0.3037686512110586,200.89157050052023,6.626060437551651,483.4302395018847,27.17005799641573,-9.132,38.721,Anjos
446,233.81801125703564,Entire home/apt,False,False,4.0,False,0,1,10.0,80.0,1,0.8509635933435531,0.589459092948969,409.6929781516327,13.513013150873926,806.462471236333,45.32532374888497,-9.13,38.711,São Miguel
764,239.44652908067545,Entire home/apt,False,False,3.0,True,1,0,10.0,95.0,1,0.4092714200425893,0.3512597981734078,367.9954643251713,12.137692892182118,1480.0380096217646,83.18205042315373,-9.144,38.711,
2534,233.81801125703564,Entire home/apt,False,False,2.0,False,1,0,10.0,90.0,0,0.9551397747364492,0.3591156018547192,847.2331647240285,27.94451823027104,565.7599202963098,31.797203795809203,-9.13286,38.71915,São Vicente de Fora
876,283.5365853658536,Entire home/apt,False,False,4.0,False,0,1,10.0,100.0,1,0.2597165321746405,0.1853725538927945,469.0188135396736,15.469773057772962,1177.072522456373,66.15458878633581,-9.13787,38.71048,
1041,335.3658536585366,Entire home/apt,False,False,4.0,False,0,1,10.0,94.0,2,0.2561427784462926,0.1807469639972599,440.0232641130567,14.513405090505357,1280.8651072180155,71.98800655200442,-9.142,38.711,Sacramento
3,326.2195121951219,Entire home/apt,False,False,6.0,False,1,0,9.0,93.0,2,0.6670181902328348,0.5303623897452336,537.0491951234936,17.71363734158036,775.7347646713932,43.59834537383236,-9.132,38.713,Santiago
1340,204.7373358348968,Private room,False,True,3.0,True,1,0,10.0,100.0,1,2.3461467032149206,0.0875926377768443,110.4099286104567,3.641680226083726,309.4989547227375,17.39465979271667,-9.13546,38.73326,
138,120.3095684803002,Private room,False,True,2.0,False,0,1,9.0,90.0,1,4.742773464745914,3.912622251119589,103.95548572053914,3.428791608742718,157.80435997367158,8.86902237847123,-9.191,38.698,Junqueira
2163,364.4465290806754,Entire home/apt,False,False,5.0,True,0,1,10.0,95.0,3,0.1380629458646655,0.1952187204575845,525.9272860955157,17.346800439381205,1304.8179102699764,73.33421743192179,-9.141,38.713,Sacramento
1178,108.58348968105064,Private room,False,True,2.0,False,1,0,8.0,90.0,1,3.7824181517870654,1.679771127629209,81.9225507884498,2.702073418860834,168.8397413751306,9.489239998699436,-9.106,38.734,
2570,155.95684803001876,Private room,False,True,2.0,False,0,1,10.0,96.0,1,0.138063523649218,0.1952342729815869,525.9853504804599,17.348715592530496,1304.87375892543,73.33735627406219,-9.141,38.713,Sacramento
1409,213.88367729831143,Private room,False,True,2.0,True,1,0,10.0,99.0,1,2.366068925615615,0.5061898499381531,110.2099583158243,3.6350845523347073,282.7277582907099,15.890047750985278,-9.129,38.732,
5,274.155722326454,Entire home/apt,False,False,4.0,True,1,0,10.0,95.0,1,0.8980301374778125,0.5437058262146256,335.06425127571595,11.051513878279613,679.590284828038,38.19477133164834,-9.12958,38.71424,São Vicente de Fora
1490,125.93808630393995,Private room,False,True,2.0,False,0,1,10.0,90.0,1,1.164833428018777,0.3037774727640594,200.8935297633711,6.626125060442649,483.431940003385,27.1701535690974,-9.132,38.721,Anjos
1213,85.36585365853658,Private room,False,True,2.0,False,0,1,9.0,83.0,1,6.340289092742195,0.4388867312715026,81.73206672818404,2.695790632118879,114.78142754038004,6.45101979221835,-9.10865,38.7641,
2045,208.02063789868663,Entire home/apt,False,False,2.0,False,0,1,9.0,92.0,0,2.43429070411382,1.8524069742570053,110.53617048095154,3.64584409548633,336.0068155245235,18.88447167558014,-9.166,38.705,Santos-o-Velho
2613,297.60787992495307,Entire home/apt,False,False,4.0,False,0,1,9.0,89.0,1,1.1244934816509624,0.7213210649076904,179.7422913224233,5.9284881019102205,591.6372171252923,33.251576315737545,-9.15188,38.70912,São Bento
767,158.53658536585365,Private room,False,True,2.0,False,0,1,9.0,84.0,1,0.2079101302337808,0.1807544740657647,456.78350630495765,15.066212644524906,1234.2912704629523,69.3704337517292,-9.138,38.711,
1744,233.58348968105065,Entire home/apt,False,False,4.0,False,0,1,9.0,90.0,1,0.8246844947213963,0.5921066895515666,235.3645327510659,7.763091377996016,747.0579133451083,41.98663048712488,-9.14869,38.71017,Santa Catarina
21,95.91932457786116,Private room,False,True,2.0,False,1,0,10.0,93.0,1,7.106932063275575,0.5441148905118712,56.84389173977964,1.8748972952672875,99.5172164863874,5.593130761458013,-9.12154,38.77483,Bairro da Encarnação
2458,137.66416510318948,Private room,False,True,2.0,False,0,1,10.0,92.0,1,0.232327573892837,0.2648212816614355,497.1905097931737,16.39896765533103,1146.444226872232,64.43319757131805,-9.137,38.712,São Cristóvão e São Lourenço
2903,337.0075046904315,Entire home/apt,False,False,4.0,True,0,1,10.0,96.0,2,0.7935618313717678,0.1989302803591024,270.78771481468925,8.93146367285722,621.1409542166671,34.909764369322325,-9.134,38.718,São Vicente de Fora
2467,163.93058161350842,Entire home/apt,False,False,3.0,False,0,1,9.0,89.0,0,1.389827727200737,0.1703159813951816,221.92393505744445,7.319776546951265,459.8168520559752,25.842923171216835,-9.124,38.715,São Vicente de Fora
1184,94.9812382739212,Private room,False,True,2.0,False,0,1,6.0,71.0,1,2.384869418050798,0.9986802116330636,111.7298226171682,3.685214643370837,259.0441601135352,14.558966897001724,-9.12392,38.72999,São João
2063,304.8780487804878,Entire home/apt,False,False,3.0,True,1,0,10.0,97.0,1,1.6909467464508092,1.0359622903354615,136.3946990369778,4.4987428637696,410.0075072302842,23.04350626036755,-9.159,38.711,Lapa
1618,216.46341463414632,Entire home/apt,False,False,4.0,False,0,1,10.0,93.0,1,0.9392226827519984,0.6514408604021534,208.50282048725109,6.877104332981111,662.4929839015073,37.23385780204652,-9.15,38.71,Santa Catarina
1618,216.46341463414632,Entire home/apt,False,False,4.0,False,0,1,10.0,93.0,1,0.9392226827519984,0.6514408604021534,208.50282048725109,6.877104332981111,662.4929839015073,37.23385780204652,-9.15,38.71,Santa Catarina
2413,378.28330206378985,Entire home/apt,False,False,5.0,False,0,1,9.0,85.0,3,1.0919412874482772,0.8477339910954843,186.8741894788983,6.163721407625973,595.409527502001,33.4635901356038,-9.15217,38.71292,Mercês
97,175.65666041275796,Entire home/apt,False,False,3.0,False,0,0,10.0,95.0,1,3.3505405597719,2.4813430972535144,104.81584139003007,3.457168950059896,224.5151763056447,12.618346687590876,-9.177,38.705,Quinta do Cabrinha
2456,291.51031894934334,Entire home/apt,False,False,4.0,False,0,1,10.0,91.0,2,0.7720705350012415,0.2357705945424221,290.42205319924267,9.579068310838055,624.8325128545595,35.11723972790158,-9.133,38.717,Socorro
1768,275.3283302063789,Entire home/apt,False,False,4.0,True,1,0,10.0,93.0,1,1.0861676445055268,0.8538719526583347,186.10764049698648,6.138438117392158,589.6238807382642,33.13842148608061,-9.152,38.711,São Bento
1802,255.62851782363973,Entire home/apt,False,False,4.0,False,1,0,9.0,93.0,1,1.653265508644759,0.3919408496612475,144.57576548051367,4.768581167902694,362.2682536841714,20.360433954237177,-9.13064,38.7255,Anjos
148,224.20262664165105,Entire home/apt,False,False,4.0,False,0,1,9.0,90.0,1,0.5411040353450308,0.34966155856984,471.9167007274023,15.565354846492404,1013.4827674641876,56.96041190708871,-9.13439,38.70974,Sé
408,262.6641651031895,Entire home/apt,False,False,4.0,True,1,0,10.0,99.0,1,5.294464931019048,4.174585802652922,111.23674380006833,3.6689512927760832,152.73704740686372,8.584226010606455,-9.19975,38.70479,
2528,303.00187617260787,Entire home/apt,False,False,4.0,True,0,1,10.0,93.0,1,0.7720688170610323,0.2357646970075775,290.42127326029527,9.579042585903007,624.8331836468774,35.117277428203906,-9.133,38.717,Socorro
1078,123.82739212007505,Private room,False,True,2.0,False,0,1,8.0,73.0,1,1.4071978086203372,0.3028638936655202,165.76414933074307,5.467443303411261,533.0140795053958,29.95680093986196,-9.14746,38.72347,Coração de Jesus
2617,123.82739212007505,Private room,False,True,2.0,False,0,1,8.0,84.0,1,1.16484973473054,0.3037698856594262,200.88976535070807,6.626000897812255,483.4269327422596,27.169872147779355,-9.132,38.721,Anjos
1988,250.93808630394,Entire home/apt,False,False,2.0,False,0,1,10.0,94.0,0,0.2746337846143304,0.2654471935221492,459.9515146534528,15.170703911786628,1178.3758692095653,66.22784032084917,-9.137,38.711,São Cristóvão e São Lourenço
2567,146.81050656660412,Private room,False,True,3.0,False,0,1,9.0,84.0,1,0.7031373229930443,0.2509674380349595,327.3701592395012,10.797737581359716,664.8143550578262,37.36432500040255,-9.133,38.716,Socorro
639,528.6116322701688,Entire home/apt,False,False,5.0,True,0,1,10.0,98.0,2,0.1475633260283588,0.2178329712153378,512.3284549254823,16.898266551233473,1285.5856195486444,72.25331182940728,-9.138,38.712,
2012,158.53658536585365,Private room,False,True,2.0,False,0,1,10.0,100.0,1,0.2079118360908344,0.1807453673190311,456.7823408834229,15.066174205114509,1234.212511652983,69.36600729831413,-9.138,38.711,
2619,135.31894934333957,Private room,False,True,2.0,False,0,1,9.0,91.0,1,1.1648453599745354,0.3037900704817632,200.89182140629632,6.626068713244017,483.4266866470012,27.16985831657498,-9.132,38.721,Anjos
713,233.58348968105065,Private room,False,True,2.0,False,0,1,9.0,90.0,1,0.2958617739063039,0.3061397129608031,512.298374585959,16.897274403344106,1620.0670972168136,91.0520554833726,-9.143,38.712,
1507,250.93808630394,Entire home/apt,False,False,4.0,False,0,1,8.0,90.0,1,0.9392077524878988,0.6514318265517329,208.50568937257503,6.877198958193596,662.5019898858966,37.23436396218748,-9.15,38.71,Santa Catarina
2221,246.4821763602252,Entire home/apt,False,False,4.0,False,0,0,8.0,80.0,1,1.8308329848005969,0.2836018911937144,133.1483191349994,4.391666646583543,433.894449655481,24.38601559887804,-9.14832,38.7274,Saldanha
887,193.01125703564728,Private room,False,True,2.0,False,0,1,8.0,67.0,1,1.9043342669577628,0.3241976786162489,127.29911420957887,4.198740755014783,364.2495609363394,20.47178866180697,-9.15952,38.71956,Amoreiras
2864,234.05253283302065,Entire home/apt,False,False,2.0,False,1,0,10.0,99.0,1,2.31507768090447,1.7553197521756916,113.99184003725664,3.759823369356489,297.8398846088515,16.739389217369627,-9.16491,38.70582,Santos-o-Velho
1860,200.046904315197,Entire home/apt,False,False,4.0,False,0,1,10.0,93.0,1,1.2521031503598985,0.9080022436195928,166.39757586818592,5.488335780429527,542.6051722536355,30.495845718043768,-9.15371,38.71,Santos-o-Velho
1018,887.4296435272045,Private room,False,True,6.0,False,1,0,10.0,100.0,2,0.4621362536921978,0.3531907404920711,341.2744085763314,11.256345158646718,1115.91577151235,62.717417640952846,-9.144,38.71,Encarnação
2596,268.52720450281424,Entire home/apt,False,False,2.0,True,0,0,10.0,99.0,1,0.4269087493121254,0.2187722438732062,350.3109208589861,11.554398861847735,925.9055218991704,52.03833908926162,-9.138,38.716,Pena
853,210.36585365853657,Entire home/apt,False,False,3.0,False,0,0,10.0,98.0,1,2.0861901953766755,0.4559252452072205,121.05860662193656,3.992908423007549,339.75950184524794,19.0953825716,-9.16089,38.72109,Casal Ventoso
1755,153.84615384615384,Entire home/apt,False,False,2.0,False,0,0,9.0,100.0,1,5.5671879447078645,4.616038992447004,159.88490675564137,5.273526672003624,182.81431694246592,10.274648104388104,-9.20105,38.6982,
2522,146.81050656660412,Private room,False,True,2.0,False,0,0,9.0,100.0,1,1.1773048493656797,0.2248209530741476,193.91189183467847,6.395847828036322,487.6105458816852,27.40500227068992,-9.13273,38.7215,Anjos
2296,227.72045028142588,Entire home/apt,False,False,4.0,False,0,0,9.0,70.0,2,1.3477150122898258,0.3100057326756401,161.00896737025366,5.310601864105192,453.2831992093373,25.47571460156982,-9.13749,38.7244,Anjos
1087,320.35647279549715,Entire home/apt,False,False,3.0,True,0,1,10.0,90.0,1,0.4686678800960957,0.4575677372295562,375.2422794721231,12.376716535751786,1600.9617038814067,89.97828184955482,-9.145,38.712,
2424,291.51031894934334,Entire home/apt,False,False,3.0,False,0,1,9.0,95.0,2,0.7720736876492591,0.2357744781049423,290.4216970237286,9.579056563005746,624.831146119597,35.11716291378206,-9.133,38.717,Socorro
2762,100.60975609756098,Shared room,True,False,2.0,False,0,1,8.0,86.0,1,1.742669236306585,0.2316942732900873,137.5487450107608,4.536807070998142,436.3866038538333,24.52608125586924,-9.14884,38.72632,Coração de Jesus
384,231.2382739212008,Entire home/apt,False,False,5.0,False,0,1,9.0,88.0,2,3.1950962034310653,2.365322201322232,102.2712077020988,3.373238616070999,230.4873461628893,12.9539984282701,-9.17515,38.70499,Santo Amaro
546,252.34521575984988,Entire home/apt,False,False,5.0,False,0,1,9.0,85.0,2,0.4768087384737732,0.4206056967124625,342.33348463623054,11.291276947787358,1561.8993183043826,87.7828724711517,-9.14481,38.71096,
2434,240.6191369606004,Entire home/apt,False,False,4.0,False,0,1,10.0,97.0,1,0.6651661776406366,0.1746654730077831,266.9358119456518,8.804415329583131,689.39944552087,38.74607210504436,-9.137,38.718,Pena
1442,165.80675422138836,Private room,False,True,2.0,False,1,0,10.0,100.0,1,1.888672546756418,0.2885392431062243,127.74610263818133,4.213483893989837,355.1872300066764,19.96246169625479,-9.135,38.729,Anjos
970,170.02814258911818,Entire home/apt,False,False,6.0,False,0,1,9.0,95.0,1,2.684603588018425,0.1069788896244547,101.22778208041308,3.338823029522725,282.32970137679774,15.867675899675332,-9.133,38.736,
1543,158.53658536585365,Private room,False,True,2.0,False,0,1,9.0,76.0,1,0.9392004097609612,0.6514257646188877,208.50706880742948,6.8772444564626,662.506051654734,37.23459224433838,-9.15,38.71,Santa Catarina
1191,234.52157598499065,Entire home/apt,False,False,4.0,True,1,0,10.0,100.0,2,6.540063378611074,1.1677442132330471,111.90583380464264,3.691020067475915,120.51759191741893,6.773407400742191,-9.09194,38.75796,
159,170.96622889305814,Entire home/apt,False,False,2.0,False,0,1,10.0,86.0,0,0.9725957475470588,0.4514949102150677,324.2418330511103,10.694555161405468,674.6277642208012,37.915864549056586,-9.12861,38.71388,São Vicente de Fora
2466,291.51031894934334,Entire home/apt,False,False,6.0,False,0,1,9.0,93.0,2,0.7720795017759239,0.2357925328872172,290.4238460892741,9.579127446209824,624.8288391681638,35.11703325701028,-9.133,38.717,Socorro
2294,262.6641651031895,Private room,False,True,3.0,False,0,1,10.0,90.0,1,2.07876065264718,1.2691117434864585,120.05728380429916,3.959881524513828,322.3010005104093,18.11416862377824,-9.16338,38.71021,Lapa
2759,355.53470919324576,Private room,False,True,2.0,False,0,1,9.0,97.0,1,1.9288585067708863,0.2932829756071646,127.19115919413773,4.195180045846808,381.49126196540846,21.44081785906892,-9.14444,38.72934,Saldanha
1255,158.53658536585365,Private room,False,True,2.0,False,0,1,8.0,90.0,1,1.3365831895990488,0.6315149288192667,161.88158883785388,5.339383771524295,502.4738073600228,28.240356874900087,-9.14334,38.72406,Bairro Camões
71,102.72045028142588,Private room,False,True,2.0,False,1,0,10.0,90.0,1,8.607550844012499,1.4505250105466967,41.907653565480985,1.3822513539468535,80.48275895542153,4.5233439074549775,-9.155,38.789,
2401,269.6998123827392,Entire home/apt,False,False,3.0,False,1,0,8.0,90.0,2,1.2307998363744992,0.6901359598363306,203.47474586092176,6.71126200183914,453.0140181502259,25.460585914139912,-9.12827,38.718990000000005,São Vicente de Fora
2211,193.24577861163223,Private room,False,True,2.0,False,0,1,10.0,94.0,1,2.3313296243972297,0.1567681039319092,117.38508455540028,3.871743661485183,363.8096026267059,20.447061841240124,-9.14748,38.73246,São Sebastião da Pedreira
1539,112.10131332082553,Private room,False,True,2.0,True,0,1,10.0,95.0,1,2.289795053517284,0.3950259252829011,112.81562738563824,3.721028032660088,328.77089198909795,18.47779363591569,-9.139,38.733,Saldanha
15,355.30018761726075,Entire home/apt,False,False,5.0,True,0,0,10.0,100.0,3,3.9411975510058,0.1707852026716423,81.3588694044609,2.68348136490592,201.97530018242307,11.351546037861205,-9.14681,38.747440000000005,
922,366.5572232645403,Entire home/apt,False,False,4.0,True,1,0,10.0,94.0,1,1.065265517264271,0.6354925290602665,211.9589871058625,6.9911000015903575,689.9496978615076,38.77699774185018,-9.145,38.721,Coração de Jesus
2507,163.93058161350842,Entire home/apt,False,False,2.0,False,0,1,9.0,74.0,1,0.7431009468098315,0.1464135329326301,268.92933028585713,8.870168078554418,650.1532525908439,36.54033226728401,-9.135,38.718,Socorro
2199,140.00938086303938,Private room,False,True,2.0,False,0,1,9.0,90.0,1,0.7703138668136391,0.2690131257331434,241.237147272396,7.956789394532134,660.0896092650327,37.098781791229705,-9.137,38.719,Pena
1547,158.53658536585365,Private room,False,True,2.0,False,0,1,9.0,83.0,1,0.7434441319649138,0.6402576616733452,263.6797831467053,8.697020860245889,825.1806323674945,46.37733390870438,-9.148,38.711,
607,168.62101313320824,Private room,False,True,2.0,True,0,1,10.0,96.0,1,0.4092754518526329,0.3512574435438638,367.9924801245081,12.137594463492936,1480.0124745268208,83.18061528328477,-9.144,38.711,
912,393.2926829268292,Entire home/apt,False,False,4.0,False,0,1,10.0,95.0,1,0.4092682291038442,0.3512526784541803,367.9966209106869,12.137731040151731,1479.9958974276874,83.17968360647173,-9.144,38.711,
1310,72.70168855534709,Private room,False,True,2.0,False,1,0,9.0,90.0,1,3.08159935653659,0.3401500790099891,92.57776877029218,3.0535173253775185,233.3132633961691,13.112822450533155,-9.13299,38.73965,Bairro dos Actores
639,528.6116322701688,Entire home/apt,False,False,5.0,True,0,1,10.0,98.0,2,0.1475633260283588,0.2178329712153378,512.3284549254823,16.898266551233473,1285.5856195486444,72.25331182940728,-9.138,38.712,
1081,216.46341463414632,Entire home/apt,False,False,4.0,True,0,0,9.0,91.0,2,1.119788951644502,0.6696175473598533,186.23996808788183,6.142802713739551,588.44262216395,33.07203163010894,-9.14372,38.72194,Coração de Jesus
1722,135.08442776735458,Private room,False,True,2.0,False,0,1,8.0,81.0,1,1.164832522841797,0.3037819953102732,200.89397516135165,6.62613975112345,483.4318587691704,27.170149003519693,-9.132,38.721,Anjos
1022,212.94559099437143,Entire home/apt,False,False,4.0,False,1,0,9.0,91.0,1,0.520735970119588,0.4047725302148549,311.04263103779215,10.259202348692636,1002.3564452374764,56.335083171968535,-9.14451,38.70965,
492,271.8105065666041,Entire home/apt,False,False,4.0,False,1,0,9.0,92.0,2,1.0135222346977713,0.3823792157833218,339.8630927338931,11.209795350483184,674.3201466842389,37.89857562994031,-9.128,38.713,Alfama
34,209.42776735459665,Entire home/apt,False,False,5.0,True,0,0,9.0,95.0,2,5.312271566932379,4.185143405904275,110.89396721029613,3.657645400773001,148.83823009732197,8.365102166539877,-9.2,38.705,
2591,158.53658536585365,Private room,False,True,2.0,False,0,1,9.0,86.0,1,0.7031411460810858,0.250946626908343,327.3608968443562,10.797432077301613,664.8132814893216,37.3642646630133,-9.133,38.716,Socorro
1364,297.1388367729831,Entire home/apt,False,False,6.0,False,0,1,10.0,96.0,3,2.3164405304298965,0.240167924647368,111.3408616553666,3.6723854398640654,299.47401409578754,16.83123161634627,-9.13212,38.7324,Anjos
1836,223.26454033771105,Entire home/apt,False,False,4.0,False,1,0,9.0,86.0,2,1.2164514227539864,0.3849619558856896,194.69498387136463,6.421676762273433,462.07651282258513,25.969922082464663,-9.131,38.721,São Vicente de Fora
2778,268.52720450281424,Entire home/apt,False,False,4.0,False,0,0,10.0,100.0,1,1.649549124042796,0.5706794870781984,139.7520697160124,4.609479919461488,419.2480048163964,23.56284666321265,-9.143,38.727,Bairro Camões
1507,250.93808630394,Entire home/apt,False,False,4.0,False,0,1,8.0,90.0,1,0.9392077524878988,0.6514318265517329,208.50568937257503,6.877198958193596,662.5019898858966,37.23436396218748,-9.15,38.71,Santa Catarina
593,412.7579737335834,Entire home/apt,False,False,4.0,False,1,0,9.0,90.0,2,0.4542835775191527,0.3828937216617831,345.02122518788235,11.379927413764262,1613.2358945251608,90.66812382550049,-9.1444,38.7107,
2748,397.0450281425891,Entire home/apt,False,False,4.0,False,0,1,10.0,97.0,2,1.2436722583456217,0.4003744423755634,176.40506687477563,5.818415534760216,553.6972196273222,31.119248115776653,-9.152,38.718,São Mamede
2314,117.72983114446528,Private room,False,True,2.0,False,0,1,9.0,84.0,1,1.3639316557732173,0.905311863819812,156.8731618163423,5.174189482590621,541.9810932750765,30.46077082893617,-9.15454,38.70855,Santos-o-Velho
2770,369.3714821763602,Entire home/apt,False,False,4.0,False,0,1,8.0,84.0,2,2.547132127490644,0.3085554377816996,118.03122028885149,3.893055329316952,354.67915816967985,19.93390671530911,-9.15111,38.73349,São Sebastião da Pedreira
1932,170.02814258911818,Entire home/apt,False,False,2.0,False,0,0,10.0,96.0,1,3.471050997167633,0.2795031897837553,92.97474923621462,3.0666110383350897,271.407946199969,15.253844373780614,-9.14437,38.74343,
697,102.72045028142588,Shared room,True,False,6.0,True,1,0,9.0,93.0,1,1.8575687471880808,0.3945648711817655,131.38599881255567,4.333539563711205,498.7843086315398,28.032997288677524,-9.155,38.724,Rato
2595,175.89118198874294,Entire home/apt,False,False,4.0,False,0,1,10.0,80.0,1,1.3717165448883537,0.4084270814848102,201.15381284363147,6.634710046942482,429.41506550069727,24.13426236267357,-9.125,38.717,São Vicente de Fora
921,168.85553470919325,Entire home/apt,False,False,4.0,False,0,0,9.0,88.0,1,6.847989713758526,0.6621402394811379,81.88824435536954,2.700941880596584,111.86911405849176,6.287340072289826,-9.10674,38.76845,
920,167.6829268292683,Shared room,True,False,2.0,False,0,1,10.0,93.0,1,0.1380558516960317,0.195231691524403,526.0153329080014,17.349704510962756,1304.8834427483296,73.33790053052013,-9.141,38.713,Sacramento
2297,218.57410881801124,Entire home/apt,False,False,2.0,False,0,1,8.0,75.0,0,1.6446449668202183,0.4452114984457657,141.341006113843,4.661888233942876,457.5283028523697,25.714300653408102,-9.14588,38.72636,Bairro Camões
2398,138.60225140712944,Private room,False,True,4.0,False,0,1,8.0,82.0,1,1.9533174576142125,0.2343199024322282,127.53750096316988,4.206603529111626,392.40158723309975,22.05400699384123,-9.147,38.729,Saldanha
2468,213.88367729831143,Entire home/apt,False,False,2.0,False,0,0,9.0,90.0,1,0.7031467408557383,0.250955020122808,327.3611811925159,10.797441456033068,664.8101583629417,37.36408913505096,-9.133,38.716,Socorro
549,146.81050656660412,Private room,False,True,2.0,True,0,1,10.0,96.0,1,0.491046492014916,0.4375152621136856,340.37502320977194,11.226680490385004,1365.538639877812,76.74688302505777,-9.145,38.711,
200,138.60225140712944,Private room,False,True,2.0,False,0,1,10.0,93.0,1,2.526801451573913,1.81046210077721,108.14438134418737,3.5669550742367413,273.68351250967027,15.381737218615848,-9.16775,38.70662,Ceuta Sul
2053,175.65666041275796,Private room,False,True,2.0,False,1,0,9.0,93.0,1,1.7472358200574016,0.9529812717118252,134.83612057275624,4.447335853137605,387.17909701625285,21.760489231643216,-9.15972,38.71197,Lapa
2283,706.1444652908067,Entire home/apt,False,False,4.0,False,0,1,10.0,100.0,2,1.3041660465148774,0.8798843966659043,161.56369739712167,5.3288986730523975,549.344689126278,30.87462439040443,-9.154,38.709,Madragoa
767,158.53658536585365,Private room,False,True,2.0,False,0,1,9.0,84.0,1,0.2079101302337808,0.1807544740657647,456.78350630495765,15.066212644524906,1234.2912704629523,69.3704337517292,-9.138,38.711,
2338,371.2476547842401,Entire home/apt,False,False,2.0,False,0,1,10.0,97.0,1,1.295905339065818,0.5464816043403722,163.86967836915167,5.404957460638387,488.47056986778887,27.453337893229424,-9.141,38.724,Pena
2446,291.51031894934334,Entire home/apt,False,False,5.0,False,0,1,9.0,93.0,2,0.7720668843846248,0.2357766084345177,290.425173206979,9.57917121888828,624.8343013833095,35.11734024794748,-9.133,38.717,Socorro
1402,142.8236397748593,Private room,False,True,2.0,False,0,0,8.0,85.0,1,1.1204496410347211,0.6072984029713361,195.85580249983275,6.459964353784126,649.6602658006807,36.51262510586605,-9.1448,38.72162,Coração de Jesus
1245,440.9005628517824,Private room,False,True,2.0,False,0,1,9.0,80.0,1,1.44074027127204,0.3192944269821684,158.75424370298944,5.236233709921081,532.1157716515182,29.906313662703543,-9.147,38.724,Coração de Jesus
2312,273.92120075046904,Entire home/apt,False,False,2.0,False,0,1,10.0,100.0,1,1.678307318763402,0.263528541428957,140.54245217800596,4.635549315747763,460.22827202383786,25.8660460615003,-9.148,38.726,Coração de Jesus
1410,292.6829268292683,Entire home/apt,False,False,5.0,False,0,1,10.0,94.0,3,0.2175419292760046,0.2281926925345908,456.5191842378171,15.057494439039786,1353.1390795085565,76.04999493897142,-9.142,38.713,Sacramento
986,378.28330206378985,Entire home/apt,False,False,6.0,False,0,1,8.0,80.0,2,2.276918469783391,0.2737265920224415,112.67888712571494,3.716517892069117,301.1063127652518,16.922971118539,-9.132,38.732,
263,225.375234521576,Entire home/apt,False,False,2.0,False,0,0,9.0,87.0,1,0.4085439850282701,0.3589150227183181,540.3566378147895,17.822727609089654,921.7177786211696,51.80297684164008,-9.135,38.713,São Cristóvão e São Lourenço
1647,146.81050656660412,Private room,False,True,2.0,False,0,1,10.0,100.0,1,1.1812570472887116,0.0951339345237583,179.90025398673518,5.933698226745221,512.2644423963679,28.790616457406408,-9.13605,38.722640000000006,Anjos
1379,401.5009380863039,Entire home/apt,False,False,4.0,False,1,0,10.0,100.0,2,0.6878657280442444,0.315940119723647,255.39381049683607,8.42372240663163,834.5957713316427,46.9064896188722,-9.14585,38.70854,São Paulo
2160,250.93808630394,Entire home/apt,False,False,4.0,False,0,1,7.0,66.0,1,0.939205900634746,0.65142769343147,208.5059865499049,6.877208760073006,662.5024229209771,37.23438829990427,-9.15,38.71,Santa Catarina
932,123.82739212007505,Private room,False,True,2.0,True,0,1,9.0,96.0,1,2.1689919121603607,0.526916117963426,117.19263818679742,3.865396151402143,297.3672897923456,16.712828138802216,-9.12993,38.73038,
1032,126.17260787992494,Private room,False,True,2.0,True,1,0,10.0,95.0,1,2.333489508816941,0.4250655886172371,111.0902534801797,3.664119563347717,285.8116262087554,16.063369283938854,-9.13,38.732,
2861,413.46153846153845,Entire home/apt,False,False,6.0,False,0,1,10.0,88.0,2,1.7004125923608424,0.7645067157550401,153.7652302080967,5.0716797425318205,339.19890485153803,19.06387553793283,-9.12305,38.7205,Santa Engrácia
2750,298.780487804878,Entire home/apt,False,False,4.0,False,0,0,9.0,90.0,1,1.855372359667784,0.5096867282837719,129.2522839839074,4.2631626764386406,378.2170329584699,21.256797529468248,-9.14173,38.72901,Saldanha
1475,245.3095684803002,Entire home/apt,False,False,4.0,False,0,1,10.0,96.0,1,1.458041561742815,0.1553653160933862,154.6689535871292,5.101487492619982,432.4299029425647,24.30370420029984,-9.135,38.725,Anjos
2252,210.36585365853657,Entire home/apt,False,False,3.0,False,0,1,10.0,92.0,0,1.4183371399050388,0.998704528110393,152.73829754262917,5.037808147572756,498.818532973461,28.034920787207213,-9.15541,38.70913,Madragoa
204,254.4559099437148,Entire home/apt,False,False,4.0,False,0,1,10.0,90.0,1,0.4425344476309026,0.2907023221817538,461.91705361527687,15.235533809432212,858.8127872185092,48.26754995887958,-9.13512,38.714220000000005,São Cristóvão e São Lourenço
1613,284.2401500938086,Entire home/apt,False,False,4.0,True,0,1,10.0,96.0,0,1.1071966741600092,0.783702533723294,182.43578806629404,6.017328425915701,584.6633440472707,32.85962620482863,-9.152,38.71,São Bento
838,89.11819887429643,Private room,False,True,2.0,False,0,1,9.0,87.0,0,2.4919429559689585,0.8512923868201089,110.2829140908308,3.6374908721880335,285.92768928006325,16.06989233550039,-9.16368,38.72459,Amoreiras
1075,109.7560975609756,Private room,False,True,2.0,True,1,0,9.0,98.0,1,2.926746621574349,0.3583906629027953,95.50465305729186,3.1500555331831563,230.56969974866035,12.9586269175924,-9.127,38.73682,
777,300.656660412758,Entire home/apt,False,False,4.0,False,0,1,9.0,92.0,2,0.4687021208105488,0.4575882894549468,375.244724321158,12.376797174861856,1598.0119859068418,89.81249989821355,-9.145,38.712,
821,298.54596622889306,Entire home/apt,False,False,3.0,True,0,1,4.0,20.0,0,0.339672855235506,0.3565033292231572,427.6449640108786,14.105128305238392,1689.9268702893512,94.97835948941294,-9.14353,38.71219,
1597,353.89305816135084,Entire home/apt,False,False,4.0,False,0,0,9.0,96.0,2,0.9392178309118006,0.6514301631497894,208.50360162230768,6.87713009736775,662.4941479099587,37.23392322239996,-9.15,38.71,Santa Catarina
2728,246.4821763602252,Entire home/apt,False,False,3.0,False,0,1,10.0,100.0,1,9.547949539490272,1.9264952201829664,44.38547663458925,1.4639780554135466,75.7452059427547,4.257080898653786,-9.098,38.792,
1822,208.25515947467167,Entire home/apt,False,False,4.0,False,0,1,9.0,88.0,0,0.9432411021265208,0.710232558025855,208.928584455425,6.89114741989722,743.9965108219284,41.81457156877737,-9.15023,38.71056,São Bento
2489,178.23639774859285,Private room,False,True,3.0,False,0,1,10.0,93.0,1,0.6952643715072885,0.1796743792589949,309.1748904247271,10.197598160159464,663.9770866792131,37.31726830318616,-9.13366,38.71654,São Vicente de Fora
1141,216.46341463414632,Private room,False,True,2.0,True,0,1,10.0,96.0,1,1.8568157453366991,0.3154698340748204,130.56433122809963,4.306438281857427,339.39023653445565,19.07462888453105,-9.132,38.728,
2423,291.51031894934334,Entire home/apt,False,False,5.0,False,0,1,10.0,94.0,2,0.7720527917177314,0.2357589014726878,290.4266759390133,9.579220783901167,624.8404042049767,35.11768324266542,-9.133,38.717,Socorro
504,227.72045028142588,Entire home/apt,False,False,2.0,False,0,0,9.0,88.0,1,1.0515921684902545,0.4530604158033741,473.8397293574087,15.62878261448594,630.6568112899424,35.44458070359404,-9.12781,38.71036,Alfama
1990,148.92120075046904,Private room,False,True,2.0,False,0,1,9.0,93.0,1,0.2323333605228569,0.2648269141033978,497.18840020043785,16.3988980740692,1146.4528447359846,64.43368191805277,-9.137,38.712,São Cristóvão e São Lourenço
538,320.35647279549715,Entire home/apt,False,False,4.0,False,0,0,9.0,95.0,2,0.4812644997992204,0.4695999859260823,369.91422849576105,12.200980004369354,1345.1467556642042,75.60080520148017,-9.14513,38.71188,
2706,193.24577861163223,Entire home/apt,False,False,4.0,False,0,1,10.0,89.0,1,0.4297744721778392,0.2014339345604942,418.91990964964,13.81734750201977,851.7813526988306,47.87236474271578,-9.136,38.715,Mouraria
2456,291.51031894934334,Entire home/apt,False,False,4.0,False,0,1,10.0,91.0,2,0.7720705350012415,0.2357705945424221,290.42205319924267,9.579068310838055,624.8325128545595,35.11723972790158,-9.133,38.717,Socorro
824,228.89305816135084,Entire home/apt,False,False,4.0,False,0,1,10.0,87.0,1,5.54649145650318,4.394240107903674,112.4344615811509,3.7084559389133536,137.4553270466242,7.7253529105278735,-9.20279,38.70535,
2323,248.82739212007505,Private room,False,True,4.0,False,0,1,8.0,80.0,2,1.715172639378815,0.4602688466380012,137.48854349608885,4.534821428327051,434.5096152973044,24.42058953488784,-9.146,38.727,Bairro Camões
770,193.01125703564728,Private room,False,True,2.0,True,0,1,10.0,95.0,1,0.1475890105768296,0.2178466941655929,512.2970279974064,16.897229988453468,1285.5087348641568,72.24899070680081,-9.138,38.712,
411,280.0187617260788,Entire home/apt,False,False,2.0,False,0,1,10.0,96.0,0,1.0163562500735197,0.4169308877053948,1103.9778359103504,36.4127964365758,921.8160106221004,51.8084977398883,-9.12802,38.7113,Alfama
1083,334.4277673545966,Entire home/apt,False,False,4.0,True,0,1,10.0,96.0,2,0.1380394457915744,0.1952208059100561,526.0583629936095,17.35112378379318,1304.8843597538198,73.3379520686539,-9.141,38.713,Sacramento
56,187.3827392120075,Entire home/apt,False,False,5.0,False,0,0,9.0,92.0,1,5.076872419905153,4.011302303402168,108.96731016187027,3.594097955683605,149.8720756724145,8.423207022089553,-9.19693,38.70357,
2065,158.53658536585365,Private room,False,True,2.0,False,0,1,8.0,64.0,1,0.9391912869192864,0.6514097763894093,208.50861800603408,6.87729555409481,662.5091792880123,37.23476802560032,-9.15,38.71,Santa Catarina
1920,203.33020637898684,Private room,False,True,4.0,False,0,1,10.0,94.0,1,2.357633885762619,0.2728881329712,112.64050633058348,3.715251968030847,363.1100112825466,20.40774295747691,-9.14282,38.73347,Saldanha
211,135.08442776735458,Private room,False,True,2.0,False,1,0,10.0,80.0,1,3.3724896379397893,2.4371691025302447,101.31522200914392,3.3417070840949608,215.83681235338952,12.130599681653202,-9.1776,38.70616,Quinta do Cabrinha
2061,245.3095684803002,Entire home/apt,False,False,2.0,False,1,0,10.0,98.0,1,1.989804171408779,1.4700018604236966,124.770602437367,4.115342174487018,339.9936964326862,19.10854492679256,-9.16154,38.70719,Santos-o-Velho
40,107.87992495309568,Private room,False,True,2.0,False,0,1,10.0,91.0,1,3.9519486882646713,0.1501453817761327,81.22409892608887,2.679036194147057,201.1745260567962,11.306540414179638,-9.14703,38.74751,
927,517.1200750469043,Entire home/apt,False,False,4.0,True,1,0,10.0,97.0,2,0.8945915745180393,0.5659643199244213,217.0651775336884,7.1595188471204345,748.227443694086,42.05236118581479,-9.14489,38.7193,São José
1848,203.33020637898684,Entire home/apt,False,False,2.0,False,0,1,10.0,88.0,1,1.2767709401063692,0.9297848419015472,164.0805093842611,5.411911356437722,534.4756671735175,30.03894603229687,-9.154,38.71,Santos-o-Velho
715,280.0187617260788,Entire home/apt,False,False,4.0,True,1,0,9.0,91.0,1,5.975655925861434,4.919535882199585,197.63040710226764,6.518496612351245,139.54666127225286,7.842891424996408,-9.20668,38.70055,Restelo
2619,135.31894934333957,Private room,False,True,2.0,False,0,1,9.0,91.0,1,1.1648453599745354,0.3037900704817632,200.89182140629632,6.626068713244017,483.4266866470012,27.16985831657498,-9.132,38.721,Anjos
1943,203.33020637898684,Private room,False,True,2.0,False,0,1,9.0,91.0,1,2.3337192284248225,0.3223873132319395,112.95438216426298,3.7256046186605647,347.8424341060094,19.549664741727124,-9.14227,38.7333,Saldanha
10,245.3095684803002,Entire home/apt,False,False,4.0,False,0,1,9.0,91.0,1,0.9366164233749672,0.508374540858736,471.3522377604248,15.546737013376584,902.0442946843064,50.69727501358131,-9.129,38.711,São Miguel
867,398.921200750469,Entire home/apt,False,False,4.0,False,0,1,9.0,91.0,1,0.404110094405148,0.1846092667964665,381.71091583695903,12.590073300274849,1050.134034301242,59.020310035577616,-9.14341,38.714490000000005,Encarnação
1752,262.6641651031895,Entire home/apt,False,False,4.0,False,0,1,10.0,94.0,2,0.9818993610592988,0.6379026226914406,200.1427023892793,6.601360320207384,632.5598431694813,35.55153612820582,-9.15033,38.70954,São Bento
2424,291.51031894934334,Entire home/apt,False,False,3.0,False,0,1,9.0,95.0,2,0.7720736876492591,0.2357744781049423,290.4216970237286,9.579056563005746,624.831146119597,35.11716291378206,-9.133,38.717,Socorro
1994,198.87429643527204,Private room,False,True,2.0,False,0,0,10.0,100.0,1,7.582887670055885,0.1658093669574936,74.78432480619355,2.4666314007737244,105.9984443697426,5.957392909519317,-9.10138,38.773790000000005,Quinta das Laranjeiras
2577,125.93808630393995,Private room,False,True,2.0,False,0,1,10.0,87.0,1,0.2323216199210295,0.2648198839314698,497.18806304010826,16.39888695341981,1146.428009214247,64.43228609604816,-9.137,38.712,São Cristóvão e São Lourenço
1303,362.1013133208255,Entire home/apt,False,False,4.0,False,0,0,10.0,100.0,2,2.5175330335424686,0.4850008073222625,105.5139813597624,3.480195887535627,266.30443467261205,14.967013528596954,-9.12892,38.73345,
573,385.3189493433396,Entire home/apt,False,False,5.0,False,1,0,9.0,85.0,2,3.7642823900835047,0.4409005574504229,89.69843756488712,2.9585475735894864,205.7198946603396,11.562002150914624,-9.168,38.738,Sete Rios
2114,312.3827392120075,Entire home/apt,False,False,2.0,False,0,1,10.0,80.0,1,0.9371212069152702,0.6931439104790718,209.81228604406,6.920294785913958,696.3026391135359,39.13404984194901,-9.15012,38.71043,Santa Catarina
520,158.53658536585365,Entire home/apt,False,False,2.0,False,0,1,8.0,86.0,1,0.850966151014009,0.5894563477576409,409.69354035719,13.513031694250294,806.4626225584502,45.32533225358816,-9.13,38.711,São Miguel
10,245.3095684803002,Entire home/apt,False,False,4.0,False,0,1,9.0,91.0,1,0.9366164233749672,0.508374540858736,471.3522377604248,15.546737013376584,902.0442946843064,50.69727501358131,-9.129,38.711,São Miguel
2051,385.08442776735455,Entire home/apt,False,False,4.0,False,0,1,10.0,100.0,1,0.0522373372010117,0.1602992687830157,522.1291036300265,17.221523970555378,1289.1805070503915,72.45535401446733,-9.14,38.712,Sacramento
320,447.9362101313321,Entire home/apt,False,False,3.0,False,0,0,10.0,99.0,1,4.404315896500469,3.4944493525305904,98.10591510764908,3.235853655606276,164.75745352549478,9.259804625051824,-9.18834,38.70148,Junqueira
941,285.6472795497186,Entire home/apt,False,False,5.0,False,1,0,10.0,90.0,2,3.331360890914818,0.1778725146942524,88.3132516977913,2.9128596173962444,225.5670694227724,12.677465862733571,-9.13553,38.74222,
950,123.82739212007505,Private room,False,True,2.0,True,0,1,10.0,94.0,1,0.4910337937817314,0.4374933466875896,340.37307904391974,11.226616365442355,1365.7159077839651,76.75684595020714,-9.145,38.711,
646,210.36585365853657,Private room,False,True,2.0,False,0,1,10.0,90.0,1,0.2390960707538487,0.1952503010255238,709.3688509446429,23.39730267011676,1152.2580338406249,64.7599488988187,-9.137,38.713,São Cristóvão e São Lourenço
2414,215.29080675422136,Entire home/apt,False,False,4.0,False,1,0,9.0,92.0,1,0.7154222882358575,0.2800839504303532,332.3755961270675,10.96283324590518,660.0733988781401,37.09787072461445,-9.13271,38.71586,São Vicente de Fora
364,381.5666041275797,Entire home/apt,False,False,4.0,False,1,0,10.0,95.0,0,2.906928615970695,2.141923722081569,102.8984048551275,3.393925627635866,253.13141129228376,14.22665477569717,-9.17183,38.70532,Ceuta Sul
993,390.0093808630394,Entire home/apt,False,False,4.0,False,0,0,10.0,93.0,2,3.8272782429958654,0.4774877066069229,86.51275754353836,2.8534734368122887,208.9326567727063,11.742567878477782,-9.15281,38.74528,
286,326.2195121951219,Entire home/apt,False,False,5.0,False,0,1,9.0,98.0,2,0.7717632935491905,0.5133216279427459,386.73690596225646,12.755846877761376,761.6210149476783,42.80511531247883,-9.131,38.714,São Vicente de Fora
1759,278.61163227016885,Entire home/apt,False,False,4.0,True,1,0,10.0,98.0,1,1.0861842197544036,0.8538767164721277,186.1052576801816,6.138359524307732,589.6193724198636,33.138168106663265,-9.152,38.711,São Bento
2538,268.29268292682923,Entire home/apt,False,False,4.0,True,0,1,10.0,96.0,1,0.7720723512846687,0.2357710338586569,290.4213848390576,9.579046266135189,624.8316902666688,35.11719349628661,-9.133,38.717,Socorro
1119,155.0187617260788,Entire home/apt,False,False,3.0,False,0,1,8.0,81.0,0,0.7692817211082089,0.4694923754680669,234.3250060883824,7.728804391856051,833.2239021738334,46.82938694399696,-9.14604,38.71715,São José
1548,158.53658536585365,Private room,False,True,2.0,False,0,1,9.0,85.0,1,0.939199388402035,0.6514211071131711,208.50718640392552,6.877248335179302,662.5057507570446,37.23457533309244,-9.15,38.71,Santa Catarina
2137,297.3733583489681,Entire home/apt,False,False,3.0,False,0,0,9.0,96.0,1,1.740908145237298,1.2345056981331417,133.55920831841536,4.405219114492808,408.206551717856,22.94228779755054,-9.15924,38.7092,Santos-o-Velho
1544,158.53658536585365,Private room,False,True,2.0,False,0,1,8.0,78.0,1,0.7434395216240743,0.6402585408528376,263.6817159520313,8.697084610481266,825.1846612307511,46.3775603414746,-9.148,38.711,
2447,242.7298311444653,Entire home/apt,False,False,4.0,False,0,1,9.0,90.0,1,1.0573081232012365,0.5828896710984013,246.6916625297888,8.136697131143405,534.4597626125751,30.03805215390884,-9.129,38.717,São Vicente de Fora
262,331.84803001876173,Entire home/apt,False,False,6.0,False,0,1,10.0,100.0,2,0.7031432265152612,0.2509613834938198,327.3651474889816,10.797572277450955,664.8116549980454,37.36417324990196,-9.133,38.716,Socorro
523,314.7279549718574,Entire home/apt,False,False,3.0,True,0,0,9.0,96.0,1,0.8509647337787036,0.5894591563734187,409.6922780918372,13.51299006061432,806.4623611789954,45.32531756337152,-9.13,38.711,São Miguel
520,158.53658536585365,Entire home/apt,False,False,2.0,False,0,1,8.0,86.0,1,0.850966151014009,0.5894563477576409,409.69354035719,13.513031694250294,806.4626225584502,45.32533225358816,-9.13,38.711,São Miguel
1129,135.08442776735458,Private room,False,True,2.0,True,0,1,10.0,96.0,1,1.3029978201159098,0.4397048428786705,172.93723483383286,5.704035102404019,652.297201558008,36.66082786937797,-9.146,38.723,Coração de Jesus
1434,130.62851782363975,Private room,False,True,3.0,False,1,0,9.0,94.0,1,2.558299973571937,0.1720199756684048,104.34346398229724,3.441588399590937,302.4984596775535,17.001213456845644,-9.134,38.735,
2423,291.51031894934334,Entire home/apt,False,False,5.0,False,0,1,10.0,94.0,2,0.7720527917177314,0.2357589014726878,290.4266759390133,9.579220783901167,624.8404042049767,35.11768324266542,-9.133,38.717,Socorro
770,193.01125703564728,Private room,False,True,2.0,True,0,1,10.0,95.0,1,0.1475890105768296,0.2178466941655929,512.2970279974064,16.897229988453468,1285.5087348641568,72.24899070680081,-9.138,38.712,
1515,193.01125703564728,Private room,False,True,2.0,False,1,0,10.0,95.0,1,7.163076759293603,6.123098797543324,136.93802268828904,4.516663453178951,110.26142119673378,6.196983481565597,-9.2194,38.69625,Pedrouços
2196,119.13696060037525,Private room,False,True,2.0,True,0,1,10.0,95.0,1,2.289788487629051,0.3950304093077153,112.81583573304722,3.7210349046384414,328.77297100298983,18.47791048199482,-9.139,38.733,Saldanha
873,175.65666041275796,Private room,False,True,2.0,False,0,1,9.0,85.0,1,1.8546369311267203,0.2866443155081808,132.05914828873736,4.355742233049561,413.21565059179136,23.22381240191711,-9.15385,38.72483,São Mamede
149,375.93808630394,Entire home/apt,False,False,6.0,False,0,1,9.0,90.0,2,0.6858407594537386,0.3674944344576089,388.8711892972575,12.826242516231137,702.4744168761091,39.48092007481422,-9.13236,38.71477,São Vicente de Fora
2346,233.58348968105065,Entire home/apt,False,False,2.0,True,1,0,10.0,100.0,1,1.3341377827910763,0.7279412027181126,160.32291009541203,5.28797345338892,492.6586417555992,27.688718609591334,-9.15491,38.71348,Lapa
478,352.7204502814259,Entire home/apt,False,False,5.0,False,1,0,9.0,100.0,1,6.240698477421018,0.1262559667841833,59.69431297670789,1.9689135018274249,113.15035365171444,6.359349125945703,-9.12908,38.768,
1256,193.01125703564728,Private room,False,True,3.0,True,1,0,10.0,100.0,1,0.4621295635410683,0.3531822885908192,341.2790679672939,11.2564988405859,1115.9234437086382,62.71784883867502,-9.144,38.71,Encarnação
2787,207.08255159474672,Entire home/apt,False,False,3.0,False,0,1,9.0,88.0,1,1.3898333957983715,0.1702947837554518,221.9212499532335,7.319687983440419,459.8201875738775,25.843110636144445,-9.124,38.715,São Vicente de Fora
1041,335.3658536585366,Entire home/apt,False,False,4.0,False,0,1,10.0,94.0,2,0.2561427784462926,0.1807469639972599,440.0232641130567,14.513405090505357,1280.8651072180155,71.98800655200442,-9.142,38.711,Sacramento
23,77.62664165103189,Private room,False,True,2.0,False,0,1,10.0,95.0,1,7.371763716603634,0.4818043834466333,55.48434380083359,1.8300549617200863,96.6452154953172,5.431716710128613,-9.12,38.777,Bairro da Encarnação
2595,175.89118198874294,Entire home/apt,False,False,4.0,False,0,1,10.0,80.0,1,1.3717165448883537,0.4084270814848102,201.15381284363147,6.634710046942482,429.41506550069727,24.13426236267357,-9.125,38.717,São Vicente de Fora
287,90.0562851782364,Private room,False,True,2.0,False,0,1,9.0,80.0,1,7.814262490282213,0.8028939333793582,51.94298174165248,1.7132492690923529,90.14318478697584,5.066285388285491,-9.11976,38.78105,
1990,148.92120075046904,Private room,False,True,2.0,False,0,1,9.0,93.0,1,0.2323333605228569,0.2648269141033978,497.18840020043785,16.3988980740692,1146.4528447359846,64.43368191805277,-9.137,38.712,São Cristóvão e São Lourenço
205,221.85741088180112,Entire home/apt,False,False,2.0,False,0,1,10.0,100.0,1,0.9251227877622404,0.4763876361476793,421.3021470157382,13.895921474660994,760.1258503085123,42.72108310546963,-9.129,38.712,Alfama
725,158.53658536585365,Private room,False,True,2.0,True,1,0,10.0,96.0,1,0.4621498373973795,0.3532038666459811,341.26620908482056,11.25607471262366,1115.887482006149,62.71582769588658,-9.144,38.71,Encarnação
2467,163.93058161350842,Entire home/apt,False,False,3.0,False,0,1,9.0,89.0,0,1.389827727200737,0.1703159813951816,221.92393505744445,7.319776546951265,459.8168520559752,25.842923171216835,-9.124,38.715,São Vicente de Fora
349,123.82739212007505,Private room,False,True,2.0,False,1,0,10.0,100.0,1,0.5778979747718676,0.558583177195465,658.1206532590043,21.70696964949977,1016.0520203600154,57.104810714782296,-9.133,38.712,Santiago
2065,158.53658536585365,Private room,False,True,2.0,False,0,1,8.0,64.0,1,0.9391912869192864,0.6514097763894093,208.50861800603408,6.87729555409481,662.5091792880123,37.23476802560032,-9.15,38.71,Santa Catarina
1993,528.6116322701688,Entire home/apt,False,False,6.0,True,0,1,10.0,99.0,2,0.1475727846749944,0.217848195616427,512.2909336114693,16.89702897569097,1285.5632985999284,72.25205733305684,-9.138,38.712,
537,300.656660412758,Entire home/apt,False,False,2.0,False,0,1,10.0,98.0,1,0.3821459857924446,0.3829061030557122,395.9858742743744,13.060908075045086,1613.7202464029515,90.6953456820062,-9.144,38.712,
517,308.86491557223263,Entire home/apt,False,False,4.0,True,0,1,9.0,96.0,1,0.9689594168790252,0.4833898219751782,546.4959576165427,18.025222437272447,806.524225040373,45.32879447599338,-9.12864,38.71092,São Miguel
988,227.72045028142588,Entire home/apt,False,False,6.0,False,0,1,9.0,91.0,0,0.1380490291524663,0.195238562276503,526.0780709670329,17.351773817155355,1304.9258755147996,73.34028536421843,-9.141,38.713,Sacramento
2793,268.52720450281424,Entire home/apt,False,False,4.0,True,0,1,10.0,97.0,1,0.8835608186685879,0.2853804245438867,258.7872777695191,8.535650045932911,601.3320941510026,33.7964540447933,-9.134,38.719,Anjos
920,167.6829268292683,Shared room,True,False,2.0,False,0,1,10.0,93.0,1,0.1380558516960317,0.195231691524403,526.0153329080014,17.349704510962756,1304.8834427483296,73.33790053052013,-9.141,38.713,Sacramento
2012,158.53658536585365,Private room,False,True,2.0,False,0,1,10.0,100.0,1,0.2079118360908344,0.1807453673190311,456.7823408834229,15.066174205114509,1234.212511652983,69.36600729831413,-9.138,38.711,
768,158.53658536585365,Private room,False,True,2.0,False,0,1,8.0,89.0,1,0.2079149552414248,0.1807430913143831,456.7821007147604,15.066166283567233,1234.1851369398585,69.36446876703813,-9.138,38.711,
1597,353.89305816135084,Entire home/apt,False,False,4.0,False,0,0,9.0,96.0,2,0.9392178309118006,0.6514301631497894,208.50360162230768,6.87713009736775,662.4941479099587,37.23392322239996,-9.15,38.71,Santa Catarina
1959,158.53658536585365,Private room,False,True,2.0,False,1,0,8.0,80.0,1,2.670830343643914,0.1126687360173566,107.95004322807016,3.5605451681391176,336.76119998728007,18.92687007752084,-9.14541,38.73601,São Sebastião da Pedreira
2442,250.93808630394,Entire home/apt,False,False,2.0,False,0,1,9.0,93.0,0,0.2323479141294939,0.2648235624216591,497.2014889974755,16.39932978536505,1146.503983785629,64.43655606789112,-9.137,38.712,São Cristóvão e São Lourenço
2604,448.170731707317,Entire home/apt,False,False,6.0,False,0,1,9.0,89.0,2,1.0573279939077755,0.5829046002128071,246.686399301848,8.136523532687553,534.4494347519578,30.037471700827865,-9.129,38.717,São Vicente de Fora
1589,221.85741088180112,Entire home/apt,False,False,3.0,False,1,0,9.0,92.0,1,1.0964682396268317,0.6410958408477878,186.5559198068469,6.153223833849244,658.3541577178042,37.00124482449641,-9.15171,38.71521,Mercês
670,297.3733583489681,Entire home/apt,False,False,6.0,True,0,0,9.0,96.0,2,0.462144893939079,0.3531996055276896,341.2690319661668,11.256167820474634,1115.8994027616066,62.71649767387033,-9.144,38.71,Encarnação
2070,105.30018761726078,Private room,False,True,2.0,False,0,1,9.0,90.0,1,1.8308273128258945,1.2656079769977828,131.01680110235688,4.321362216821598,370.8942749481498,20.845239162662075,-9.15926,38.7064,Santos-o-Velho
1383,99.20262664165102,Private room,False,True,2.0,False,1,0,10.0,100.0,1,2.016526850593105,0.3907961380163279,122.24760114291706,4.03212534752213,340.63745894702527,19.14472608266839,-9.134,38.73,Anjos
2446,291.51031894934334,Entire home/apt,False,False,5.0,False,0,1,9.0,93.0,2,0.7720668843846248,0.2357766084345177,290.425173206979,9.57917121888828,624.8343013833095,35.11734024794748,-9.133,38.717,Socorro
1911,108.11444652908068,Private room,False,True,2.0,True,0,1,10.0,97.0,1,2.289776827963576,0.3950520329102494,112.81625385018592,3.7210486955079336,328.77748801767746,18.47816435016649,-9.139,38.733,Saldanha
36,187.3827392120075,Private room,False,True,2.0,True,1,0,9.0,96.0,1,0.7954849902389953,0.5114127965264585,370.9930579729133,12.236563325758164,791.846156106335,44.50384818255481,-9.1308,38.71425,São Vicente de Fora
2644,204.7373358348968,Entire home/apt,False,False,3.0,False,1,0,9.0,100.0,1,1.002174931989884,0.4983821243562096,310.9574261655569,10.256392013586998,602.7960094496433,33.8787299562193,-9.12861,38.71502,São Vicente de Fora
1167,152.4390243902439,Entire home/apt,False,False,2.0,False,0,1,8.0,79.0,1,0.7268636408055074,0.4433240332090265,245.8794961615972,8.109909230448638,877.72586365957,49.33051487461125,-9.14611,38.71651,São José
2568,489.4465290806754,Entire home/apt,False,False,6.0,True,0,0,10.0,98.0,3,0.9386410829081888,0.3527337644716781,275.5032355737736,9.0869969561422,584.9569746407005,32.87612902074935,-9.13241,38.71866,São Vicente de Fora
1912,128.28330206378988,Private room,False,True,2.0,True,0,1,10.0,97.0,1,2.2897719620212555,0.3950400414608569,112.8163542971407,3.721052008576728,328.7781068866244,18.478199132238046,-9.139,38.733,Saldanha
915,291.51031894934334,Private room,False,True,4.0,False,0,1,10.0,100.0,1,0.1380563507120356,0.195223847671163,525.9818916509282,17.34860150903031,1304.853281329796,73.3362053790301,-9.141,38.713,Sacramento
2347,170.02814258911818,Private room,False,True,2.0,True,0,1,10.0,96.0,1,1.4271231260623716,0.6780631383129572,153.0228720854083,5.047194345882348,459.7230723166593,25.83765250184636,-9.15593,38.71389,Lapa
1312,84.42776735459663,Private room,False,True,2.0,False,1,0,9.0,100.0,1,3.1148724995215784,0.3111189312511023,91.92990324394992,3.032148603323852,231.43644644278348,13.00734037410226,-9.13323,38.73999,
897,137.66416510318948,Shared room,True,False,2.0,False,0,1,10.0,92.0,1,1.8747810029123213,0.2415161554532849,129.8747674909087,4.283694216554999,383.2223961590552,21.53811217911275,-9.15766,38.72164,Amoreiras
1548,158.53658536585365,Private room,False,True,2.0,False,0,1,9.0,85.0,1,0.939199388402035,0.6514211071131711,208.50718640392552,6.877248335179302,662.5057507570446,37.23457533309244,-9.15,38.71,Santa Catarina
2189,116.79174484052533,Private room,False,True,2.0,False,1,0,9.0,94.0,1,1.744415048764538,0.5656146062667572,134.4450678574207,4.434437656764176,396.36034199500057,22.27649948124802,-9.14179,38.728,Saldanha
2530,303.00187617260787,Entire home/apt,False,False,4.0,False,0,0,10.0,96.0,2,1.0601971663132246,0.2573381867966143,220.49062368149745,7.272501254219005,533.8146523119337,30.00179524887829,-9.13312,38.72045,Anjos
1874,100.60975609756098,Private room,False,True,2.0,False,0,1,9.0,85.0,1,3.04744408383149,0.2747577879632746,103.30422172369384,3.4073107940268645,299.6500541720134,16.84112553420643,-9.14706,38.73921,
784,237.1013133208255,Entire home/apt,False,False,3.0,False,0,1,9.0,89.0,1,0.5232546978933954,0.382806895444335,380.1513571112246,12.53863395741501,1067.7970868645366,60.01302030341882,-9.14543,38.71363,
1617,308.86491557223263,Entire home/apt,False,False,3.0,False,0,1,10.0,100.0,1,5.188662537241988,4.329790450607576,122.4966039771388,4.040338274647763,153.67922023392373,8.637178615268182,-9.19592,38.69685,
442,359.7560975609756,Entire home/apt,False,False,5.0,False,0,0,10.0,100.0,2,1.0988495119108874,0.3070130453214016,383.5438788282817,12.650530409202016,693.4007911363981,38.970958311065765,-9.127,38.712,São Vicente de Fora
852,210.36585365853657,Entire home/apt,False,False,2.0,False,0,1,9.0,96.0,1,0.5581951874158027,0.4582093865414307,612.9008782740239,20.21547370829904,1050.140447842061,59.02067049353364,-9.146,38.713,
915,291.51031894934334,Private room,False,True,4.0,False,0,1,10.0,100.0,1,0.1380563507120356,0.195223847671163,525.9818916509282,17.34860150903031,1304.853281329796,73.3362053790301,-9.141,38.713,Sacramento
1986,137.66416510318948,Private room,False,True,3.0,False,0,1,10.0,92.0,1,1.1648405383099278,0.3037686512110586,200.89157050052023,6.626060437551651,483.4302395018847,27.17005799641573,-9.132,38.721,Anjos
168,284.4746716697936,Entire home/apt,False,False,4.0,True,0,1,10.0,97.0,2,0.93663894789588,0.5083586845352163,471.38566494556767,15.547839551170792,902.1959454252124,50.70579818629359,-9.129,38.711,São Miguel
1660,269.4652908067542,Entire home/apt,False,False,4.0,False,0,1,9.0,86.0,1,0.9379825081473108,0.6207821826880348,208.1752536081544,6.866300106936052,658.7732666369145,37.02479985417509,-9.14987,38.70971,São Bento
1896,158.53658536585365,Private room,False,True,2.0,False,0,1,7.0,70.0,1,2.4019664220062698,0.2287911874694401,116.32428494538836,3.836755024029875,359.17632999257114,20.18665966550458,-9.148,38.733,São Sebastião da Pedreira
85,262.6641651031895,Entire home/apt,False,False,4.0,False,0,1,10.0,88.0,1,0.9609160854026612,0.5608280039995254,377.9264467086562,12.465249142119749,694.1500119739906,39.01306650361592,-9.129,38.71,Alfama
1615,389.7748592870544,Entire home/apt,False,False,4.0,True,0,1,10.0,93.0,2,0.7961103809326759,0.6811376549470292,258.166496795187,8.515174660907258,730.8405783790245,41.07517337176153,-9.14876,38.71292,Mercês
16,170.2626641651032,Entire home/apt,False,False,2.0,False,0,1,9.0,83.0,1,0.8509681726424466,0.5894522338607847,409.69542033972783,13.513093702217509,806.4630104063489,45.32535405166581,-9.13,38.711,São Miguel
1064,123.82739212007505,Private room,False,True,3.0,True,1,0,9.0,96.0,1,2.5583040885723243,0.172022820367014,104.34337998005198,3.4415856289223985,302.5060574589909,17.001640472256412,-9.134,38.735,
2196,119.13696060037525,Private room,False,True,2.0,True,0,1,10.0,95.0,1,2.289788487629051,0.3950304093077153,112.81583573304722,3.7210349046384414,328.77297100298983,18.47791048199482,-9.139,38.733,Saldanha
1585,389.7748592870544,Entire home/apt,False,False,2.0,True,0,1,10.0,98.0,1,0.8728648706190385,0.5665180224973017,221.76503433855748,7.314535482011146,709.7731908067194,39.8911304729096,-9.14905,38.70965,Santa Catarina
2011,181.51969981238275,Private room,False,True,2.0,False,0,1,9.0,92.0,1,0.2079213336771162,0.1807618165583929,456.7846838540061,15.066251483940338,1234.3186184941906,69.3719707834126,-9.138,38.711,
1995,430.58161350844273,Entire home/apt,False,False,5.0,False,0,0,9.0,93.0,2,7.793783549645547,0.3826722261506932,74.66895802003384,2.4628262271884127,108.29940261752816,6.086712848429389,-9.09812,38.77463,Quinta das Laranjeiras
635,528.6116322701688,Entire home/apt,False,False,6.0,True,0,1,10.0,99.0,2,0.1475772382150433,0.2178435626188096,512.3033747915616,16.897439326463783,1285.5458239615486,72.25107521216442,-9.138,38.712,
1501,146.81050656660412,Entire home/apt,False,False,2.0,False,0,1,9.0,77.0,0,0.8568222891039162,0.7726222910015439,233.81138225781075,7.711863399583178,692.0833689038219,38.89691569738537,-9.14948,38.71212,Mercês
1426,181.51969981238275,Entire home/apt,False,False,2.0,False,0,1,9.0,76.0,1,3.2157792594567773,0.2103152646444521,90.4911930654367,2.9846952404415874,203.10910090592623,11.415268637104685,-9.12229,38.73797,Picheleira
1547,158.53658536585365,Private room,False,True,2.0,False,0,1,9.0,83.0,1,0.7434441319649138,0.6402576616733452,263.6797831467053,8.697020860245889,825.1806323674945,46.37733390870438,-9.148,38.711,
2905,262.8986866791745,Entire home/apt,False,False,4.0,True,1,0,10.0,94.0,2,0.2958730911881279,0.3061402752721528,512.27575876711,16.89652845973799,1620.1144012825584,91.05471409697336,-9.143,38.712,
2792,137.66416510318948,Private room,False,True,2.0,False,0,1,9.0,89.0,1,1.164841444187275,0.3037853876742044,200.89235043103045,6.626086162208414,483.42845867939815,27.169957909482218,-9.132,38.721,Anjos
1785,402.4390243902439,Entire home/apt,False,False,4.0,True,0,1,10.0,98.0,1,1.7628387239316532,0.1563233271933178,134.25119046730126,4.428042946915448,368.9259462650201,20.734613884996893,-9.1348,38.7278,Anjos
1856,221.85741088180112,Entire home/apt,False,False,2.0,False,0,1,10.0,92.0,1,0.8686609235882542,0.7123974204529651,226.5825845628356,7.473434030454344,704.6221080374414,39.60162599811748,-9.14948,38.71106,Mercês
1738,267.1200750469043,Private room,False,True,2.0,False,1,0,10.0,93.0,1,5.75738148951192,4.83566768362631,191.64267761344263,6.321001728032234,236.6736978803911,13.30168775594629,-9.20267,38.6965,
2176,123.82739212007505,Private room,False,True,2.0,False,0,0,9.0,93.0,1,0.8913611963575543,0.2887483794559341,215.58064676681423,7.110554171508585,618.4605439377598,34.75911822271979,-9.13751,38.72023,Pena
2471,245.3095684803002,Entire home/apt,False,False,4.0,False,0,1,10.0,93.0,1,1.328178861033773,0.5620320237755178,161.15571043216656,5.315441929791391,480.64473014787256,27.013505003834943,-9.14103,38.72429,Pena
608,609.5215759849906,Entire home/apt,False,False,4.0,True,0,1,10.0,98.0,1,0.5581946932028886,0.4582217538165096,613.047071014054,20.22029562257129,1050.1613927840533,59.02184765466707,-9.146,38.713,
2153,163.22701688555347,Entire home/apt,False,False,2.0,False,0,1,8.0,80.0,0,2.363684330332021,1.7989677255275744,112.47865909358433,3.709913717295213,297.92379170225666,16.744105017929552,-9.16541,38.70561,Santos-o-Velho
2701,193.24577861163223,Entire home/apt,False,False,2.0,False,0,1,9.0,92.0,0,0.9762544737207488,0.4297464151877215,249.744694490426,8.237396101431493,553.5294276019855,31.109817760190232,-9.131,38.718,São Vicente de Fora
868,167.6829268292683,Private room,False,True,2.0,False,1,0,10.0,80.0,1,2.259933013155341,0.6686096867367849,119.7490521533002,3.949715037472103,328.6469347755433,18.47082691268211,-9.15765,38.72705,São Sebastião da Pedreira
1377,204.7373358348968,Private room,False,True,2.0,False,0,1,8.0,80.0,1,1.1159852756541238,0.5628159774966345,239.810097272279,7.909720622434707,632.4150770468787,35.543399889250054,-9.14605,38.72108,Coração de Jesus
1597,353.89305816135084,Entire home/apt,False,False,4.0,False,0,0,9.0,96.0,2,0.9392178309118006,0.6514301631497894,208.50360162230768,6.87713009736775,662.4941479099587,37.23392322239996,-9.15,38.71,Santa Catarina
735,135.08442776735458,Private room,False,True,2.0,True,0,1,10.0,98.0,1,2.47655421301692,0.8496719163818105,110.94407298332403,3.659298052895368,291.7474475733208,16.396978143198012,-9.16275,38.72541,
557,123.82739212007505,Private room,False,True,2.0,True,0,1,10.0,96.0,1,0.4910438042578216,0.4375060914751999,340.3725133980252,11.226597708592424,1365.6225955592934,76.75160155639608,-9.145,38.711,
1605,135.78799249530957,Private room,False,True,2.0,True,0,1,10.0,97.0,1,2.2897703052096454,0.3950347595379727,112.81638427482255,3.721052997338632,328.77824498110084,18.47820689351284,-9.139,38.733,Saldanha
1219,100.60975609756098,Private room,False,True,2.0,True,0,0,10.0,98.0,1,2.322898196668105,0.5979435054393271,111.89749954994696,3.690745176522661,282.17498873879737,15.858980640248491,-9.12822,38.7313,
157,125.93808630393995,Private room,False,True,2.0,False,1,0,10.0,93.0,1,8.717168398669653,1.4836306389339058,41.381599549514895,1.3649003735422327,79.35586565462471,4.460009523635774,-9.155,38.79,
2478,242.7298311444653,Entire home/apt,False,False,4.0,False,0,1,10.0,93.0,1,1.250362776094563,0.7125264265158231,201.04375174847613,6.631079872383612,446.5760255046169,25.09875370078493,-9.128,38.719,São Vicente de Fora
1030,122.6547842401501,Private room,False,True,2.0,True,1,0,10.0,96.0,1,3.408568579444003,0.1678455058693405,86.93898680306509,2.86753187055762,196.96102658841804,11.069730600541044,-9.12438,38.74067,Olaias
2473,386.2570356472795,Entire home/apt,False,False,6.0,False,0,1,10.0,100.0,2,1.3086766044097475,0.1730872204404263,243.5229864382072,8.032183839532745,505.7126909724767,28.422390699852134,-9.12482,38.71448,São Vicente de Fora
1825,216.46341463414632,Entire home/apt,False,False,2.0,False,0,1,9.0,93.0,1,0.8560724309578631,0.5933951933752117,226.62268342971288,7.474756622112842,730.797483078446,41.07275130189412,-9.149,38.71,Santa Catarina
1597,353.89305816135084,Entire home/apt,False,False,4.0,False,0,0,9.0,96.0,2,0.9392178309118006,0.6514301631497894,208.50360162230768,6.87713009736775,662.4941479099587,37.23392322239996,-9.15,38.71,Santa Catarina
923,203.33020637898684,Entire home/apt,False,False,2.0,False,0,1,9.0,88.0,1,0.4751528770799645,0.3127745665935507,332.2299360338121,10.958028900064065,993.0057097712044,55.80954710871042,-9.143,38.709,Encarnação
2140,245.3095684803002,Entire home/apt,False,False,4.0,False,0,0,9.0,100.0,1,2.0821555944913377,1.5490027335207743,121.451268966882,4.00585971022521,325.264242469414,18.280710658812136,-9.16261,38.70709,Santos-o-Velho
1153,216.22889305816133,Entire home/apt,False,False,4.0,True,0,0,10.0,97.0,1,0.6131361643144496,0.4721298026874925,288.77104584915355,9.524612693525311,980.596494956072,55.112116417232514,-9.146,38.71,Encarnação
377,314.4934333958724,Entire home/apt,False,False,4.0,False,0,0,9.0,90.0,2,3.4642021983015407,2.787366813986117,104.84871752007196,3.4582533122562173,229.5950883578452,12.903851179856792,-9.1767,38.70093,Junqueira
2419,181.51969981238275,Entire home/apt,False,False,2.0,False,1,0,9.0,88.0,1,0.8519708135124148,0.504429347151896,345.9337826899441,11.41002654209671,666.3173100440315,37.448795045518615,-9.1304,38.71495,São Vicente de Fora
2445,291.51031894934334,Entire home/apt,False,False,4.0,False,0,1,10.0,95.0,2,0.7720603065418169,0.2357559139209538,290.4226727775227,9.579088746554293,624.8369065342373,35.117486664319514,-9.133,38.717,Socorro
387,235.92870544090056,Entire home/apt,False,False,4.0,False,0,1,10.0,100.0,1,5.637848681509837,4.502236405779482,118.90206629912524,3.921778676351863,136.76789078829202,7.686717174734908,-9.20369,38.7045,
654,290.3377110694184,Entire home/apt,False,False,4.0,True,0,1,10.0,96.0,2,0.4912264952820885,0.3640634069019151,387.0023026674981,12.764600528322608,1137.3778454066048,63.92364295493217,-9.1451,38.71348,
2783,85.60037523452156,Shared room,True,False,6.0,False,0,1,10.0,92.0,1,2.00826239116929,0.1009226841116123,127.90139816919672,4.218606048053474,387.2556920658222,21.76479407600128,-9.14988,38.72859,São Sebastião da Pedreira
1264,135.08442776735458,Private room,False,True,2.0,False,0,1,10.0,100.0,1,2.7765296606783694,0.0510839338400846,99.58567359058048,3.284660925699562,268.097131908219,15.0677678544158,-9.13339,38.73691,
1620,216.46341463414632,Entire home/apt,False,False,4.0,False,0,1,10.0,92.0,1,0.9391858168351144,0.6514116437072975,208.509769994609,6.877333550442303,662.5136542433771,37.23501952992682,-9.15,38.71,Santa Catarina
656,225.60975609756096,Entire home/apt,False,False,3.0,False,1,0,10.0,91.0,1,3.7642692196787575,0.4409166850864897,89.69806251768009,2.958535203307077,205.72047525161395,11.56203478167974,-9.168,38.738,Sete Rios
2422,291.51031894934334,Entire home/apt,False,False,6.0,False,0,1,10.0,94.0,2,0.7720715621466252,0.2357729646960903,290.4222217628265,9.579073870615856,624.8320891937938,35.11721591704608,-9.133,38.717,Socorro
2407,244.13696060037523,Entire home/apt,False,False,4.0,False,1,0,9.0,92.0,1,0.7720616165847232,0.2357582655524599,290.42271484230537,9.57909013398828,624.8363530026684,35.11745555438141,-9.133,38.717,Socorro
118,211.53846153846152,Entire home/apt,False,False,2.0,False,0,1,8.0,92.0,1,0.850960824162581,0.5894533047074526,409.6988388175829,13.51320645478754,806.463513312635,45.32538231632914,-9.13,38.711,São Miguel
2079,343.5741088180112,Entire home/apt,False,False,4.0,True,0,0,9.0,95.0,2,1.7505015589427788,0.9459184138412452,134.84344405156722,4.447577405399323,386.3403299247506,21.7133483027988,-9.15976,38.71205,Lapa
2518,297.3733583489681,Entire home/apt,False,False,6.0,True,0,0,10.0,99.0,2,1.392528129415793,0.637697235434659,176.29404891267964,5.814753799602941,404.703310529682,22.74539637769192,-9.128,38.721,São Vicente de Fora
2443,158.53658536585365,Private room,False,True,2.0,False,0,1,8.0,76.0,1,0.743439293872233,0.6402675409251305,263.6826093610821,8.697114078031104,825.1879190047363,46.37774343698846,-9.148,38.711,
493,453.56472795497183,Entire home/apt,False,False,6.0,False,0,0,9.0,91.0,2,0.8635846946718291,0.5661690841343623,360.8945197255512,11.90348053591669,775.8994326804207,43.60760015144006,-9.13022,38.70988,São Miguel
2395,173.54596622889304,Private room,False,True,2.0,False,0,1,8.0,80.0,1,1.983557634417217,0.2040322526249711,127.05822091197442,4.190795306905878,397.59106134992464,22.34566916389976,-9.148,38.729,São Sebastião da Pedreira
1490,125.93808630393995,Private room,False,True,2.0,False,0,1,10.0,90.0,1,1.164833428018777,0.3037774727640594,200.8935297633711,6.626125060442649,483.431940003385,27.1701535690974,-9.132,38.721,Anjos
2569,310.0375234521576,Entire home/apt,False,False,4.0,False,0,1,9.0,92.0,0,1.1071941572128956,0.7837036705044854,182.4361375552276,6.017339953202735,584.6637227713384,32.85964749012285,-9.152,38.71,São Bento
368,216.46341463414632,Entire home/apt,False,False,2.0,False,0,1,10.0,90.0,1,0.8565221416584922,0.5717757764561827,351.8890673151206,11.60645128879428,710.8571495032154,39.9520518184172,-9.13,38.714,São Vicente de Fora
854,343.5741088180112,Entire home/apt,False,False,4.0,False,0,1,7.0,80.0,1,3.764276807200084,0.4409044187363303,89.69848944852745,2.958549284881482,205.72042630440475,11.562032030717132,-9.168,38.738,Sete Rios
2160,250.93808630394,Entire home/apt,False,False,4.0,False,0,1,7.0,66.0,1,0.939205900634746,0.65142769343147,208.5059865499049,6.877208760073006,662.5024229209771,37.23438829990427,-9.15,38.71,Santa Catarina
1440,285.6472795497186,Entire home/apt,False,False,4.0,False,0,1,9.0,91.0,2,0.7081871477893208,0.3918510347770327,243.98448742501787,8.047405650099403,956.2114726860784,53.74161367416396,-9.14482,38.717290000000006,São José
1915,167.6829268292683,Private room,False,True,2.0,False,0,1,10.0,89.0,1,2.3619421405262147,0.1990436886958991,113.83250168222172,3.7545678697461713,376.65001671691226,21.16872707237745,-9.14451,38.73331,São Sebastião da Pedreira
2447,242.7298311444653,Entire home/apt,False,False,4.0,False,0,1,9.0,90.0,1,1.0573081232012365,0.5828896710984013,246.6916625297888,8.136697131143405,534.4597626125751,30.03805215390884,-9.129,38.717,São Vicente de Fora
772,232.4108818011257,Private room,False,True,2.0,False,0,1,10.0,100.0,1,0.3211912517397792,0.3308571831280085,452.4487622161728,14.92323862006959,1588.2173872248743,89.26201754834054,-9.1433,38.71204,
2488,285.6472795497186,Entire home/apt,False,False,4.0,True,0,0,10.0,93.0,2,0.7137450545828535,0.2695634323455808,329.04709239803026,10.853048316551163,659.7976405477564,37.082372377144,-9.1328,38.71594,São Vicente de Fora
2186,146.81050656660412,Private room,False,True,2.0,False,0,1,10.0,95.0,1,2.565198094997163,0.3966674410559422,116.69794249074016,3.849079470855989,347.39492944776055,19.52451379641014,-9.14991,38.73404,São Sebastião da Pedreira
564,300.656660412758,Entire home/apt,False,False,2.0,False,0,1,9.0,96.0,1,0.382167028056157,0.382932099718667,395.9760580502732,13.060584303898288,1613.617420993529,90.6895666220525,-9.144,38.712,
2041,155.95684803001876,Private room,False,True,2.0,False,0,1,10.0,97.0,1,0.1380495341768148,0.1952233090719903,526.0154224210971,17.349707463397152,1304.868346504683,73.33705208170187,-9.141,38.713,Sacramento
2344,135.08442776735458,Private room,False,True,2.0,False,1,0,10.0,100.0,1,1.463057893325133,0.9914763509664092,151.6073128719044,5.000504577475238,543.783367934026,30.56206343127644,-9.15566,38.70836,Madragoa
1041,335.3658536585366,Entire home/apt,False,False,4.0,False,0,1,10.0,94.0,2,0.2561427784462926,0.1807469639972599,440.0232641130567,14.513405090505357,1280.8651072180155,71.98800655200442,-9.142,38.711,Sacramento
1987,239.44652908067545,Entire home/apt,False,False,4.0,False,1,0,10.0,99.0,1,7.835010478931236,0.3908927822270465,73.31498473407505,2.418167763912722,107.2248074775388,6.026317759561424,-9.098,38.775,Quinta das Laranjeiras
1528,227.72045028142588,Entire home/apt,False,False,4.0,False,1,0,9.0,90.0,1,0.8560847654166794,0.5933980740837639,226.6194479317748,7.474649904818382,730.7983291761358,41.07279885482198,-9.149,38.71,Santa Catarina
548,242.7298311444653,Entire home/apt,False,False,2.0,True,0,0,10.0,95.0,1,2.443833222576798,0.8838081298779461,108.60294616261235,3.582080040375682,287.0822589271596,16.134782203177746,-9.166,38.72,Santo Condestável
508,222.0919324577861,Entire home/apt,False,False,4.0,False,1,0,10.0,93.0,1,0.936634879864455,0.5083625319269701,471.3783738259816,15.547599066222045,902.173627582021,50.704543864481856,-9.129,38.711,São Miguel
1042,335.3658536585366,Entire home/apt,False,False,4.0,False,0,1,9.0,93.0,2,0.2561253551699636,0.1807334528925279,440.0233025611946,14.51340635865058,1280.861349887159,71.98779538007318,-9.142,38.711,Sacramento
1953,352.7204502814259,Entire home/apt,False,False,4.0,False,0,1,10.0,100.0,2,2.41610297452368,1.4965031818919927,110.25802463357957,3.636669936557965,277.5115769780543,15.59688456588808,-9.16724,38.7099,Lapa
920,167.6829268292683,Shared room,True,False,2.0,False,0,1,10.0,93.0,1,0.1380558516960317,0.195231691524403,526.0153329080014,17.349704510962756,1304.8834427483296,73.33790053052013,-9.141,38.713,Sacramento
777,300.656660412758,Entire home/apt,False,False,4.0,False,0,1,9.0,92.0,2,0.4687021208105488,0.4575882894549468,375.244724321158,12.376797174861856,1598.0119859068418,89.81249989821355,-9.145,38.712,
2449,190.19699812382737,Entire home/apt,False,False,3.0,False,0,1,10.0,93.0,0,0.3499350726529263,0.1889915173016448,378.4422171597567,12.482260936952056,1041.3600803955792,58.52719062145001,-9.13913,38.7155,Pena
2446,291.51031894934334,Entire home/apt,False,False,5.0,False,0,1,9.0,93.0,2,0.7720668843846248,0.2357766084345177,290.425173206979,9.57917121888828,624.8343013833095,35.11734024794748,-9.133,38.717,Socorro
837,217.4015009380863,Entire home/apt,False,False,4.0,False,0,0,9.0,95.0,1,2.525573602323551,0.9707461961143148,106.33822152870933,3.507382021632209,277.38705482337986,15.589886091469458,-9.167,38.72,Santo Condestável
2561,231.00375234521576,Entire home/apt,False,False,4.0,False,0,1,9.0,87.0,1,0.7720823760868679,0.2357781157886586,290.4188955479514,9.578964161180386,624.8272413253574,35.11694345401871,-9.133,38.717,Socorro
670,297.3733583489681,Entire home/apt,False,False,6.0,True,0,0,9.0,96.0,2,0.462144893939079,0.3531996055276896,341.2690319661668,11.256167820474634,1115.8994027616066,62.71649767387033,-9.144,38.71,Encarnação
1604,135.08442776735458,Private room,False,True,2.0,True,0,1,10.0,100.0,1,2.289795730007426,0.3950216298236557,112.81559241288082,3.7210268791442696,328.77044624193223,18.477768583746105,-9.139,38.733,Saldanha
453,208.02063789868663,Entire home/apt,False,False,3.0,False,1,0,10.0,100.0,1,0.94296027585546,0.5041361816633644,325.6009849651141,10.739384432756005,657.7254616691694,36.9659104438397,-9.12907,38.71431,São Vicente de Fora
949,135.08442776735458,Private room,False,True,2.0,True,0,1,10.0,92.0,1,0.4910472453671543,0.4375078882070579,340.3711226178616,11.226551836118052,1365.6170278593304,76.75128863693318,-9.145,38.711,
1114,510.08442776735455,Entire home/apt,False,False,4.0,True,1,0,10.0,100.0,2,1.2173500741605838,0.5117599713045503,184.495264667322,6.085256693857135,624.371519160175,35.091330663079084,-9.14553,38.72232,Coração de Jesus
1604,135.08442776735458,Private room,False,True,2.0,True,0,1,10.0,100.0,1,2.289795730007426,0.3950216298236557,112.81559241288082,3.7210268791442696,328.77044624193223,18.477768583746105,-9.139,38.733,Saldanha
788,780.9568480300187,Entire home/apt,False,False,4.0,False,1,0,10.0,100.0,1,0.4207232375360125,0.2526653087461752,484.74220943353646,15.988382032837038,1140.3256180461246,64.08931557329903,-9.144,38.714,
1494,137.66416510318948,Private room,False,True,3.0,False,0,1,10.0,92.0,1,1.1648385457554489,0.3037861624216748,200.89298647102845,6.6261071408859005,483.4293989507874,27.17001075522105,-9.132,38.721,Anjos
2396,138.60225140712944,Private room,False,True,2.0,False,0,1,8.0,76.0,1,1.9835571193938493,0.2040129808459592,127.05840599248768,4.190801411465983,397.592780784842,22.34576580068953,-9.148,38.729,São Sebastião da Pedreira
1500,238.03939962476545,Entire home/apt,False,False,3.0,False,0,1,9.0,93.0,1,0.9392116834523498,0.6514377587007847,208.5050032211925,6.8771763266789,662.5004257400532,37.23427605305436,-9.15,38.71,Santa Catarina
1423,448.874296435272,Entire home/apt,False,False,4.0,False,0,1,10.0,97.0,2,0.475141366085266,0.3127669907767393,332.24094889935,10.958392140355642,993.0226219559172,55.81049761821922,-9.143,38.709,Encarnação
2257,253.98686679174483,Entire home/apt,False,False,4.0,True,0,1,10.0,100.0,1,0.984454319690352,0.1984478807173463,203.02933841871177,6.696571008961412,589.7781598086814,33.14709237786261,-9.137,38.721,Anjos
2624,216.46341463414632,Entire home/apt,False,False,4.0,True,0,0,10.0,97.0,1,1.253079338169949,0.2617824701968985,251.3517841459899,8.290403169671338,504.7565390092768,28.36865243076848,-9.12561,38.71499,São Vicente de Fora
473,181.51969981238275,Entire home/apt,False,False,2.0,False,0,1,9.0,91.0,1,0.9251175804833504,0.4763898638044144,421.29149350711015,13.895570087134551,760.1245115942477,42.72100786618744,-9.129,38.712,Alfama
1792,257.97373358348966,Entire home/apt,False,False,4.0,True,0,1,10.0,80.0,1,1.32163082878866,0.4311648911866127,179.48477608591037,5.91999440794151,429.5939768518808,24.144317653780064,-9.13026,38.72175,São Vicente de Fora
523,314.7279549718574,Entire home/apt,False,False,3.0,True,0,0,9.0,96.0,1,0.8509647337787036,0.5894591563734187,409.6922780918372,13.51299006061432,806.4623611789954,45.32531756337152,-9.13,38.711,São Miguel
2542,179.4090056285178,Entire home/apt,False,False,4.0,False,1,0,10.0,91.0,1,1.1551182828991802,0.238325715856138,300.5369868866975,9.912691875868273,825.2552359929072,46.38152682975808,-9.12635,38.71269,São Vicente de Fora
2509,146.81050656660412,Private room,False,True,2.0,False,0,1,9.0,93.0,1,0.7430825346511002,0.1463947047690825,268.9331874850557,8.870295301587946,650.1683497198605,36.54118076586239,-9.135,38.718,Socorro
1605,135.78799249530957,Private room,False,True,2.0,True,0,1,10.0,97.0,1,2.2897703052096454,0.3950347595379727,112.81638427482255,3.721052997338632,328.77824498110084,18.47820689351284,-9.139,38.733,Saldanha
1032,126.17260787992494,Private room,False,True,2.0,True,1,0,10.0,95.0,1,2.333489508816941,0.4250655886172371,111.0902534801797,3.664119563347717,285.8116262087554,16.063369283938854,-9.13,38.732,
578,377.1106941838649,Entire home/apt,False,False,4.0,False,0,1,10.0,97.0,1,0.2958795313914663,0.3061505229100553,512.2463383083358,16.895558076871982,1619.9068557295814,91.04304948799668,-9.143,38.712,
1575,77.62664165103189,Private room,False,True,2.0,False,0,1,9.0,89.0,1,2.035783005322547,0.3634139823353237,121.39105841145236,4.003873769360387,341.1164486031152,19.171646568132967,-9.13427,38.73023,Anjos
417,93.80863039399624,Private room,False,True,2.0,False,0,1,10.0,90.0,1,7.50303250089669,0.4457567161433329,55.229686699950925,1.821655538403836,94.78727331188992,5.327295445687812,-9.1184,38.77791,
1620,216.46341463414632,Entire home/apt,False,False,4.0,False,0,1,10.0,92.0,1,0.9391858168351144,0.6514116437072975,208.509769994609,6.877333550442303,662.5136542433771,37.23501952992682,-9.15,38.71,Santa Catarina
383,283.5365853658536,Entire home/apt,False,False,4.0,False,0,1,9.0,96.0,1,0.9447355105582071,0.5252526741615903,320.03675634196435,10.555857990837678,694.0472401421491,39.00729045486397,-9.12916,38.71465,São Vicente de Fora
1227,204.7373358348968,Private room,False,True,2.0,False,0,1,10.0,100.0,1,2.514592561259622,0.3092280668211731,105.40926460615262,3.4767419868243428,283.4025116253132,15.927970672921928,-9.131,38.734,
1597,353.89305816135084,Entire home/apt,False,False,4.0,False,0,0,9.0,96.0,2,0.9392178309118006,0.6514301631497894,208.50360162230768,6.87713009736775,662.4941479099587,37.23392322239996,-9.15,38.71,Santa Catarina
678,216.22889305816133,Entire home/apt,False,False,4.0,True,0,1,9.0,90.0,1,1.9176264146663755,0.3788463113961305,126.59836780475716,4.175627848792898,359.4475805511304,20.201904664276704,-9.16,38.719,Amoreiras
1093,297.3733583489681,Entire home/apt,False,False,2.0,True,1,0,10.0,98.0,1,0.4092667840144948,0.3512575311821387,367.9982283986213,12.13778406035651,1480.0328503501,83.18176045844136,-9.144,38.711,
1992,285.6472795497186,Entire home/apt,False,False,3.0,False,1,0,10.0,96.0,1,0.2642924691838707,0.0996898685787775,450.1288279966788,14.846719608787971,1099.6352803107177,61.802410978121245,-9.13907,38.71003,Chiado
1532,222.0919324577861,Entire home/apt,False,False,2.0,True,0,0,10.0,98.0,0,0.939190003185702,0.6514091843279776,208.5088682910444,6.877303809312292,662.5099956934515,37.23481390974517,-9.15,38.71,Santa Catarina
2528,303.00187617260787,Entire home/apt,False,False,4.0,True,0,1,10.0,93.0,1,0.7720688170610323,0.2357646970075775,290.42127326029527,9.579042585903007,624.8331836468774,35.117277428203906,-9.133,38.717,Socorro
1317,537.7579737335834,Entire home/apt,False,False,4.0,True,0,1,10.0,100.0,1,1.4500666919440472,0.3608082245417887,156.4853005755516,5.161396551476289,525.5404151354029,29.53676123653748,-9.14644,38.7243,Coração de Jesus
556,575.0469043151969,Entire home/apt,False,False,5.0,True,0,1,10.0,98.0,2,0.3012016501976534,0.2624403078814215,532.4189270830559,17.56091597153201,1366.7569800129431,76.8153569628176,-9.143,38.713,
2617,123.82739212007505,Private room,False,True,2.0,False,0,1,8.0,84.0,1,1.16484973473054,0.3037698856594262,200.88976535070807,6.626000897812255,483.4269327422596,27.169872147779355,-9.132,38.721,Anjos
172,123.82739212007505,Private room,False,True,2.0,False,1,0,9.0,86.0,1,0.4884314304204882,0.4705299926408848,640.3284491286853,21.120124618665365,902.6833240858624,50.73319015600099,-9.13402,38.712140000000005,Santiago
1445,135.08442776735458,Private room,False,True,2.0,False,0,1,9.0,89.0,1,2.5431140791764606,0.1720308515812733,104.85277320832888,3.4583870821074814,293.5769455643302,16.499800768798075,-9.135,38.735,
70,251.17260787992493,Entire home/apt,False,False,4.0,True,1,0,10.0,96.0,1,3.7256589620764577,0.3268068285422741,81.90477255284483,2.70148703455761,196.62055509070424,11.050595201918604,-9.13425,38.74568,
311,225.60975609756096,Entire home/apt,False,False,3.0,False,0,0,10.0,93.0,1,3.6195203423039977,2.629605608338779,98.89925175267878,3.2620204905023056,203.58947003313875,11.442266652494665,-9.18054,38.70633,Santo Amaro
1197,146.81050656660412,Private room,False,True,2.0,True,0,0,10.0,100.0,1,2.004308463799879,0.4216552138527318,123.3291922305331,4.067799755848001,323.669149308531,18.19106220459973,-9.13209,38.72944,
138,120.3095684803002,Private room,False,True,2.0,False,0,1,9.0,90.0,1,4.742773464745914,3.912622251119589,103.95548572053914,3.428791608742718,157.80435997367158,8.86902237847123,-9.191,38.698,Junqueira
1143,198.87429643527204,Private room,False,True,5.0,False,0,1,10.0,90.0,3,2.721611970689425,0.5514673852967179,100.17007419034258,3.3039363670937294,245.63894987180555,13.80555862842253,-9.12774,38.73506,
2836,252.34521575984988,Entire home/apt,False,False,4.0,False,0,1,10.0,90.0,1,1.653772366232763,0.5894942965817425,161.0997482946927,5.313596115633074,353.81090705407064,19.88510870633296,-9.12253,38.7189,Santa Engrácia
551,158.53658536585365,Private room,False,True,2.0,False,0,0,10.0,92.0,1,0.4720601281461273,0.3844736208525159,400.5543553570809,13.21159150932958,1263.4924413625365,71.01161678513324,-9.145,38.713,
794,234.7560975609756,Entire home/apt,False,False,6.0,False,0,1,9.0,89.0,2,0.3594859558493537,0.3079695600344396,400.58001377719125,13.212437807867447,1456.438606314587,81.85570154353566,-9.14346,38.71115,
2558,216.46341463414632,Entire home/apt,False,False,2.0,True,0,1,10.0,96.0,1,1.1014335098942694,0.6099675883299421,234.2357445128617,7.725860253420187,511.30910059666536,28.736923721653955,-9.12873,38.71743,São Vicente de Fora
446,233.81801125703564,Entire home/apt,False,False,4.0,False,0,1,10.0,80.0,1,0.8509635933435531,0.589459092948969,409.6929781516327,13.513013150873926,806.462471236333,45.32532374888497,-9.13,38.711,São Miguel
864,365.38461538461536,Entire home/apt,False,False,6.0,True,0,1,10.0,95.0,2,0.4686803992402338,0.4575837894547483,375.2381768342087,12.376581217347402,1600.3295544489863,89.94275337959613,-9.145,38.712,
917,135.08442776735458,Private room,False,True,2.0,False,0,1,9.0,93.0,1,1.2544893436588411,0.5008155304563934,176.7524006770741,5.829871738523769,631.8856904539142,35.51364696264747,-9.14538,38.72274,Coração de Jesus
2446,291.51031894934334,Entire home/apt,False,False,5.0,False,0,1,9.0,93.0,2,0.7720668843846248,0.2357766084345177,290.425173206979,9.57917121888828,624.8343013833095,35.11734024794748,-9.133,38.717,Socorro
2792,137.66416510318948,Private room,False,True,2.0,False,0,1,9.0,89.0,1,1.164841444187275,0.3037853876742044,200.89235043103045,6.626086162208414,483.42845867939815,27.169957909482218,-9.132,38.721,Anjos
714,222.0919324577861,Private room,False,True,2.0,False,0,1,9.0,89.0,1,0.2958718669600692,0.3061446133357031,512.2708698868447,16.89636720849171,1620.0054210694418,91.04858912077432,-9.143,38.712,
2506,210.36585365853657,Entire home/apt,False,False,3.0,False,0,0,9.0,90.0,1,0.6261253618023563,0.1843743044847637,340.47409815405746,11.229948305789344,712.5007101051846,40.04442427100133,-9.13396,38.71585,Socorro
515,158.30206378986867,Private room,False,True,2.0,False,0,1,9.0,81.0,1,2.6356434654446232,2.001620864331573,105.71807214033176,3.486927468375133,257.78998229410035,14.488478786603473,-9.16744,38.70292,
1507,250.93808630394,Entire home/apt,False,False,4.0,False,0,1,8.0,90.0,1,0.9392077524878988,0.6514318265517329,208.50568937257503,6.877198958193596,662.5019898858966,37.23436396218748,-9.15,38.71,Santa Catarina
1258,260.0844277673545,Private room,False,True,2.0,True,0,1,10.0,100.0,1,0.9279173771905298,0.5994873181151585,211.18490321276752,6.965568185364301,739.78477946567,41.57786112771606,-9.144,38.72,São José
1604,135.08442776735458,Private room,False,True,2.0,True,0,1,10.0,100.0,1,2.289795730007426,0.3950216298236557,112.81559241288082,3.7210268791442696,328.77044624193223,18.477768583746105,-9.139,38.733,Saldanha
1572,295.96622889305814,Entire home/apt,False,False,6.0,False,0,0,8.0,84.0,3,1.0159298376466117,0.6875498046419775,198.07396909096667,6.533126736141892,644.2233335751016,36.20705513563876,-9.15071,38.71528,Mercês
471,158.30206378986867,Entire home/apt,False,False,4.0,False,0,0,10.0,93.0,2,3.434718674657475,2.507692231452505,102.83444588084495,3.391816051668771,215.4596222413756,12.109400599796729,-9.17822,38.70575,Santo Amaro
2828,129.6904315196998,Private room,False,True,2.0,False,0,1,10.0,91.0,1,1.6184711403939964,0.1794335112139877,144.5582836440473,4.768004559811588,380.9183305344735,21.4086175974086,-9.133,38.726,Anjos
1043,334.4277673545966,Entire home/apt,False,False,2.0,False,0,1,10.0,96.0,0,0.256132358095315,0.180749138264742,440.0293673311104,14.513606394579917,1280.8670811666923,71.98811749314059,-9.142,38.711,Sacramento
1674,270.4033771106942,Entire home/apt,False,False,4.0,False,0,1,8.0,85.0,1,0.7590447714079417,0.6266918760918213,256.74078037816776,8.468149874738069,804.0959326245065,45.19231802007426,-9.14813,38.71081,Santa Catarina
1266,100.60975609756098,Private room,False,True,2.0,False,0,1,10.0,94.0,1,2.1544463198966457,0.3010426557435821,116.93272126439558,3.8568232419849577,320.5858436446482,18.0177722718171,-9.13296,38.73107,
745,156.19136960600375,Private room,False,True,2.0,False,0,1,10.0,100.0,1,3.33944355485817,0.4635756766964798,89.2164853100073,2.9426512133744134,238.72701457209385,13.417089584462552,-9.13893,38.74246,
1653,237.3358348968105,Entire home/apt,False,False,3.0,True,0,0,10.0,96.0,1,0.9378296125668708,0.2614238769353561,207.88668744743148,6.856782252023481,597.1079407960077,33.55904545455033,-9.13759,38.72067,Pena
43,237.1013133208255,Entire home/apt,False,False,2.0,True,1,0,10.0,94.0,0,0.4412497588483791,0.3165956823621431,477.8963357080698,15.762582747482396,860.7962105850972,48.37902359767629,-9.135,38.714,São Cristóvão e São Lourenço
1140,200.046904315197,Private room,False,True,2.0,True,0,1,10.0,97.0,1,1.8568105458324635,0.3154766257806008,130.56471215416758,4.306450846043879,339.3897915226693,19.07460387369173,-9.132,38.728,
1106,148.92120075046904,Private room,False,True,2.0,False,0,1,10.0,94.0,1,0.3011750069197816,0.262425421716783,532.6188514963616,17.567510131964944,1366.7520905858578,76.81508216408426,-9.143,38.713,
2606,291.9793621013133,Entire home/apt,False,False,6.0,False,0,1,10.0,93.0,2,0.8615100136966206,0.3651204857050771,285.3125100198825,9.410538880606776,596.4554618727582,33.522374413441284,-9.1315,38.71681,São Vicente de Fora
2196,119.13696060037525,Private room,False,True,2.0,True,0,1,10.0,95.0,1,2.289788487629051,0.3950304093077153,112.81583573304722,3.7210349046384414,328.77297100298983,18.47791048199482,-9.139,38.733,Saldanha
521,242.7298311444653,Entire home/apt,False,False,5.0,False,0,1,9.0,86.0,1,0.8509686547431655,0.5894553463637824,409.6928458097016,13.513008785804592,806.4625384841437,45.32532752838978,-9.13,38.711,São Miguel
1033,118.66791744840523,Private room,False,True,2.0,True,1,0,10.0,98.0,1,2.333487539493861,0.4250702909384447,111.09032818543534,3.664122027371159,285.8116026405642,16.06336795934418,-9.13,38.732,
412,245.3095684803002,Entire home/apt,False,False,2.0,False,0,1,8.0,100.0,0,0.9162380981956726,0.533508821329239,436.805209556148,14.407263135756883,908.587964366166,51.065046555859496,-9.12926,38.7109,São Miguel
2470,125.93808630393995,Private room,False,True,2.0,False,0,1,9.0,85.0,1,1.1648349768244666,0.3037763813934918,200.8931508369927,6.626112562212493,483.4314968763405,27.17012866418555,-9.132,38.721,Anjos
831,355.0656660412758,Entire home/apt,False,False,5.0,False,1,0,10.0,100.0,2,0.4686899648705617,0.4575835838215685,375.2423392437128,12.376718507214129,1599.1893544723534,89.87867112540255,-9.145,38.712,
1243,245.3095684803002,Entire home/apt,False,False,4.0,False,0,1,10.0,87.0,2,2.941794489104221,0.4992373131430259,95.834278042738,3.160927642300784,217.2533572822641,12.210213253017098,-9.122,38.735,Picheleira
1268,83.25515947467167,Shared room,True,False,3.0,False,1,0,8.0,80.0,1,2.095144444148404,0.4933508069603548,119.91141310864562,3.955070232317446,308.859746585401,17.358734604873423,-9.131,38.73,
2673,223.49906191369604,Entire home/apt,False,False,3.0,False,0,1,10.0,87.0,1,0.6525962024733146,0.0647773099997752,298.43595668699584,9.843393034460153,685.2487944916784,38.51279453990441,-9.135,38.717,Socorro
1942,178.0018761726079,Private room,False,True,2.0,False,0,1,10.0,84.0,1,2.3840598526781136,0.2728289680509932,111.7924996397078,3.6872819363804856,360.97508223937984,20.28775429896676,-9.14259,38.73373,Saldanha
2444,252.34521575984988,Entire home/apt,False,False,4.0,False,0,1,10.0,100.0,1,1.0561873243349686,0.5240781004330858,235.12427684743776,7.755166953223229,540.7540368603599,30.39180701321153,-9.12989,38.71806,São Vicente de Fora
832,256.8011257035647,Entire home/apt,False,False,3.0,False,1,0,10.0,100.0,1,0.4686771482208154,0.457581964867875,375.2378709701072,12.376571128949882,1600.6184041653364,89.9589874975809,-9.145,38.712,
2004,177.0637898686679,Entire home/apt,False,False,4.0,False,1,0,9.0,83.0,1,1.2164463852547989,0.3849765293513024,194.69645485967845,6.421725280274691,462.0778126415344,25.969995135727263,-9.131,38.721,São Vicente de Fora
1895,158.53658536585365,Private room,False,True,2.0,False,0,1,9.0,76.0,1,2.4019781070309985,0.228800600118234,116.32390355678628,3.836742444587536,359.1753720266032,20.18660582528363,-9.148,38.733,São Sebastião da Pedreira
1834,250.93808630394,Entire home/apt,False,False,4.0,False,0,1,6.0,60.0,1,0.9392043944584588,0.6514294596862893,208.5063281177871,6.877220026097882,662.5039394675564,37.234473533832855,-9.15,38.71,Santa Catarina
625,427.2983114446529,Entire home/apt,False,False,6.0,True,0,1,10.0,98.0,2,0.4720671743576315,0.3844752787192086,400.5559912873265,13.211645467654726,1263.4751093947248,71.01064268270407,-9.145,38.713,
59,79.73733583489681,Private room,False,True,2.0,False,0,1,9.0,90.0,1,7.39236625472214,0.4103906689330043,55.86697752357247,1.8426754722073928,96.70791600503486,5.43524064459988,-9.119,38.777,Bairro da Encarnação
2345,262.6641651031895,Entire home/apt,False,False,4.0,False,0,0,10.0,100.0,2,2.2897950445039394,0.3950396369086629,112.81567596166396,3.7210296348561447,328.7717217915612,18.47784027300872,-9.139,38.733,Saldanha
199,179.17448405253282,Private room,False,True,2.0,False,0,1,10.0,80.0,1,2.5768405945781128,1.9554069339381053,107.26632499391113,3.537993906627713,281.6319373440605,15.828459715646757,-9.16776,38.70506,
2041,155.95684803001876,Private room,False,True,2.0,False,0,1,10.0,97.0,1,0.1380495341768148,0.1952233090719903,526.0154224210971,17.349707463397152,1304.868346504683,73.33705208170187,-9.141,38.713,Sacramento
220,468.5741088180112,Entire home/apt,False,False,6.0,True,1,0,10.0,96.0,3,0.7514332935943944,0.6481755189189736,459.2176686678504,15.1464992732329,835.850886832008,46.97703042941864,-9.131,38.712,Santiago
2553,253.28330206378985,Entire home/apt,False,False,4.0,True,0,1,10.0,100.0,1,0.9593285001921712,0.4018923908698185,252.9956064885434,8.344621801957498,560.1886443096788,31.484083350909494,-9.1314,38.71813,Anjos
1834,250.93808630394,Entire home/apt,False,False,4.0,False,0,1,6.0,60.0,1,0.9392043944584588,0.6514294596862893,208.5063281177871,6.877220026097882,662.5039394675564,37.234473533832855,-9.15,38.71,Santa Catarina
334,225.60975609756096,Entire home/apt,False,False,2.0,False,0,1,10.0,97.0,0,0.4434450123422744,0.4046833022990161,594.5739044375601,19.610990225118137,895.185625848789,50.3117996857838,-9.13455,38.71273,São Vicente de Fora
2276,260.0844277673545,Entire home/apt,False,False,4.0,True,0,1,10.0,98.0,1,1.7383931943348356,0.5509368643000006,134.59663593162077,4.439436867122037,395.16773109009625,22.20947159427348,-9.141,38.728,Pena
854,343.5741088180112,Entire home/apt,False,False,4.0,False,0,1,7.0,80.0,1,3.764276807200084,0.4409044187363303,89.69848944852745,2.958549284881482,205.72042630440475,11.562032030717132,-9.168,38.738,Sete Rios
777,300.656660412758,Entire home/apt,False,False,4.0,False,0,1,9.0,92.0,2,0.4687021208105488,0.4575882894549468,375.244724321158,12.376797174861856,1598.0119859068418,89.81249989821355,-9.145,38.712,
1494,137.66416510318948,Private room,False,True,3.0,False,0,1,10.0,92.0,1,1.1648385457554489,0.3037861624216748,200.89298647102845,6.6261071408859005,483.4293989507874,27.17001075522105,-9.132,38.721,Anjos
1245,440.9005628517824,Private room,False,True,2.0,False,0,1,9.0,80.0,1,1.44074027127204,0.3192944269821684,158.75424370298944,5.236233709921081,532.1157716515182,29.906313662703543,-9.147,38.724,Coração de Jesus
2905,262.8986866791745,Entire home/apt,False,False,4.0,True,1,0,10.0,94.0,2,0.2958730911881279,0.3061402752721528,512.27575876711,16.89652845973799,1620.1144012825584,91.05471409697336,-9.143,38.712,
834,353.6585365853658,Entire home/apt,False,False,6.0,True,0,1,10.0,99.0,3,1.9287279358821745,0.3060158061453324,126.60615686148736,4.175884757335736,363.48281585477,20.42869556039864,-9.15932,38.72038,Amoreiras
764,239.44652908067545,Entire home/apt,False,False,3.0,True,1,0,10.0,95.0,1,0.4092714200425893,0.3512597981734078,367.9954643251713,12.137692892182118,1480.0380096217646,83.18205042315373,-9.144,38.711,
522,565.9005628517823,Entire home/apt,False,False,4.0,True,0,1,10.0,99.0,1,0.3182665416277193,0.3285179260305917,493.2116545954613,16.26773200942203,1040.8384659219196,58.49787450850742,-9.136,38.712,São Cristóvão e São Lourenço
603,191.83864915572232,Entire home/apt,False,False,4.0,True,0,1,10.0,98.0,1,1.847412549907688,0.2380671004444978,129.99759793813575,4.28774556607091,378.668621120812,21.282177978514987,-9.15857,38.71992,Amoreiras
194,170.02814258911818,Entire home/apt,False,False,2.0,False,0,1,8.0,84.0,1,0.7963604833134407,0.4024998519035569,349.68516515228146,11.53375939389277,775.2595152882259,43.571635101598,-9.13162,38.70889,Sé
1539,112.10131332082553,Private room,False,True,2.0,True,0,1,10.0,95.0,1,2.289795053517284,0.3950259252829011,112.81562738563824,3.721028032660088,328.77089198909795,18.47779363591569,-9.139,38.733,Saldanha
1895,158.53658536585365,Private room,False,True,2.0,False,0,1,9.0,76.0,1,2.4019781070309985,0.228800600118234,116.32390355678628,3.836742444587536,359.1753720266032,20.18660582528363,-9.148,38.733,São Sebastião da Pedreira
1836,223.26454033771105,Entire home/apt,False,False,4.0,False,1,0,9.0,86.0,2,1.2164514227539864,0.3849619558856896,194.69498387136463,6.421676762273433,462.07651282258513,25.969922082464663,-9.131,38.721,São Vicente de Fora
912,393.2926829268292,Entire home/apt,False,False,4.0,False,0,1,10.0,95.0,1,0.4092682291038442,0.3512526784541803,367.9966209106869,12.137731040151731,1479.9958974276874,83.17968360647173,-9.144,38.711,
178,225.60975609756096,Entire home/apt,False,False,2.0,False,0,1,10.0,94.0,0,0.4412607108614115,0.3166083781046442,477.90167377820006,15.762758814478213,860.7811649758995,48.378177994648,-9.135,38.714,São Cristóvão e São Lourenço
1397,100.60975609756098,Private room,False,True,2.0,False,1,0,10.0,100.0,1,6.533473949936336,0.8675368806413292,143.67622641529573,4.738911430156992,119.71616588547371,6.7283651382014265,-9.09476,38.75961,
299,436.21013133208254,Entire home/apt,False,False,6.0,False,0,1,10.0,95.0,2,0.3808735483356715,0.3509616974737408,528.6616227434082,17.43698779687165,994.8721487338,55.91444591461205,-9.13526,38.71261,São Cristóvão e São Lourenço
912,393.2926829268292,Entire home/apt,False,False,4.0,False,0,1,10.0,95.0,1,0.4092682291038442,0.3512526784541803,367.9966209106869,12.137731040151731,1479.9958974276874,83.17968360647173,-9.144,38.711,
2031,297.3733583489681,Entire home/apt,False,False,6.0,False,0,1,9.0,93.0,3,0.3503672901369977,0.351251530767044,459.86337459750007,15.167796764730848,1065.0061727318168,59.85616354798054,-9.136,38.711,São Cristóvão e São Lourenço
2618,132.97373358348966,Private room,False,True,2.0,False,0,1,9.0,92.0,1,1.1648321117676417,0.303777415882951,200.89379504942409,6.6261338104435366,483.4324028075399,27.170179579914887,-9.132,38.721,Anjos
2626,204.9718574108818,Entire home/apt,False,False,2.0,True,0,1,10.0,96.0,1,1.075196700692624,0.3977976590426522,230.0960641814824,7.589320069083326,511.39665289672087,28.74184439246817,-9.13169,38.7198,São Vicente de Fora
2596,268.52720450281424,Entire home/apt,False,False,2.0,True,0,0,10.0,99.0,1,0.4269087493121254,0.2187722438732062,350.3109208589861,11.554398861847735,925.9055218991704,52.03833908926162,-9.138,38.716,Pena
2664,164.39962476547842,Private room,False,True,2.0,False,0,1,10.0,100.0,1,0.8417859575810243,0.3758459028881863,302.55824928813234,9.979359714636669,612.3411513774612,34.415192176766475,-9.13141,38.71638,São Vicente de Fora
2407,244.13696060037523,Entire home/apt,False,False,4.0,False,1,0,9.0,92.0,1,0.7720616165847232,0.2357582655524599,290.42271484230537,9.57909013398828,624.8363530026684,35.11745555438141,-9.133,38.717,Socorro
2507,163.93058161350842,Entire home/apt,False,False,2.0,False,0,1,9.0,74.0,1,0.7431009468098315,0.1464135329326301,268.92933028585713,8.870168078554418,650.1532525908439,36.54033226728401,-9.135,38.718,Socorro
2569,310.0375234521576,Entire home/apt,False,False,4.0,False,0,1,9.0,92.0,0,1.1071941572128956,0.7837036705044854,182.4361375552276,6.017339953202735,584.6637227713384,32.85964749012285,-9.152,38.71,São Bento
479,190.90056285178235,Entire home/apt,False,False,5.0,False,0,0,9.0,88.0,2,0.4628031722963704,0.2650288537770561,440.2607664846176,14.521238694793,827.9656044146705,46.53385670321995,-9.13503,38.71447,Mouraria
443,269.6998123827392,Entire home/apt,False,False,2.0,False,0,1,9.0,87.0,1,0.9145124053885442,0.5185941921117874,333.88404848566194,11.012586933779248,670.1750380108906,37.665609559856726,-9.12934,38.71408,São Vicente de Fora
670,297.3733583489681,Entire home/apt,False,False,6.0,True,0,0,9.0,96.0,2,0.462144893939079,0.3531996055276896,341.2690319661668,11.256167820474634,1115.8994027616066,62.71649767387033,-9.144,38.71,Encarnação
2456,291.51031894934334,Entire home/apt,False,False,4.0,False,0,1,10.0,91.0,2,0.7720705350012415,0.2357705945424221,290.42205319924267,9.579068310838055,624.8325128545595,35.11723972790158,-9.133,38.717,Socorro
2537,286.8198874296436,Entire home/apt,False,False,4.0,False,0,1,9.0,91.0,1,0.7216284639114574,0.3667503586053561,371.43803100166105,12.251239990260398,687.0422206980716,38.61358983580936,-9.13209,38.71509,São Vicente de Fora
2111,215.29080675422136,Entire home/apt,False,False,2.0,False,0,0,9.0,83.0,1,2.366489806080834,1.781082854551172,112.61764536238768,3.7144979385982086,298.91165422425905,16.799625504283377,-9.16518,38.705020000000005,Santos-o-Velho
2313,315.66604127579734,Entire home/apt,False,False,2.0,False,0,1,8.0,100.0,1,1.6783048293604017,0.2635236092336766,140.54261222270392,4.635554594544871,460.2275182909672,25.86600369971956,-9.148,38.726,Coração de Jesus
1768,275.3283302063789,Entire home/apt,False,False,4.0,True,1,0,10.0,93.0,1,1.0861676445055268,0.8538719526583347,186.10764049698648,6.138438117392158,589.6238807382642,33.13842148608061,-9.152,38.711,São Bento
2632,309.09943714821765,Entire home/apt,False,False,4.0,False,0,1,8.0,100.0,1,1.133670055965837,0.7314687772713828,178.6639586149779,5.892921165609608,595.1618607469501,33.44967060896135,-9.152,38.709140000000005,São Bento
631,519.4652908067542,Entire home/apt,False,False,4.0,False,0,0,9.0,95.0,2,0.6322883585917553,0.5698556246083367,385.7853019762203,12.724459868797384,910.6028985826568,51.17829118775803,-9.1469,38.71222,
57,138.60225140712944,Private room,False,True,2.0,False,0,1,10.0,91.0,1,0.3503486004059415,0.3512459683432997,459.8668093721839,15.167910054823547,1064.997478672904,59.85567491887631,-9.136,38.711,São Cristóvão e São Lourenço
2259,295.4971857410882,Entire home/apt,False,False,3.0,True,0,1,10.0,95.0,1,0.984459205841192,0.1984434901502439,203.02870007868003,6.696549954421297,589.7762443999947,33.146984726828705,-9.137,38.721,Anjos
726,256.8011257035647,Entire home/apt,False,False,4.0,False,0,1,10.0,96.0,2,3.724720378296478,0.4474074971220124,92.22580894786049,3.041908540353776,210.7521866143332,11.844830267719612,-9.162,38.741,
855,226.78236397748591,Entire home/apt,False,False,4.0,True,1,0,10.0,94.0,0,0.5241124643588352,0.3720464366815106,368.9945013882047,12.170644399019965,1064.21910045762,59.81192800458688,-9.14538,38.71379,
2604,448.170731707317,Entire home/apt,False,False,6.0,False,0,1,9.0,89.0,2,1.0573279939077755,0.5829046002128071,246.686399301848,8.136523532687553,534.4494347519578,30.037471700827865,-9.129,38.717,São Vicente de Fora
2602,280.0187617260788,Entire home/apt,False,False,4.0,False,0,1,9.0,94.0,2,0.9709999900231304,0.4169247244978095,250.4641987539508,8.261127703127439,556.4165894515038,31.272083891860603,-9.13121,38.71812,São Vicente de Fora
66,148.45215759849904,Private room,False,True,2.0,False,1,0,9.0,94.0,1,1.0616207751821078,0.39280527131639,919.1812669763648,30.31760174344857,685.2504763438897,38.51288906444671,-9.12754,38.71103,Alfama
2700,233.81801125703564,Entire home/apt,False,False,4.0,False,0,1,9.0,90.0,1,1.3898267839699694,0.1702975904590228,221.92422143160408,7.319785992506818,459.82249021510887,25.843240050671483,-9.124,38.715,São Vicente de Fora
514,210.36585365853657,Entire home/apt,False,False,3.0,False,0,1,8.0,86.0,1,0.8509655924515448,0.5894526746531948,409.6965727048613,13.513131710985126,806.4631781243407,45.32536347786052,-9.13,38.711,São Miguel
43,237.1013133208255,Entire home/apt,False,False,2.0,True,1,0,10.0,94.0,0,0.4412497588483791,0.3165956823621431,477.8963357080698,15.762582747482396,860.7962105850972,48.37902359767629,-9.135,38.714,São Cristóvão e São Lourenço
958,144.4652908067542,Private room,False,True,2.0,False,0,1,10.0,92.0,1,0.708942554732516,0.3817358479400541,241.47524355607067,7.964642587981984,859.4841385554583,48.305281679550745,-9.14401,38.71776,São José
403,242.7298311444653,Entire home/apt,False,False,4.0,False,0,1,10.0,87.0,1,3.529524811608693,2.692046176929843,232.43105696719965,7.666335761085044,243.9814382858522,13.712402093642067,-9.17865,38.7036,Santo Amaro
2259,295.4971857410882,Entire home/apt,False,False,3.0,True,0,1,10.0,95.0,1,0.984459205841192,0.1984434901502439,203.02870007868003,6.696549954421297,589.7762443999947,33.146984726828705,-9.137,38.721,Anjos
2044,304.1744840525328,Private room,False,True,3.0,False,0,1,9.0,84.0,1,0.2049302086435006,0.1063118879819395,421.74450550974205,13.910511903264,1228.7331669098858,69.05805363243319,-9.14112,38.71094,Chiado
832,256.8011257035647,Entire home/apt,False,False,3.0,False,1,0,10.0,100.0,1,0.4686771482208154,0.457581964867875,375.2378709701072,12.376571128949882,1600.6184041653364,89.9589874975809,-9.145,38.712,
907,398.921200750469,Entire home/apt,False,False,6.0,False,0,1,9.0,86.0,2,0.4410320741727134,0.3257142647497516,400.5624694385612,13.211859138250748,1225.8040431972777,68.89342913307988,-9.14453,38.7134,
2539,256.8011257035647,Entire home/apt,False,False,4.0,True,0,1,9.0,90.0,1,0.7720746830090613,0.2357797511630578,290.42262703558663,9.579087237835774,624.8307938756236,35.11714311673917,-9.133,38.717,Socorro
2555,194.18386491557223,Entire home/apt,False,False,4.0,True,1,0,10.0,97.0,2,0.658021958028296,0.2170953950591956,336.91125345590984,11.112434045530843,688.7889896821536,38.71176287242526,-9.13351,38.71586,Socorro
2563,256.5666041275797,Entire home/apt,False,False,4.0,True,0,0,10.0,98.0,1,1.417001598016162,0.5124213877829049,188.0884762729203,6.203772553951646,407.2242868330303,22.887081913210213,-9.125,38.718,São Vicente de Fora
2423,291.51031894934334,Entire home/apt,False,False,5.0,False,0,1,10.0,94.0,2,0.7720527917177314,0.2357589014726878,290.4266759390133,9.579220783901167,624.8404042049767,35.11768324266542,-9.133,38.717,Socorro
376,216.46341463414632,Entire home/apt,False,False,3.0,False,0,1,10.0,90.0,1,0.9388101694860588,0.5367634733769968,318.5531506174906,10.506923826146904,673.1262144980439,37.831473483462815,-9.12926,38.71473,São Vicente de Fora
140,280.0187617260788,Entire home/apt,False,False,3.0,False,0,1,9.0,67.0,1,0.4661159631789973,0.3181307314141148,473.647994728647,15.622458579908574,831.5071674777959,46.73290191380137,-9.13471,38.71404,São Vicente de Fora
2446,291.51031894934334,Entire home/apt,False,False,5.0,False,0,1,9.0,93.0,2,0.7720668843846248,0.2357766084345177,290.425173206979,9.57917121888828,624.8343013833095,35.11734024794748,-9.133,38.717,Socorro
2787,207.08255159474672,Entire home/apt,False,False,3.0,False,0,1,9.0,88.0,1,1.3898333957983715,0.1702947837554518,221.9212499532335,7.319687983440419,459.8201875738775,25.843110636144445,-9.124,38.715,São Vicente de Fora
2464,123.82739212007505,Private room,False,True,2.0,False,0,1,8.0,85.0,1,0.7079342655445032,0.1461839712810069,294.91988356009523,9.727421453454294,655.1001656275766,36.81836186313582,-9.13404,38.71701,Socorro
609,337.7110694183865,Entire home/apt,False,False,2.0,False,0,1,9.0,83.0,1,0.2958702785752169,0.3061349571112376,512.2900158375363,16.896998704507702,1620.225190408317,91.06094073884692,-9.143,38.712,
1481,201.21951219512195,Private room,False,True,4.0,False,1,0,10.0,94.0,2,5.8506712220462775,4.816082354410948,201.59984595478912,6.649421676426568,148.16522175725234,8.327277317911037,-9.20508,38.70013,Restelo
167,285.6472795497186,Entire home/apt,False,False,5.0,False,1,0,9.0,93.0,2,5.073870323230717,3.9952784048535706,108.10348330081864,3.565606123126132,149.47942836919984,8.401139205207699,-9.197,38.704,
2212,245.3095684803002,Entire home/apt,False,False,3.0,False,0,1,9.0,92.0,1,1.5546641650186104,1.0413638975135695,144.63805991322107,4.77063584184951,514.7874324888361,28.932415173199143,-9.15647,38.70766,Santos-o-Velho
160,250.93808630394,Private room,False,True,2.0,False,1,0,6.0,64.0,1,5.507678133838742,0.4190721636448607,63.77780468803846,2.103600401870588,133.83307013318128,7.521772492146167,-9.16793,38.75678,
2282,274.155722326454,Entire home/apt,False,False,3.0,False,0,1,9.0,80.0,2,1.3500861139743594,0.2989990007032692,161.73221313806744,5.334456872838499,508.9362021018093,28.60356055059689,-9.15324,38.71823,São Mamede
176,256.8011257035647,Entire home/apt,False,False,4.0,False,1,0,9.0,93.0,2,0.9298260214234272,0.5312121165485484,437.8817891807189,14.44277224965584,872.5824675327309,49.0414424094532,-9.12914,38.71074,Alfama
514,210.36585365853657,Entire home/apt,False,False,3.0,False,0,1,8.0,86.0,1,0.8509655924515448,0.5894526746531948,409.6965727048613,13.513131710985126,806.4631781243407,45.32536347786052,-9.13,38.711,São Miguel
397,230.3001876172608,Entire home/apt,False,False,3.0,False,0,1,5.0,50.0,2,0.8777140253688369,0.5594422989172555,419.4562851779724,13.835038919629271,842.4376171979566,47.34722209602596,-9.12967,38.71108,São Miguel
912,393.2926829268292,Entire home/apt,False,False,4.0,False,0,1,10.0,95.0,1,0.4092682291038442,0.3512526784541803,367.9966209106869,12.137731040151731,1479.9958974276874,83.17968360647173,-9.144,38.711,
2064,158.53658536585365,Private room,False,True,2.0,False,0,1,8.0,74.0,1,0.7434505436059115,0.6402640267607893,263.6777711585256,8.696954498301258,825.1776258530037,46.37716493463861,-9.148,38.711,
2352,292.6829268292683,Entire home/apt,False,False,5.0,False,0,1,8.0,70.0,2,2.155793333021049,0.4004326327864921,116.97217167593428,3.858124445467466,355.0725512653477,19.956016447699245,-9.13855,38.73178,Saldanha
1262,183.86491557223263,Entire home/apt,False,False,6.0,True,1,0,9.0,100.0,2,2.248306524430425,0.1968893087805526,113.52332394962768,3.74437017784198,313.5021738427262,17.619651294643663,-9.13327,38.73201,
351,256.5666041275797,Entire home/apt,False,False,4.0,False,0,1,10.0,100.0,2,5.454106113673028,4.3816777230117765,125.2579739301637,4.1314172788767385,148.7600137797072,8.360706202629865,-9.20113,38.70269,
767,158.53658536585365,Private room,False,True,2.0,False,0,1,9.0,84.0,1,0.2079101302337808,0.1807544740657647,456.78350630495765,15.066212644524906,1234.2912704629523,69.3704337517292,-9.138,38.711,
2621,234.9906191369606,Entire home/apt,False,False,2.0,False,0,1,9.0,93.0,1,0.4439991175811088,0.289011920984904,527.7500452951288,17.406920993915413,886.8311099474716,49.84225379679544,-9.13772,38.70866,
1794,360.92870544090056,Entire home/apt,False,False,6.0,False,1,0,10.0,100.0,2,1.4113527013613762,0.332391917995342,164.42888107146132,5.423401793036776,420.71621303753386,23.64536384823653,-9.13184,38.72353,Anjos
1991,268.29268292682923,Entire home/apt,False,False,6.0,False,0,1,9.0,87.0,2,0.2323368080328934,0.2648332770326819,497.1839860151449,16.398752479814245,1146.4529336030407,64.43368691261634,-9.137,38.712,São Cristóvão e São Lourenço
1528,227.72045028142588,Entire home/apt,False,False,4.0,False,1,0,9.0,90.0,1,0.8560847654166794,0.5933980740837639,226.6194479317748,7.474649904818382,730.7983291761358,41.07279885482198,-9.149,38.71,Santa Catarina
536,335.3658536585366,Entire home/apt,False,False,4.0,False,0,1,10.0,100.0,1,0.3821594742369331,0.3829149772663861,395.9778649127247,13.060643900126124,1613.6955039365184,90.69395508995582,-9.144,38.712,
284,216.22889305816133,Entire home/apt,False,False,4.0,False,0,1,8.0,77.0,1,4.629335449940399,3.70744120470863,101.22641250940516,3.3387778565956108,158.44914244337616,8.905260858536105,-9.19082,38.7009,Junqueira
2422,291.51031894934334,Entire home/apt,False,False,6.0,False,0,1,10.0,94.0,2,0.7720715621466252,0.2357729646960903,290.4222217628265,9.579073870615856,624.8320891937938,35.11721591704608,-9.133,38.717,Socorro
754,277.4390243902439,Entire home/apt,False,False,4.0,False,0,1,8.0,88.0,1,0.339205989905819,0.2679268145222863,417.8541030486575,13.782193717641178,1417.1377943594673,79.64689197211315,-9.14305,38.7109,
1546,158.53658536585365,Private room,False,True,2.0,False,0,1,8.0,72.0,1,0.7434485075432192,0.6402614325838071,263.6783590424211,8.69697388863313,825.1783842010516,46.37720755580452,-9.148,38.711,
908,390.0093808630394,Entire home/apt,False,False,5.0,False,0,1,10.0,98.0,2,2.677240213763852,1.1359962017802017,102.54119439898464,3.38214365955512,258.2082790894986,14.511988172781704,-9.1689,38.71987,Santo Condestável
27,112.3358348968105,Private room,False,True,2.0,False,1,0,8.0,85.0,1,7.850759992594182,0.7956228978750818,45.31445127968848,1.4946186747687753,90.67207774915695,5.0960105715325374,-9.16488,38.7803,Carriche
527,208.25515947467167,Entire home/apt,False,False,2.0,True,1,0,10.0,98.0,0,1.5856963390868115,0.4722413190117538,144.6539496318852,4.771159936693022,474.0418837566112,26.64240757398272,-9.14535,38.72594,Bairro Camões
1986,137.66416510318948,Private room,False,True,3.0,False,0,1,10.0,92.0,1,1.1648405383099278,0.3037686512110586,200.89157050052023,6.626060437551651,483.4302395018847,27.17005799641573,-9.132,38.721,Anjos
638,528.6116322701688,Entire home/apt,False,False,5.0,True,0,1,10.0,99.0,2,0.147576670828698,0.2178351171068525,512.3248360664215,16.898147189436504,1285.542725776072,72.25090108594681,-9.138,38.712,
2442,250.93808630394,Entire home/apt,False,False,2.0,False,0,1,9.0,93.0,0,0.2323479141294939,0.2648235624216591,497.2014889974755,16.39932978536505,1146.503983785629,64.43655606789112,-9.137,38.712,São Cristóvão e São Lourenço
2363,93.80863039399624,Private room,False,True,2.0,False,0,1,10.0,100.0,1,2.731655894924494,0.2127779267349445,122.56892905704012,4.042723792115634,337.35117474920344,18.96002821945751,-9.15209,38.73497,São Sebastião da Pedreira
1870,227.72045028142588,Entire home/apt,False,False,2.0,False,0,1,10.0,83.0,0,0.939201951479183,0.6514266613210906,208.5067718473512,6.877234661748859,662.5051134120466,37.23453951261796,-9.15,38.71,Santa Catarina
431,266.18198874296434,Entire home/apt,False,False,4.0,False,1,0,10.0,100.0,1,2.5758335839208,1.9474045305721104,107.284652432028,3.53859840542438,280.4350156873819,15.76118955302178,-9.16779,38.70516,Ceuta Sul
949,135.08442776735458,Private room,False,True,2.0,True,0,1,10.0,92.0,1,0.4910472453671543,0.4375078882070579,340.3711226178616,11.226551836118052,1365.6170278593304,76.75128863693318,-9.145,38.711,
178,225.60975609756096,Entire home/apt,False,False,2.0,False,0,1,10.0,94.0,0,0.4412607108614115,0.3166083781046442,477.90167377820006,15.762758814478213,860.7811649758995,48.378177994648,-9.135,38.714,São Cristóvão e São Lourenço
144,276.03189493433393,Entire home/apt,False,False,2.0,True,0,1,10.0,95.0,1,0.7136318454650018,0.4669352207550048,399.4021899894967,13.17358933063863,964.3892721752986,54.201227633427486,-9.132,38.71,Sé
1993,528.6116322701688,Entire home/apt,False,False,6.0,True,0,1,10.0,99.0,2,0.1475727846749944,0.217848195616427,512.2909336114693,16.89702897569097,1285.5632985999284,72.25205733305684,-9.138,38.712,
2466,291.51031894934334,Entire home/apt,False,False,6.0,False,0,1,9.0,93.0,2,0.7720795017759239,0.2357925328872172,290.4238460892741,9.579127446209824,624.8288391681638,35.11703325701028,-9.133,38.717,Socorro
2582,265.9474671669793,Entire home/apt,False,False,3.0,False,0,1,10.0,94.0,1,0.4952881489053202,0.2721265986211179,304.9089081404318,10.05689212470542,847.7706431666909,47.64695225981588,-9.13883,38.71679,Pena
572,202.6266416510319,Entire home/apt,False,False,4.0,False,1,0,8.0,83.0,2,0.4277256826575495,0.3045013142895341,417.1304845677278,13.758326415611416,1236.027084056329,69.46799106641353,-9.14433,38.71351,
1835,146.81050656660412,Private room,False,True,2.0,False,1,0,10.0,92.0,1,0.8425476246055384,0.7041508132273473,239.73922902674747,7.907383156124771,703.182004116509,39.52068834909305,-9.14923,38.71341,Mercês
969,175.65666041275796,Entire home/apt,False,False,4.0,False,0,1,9.0,96.0,0,2.6846056022562785,0.1069671843650718,101.22775497112058,3.338822135369674,282.32889118059586,15.867630364506049,-9.133,38.736,
2539,256.8011257035647,Entire home/apt,False,False,4.0,True,0,1,9.0,90.0,1,0.7720746830090613,0.2357797511630578,290.42262703558663,9.579087237835774,624.8307938756236,35.11714311673917,-9.133,38.717,Socorro
1528,227.72045028142588,Entire home/apt,False,False,4.0,False,1,0,9.0,90.0,1,0.8560847654166794,0.5933980740837639,226.6194479317748,7.474649904818382,730.7983291761358,41.07279885482198,-9.149,38.71,Santa Catarina
1363,295.0281425891182,Entire home/apt,False,False,6.0,False,0,1,10.0,100.0,3,2.3310649125080567,0.2080657953893342,110.84091026447946,3.655895409328676,299.9207667283908,16.856340295833068,-9.1324,38.7326,
2618,132.97373358348966,Private room,False,True,2.0,False,0,1,9.0,92.0,1,1.1648321117676417,0.303777415882951,200.89379504942409,6.6261338104435366,483.4324028075399,27.170179579914887,-9.132,38.721,Anjos
831,355.0656660412758,Entire home/apt,False,False,5.0,False,1,0,10.0,100.0,2,0.4686899648705617,0.4575835838215685,375.2423392437128,12.376718507214129,1599.1893544723534,89.87867112540255,-9.145,38.712,
38,86.77298311444652,Private room,False,True,2.0,False,0,1,10.0,91.0,1,7.371766951806951,0.4818253647621006,55.48419303423107,1.830049988944884,96.64513235288348,5.43171203730395,-9.12,38.777,Bairro da Encarnação
770,193.01125703564728,Private room,False,True,2.0,True,0,1,10.0,95.0,1,0.1475890105768296,0.2178466941655929,512.2970279974064,16.897229988453468,1285.5087348641568,72.24899070680081,-9.138,38.712,
716,359.5215759849906,Entire home/apt,False,False,6.0,False,0,1,9.0,93.0,2,0.3301471420785218,0.2654591951433186,425.2271120229288,14.02537964599254,1342.7567702556405,75.46648170068269,-9.143,38.711,
1073,123.82739212007505,Private room,False,True,2.0,False,0,1,9.0,86.0,1,2.5431029887503147,0.1720284447181981,104.85309405324806,3.458397664621324,293.5783072174143,16.499877297302593,-9.135,38.735,
262,331.84803001876173,Entire home/apt,False,False,6.0,False,0,1,10.0,100.0,2,0.7031432265152612,0.2509613834938198,327.3651474889816,10.797572277450955,664.8116549980454,37.36417324990196,-9.133,38.716,Socorro
2685,260.3189493433396,Entire home/apt,False,False,4.0,False,0,0,10.0,100.0,1,0.7326464712100624,0.1461876578983713,283.05952364569566,9.336228028025213,644.2333418139103,36.207617625128776,-9.13423,38.71744,Socorro
1529,626.172607879925,Entire home/apt,False,False,6.0,False,0,0,9.0,91.0,3,3.540782613182231,0.3835965007526765,88.83479518482835,2.9300618258179765,237.4060530826648,13.342848055186682,-9.14357,38.74413,
600,158.53658536585365,Private room,False,True,2.0,False,0,1,7.0,76.0,1,0.7434567060733003,0.6402550444741015,263.67449243020826,8.696846355127633,825.1695738049261,46.37671238824126,-9.148,38.711,
2736,146.81050656660412,Private room,False,True,2.0,False,0,1,10.0,95.0,1,2.3924036976551823,0.2499623440206807,117.47521948541532,3.874716606006081,375.9975362606586,21.13205594510952,-9.14908,38.73262,São Sebastião da Pedreira
187,115.61913696060036,Private room,False,True,2.0,True,1,0,10.0,100.0,1,6.248853131363598,0.860711553038086,66.27165838608846,2.185855845862192,113.453899263033,6.376409192094193,-9.11847,38.76619,
1870,227.72045028142588,Entire home/apt,False,False,2.0,False,0,1,10.0,83.0,0,0.939201951479183,0.6514266613210906,208.5067718473512,6.877234661748859,662.5051134120466,37.23453951261796,-9.15,38.71,Santa Catarina
2342,170.02814258911818,Entire home/apt,False,False,3.0,False,1,0,8.0,40.0,1,1.3062378135463029,0.9309166690693588,161.3974482161412,5.323415231820268,525.6066801803337,29.540485507314912,-9.15425,38.70966,Santos-o-Velho
103,250.93808630394,Entire home/apt,False,False,4.0,False,0,1,9.0,89.0,1,1.0233536967797332,0.3836895126504127,319.7108890093655,10.54510982138963,674.2396851814958,37.89405348068821,-9.12794,38.71345,São Vicente de Fora
2455,248.82739212007505,Entire home/apt,False,False,5.0,False,1,0,9.0,95.0,2,1.1130139213583885,0.5522384214852749,186.3416653026405,6.146157020192742,609.6729242637516,34.265230756269084,-9.15128,38.71653,São Mamede
1434,130.62851782363975,Private room,False,True,3.0,False,1,0,9.0,94.0,1,2.558299973571937,0.1720199756684048,104.34346398229724,3.441588399590937,302.4984596775535,17.001213456845644,-9.134,38.735,
2127,233.58348968105065,Entire home/apt,False,False,2.0,True,1,0,10.0,97.0,1,1.9833571517476187,0.9984474094331496,125.79740831332958,4.149209587513906,338.25802908723574,19.010995831628456,-9.16244,38.71264,Lapa
2039,315.90056285178235,Entire home/apt,False,False,4.0,False,0,1,9.0,87.0,1,7.835020588217941,0.3909112788385983,73.31504368982792,2.418169708466098,107.22514749541752,6.026336869465459,-9.098,38.775,Quinta das Laranjeiras
2771,186.2101313320825,Private room,False,True,4.0,False,0,1,7.0,50.0,1,2.37735064002611,0.2756067394543957,119.45328838191416,3.939959781840622,371.8549682587229,20.899232667478685,-9.15096,38.73187,São Sebastião da Pedreira
662,248.82739212007505,Entire home/apt,False,False,2.0,False,0,1,8.0,100.0,1,1.796949749158817,0.2162811082543027,132.23140696120248,4.361423886947744,388.3689320572055,21.827361107722297,-9.15822,38.71945,Amoreiras
1494,137.66416510318948,Private room,False,True,3.0,False,0,1,10.0,92.0,1,1.1648385457554489,0.3037861624216748,200.89298647102845,6.6261071408859005,483.4293989507874,27.17001075522105,-9.132,38.721,Anjos
480,384.1463414634146,Entire home/apt,False,False,4.0,True,0,1,10.0,95.0,1,0.6646519455741227,0.6222496756743345,511.5804608939341,16.873595263893655,846.836943262789,47.59447585584413,-9.132,38.712,Santiago
1441,107.64540337711068,Private room,False,True,4.0,False,1,0,9.0,94.0,2,2.0007191022449824,0.4613956254440884,123.95784958237276,4.0885349295410665,317.3647191601481,17.836736556823933,-9.13092,38.72906,
2443,158.53658536585365,Private room,False,True,2.0,False,0,1,8.0,76.0,1,0.743439293872233,0.6402675409251305,263.6826093610821,8.697114078031104,825.1879190047363,46.37774343698846,-9.148,38.711,
508,222.0919324577861,Entire home/apt,False,False,4.0,False,1,0,10.0,93.0,1,0.936634879864455,0.5083625319269701,471.3783738259816,15.547599066222045,902.173627582021,50.704543864481856,-9.129,38.711,São Miguel
2065,158.53658536585365,Private room,False,True,2.0,False,0,1,8.0,64.0,1,0.9391912869192864,0.6514097763894093,208.50861800603408,6.87729555409481,662.5091792880123,37.23476802560032,-9.15,38.71,Santa Catarina
1542,283.30206378986867,Entire home/apt,False,False,4.0,False,0,0,9.0,89.0,1,1.3334823716203292,0.1986953897395796,165.40536279786815,5.455609351169832,456.9336650220288,25.68088043469387,-9.13526,38.72389,Anjos
1905,355.30018761726075,Private room,False,True,6.0,False,0,0,7.0,86.0,3,2.570861590662034,0.2607725346216852,114.04984181793073,3.761736457612378,360.7414928569411,20.27462595789577,-9.14822,38.73454,São Sebastião da Pedreira
2397,138.60225140712944,Private room,False,True,3.0,False,0,1,9.0,84.0,1,1.9835312351435688,0.2040447091231753,127.05909009378172,4.19082397536206,397.5897019979458,22.34559276472344,-9.148,38.729,São Sebastião da Pedreira
1540,135.08442776735458,Private room,False,True,2.0,False,0,1,10.0,98.0,1,1.5411548160115165,0.2607272215876017,151.16754016972658,4.985999436736104,395.2510733903224,22.214155651963026,-9.13251,38.72509,Anjos
2361,288.9305816135084,Entire home/apt,False,False,4.0,True,0,1,10.0,97.0,1,1.810273708731853,0.530563726924842,131.285415333886,4.330221991913524,385.0371933023131,21.640108578189587,-9.14175,38.7286,Saldanha
2588,260.3189493433396,Entire home/apt,False,False,4.0,False,0,1,10.0,87.0,1,0.7307340284275055,0.142971822596053,282.87767809233776,9.330230167468658,645.4014065641516,36.2732659532936,-9.13428,38.71745,Socorro
2477,199.10881801125703,Entire home/apt,False,False,4.0,False,1,0,9.0,88.0,2,1.289970651844607,0.6533629439508377,191.7628758241574,6.324966257786753,432.92028181599005,24.33126478989992,-9.12826,38.719840000000005,São Vicente de Fora
1760,395.6378986866792,Entire home/apt,False,False,4.0,False,0,1,9.0,93.0,1,0.8939960661752863,0.6995675296692301,219.7103577710942,7.246765534861485,729.1702611810695,40.98129712771935,-9.14971,38.71078,Santa Catarina
2713,335.83489681050656,Entire home/apt,False,False,3.0,True,0,1,10.0,98.0,1,0.7031510434566052,0.2509741440979,327.36591327242365,10.797597535491189,664.8072516235183,37.36392576860786,-9.133,38.716,Socorro
2545,225.60975609756096,Entire home/apt,False,False,3.0,False,0,1,9.0,90.0,1,1.0177389927598612,0.4864462172043043,243.0211847935017,8.015632781580452,550.3600987363059,30.93169309595955,-9.13028,38.71789,São Vicente de Fora
1304,181.51969981238275,Private room,False,True,2.0,False,1,0,9.0,93.0,1,0.1610267841349426,0.1756061900122224,472.0809384111244,15.570771941972092,1442.220628057233,81.05661356293658,-9.14131,38.71176,Sacramento
1256,193.01125703564728,Private room,False,True,3.0,True,1,0,10.0,100.0,1,0.4621295635410683,0.3531822885908192,341.2790679672939,11.2564988405859,1115.9234437086382,62.71784883867502,-9.144,38.71,Encarnação
1109,260.0844277673545,Entire home/apt,False,False,2.0,False,0,1,10.0,93.0,1,0.2175436649162994,0.2281984853975471,456.5221485786721,15.0575922126876,1353.144283823479,76.05028743523403,-9.142,38.713,Sacramento
221,401.5009380863039,Entire home/apt,False,False,6.0,True,1,0,10.0,94.0,2,0.7514312232120753,0.6481754588064383,459.2157660540652,15.146436518813196,835.8321220829089,46.97597580089181,-9.131,38.712,Santiago
639,528.6116322701688,Entire home/apt,False,False,5.0,True,0,1,10.0,98.0,2,0.1475633260283588,0.2178329712153378,512.3284549254823,16.898266551233473,1285.5856195486444,72.25331182940728,-9.138,38.712,
1453,199.343339587242,Entire home/apt,False,False,2.0,False,0,1,9.0,86.0,1,0.4893980975665469,0.3680786143156613,327.81878111659285,10.812534596803475,1034.142751078895,58.12155762605526,-9.14408,38.70967,
1751,256.8011257035647,Entire home/apt,False,False,3.0,False,1,0,8.0,88.0,0,0.6977810706717015,0.429146547661102,259.80575825722514,8.56924286045068,868.4753903367612,48.8106138089808,-9.14669,38.70938,Santa Catarina
1702,123.82739212007505,Private room,False,True,2.0,False,0,1,10.0,95.0,1,2.0756780251665274,0.3354561890711621,119.8417416120594,3.9527722386982767,335.2201851212659,18.84026096650188,-9.13385,38.73052,Anjos
780,265.9474671669793,Entire home/apt,False,False,4.0,True,0,1,10.0,100.0,1,0.4274643043658522,0.3096075722254697,412.448144733963,13.603887547666972,1267.889930314865,71.25876729437006,-9.14435,38.71345,
1485,273.92120075046904,Entire home/apt,False,False,4.0,True,1,0,10.0,98.0,1,0.9143193524543952,0.7343248713148847,215.9965787037479,7.124272965906796,683.1623999293571,38.39553364757776,-9.15,38.711,São Bento
2026,216.46341463414632,Entire home/apt,False,False,4.0,False,1,0,9.0,86.0,2,1.2164468163297348,0.3849764705905394,194.69637465499025,6.421722634861993,462.0776794511692,25.969987650076487,-9.131,38.721,São Vicente de Fora
2431,158.53658536585365,Private room,False,True,2.0,False,0,1,10.0,97.0,1,0.6140267362581994,0.3219154827205571,409.5921033356176,13.509685969818603,723.3845625722101,40.65612556436315,-9.1332,38.71466,São Vicente de Fora
2671,413.46153846153845,Entire home/apt,False,False,4.0,False,1,0,10.0,100.0,2,0.6184771646531311,0.2294995319933968,359.50951154729245,11.857798440481922,709.1219188807689,39.85452726824092,-9.1337,38.71545,Mouraria
2561,231.00375234521576,Entire home/apt,False,False,4.0,False,0,1,9.0,87.0,1,0.7720823760868679,0.2357781157886586,290.4188955479514,9.578964161180386,624.8272413253574,35.11694345401871,-9.133,38.717,Socorro
2324,424.484052532833,Entire home/apt,False,False,4.0,False,0,0,10.0,100.0,2,2.202436091056921,0.0687109828550842,119.48762761261132,3.941092401877449,372.60354679349047,20.941304760911365,-9.14634,38.73151,São Sebastião da Pedreira
1246,123.82739212007505,Private room,False,True,2.0,False,0,1,10.0,84.0,1,1.4407281559619316,0.31931487187397,158.75510240981805,5.236262032878239,532.1208028599282,29.90659642992231,-9.147,38.724,Coração de Jesus
1534,239.44652908067545,Entire home/apt,False,False,4.0,False,0,0,9.0,93.0,1,1.154429931550698,0.7111798325796723,178.915245392994,5.901209424664698,578.9010293277394,32.535768877896444,-9.15273,38.71407,Mercês
513,125.93808630393995,Private room,False,True,4.0,False,0,1,9.0,89.0,1,0.8509579371159894,0.5894618659809062,409.6941704007637,13.513052475146113,806.4625917977514,45.325330524755536,-9.13,38.711,São Miguel
296,283.30206378986867,Entire home/apt,False,False,6.0,False,0,1,9.0,88.0,2,5.565354359721161,0.7130080850978116,64.68911809813383,2.133658495984734,132.53474326577725,7.448803088490285,-9.17453,38.75442,
1988,250.93808630394,Entire home/apt,False,False,2.0,False,0,1,10.0,94.0,0,0.2746337846143304,0.2654471935221492,459.9515146534528,15.170703911786628,1178.3758692095653,66.22784032084917,-9.137,38.711,São Cristóvão e São Lourenço
512,165.3377110694184,Private room,False,True,2.0,False,0,1,9.0,90.0,1,0.8509688353704792,0.5894464810672335,409.6992889060037,13.513221300174392,806.4637441749355,45.325395291400994,-9.13,38.711,São Miguel
1925,216.46341463414632,Private room,False,True,2.0,False,0,1,8.0,100.0,1,3.1062947681863635,0.2836057727717809,97.56735560527206,3.218090203396325,275.49461612578204,15.48352603169874,-9.14404,38.74015,
1547,158.53658536585365,Private room,False,True,2.0,False,0,1,9.0,83.0,1,0.7434441319649138,0.6402576616733452,263.6797831467053,8.697020860245889,825.1806323674945,46.37733390870438,-9.148,38.711,
2169,129.4559099437148,Private room,False,True,2.0,False,0,1,10.0,96.0,1,2.8021178118209065,0.3455607533973134,123.33301153625902,4.067925729030979,358.45164195352146,20.14593028111485,-9.151,38.736,São Sebastião da Pedreira
280,123.82739212007505,Private room,False,True,2.0,False,1,0,10.0,93.0,1,6.268715251507991,0.6583712745372854,55.890649674584346,1.843456257099963,118.516772479696,6.66095605674,-9.158,38.767,Quinta do Lambert
390,303.00187617260787,Entire home/apt,False,False,4.0,True,1,0,10.0,97.0,2,6.135312812328355,0.7984546659192513,56.75855415816968,1.8720825829728227,129.10141175194298,7.255840777220894,-9.15339,38.7666,Quinta do Lambert
1912,128.28330206378988,Private room,False,True,2.0,True,0,1,10.0,97.0,1,2.2897719620212555,0.3950400414608569,112.8163542971407,3.721052008576728,328.7781068866244,18.478199132238046,-9.139,38.733,Saldanha
494,181.51969981238275,Private room,False,True,2.0,True,0,1,10.0,100.0,1,3.2018095721174085,2.5304114442513552,98.1307875239359,3.2366740291696554,214.2328115306908,12.040450593288504,-9.1728,38.69984,
1649,70.59099437148217,Private room,False,True,2.0,False,0,1,9.0,82.0,1,1.5023722823454284,0.272952621723915,154.41744947783965,5.09319206526933,406.8916735272829,22.868388165758983,-9.13266,38.72476,Anjos
67,177.0637898686679,Entire home/apt,False,False,3.0,False,1,0,10.0,92.0,1,0.6670293644872357,0.5303704225621543,537.0256544299555,17.712860892584825,775.7311561690847,43.598142566459146,-9.132,38.713,Santiago
2811,343.8086303939962,Entire home/apt,False,False,4.0,False,0,0,10.0,100.0,1,1.4128257429363222,0.3507210239427839,198.52591030703763,6.548033234231612,423.94866955857816,23.82703645365352,-9.12432,38.716640000000005,São Vicente de Fora
573,385.3189493433396,Entire home/apt,False,False,5.0,False,1,0,9.0,85.0,2,3.7642823900835047,0.4409005574504229,89.69843756488712,2.9585475735894864,205.7198946603396,11.562002150914624,-9.168,38.738,Sete Rios
1911,108.11444652908068,Private room,False,True,2.0,True,0,1,10.0,97.0,1,2.289776827963576,0.3950520329102494,112.81625385018592,3.7210486955079336,328.77748801767746,18.47816435016649,-9.139,38.733,Saldanha
1668,190.90056285178235,Entire home/apt,False,False,3.0,False,0,1,10.0,91.0,1,1.4273380933442246,0.1954988186424946,157.6714789235022,5.200520589402089,428.9566199585715,24.10849651074716,-9.13474,38.72465,Anjos
1671,114.44652908067542,Private room,False,True,2.0,False,0,0,9.0,92.0,1,1.141797415465662,0.0206075049431596,188.36825058210664,6.213000424871885,535.6133036163893,30.102884209113263,-9.135,38.722,Anjos
1613,284.2401500938086,Entire home/apt,False,False,4.0,True,0,1,10.0,96.0,0,1.1071966741600092,0.783702533723294,182.43578806629404,6.017328425915701,584.6633440472707,32.85962620482863,-9.152,38.71,São Bento
2618,132.97373358348966,Private room,False,True,2.0,False,0,1,9.0,92.0,1,1.1648321117676417,0.303777415882951,200.89379504942409,6.6261338104435366,483.4324028075399,27.170179579914887,-9.132,38.721,Anjos
2081,240.6191369606004,Entire home/apt,False,False,2.0,True,0,0,10.0,98.0,0,2.1903618031393424,1.591930311834552,122.06180305686206,4.025997119521748,309.27346320107534,17.38198657283789,-9.163,38.705,Santos-o-Velho
175,199.10881801125703,Entire home/apt,False,False,2.0,False,1,0,10.0,92.0,0,0.8565983092952041,0.5628857474373009,355.9251289364531,11.739573789484586,711.1693528816162,39.96959847397305,-9.12995,38.71381,São Vicente de Fora
2554,756.8011257035647,Entire home/apt,False,False,6.0,False,0,1,10.0,96.0,3,1.1802134619230018,0.5175049357473486,177.36704807132716,5.8501448180360525,568.6984501607283,31.962356945770846,-9.15226,38.71627,Mercês
2308,312.3827392120075,Entire home/apt,False,False,4.0,False,0,1,10.0,100.0,1,1.678313362214157,0.263557675337889,140.54197705688952,4.635533644700816,460.2344569110307,25.866393668517816,-9.148,38.726,Coração de Jesus
1305,202.3921200750469,Entire home/apt,False,False,2.0,False,0,0,10.0,99.0,0,3.1266220824412865,0.666812990048828,92.48722077252812,3.0505307565324986,202.1966164128442,11.363984595329775,-9.11846,38.73515,
250,139.7748592870544,Private room,False,True,2.0,False,1,0,10.0,95.0,1,7.293373843552447,0.3390929399232779,56.86740647894755,1.8756728882028773,97.99164795766828,5.507389775446227,-9.1188,38.77604,Bairro da Encarnação
1597,353.89305816135084,Entire home/apt,False,False,4.0,False,0,0,9.0,96.0,2,0.9392178309118006,0.6514301631497894,208.50360162230768,6.87713009736775,662.4941479099587,37.23392322239996,-9.15,38.71,Santa Catarina
2535,649.155722326454,Entire home/apt,False,False,6.0,False,1,0,10.0,96.0,2,1.0363173753485062,0.5857392720000679,257.10666790407305,8.480218040933169,545.2193319261613,30.64276840535353,-9.12897,38.71655,São Vicente de Fora
1573,326.2195121951219,Entire home/apt,False,False,4.0,False,1,0,10.0,96.0,1,0.8901137558113046,0.5581158783976494,217.32994918392967,7.168251881325293,691.1342214582224,38.84357110071582,-9.14917,38.70946,São Bento
2653,449.577861163227,Entire home/apt,False,False,6.0,True,0,1,10.0,98.0,3,1.1386906243526045,0.7238060165525517,178.01930977395892,5.871658540348892,597.5400193137325,33.58332940997208,-9.152,38.709,São Bento
1033,118.66791744840523,Private room,False,True,2.0,True,1,0,10.0,98.0,1,2.333487539493861,0.4250702909384447,111.09032818543534,3.664122027371159,285.8116026405642,16.06336795934418,-9.13,38.732,
249,128.28330206378988,Private room,False,True,2.0,False,1,0,10.0,99.0,1,7.330721381323156,0.2834378582786863,57.08175595394979,1.882742834306557,97.7112158013456,5.491628746597063,-9.11793,38.77621,Olivais Norte
503,193.24577861163223,Entire home/apt,False,False,4.0,False,0,1,10.0,91.0,1,0.4297679681918053,0.2014388461089651,418.9246585938941,13.817504137719135,851.7895677055873,47.87282644782188,-9.136,38.715,Mouraria
1043,334.4277673545966,Entire home/apt,False,False,2.0,False,0,1,10.0,96.0,0,0.256132358095315,0.180749138264742,440.0293673311104,14.513606394579917,1280.8670811666923,71.98811749314059,-9.142,38.711,Sacramento
308,123.82739212007505,Private room,False,True,2.0,False,1,0,9.0,95.0,1,0.5778884404159232,0.5585712099232071,658.1695706730803,21.708583105660768,1015.9450954514924,57.09880125213712,-9.133,38.712,Santiago
2539,256.8011257035647,Entire home/apt,False,False,4.0,True,0,1,9.0,90.0,1,0.7720746830090613,0.2357797511630578,290.42262703558663,9.579087237835774,624.8307938756236,35.11714311673917,-9.133,38.717,Socorro
1338,129.4559099437148,Private room,False,True,2.0,False,0,1,9.0,100.0,1,2.391137756176779,0.0507302850144327,108.95478266133716,3.593684757780591,302.2743756703765,16.988619343003403,-9.13392,38.73345,
260,269.4652908067542,Entire home/apt,False,False,2.0,True,0,0,10.0,99.0,1,0.6446182263075558,0.6009405705521654,490.2436576994904,16.16983777343109,858.3163416691821,48.23964840604917,-9.13229,38.71155,Santiago
2036,452.3921200750469,Entire home/apt,False,False,6.0,False,0,1,8.0,76.0,2,7.87549273682569,0.4777469497075874,73.79444606083881,2.433981965179057,109.42543927749,6.149999086768093,-9.097,38.775,Quinta das Laranjeiras
1507,250.93808630394,Entire home/apt,False,False,4.0,False,0,1,8.0,90.0,1,0.9392077524878988,0.6514318265517329,208.50568937257503,6.877198958193596,662.5019898858966,37.23436396218748,-9.15,38.71,Santa Catarina
1085,297.3733583489681,Entire home/apt,False,False,2.0,False,0,1,10.0,89.0,1,0.7473030291281028,0.4309014083088864,231.6602641249399,7.640912494469523,785.3461069733288,44.13852823048623,-9.14193,38.71886,São José
2445,291.51031894934334,Entire home/apt,False,False,4.0,False,0,1,10.0,95.0,2,0.7720603065418169,0.2357559139209538,290.4226727775227,9.579088746554293,624.8369065342373,35.117486664319514,-9.133,38.717,Socorro
521,242.7298311444653,Entire home/apt,False,False,5.0,False,0,1,9.0,86.0,1,0.8509686547431655,0.5894553463637824,409.6928458097016,13.513008785804592,806.4625384841437,45.32532752838978,-9.13,38.711,São Miguel
2497,223.73358348968105,Entire home/apt,False,False,3.0,False,0,0,9.0,90.0,1,0.5174400781895577,0.1049046594598213,325.1194707191684,10.723502519506836,782.6740409072924,43.98835105071512,-9.13684,38.71649,Pena
635,528.6116322701688,Entire home/apt,False,False,6.0,True,0,1,10.0,99.0,2,0.1475772382150433,0.2178435626188096,512.3033747915616,16.897439326463783,1285.5458239615486,72.25107521216442,-9.138,38.712,
1774,213.88367729831143,Entire home/apt,False,False,4.0,True,0,1,10.0,91.0,1,0.9332108678380258,0.3129797780884074,206.33761357068784,6.80568873374413,591.7647167807179,33.25874213357303,-9.13834,38.72072,Pena
2689,221.85741088180112,Entire home/apt,False,False,4.0,True,0,1,10.0,97.0,1,1.138684794475494,0.7237959727462233,178.01996514749968,5.871680156709794,597.5293220219058,33.5827281938801,-9.152,38.709,São Bento
2229,378.28330206378985,Entire home/apt,False,False,6.0,False,0,0,10.0,92.0,2,3.0972358452315967,0.2992938793948305,127.76869074718678,4.214228923634771,273.45023757130065,15.368626550133165,-9.15603,38.73715,
2065,158.53658536585365,Private room,False,True,2.0,False,0,1,8.0,64.0,1,0.9391912869192864,0.6514097763894093,208.50861800603408,6.87729555409481,662.5091792880123,37.23476802560032,-9.15,38.71,Santa Catarina
2456,291.51031894934334,Entire home/apt,False,False,4.0,False,0,1,10.0,91.0,2,0.7720705350012415,0.2357705945424221,290.42205319924267,9.579068310838055,624.8325128545595,35.11723972790158,-9.133,38.717,Socorro
1239,112.3358348968105,Private room,False,True,2.0,False,0,1,10.0,90.0,1,3.348615483656722,0.2953041136613138,87.50626399837084,2.8862425261196005,210.8993168963739,11.853099378688327,-9.13051,38.741690000000006,
2539,256.8011257035647,Entire home/apt,False,False,4.0,True,0,1,9.0,90.0,1,0.7720746830090613,0.2357797511630578,290.42262703558663,9.579087237835774,624.8307938756236,35.11714311673917,-9.133,38.717,Socorro
297,143.29268292682926,Private room,False,True,2.0,False,0,1,10.0,95.0,1,1.0271701803143034,0.4049358588293812,308.71555869543016,10.182447898793976,673.4932212668633,37.85210023449969,-9.128,38.714,São Vicente de Fora
1618,216.46341463414632,Entire home/apt,False,False,4.0,False,0,1,10.0,93.0,1,0.9392226827519984,0.6514408604021534,208.50282048725109,6.877104332981111,662.4929839015073,37.23385780204652,-9.15,38.71,Santa Catarina
1896,158.53658536585365,Private room,False,True,2.0,False,0,1,7.0,70.0,1,2.4019664220062698,0.2287911874694401,116.32428494538836,3.836755024029875,359.17632999257114,20.18665966550458,-9.148,38.733,São Sebastião da Pedreira
621,273.92120075046904,Private room,False,True,2.0,False,0,0,10.0,94.0,1,0.5576090249904473,0.3175178596209446,308.6404838501938,10.179971685080098,1076.6177336843714,60.50876398281245,-9.14504,38.71507,
1521,355.30018761726075,Entire home/apt,False,False,5.0,False,0,0,10.0,96.0,2,0.6683256803406948,0.3685379153446043,262.02026265192785,8.642284451603386,853.3260267576945,47.95917951005044,-9.146,38.709,São Paulo
881,347.0919324577861,Entire home/apt,False,False,6.0,False,0,1,9.0,90.0,2,0.4687001161119957,0.4575968978794367,375.2388383258163,12.37660303550214,1598.6960233035784,89.85094460899582,-9.145,38.712,
2570,155.95684803001876,Private room,False,True,2.0,False,0,1,10.0,96.0,1,0.138063523649218,0.1952342729815869,525.9853504804599,17.348715592530496,1304.87375892543,73.33735627406219,-9.141,38.713,Sacramento
2108,304.1744840525328,Entire home/apt,False,False,4.0,False,0,1,10.0,90.0,1,2.1982689565725466,1.588322122695821,122.07243337246176,4.0263477420663305,308.4714277036383,17.33691005672462,-9.16293,38.70468,Santos-o-Velho
2570,155.95684803001876,Private room,False,True,2.0,False,0,1,10.0,96.0,1,0.138063523649218,0.1952342729815869,525.9853504804599,17.348715592530496,1304.87375892543,73.33735627406219,-9.141,38.713,Sacramento
915,291.51031894934334,Private room,False,True,4.0,False,0,1,10.0,100.0,1,0.1380563507120356,0.195223847671163,525.9818916509282,17.34860150903031,1304.853281329796,73.3362053790301,-9.141,38.713,Sacramento
2559,303.00187617260787,Entire home/apt,False,False,4.0,False,0,0,10.0,99.0,2,1.424762670391171,0.7283839452227405,178.59123399155638,5.890522469890875,396.8337378067128,22.303105577864425,-9.1262,38.71973,Santa Engrácia
1543,158.53658536585365,Private room,False,True,2.0,False,0,1,9.0,76.0,1,0.9392004097609612,0.6514257646188877,208.50706880742948,6.8772444564626,662.506051654734,37.23459224433838,-9.15,38.71,Santa Catarina
85,262.6641651031895,Entire home/apt,False,False,4.0,False,0,1,10.0,88.0,1,0.9609160854026612,0.5608280039995254,377.9264467086562,12.465249142119749,694.1500119739906,39.01306650361592,-9.129,38.71,Alfama
582,239.44652908067545,Entire home/apt,False,False,2.0,False,0,1,9.0,92.0,0,0.2746432625505096,0.2654396366485871,459.95012807545015,15.170658177913255,1178.3323422344251,66.22539398972974,-9.137,38.711,São Cristóvão e São Lourenço
2458,137.66416510318948,Private room,False,True,2.0,False,0,1,10.0,92.0,1,0.232327573892837,0.2648212816614355,497.1905097931737,16.39896765533103,1146.444226872232,64.43319757131805,-9.137,38.712,São Cristóvão e São Lourenço
931,216.46341463414632,Private room,False,True,2.0,False,0,1,6.0,60.0,1,0.2726022455718165,0.2213085923035297,464.30400442099176,15.314263246713844,1305.540898548374,73.37485128526747,-9.1424,38.71122,Sacramento
1069,153.84615384615384,Private room,False,True,2.0,False,0,1,10.0,90.0,1,0.2798950511878686,0.3057151621893515,528.59133219049,17.4346693847518,1530.0340022502382,85.9919574341501,-9.14284,38.71218,Encarnação
2284,239.44652908067545,Private room,False,True,2.0,False,0,1,10.0,97.0,1,1.832560898113648,0.344995214319661,131.99061185642884,4.353481677559259,407.3121516517799,22.892020148401567,-9.14625,38.72805,Saldanha
262,331.84803001876173,Entire home/apt,False,False,6.0,False,0,1,10.0,100.0,2,0.7031432265152612,0.2509613834938198,327.3651474889816,10.797572277450955,664.8116549980454,37.36417324990196,-9.133,38.716,Socorro
2478,242.7298311444653,Entire home/apt,False,False,4.0,False,0,1,10.0,93.0,1,1.250362776094563,0.7125264265158231,201.04375174847613,6.631079872383612,446.5760255046169,25.09875370078493,-9.128,38.719,São Vicente de Fora
1148,109.7560975609756,Private room,False,True,2.0,False,0,1,8.0,60.0,1,2.207733992750716,0.3600440350313058,115.22027353970228,3.800341120352402,302.9613063630139,17.027226664667243,-9.13154,38.73123,
1388,129.4559099437148,Private room,False,True,2.0,False,0,1,10.0,100.0,9,2.36979939117027,0.0290476384449464,109.60791505885662,3.615227198455949,304.3913068625156,17.10759647468657,-9.13427,38.73331,
2196,119.13696060037525,Private room,False,True,2.0,True,0,1,10.0,95.0,1,2.289788487629051,0.3950304093077153,112.81583573304722,3.7210349046384414,328.77297100298983,18.47791048199482,-9.139,38.733,Saldanha
2567,146.81050656660412,Private room,False,True,3.0,False,0,1,9.0,84.0,1,0.7031373229930443,0.2509674380349595,327.3701592395012,10.797737581359716,664.8143550578262,37.36432500040255,-9.133,38.716,Socorro
2724,123.82739212007505,Private room,False,True,2.0,True,0,1,9.0,93.0,1,9.574469506593475,1.9928046219772555,43.80241340081499,1.4447467247196957,74.94959565139125,4.212365496114709,-9.09987,38.792840000000005,
12,268.29268292682923,Entire home/apt,False,False,4.0,False,1,0,9.0,95.0,1,0.8107835594448174,0.5869603561715607,549.3390774116262,18.118997818422024,867.3902204522935,48.749624391505954,-9.13031,38.71212,Santiago
1891,130.62851782363975,Private room,False,True,2.0,True,0,1,10.0,97.0,1,2.2897790190359126,0.3950244344231062,112.81609235551608,3.721043368886015,328.7752189694672,18.478036823656083,-9.139,38.733,Saldanha
2619,135.31894934333957,Private room,False,True,2.0,False,0,1,9.0,91.0,1,1.1648453599745354,0.3037900704817632,200.89182140629632,6.626068713244017,483.4266866470012,27.16985831657498,-9.132,38.721,Anjos
519,92.4015009380863,Private room,False,True,2.0,False,1,0,10.0,93.0,1,6.78256633175869,0.908474663600864,52.065485569886896,1.717289845646612,106.6252526262969,5.992621191268428,-9.169,38.769,Alto da Faia
1042,335.3658536585366,Entire home/apt,False,False,4.0,False,0,1,9.0,93.0,2,0.2561253551699636,0.1807334528925279,440.0233025611946,14.51340635865058,1280.861349887159,71.98779538007318,-9.142,38.711,Sacramento
577,269.6998123827392,Entire home/apt,False,False,3.0,False,0,1,10.0,91.0,1,1.3534686521270671,0.3350341433209641,160.666726958553,5.29931365700695,497.7073329676701,27.97246840807167,-9.15379,38.71744,São Mamede
2544,320.35647279549715,Entire home/apt,False,False,6.0,True,1,0,10.0,98.0,1,0.7720742690537804,0.2357795560229109,290.4227548909698,9.579091454924098,624.8309794970968,35.117153549156875,-9.133,38.717,Socorro
2518,297.3733583489681,Entire home/apt,False,False,6.0,True,0,0,10.0,99.0,2,1.392528129415793,0.637697235434659,176.29404891267964,5.814753799602941,404.703310529682,22.74539637769192,-9.128,38.721,São Vicente de Fora
2551,303.00187617260787,Entire home/apt,False,False,6.0,False,0,1,10.0,96.0,2,1.2051041785310148,0.324690875441571,194.2089766975865,6.405646657583056,468.5008771111342,26.33098834610972,-9.13163,38.72124,Anjos
2577,125.93808630393995,Private room,False,True,2.0,False,0,1,10.0,87.0,1,0.2323216199210295,0.2648198839314698,497.18806304010826,16.39888695341981,1146.428009214247,64.43228609604816,-9.137,38.712,São Cristóvão e São Lourenço
365,216.46341463414632,Entire home/apt,False,False,3.0,False,0,1,10.0,90.0,1,0.8565318416482874,0.5717699206010323,351.88426127153275,11.606292769772306,710.8501673622674,39.95165940363013,-9.13,38.714,São Vicente de Fora
31,216.46341463414632,Entire home/apt,False,False,3.0,False,0,0,9.0,88.0,1,0.97465230181645,0.4189676697111364,363.1063711076889,11.9764346220459,692.9492170030785,38.9455786504872,-9.12843,38.71275,Alfama
1488,227.72045028142588,Entire home/apt,False,False,2.0,False,0,1,8.0,76.0,1,1.7480866674705438,0.1605021260773472,134.76340680619617,4.444937515513638,373.4227107714262,20.987343942928653,-9.13551,38.72779,Anjos
551,158.53658536585365,Private room,False,True,2.0,False,0,0,10.0,92.0,1,0.4720601281461273,0.3844736208525159,400.5543553570809,13.21159150932958,1263.4924413625365,71.01161678513324,-9.145,38.713,
502,303.00187617260787,Entire home/apt,False,False,4.0,False,0,1,9.0,92.0,2,0.8306802105299935,0.474401467230545,346.3914269036987,11.425121143685413,786.7811740267442,44.21918279423511,-9.13094,38.70926,Sé
2121,378.28330206378985,Private room,False,True,2.0,False,0,1,9.0,100.0,1,0.1380611014713971,0.1952405380878006,526.0226437762446,17.349945647286745,1304.9029227627193,73.33899535884797,-9.141,38.713,Sacramento
1872,129.4559099437148,Private room,False,True,3.0,False,0,1,10.0,95.0,1,2.8021280682789373,0.345567479908608,123.33338942837348,4.067938193147731,358.45636473442147,20.146195713891853,-9.151,38.736,São Sebastião da Pedreira
1053,100.60975609756098,Shared room,True,False,4.0,False,0,1,9.0,91.0,1,6.870294499681835,1.1883059200829695,53.18969328829062,1.7543698897119049,105.16255471003475,5.910413699951734,-9.20235,38.75005,
851,181.51969981238275,Private room,False,True,2.0,True,1,0,10.0,96.0,1,0.5852403819141618,0.5352356726886494,328.88516694157795,10.84770748588237,1099.503090446624,61.79498155815435,-9.14613,38.711,
712,251.17260787992493,Entire home/apt,False,False,5.0,False,1,0,9.0,84.0,2,3.764257279746553,0.4409283317111861,89.69793332301694,2.958530942044924,205.72128707747456,11.562080408440158,-9.168,38.738,Sete Rios
2443,158.53658536585365,Private room,False,True,2.0,False,0,1,8.0,76.0,1,0.743439293872233,0.6402675409251305,263.6826093610821,8.697114078031104,825.1879190047363,46.37774343698846,-9.148,38.711,
1823,193.01125703564728,Entire home/apt,False,False,2.0,False,0,1,9.0,88.0,1,0.9948578158022612,0.7711994886885033,200.06254807340764,6.59871656895404,633.0964113318414,35.581692678001666,-9.1509,38.71082,São Bento
1204,632.7392120075046,Entire home/apt,False,False,4.0,True,0,1,10.0,97.0,1,0.3012005279163486,0.2624490958176271,532.3972964625763,17.560202522987385,1366.7800428213588,76.81665315364519,-9.143,38.713,
1320,534.2401500938086,Entire home/apt,False,False,6.0,True,0,0,10.0,100.0,3,0.158448944969866,0.2198474777580718,492.7567134777712,16.252726564774296,1324.3982167888096,74.43468244265932,-9.14129,38.71296,Encarnação
560,337.7110694183865,Entire home/apt,False,False,2.0,False,0,1,10.0,97.0,1,0.3821495964451815,0.3829245751724242,395.9872758410671,13.060954303294434,1613.6288684376682,90.69020999868836,-9.144,38.712,
1991,268.29268292682923,Entire home/apt,False,False,6.0,False,0,1,9.0,87.0,2,0.2323368080328934,0.2648332770326819,497.1839860151449,16.398752479814245,1146.4529336030407,64.43368691261634,-9.137,38.712,São Cristóvão e São Lourenço
1044,470.68480300187616,Entire home/apt,False,False,2.0,False,0,0,9.0,100.0,1,0.3437090513813528,0.1657191808881843,401.9993920863592,13.259253542529006,1102.021191103157,61.93650547471636,-9.14291,38.7141,Encarnação
2065,158.53658536585365,Private room,False,True,2.0,False,0,1,8.0,64.0,1,0.9391912869192864,0.6514097763894093,208.50861800603408,6.87729555409481,662.5091792880123,37.23476802560032,-9.15,38.71,Santa Catarina
91,262.6641651031895,Entire home/apt,False,False,4.0,False,0,1,9.0,94.0,1,0.96092429002034,0.5608370445884951,377.9109280188174,12.464737285019288,694.1214767280723,39.01146274732765,-9.129,38.71,Alfama
1216,195.3564727954972,Entire home/apt,False,False,3.0,False,0,0,10.0,97.0,2,1.78688093822623,0.2383612552312515,134.04211465095798,4.4211469433067885,353.1528831989869,19.84812602539005,-9.13266,38.72752,Anjos
600,158.53658536585365,Private room,False,True,2.0,False,0,1,7.0,76.0,1,0.7434567060733003,0.6402550444741015,263.67449243020826,8.696846355127633,825.1695738049261,46.37671238824126,-9.148,38.711,
2618,132.97373358348966,Private room,False,True,2.0,False,0,1,9.0,92.0,1,1.1648321117676417,0.303777415882951,200.89379504942409,6.6261338104435366,483.4324028075399,27.170179579914887,-9.132,38.721,Anjos
818,575.0469043151969,Entire home/apt,False,False,6.0,True,0,1,10.0,100.0,2,0.2036687472434205,0.1381066245168807,451.76991027647216,14.90084786485075,1189.7387138583997,66.86646224162764,-9.13844,38.71079,
995,387.42964352720446,Entire home/apt,False,False,6.0,False,0,0,10.0,92.0,2,1.3051516310338918,0.4505329828277019,171.61623488321982,5.660464207473203,878.0958278399681,49.351307840000366,-9.14581,38.72309,Coração de Jesus
814,283.30206378986867,Entire home/apt,False,False,4.0,False,0,1,10.0,100.0,1,1.7034001920772286,0.2339244327880161,139.0445925974109,4.586145012305559,450.6893053028098,25.329930903906394,-9.15491,38.72198,Rato
1671,114.44652908067542,Private room,False,True,2.0,False,0,0,9.0,92.0,1,1.141797415465662,0.0206075049431596,188.36825058210664,6.213000424871885,535.6133036163893,30.102884209113263,-9.135,38.722,Anjos
1246,123.82739212007505,Private room,False,True,2.0,False,0,1,10.0,84.0,1,1.4407281559619316,0.31931487187397,158.75510240981805,5.236262032878239,532.1208028599282,29.90659642992231,-9.147,38.724,Coração de Jesus
1252,211.7729831144465,Private room,False,True,2.0,False,0,1,10.0,100.0,1,0.1380305087582436,0.1952172838938446,526.0912846569081,17.352209647825095,1304.8937356192032,73.33847901708496,-9.141,38.713,Sacramento
847,197.7016885553471,Private room,False,True,4.0,False,0,1,10.0,100.0,2,0.5172615439944828,0.4402675373994041,457.5826930288077,15.092572434136414,1226.5387971678122,68.9347242494406,-9.14556,38.71275,
460,319.4183864915572,Entire home/apt,False,False,3.0,False,1,0,10.0,100.0,1,0.4075453357467455,0.2819629350801402,473.9825902769531,15.63349463443136,971.1446347050332,54.580896873624006,-9.13561,38.71426,São Cristóvão e São Lourenço
2160,250.93808630394,Entire home/apt,False,False,4.0,False,0,1,7.0,66.0,1,0.939205900634746,0.65142769343147,208.5059865499049,6.877208760073006,662.5024229209771,37.23438829990427,-9.15,38.71,Santa Catarina
2050,201.4540337711069,Entire home/apt,False,False,2.0,False,1,0,10.0,92.0,1,2.4343119623175125,1.852428092535704,110.53558883025455,3.645824910745716,336.0435335413236,18.88653532523309,-9.166,38.705,Santos-o-Velho
857,82.08255159474672,Private room,False,True,2.0,False,0,1,9.0,80.0,1,1.5957319409377575,0.2297968861122068,143.03036853183025,4.717608926725667,430.6188778040538,24.20191979786566,-9.15652,38.718,Amoreiras
2215,401.5009380863039,Entire home/apt,False,False,6.0,False,0,1,9.0,89.0,2,1.5593565139188357,0.587238598965475,145.53533034753062,4.800230752734771,451.61656069304814,25.38204510916634,-9.144,38.726,Bairro Camões
1299,227.72045028142588,Entire home/apt,False,False,2.0,False,0,1,10.0,75.0,1,2.5854779741069094,0.2993511701829112,103.49103688717892,3.413472568564339,283.36282070936426,15.92573993847434,-9.13144,38.734770000000005,
