Unnamed: 0,realSum,room_type,room_shared,room_private,person_capacity,host_is_superhost,multi,biz,cleanliness_rating,guest_satisfaction_overall,bedrooms,dist,metro_dist,attr_index,attr_index_norm,rest_index,rest_index_norm,lng,lat,district
1793,353.95940638302875,Entire home/apt,False,False,2.0,False,0,1,9.0,91.0,0,4.185008774147673,0.4344725643734805,352.0354477526372,24.470374618774247,724.2119118495222,12.967618598926292,-0.181,51.49100000000001,Royal Borough of Kensington and Chelsea
4097,334.90909946141727,Entire home/apt,False,False,2.0,False,0,1,10.0,90.0,0,3.935027202296321,0.364566795907017,483.4244292089872,33.60336851907951,792.4100124122609,14.188762497278208,-0.071,51.511,London Borough of Tower Hamlets
3952,209.31818716338577,Private room,False,True,2.0,False,0,1,9.0,83.0,1,8.653002096814534,0.7015957850341719,129.08355786873898,8.972741348455878,290.39465213230136,5.199758565697287,-0.1689999999999999,51.435,London Borough of Wandsworth
1792,353.95940638302875,Entire home/apt,False,False,2.0,False,0,1,8.0,77.0,0,4.184982355615324,0.4344912097016554,352.0384058762985,24.470580241232508,724.2188380462364,12.967742618258011,-0.181,51.49100000000001,Royal Borough of Kensington and Chelsea
3098,186.97523460100192,Private room,False,True,2.0,False,0,1,9.0,86.0,1,2.180419318958253,0.5531922567402214,450.3623236149906,31.30518487099685,973.9014337376688,17.43851784128302,-0.118,51.527,London Borough of Camden
1166,211.9052658811355,Private room,False,True,2.0,False,0,1,8.0,80.0,1,9.504501894440123,0.3414126680723994,117.62549234372166,8.176278499065067,286.4694771985963,5.129475033154496,-0.1639999999999999,51.426,London Borough of Wandsworth
1788,353.95940638302875,Entire home/apt,False,False,2.0,False,0,1,9.0,80.0,0,4.185031916992533,0.4344974168096186,352.02967093427617,24.46997306571957,724.2014619309941,12.967431484415137,-0.181,51.49100000000001,Royal Borough of Kensington and Chelsea
4097,334.90909946141727,Entire home/apt,False,False,2.0,False,0,1,10.0,90.0,0,3.935027202296321,0.364566795907017,483.4244292089872,33.60336851907951,792.4100124122609,14.188762497278208,-0.071,51.511,London Borough of Tower Hamlets
4097,334.90909946141727,Entire home/apt,False,False,2.0,False,0,1,10.0,90.0,0,3.935027202296321,0.364566795907017,483.4244292089872,33.60336851907951,792.4100124122609,14.188762497278208,-0.071,51.511,London Borough of Tower Hamlets
3422,211.43488793245373,Private room,False,True,2.0,False,0,1,9.0,87.0,1,9.523264014836398,0.2875422931123659,117.41778820880803,8.161840754162808,299.07679778562715,5.355219628420112,-0.165,51.426,London Borough of Wandsworth
4234,401.9379571485689,Entire home/apt,False,False,4.0,False,0,1,6.0,40.0,0,5.240233558940052,0.4016725758615598,245.907953894704,17.093334753515865,581.2798952275265,10.408301571958429,-0.20154,51.51751,Royal Borough of Kensington and Chelsea
1790,353.95940638302875,Entire home/apt,False,False,2.0,False,0,1,10.0,90.0,0,4.1850080894232,0.4344939125611116,352.0339105142033,24.47026776362487,724.2098672003963,12.96758198777754,-0.181,51.49100000000001,Royal Borough of Kensington and Chelsea
1793,353.95940638302875,Entire home/apt,False,False,2.0,False,0,1,9.0,91.0,0,4.185008774147673,0.4344725643734805,352.0354477526372,24.470374618774247,724.2119118495222,12.967618598926292,-0.181,51.49100000000001,Royal Borough of Kensington and Chelsea
1128,345.49260330675696,Entire home/apt,False,False,2.0,False,0,1,10.0,90.0,0,3.935028691709733,0.3645633019430278,483.4292493844002,33.60370357482131,792.4019844804614,14.18861875046044,-0.071,51.511,London Borough of Tower Hamlets
3422,211.43488793245373,Private room,False,True,2.0,False,0,1,9.0,87.0,1,9.523264014836398,0.2875422931123659,117.41778820880803,8.161840754162808,299.07679778562715,5.355219628420112,-0.165,51.426,London Borough of Wandsworth
1788,353.95940638302875,Entire home/apt,False,False,2.0,False,0,1,9.0,80.0,0,4.185031916992533,0.4344974168096186,352.02967093427617,24.46997306571957,724.2014619309941,12.967431484415137,-0.181,51.49100000000001,Royal Borough of Kensington and Chelsea
142,243.6557774171547,Entire home/apt,False,False,2.0,True,0,1,10.0,96.0,0,3.840179512552354,0.4925595622335419,322.8924341671015,22.444611405124284,920.8560233702387,16.488695505011798,-0.08,51.526,London Borough of Hackney
960,388.0618076624568,Private room,False,True,2.0,False,0,1,9.0,82.0,1,1.4266149926433769,0.14231034412013,590.5446580850522,41.04941449706303,1527.5246131420804,27.351602838334344,-0.136,51.52,London Borough of Camden
1128,345.49260330675696,Entire home/apt,False,False,2.0,False,0,1,10.0,90.0,0,3.935028691709733,0.3645633019430278,483.4292493844002,33.60370357482131,792.4019844804614,14.18861875046044,-0.071,51.511,London Borough of Tower Hamlets
1114,345.49260330675696,Entire home/apt,False,False,2.0,False,0,1,10.0,89.0,0,3.9350119094347935,0.3645471746323017,483.4347475377076,33.60408575755887,792.4043229089667,14.188660621974128,-0.071,51.511,London Borough of Tower Hamlets
1690,379.83019356052586,Entire home/apt,False,False,2.0,False,0,1,10.0,87.0,0,4.185024016230776,0.4344878866541066,352.03172392291725,24.47011577123817,724.205141441664,12.967497369124036,-0.181,51.49100000000001,Royal Borough of Kensington and Chelsea
202,1035.3018650485665,Entire home/apt,False,False,5.0,False,1,0,9.0,90.0,2,6.13591887265627,1.396760723343597,188.42888549070125,13.09790092557812,416.55906019421633,7.458837569697647,-0.186,51.467,London Borough of Hammersmith and Fulham
3200,515.5342317552153,Entire home/apt,False,False,5.0,False,0,1,9.0,92.0,2,5.939762119800684,0.3776484669393595,206.78803847364736,14.37406602214463,489.561525386081,8.766007625727042,-0.2,51.48,London Borough of Hammersmith and Fulham
4097,334.90909946141727,Entire home/apt,False,False,2.0,False,0,1,10.0,90.0,0,3.935027202296321,0.364566795907017,483.4244292089872,33.60336851907951,792.4100124122609,14.188762497278208,-0.071,51.511,London Borough of Tower Hamlets
1114,345.49260330675696,Entire home/apt,False,False,2.0,False,0,1,10.0,89.0,0,3.9350119094347935,0.3645471746323017,483.4347475377076,33.60408575755887,792.4043229089667,14.188660621974128,-0.071,51.511,London Borough of Tower Hamlets
259,194.2660928055693,Private room,False,True,2.0,False,0,0,9.0,95.0,1,4.876782965633369,2.150161599600944,232.11228589596823,16.134382562194187,494.1105472925855,8.847461658885733,-0.1650599999999999,51.47129,London Borough of Wandsworth
2616,322.2088948470096,Private room,False,True,2.0,False,0,1,9.0,84.0,1,1.4266218265235129,0.1423075064283409,590.5430117832034,41.04930006079465,1527.5228189960694,27.351570712652894,-0.136,51.52,London Borough of Camden
1691,379.83019356052586,Entire home/apt,False,False,2.0,False,0,1,7.0,80.0,0,4.18501378287374,0.4344951605577924,352.03286570381954,24.470195137695693,724.2078143380202,12.96754522956369,-0.181,51.49100000000001,Royal Borough of Kensington and Chelsea
1113,335.14428843575814,Entire home/apt,False,False,2.0,False,0,1,9.0,92.0,0,3.935003107791964,0.364541716047097,483.4343982774293,33.604061480089364,792.410309638567,14.188767819363235,-0.071,51.511,London Borough of Tower Hamlets
270,185.32891178061573,Private room,False,True,2.0,False,0,1,9.0,85.0,1,2.097257275809143,0.1442629624512214,467.5999430880349,32.50339092875062,1058.1821530742689,18.947634448891744,-0.138,51.526,London Borough of Camden
1691,379.83019356052586,Entire home/apt,False,False,2.0,False,0,1,7.0,80.0,0,4.18501378287374,0.4344951605577924,352.03286570381954,24.470195137695693,724.2078143380202,12.96754522956369,-0.181,51.49100000000001,Royal Borough of Kensington and Chelsea
4321,227.66292716197464,Private room,False,True,2.0,False,0,1,8.0,77.0,1,9.5232931838848,0.2875573137571739,117.41743126544029,8.161815942633224,299.09312225443887,5.355511931656108,-0.165,51.426,London Borough of Wandsworth
1131,345.49260330675696,Entire home/apt,False,False,2.0,False,0,1,10.0,92.0,0,3.935009188976384,0.3645452063342208,483.4349425450207,33.604099312733595,792.4057271945105,14.188685766878592,-0.071,51.511,London Borough of Tower Hamlets
1162,211.9052658811355,Private room,False,True,2.0,False,0,1,8.0,76.0,1,9.5045092666229,0.3413813473888904,117.6254134834474,8.176273017399893,286.4760688581928,5.1295930623199695,-0.1639999999999999,51.426,London Borough of Wandsworth
1690,379.83019356052586,Entire home/apt,False,False,2.0,False,0,1,10.0,87.0,0,4.185024016230776,0.4344878866541066,352.03172392291725,24.47011577123817,724.205141441664,12.967497369124036,-0.181,51.49100000000001,Royal Borough of Kensington and Chelsea
1785,353.95940638302875,Entire home/apt,False,False,2.0,False,0,1,7.0,80.0,0,4.1850076511958205,0.4344716568304266,352.0357049923405,24.47039249979148,724.2123870323104,12.967627107470634,-0.181,51.49100000000001,Royal Borough of Kensington and Chelsea
958,388.0618076624568,Private room,False,True,2.0,False,0,1,8.0,76.0,1,1.4266133952065438,0.1423099738218652,590.5451840312672,41.04945105616806,1527.5239717823736,27.35159135425361,-0.136,51.52,London Borough of Camden
1691,379.83019356052586,Entire home/apt,False,False,2.0,False,0,1,7.0,80.0,0,4.18501378287374,0.4344951605577924,352.03286570381954,24.470195137695693,724.2078143380202,12.96754522956369,-0.181,51.49100000000001,Royal Borough of Kensington and Chelsea
1691,379.83019356052586,Entire home/apt,False,False,2.0,False,0,1,7.0,80.0,0,4.18501378287374,0.4344951605577924,352.03286570381954,24.470195137695693,724.2078143380202,12.96754522956369,-0.181,51.49100000000001,Royal Borough of Kensington and Chelsea
957,388.0618076624568,Private room,False,True,2.0,False,0,1,8.0,80.0,1,1.426597575947724,0.1423186405754901,590.5487087069413,41.04969606028541,1527.5302837477186,27.351704375260123,-0.136,51.52,London Borough of Camden
1793,353.95940638302875,Entire home/apt,False,False,2.0,False,0,1,9.0,91.0,0,4.185008774147673,0.4344725643734805,352.0354477526372,24.470374618774247,724.2119118495222,12.967618598926292,-0.181,51.49100000000001,Royal Borough of Kensington and Chelsea
3066,760.3659540440744,Entire home/apt,False,False,4.0,False,1,0,10.0,100.0,2,3.3445070914620008,0.430997701069702,319.3431448815266,22.19789636832081,734.8049260402994,13.157295357332824,-0.1,51.533,London Borough of Islington
1790,353.95940638302875,Entire home/apt,False,False,2.0,False,0,1,10.0,90.0,0,4.1850080894232,0.4344939125611116,352.0339105142033,24.47026776362487,724.2098672003963,12.96758198777754,-0.181,51.49100000000001,Royal Borough of Kensington and Chelsea
4166,359.60394176721,Entire home/apt,False,False,4.0,False,1,0,9.0,100.0,1,3.486741757508041,0.4171519447454376,335.44543315858107,23.317184294790906,712.4710745272429,12.757389109551376,-0.171,51.524,City of Westminster
2616,322.2088948470096,Private room,False,True,2.0,False,0,1,9.0,84.0,1,1.4266218265235129,0.1423075064283409,590.5430117832034,41.04930006079465,1527.5228189960694,27.351570712652894,-0.136,51.52,London Borough of Camden
1783,353.95940638302875,Entire home/apt,False,False,2.0,False,0,1,9.0,70.0,0,4.185012481931481,0.4344889899324827,352.033559676093,24.470243376478503,724.2089110809626,12.967564867661247,-0.181,51.49100000000001,Royal Borough of Kensington and Chelsea
3193,515.5342317552153,Entire home/apt,False,False,6.0,False,0,1,10.0,70.0,2,5.939771438204608,0.3776588302323171,206.78764241487093,14.374038491659585,489.55947632314695,8.76597093554537,-0.2,51.48,London Borough of Hammersmith and Fulham
2454,333.73315458971285,Entire home/apt,False,False,2.0,False,0,1,9.0,100.0,0,3.935022497510558,0.3645646194700297,483.4234439615026,33.603300033433555,792.4143908651432,14.188840897130657,-0.071,51.511,London Borough of Tower Hamlets
1114,345.49260330675696,Entire home/apt,False,False,2.0,False,0,1,10.0,89.0,0,3.9350119094347935,0.3645471746323017,483.4347475377076,33.60408575755887,792.4043229089667,14.188660621974128,-0.071,51.511,London Borough of Tower Hamlets
4435,345.2574143324161,Entire home/apt,False,False,2.0,False,0,1,10.0,95.0,0,3.93501558805636,0.3645525812676384,483.4315251093895,33.603861762990626,792.4067813349408,14.18870464214262,-0.071,51.511,London Borough of Tower Hamlets
958,388.0618076624568,Private room,False,True,2.0,False,0,1,8.0,76.0,1,1.4266133952065438,0.1423099738218652,590.5451840312672,41.04945105616806,1527.5239717823736,27.35159135425361,-0.136,51.52,London Borough of Camden
2744,243.6557774171547,Private room,False,True,2.0,False,0,1,10.0,100.0,1,4.090517653546814,0.8356956345801746,317.83686010339653,22.093192841904063,826.5552116458133,14.800160781951904,-0.075,51.525,London Borough of Tower Hamlets
1786,353.95940638302875,Entire home/apt,False,False,2.0,False,0,1,8.0,100.0,0,4.184998573668654,0.4344775990651961,352.0367573373497,24.47046564946083,724.2148145215643,12.967670573691336,-0.181,51.49100000000001,Royal Borough of Kensington and Chelsea
1347,183.4473999858887,Private room,False,True,2.0,False,0,1,7.0,76.0,1,9.523273799541748,0.287538712097689,117.41767165760656,8.16183265255946,299.0811669371804,5.355297861724503,-0.165,51.426,London Borough of Wandsworth
958,388.0618076624568,Private room,False,True,2.0,False,0,1,8.0,76.0,1,1.4266133952065438,0.1423099738218652,590.5451840312672,41.04945105616806,1527.5239717823736,27.35159135425361,-0.136,51.52,London Borough of Camden
1792,353.95940638302875,Entire home/apt,False,False,2.0,False,0,1,8.0,77.0,0,4.184982355615324,0.4344912097016554,352.0384058762985,24.470580241232508,724.2188380462364,12.967742618258011,-0.181,51.49100000000001,Royal Borough of Kensington and Chelsea
984,763.6585996848468,Entire home/apt,False,False,3.0,False,0,1,10.0,100.0,1,1.4266090019472444,0.1423307593729682,590.5436538196807,41.04934468946264,1527.5445842645636,27.35196043794727,-0.136,51.52,London Borough of Camden
1114,345.49260330675696,Entire home/apt,False,False,2.0,False,0,1,10.0,89.0,0,3.9350119094347935,0.3645471746323017,483.4347475377076,33.60408575755887,792.4043229089667,14.188660621974128,-0.071,51.511,London Borough of Tower Hamlets
1124,319.62181612925986,Entire home/apt,False,False,2.0,False,0,1,10.0,93.0,0,3.9350203952685936,0.3645594358265034,483.42754153605495,33.60358486038766,792.4096601649953,14.18875618999698,-0.071,51.511,London Borough of Tower Hamlets
3903,334.43872151273547,Entire home/apt,False,False,2.0,False,0,1,10.0,95.0,0,3.935023151065557,0.3645583961197164,483.43061339090224,33.60379838842687,792.4034211174973,14.188644474645368,-0.071,51.511,London Borough of Tower Hamlets
1128,345.49260330675696,Entire home/apt,False,False,2.0,False,0,1,10.0,90.0,0,3.935028691709733,0.3645633019430278,483.4292493844002,33.60370357482131,792.4019844804614,14.18861875046044,-0.071,51.511,London Borough of Tower Hamlets
1167,211.9052658811355,Private room,False,True,2.0,False,0,1,8.0,82.0,1,9.504490407326903,0.3413819230524423,117.62564142403738,8.176288861803243,286.4716302369913,5.129513585103558,-0.1639999999999999,51.426,London Borough of Wandsworth
1691,379.83019356052586,Entire home/apt,False,False,2.0,False,0,1,7.0,80.0,0,4.18501378287374,0.4344951605577924,352.03286570381954,24.470195137695693,724.2078143380202,12.96754522956369,-0.181,51.49100000000001,Royal Borough of Kensington and Chelsea
1786,353.95940638302875,Entire home/apt,False,False,2.0,False,0,1,8.0,100.0,0,4.184998573668654,0.4344775990651961,352.0367573373497,24.47046564946083,724.2148145215643,12.967670573691336,-0.181,51.49100000000001,Royal Borough of Kensington and Chelsea
958,388.0618076624568,Private room,False,True,2.0,False,0,1,8.0,76.0,1,1.4266133952065438,0.1423099738218652,590.5451840312672,41.04945105616806,1527.5239717823736,27.35159135425361,-0.136,51.52,London Borough of Camden
977,716.8559937910111,Entire home/apt,False,False,2.0,False,0,1,9.0,100.0,1,1.4265966104828671,0.1423359225908261,590.5466365978081,41.04955202568019,1527.5478420426512,27.35201877118238,-0.136,51.52,London Borough of Camden
1784,353.95940638302875,Entire home/apt,False,False,2.0,False,0,1,8.0,80.0,0,4.185009900870399,0.4345251757001291,352.03119059768704,24.4700786992096,724.205920831865,12.967511324755948,-0.181,51.49100000000001,Royal Borough of Kensington and Chelsea
1114,345.49260330675696,Entire home/apt,False,False,2.0,False,0,1,10.0,89.0,0,3.9350119094347935,0.3645471746323017,483.4347475377076,33.60408575755887,792.4043229089667,14.188660621974128,-0.071,51.511,London Borough of Tower Hamlets
4435,345.2574143324161,Entire home/apt,False,False,2.0,False,0,1,10.0,95.0,0,3.93501558805636,0.3645525812676384,483.4315251093895,33.603861762990626,792.4067813349408,14.18870464214262,-0.071,51.511,London Borough of Tower Hamlets
2454,333.73315458971285,Entire home/apt,False,False,2.0,False,0,1,9.0,100.0,0,3.935022497510558,0.3645646194700297,483.4234439615026,33.603300033433555,792.4143908651432,14.188840897130657,-0.071,51.511,London Borough of Tower Hamlets
1129,335.14428843575814,Entire home/apt,False,False,2.0,False,0,1,10.0,95.0,0,3.935016885207956,0.3645570019424634,483.42767938252274,33.60359444224861,792.4116400426728,14.188791641358902,-0.071,51.511,London Borough of Tower Hamlets
3903,334.43872151273547,Entire home/apt,False,False,2.0,False,0,1,10.0,95.0,0,3.935023151065557,0.3645583961197164,483.43061339090224,33.60379838842687,792.4034211174973,14.188644474645368,-0.071,51.511,London Borough of Tower Hamlets
1164,211.9052658811355,Private room,False,True,2.0,False,0,1,9.0,86.0,1,9.504499382662347,0.3413956465950518,117.625528333863,8.176281000779728,286.47155645293776,5.12951226393851,-0.1639999999999999,51.426,London Borough of Wandsworth
1690,379.83019356052586,Entire home/apt,False,False,2.0,False,0,1,10.0,87.0,0,4.185024016230776,0.4344878866541066,352.03172392291725,24.47011577123817,724.205141441664,12.967497369124036,-0.181,51.49100000000001,Royal Borough of Kensington and Chelsea
2454,333.73315458971285,Entire home/apt,False,False,2.0,False,0,1,9.0,100.0,0,3.935022497510558,0.3645646194700297,483.4234439615026,33.603300033433555,792.4143908651432,14.188840897130657,-0.071,51.511,London Borough of Tower Hamlets
957,388.0618076624568,Private room,False,True,2.0,False,0,1,8.0,80.0,1,1.426597575947724,0.1423186405754901,590.5487087069413,41.04969606028541,1527.5302837477186,27.351704375260123,-0.136,51.52,London Borough of Camden
981,1001.6698417178204,Entire home/apt,False,False,4.0,False,0,1,9.0,90.0,2,1.4266038704263206,0.1423151120270535,590.5473171430174,41.04959933113288,1527.527689830579,27.35165792900925,-0.136,51.52,London Borough of Camden
1787,353.95940638302875,Entire home/apt,False,False,2.0,False,0,1,10.0,60.0,0,4.184994887606691,0.4344783274445184,352.0373149648103,24.47050441076441,724.2159801656397,12.967691445521176,-0.181,51.49100000000001,Royal Borough of Kensington and Chelsea
1784,353.95940638302875,Entire home/apt,False,False,2.0,False,0,1,8.0,80.0,0,4.185009900870399,0.4345251757001291,352.03119059768704,24.4700786992096,724.205920831865,12.967511324755948,-0.181,51.49100000000001,Royal Borough of Kensington and Chelsea
4435,345.2574143324161,Entire home/apt,False,False,2.0,False,0,1,10.0,95.0,0,3.93501558805636,0.3645525812676384,483.4315251093895,33.603861762990626,792.4067813349408,14.18870464214262,-0.071,51.511,London Borough of Tower Hamlets
2616,322.2088948470096,Private room,False,True,2.0,False,0,1,9.0,84.0,1,1.4266218265235129,0.1423075064283409,590.5430117832034,41.04930006079465,1527.5228189960694,27.351570712652894,-0.136,51.52,London Borough of Camden
1786,353.95940638302875,Entire home/apt,False,False,2.0,False,0,1,8.0,100.0,0,4.184998573668654,0.4344775990651961,352.0367573373497,24.47046564946083,724.2148145215643,12.967670573691336,-0.181,51.49100000000001,Royal Borough of Kensington and Chelsea
4381,651.9438368729274,Entire home/apt,False,False,4.0,False,0,1,6.0,60.0,2,3.838312444343061,0.1669082680906701,272.90659039039883,18.97003993608597,513.9664720353599,9.202998560143968,-0.122,51.474,London Borough of Lambeth
1197,129.11874691314472,Private room,False,True,2.0,False,0,0,9.0,93.0,1,5.816190211189751,0.9832227112241906,209.19460546649464,14.541349164328452,459.4437799174086,8.226724261414697,-0.05647,51.53604,London Borough of Hackney
1129,335.14428843575814,Entire home/apt,False,False,2.0,False,0,1,10.0,95.0,0,3.935016885207956,0.3645570019424634,483.42767938252274,33.60359444224861,792.4116400426728,14.188791641358902,-0.071,51.511,London Borough of Tower Hamlets
2449,334.67391048707634,Entire home/apt,False,False,2.0,False,0,1,10.0,93.0,0,3.93503196214065,0.3645711329449925,483.42312529945735,33.60327788288117,792.4089731855695,14.188743889057116,-0.071,51.511,London Borough of Tower Hamlets
3903,334.43872151273547,Entire home/apt,False,False,2.0,False,0,1,10.0,95.0,0,3.935023151065557,0.3645583961197164,483.43061339090224,33.60379838842687,792.4034211174973,14.188644474645368,-0.071,51.511,London Borough of Tower Hamlets
1691,379.83019356052586,Entire home/apt,False,False,2.0,False,0,1,7.0,80.0,0,4.18501378287374,0.4344951605577924,352.03286570381954,24.470195137695693,724.2078143380202,12.96754522956369,-0.181,51.49100000000001,Royal Borough of Kensington and Chelsea
1297,555.2811684188246,Entire home/apt,False,False,6.0,False,0,1,9.0,89.0,1,2.8192763866336885,0.6202612371432633,380.0237698865695,26.41587394828921,837.8015679956009,15.001536176895645,-0.09806,51.52577,London Borough of Islington
1574,528.234436369623,Entire home/apt,False,False,4.0,False,0,1,9.0,88.0,1,1.1585513331878277,0.2326762531767262,626.9842791833602,43.58237299580019,1795.4562320243197,32.149142049453644,-0.13859,51.51611,City of Westminster
3903,334.43872151273547,Entire home/apt,False,False,2.0,False,0,1,10.0,95.0,0,3.935023151065557,0.3645583961197164,483.43061339090224,33.60379838842687,792.4034211174973,14.188644474645368,-0.071,51.511,London Borough of Tower Hamlets
1124,319.62181612925986,Entire home/apt,False,False,2.0,False,0,1,10.0,93.0,0,3.9350203952685936,0.3645594358265034,483.42754153605495,33.60358486038766,792.4096601649953,14.18875618999698,-0.071,51.511,London Borough of Tower Hamlets
1787,353.95940638302875,Entire home/apt,False,False,2.0,False,0,1,10.0,60.0,0,4.184994887606691,0.4344783274445184,352.0373149648103,24.47050441076441,724.2159801656397,12.967691445521176,-0.181,51.49100000000001,Royal Borough of Kensington and Chelsea
1554,207.90705331734048,Entire home/apt,False,False,2.0,False,0,0,9.0,93.0,0,5.67470107279548,0.2089474925903374,204.6242128072909,14.223656098929544,454.0761433313116,8.130612249326429,-0.1826,51.54601,London Borough of Camden
1167,211.9052658811355,Private room,False,True,2.0,False,0,1,8.0,82.0,1,9.504490407326903,0.3413819230524423,117.62564142403738,8.176288861803243,286.4716302369913,5.129513585103558,-0.1639999999999999,51.426,London Borough of Wandsworth
1128,345.49260330675696,Entire home/apt,False,False,2.0,False,0,1,10.0,90.0,0,3.935028691709733,0.3645633019430278,483.4292493844002,33.60370357482131,792.4019844804614,14.18861875046044,-0.071,51.511,London Borough of Tower Hamlets
1114,345.49260330675696,Entire home/apt,False,False,2.0,False,0,1,10.0,89.0,0,3.9350119094347935,0.3645471746323017,483.4347475377076,33.60408575755887,792.4043229089667,14.188660621974128,-0.071,51.511,London Borough of Tower Hamlets
1691,379.83019356052586,Entire home/apt,False,False,2.0,False,0,1,7.0,80.0,0,4.18501378287374,0.4344951605577924,352.03286570381954,24.470195137695693,724.2078143380202,12.96754522956369,-0.181,51.49100000000001,Royal Borough of Kensington and Chelsea
1166,211.9052658811355,Private room,False,True,2.0,False,0,1,8.0,80.0,1,9.504501894440123,0.3414126680723994,117.62549234372166,8.176278499065067,286.4694771985963,5.129475033154496,-0.1639999999999999,51.426,London Borough of Wandsworth
1785,353.95940638302875,Entire home/apt,False,False,2.0,False,0,1,7.0,80.0,0,4.1850076511958205,0.4344716568304266,352.0357049923405,24.47039249979148,724.2123870323104,12.967627107470634,-0.181,51.49100000000001,Royal Borough of Kensington and Chelsea
1690,379.83019356052586,Entire home/apt,False,False,2.0,False,0,1,10.0,87.0,0,4.185024016230776,0.4344878866541066,352.03172392291725,24.47011577123817,724.205141441664,12.967497369124036,-0.181,51.49100000000001,Royal Borough of Kensington and Chelsea
960,388.0618076624568,Private room,False,True,2.0,False,0,1,9.0,82.0,1,1.4266149926433769,0.14231034412013,590.5446580850522,41.04941449706303,1527.5246131420804,27.351602838334344,-0.136,51.52,London Borough of Camden
2617,322.2088948470096,Private room,False,True,2.0,False,0,1,9.0,84.0,1,1.4266087184992553,0.1423170843671968,590.5456050615219,41.04948032244827,1527.5305044976649,27.351708327972112,-0.136,51.52,London Borough of Camden
4435,345.2574143324161,Entire home/apt,False,False,2.0,False,0,1,10.0,95.0,0,3.93501558805636,0.3645525812676384,483.4315251093895,33.603861762990626,792.4067813349408,14.18870464214262,-0.071,51.511,London Borough of Tower Hamlets
1128,345.49260330675696,Entire home/apt,False,False,2.0,False,0,1,10.0,90.0,0,3.935028691709733,0.3645633019430278,483.4292493844002,33.60370357482131,792.4019844804614,14.18861875046044,-0.071,51.511,London Borough of Tower Hamlets
2454,333.73315458971285,Entire home/apt,False,False,2.0,False,0,1,9.0,100.0,0,3.935022497510558,0.3645646194700297,483.4234439615026,33.603300033433555,792.4143908651432,14.188840897130657,-0.071,51.511,London Borough of Tower Hamlets
1785,353.95940638302875,Entire home/apt,False,False,2.0,False,0,1,7.0,80.0,0,4.1850076511958205,0.4344716568304266,352.0357049923405,24.47039249979148,724.2123870323104,12.967627107470634,-0.181,51.49100000000001,Royal Borough of Kensington and Chelsea
1790,353.95940638302875,Entire home/apt,False,False,2.0,False,0,1,10.0,90.0,0,4.1850080894232,0.4344939125611116,352.0339105142033,24.47026776362487,724.2098672003963,12.96758198777754,-0.181,51.49100000000001,Royal Borough of Kensington and Chelsea
3903,334.43872151273547,Entire home/apt,False,False,2.0,False,0,1,10.0,95.0,0,3.935023151065557,0.3645583961197164,483.43061339090224,33.60379838842687,792.4034211174973,14.188644474645368,-0.071,51.511,London Borough of Tower Hamlets
4427,584.444601237094,Entire home/apt,False,False,6.0,False,0,1,7.0,80.0,2,3.83830417746245,0.1669145367146329,272.9070999529292,18.97007535634291,513.9674078338226,9.203015316396318,-0.122,51.474,London Borough of Lambeth
1783,353.95940638302875,Entire home/apt,False,False,2.0,False,0,1,9.0,70.0,0,4.185012481931481,0.4344889899324827,352.033559676093,24.470243376478503,724.2089110809626,12.967564867661247,-0.181,51.49100000000001,Royal Borough of Kensington and Chelsea
1786,353.95940638302875,Entire home/apt,False,False,2.0,False,0,1,8.0,100.0,0,4.184998573668654,0.4344775990651961,352.0367573373497,24.47046564946083,724.2148145215643,12.967670573691336,-0.181,51.49100000000001,Royal Borough of Kensington and Chelsea
1691,379.83019356052586,Entire home/apt,False,False,2.0,False,0,1,7.0,80.0,0,4.18501378287374,0.4344951605577924,352.03286570381954,24.470195137695693,724.2078143380202,12.96754522956369,-0.181,51.49100000000001,Royal Borough of Kensington and Chelsea
958,388.0618076624568,Private room,False,True,2.0,False,0,1,8.0,76.0,1,1.4266133952065438,0.1423099738218652,590.5451840312672,41.04945105616806,1527.5239717823736,27.35159135425361,-0.136,51.52,London Borough of Camden
3200,515.5342317552153,Entire home/apt,False,False,5.0,False,0,1,9.0,92.0,2,5.939762119800684,0.3776484669393595,206.78803847364736,14.37406602214463,489.561525386081,8.766007625727042,-0.2,51.48,London Borough of Hammersmith and Fulham
1790,353.95940638302875,Entire home/apt,False,False,2.0,False,0,1,10.0,90.0,0,4.1850080894232,0.4344939125611116,352.0339105142033,24.47026776362487,724.2098672003963,12.96758198777754,-0.181,51.49100000000001,Royal Borough of Kensington and Chelsea
1131,345.49260330675696,Entire home/apt,False,False,2.0,False,0,1,10.0,92.0,0,3.935009188976384,0.3645452063342208,483.4349425450207,33.604099312733595,792.4057271945105,14.188685766878592,-0.071,51.511,London Borough of Tower Hamlets
1786,353.95940638302875,Entire home/apt,False,False,2.0,False,0,1,8.0,100.0,0,4.184998573668654,0.4344775990651961,352.0367573373497,24.47046564946083,724.2148145215643,12.967670573691336,-0.181,51.49100000000001,Royal Borough of Kensington and Chelsea
984,763.6585996848468,Entire home/apt,False,False,3.0,False,0,1,10.0,100.0,1,1.4266090019472444,0.1423307593729682,590.5436538196807,41.04934468946264,1527.5445842645636,27.35196043794727,-0.136,51.52,London Borough of Camden
977,716.8559937910111,Entire home/apt,False,False,2.0,False,0,1,9.0,100.0,1,1.4265966104828671,0.1423359225908261,590.5466365978081,41.04955202568019,1527.5478420426512,27.35201877118238,-0.136,51.52,London Borough of Camden
4380,584.444601237094,Entire home/apt,False,False,5.0,False,0,1,8.0,60.0,2,3.838301183617757,0.1669186395099546,272.9073015006934,18.97008936615165,513.9675195260401,9.203017316338672,-0.122,51.474,London Borough of Lambeth
1792,353.95940638302875,Entire home/apt,False,False,2.0,False,0,1,8.0,77.0,0,4.184982355615324,0.4344912097016554,352.0384058762985,24.470580241232508,724.2188380462364,12.967742618258011,-0.181,51.49100000000001,Royal Borough of Kensington and Chelsea
4380,584.444601237094,Entire home/apt,False,False,5.0,False,0,1,8.0,60.0,2,3.838301183617757,0.1669186395099546,272.9073015006934,18.97008936615165,513.9675195260401,9.203017316338672,-0.122,51.474,London Borough of Lambeth
1783,353.95940638302875,Entire home/apt,False,False,2.0,False,0,1,9.0,70.0,0,4.185012481931481,0.4344889899324827,352.033559676093,24.470243376478503,724.2089110809626,12.967564867661247,-0.181,51.49100000000001,Royal Borough of Kensington and Chelsea
1793,353.95940638302875,Entire home/apt,False,False,2.0,False,0,1,9.0,91.0,0,4.185008774147673,0.4344725643734805,352.0354477526372,24.470374618774247,724.2119118495222,12.967618598926292,-0.181,51.49100000000001,Royal Borough of Kensington and Chelsea
977,716.8559937910111,Entire home/apt,False,False,2.0,False,0,1,9.0,100.0,1,1.4265966104828671,0.1423359225908261,590.5466365978081,41.04955202568019,1527.5478420426512,27.35201877118238,-0.136,51.52,London Borough of Camden
1790,353.95940638302875,Entire home/apt,False,False,2.0,False,0,1,10.0,90.0,0,4.1850080894232,0.4344939125611116,352.0339105142033,24.47026776362487,724.2098672003963,12.96758198777754,-0.181,51.49100000000001,Royal Borough of Kensington and Chelsea
294,362.6613984336414,Entire home/apt,False,False,2.0,False,0,0,10.0,95.0,1,5.998677364053123,2.177578566192792,188.2750449653159,13.08720729994536,421.4528145338776,7.546464324733339,-0.17387,51.46284,London Borough of Wandsworth
3505,244.83172228885908,Private room,False,True,2.0,True,1,0,10.0,97.0,1,7.778205956339786,0.3996029882769722,148.91381489808353,10.351164519737235,347.9230163115289,6.22985193076108,-0.21176,51.46228,London Borough of Wandsworth
1124,319.62181612925986,Entire home/apt,False,False,2.0,False,0,1,10.0,93.0,0,3.9350203952685936,0.3645594358265034,483.42754153605495,33.60358486038766,792.4096601649953,14.18875618999698,-0.071,51.511,London Borough of Tower Hamlets
1787,353.95940638302875,Entire home/apt,False,False,2.0,False,0,1,10.0,60.0,0,4.184994887606691,0.4344783274445184,352.0373149648103,24.47050441076441,724.2159801656397,12.967691445521176,-0.181,51.49100000000001,Royal Borough of Kensington and Chelsea
1690,379.83019356052586,Entire home/apt,False,False,2.0,False,0,1,10.0,87.0,0,4.185024016230776,0.4344878866541066,352.03172392291725,24.47011577123817,724.205141441664,12.967497369124036,-0.181,51.49100000000001,Royal Borough of Kensington and Chelsea
1113,335.14428843575814,Entire home/apt,False,False,2.0,False,0,1,9.0,92.0,0,3.935003107791964,0.364541716047097,483.4343982774293,33.604061480089364,792.410309638567,14.188767819363235,-0.071,51.511,London Borough of Tower Hamlets
1785,353.95940638302875,Entire home/apt,False,False,2.0,False,0,1,7.0,80.0,0,4.1850076511958205,0.4344716568304266,352.0357049923405,24.47039249979148,724.2123870323104,12.967627107470634,-0.181,51.49100000000001,Royal Borough of Kensington and Chelsea
1168,211.9052658811355,Private room,False,True,2.0,False,0,1,9.0,84.0,1,9.504513562789166,0.3414039462546295,117.62535407147,8.176268887607415,286.47352957660104,5.129547594364171,-0.1639999999999999,51.426,London Borough of Wandsworth
3212,515.5342317552153,Entire home/apt,False,False,6.0,False,0,1,10.0,87.0,2,5.939758318558844,0.3776480727429646,206.78824511287016,14.374080385866309,489.5621886389553,8.766019501823205,-0.2,51.48,London Borough of Hammersmith and Fulham
1350,211.9052658811355,Private room,False,True,2.0,False,0,1,9.0,80.0,1,9.50452630738396,0.3414020576004548,117.6252005302904,8.176258214789641,286.47676413269,5.129605511790013,-0.1639999999999999,51.426,London Borough of Wandsworth
957,388.0618076624568,Private room,False,True,2.0,False,0,1,8.0,80.0,1,1.426597575947724,0.1423186405754901,590.5487087069413,41.04969606028541,1527.5302837477186,27.351704375260123,-0.136,51.52,London Borough of Camden
1786,353.95940638302875,Entire home/apt,False,False,2.0,False,0,1,8.0,100.0,0,4.184998573668654,0.4344775990651961,352.0367573373497,24.47046564946083,724.2148145215643,12.967670573691336,-0.181,51.49100000000001,Royal Borough of Kensington and Chelsea
1124,319.62181612925986,Entire home/apt,False,False,2.0,False,0,1,10.0,93.0,0,3.9350203952685936,0.3645594358265034,483.42754153605495,33.60358486038766,792.4096601649953,14.18875618999698,-0.071,51.511,London Borough of Tower Hamlets
1128,345.49260330675696,Entire home/apt,False,False,2.0,False,0,1,10.0,90.0,0,3.935028691709733,0.3645633019430278,483.4292493844002,33.60370357482131,792.4019844804614,14.18861875046044,-0.071,51.511,London Borough of Tower Hamlets
1114,345.49260330675696,Entire home/apt,False,False,2.0,False,0,1,10.0,89.0,0,3.9350119094347935,0.3645471746323017,483.4347475377076,33.60408575755887,792.4043229089667,14.188660621974128,-0.071,51.511,London Borough of Tower Hamlets
4435,345.2574143324161,Entire home/apt,False,False,2.0,False,0,1,10.0,95.0,0,3.93501558805636,0.3645525812676384,483.4315251093895,33.603861762990626,792.4067813349408,14.18870464214262,-0.071,51.511,London Borough of Tower Hamlets
2454,333.73315458971285,Entire home/apt,False,False,2.0,False,0,1,9.0,100.0,0,3.935022497510558,0.3645646194700297,483.4234439615026,33.603300033433555,792.4143908651432,14.188840897130657,-0.071,51.511,London Borough of Tower Hamlets
1114,345.49260330675696,Entire home/apt,False,False,2.0,False,0,1,10.0,89.0,0,3.9350119094347935,0.3645471746323017,483.4347475377076,33.60408575755887,792.4043229089667,14.188660621974128,-0.071,51.511,London Borough of Tower Hamlets
1783,353.95940638302875,Entire home/apt,False,False,2.0,False,0,1,9.0,70.0,0,4.185012481931481,0.4344889899324827,352.033559676093,24.470243376478503,724.2089110809626,12.967564867661247,-0.181,51.49100000000001,Royal Borough of Kensington and Chelsea
4321,227.66292716197464,Private room,False,True,2.0,False,0,1,8.0,77.0,1,9.5232931838848,0.2875573137571739,117.41743126544029,8.161815942633224,299.09312225443887,5.355511931656108,-0.165,51.426,London Borough of Wandsworth
1168,211.9052658811355,Private room,False,True,2.0,False,0,1,9.0,84.0,1,9.504513562789166,0.3414039462546295,117.62535407147,8.176268887607415,286.47352957660104,5.129547594364171,-0.1639999999999999,51.426,London Borough of Wandsworth
1788,353.95940638302875,Entire home/apt,False,False,2.0,False,0,1,9.0,80.0,0,4.185031916992533,0.4344974168096186,352.02967093427617,24.46997306571957,724.2014619309941,12.967431484415137,-0.181,51.49100000000001,Royal Borough of Kensington and Chelsea
1114,345.49260330675696,Entire home/apt,False,False,2.0,False,0,1,10.0,89.0,0,3.9350119094347935,0.3645471746323017,483.4347475377076,33.60408575755887,792.4043229089667,14.188660621974128,-0.071,51.511,London Borough of Tower Hamlets
1788,353.95940638302875,Entire home/apt,False,False,2.0,False,0,1,9.0,80.0,0,4.185031916992533,0.4344974168096186,352.02967093427617,24.46997306571957,724.2014619309941,12.967431484415137,-0.181,51.49100000000001,Royal Borough of Kensington and Chelsea
3903,334.43872151273547,Entire home/apt,False,False,2.0,False,0,1,10.0,95.0,0,3.935023151065557,0.3645583961197164,483.43061339090224,33.60379838842687,792.4034211174973,14.188644474645368,-0.071,51.511,London Borough of Tower Hamlets
425,310.9198240786472,Entire home/apt,False,False,4.0,True,1,0,9.0,94.0,1,3.8088692843902217,0.8027783781371519,300.7684643270674,20.906749711092534,636.8244122554931,11.402872498361388,-0.1322,51.54243,London Borough of Camden
1128,345.49260330675696,Entire home/apt,False,False,2.0,False,0,1,10.0,90.0,0,3.935028691709733,0.3645633019430278,483.4292493844002,33.60370357482131,792.4019844804614,14.18861875046044,-0.071,51.511,London Borough of Tower Hamlets
1790,353.95940638302875,Entire home/apt,False,False,2.0,False,0,1,10.0,90.0,0,4.1850080894232,0.4344939125611116,352.0339105142033,24.47026776362487,724.2098672003963,12.96758198777754,-0.181,51.49100000000001,Royal Borough of Kensington and Chelsea
2449,334.67391048707634,Entire home/apt,False,False,2.0,False,0,1,10.0,93.0,0,3.93503196214065,0.3645711329449925,483.42312529945735,33.60327788288117,792.4089731855695,14.188743889057116,-0.071,51.511,London Borough of Tower Hamlets
2617,322.2088948470096,Private room,False,True,2.0,False,0,1,9.0,84.0,1,1.4266087184992553,0.1423170843671968,590.5456050615219,41.04948032244827,1527.5305044976649,27.351708327972112,-0.136,51.52,London Borough of Camden
3422,211.43488793245373,Private room,False,True,2.0,False,0,1,9.0,87.0,1,9.523264014836398,0.2875422931123659,117.41778820880803,8.161840754162808,299.07679778562715,5.355219628420112,-0.165,51.426,London Borough of Wandsworth
1128,345.49260330675696,Entire home/apt,False,False,2.0,False,0,1,10.0,90.0,0,3.935028691709733,0.3645633019430278,483.4292493844002,33.60370357482131,792.4019844804614,14.18861875046044,-0.071,51.511,London Borough of Tower Hamlets
455,207.4366753686587,Private room,False,True,2.0,False,0,1,10.0,80.0,1,2.8157789795444965,0.516616850003155,384.4962342267418,26.72675990756348,832.7593512014009,14.911251077727222,-0.13129,51.53352,London Borough of Camden
1691,379.83019356052586,Entire home/apt,False,False,2.0,False,0,1,7.0,80.0,0,4.18501378287374,0.4344951605577924,352.03286570381954,24.470195137695693,724.2078143380202,12.96754522956369,-0.181,51.49100000000001,Royal Borough of Kensington and Chelsea
2454,333.73315458971285,Entire home/apt,False,False,2.0,False,0,1,9.0,100.0,0,3.935022497510558,0.3645646194700297,483.4234439615026,33.603300033433555,792.4143908651432,14.188840897130657,-0.071,51.511,London Borough of Tower Hamlets
1168,211.9052658811355,Private room,False,True,2.0,False,0,1,9.0,84.0,1,9.504513562789166,0.3414039462546295,117.62535407147,8.176268887607415,286.47352957660104,5.129547594364171,-0.1639999999999999,51.426,London Borough of Wandsworth
4435,345.2574143324161,Entire home/apt,False,False,2.0,False,0,1,10.0,95.0,0,3.93501558805636,0.3645525812676384,483.4315251093895,33.603861762990626,792.4067813349408,14.18870464214262,-0.071,51.511,London Borough of Tower Hamlets
4000,652.884592770291,Entire home/apt,False,False,4.0,True,1,0,10.0,100.0,2,4.964249149065823,0.3579227443483371,279.16884098705486,19.405335924132302,573.1647301966746,10.262992770396908,-0.0573,51.51676,London Borough of Tower Hamlets
1690,379.83019356052586,Entire home/apt,False,False,2.0,False,0,1,10.0,87.0,0,4.185024016230776,0.4344878866541066,352.03172392291725,24.47011577123817,724.205141441664,12.967497369124036,-0.181,51.49100000000001,Royal Borough of Kensington and Chelsea
1131,345.49260330675696,Entire home/apt,False,False,2.0,False,0,1,10.0,92.0,0,3.935009188976384,0.3645452063342208,483.4349425450207,33.604099312733595,792.4057271945105,14.188685766878592,-0.071,51.511,London Borough of Tower Hamlets
3962,412.9918389425904,Entire home/apt,False,False,4.0,False,0,1,9.0,90.0,1,5.486441847992506,0.3988065935347711,237.48599620021,16.507915128522455,554.4236944675116,9.927418887244412,-0.205,51.518,Royal Borough of Kensington and Chelsea
4247,232.83708459747407,Private room,False,True,2.0,False,0,0,10.0,100.0,1,1.8094405937979696,0.3648620350598385,558.3202687092124,38.80946143289851,916.759465256214,16.415343213615007,-0.10539,51.49973,London Borough of Southwark
4435,345.2574143324161,Entire home/apt,False,False,2.0,False,0,1,10.0,95.0,0,3.93501558805636,0.3645525812676384,483.4315251093895,33.603861762990626,792.4067813349408,14.18870464214262,-0.071,51.511,London Borough of Tower Hamlets
2617,322.2088948470096,Private room,False,True,2.0,False,0,1,9.0,84.0,1,1.4266087184992553,0.1423170843671968,590.5456050615219,41.04948032244827,1527.5305044976649,27.351708327972112,-0.136,51.52,London Borough of Camden
1129,335.14428843575814,Entire home/apt,False,False,2.0,False,0,1,10.0,95.0,0,3.935016885207956,0.3645570019424634,483.42767938252274,33.60359444224861,792.4116400426728,14.188791641358902,-0.071,51.511,London Borough of Tower Hamlets
1129,335.14428843575814,Entire home/apt,False,False,2.0,False,0,1,10.0,95.0,0,3.935016885207956,0.3645570019424634,483.42767938252274,33.60359444224861,792.4116400426728,14.188791641358902,-0.071,51.511,London Borough of Tower Hamlets
4097,334.90909946141727,Entire home/apt,False,False,2.0,False,0,1,10.0,90.0,0,3.935027202296321,0.364566795907017,483.4244292089872,33.60336851907951,792.4100124122609,14.188762497278208,-0.071,51.511,London Borough of Tower Hamlets
1787,353.95940638302875,Entire home/apt,False,False,2.0,False,0,1,10.0,60.0,0,4.184994887606691,0.4344783274445184,352.0373149648103,24.47050441076441,724.2159801656397,12.967691445521176,-0.181,51.49100000000001,Royal Borough of Kensington and Chelsea
1786,353.95940638302875,Entire home/apt,False,False,2.0,False,0,1,8.0,100.0,0,4.184998573668654,0.4344775990651961,352.0367573373497,24.47046564946083,724.2148145215643,12.967670573691336,-0.181,51.49100000000001,Royal Borough of Kensington and Chelsea
1162,211.9052658811355,Private room,False,True,2.0,False,0,1,8.0,76.0,1,9.5045092666229,0.3413813473888904,117.6254134834474,8.176273017399893,286.4760688581928,5.1295930623199695,-0.1639999999999999,51.426,London Borough of Wandsworth
1129,335.14428843575814,Entire home/apt,False,False,2.0,False,0,1,10.0,95.0,0,3.935016885207956,0.3645570019424634,483.42767938252274,33.60359444224861,792.4116400426728,14.188791641358902,-0.071,51.511,London Borough of Tower Hamlets
1049,243.4205884428138,Entire home/apt,False,False,2.0,True,0,1,10.0,94.0,0,3.840178357677625,0.4925453060723678,322.8910866010636,22.444517734313628,920.8890191490244,16.48928632196422,-0.08,51.526,London Borough of Hackney
1785,353.95940638302875,Entire home/apt,False,False,2.0,False,0,1,7.0,80.0,0,4.1850076511958205,0.4344716568304266,352.0357049923405,24.47039249979148,724.2123870323104,12.967627107470634,-0.181,51.49100000000001,Royal Borough of Kensington and Chelsea
2617,322.2088948470096,Private room,False,True,2.0,False,0,1,9.0,84.0,1,1.4266087184992553,0.1423170843671968,590.5456050615219,41.04948032244827,1527.5305044976649,27.351708327972112,-0.136,51.52,London Borough of Camden
4322,227.66292716197464,Private room,False,True,2.0,False,0,1,8.0,83.0,1,9.52329071037749,0.2875444771896031,117.4174658064196,8.161818343615026,299.0902537436342,5.355460568576527,-0.165,51.426,London Borough of Wandsworth
1114,345.49260330675696,Entire home/apt,False,False,2.0,False,0,1,10.0,89.0,0,3.9350119094347935,0.3645471746323017,483.4347475377076,33.60408575755887,792.4043229089667,14.188660621974128,-0.071,51.511,London Borough of Tower Hamlets
3903,334.43872151273547,Entire home/apt,False,False,2.0,False,0,1,10.0,95.0,0,3.935023151065557,0.3645583961197164,483.43061339090224,33.60379838842687,792.4034211174973,14.188644474645368,-0.071,51.511,London Borough of Tower Hamlets
4435,345.2574143324161,Entire home/apt,False,False,2.0,False,0,1,10.0,95.0,0,3.93501558805636,0.3645525812676384,483.4315251093895,33.603861762990626,792.4067813349408,14.18870464214262,-0.071,51.511,London Borough of Tower Hamlets
85,238.48161998165529,Entire home/apt,False,False,2.0,False,0,1,9.0,94.0,0,3.840178694185299,0.4925502028991297,322.89155969797247,22.444550619804748,920.8775325359326,16.489080644571825,-0.08,51.526,London Borough of Hackney
2616,322.2088948470096,Private room,False,True,2.0,False,0,1,9.0,84.0,1,1.4266218265235129,0.1423075064283409,590.5430117832034,41.04930006079465,1527.5228189960694,27.351570712652894,-0.136,51.52,London Borough of Camden
1129,335.14428843575814,Entire home/apt,False,False,2.0,False,0,1,10.0,95.0,0,3.935016885207956,0.3645570019424634,483.42767938252274,33.60359444224861,792.4116400426728,14.188791641358902,-0.071,51.511,London Borough of Tower Hamlets
4322,227.66292716197464,Private room,False,True,2.0,False,0,1,8.0,83.0,1,9.52329071037749,0.2875444771896031,117.4174658064196,8.161818343615026,299.0902537436342,5.355460568576527,-0.165,51.426,London Borough of Wandsworth
3903,334.43872151273547,Entire home/apt,False,False,2.0,False,0,1,10.0,95.0,0,3.935023151065557,0.3645583961197164,483.43061339090224,33.60379838842687,792.4034211174973,14.188644474645368,-0.071,51.511,London Borough of Tower Hamlets
1788,353.95940638302875,Entire home/apt,False,False,2.0,False,0,1,9.0,80.0,0,4.185031916992533,0.4344974168096186,352.02967093427617,24.46997306571957,724.2014619309941,12.967431484415137,-0.181,51.49100000000001,Royal Borough of Kensington and Chelsea
2454,333.73315458971285,Entire home/apt,False,False,2.0,False,0,1,9.0,100.0,0,3.935022497510558,0.3645646194700297,483.4234439615026,33.603300033433555,792.4143908651432,14.188840897130657,-0.071,51.511,London Borough of Tower Hamlets
4103,178.27324255038923,Private room,False,True,2.0,False,0,0,9.0,93.0,1,2.762310212768714,0.4228153806820031,390.2687918876688,27.128016796246506,662.961991493644,11.870887665074056,-0.09966,51.4906,London Borough of Southwark
1124,319.62181612925986,Entire home/apt,False,False,2.0,False,0,1,10.0,93.0,0,3.9350203952685936,0.3645594358265034,483.42754153605495,33.60358486038766,792.4096601649953,14.18875618999698,-0.071,51.511,London Borough of Tower Hamlets
1166,211.9052658811355,Private room,False,True,2.0,False,0,1,8.0,80.0,1,9.504501894440123,0.3414126680723994,117.62549234372166,8.176278499065067,286.4694771985963,5.129475033154496,-0.1639999999999999,51.426,London Borough of Wandsworth
1192,190.0326912674334,Private room,False,True,6.0,False,0,1,7.0,78.0,1,5.172798238646633,0.3203895441467371,245.9285388093324,17.09476563377428,540.6394707111509,9.680600858667322,-0.06,51.528,London Borough of Tower Hamlets
1784,353.95940638302875,Entire home/apt,False,False,2.0,False,0,1,8.0,80.0,0,4.185009900870399,0.4345251757001291,352.03119059768704,24.4700786992096,724.205920831865,12.967511324755948,-0.181,51.49100000000001,Royal Borough of Kensington and Chelsea
4381,651.9438368729274,Entire home/apt,False,False,4.0,False,0,1,6.0,60.0,2,3.838312444343061,0.1669082680906701,272.90659039039883,18.97003993608597,513.9664720353599,9.202998560143968,-0.122,51.474,London Borough of Lambeth
4097,334.90909946141727,Entire home/apt,False,False,2.0,False,0,1,10.0,90.0,0,3.935027202296321,0.364566795907017,483.4244292089872,33.60336851907951,792.4100124122609,14.188762497278208,-0.071,51.511,London Borough of Tower Hamlets
1792,353.95940638302875,Entire home/apt,False,False,2.0,False,0,1,8.0,77.0,0,4.184982355615324,0.4344912097016554,352.0384058762985,24.470580241232508,724.2188380462364,12.967742618258011,-0.181,51.49100000000001,Royal Borough of Kensington and Chelsea
326,186.740045626661,Private room,False,True,2.0,False,0,1,8.0,78.0,1,3.662149222487317,0.3342093605864353,339.56420744606805,23.60348486602145,788.9708337462639,14.127181133447394,-0.17967,51.51322,City of Westminster
3421,232.13151767445143,Private room,False,True,2.0,False,0,1,8.0,82.0,1,9.50450655110868,0.3414047381155742,117.62543862670536,8.176274765135654,286.47178917992704,5.129516431109452,-0.1639999999999999,51.426,London Borough of Wandsworth
3903,334.43872151273547,Entire home/apt,False,False,2.0,False,0,1,10.0,95.0,0,3.935023151065557,0.3645583961197164,483.43061339090224,33.60379838842687,792.4034211174973,14.188644474645368,-0.071,51.511,London Borough of Tower Hamlets
1113,335.14428843575814,Entire home/apt,False,False,2.0,False,0,1,9.0,92.0,0,3.935003107791964,0.364541716047097,483.4343982774293,33.604061480089364,792.410309638567,14.188767819363235,-0.071,51.511,London Borough of Tower Hamlets
4435,345.2574143324161,Entire home/apt,False,False,2.0,False,0,1,10.0,95.0,0,3.93501558805636,0.3645525812676384,483.4315251093895,33.603861762990626,792.4067813349408,14.18870464214262,-0.071,51.511,London Borough of Tower Hamlets
1131,345.49260330675696,Entire home/apt,False,False,2.0,False,0,1,10.0,92.0,0,3.935009188976384,0.3645452063342208,483.4349425450207,33.604099312733595,792.4057271945105,14.188685766878592,-0.071,51.511,London Borough of Tower Hamlets
1114,345.49260330675696,Entire home/apt,False,False,2.0,False,0,1,10.0,89.0,0,3.9350119094347935,0.3645471746323017,483.4347475377076,33.60408575755887,792.4043229089667,14.188660621974128,-0.071,51.511,London Borough of Tower Hamlets
4097,334.90909946141727,Entire home/apt,False,False,2.0,False,0,1,10.0,90.0,0,3.935027202296321,0.364566795907017,483.4244292089872,33.60336851907951,792.4100124122609,14.188762497278208,-0.071,51.511,London Borough of Tower Hamlets
1124,319.62181612925986,Entire home/apt,False,False,2.0,False,0,1,10.0,93.0,0,3.9350203952685936,0.3645594358265034,483.42754153605495,33.60358486038766,792.4096601649953,14.18875618999698,-0.071,51.511,London Borough of Tower Hamlets
961,388.0618076624568,Private room,False,True,2.0,False,0,1,7.0,70.0,1,1.4266143257997663,0.1423307430766109,590.5420717502211,41.04923471805892,1527.5454471748717,27.351975889076392,-0.136,51.52,London Borough of Camden
4323,227.66292716197464,Private room,False,True,2.0,False,0,1,8.0,86.0,1,9.523279652538989,0.2875551245595097,117.4175950830594,8.161827329777713,299.08615848024306,5.355387239468223,-0.165,51.426,London Borough of Wandsworth
3903,334.43872151273547,Entire home/apt,False,False,2.0,False,0,1,10.0,95.0,0,3.935023151065557,0.3645583961197164,483.43061339090224,33.60379838842687,792.4034211174973,14.188644474645368,-0.071,51.511,London Borough of Tower Hamlets
4097,334.90909946141727,Entire home/apt,False,False,2.0,False,0,1,10.0,90.0,0,3.935027202296321,0.364566795907017,483.4244292089872,33.60336851907951,792.4100124122609,14.188762497278208,-0.071,51.511,London Borough of Tower Hamlets
1787,353.95940638302875,Entire home/apt,False,False,2.0,False,0,1,10.0,60.0,0,4.184994887606691,0.4344783274445184,352.0373149648103,24.47050441076441,724.2159801656397,12.967691445521176,-0.181,51.49100000000001,Royal Borough of Kensington and Chelsea
2449,334.67391048707634,Entire home/apt,False,False,2.0,False,0,1,10.0,93.0,0,3.93503196214065,0.3645711329449925,483.42312529945735,33.60327788288117,792.4089731855695,14.188743889057116,-0.071,51.511,London Borough of Tower Hamlets
3422,211.43488793245373,Private room,False,True,2.0,False,0,1,9.0,87.0,1,9.523264014836398,0.2875422931123659,117.41778820880803,8.161840754162808,299.07679778562715,5.355219628420112,-0.165,51.426,London Borough of Wandsworth
1124,319.62181612925986,Entire home/apt,False,False,2.0,False,0,1,10.0,93.0,0,3.9350203952685936,0.3645594358265034,483.42754153605495,33.60358486038766,792.4096601649953,14.18875618999698,-0.071,51.511,London Borough of Tower Hamlets
1793,353.95940638302875,Entire home/apt,False,False,2.0,False,0,1,9.0,91.0,0,4.185008774147673,0.4344725643734805,352.0354477526372,24.470374618774247,724.2119118495222,12.967618598926292,-0.181,51.49100000000001,Royal Borough of Kensington and Chelsea
2449,334.67391048707634,Entire home/apt,False,False,2.0,False,0,1,10.0,93.0,0,3.93503196214065,0.3645711329449925,483.42312529945735,33.60327788288117,792.4089731855695,14.188743889057116,-0.071,51.511,London Borough of Tower Hamlets
2454,333.73315458971285,Entire home/apt,False,False,2.0,False,0,1,9.0,100.0,0,3.935022497510558,0.3645646194700297,483.4234439615026,33.603300033433555,792.4143908651432,14.188840897130657,-0.071,51.511,London Borough of Tower Hamlets
2617,322.2088948470096,Private room,False,True,2.0,False,0,1,9.0,84.0,1,1.4266087184992553,0.1423170843671968,590.5456050615219,41.04948032244827,1527.5305044976649,27.351708327972112,-0.136,51.52,London Borough of Camden
2656,444.5071615042687,Entire home/apt,False,False,4.0,False,0,1,3.0,40.0,1,4.608221866814254,0.455751046459675,304.06103038017943,21.13561963112776,676.5304169140163,12.113841644372762,-0.18978,51.49401,Royal Borough of Kensington and Chelsea
4321,227.66292716197464,Private room,False,True,2.0,False,0,1,8.0,77.0,1,9.5232931838848,0.2875573137571739,117.41743126544029,8.161815942633224,299.09312225443887,5.355511931656108,-0.165,51.426,London Borough of Wandsworth
1131,345.49260330675696,Entire home/apt,False,False,2.0,False,0,1,10.0,92.0,0,3.935009188976384,0.3645452063342208,483.4349425450207,33.604099312733595,792.4057271945105,14.188685766878592,-0.071,51.511,London Borough of Tower Hamlets
960,388.0618076624568,Private room,False,True,2.0,False,0,1,9.0,82.0,1,1.4266149926433769,0.14231034412013,590.5446580850522,41.04941449706303,1527.5246131420804,27.351602838334344,-0.136,51.52,London Borough of Camden
1793,353.95940638302875,Entire home/apt,False,False,2.0,False,0,1,9.0,91.0,0,4.185008774147673,0.4344725643734805,352.0354477526372,24.470374618774247,724.2119118495222,12.967618598926292,-0.181,51.49100000000001,Royal Borough of Kensington and Chelsea
2617,322.2088948470096,Private room,False,True,2.0,False,0,1,9.0,84.0,1,1.4266087184992553,0.1423170843671968,590.5456050615219,41.04948032244827,1527.5305044976649,27.351708327972112,-0.136,51.52,London Borough of Camden
4435,345.2574143324161,Entire home/apt,False,False,2.0,False,0,1,10.0,95.0,0,3.93501558805636,0.3645525812676384,483.4315251093895,33.603861762990626,792.4067813349408,14.18870464214262,-0.071,51.511,London Borough of Tower Hamlets
1166,211.9052658811355,Private room,False,True,2.0,False,0,1,8.0,80.0,1,9.504501894440123,0.3414126680723994,117.62549234372166,8.176278499065067,286.4694771985963,5.129475033154496,-0.1639999999999999,51.426,London Borough of Wandsworth
3421,232.13151767445143,Private room,False,True,2.0,False,0,1,8.0,82.0,1,9.50450655110868,0.3414047381155742,117.62543862670536,8.176274765135654,286.47178917992704,5.129516431109452,-0.1639999999999999,51.426,London Borough of Wandsworth
3291,541.1698299583716,Entire home/apt,False,False,4.0,False,0,0,8.0,100.0,2,6.137564623055298,0.2592710090959285,205.4006122684197,14.277624487024902,476.1765225950797,8.52633798166389,-0.21229,51.492740000000005,London Borough of Hammersmith and Fulham
1793,353.95940638302875,Entire home/apt,False,False,2.0,False,0,1,9.0,91.0,0,4.185008774147673,0.4344725643734805,352.0354477526372,24.470374618774247,724.2119118495222,12.967618598926292,-0.181,51.49100000000001,Royal Borough of Kensington and Chelsea
1131,345.49260330675696,Entire home/apt,False,False,2.0,False,0,1,10.0,92.0,0,3.935009188976384,0.3645452063342208,483.4349425450207,33.604099312733595,792.4057271945105,14.188685766878592,-0.071,51.511,London Borough of Tower Hamlets
1783,353.95940638302875,Entire home/apt,False,False,2.0,False,0,1,9.0,70.0,0,4.185012481931481,0.4344889899324827,352.033559676093,24.470243376478503,724.2089110809626,12.967564867661247,-0.181,51.49100000000001,Royal Borough of Kensington and Chelsea
2454,333.73315458971285,Entire home/apt,False,False,2.0,False,0,1,9.0,100.0,0,3.935022497510558,0.3645646194700297,483.4234439615026,33.603300033433555,792.4143908651432,14.188840897130657,-0.071,51.511,London Borough of Tower Hamlets
984,763.6585996848468,Entire home/apt,False,False,3.0,False,0,1,10.0,100.0,1,1.4266090019472444,0.1423307593729682,590.5436538196807,41.04934468946264,1527.5445842645636,27.35196043794727,-0.136,51.52,London Borough of Camden
2616,322.2088948470096,Private room,False,True,2.0,False,0,1,9.0,84.0,1,1.4266218265235129,0.1423075064283409,590.5430117832034,41.04930006079465,1527.5228189960694,27.351570712652894,-0.136,51.52,London Borough of Camden
1168,211.9052658811355,Private room,False,True,2.0,False,0,1,9.0,84.0,1,9.504513562789166,0.3414039462546295,117.62535407147,8.176268887607415,286.47352957660104,5.129547594364171,-0.1639999999999999,51.426,London Borough of Wandsworth
1128,345.49260330675696,Entire home/apt,False,False,2.0,False,0,1,10.0,90.0,0,3.935028691709733,0.3645633019430278,483.4292493844002,33.60370357482131,792.4019844804614,14.18861875046044,-0.071,51.511,London Borough of Tower Hamlets
1131,345.49260330675696,Entire home/apt,False,False,2.0,False,0,1,10.0,92.0,0,3.935009188976384,0.3645452063342208,483.4349425450207,33.604099312733595,792.4057271945105,14.188685766878592,-0.071,51.511,London Borough of Tower Hamlets
1131,345.49260330675696,Entire home/apt,False,False,2.0,False,0,1,10.0,92.0,0,3.935009188976384,0.3645452063342208,483.4349425450207,33.604099312733595,792.4057271945105,14.188685766878592,-0.071,51.511,London Borough of Tower Hamlets
241,168.39530562807215,Private room,False,True,2.0,True,0,0,10.0,96.0,1,8.884022354270945,3.4589318333395207,154.61673634832545,10.74758091814187,296.20723826432845,5.303837770692741,-0.01404,51.47149,London Borough of Lewisham
4377,532.7030268820997,Entire home/apt,False,False,4.0,False,0,1,2.0,20.0,1,3.838313139772806,0.1669076216763115,272.9065464194961,18.97003687961973,513.9664080795119,9.202997414961144,-0.122,51.474,London Borough of Lambeth
4097,334.90909946141727,Entire home/apt,False,False,2.0,False,0,1,10.0,90.0,0,3.935027202296321,0.364566795907017,483.4244292089872,33.60336851907951,792.4100124122609,14.188762497278208,-0.071,51.511,London Borough of Tower Hamlets
1113,335.14428843575814,Entire home/apt,False,False,2.0,False,0,1,9.0,92.0,0,3.935003107791964,0.364541716047097,483.4343982774293,33.604061480089364,792.410309638567,14.188767819363235,-0.071,51.511,London Borough of Tower Hamlets
2616,322.2088948470096,Private room,False,True,2.0,False,0,1,9.0,84.0,1,1.4266218265235129,0.1423075064283409,590.5430117832034,41.04930006079465,1527.5228189960694,27.351570712652894,-0.136,51.52,London Borough of Camden
2449,334.67391048707634,Entire home/apt,False,False,2.0,False,0,1,10.0,93.0,0,3.93503196214065,0.3645711329449925,483.42312529945735,33.60327788288117,792.4089731855695,14.188743889057116,-0.071,51.511,London Borough of Tower Hamlets
1787,353.95940638302875,Entire home/apt,False,False,2.0,False,0,1,10.0,60.0,0,4.184994887606691,0.4344783274445184,352.0373149648103,24.47050441076441,724.2159801656397,12.967691445521176,-0.181,51.49100000000001,Royal Borough of Kensington and Chelsea
3996,235.1889743408829,Private room,False,True,3.0,False,1,0,10.0,100.0,1,5.731963835167248,2.188283287223345,210.352552134322,14.621839322155411,399.0337023981171,7.145031414356813,-0.06019,51.47853,London Borough of Southwark
1131,345.49260330675696,Entire home/apt,False,False,2.0,False,0,1,10.0,92.0,0,3.935009188976384,0.3645452063342208,483.4349425450207,33.604099312733595,792.4057271945105,14.188685766878592,-0.071,51.511,London Borough of Tower Hamlets
1167,211.9052658811355,Private room,False,True,2.0,False,0,1,8.0,82.0,1,9.504490407326903,0.3413819230524423,117.62564142403738,8.176288861803243,286.4716302369913,5.129513585103558,-0.1639999999999999,51.426,London Borough of Wandsworth
1785,353.95940638302875,Entire home/apt,False,False,2.0,False,0,1,7.0,80.0,0,4.1850076511958205,0.4344716568304266,352.0357049923405,24.47039249979148,724.2123870323104,12.967627107470634,-0.181,51.49100000000001,Royal Borough of Kensington and Chelsea
3952,209.31818716338577,Private room,False,True,2.0,False,0,1,9.0,83.0,1,8.653002096814534,0.7015957850341719,129.08355786873898,8.972741348455878,290.39465213230136,5.199758565697287,-0.1689999999999999,51.435,London Borough of Wandsworth
958,388.0618076624568,Private room,False,True,2.0,False,0,1,8.0,76.0,1,1.4266133952065438,0.1423099738218652,590.5451840312672,41.04945105616806,1527.5239717823736,27.35159135425361,-0.136,51.52,London Borough of Camden
1128,345.49260330675696,Entire home/apt,False,False,2.0,False,0,1,10.0,90.0,0,3.935028691709733,0.3645633019430278,483.4292493844002,33.60370357482131,792.4019844804614,14.18861875046044,-0.071,51.511,London Borough of Tower Hamlets
1128,345.49260330675696,Entire home/apt,False,False,2.0,False,0,1,10.0,90.0,0,3.935028691709733,0.3645633019430278,483.4292493844002,33.60370357482131,792.4019844804614,14.18861875046044,-0.071,51.511,London Borough of Tower Hamlets
2954,164.8674710129589,Private room,False,True,2.0,True,1,0,10.0,99.0,1,5.468614339821733,0.1567090158007685,233.6962399232125,16.244484964304608,527.8209538202719,9.45107461734895,-0.19738,51.48566,London Borough of Hammersmith and Fulham
2617,322.2088948470096,Private room,False,True,2.0,False,0,1,9.0,84.0,1,1.4266087184992553,0.1423170843671968,590.5456050615219,41.04948032244827,1527.5305044976649,27.351708327972112,-0.136,51.52,London Borough of Camden
1793,353.95940638302875,Entire home/apt,False,False,2.0,False,0,1,9.0,91.0,0,4.185008774147673,0.4344725643734805,352.0354477526372,24.470374618774247,724.2119118495222,12.967618598926292,-0.181,51.49100000000001,Royal Borough of Kensington and Chelsea
1784,353.95940638302875,Entire home/apt,False,False,2.0,False,0,1,8.0,80.0,0,4.185009900870399,0.4345251757001291,352.03119059768704,24.4700786992096,724.205920831865,12.967511324755948,-0.181,51.49100000000001,Royal Borough of Kensington and Chelsea
3200,515.5342317552153,Entire home/apt,False,False,5.0,False,0,1,9.0,92.0,2,5.939762119800684,0.3776484669393595,206.78803847364736,14.37406602214463,489.561525386081,8.766007625727042,-0.2,51.48,London Borough of Hammersmith and Fulham
3216,515.5342317552153,Entire home/apt,False,False,5.0,False,0,1,10.0,20.0,2,5.939766688570558,0.3776574808489742,206.78789053285672,14.374055738616104,489.56034362171584,8.765986465249961,-0.2,51.48,London Borough of Hammersmith and Fulham
1129,335.14428843575814,Entire home/apt,False,False,2.0,False,0,1,10.0,95.0,0,3.935016885207956,0.3645570019424634,483.42767938252274,33.60359444224861,792.4116400426728,14.188791641358902,-0.071,51.511,London Borough of Tower Hamlets
1790,353.95940638302875,Entire home/apt,False,False,2.0,False,0,1,10.0,90.0,0,4.1850080894232,0.4344939125611116,352.0339105142033,24.47026776362487,724.2098672003963,12.96758198777754,-0.181,51.49100000000001,Royal Borough of Kensington and Chelsea
1124,319.62181612925986,Entire home/apt,False,False,2.0,False,0,1,10.0,93.0,0,3.9350203952685936,0.3645594358265034,483.42754153605495,33.60358486038766,792.4096601649953,14.18875618999698,-0.071,51.511,London Borough of Tower Hamlets
4435,345.2574143324161,Entire home/apt,False,False,2.0,False,0,1,10.0,95.0,0,3.93501558805636,0.3645525812676384,483.4315251093895,33.603861762990626,792.4067813349408,14.18870464214262,-0.071,51.511,London Borough of Tower Hamlets
981,1001.6698417178204,Entire home/apt,False,False,4.0,False,0,1,9.0,90.0,2,1.4266038704263206,0.1423151120270535,590.5473171430174,41.04959933113288,1527.527689830579,27.35165792900925,-0.136,51.52,London Borough of Camden
511,623.7211599520215,Entire home/apt,False,False,6.0,False,0,1,10.0,100.0,2,5.386843237631183,0.2856545392915523,216.72262349340755,15.064630051044396,489.0607406020769,8.757040656290531,-0.17823,51.54497,London Borough of Camden
1783,353.95940638302875,Entire home/apt,False,False,2.0,False,0,1,9.0,70.0,0,4.185012481931481,0.4344889899324827,352.033559676093,24.470243376478503,724.2089110809626,12.967564867661247,-0.181,51.49100000000001,Royal Borough of Kensington and Chelsea
4435,345.2574143324161,Entire home/apt,False,False,2.0,False,0,1,10.0,95.0,0,3.93501558805636,0.3645525812676384,483.4315251093895,33.603861762990626,792.4067813349408,14.18870464214262,-0.071,51.511,London Borough of Tower Hamlets
2406,199.20506126672785,Private room,False,True,2.0,False,0,1,8.0,82.0,1,1.8185118700589988,0.1596597627804639,507.83780439227473,35.300369319020284,1263.7486835803325,22.62847471220553,-0.138,51.5233,London Borough of Camden
1129,335.14428843575814,Entire home/apt,False,False,2.0,False,0,1,10.0,95.0,0,3.935016885207956,0.3645570019424634,483.42767938252274,33.60359444224861,792.4116400426728,14.188791641358902,-0.071,51.511,London Borough of Tower Hamlets
1793,353.95940638302875,Entire home/apt,False,False,2.0,False,0,1,9.0,91.0,0,4.185008774147673,0.4344725643734805,352.0354477526372,24.470374618774247,724.2119118495222,12.967618598926292,-0.181,51.49100000000001,Royal Borough of Kensington and Chelsea
957,388.0618076624568,Private room,False,True,2.0,False,0,1,8.0,80.0,1,1.426597575947724,0.1423186405754901,590.5487087069413,41.04969606028541,1527.5302837477186,27.351704375260123,-0.136,51.52,London Borough of Camden
1114,345.49260330675696,Entire home/apt,False,False,2.0,False,0,1,10.0,89.0,0,3.9350119094347935,0.3645471746323017,483.4347475377076,33.60408575755887,792.4043229089667,14.188660621974128,-0.071,51.511,London Borough of Tower Hamlets
958,388.0618076624568,Private room,False,True,2.0,False,0,1,8.0,76.0,1,1.4266133952065438,0.1423099738218652,590.5451840312672,41.04945105616806,1527.5239717823736,27.35159135425361,-0.136,51.52,London Borough of Camden
1113,335.14428843575814,Entire home/apt,False,False,2.0,False,0,1,9.0,92.0,0,3.935003107791964,0.364541716047097,483.4343982774293,33.604061480089364,792.410309638567,14.188767819363235,-0.071,51.511,London Borough of Tower Hamlets
1784,353.95940638302875,Entire home/apt,False,False,2.0,False,0,1,8.0,80.0,0,4.185009900870399,0.4345251757001291,352.03119059768704,24.4700786992096,724.205920831865,12.967511324755948,-0.181,51.49100000000001,Royal Borough of Kensington and Chelsea
1131,345.49260330675696,Entire home/apt,False,False,2.0,False,0,1,10.0,92.0,0,3.935009188976384,0.3645452063342208,483.4349425450207,33.604099312733595,792.4057271945105,14.188685766878592,-0.071,51.511,London Borough of Tower Hamlets
4380,584.444601237094,Entire home/apt,False,False,5.0,False,0,1,8.0,60.0,2,3.838301183617757,0.1669186395099546,272.9073015006934,18.97008936615165,513.9675195260401,9.203017316338672,-0.122,51.474,London Borough of Lambeth
1783,353.95940638302875,Entire home/apt,False,False,2.0,False,0,1,9.0,70.0,0,4.185012481931481,0.4344889899324827,352.033559676093,24.470243376478503,724.2089110809626,12.967564867661247,-0.181,51.49100000000001,Royal Borough of Kensington and Chelsea
3903,334.43872151273547,Entire home/apt,False,False,2.0,False,0,1,10.0,95.0,0,3.935023151065557,0.3645583961197164,483.43061339090224,33.60379838842687,792.4034211174973,14.188644474645368,-0.071,51.511,London Borough of Tower Hamlets
1793,353.95940638302875,Entire home/apt,False,False,2.0,False,0,1,9.0,91.0,0,4.185008774147673,0.4344725643734805,352.0354477526372,24.470374618774247,724.2119118495222,12.967618598926292,-0.181,51.49100000000001,Royal Borough of Kensington and Chelsea
4321,227.66292716197464,Private room,False,True,2.0,False,0,1,8.0,77.0,1,9.5232931838848,0.2875573137571739,117.41743126544029,8.161815942633224,299.09312225443887,5.355511931656108,-0.165,51.426,London Borough of Wandsworth
1784,353.95940638302875,Entire home/apt,False,False,2.0,False,0,1,8.0,80.0,0,4.185009900870399,0.4345251757001291,352.03119059768704,24.4700786992096,724.205920831865,12.967511324755948,-0.181,51.49100000000001,Royal Borough of Kensington and Chelsea
4435,345.2574143324161,Entire home/apt,False,False,2.0,False,0,1,10.0,95.0,0,3.93501558805636,0.3645525812676384,483.4315251093895,33.603861762990626,792.4067813349408,14.18870464214262,-0.071,51.511,London Borough of Tower Hamlets
1131,345.49260330675696,Entire home/apt,False,False,2.0,False,0,1,10.0,92.0,0,3.935009188976384,0.3645452063342208,483.4349425450207,33.604099312733595,792.4057271945105,14.188685766878592,-0.071,51.511,London Borough of Tower Hamlets
1558,106.0702274277382,Private room,False,True,2.0,False,1,0,9.0,92.0,1,4.5096584773082,1.4454998879067544,250.7850071591401,17.432344137878566,563.684014644904,10.093232647277288,-0.0845,51.5387,London Borough of Hackney
1784,353.95940638302875,Entire home/apt,False,False,2.0,False,0,1,8.0,80.0,0,4.185009900870399,0.4345251757001291,352.03119059768704,24.4700786992096,724.205920831865,12.967511324755948,-0.181,51.49100000000001,Royal Borough of Kensington and Chelsea
1128,345.49260330675696,Entire home/apt,False,False,2.0,False,0,1,10.0,90.0,0,3.935028691709733,0.3645633019430278,483.4292493844002,33.60370357482131,792.4019844804614,14.18861875046044,-0.071,51.511,London Borough of Tower Hamlets
1114,345.49260330675696,Entire home/apt,False,False,2.0,False,0,1,10.0,89.0,0,3.9350119094347935,0.3645471746323017,483.4347475377076,33.60408575755887,792.4043229089667,14.188660621974128,-0.071,51.511,London Borough of Tower Hamlets
1114,345.49260330675696,Entire home/apt,False,False,2.0,False,0,1,10.0,89.0,0,3.9350119094347935,0.3645471746323017,483.4347475377076,33.60408575755887,792.4043229089667,14.188660621974128,-0.071,51.511,London Borough of Tower Hamlets
1124,319.62181612925986,Entire home/apt,False,False,2.0,False,0,1,10.0,93.0,0,3.9350203952685936,0.3645594358265034,483.42754153605495,33.60358486038766,792.4096601649953,14.18875618999698,-0.071,51.511,London Borough of Tower Hamlets
1790,353.95940638302875,Entire home/apt,False,False,2.0,False,0,1,10.0,90.0,0,4.1850080894232,0.4344939125611116,352.0339105142033,24.47026776362487,724.2098672003963,12.96758198777754,-0.181,51.49100000000001,Royal Borough of Kensington and Chelsea
4381,651.9438368729274,Entire home/apt,False,False,4.0,False,0,1,6.0,60.0,2,3.838312444343061,0.1669082680906701,272.90659039039883,18.97003993608597,513.9664720353599,9.202998560143968,-0.122,51.474,London Borough of Lambeth
1350,211.9052658811355,Private room,False,True,2.0,False,0,1,9.0,80.0,1,9.50452630738396,0.3414020576004548,117.6252005302904,8.176258214789641,286.47676413269,5.129605511790013,-0.1639999999999999,51.426,London Borough of Wandsworth
1787,353.95940638302875,Entire home/apt,False,False,2.0,False,0,1,10.0,60.0,0,4.184994887606691,0.4344783274445184,352.0373149648103,24.47050441076441,724.2159801656397,12.967691445521176,-0.181,51.49100000000001,Royal Borough of Kensington and Chelsea
1114,345.49260330675696,Entire home/apt,False,False,2.0,False,0,1,10.0,89.0,0,3.9350119094347935,0.3645471746323017,483.4347475377076,33.60408575755887,792.4043229089667,14.188660621974128,-0.071,51.511,London Borough of Tower Hamlets
2291,166.74898280768596,Private room,False,True,4.0,False,0,1,8.0,78.0,1,5.235770199644615,0.2542645624765702,243.3763923786772,16.917363103322337,532.7966470968607,9.54016855742412,-0.059,51.528,London Borough of Tower Hamlets
1170,183.4473999858887,Private room,False,True,2.0,False,0,1,9.0,86.0,1,9.523273332881343,0.2875488603963807,117.41767352931328,8.161832782663872,299.0822364996391,5.3553170131328205,-0.165,51.426,London Borough of Wandsworth
1128,345.49260330675696,Entire home/apt,False,False,2.0,False,0,1,10.0,90.0,0,3.935028691709733,0.3645633019430278,483.4292493844002,33.60370357482131,792.4019844804614,14.18861875046044,-0.071,51.511,London Borough of Tower Hamlets
1690,379.83019356052586,Entire home/apt,False,False,2.0,False,0,1,10.0,87.0,0,4.185024016230776,0.4344878866541066,352.03172392291725,24.47011577123817,724.205141441664,12.967497369124036,-0.181,51.49100000000001,Royal Borough of Kensington and Chelsea
1784,353.95940638302875,Entire home/apt,False,False,2.0,False,0,1,8.0,80.0,0,4.185009900870399,0.4345251757001291,352.03119059768704,24.4700786992096,724.205920831865,12.967511324755948,-0.181,51.49100000000001,Royal Borough of Kensington and Chelsea
3903,334.43872151273547,Entire home/apt,False,False,2.0,False,0,1,10.0,95.0,0,3.935023151065557,0.3645583961197164,483.43061339090224,33.60379838842687,792.4034211174973,14.188644474645368,-0.071,51.511,London Borough of Tower Hamlets
1124,319.62181612925986,Entire home/apt,False,False,2.0,False,0,1,10.0,93.0,0,3.9350203952685936,0.3645594358265034,483.42754153605495,33.60358486038766,792.4096601649953,14.18875618999698,-0.071,51.511,London Borough of Tower Hamlets
1113,335.14428843575814,Entire home/apt,False,False,2.0,False,0,1,9.0,92.0,0,3.935003107791964,0.364541716047097,483.4343982774293,33.604061480089364,792.410309638567,14.188767819363235,-0.071,51.511,London Borough of Tower Hamlets
1787,353.95940638302875,Entire home/apt,False,False,2.0,False,0,1,10.0,60.0,0,4.184994887606691,0.4344783274445184,352.0373149648103,24.47050441076441,724.2159801656397,12.967691445521176,-0.181,51.49100000000001,Royal Borough of Kensington and Chelsea
4435,345.2574143324161,Entire home/apt,False,False,2.0,False,0,1,10.0,95.0,0,3.93501558805636,0.3645525812676384,483.4315251093895,33.603861762990626,792.4067813349408,14.18870464214262,-0.071,51.511,London Borough of Tower Hamlets
3188,515.5342317552153,Entire home/apt,False,False,6.0,False,0,1,6.0,67.0,2,5.939755893972311,0.3776411475394992,206.7882984402145,14.374084092709188,489.5629123760575,8.76603246093994,-0.2,51.48,London Borough of Hammersmith and Fulham
1131,345.49260330675696,Entire home/apt,False,False,2.0,False,0,1,10.0,92.0,0,3.935009188976384,0.3645452063342208,483.4349425450207,33.604099312733595,792.4057271945105,14.188685766878592,-0.071,51.511,London Borough of Tower Hamlets
1114,345.49260330675696,Entire home/apt,False,False,2.0,False,0,1,10.0,89.0,0,3.9350119094347935,0.3645471746323017,483.4347475377076,33.60408575755887,792.4043229089667,14.188660621974128,-0.071,51.511,London Borough of Tower Hamlets
1691,379.83019356052586,Entire home/apt,False,False,2.0,False,0,1,7.0,80.0,0,4.18501378287374,0.4344951605577924,352.03286570381954,24.470195137695693,724.2078143380202,12.96754522956369,-0.181,51.49100000000001,Royal Borough of Kensington and Chelsea
2449,334.67391048707634,Entire home/apt,False,False,2.0,False,0,1,10.0,93.0,0,3.93503196214065,0.3645711329449925,483.42312529945735,33.60327788288117,792.4089731855695,14.188743889057116,-0.071,51.511,London Borough of Tower Hamlets
4435,345.2574143324161,Entire home/apt,False,False,2.0,False,0,1,10.0,95.0,0,3.93501558805636,0.3645525812676384,483.4315251093895,33.603861762990626,792.4067813349408,14.18870464214262,-0.071,51.511,London Borough of Tower Hamlets
2449,334.67391048707634,Entire home/apt,False,False,2.0,False,0,1,10.0,93.0,0,3.93503196214065,0.3645711329449925,483.42312529945735,33.60327788288117,792.4089731855695,14.188743889057116,-0.071,51.511,London Borough of Tower Hamlets
1784,353.95940638302875,Entire home/apt,False,False,2.0,False,0,1,8.0,80.0,0,4.185009900870399,0.4345251757001291,352.03119059768704,24.4700786992096,724.205920831865,12.967511324755948,-0.181,51.49100000000001,Royal Borough of Kensington and Chelsea
4322,227.66292716197464,Private room,False,True,2.0,False,0,1,8.0,83.0,1,9.52329071037749,0.2875444771896031,117.4174658064196,8.161818343615026,299.0902537436342,5.355460568576527,-0.165,51.426,London Borough of Wandsworth
3903,334.43872151273547,Entire home/apt,False,False,2.0,False,0,1,10.0,95.0,0,3.935023151065557,0.3645583961197164,483.43061339090224,33.60379838842687,792.4034211174973,14.188644474645368,-0.071,51.511,London Borough of Tower Hamlets
1129,335.14428843575814,Entire home/apt,False,False,2.0,False,0,1,10.0,95.0,0,3.935016885207956,0.3645570019424634,483.42767938252274,33.60359444224861,792.4116400426728,14.188791641358902,-0.071,51.511,London Borough of Tower Hamlets
1786,353.95940638302875,Entire home/apt,False,False,2.0,False,0,1,8.0,100.0,0,4.184998573668654,0.4344775990651961,352.0367573373497,24.47046564946083,724.2148145215643,12.967670573691336,-0.181,51.49100000000001,Royal Borough of Kensington and Chelsea
1784,353.95940638302875,Entire home/apt,False,False,2.0,False,0,1,8.0,80.0,0,4.185009900870399,0.4345251757001291,352.03119059768704,24.4700786992096,724.205920831865,12.967511324755948,-0.181,51.49100000000001,Royal Borough of Kensington and Chelsea
4381,651.9438368729274,Entire home/apt,False,False,4.0,False,0,1,6.0,60.0,2,3.838312444343061,0.1669082680906701,272.90659039039883,18.97003993608597,513.9664720353599,9.202998560143968,-0.122,51.474,London Borough of Lambeth
4097,334.90909946141727,Entire home/apt,False,False,2.0,False,0,1,10.0,90.0,0,3.935027202296321,0.364566795907017,483.4244292089872,33.60336851907951,792.4100124122609,14.188762497278208,-0.071,51.511,London Borough of Tower Hamlets
1690,379.83019356052586,Entire home/apt,False,False,2.0,False,0,1,10.0,87.0,0,4.185024016230776,0.4344878866541066,352.03172392291725,24.47011577123817,724.205141441664,12.967497369124036,-0.181,51.49100000000001,Royal Borough of Kensington and Chelsea
1131,345.49260330675696,Entire home/apt,False,False,2.0,False,0,1,10.0,92.0,0,3.935009188976384,0.3645452063342208,483.4349425450207,33.604099312733595,792.4057271945105,14.188685766878592,-0.071,51.511,London Borough of Tower Hamlets
1793,353.95940638302875,Entire home/apt,False,False,2.0,False,0,1,9.0,91.0,0,4.185008774147673,0.4344725643734805,352.0354477526372,24.470374618774247,724.2119118495222,12.967618598926292,-0.181,51.49100000000001,Royal Borough of Kensington and Chelsea
2116,234.0130294691785,Private room,False,True,2.0,False,0,1,8.0,60.0,1,3.712161612008124,0.2665935964020468,808.1971369440284,56.17867982640681,812.4672362618808,14.54790382701817,-0.1768799999999999,51.49553,Royal Borough of Kensington and Chelsea
1170,183.4473999858887,Private room,False,True,2.0,False,0,1,9.0,86.0,1,9.523273332881343,0.2875488603963807,117.41767352931328,8.161832782663872,299.0822364996391,5.3553170131328205,-0.165,51.426,London Borough of Wandsworth
1350,211.9052658811355,Private room,False,True,2.0,False,0,1,9.0,80.0,1,9.50452630738396,0.3414020576004548,117.6252005302904,8.176258214789641,286.47676413269,5.129605511790013,-0.1639999999999999,51.426,London Borough of Wandsworth
1128,345.49260330675696,Entire home/apt,False,False,2.0,False,0,1,10.0,90.0,0,3.935028691709733,0.3645633019430278,483.4292493844002,33.60370357482131,792.4019844804614,14.18861875046044,-0.071,51.511,London Borough of Tower Hamlets
4321,227.66292716197464,Private room,False,True,2.0,False,0,1,8.0,77.0,1,9.5232931838848,0.2875573137571739,117.41743126544029,8.161815942633224,299.09312225443887,5.355511931656108,-0.165,51.426,London Borough of Wandsworth
1787,353.95940638302875,Entire home/apt,False,False,2.0,False,0,1,10.0,60.0,0,4.184994887606691,0.4344783274445184,352.0373149648103,24.47050441076441,724.2159801656397,12.967691445521176,-0.181,51.49100000000001,Royal Borough of Kensington and Chelsea
1168,211.9052658811355,Private room,False,True,2.0,False,0,1,9.0,84.0,1,9.504513562789166,0.3414039462546295,117.62535407147,8.176268887607415,286.47352957660104,5.129547594364171,-0.1639999999999999,51.426,London Borough of Wandsworth
4321,227.66292716197464,Private room,False,True,2.0,False,0,1,8.0,77.0,1,9.5232931838848,0.2875573137571739,117.41743126544029,8.161815942633224,299.09312225443887,5.355511931656108,-0.165,51.426,London Borough of Wandsworth
1124,319.62181612925986,Entire home/apt,False,False,2.0,False,0,1,10.0,93.0,0,3.9350203952685936,0.3645594358265034,483.42754153605495,33.60358486038766,792.4096601649953,14.18875618999698,-0.071,51.511,London Borough of Tower Hamlets
1124,319.62181612925986,Entire home/apt,False,False,2.0,False,0,1,10.0,93.0,0,3.9350203952685936,0.3645594358265034,483.42754153605495,33.60358486038766,792.4096601649953,14.18875618999698,-0.071,51.511,London Borough of Tower Hamlets
4097,334.90909946141727,Entire home/apt,False,False,2.0,False,0,1,10.0,90.0,0,3.935027202296321,0.364566795907017,483.4244292089872,33.60336851907951,792.4100124122609,14.188762497278208,-0.071,51.511,London Borough of Tower Hamlets
1788,353.95940638302875,Entire home/apt,False,False,2.0,False,0,1,9.0,80.0,0,4.185031916992533,0.4344974168096186,352.02967093427617,24.46997306571957,724.2014619309941,12.967431484415137,-0.181,51.49100000000001,Royal Borough of Kensington and Chelsea
1124,319.62181612925986,Entire home/apt,False,False,2.0,False,0,1,10.0,93.0,0,3.9350203952685936,0.3645594358265034,483.42754153605495,33.60358486038766,792.4096601649953,14.18875618999698,-0.071,51.511,London Borough of Tower Hamlets
3422,211.43488793245373,Private room,False,True,2.0,False,0,1,9.0,87.0,1,9.523264014836398,0.2875422931123659,117.41778820880803,8.161840754162808,299.07679778562715,5.355219628420112,-0.165,51.426,London Borough of Wandsworth
1167,211.9052658811355,Private room,False,True,2.0,False,0,1,8.0,82.0,1,9.504490407326903,0.3413819230524423,117.62564142403738,8.176288861803243,286.4716302369913,5.129513585103558,-0.1639999999999999,51.426,London Borough of Wandsworth
3216,515.5342317552153,Entire home/apt,False,False,5.0,False,0,1,10.0,20.0,2,5.939766688570558,0.3776574808489742,206.78789053285672,14.374055738616104,489.56034362171584,8.765986465249961,-0.2,51.48,London Borough of Hammersmith and Fulham
1690,379.83019356052586,Entire home/apt,False,False,2.0,False,0,1,10.0,87.0,0,4.185024016230776,0.4344878866541066,352.03172392291725,24.47011577123817,724.205141441664,12.967497369124036,-0.181,51.49100000000001,Royal Borough of Kensington and Chelsea
1113,335.14428843575814,Entire home/apt,False,False,2.0,False,0,1,9.0,92.0,0,3.935003107791964,0.364541716047097,483.4343982774293,33.604061480089364,792.410309638567,14.188767819363235,-0.071,51.511,London Borough of Tower Hamlets
1790,353.95940638302875,Entire home/apt,False,False,2.0,False,0,1,10.0,90.0,0,4.1850080894232,0.4344939125611116,352.0339105142033,24.47026776362487,724.2098672003963,12.96758198777754,-0.181,51.49100000000001,Royal Borough of Kensington and Chelsea
1783,353.95940638302875,Entire home/apt,False,False,2.0,False,0,1,9.0,70.0,0,4.185012481931481,0.4344889899324827,352.033559676093,24.470243376478503,724.2089110809626,12.967564867661247,-0.181,51.49100000000001,Royal Borough of Kensington and Chelsea
1690,379.83019356052586,Entire home/apt,False,False,2.0,False,0,1,10.0,87.0,0,4.185024016230776,0.4344878866541066,352.03172392291725,24.47011577123817,724.205141441664,12.967497369124036,-0.181,51.49100000000001,Royal Borough of Kensington and Chelsea
1113,335.14428843575814,Entire home/apt,False,False,2.0,False,0,1,9.0,92.0,0,3.935003107791964,0.364541716047097,483.4343982774293,33.604061480089364,792.410309638567,14.188767819363235,-0.071,51.511,London Borough of Tower Hamlets
4097,334.90909946141727,Entire home/apt,False,False,2.0,False,0,1,10.0,90.0,0,3.935027202296321,0.364566795907017,483.4244292089872,33.60336851907951,792.4100124122609,14.188762497278208,-0.071,51.511,London Borough of Tower Hamlets
4321,227.66292716197464,Private room,False,True,2.0,False,0,1,8.0,77.0,1,9.5232931838848,0.2875573137571739,117.41743126544029,8.161815942633224,299.09312225443887,5.355511931656108,-0.165,51.426,London Borough of Wandsworth
1128,345.49260330675696,Entire home/apt,False,False,2.0,False,0,1,10.0,90.0,0,3.935028691709733,0.3645633019430278,483.4292493844002,33.60370357482131,792.4019844804614,14.18861875046044,-0.071,51.511,London Borough of Tower Hamlets
1790,353.95940638302875,Entire home/apt,False,False,2.0,False,0,1,10.0,90.0,0,4.1850080894232,0.4344939125611116,352.0339105142033,24.47026776362487,724.2098672003963,12.96758198777754,-0.181,51.49100000000001,Royal Borough of Kensington and Chelsea
4220,552.4589007267339,Entire home/apt,False,False,6.0,True,0,1,10.0,60.0,2,4.572135760312673,0.5133538358398766,323.10146445622456,22.459141332477245,667.8190094108645,11.957856623811308,-0.0624,51.51447,London Borough of Tower Hamlets
2449,334.67391048707634,Entire home/apt,False,False,2.0,False,0,1,10.0,93.0,0,3.93503196214065,0.3645711329449925,483.42312529945735,33.60327788288117,792.4089731855695,14.188743889057116,-0.071,51.511,London Borough of Tower Hamlets
1113,335.14428843575814,Entire home/apt,False,False,2.0,False,0,1,9.0,92.0,0,3.935003107791964,0.364541716047097,483.4343982774293,33.604061480089364,792.410309638567,14.188767819363235,-0.071,51.511,London Borough of Tower Hamlets
1783,353.95940638302875,Entire home/apt,False,False,2.0,False,0,1,9.0,70.0,0,4.185012481931481,0.4344889899324827,352.033559676093,24.470243376478503,724.2089110809626,12.967564867661247,-0.181,51.49100000000001,Royal Borough of Kensington and Chelsea
1128,345.49260330675696,Entire home/apt,False,False,2.0,False,0,1,10.0,90.0,0,3.935028691709733,0.3645633019430278,483.4292493844002,33.60370357482131,792.4019844804614,14.18861875046044,-0.071,51.511,London Borough of Tower Hamlets
1114,345.49260330675696,Entire home/apt,False,False,2.0,False,0,1,10.0,89.0,0,3.9350119094347935,0.3645471746323017,483.4347475377076,33.60408575755887,792.4043229089667,14.188660621974128,-0.071,51.511,London Borough of Tower Hamlets
1787,353.95940638302875,Entire home/apt,False,False,2.0,False,0,1,10.0,60.0,0,4.184994887606691,0.4344783274445184,352.0373149648103,24.47050441076441,724.2159801656397,12.967691445521176,-0.181,51.49100000000001,Royal Borough of Kensington and Chelsea
3903,334.43872151273547,Entire home/apt,False,False,2.0,False,0,1,10.0,95.0,0,3.935023151065557,0.3645583961197164,483.43061339090224,33.60379838842687,792.4034211174973,14.188644474645368,-0.071,51.511,London Borough of Tower Hamlets
2449,334.67391048707634,Entire home/apt,False,False,2.0,False,0,1,10.0,93.0,0,3.93503196214065,0.3645711329449925,483.42312529945735,33.60327788288117,792.4089731855695,14.188743889057116,-0.071,51.511,London Borough of Tower Hamlets
1790,353.95940638302875,Entire home/apt,False,False,2.0,False,0,1,10.0,90.0,0,4.1850080894232,0.4344939125611116,352.0339105142033,24.47026776362487,724.2098672003963,12.96758198777754,-0.181,51.49100000000001,Royal Borough of Kensington and Chelsea
4513,154.98953409064185,Private room,False,True,2.0,True,0,1,9.0,87.0,1,4.4032780674408585,0.5003768401902212,340.80636332809775,23.689828499772613,691.0734846421549,12.374247407480452,-0.065,51.515,London Borough of Tower Hamlets
1787,353.95940638302875,Entire home/apt,False,False,2.0,False,0,1,10.0,60.0,0,4.184994887606691,0.4344783274445184,352.0373149648103,24.47050441076441,724.2159801656397,12.967691445521176,-0.181,51.49100000000001,Royal Borough of Kensington and Chelsea
957,388.0618076624568,Private room,False,True,2.0,False,0,1,8.0,80.0,1,1.426597575947724,0.1423186405754901,590.5487087069413,41.04969606028541,1527.5302837477186,27.351704375260123,-0.136,51.52,London Borough of Camden
2449,334.67391048707634,Entire home/apt,False,False,2.0,False,0,1,10.0,93.0,0,3.93503196214065,0.3645711329449925,483.42312529945735,33.60327788288117,792.4089731855695,14.188743889057116,-0.071,51.511,London Borough of Tower Hamlets
142,243.6557774171547,Entire home/apt,False,False,2.0,True,0,1,10.0,96.0,0,3.840179512552354,0.4925595622335419,322.8924341671015,22.444611405124284,920.8560233702387,16.488695505011798,-0.08,51.526,London Borough of Hackney
1164,211.9052658811355,Private room,False,True,2.0,False,0,1,9.0,86.0,1,9.504499382662347,0.3413956465950518,117.625528333863,8.176281000779728,286.47155645293776,5.12951226393851,-0.1639999999999999,51.426,London Borough of Wandsworth
1350,211.9052658811355,Private room,False,True,2.0,False,0,1,9.0,80.0,1,9.50452630738396,0.3414020576004548,117.6252005302904,8.176258214789641,286.47676413269,5.129605511790013,-0.1639999999999999,51.426,London Borough of Wandsworth
981,1001.6698417178204,Entire home/apt,False,False,4.0,False,0,1,9.0,90.0,2,1.4266038704263206,0.1423151120270535,590.5473171430174,41.04959933113288,1527.527689830579,27.35165792900925,-0.136,51.52,London Borough of Camden
977,716.8559937910111,Entire home/apt,False,False,2.0,False,0,1,9.0,100.0,1,1.4265966104828671,0.1423359225908261,590.5466365978081,41.04955202568019,1527.5478420426512,27.35201877118238,-0.136,51.52,London Borough of Camden
628,284.8138479268092,Private room,False,True,2.0,False,0,0,10.0,92.0,1,2.201523030169896,0.4182837819962522,478.9442889977603,33.2919490014905,924.7399989795516,16.558241329272647,-0.14997,51.49436,City of Westminster
1790,353.95940638302875,Entire home/apt,False,False,2.0,False,0,1,10.0,90.0,0,4.1850080894232,0.4344939125611116,352.0339105142033,24.47026776362487,724.2098672003963,12.96758198777754,-0.181,51.49100000000001,Royal Borough of Kensington and Chelsea
1786,353.95940638302875,Entire home/apt,False,False,2.0,False,0,1,8.0,100.0,0,4.184998573668654,0.4344775990651961,352.0367573373497,24.47046564946083,724.2148145215643,12.967670573691336,-0.181,51.49100000000001,Royal Borough of Kensington and Chelsea
1691,379.83019356052586,Entire home/apt,False,False,2.0,False,0,1,7.0,80.0,0,4.18501378287374,0.4344951605577924,352.03286570381954,24.470195137695693,724.2078143380202,12.96754522956369,-0.181,51.49100000000001,Royal Borough of Kensington and Chelsea
961,388.0618076624568,Private room,False,True,2.0,False,0,1,7.0,70.0,1,1.4266143257997663,0.1423307430766109,590.5420717502211,41.04923471805892,1527.5454471748717,27.351975889076392,-0.136,51.52,London Borough of Camden
984,763.6585996848468,Entire home/apt,False,False,3.0,False,0,1,10.0,100.0,1,1.4266090019472444,0.1423307593729682,590.5436538196807,41.04934468946264,1527.5445842645636,27.35196043794727,-0.136,51.52,London Borough of Camden
4380,584.444601237094,Entire home/apt,False,False,5.0,False,0,1,8.0,60.0,2,3.838301183617757,0.1669186395099546,272.9073015006934,18.97008936615165,513.9675195260401,9.203017316338672,-0.122,51.474,London Borough of Lambeth
2449,334.67391048707634,Entire home/apt,False,False,2.0,False,0,1,10.0,93.0,0,3.93503196214065,0.3645711329449925,483.42312529945735,33.60327788288117,792.4089731855695,14.188743889057116,-0.071,51.511,London Borough of Tower Hamlets
1129,335.14428843575814,Entire home/apt,False,False,2.0,False,0,1,10.0,95.0,0,3.935016885207956,0.3645570019424634,483.42767938252274,33.60359444224861,792.4116400426728,14.188791641358902,-0.071,51.511,London Borough of Tower Hamlets
1168,211.9052658811355,Private room,False,True,2.0,False,0,1,9.0,84.0,1,9.504513562789166,0.3414039462546295,117.62535407147,8.176268887607415,286.47352957660104,5.129547594364171,-0.1639999999999999,51.426,London Borough of Wandsworth
1170,183.4473999858887,Private room,False,True,2.0,False,0,1,9.0,86.0,1,9.523273332881343,0.2875488603963807,117.41767352931328,8.161832782663872,299.0822364996391,5.3553170131328205,-0.165,51.426,London Borough of Wandsworth
1790,353.95940638302875,Entire home/apt,False,False,2.0,False,0,1,10.0,90.0,0,4.1850080894232,0.4344939125611116,352.0339105142033,24.47026776362487,724.2098672003963,12.96758198777754,-0.181,51.49100000000001,Royal Borough of Kensington and Chelsea
1114,345.49260330675696,Entire home/apt,False,False,2.0,False,0,1,10.0,89.0,0,3.9350119094347935,0.3645471746323017,483.4347475377076,33.60408575755887,792.4043229089667,14.188660621974128,-0.071,51.511,London Borough of Tower Hamlets
142,243.6557774171547,Entire home/apt,False,False,2.0,True,0,1,10.0,96.0,0,3.840179512552354,0.4925595622335419,322.8924341671015,22.444611405124284,920.8560233702387,16.488695505011798,-0.08,51.526,London Borough of Hackney
3691,122.5334556316,Private room,False,True,2.0,False,0,1,9.0,87.0,1,6.336006764667308,0.7081074341027562,204.4215979790372,14.2095721173807,419.80279634953786,7.516919372288182,-0.0377399999999999,51.51857,London Borough of Tower Hamlets
50,259.178249723653,Private room,False,True,2.0,False,0,0,10.0,99.0,1,4.118599494946343,0.4309408384573054,264.0357541780414,18.3534182672059,595.1530892064317,10.656712686611211,-0.11026,51.54374,London Borough of Islington
3421,232.13151767445143,Private room,False,True,2.0,False,0,1,8.0,82.0,1,9.50450655110868,0.3414047381155742,117.62543862670536,8.176274765135654,286.47178917992704,5.129516431109452,-0.1639999999999999,51.426,London Borough of Wandsworth
4097,334.90909946141727,Entire home/apt,False,False,2.0,False,0,1,10.0,90.0,0,3.935027202296321,0.364566795907017,483.4244292089872,33.60336851907951,792.4100124122609,14.188762497278208,-0.071,51.511,London Borough of Tower Hamlets
1788,353.95940638302875,Entire home/apt,False,False,2.0,False,0,1,9.0,80.0,0,4.185031916992533,0.4344974168096186,352.02967093427617,24.46997306571957,724.2014619309941,12.967431484415137,-0.181,51.49100000000001,Royal Borough of Kensington and Chelsea
1792,353.95940638302875,Entire home/apt,False,False,2.0,False,0,1,8.0,77.0,0,4.184982355615324,0.4344912097016554,352.0384058762985,24.470580241232508,724.2188380462364,12.967742618258011,-0.181,51.49100000000001,Royal Borough of Kensington and Chelsea
1787,353.95940638302875,Entire home/apt,False,False,2.0,False,0,1,10.0,60.0,0,4.184994887606691,0.4344783274445184,352.0373149648103,24.47050441076441,724.2159801656397,12.967691445521176,-0.181,51.49100000000001,Royal Borough of Kensington and Chelsea
1350,211.9052658811355,Private room,False,True,2.0,False,0,1,9.0,80.0,1,9.50452630738396,0.3414020576004548,117.6252005302904,8.176258214789641,286.47676413269,5.129605511790013,-0.1639999999999999,51.426,London Borough of Wandsworth
2460,219.19612408570285,Private room,False,True,2.0,False,1,0,9.0,100.0,1,6.639895720552337,1.045612551207988,167.20156029597848,11.622365995827511,369.0095740174765,6.607424342124281,-0.16204,51.45268,London Borough of Wandsworth
2449,334.67391048707634,Entire home/apt,False,False,2.0,False,0,1,10.0,93.0,0,3.93503196214065,0.3645711329449925,483.42312529945735,33.60327788288117,792.4089731855695,14.188743889057116,-0.071,51.511,London Borough of Tower Hamlets
977,716.8559937910111,Entire home/apt,False,False,2.0,False,0,1,9.0,100.0,1,1.4265966104828671,0.1423359225908261,590.5466365978081,41.04955202568019,1527.5478420426512,27.35201877118238,-0.136,51.52,London Borough of Camden
1170,183.4473999858887,Private room,False,True,2.0,False,0,1,9.0,86.0,1,9.523273332881343,0.2875488603963807,117.41767352931328,8.161832782663872,299.0822364996391,5.3553170131328205,-0.165,51.426,London Borough of Wandsworth
1131,345.49260330675696,Entire home/apt,False,False,2.0,False,0,1,10.0,92.0,0,3.935009188976384,0.3645452063342208,483.4349425450207,33.604099312733595,792.4057271945105,14.188685766878592,-0.071,51.511,London Borough of Tower Hamlets
4427,584.444601237094,Entire home/apt,False,False,6.0,False,0,1,7.0,80.0,2,3.83830417746245,0.1669145367146329,272.9070999529292,18.97007535634291,513.9674078338226,9.203015316396318,-0.122,51.474,London Borough of Lambeth
512,442.6256497095416,Private room,False,True,2.0,False,1,0,10.0,98.0,1,1.886917201405489,0.3348617091148886,539.7063765415863,37.51558913292679,1040.0390260787974,18.62276662053981,-0.15114,51.49995,City of Westminster
141,243.6557774171547,Entire home/apt,False,False,2.0,True,0,1,9.0,96.0,0,3.840206366627755,0.4925828351334784,322.8903937083128,22.44446957056964,920.8659753289908,16.488873703137642,-0.08,51.526,London Borough of Hackney
1129,335.14428843575814,Entire home/apt,False,False,2.0,False,0,1,10.0,95.0,0,3.935016885207956,0.3645570019424634,483.42767938252274,33.60359444224861,792.4116400426728,14.188791641358902,-0.071,51.511,London Borough of Tower Hamlets
3188,515.5342317552153,Entire home/apt,False,False,6.0,False,0,1,6.0,67.0,2,5.939755893972311,0.3776411475394992,206.7882984402145,14.374084092709188,489.5629123760575,8.76603246093994,-0.2,51.48,London Borough of Hammersmith and Fulham
1234,184.85853383193395,Private room,False,True,4.0,False,0,1,7.0,74.0,1,5.172783939298035,0.3203847064546948,245.9295705855082,17.094837353681203,540.6423660558943,9.680652702230969,-0.06,51.528,London Borough of Tower Hamlets
1164,211.9052658811355,Private room,False,True,2.0,False,0,1,9.0,86.0,1,9.504499382662347,0.3413956465950518,117.625528333863,8.176281000779728,286.47155645293776,5.12951226393851,-0.1639999999999999,51.426,London Borough of Wandsworth
3247,425.4568545826572,Entire home/apt,False,False,4.0,False,1,0,9.0,100.0,1,8.785058845803556,0.2141020952699285,128.98954783334477,8.966206606574895,292.5554477036617,5.238449413474274,-0.20401,51.44546,London Borough of Wandsworth
1129,335.14428843575814,Entire home/apt,False,False,2.0,False,0,1,10.0,95.0,0,3.935016885207956,0.3645570019424634,483.42767938252274,33.60359444224861,792.4116400426728,14.188791641358902,-0.071,51.511,London Borough of Tower Hamlets
1786,353.95940638302875,Entire home/apt,False,False,2.0,False,0,1,8.0,100.0,0,4.184998573668654,0.4344775990651961,352.0367573373497,24.47046564946083,724.2148145215643,12.967670573691336,-0.181,51.49100000000001,Royal Borough of Kensington and Chelsea
1114,345.49260330675696,Entire home/apt,False,False,2.0,False,0,1,10.0,89.0,0,3.9350119094347935,0.3645471746323017,483.4347475377076,33.60408575755887,792.4043229089667,14.188660621974128,-0.071,51.511,London Borough of Tower Hamlets
1128,345.49260330675696,Entire home/apt,False,False,2.0,False,0,1,10.0,90.0,0,3.935028691709733,0.3645633019430278,483.4292493844002,33.60370357482131,792.4019844804614,14.18861875046044,-0.071,51.511,London Borough of Tower Hamlets
1788,353.95940638302875,Entire home/apt,False,False,2.0,False,0,1,9.0,80.0,0,4.185031916992533,0.4344974168096186,352.02967093427617,24.46997306571957,724.2014619309941,12.967431484415137,-0.181,51.49100000000001,Royal Borough of Kensington and Chelsea
1346,183.4473999858887,Private room,False,True,2.0,False,0,1,8.0,80.0,1,9.523276958098256,0.2875342530726114,117.4176352548939,8.161830122166506,299.0821537907685,5.355315532161475,-0.165,51.426,London Borough of Wandsworth
4097,334.90909946141727,Entire home/apt,False,False,2.0,False,0,1,10.0,90.0,0,3.935027202296321,0.364566795907017,483.4244292089872,33.60336851907951,792.4100124122609,14.188762497278208,-0.071,51.511,London Borough of Tower Hamlets
1131,345.49260330675696,Entire home/apt,False,False,2.0,False,0,1,10.0,92.0,0,3.935009188976384,0.3645452063342208,483.4349425450207,33.604099312733595,792.4057271945105,14.188685766878592,-0.071,51.511,London Borough of Tower Hamlets
4379,584.444601237094,Entire home/apt,False,False,4.0,False,0,1,8.0,87.0,2,3.838294214835504,0.1669262891986488,272.907753001647,18.97012075048396,513.9680151995739,9.20302619178691,-0.122,51.474,London Borough of Lambeth
2449,334.67391048707634,Entire home/apt,False,False,2.0,False,0,1,10.0,93.0,0,3.93503196214065,0.3645711329449925,483.42312529945735,33.60327788288117,792.4089731855695,14.188743889057116,-0.071,51.511,London Borough of Tower Hamlets
1113,335.14428843575814,Entire home/apt,False,False,2.0,False,0,1,9.0,92.0,0,3.935003107791964,0.364541716047097,483.4343982774293,33.604061480089364,792.410309638567,14.188767819363235,-0.071,51.511,London Borough of Tower Hamlets
1788,353.95940638302875,Entire home/apt,False,False,2.0,False,0,1,9.0,80.0,0,4.185031916992533,0.4344974168096186,352.02967093427617,24.46997306571957,724.2014619309941,12.967431484415137,-0.181,51.49100000000001,Royal Borough of Kensington and Chelsea
4321,227.66292716197464,Private room,False,True,2.0,False,0,1,8.0,77.0,1,9.5232931838848,0.2875573137571739,117.41743126544029,8.161815942633224,299.09312225443887,5.355511931656108,-0.165,51.426,London Borough of Wandsworth
1113,335.14428843575814,Entire home/apt,False,False,2.0,False,0,1,9.0,92.0,0,3.935003107791964,0.364541716047097,483.4343982774293,33.604061480089364,792.410309638567,14.188767819363235,-0.071,51.511,London Borough of Tower Hamlets
955,566.8054281615277,Entire home/apt,False,False,4.0,False,0,1,10.0,94.0,1,1.4983553243074037,0.178207113979985,569.5305880562997,39.58870317054327,1477.2670183248574,26.45169866577699,-0.13693,51.52044,London Borough of Camden
4323,227.66292716197464,Private room,False,True,2.0,False,0,1,8.0,86.0,1,9.523279652538989,0.2875551245595097,117.4175950830594,8.161827329777713,299.08615848024306,5.355387239468223,-0.165,51.426,London Borough of Wandsworth
567,90.54775512123992,Private room,False,True,2.0,False,0,0,8.0,67.0,1,10.986259830578534,6.628233961494598,105.60167770119256,7.340489800717469,215.6193879883316,3.86084506512172,-0.03911,51.42647,London Borough of Lewisham
1128,345.49260330675696,Entire home/apt,False,False,2.0,False,0,1,10.0,90.0,0,3.935028691709733,0.3645633019430278,483.4292493844002,33.60370357482131,792.4019844804614,14.18861875046044,-0.071,51.511,London Borough of Tower Hamlets
1131,345.49260330675696,Entire home/apt,False,False,2.0,False,0,1,10.0,92.0,0,3.935009188976384,0.3645452063342208,483.4349425450207,33.604099312733595,792.4057271945105,14.188685766878592,-0.071,51.511,London Borough of Tower Hamlets
1785,353.95940638302875,Entire home/apt,False,False,2.0,False,0,1,7.0,80.0,0,4.1850076511958205,0.4344716568304266,352.0357049923405,24.47039249979148,724.2123870323104,12.967627107470634,-0.181,51.49100000000001,Royal Borough of Kensington and Chelsea
4097,334.90909946141727,Entire home/apt,False,False,2.0,False,0,1,10.0,90.0,0,3.935027202296321,0.364566795907017,483.4244292089872,33.60336851907951,792.4100124122609,14.188762497278208,-0.071,51.511,London Borough of Tower Hamlets
4097,334.90909946141727,Entire home/apt,False,False,2.0,False,0,1,10.0,90.0,0,3.935027202296321,0.364566795907017,483.4244292089872,33.60336851907951,792.4100124122609,14.188762497278208,-0.071,51.511,London Borough of Tower Hamlets
1790,353.95940638302875,Entire home/apt,False,False,2.0,False,0,1,10.0,90.0,0,4.1850080894232,0.4344939125611116,352.0339105142033,24.47026776362487,724.2098672003963,12.96758198777754,-0.181,51.49100000000001,Royal Borough of Kensington and Chelsea
1114,345.49260330675696,Entire home/apt,False,False,2.0,False,0,1,10.0,89.0,0,3.9350119094347935,0.3645471746323017,483.4347475377076,33.60408575755887,792.4043229089667,14.188660621974128,-0.071,51.511,London Borough of Tower Hamlets
1166,211.9052658811355,Private room,False,True,2.0,False,0,1,8.0,80.0,1,9.504501894440123,0.3414126680723994,117.62549234372166,8.176278499065067,286.4694771985963,5.129475033154496,-0.1639999999999999,51.426,London Borough of Wandsworth
984,763.6585996848468,Entire home/apt,False,False,3.0,False,0,1,10.0,100.0,1,1.4266090019472444,0.1423307593729682,590.5436538196807,41.04934468946264,1527.5445842645636,27.35196043794727,-0.136,51.52,London Borough of Camden
961,388.0618076624568,Private room,False,True,2.0,False,0,1,7.0,70.0,1,1.4266143257997663,0.1423307430766109,590.5420717502211,41.04923471805892,1527.5454471748717,27.351975889076392,-0.136,51.52,London Borough of Camden
961,388.0618076624568,Private room,False,True,2.0,False,0,1,7.0,70.0,1,1.4266143257997663,0.1423307430766109,590.5420717502211,41.04923471805892,1527.5454471748717,27.351975889076392,-0.136,51.52,London Borough of Camden
3167,12886.239093111317,Entire home/apt,False,False,6.0,False,0,0,10.0,100.0,2,2.938326253355303,0.6197170281018278,386.7318218612672,26.88215808481856,781.5264000592315,13.993882336287465,-0.14658,51.5319,London Borough of Camden
1550,271.172887415038,Entire home/apt,False,False,2.0,True,0,0,10.0,98.0,1,9.82111774050673,0.8689464417079892,115.30723862746072,8.015134110735934,251.68167978220828,4.506570491802287,-0.215,51.43899999999999,London Borough of Wandsworth
3857,722.7357181495331,Entire home/apt,False,False,6.0,False,0,1,9.0,85.0,2,3.3310166716812826,0.1554240746778845,348.7724382122188,24.243559204734524,760.9713456418639,13.6258269348182,-0.17046,51.52167,City of Westminster
1164,211.9052658811355,Private room,False,True,2.0,False,0,1,9.0,86.0,1,9.504499382662347,0.3413956465950518,117.625528333863,8.176281000779728,286.47155645293776,5.12951226393851,-0.1639999999999999,51.426,London Borough of Wandsworth
958,388.0618076624568,Private room,False,True,2.0,False,0,1,8.0,76.0,1,1.4266133952065438,0.1423099738218652,590.5451840312672,41.04945105616806,1527.5239717823736,27.35159135425361,-0.136,51.52,London Borough of Camden
2454,333.73315458971285,Entire home/apt,False,False,2.0,False,0,1,9.0,100.0,0,3.935022497510558,0.3645646194700297,483.4234439615026,33.603300033433555,792.4143908651432,14.188840897130657,-0.071,51.511,London Borough of Tower Hamlets
3692,296.8084856181942,Private room,False,True,2.0,True,0,1,9.0,84.0,1,2.2772948231085803,0.1752840747557967,450.94117918974655,31.345421764340603,764.7915375268084,13.694230658270026,-0.1352799999999999,51.48844,City of Westminster
1128,345.49260330675696,Entire home/apt,False,False,2.0,False,0,1,10.0,90.0,0,3.935028691709733,0.3645633019430278,483.4292493844002,33.60370357482131,792.4019844804614,14.18861875046044,-0.071,51.511,London Borough of Tower Hamlets
1114,345.49260330675696,Entire home/apt,False,False,2.0,False,0,1,10.0,89.0,0,3.9350119094347935,0.3645471746323017,483.4347475377076,33.60408575755887,792.4043229089667,14.188660621974128,-0.071,51.511,London Borough of Tower Hamlets
1786,353.95940638302875,Entire home/apt,False,False,2.0,False,0,1,8.0,100.0,0,4.184998573668654,0.4344775990651961,352.0367573373497,24.47046564946083,724.2148145215643,12.967670573691336,-0.181,51.49100000000001,Royal Borough of Kensington and Chelsea
1690,379.83019356052586,Entire home/apt,False,False,2.0,False,0,1,10.0,87.0,0,4.185024016230776,0.4344878866541066,352.03172392291725,24.47011577123817,724.205141441664,12.967497369124036,-0.181,51.49100000000001,Royal Borough of Kensington and Chelsea
1129,335.14428843575814,Entire home/apt,False,False,2.0,False,0,1,10.0,95.0,0,3.935016885207956,0.3645570019424634,483.42767938252274,33.60359444224861,792.4116400426728,14.188791641358902,-0.071,51.511,London Borough of Tower Hamlets
1783,353.95940638302875,Entire home/apt,False,False,2.0,False,0,1,9.0,70.0,0,4.185012481931481,0.4344889899324827,352.033559676093,24.470243376478503,724.2089110809626,12.967564867661247,-0.181,51.49100000000001,Royal Borough of Kensington and Chelsea
4377,532.7030268820997,Entire home/apt,False,False,4.0,False,0,1,2.0,20.0,1,3.838313139772806,0.1669076216763115,272.9065464194961,18.97003687961973,513.9664080795119,9.202997414961144,-0.122,51.474,London Borough of Lambeth
1790,353.95940638302875,Entire home/apt,False,False,2.0,False,0,1,10.0,90.0,0,4.1850080894232,0.4344939125611116,352.0339105142033,24.47026776362487,724.2098672003963,12.96758198777754,-0.181,51.49100000000001,Royal Borough of Kensington and Chelsea
1113,335.14428843575814,Entire home/apt,False,False,2.0,False,0,1,9.0,92.0,0,3.935003107791964,0.364541716047097,483.4343982774293,33.604061480089364,792.410309638567,14.188767819363235,-0.071,51.511,London Borough of Tower Hamlets
1113,335.14428843575814,Entire home/apt,False,False,2.0,False,0,1,9.0,92.0,0,3.935003107791964,0.364541716047097,483.4343982774293,33.604061480089364,792.410309638567,14.188767819363235,-0.071,51.511,London Borough of Tower Hamlets
1114,345.49260330675696,Entire home/apt,False,False,2.0,False,0,1,10.0,89.0,0,3.9350119094347935,0.3645471746323017,483.4347475377076,33.60408575755887,792.4043229089667,14.188660621974128,-0.071,51.511,London Borough of Tower Hamlets
937,135.70403819468945,Private room,False,True,2.0,False,0,0,10.0,100.0,1,7.454113772540799,0.4346510342247047,180.1754977349508,12.524198784084886,392.19727464169847,7.022619470733921,-0.021,51.5,London Borough of Tower Hamlets
2454,333.73315458971285,Entire home/apt,False,False,2.0,False,0,1,9.0,100.0,0,3.935022497510558,0.3645646194700297,483.4234439615026,33.603300033433555,792.4143908651432,14.188840897130657,-0.071,51.511,London Borough of Tower Hamlets
1783,353.95940638302875,Entire home/apt,False,False,2.0,False,0,1,9.0,70.0,0,4.185012481931481,0.4344889899324827,352.033559676093,24.470243376478503,724.2089110809626,12.967564867661247,-0.181,51.49100000000001,Royal Borough of Kensington and Chelsea
1790,353.95940638302875,Entire home/apt,False,False,2.0,False,0,1,10.0,90.0,0,4.1850080894232,0.4344939125611116,352.0339105142033,24.47026776362487,724.2098672003963,12.96758198777754,-0.181,51.49100000000001,Royal Borough of Kensington and Chelsea
1164,211.9052658811355,Private room,False,True,2.0,False,0,1,9.0,86.0,1,9.504499382662347,0.3413956465950518,117.625528333863,8.176281000779728,286.47155645293776,5.12951226393851,-0.1639999999999999,51.426,London Borough of Wandsworth
1691,379.83019356052586,Entire home/apt,False,False,2.0,False,0,1,7.0,80.0,0,4.18501378287374,0.4344951605577924,352.03286570381954,24.470195137695693,724.2078143380202,12.96754522956369,-0.181,51.49100000000001,Royal Borough of Kensington and Chelsea
1124,319.62181612925986,Entire home/apt,False,False,2.0,False,0,1,10.0,93.0,0,3.9350203952685936,0.3645594358265034,483.42754153605495,33.60358486038766,792.4096601649953,14.18875618999698,-0.071,51.511,London Borough of Tower Hamlets
1690,379.83019356052586,Entire home/apt,False,False,2.0,False,0,1,10.0,87.0,0,4.185024016230776,0.4344878866541066,352.03172392291725,24.47011577123817,724.205141441664,12.967497369124036,-0.181,51.49100000000001,Royal Borough of Kensington and Chelsea
1787,353.95940638302875,Entire home/apt,False,False,2.0,False,0,1,10.0,60.0,0,4.184994887606691,0.4344783274445184,352.0373149648103,24.47050441076441,724.2159801656397,12.967691445521176,-0.181,51.49100000000001,Royal Borough of Kensington and Chelsea
4378,532.7030268820997,Entire home/apt,False,False,2.0,False,0,1,10.0,100.0,1,3.838324230880153,0.1668969014571163,272.9058413379417,18.969987868618475,513.9654389836609,9.20298006249127,-0.122,51.474,London Borough of Lambeth
1167,211.9052658811355,Private room,False,True,2.0,False,0,1,8.0,82.0,1,9.504490407326903,0.3413819230524423,117.62564142403738,8.176288861803243,286.4716302369913,5.129513585103558,-0.1639999999999999,51.426,London Borough of Wandsworth
981,1001.6698417178204,Entire home/apt,False,False,4.0,False,0,1,9.0,90.0,2,1.4266038704263206,0.1423151120270535,590.5473171430174,41.04959933113288,1527.527689830579,27.35165792900925,-0.136,51.52,London Borough of Camden
3978,219.90169100872552,Private room,False,True,2.0,True,0,0,10.0,100.0,1,3.848036771057921,0.4987361398661722,306.55173383757835,21.308751192326827,677.8871271810601,12.138134673808498,-0.17668,51.52429,City of Westminster
958,388.0618076624568,Private room,False,True,2.0,False,0,1,8.0,76.0,1,1.4266133952065438,0.1423099738218652,590.5451840312672,41.04945105616806,1527.5239717823736,27.35159135425361,-0.136,51.52,London Borough of Camden
1129,335.14428843575814,Entire home/apt,False,False,2.0,False,0,1,10.0,95.0,0,3.935016885207956,0.3645570019424634,483.42767938252274,33.60359444224861,792.4116400426728,14.188791641358902,-0.071,51.511,London Borough of Tower Hamlets
1129,335.14428843575814,Entire home/apt,False,False,2.0,False,0,1,10.0,95.0,0,3.935016885207956,0.3645570019424634,483.42767938252274,33.60359444224861,792.4116400426728,14.188791641358902,-0.071,51.511,London Borough of Tower Hamlets
4097,334.90909946141727,Entire home/apt,False,False,2.0,False,0,1,10.0,90.0,0,3.935027202296321,0.364566795907017,483.4244292089872,33.60336851907951,792.4100124122609,14.188762497278208,-0.071,51.511,London Borough of Tower Hamlets
1128,345.49260330675696,Entire home/apt,False,False,2.0,False,0,1,10.0,90.0,0,3.935028691709733,0.3645633019430278,483.4292493844002,33.60370357482131,792.4019844804614,14.18861875046044,-0.071,51.511,London Borough of Tower Hamlets
1785,353.95940638302875,Entire home/apt,False,False,2.0,False,0,1,7.0,80.0,0,4.1850076511958205,0.4344716568304266,352.0357049923405,24.47039249979148,724.2123870323104,12.967627107470634,-0.181,51.49100000000001,Royal Borough of Kensington and Chelsea
3421,232.13151767445143,Private room,False,True,2.0,False,0,1,8.0,82.0,1,9.50450655110868,0.3414047381155742,117.62543862670536,8.176274765135654,286.47178917992704,5.129516431109452,-0.1639999999999999,51.426,London Borough of Wandsworth
2617,322.2088948470096,Private room,False,True,2.0,False,0,1,9.0,84.0,1,1.4266087184992553,0.1423170843671968,590.5456050615219,41.04948032244827,1527.5305044976649,27.351708327972112,-0.136,51.52,London Borough of Camden
1543,928.7612596721466,Entire home/apt,False,False,4.0,True,1,0,10.0,100.0,2,8.49833561640778,0.9756177804052591,162.46866357082357,11.293377092477389,335.6724827944652,6.010495905703523,-0.00513,51.50742,London Borough of Tower Hamlets
1783,353.95940638302875,Entire home/apt,False,False,2.0,False,0,1,9.0,70.0,0,4.185012481931481,0.4344889899324827,352.033559676093,24.470243376478503,724.2089110809626,12.967564867661247,-0.181,51.49100000000001,Royal Borough of Kensington and Chelsea
1790,353.95940638302875,Entire home/apt,False,False,2.0,False,0,1,10.0,90.0,0,4.1850080894232,0.4344939125611116,352.0339105142033,24.47026776362487,724.2098672003963,12.96758198777754,-0.181,51.49100000000001,Royal Borough of Kensington and Chelsea
3651,180.6251322937981,Private room,False,True,2.0,True,0,0,10.0,100.0,1,9.01116378655897,0.835921368969068,126.54400952870142,8.796214525262576,279.35433425724574,5.00207246157204,-0.21664,51.44949,London Borough of Wandsworth
1790,353.95940638302875,Entire home/apt,False,False,2.0,False,0,1,10.0,90.0,0,4.1850080894232,0.4344939125611116,352.0339105142033,24.47026776362487,724.2098672003963,12.96758198777754,-0.181,51.49100000000001,Royal Borough of Kensington and Chelsea
1788,353.95940638302875,Entire home/apt,False,False,2.0,False,0,1,9.0,80.0,0,4.185031916992533,0.4344974168096186,352.02967093427617,24.46997306571957,724.2014619309941,12.967431484415137,-0.181,51.49100000000001,Royal Borough of Kensington and Chelsea
2454,333.73315458971285,Entire home/apt,False,False,2.0,False,0,1,9.0,100.0,0,3.935022497510558,0.3645646194700297,483.4234439615026,33.603300033433555,792.4143908651432,14.188840897130657,-0.071,51.511,London Borough of Tower Hamlets
1131,345.49260330675696,Entire home/apt,False,False,2.0,False,0,1,10.0,92.0,0,3.935009188976384,0.3645452063342208,483.4349425450207,33.604099312733595,792.4057271945105,14.188685766878592,-0.071,51.511,London Borough of Tower Hamlets
1691,379.83019356052586,Entire home/apt,False,False,2.0,False,0,1,7.0,80.0,0,4.18501378287374,0.4344951605577924,352.03286570381954,24.470195137695693,724.2078143380202,12.96754522956369,-0.181,51.49100000000001,Royal Borough of Kensington and Chelsea
1792,353.95940638302875,Entire home/apt,False,False,2.0,False,0,1,8.0,77.0,0,4.184982355615324,0.4344912097016554,352.0384058762985,24.470580241232508,724.2188380462364,12.967742618258011,-0.181,51.49100000000001,Royal Borough of Kensington and Chelsea
1345,419.812319198476,Entire home/apt,False,False,4.0,False,1,0,9.0,92.0,1,4.796456726929934,0.7511588616798341,270.1438185125885,18.77799659707616,584.0464435157044,10.45783892759924,-0.18531,51.48473,Royal Borough of Kensington and Chelsea
1785,353.95940638302875,Entire home/apt,False,False,2.0,False,0,1,7.0,80.0,0,4.1850076511958205,0.4344716568304266,352.0357049923405,24.47039249979148,724.2123870323104,12.967627107470634,-0.181,51.49100000000001,Royal Borough of Kensington and Chelsea
3903,334.43872151273547,Entire home/apt,False,False,2.0,False,0,1,10.0,95.0,0,3.935023151065557,0.3645583961197164,483.43061339090224,33.60379838842687,792.4034211174973,14.188644474645368,-0.071,51.511,London Borough of Tower Hamlets
961,388.0618076624568,Private room,False,True,2.0,False,0,1,7.0,70.0,1,1.4266143257997663,0.1423307430766109,590.5420717502211,41.04923471805892,1527.5454471748717,27.351975889076392,-0.136,51.52,London Borough of Camden
958,388.0618076624568,Private room,False,True,2.0,False,0,1,8.0,76.0,1,1.4266133952065438,0.1423099738218652,590.5451840312672,41.04945105616806,1527.5239717823736,27.35159135425361,-0.136,51.52,London Borough of Camden
2995,192.14939203650133,Private room,False,True,2.0,False,0,1,9.0,93.0,1,2.1804313826756707,0.5532060360955589,450.3598438337105,31.30501249864832,973.89719438854,17.43844193219935,-0.118,51.527,London Borough of Camden
1783,353.95940638302875,Entire home/apt,False,False,2.0,False,0,1,9.0,70.0,0,4.185012481931481,0.4344889899324827,352.033559676093,24.470243376478503,724.2089110809626,12.967564867661247,-0.181,51.49100000000001,Royal Borough of Kensington and Chelsea
1608,142.05414050189327,Private room,False,True,4.0,True,0,0,10.0,97.0,1,4.569437940339682,1.1635247554064752,236.3434055970752,16.428492387792527,451.3824235949437,8.082378949677421,-0.1033,51.47014,London Borough of Lambeth
1114,345.49260330675696,Entire home/apt,False,False,2.0,False,0,1,10.0,89.0,0,3.9350119094347935,0.3645471746323017,483.4347475377076,33.60408575755887,792.4043229089667,14.188660621974128,-0.071,51.511,London Borough of Tower Hamlets
142,243.6557774171547,Entire home/apt,False,False,2.0,True,0,1,10.0,96.0,0,3.840179512552354,0.4925595622335419,322.8924341671015,22.444611405124284,920.8560233702387,16.488695505011798,-0.08,51.526,London Borough of Hackney
1691,379.83019356052586,Entire home/apt,False,False,2.0,False,0,1,7.0,80.0,0,4.18501378287374,0.4344951605577924,352.03286570381954,24.470195137695693,724.2078143380202,12.96754522956369,-0.181,51.49100000000001,Royal Borough of Kensington and Chelsea
1691,379.83019356052586,Entire home/apt,False,False,2.0,False,0,1,7.0,80.0,0,4.18501378287374,0.4344951605577924,352.03286570381954,24.470195137695693,724.2078143380202,12.96754522956369,-0.181,51.49100000000001,Royal Borough of Kensington and Chelsea
1164,211.9052658811355,Private room,False,True,2.0,False,0,1,9.0,86.0,1,9.504499382662347,0.3413956465950518,117.625528333863,8.176281000779728,286.47155645293776,5.12951226393851,-0.1639999999999999,51.426,London Borough of Wandsworth
1783,353.95940638302875,Entire home/apt,False,False,2.0,False,0,1,9.0,70.0,0,4.185012481931481,0.4344889899324827,352.033559676093,24.470243376478503,724.2089110809626,12.967564867661247,-0.181,51.49100000000001,Royal Borough of Kensington and Chelsea
1129,335.14428843575814,Entire home/apt,False,False,2.0,False,0,1,10.0,95.0,0,3.935016885207956,0.3645570019424634,483.42767938252274,33.60359444224861,792.4116400426728,14.188791641358902,-0.071,51.511,London Borough of Tower Hamlets
1113,335.14428843575814,Entire home/apt,False,False,2.0,False,0,1,9.0,92.0,0,3.935003107791964,0.364541716047097,483.4343982774293,33.604061480089364,792.410309638567,14.188767819363235,-0.071,51.511,London Borough of Tower Hamlets
977,716.8559937910111,Entire home/apt,False,False,2.0,False,0,1,9.0,100.0,1,1.4265966104828671,0.1423359225908261,590.5466365978081,41.04955202568019,1527.5478420426512,27.35201877118238,-0.136,51.52,London Borough of Camden
1786,353.95940638302875,Entire home/apt,False,False,2.0,False,0,1,8.0,100.0,0,4.184998573668654,0.4344775990651961,352.0367573373497,24.47046564946083,724.2148145215643,12.967670573691336,-0.181,51.49100000000001,Royal Borough of Kensington and Chelsea
1790,353.95940638302875,Entire home/apt,False,False,2.0,False,0,1,10.0,90.0,0,4.1850080894232,0.4344939125611116,352.0339105142033,24.47026776362487,724.2098672003963,12.96758198777754,-0.181,51.49100000000001,Royal Borough of Kensington and Chelsea
1170,183.4473999858887,Private room,False,True,2.0,False,0,1,9.0,86.0,1,9.523273332881343,0.2875488603963807,117.41767352931328,8.161832782663872,299.0822364996391,5.3553170131328205,-0.165,51.426,London Borough of Wandsworth
1786,353.95940638302875,Entire home/apt,False,False,2.0,False,0,1,8.0,100.0,0,4.184998573668654,0.4344775990651961,352.0367573373497,24.47046564946083,724.2148145215643,12.967670573691336,-0.181,51.49100000000001,Royal Borough of Kensington and Chelsea
1691,379.83019356052586,Entire home/apt,False,False,2.0,False,0,1,7.0,80.0,0,4.18501378287374,0.4344951605577924,352.03286570381954,24.470195137695693,724.2078143380202,12.96754522956369,-0.181,51.49100000000001,Royal Borough of Kensington and Chelsea
2449,334.67391048707634,Entire home/apt,False,False,2.0,False,0,1,10.0,93.0,0,3.93503196214065,0.3645711329449925,483.42312529945735,33.60327788288117,792.4089731855695,14.188743889057116,-0.071,51.511,London Borough of Tower Hamlets
1129,335.14428843575814,Entire home/apt,False,False,2.0,False,0,1,10.0,95.0,0,3.935016885207956,0.3645570019424634,483.42767938252274,33.60359444224861,792.4116400426728,14.188791641358902,-0.071,51.511,London Borough of Tower Hamlets
958,388.0618076624568,Private room,False,True,2.0,False,0,1,8.0,76.0,1,1.4266133952065438,0.1423099738218652,590.5451840312672,41.04945105616806,1527.5239717823736,27.35159135425361,-0.136,51.52,London Borough of Camden
1131,345.49260330675696,Entire home/apt,False,False,2.0,False,0,1,10.0,92.0,0,3.935009188976384,0.3645452063342208,483.4349425450207,33.604099312733595,792.4057271945105,14.188685766878592,-0.071,51.511,London Borough of Tower Hamlets
4323,227.66292716197464,Private room,False,True,2.0,False,0,1,8.0,86.0,1,9.523279652538989,0.2875551245595097,117.4175950830594,8.161827329777713,299.08615848024306,5.355387239468223,-0.165,51.426,London Borough of Wandsworth
3903,334.43872151273547,Entire home/apt,False,False,2.0,False,0,1,10.0,95.0,0,3.935023151065557,0.3645583961197164,483.43061339090224,33.60379838842687,792.4034211174973,14.188644474645368,-0.071,51.511,London Borough of Tower Hamlets
1784,353.95940638302875,Entire home/apt,False,False,2.0,False,0,1,8.0,80.0,0,4.185009900870399,0.4345251757001291,352.03119059768704,24.4700786992096,724.205920831865,12.967511324755948,-0.181,51.49100000000001,Royal Borough of Kensington and Chelsea
1128,345.49260330675696,Entire home/apt,False,False,2.0,False,0,1,10.0,90.0,0,3.935028691709733,0.3645633019430278,483.4292493844002,33.60370357482131,792.4019844804614,14.18861875046044,-0.071,51.511,London Borough of Tower Hamlets
2449,334.67391048707634,Entire home/apt,False,False,2.0,False,0,1,10.0,93.0,0,3.93503196214065,0.3645711329449925,483.42312529945735,33.60327788288117,792.4089731855695,14.188743889057116,-0.071,51.511,London Borough of Tower Hamlets
1113,335.14428843575814,Entire home/apt,False,False,2.0,False,0,1,9.0,92.0,0,3.935003107791964,0.364541716047097,483.4343982774293,33.604061480089364,792.410309638567,14.188767819363235,-0.071,51.511,London Borough of Tower Hamlets
2454,333.73315458971285,Entire home/apt,False,False,2.0,False,0,1,9.0,100.0,0,3.935022497510558,0.3645646194700297,483.4234439615026,33.603300033433555,792.4143908651432,14.188840897130657,-0.071,51.511,London Borough of Tower Hamlets
1783,353.95940638302875,Entire home/apt,False,False,2.0,False,0,1,9.0,70.0,0,4.185012481931481,0.4344889899324827,352.033559676093,24.470243376478503,724.2089110809626,12.967564867661247,-0.181,51.49100000000001,Royal Borough of Kensington and Chelsea
2006,351.6075166396199,Entire home/apt,False,False,2.0,False,0,0,10.0,97.0,1,4.412257590293264,0.2954880915391765,330.0955143893466,22.945305504461903,745.0961412638177,13.341568153395004,-0.18725,51.49482,Royal Borough of Kensington and Chelsea
984,763.6585996848468,Entire home/apt,False,False,3.0,False,0,1,10.0,100.0,1,1.4266090019472444,0.1423307593729682,590.5436538196807,41.04934468946264,1527.5445842645636,27.35196043794727,-0.136,51.52,London Borough of Camden
1129,335.14428843575814,Entire home/apt,False,False,2.0,False,0,1,10.0,95.0,0,3.935016885207956,0.3645570019424634,483.42767938252274,33.60359444224861,792.4116400426728,14.188791641358902,-0.071,51.511,London Borough of Tower Hamlets
1114,345.49260330675696,Entire home/apt,False,False,2.0,False,0,1,10.0,89.0,0,3.9350119094347935,0.3645471746323017,483.4347475377076,33.60408575755887,792.4043229089667,14.188660621974128,-0.071,51.511,London Borough of Tower Hamlets
1787,353.95940638302875,Entire home/apt,False,False,2.0,False,0,1,10.0,60.0,0,4.184994887606691,0.4344783274445184,352.0373149648103,24.47050441076441,724.2159801656397,12.967691445521176,-0.181,51.49100000000001,Royal Borough of Kensington and Chelsea
1792,353.95940638302875,Entire home/apt,False,False,2.0,False,0,1,8.0,77.0,0,4.184982355615324,0.4344912097016554,352.0384058762985,24.470580241232508,724.2188380462364,12.967742618258011,-0.181,51.49100000000001,Royal Borough of Kensington and Chelsea
1793,353.95940638302875,Entire home/apt,False,False,2.0,False,0,1,9.0,91.0,0,4.185008774147673,0.4344725643734805,352.0354477526372,24.470374618774247,724.2119118495222,12.967618598926292,-0.181,51.49100000000001,Royal Borough of Kensington and Chelsea
2617,322.2088948470096,Private room,False,True,2.0,False,0,1,9.0,84.0,1,1.4266087184992553,0.1423170843671968,590.5456050615219,41.04948032244827,1527.5305044976649,27.351708327972112,-0.136,51.52,London Borough of Camden
1347,183.4473999858887,Private room,False,True,2.0,False,0,1,7.0,76.0,1,9.523273799541748,0.287538712097689,117.41767165760656,8.16183265255946,299.0811669371804,5.355297861724503,-0.165,51.426,London Borough of Wandsworth
1167,211.9052658811355,Private room,False,True,2.0,False,0,1,8.0,82.0,1,9.504490407326903,0.3413819230524423,117.62564142403738,8.176288861803243,286.4716302369913,5.129513585103558,-0.1639999999999999,51.426,London Borough of Wandsworth
4435,345.2574143324161,Entire home/apt,False,False,2.0,False,0,1,10.0,95.0,0,3.93501558805636,0.3645525812676384,483.4315251093895,33.603861762990626,792.4067813349408,14.18870464214262,-0.071,51.511,London Borough of Tower Hamlets
1129,335.14428843575814,Entire home/apt,False,False,2.0,False,0,1,10.0,95.0,0,3.935016885207956,0.3645570019424634,483.42767938252274,33.60359444224861,792.4116400426728,14.188791641358902,-0.071,51.511,London Borough of Tower Hamlets
1790,353.95940638302875,Entire home/apt,False,False,2.0,False,0,1,10.0,90.0,0,4.1850080894232,0.4344939125611116,352.0339105142033,24.47026776362487,724.2098672003963,12.96758198777754,-0.181,51.49100000000001,Royal Borough of Kensington and Chelsea
1786,353.95940638302875,Entire home/apt,False,False,2.0,False,0,1,8.0,100.0,0,4.184998573668654,0.4344775990651961,352.0367573373497,24.47046564946083,724.2148145215643,12.967670573691336,-0.181,51.49100000000001,Royal Borough of Kensington and Chelsea
4427,584.444601237094,Entire home/apt,False,False,6.0,False,0,1,7.0,80.0,2,3.83830417746245,0.1669145367146329,272.9070999529292,18.97007535634291,513.9674078338226,9.203015316396318,-0.122,51.474,London Borough of Lambeth
1792,353.95940638302875,Entire home/apt,False,False,2.0,False,0,1,8.0,77.0,0,4.184982355615324,0.4344912097016554,352.0384058762985,24.470580241232508,724.2188380462364,12.967742618258011,-0.181,51.49100000000001,Royal Borough of Kensington and Chelsea
4097,334.90909946141727,Entire home/apt,False,False,2.0,False,0,1,10.0,90.0,0,3.935027202296321,0.364566795907017,483.4244292089872,33.60336851907951,792.4100124122609,14.188762497278208,-0.071,51.511,London Borough of Tower Hamlets
4320,204.37921870222723,Private room,False,True,2.0,False,0,1,8.0,83.0,1,8.652969572196564,0.7015809971516169,129.08403131450564,8.972774258196491,290.3955584828388,5.199774794659963,-0.1689999999999999,51.435,London Borough of Wandsworth
4381,651.9438368729274,Entire home/apt,False,False,4.0,False,0,1,6.0,60.0,2,3.838312444343061,0.1669082680906701,272.90659039039883,18.97003993608597,513.9664720353599,9.202998560143968,-0.122,51.474,London Borough of Lambeth
4381,651.9438368729274,Entire home/apt,False,False,4.0,False,0,1,6.0,60.0,2,3.838312444343061,0.1669082680906701,272.90659039039883,18.97003993608597,513.9664720353599,9.202998560143968,-0.122,51.474,London Borough of Lambeth
1807,146.0523530656883,Private room,False,True,2.0,False,0,1,9.0,90.0,1,8.108120354913172,0.2813536777952162,154.313271760736,10.726486757910983,317.78484830520085,5.690202883870464,-0.01413,51.52581,London Borough of Tower Hamlets
1061,716.8559937910111,Entire home/apt,False,False,2.0,True,0,1,10.0,100.0,0,3.974118009374517,0.1573795940531053,411.6216480843144,28.612277525239577,814.5469412405357,14.585142680066872,-0.071,51.514,London Borough of Tower Hamlets
1788,353.95940638302875,Entire home/apt,False,False,2.0,False,0,1,9.0,80.0,0,4.185031916992533,0.4344974168096186,352.02967093427617,24.46997306571957,724.2014619309941,12.967431484415137,-0.181,51.49100000000001,Royal Borough of Kensington and Chelsea
4377,532.7030268820997,Entire home/apt,False,False,4.0,False,0,1,2.0,20.0,1,3.838313139772806,0.1669076216763115,272.9065464194961,18.97003687961973,513.9664080795119,9.202997414961144,-0.122,51.474,London Borough of Lambeth
1129,335.14428843575814,Entire home/apt,False,False,2.0,False,0,1,10.0,95.0,0,3.935016885207956,0.3645570019424634,483.42767938252274,33.60359444224861,792.4116400426728,14.188791641358902,-0.071,51.511,London Borough of Tower Hamlets
1233,133.1169594769397,Private room,False,True,3.0,False,0,1,7.0,76.0,1,5.172801486325587,0.3203874506403633,245.9283722821043,17.09475405828187,540.6389647067324,9.680591798235977,-0.06,51.528,London Borough of Tower Hamlets
4435,345.2574143324161,Entire home/apt,False,False,2.0,False,0,1,10.0,95.0,0,3.93501558805636,0.3645525812676384,483.4315251093895,33.603861762990626,792.4067813349408,14.18870464214262,-0.071,51.511,London Borough of Tower Hamlets
3903,334.43872151273547,Entire home/apt,False,False,2.0,False,0,1,10.0,95.0,0,3.935023151065557,0.3645583961197164,483.43061339090224,33.60379838842687,792.4034211174973,14.188644474645368,-0.071,51.511,London Borough of Tower Hamlets
1783,353.95940638302875,Entire home/apt,False,False,2.0,False,0,1,9.0,70.0,0,4.185012481931481,0.4344889899324827,352.033559676093,24.470243376478503,724.2089110809626,12.967564867661247,-0.181,51.49100000000001,Royal Borough of Kensington and Chelsea
977,716.8559937910111,Entire home/apt,False,False,2.0,False,0,1,9.0,100.0,1,1.4265966104828671,0.1423359225908261,590.5466365978081,41.04955202568019,1527.5478420426512,27.35201877118238,-0.136,51.52,London Borough of Camden
1785,353.95940638302875,Entire home/apt,False,False,2.0,False,0,1,7.0,80.0,0,4.1850076511958205,0.4344716568304266,352.0357049923405,24.47039249979148,724.2123870323104,12.967627107470634,-0.181,51.49100000000001,Royal Borough of Kensington and Chelsea
1690,379.83019356052586,Entire home/apt,False,False,2.0,False,0,1,10.0,87.0,0,4.185024016230776,0.4344878866541066,352.03172392291725,24.47011577123817,724.205141441664,12.967497369124036,-0.181,51.49100000000001,Royal Borough of Kensington and Chelsea
1129,335.14428843575814,Entire home/apt,False,False,2.0,False,0,1,10.0,95.0,0,3.935016885207956,0.3645570019424634,483.42767938252274,33.60359444224861,792.4116400426728,14.188791641358902,-0.071,51.511,London Borough of Tower Hamlets
2454,333.73315458971285,Entire home/apt,False,False,2.0,False,0,1,9.0,100.0,0,3.935022497510558,0.3645646194700297,483.4234439615026,33.603300033433555,792.4143908651432,14.188840897130657,-0.071,51.511,London Borough of Tower Hamlets
1793,353.95940638302875,Entire home/apt,False,False,2.0,False,0,1,9.0,91.0,0,4.185008774147673,0.4344725643734805,352.0354477526372,24.470374618774247,724.2119118495222,12.967618598926292,-0.181,51.49100000000001,Royal Borough of Kensington and Chelsea
1346,183.4473999858887,Private room,False,True,2.0,False,0,1,8.0,80.0,1,9.523276958098256,0.2875342530726114,117.4176352548939,8.161830122166506,299.0821537907685,5.355315532161475,-0.165,51.426,London Borough of Wandsworth
1785,353.95940638302875,Entire home/apt,False,False,2.0,False,0,1,7.0,80.0,0,4.1850076511958205,0.4344716568304266,352.0357049923405,24.47039249979148,724.2123870323104,12.967627107470634,-0.181,51.49100000000001,Royal Borough of Kensington and Chelsea
1347,183.4473999858887,Private room,False,True,2.0,False,0,1,7.0,76.0,1,9.523273799541748,0.287538712097689,117.41767165760656,8.16183265255946,299.0811669371804,5.355297861724503,-0.165,51.426,London Borough of Wandsworth
1788,353.95940638302875,Entire home/apt,False,False,2.0,False,0,1,9.0,80.0,0,4.185031916992533,0.4344974168096186,352.02967093427617,24.46997306571957,724.2014619309941,12.967431484415137,-0.181,51.49100000000001,Royal Borough of Kensington and Chelsea
1131,345.49260330675696,Entire home/apt,False,False,2.0,False,0,1,10.0,92.0,0,3.935009188976384,0.3645452063342208,483.4349425450207,33.604099312733595,792.4057271945105,14.188685766878592,-0.071,51.511,London Borough of Tower Hamlets
4097,334.90909946141727,Entire home/apt,False,False,2.0,False,0,1,10.0,90.0,0,3.935027202296321,0.364566795907017,483.4244292089872,33.60336851907951,792.4100124122609,14.188762497278208,-0.071,51.511,London Borough of Tower Hamlets
1128,345.49260330675696,Entire home/apt,False,False,2.0,False,0,1,10.0,90.0,0,3.935028691709733,0.3645633019430278,483.4292493844002,33.60370357482131,792.4019844804614,14.18861875046044,-0.071,51.511,London Borough of Tower Hamlets
1131,345.49260330675696,Entire home/apt,False,False,2.0,False,0,1,10.0,92.0,0,3.935009188976384,0.3645452063342208,483.4349425450207,33.604099312733595,792.4057271945105,14.188685766878592,-0.071,51.511,London Borough of Tower Hamlets
1113,335.14428843575814,Entire home/apt,False,False,2.0,False,0,1,9.0,92.0,0,3.935003107791964,0.364541716047097,483.4343982774293,33.604061480089364,792.410309638567,14.188767819363235,-0.071,51.511,London Borough of Tower Hamlets
2616,322.2088948470096,Private room,False,True,2.0,False,0,1,9.0,84.0,1,1.4266218265235129,0.1423075064283409,590.5430117832034,41.04930006079465,1527.5228189960694,27.351570712652894,-0.136,51.52,London Borough of Camden
4435,345.2574143324161,Entire home/apt,False,False,2.0,False,0,1,10.0,95.0,0,3.93501558805636,0.3645525812676384,483.4315251093895,33.603861762990626,792.4067813349408,14.18870464214262,-0.071,51.511,London Borough of Tower Hamlets
1793,353.95940638302875,Entire home/apt,False,False,2.0,False,0,1,9.0,91.0,0,4.185008774147673,0.4344725643734805,352.0354477526372,24.470374618774247,724.2119118495222,12.967618598926292,-0.181,51.49100000000001,Royal Borough of Kensington and Chelsea
3560,122.2982666572591,Private room,False,True,2.0,False,0,1,9.0,85.0,1,6.319322280357766,1.0080841514604646,206.895587890062,14.38154190142468,424.6945304861554,7.60450995390262,-0.03712,51.51497,London Borough of Tower Hamlets
4435,345.2574143324161,Entire home/apt,False,False,2.0,False,0,1,10.0,95.0,0,3.93501558805636,0.3645525812676384,483.4315251093895,33.603861762990626,792.4067813349408,14.18870464214262,-0.071,51.511,London Borough of Tower Hamlets
2454,333.73315458971285,Entire home/apt,False,False,2.0,False,0,1,9.0,100.0,0,3.935022497510558,0.3645646194700297,483.4234439615026,33.603300033433555,792.4143908651432,14.188840897130657,-0.071,51.511,London Borough of Tower Hamlets
1346,183.4473999858887,Private room,False,True,2.0,False,0,1,8.0,80.0,1,9.523276958098256,0.2875342530726114,117.4176352548939,8.161830122166506,299.0821537907685,5.355315532161475,-0.165,51.426,London Borough of Wandsworth
961,388.0618076624568,Private room,False,True,2.0,False,0,1,7.0,70.0,1,1.4266143257997663,0.1423307430766109,590.5420717502211,41.04923471805892,1527.5454471748717,27.351975889076392,-0.136,51.52,London Borough of Camden
4075,601.3782073896376,Entire home/apt,False,False,3.0,False,1,0,9.0,87.0,1,4.894683326266523,0.1063593214909357,268.93759854663176,18.694150908728467,802.1289267940201,14.362787769213334,-0.19797,51.50974,Royal Borough of Kensington and Chelsea
1786,353.95940638302875,Entire home/apt,False,False,2.0,False,0,1,8.0,100.0,0,4.184998573668654,0.4344775990651961,352.0367573373497,24.47046564946083,724.2148145215643,12.967670573691336,-0.181,51.49100000000001,Royal Borough of Kensington and Chelsea
1241,198.0291163950234,Private room,False,True,2.0,False,1,0,10.0,90.0,1,6.489505128049701,0.6122963251581366,177.33995099713803,12.32709678379974,396.17236494227865,7.093796779572395,-0.18886,51.55234,London Borough of Camden
3568,149.34499870646064,Private room,False,True,2.0,False,0,1,9.0,93.0,1,7.054784863438061,0.5289353291862312,174.73813951032005,12.146241980181774,394.9216264906949,7.071401263920452,-0.2290699999999999,51.51028,London Borough of Hammersmith and Fulham
1690,379.83019356052586,Entire home/apt,False,False,2.0,False,0,1,10.0,87.0,0,4.185024016230776,0.4344878866541066,352.03172392291725,24.47011577123817,724.205141441664,12.967497369124036,-0.181,51.49100000000001,Royal Borough of Kensington and Chelsea
1164,211.9052658811355,Private room,False,True,2.0,False,0,1,9.0,86.0,1,9.504499382662347,0.3413956465950518,117.625528333863,8.176281000779728,286.47155645293776,5.12951226393851,-0.1639999999999999,51.426,London Borough of Wandsworth
4435,345.2574143324161,Entire home/apt,False,False,2.0,False,0,1,10.0,95.0,0,3.93501558805636,0.3645525812676384,483.4315251093895,33.603861762990626,792.4067813349408,14.18870464214262,-0.071,51.511,London Borough of Tower Hamlets
4097,334.90909946141727,Entire home/apt,False,False,2.0,False,0,1,10.0,90.0,0,3.935027202296321,0.364566795907017,483.4244292089872,33.60336851907951,792.4100124122609,14.188762497278208,-0.071,51.511,London Borough of Tower Hamlets
2454,333.73315458971285,Entire home/apt,False,False,2.0,False,0,1,9.0,100.0,0,3.935022497510558,0.3645646194700297,483.4234439615026,33.603300033433555,792.4143908651432,14.188840897130657,-0.071,51.511,London Borough of Tower Hamlets
1788,353.95940638302875,Entire home/apt,False,False,2.0,False,0,1,9.0,80.0,0,4.185031916992533,0.4344974168096186,352.02967093427617,24.46997306571957,724.2014619309941,12.967431484415137,-0.181,51.49100000000001,Royal Borough of Kensington and Chelsea
3119,444.97753945295045,Private room,False,True,4.0,True,1,0,9.0,87.0,2,3.665382813209871,0.3390423616906548,315.91132833453224,21.95934699193281,743.4451316452415,13.312005448492544,-0.08615,51.5288,London Borough of Hackney
1128,345.49260330675696,Entire home/apt,False,False,2.0,False,0,1,10.0,90.0,0,3.935028691709733,0.3645633019430278,483.4292493844002,33.60370357482131,792.4019844804614,14.18861875046044,-0.071,51.511,London Borough of Tower Hamlets
1792,353.95940638302875,Entire home/apt,False,False,2.0,False,0,1,8.0,77.0,0,4.184982355615324,0.4344912097016554,352.0384058762985,24.470580241232508,724.2188380462364,12.967742618258011,-0.181,51.49100000000001,Royal Borough of Kensington and Chelsea
1786,353.95940638302875,Entire home/apt,False,False,2.0,False,0,1,8.0,100.0,0,4.184998573668654,0.4344775990651961,352.0367573373497,24.47046564946083,724.2148145215643,12.967670573691336,-0.181,51.49100000000001,Royal Borough of Kensington and Chelsea
1783,353.95940638302875,Entire home/apt,False,False,2.0,False,0,1,9.0,70.0,0,4.185012481931481,0.4344889899324827,352.033559676093,24.470243376478503,724.2089110809626,12.967564867661247,-0.181,51.49100000000001,Royal Borough of Kensington and Chelsea
958,388.0618076624568,Private room,False,True,2.0,False,0,1,8.0,76.0,1,1.4266133952065438,0.1423099738218652,590.5451840312672,41.04945105616806,1527.5239717823736,27.35159135425361,-0.136,51.52,London Borough of Camden
3959,419.5771302241351,Entire home/apt,False,False,4.0,False,0,1,9.0,88.0,1,5.486445168217027,0.3987989067202713,237.4859950450753,16.507915048227762,554.4249773954342,9.927441859139403,-0.205,51.518,Royal Borough of Kensington and Chelsea
1785,353.95940638302875,Entire home/apt,False,False,2.0,False,0,1,7.0,80.0,0,4.1850076511958205,0.4344716568304266,352.0357049923405,24.47039249979148,724.2123870323104,12.967627107470634,-0.181,51.49100000000001,Royal Borough of Kensington and Chelsea
1691,379.83019356052586,Entire home/apt,False,False,2.0,False,0,1,7.0,80.0,0,4.18501378287374,0.4344951605577924,352.03286570381954,24.470195137695693,724.2078143380202,12.96754522956369,-0.181,51.49100000000001,Royal Borough of Kensington and Chelsea
2449,334.67391048707634,Entire home/apt,False,False,2.0,False,0,1,10.0,93.0,0,3.93503196214065,0.3645711329449925,483.42312529945735,33.60327788288117,792.4089731855695,14.188743889057116,-0.071,51.511,London Borough of Tower Hamlets
2995,192.14939203650133,Private room,False,True,2.0,False,0,1,9.0,93.0,1,2.1804313826756707,0.5532060360955589,450.3598438337105,31.30501249864832,973.89719438854,17.43844193219935,-0.118,51.527,London Borough of Camden
1129,335.14428843575814,Entire home/apt,False,False,2.0,False,0,1,10.0,95.0,0,3.935016885207956,0.3645570019424634,483.42767938252274,33.60359444224861,792.4116400426728,14.188791641358902,-0.071,51.511,London Borough of Tower Hamlets
1792,353.95940638302875,Entire home/apt,False,False,2.0,False,0,1,8.0,77.0,0,4.184982355615324,0.4344912097016554,352.0384058762985,24.470580241232508,724.2188380462364,12.967742618258011,-0.181,51.49100000000001,Royal Borough of Kensington and Chelsea
1783,353.95940638302875,Entire home/apt,False,False,2.0,False,0,1,9.0,70.0,0,4.185012481931481,0.4344889899324827,352.033559676093,24.470243376478503,724.2089110809626,12.967564867661247,-0.181,51.49100000000001,Royal Borough of Kensington and Chelsea
1131,345.49260330675696,Entire home/apt,False,False,2.0,False,0,1,10.0,92.0,0,3.935009188976384,0.3645452063342208,483.4349425450207,33.604099312733595,792.4057271945105,14.188685766878592,-0.071,51.511,London Borough of Tower Hamlets
1788,353.95940638302875,Entire home/apt,False,False,2.0,False,0,1,9.0,80.0,0,4.185031916992533,0.4344974168096186,352.02967093427617,24.46997306571957,724.2014619309941,12.967431484415137,-0.181,51.49100000000001,Royal Borough of Kensington and Chelsea
1124,319.62181612925986,Entire home/apt,False,False,2.0,False,0,1,10.0,93.0,0,3.9350203952685936,0.3645594358265034,483.42754153605495,33.60358486038766,792.4096601649953,14.18875618999698,-0.071,51.511,London Borough of Tower Hamlets
1785,353.95940638302875,Entire home/apt,False,False,2.0,False,0,1,7.0,80.0,0,4.1850076511958205,0.4344716568304266,352.0357049923405,24.47039249979148,724.2123870323104,12.967627107470634,-0.181,51.49100000000001,Royal Borough of Kensington and Chelsea
3192,386.6506738164115,Private room,False,True,2.0,False,1,0,10.0,98.0,1,3.3445033861641047,0.4309934491493216,319.34339207635526,22.197913551107657,734.8055959738002,13.15730735305118,-0.1,51.533,London Borough of Islington
960,388.0618076624568,Private room,False,True,2.0,False,0,1,9.0,82.0,1,1.4266149926433769,0.14231034412013,590.5446580850522,41.04941449706303,1527.5246131420804,27.351602838334344,-0.136,51.52,London Borough of Camden
1113,335.14428843575814,Entire home/apt,False,False,2.0,False,0,1,9.0,92.0,0,3.935003107791964,0.364541716047097,483.4343982774293,33.604061480089364,792.410309638567,14.188767819363235,-0.071,51.511,London Borough of Tower Hamlets
4380,584.444601237094,Entire home/apt,False,False,5.0,False,0,1,8.0,60.0,2,3.838301183617757,0.1669186395099546,272.9073015006934,18.97008936615165,513.9675195260401,9.203017316338672,-0.122,51.474,London Borough of Lambeth
2454,333.73315458971285,Entire home/apt,False,False,2.0,False,0,1,9.0,100.0,0,3.935022497510558,0.3645646194700297,483.4234439615026,33.603300033433555,792.4143908651432,14.188840897130657,-0.071,51.511,London Borough of Tower Hamlets
1164,211.9052658811355,Private room,False,True,2.0,False,0,1,9.0,86.0,1,9.504499382662347,0.3413956465950518,117.625528333863,8.176281000779728,286.47155645293776,5.12951226393851,-0.1639999999999999,51.426,London Borough of Wandsworth
1131,345.49260330675696,Entire home/apt,False,False,2.0,False,0,1,10.0,92.0,0,3.935009188976384,0.3645452063342208,483.4349425450207,33.604099312733595,792.4057271945105,14.188685766878592,-0.071,51.511,London Borough of Tower Hamlets
1785,353.95940638302875,Entire home/apt,False,False,2.0,False,0,1,7.0,80.0,0,4.1850076511958205,0.4344716568304266,352.0357049923405,24.47039249979148,724.2123870323104,12.967627107470634,-0.181,51.49100000000001,Royal Borough of Kensington and Chelsea
3903,334.43872151273547,Entire home/apt,False,False,2.0,False,0,1,10.0,95.0,0,3.935023151065557,0.3645583961197164,483.43061339090224,33.60379838842687,792.4034211174973,14.188644474645368,-0.071,51.511,London Borough of Tower Hamlets
1131,345.49260330675696,Entire home/apt,False,False,2.0,False,0,1,10.0,92.0,0,3.935009188976384,0.3645452063342208,483.4349425450207,33.604099312733595,792.4057271945105,14.188685766878592,-0.071,51.511,London Borough of Tower Hamlets
1114,345.49260330675696,Entire home/apt,False,False,2.0,False,0,1,10.0,89.0,0,3.9350119094347935,0.3645471746323017,483.4347475377076,33.60408575755887,792.4043229089667,14.188660621974128,-0.071,51.511,London Borough of Tower Hamlets
1347,183.4473999858887,Private room,False,True,2.0,False,0,1,7.0,76.0,1,9.523273799541748,0.287538712097689,117.41767165760656,8.16183265255946,299.0811669371804,5.355297861724503,-0.165,51.426,London Borough of Wandsworth
1124,319.62181612925986,Entire home/apt,False,False,2.0,False,0,1,10.0,93.0,0,3.9350203952685936,0.3645594358265034,483.42754153605495,33.60358486038766,792.4096601649953,14.18875618999698,-0.071,51.511,London Borough of Tower Hamlets
3421,232.13151767445143,Private room,False,True,2.0,False,0,1,8.0,82.0,1,9.50450655110868,0.3414047381155742,117.62543862670536,8.176274765135654,286.47178917992704,5.129516431109452,-0.1639999999999999,51.426,London Borough of Wandsworth
1124,319.62181612925986,Entire home/apt,False,False,2.0,False,0,1,10.0,93.0,0,3.9350203952685936,0.3645594358265034,483.42754153605495,33.60358486038766,792.4096601649953,14.18875618999698,-0.071,51.511,London Borough of Tower Hamlets
1131,345.49260330675696,Entire home/apt,False,False,2.0,False,0,1,10.0,92.0,0,3.935009188976384,0.3645452063342208,483.4349425450207,33.604099312733595,792.4057271945105,14.188685766878592,-0.071,51.511,London Borough of Tower Hamlets
1690,379.83019356052586,Entire home/apt,False,False,2.0,False,0,1,10.0,87.0,0,4.185024016230776,0.4344878866541066,352.03172392291725,24.47011577123817,724.205141441664,12.967497369124036,-0.181,51.49100000000001,Royal Borough of Kensington and Chelsea
3903,334.43872151273547,Entire home/apt,False,False,2.0,False,0,1,10.0,95.0,0,3.935023151065557,0.3645583961197164,483.43061339090224,33.60379838842687,792.4034211174973,14.188644474645368,-0.071,51.511,London Borough of Tower Hamlets
1784,353.95940638302875,Entire home/apt,False,False,2.0,False,0,1,8.0,80.0,0,4.185009900870399,0.4345251757001291,352.03119059768704,24.4700786992096,724.205920831865,12.967511324755948,-0.181,51.49100000000001,Royal Borough of Kensington and Chelsea
4322,227.66292716197464,Private room,False,True,2.0,False,0,1,8.0,83.0,1,9.52329071037749,0.2875444771896031,117.4174658064196,8.161818343615026,299.0902537436342,5.355460568576527,-0.165,51.426,London Borough of Wandsworth
1790,353.95940638302875,Entire home/apt,False,False,2.0,False,0,1,10.0,90.0,0,4.1850080894232,0.4344939125611116,352.0339105142033,24.47026776362487,724.2098672003963,12.96758198777754,-0.181,51.49100000000001,Royal Borough of Kensington and Chelsea
1786,353.95940638302875,Entire home/apt,False,False,2.0,False,0,1,8.0,100.0,0,4.184998573668654,0.4344775990651961,352.0367573373497,24.47046564946083,724.2148145215643,12.967670573691336,-0.181,51.49100000000001,Royal Borough of Kensington and Chelsea
1128,345.49260330675696,Entire home/apt,False,False,2.0,False,0,1,10.0,90.0,0,3.935028691709733,0.3645633019430278,483.4292493844002,33.60370357482131,792.4019844804614,14.18861875046044,-0.071,51.511,London Borough of Tower Hamlets
1129,335.14428843575814,Entire home/apt,False,False,2.0,False,0,1,10.0,95.0,0,3.935016885207956,0.3645570019424634,483.42767938252274,33.60359444224861,792.4116400426728,14.188791641358902,-0.071,51.511,London Borough of Tower Hamlets
1113,335.14428843575814,Entire home/apt,False,False,2.0,False,0,1,9.0,92.0,0,3.935003107791964,0.364541716047097,483.4343982774293,33.604061480089364,792.410309638567,14.188767819363235,-0.071,51.511,London Borough of Tower Hamlets
1114,345.49260330675696,Entire home/apt,False,False,2.0,False,0,1,10.0,89.0,0,3.9350119094347935,0.3645471746323017,483.4347475377076,33.60408575755887,792.4043229089667,14.188660621974128,-0.071,51.511,London Borough of Tower Hamlets
1128,345.49260330675696,Entire home/apt,False,False,2.0,False,0,1,10.0,90.0,0,3.935028691709733,0.3645633019430278,483.4292493844002,33.60370357482131,792.4019844804614,14.18861875046044,-0.071,51.511,London Borough of Tower Hamlets
85,238.48161998165529,Entire home/apt,False,False,2.0,False,0,1,9.0,94.0,0,3.840178694185299,0.4925502028991297,322.89155969797247,22.444550619804748,920.8775325359326,16.489080644571825,-0.08,51.526,London Borough of Hackney
1785,353.95940638302875,Entire home/apt,False,False,2.0,False,0,1,7.0,80.0,0,4.1850076511958205,0.4344716568304266,352.0357049923405,24.47039249979148,724.2123870323104,12.967627107470634,-0.181,51.49100000000001,Royal Borough of Kensington and Chelsea
1114,345.49260330675696,Entire home/apt,False,False,2.0,False,0,1,10.0,89.0,0,3.9350119094347935,0.3645471746323017,483.4347475377076,33.60408575755887,792.4043229089667,14.188660621974128,-0.071,51.511,London Borough of Tower Hamlets
1793,353.95940638302875,Entire home/apt,False,False,2.0,False,0,1,9.0,91.0,0,4.185008774147673,0.4344725643734805,352.0354477526372,24.470374618774247,724.2119118495222,12.967618598926292,-0.181,51.49100000000001,Royal Borough of Kensington and Chelsea
1783,353.95940638302875,Entire home/apt,False,False,2.0,False,0,1,9.0,70.0,0,4.185012481931481,0.4344889899324827,352.033559676093,24.470243376478503,724.2089110809626,12.967564867661247,-0.181,51.49100000000001,Royal Borough of Kensington and Chelsea
3215,270.7025094663562,Entire home/apt,False,False,2.0,False,0,1,8.0,80.0,0,5.999612623816452,0.3156889400332353,213.2035455861929,14.820015040675605,487.70917751719,8.732839791446372,-0.2131199999999999,51.50104,Royal Borough of Kensington and Chelsea
4167,146.28754204002917,Private room,False,True,3.0,False,0,1,8.0,80.0,1,1.6277857939189242,0.3581078427376141,609.7460706828288,42.38412599409216,871.3474609429129,15.602203382424213,-0.11437,51.49621,London Borough of Lambeth
2285,387.8266186881159,Entire home/apt,False,False,2.0,False,1,0,9.0,93.0,1,5.104920126634762,0.7156086295993329,243.3684010263872,16.91680761555685,540.1329445908917,9.671531085814316,-0.06372,51.53115,London Borough of Tower Hamlets
1787,353.95940638302875,Entire home/apt,False,False,2.0,False,0,1,10.0,60.0,0,4.184994887606691,0.4344783274445184,352.0373149648103,24.47050441076441,724.2159801656397,12.967691445521176,-0.181,51.49100000000001,Royal Borough of Kensington and Chelsea
1690,379.83019356052586,Entire home/apt,False,False,2.0,False,0,1,10.0,87.0,0,4.185024016230776,0.4344878866541066,352.03172392291725,24.47011577123817,724.205141441664,12.967497369124036,-0.181,51.49100000000001,Royal Borough of Kensington and Chelsea
4379,584.444601237094,Entire home/apt,False,False,4.0,False,0,1,8.0,87.0,2,3.838294214835504,0.1669262891986488,272.907753001647,18.97012075048396,513.9680151995739,9.20302619178691,-0.122,51.474,London Borough of Lambeth
3422,211.43488793245373,Private room,False,True,2.0,False,0,1,9.0,87.0,1,9.523264014836398,0.2875422931123659,117.41778820880803,8.161840754162808,299.07679778562715,5.355219628420112,-0.165,51.426,London Borough of Wandsworth
2454,333.73315458971285,Entire home/apt,False,False,2.0,False,0,1,9.0,100.0,0,3.935022497510558,0.3645646194700297,483.4234439615026,33.603300033433555,792.4143908651432,14.188840897130657,-0.071,51.511,London Borough of Tower Hamlets
1694,550.1070109833252,Entire home/apt,False,False,4.0,False,1,0,10.0,94.0,2,7.329201426101965,0.5320253117839123,188.41859879592045,13.097185886009004,435.489979390242,7.797811474772217,-0.02196,51.50791,London Borough of Tower Hamlets
1124,319.62181612925986,Entire home/apt,False,False,2.0,False,0,1,10.0,93.0,0,3.9350203952685936,0.3645594358265034,483.42754153605495,33.60358486038766,792.4096601649953,14.18875618999698,-0.071,51.511,London Borough of Tower Hamlets
1793,353.95940638302875,Entire home/apt,False,False,2.0,False,0,1,9.0,91.0,0,4.185008774147673,0.4344725643734805,352.0354477526372,24.470374618774247,724.2119118495222,12.967618598926292,-0.181,51.49100000000001,Royal Borough of Kensington and Chelsea
1356,462.38152355417577,Entire home/apt,False,False,4.0,False,0,1,8.0,84.0,2,7.564853332151425,0.128493287046148,160.25361042936746,11.1394062906222,394.5300930168544,7.06439053035697,-0.2339999999999999,51.494,London Borough of Hammersmith and Fulham
1113,335.14428843575814,Entire home/apt,False,False,2.0,False,0,1,9.0,92.0,0,3.935003107791964,0.364541716047097,483.4343982774293,33.604061480089364,792.410309638567,14.188767819363235,-0.071,51.511,London Borough of Tower Hamlets
4097,334.90909946141727,Entire home/apt,False,False,2.0,False,0,1,10.0,90.0,0,3.935027202296321,0.364566795907017,483.4244292089872,33.60336851907951,792.4100124122609,14.188762497278208,-0.071,51.511,London Borough of Tower Hamlets
285,531.0567040617136,Entire home/apt,False,False,5.0,False,0,1,9.0,83.0,2,3.1575620746132764,0.2675340994365402,331.55070173045226,23.046457191329456,785.2343359707064,14.060276022862531,-0.10814,51.534,London Borough of Islington
1131,345.49260330675696,Entire home/apt,False,False,2.0,False,0,1,10.0,92.0,0,3.935009188976384,0.3645452063342208,483.4349425450207,33.604099312733595,792.4057271945105,14.188685766878592,-0.071,51.511,London Borough of Tower Hamlets
1166,211.9052658811355,Private room,False,True,2.0,False,0,1,8.0,80.0,1,9.504501894440123,0.3414126680723994,117.62549234372166,8.176278499065067,286.4694771985963,5.129475033154496,-0.1639999999999999,51.426,London Borough of Wandsworth
1113,335.14428843575814,Entire home/apt,False,False,2.0,False,0,1,9.0,92.0,0,3.935003107791964,0.364541716047097,483.4343982774293,33.604061480089364,792.410309638567,14.188767819363235,-0.071,51.511,London Borough of Tower Hamlets
2525,354.1945953573696,Entire home/apt,False,False,6.0,False,0,1,10.0,100.0,1,4.155710578353998,0.5900924616389085,352.2824858233061,24.4875465091988,904.1244600159648,16.18910290153211,-0.07089,51.52044,London Borough of Tower Hamlets
1787,353.95940638302875,Entire home/apt,False,False,2.0,False,0,1,10.0,60.0,0,4.184994887606691,0.4344783274445184,352.0373149648103,24.47050441076441,724.2159801656397,12.967691445521176,-0.181,51.49100000000001,Royal Borough of Kensington and Chelsea
1131,345.49260330675696,Entire home/apt,False,False,2.0,False,0,1,10.0,92.0,0,3.935009188976384,0.3645452063342208,483.4349425450207,33.604099312733595,792.4057271945105,14.188685766878592,-0.071,51.511,London Borough of Tower Hamlets
1346,183.4473999858887,Private room,False,True,2.0,False,0,1,8.0,80.0,1,9.523276958098256,0.2875342530726114,117.4176352548939,8.161830122166506,299.0821537907685,5.355315532161475,-0.165,51.426,London Borough of Wandsworth
3422,211.43488793245373,Private room,False,True,2.0,False,0,1,9.0,87.0,1,9.523264014836398,0.2875422931123659,117.41778820880803,8.161840754162808,299.07679778562715,5.355219628420112,-0.165,51.426,London Borough of Wandsworth
2454,333.73315458971285,Entire home/apt,False,False,2.0,False,0,1,9.0,100.0,0,3.935022497510558,0.3645646194700297,483.4234439615026,33.603300033433555,792.4143908651432,14.188840897130657,-0.071,51.511,London Borough of Tower Hamlets
2454,333.73315458971285,Entire home/apt,False,False,2.0,False,0,1,9.0,100.0,0,3.935022497510558,0.3645646194700297,483.4234439615026,33.603300033433555,792.4143908651432,14.188840897130657,-0.071,51.511,London Borough of Tower Hamlets
1124,319.62181612925986,Entire home/apt,False,False,2.0,False,0,1,10.0,93.0,0,3.9350203952685936,0.3645594358265034,483.42754153605495,33.60358486038766,792.4096601649953,14.18875618999698,-0.071,51.511,London Borough of Tower Hamlets
1788,353.95940638302875,Entire home/apt,False,False,2.0,False,0,1,9.0,80.0,0,4.185031916992533,0.4344974168096186,352.02967093427617,24.46997306571957,724.2014619309941,12.967431484415137,-0.181,51.49100000000001,Royal Borough of Kensington and Chelsea
2995,192.14939203650133,Private room,False,True,2.0,False,0,1,9.0,93.0,1,2.1804313826756707,0.5532060360955589,450.3598438337105,31.30501249864832,973.89719438854,17.43844193219935,-0.118,51.527,London Borough of Camden
2617,322.2088948470096,Private room,False,True,2.0,False,0,1,9.0,84.0,1,1.4266087184992553,0.1423170843671968,590.5456050615219,41.04948032244827,1527.5305044976649,27.351708327972112,-0.136,51.52,London Borough of Camden
1234,184.85853383193395,Private room,False,True,4.0,False,0,1,7.0,74.0,1,5.172783939298035,0.3203847064546948,245.9295705855082,17.094837353681203,540.6423660558943,9.680652702230969,-0.06,51.528,London Borough of Tower Hamlets
4379,584.444601237094,Entire home/apt,False,False,4.0,False,0,1,8.0,87.0,2,3.838294214835504,0.1669262891986488,272.907753001647,18.97012075048396,513.9680151995739,9.20302619178691,-0.122,51.474,London Borough of Lambeth
3903,334.43872151273547,Entire home/apt,False,False,2.0,False,0,1,10.0,95.0,0,3.935023151065557,0.3645583961197164,483.43061339090224,33.60379838842687,792.4034211174973,14.188644474645368,-0.071,51.511,London Borough of Tower Hamlets
4097,334.90909946141727,Entire home/apt,False,False,2.0,False,0,1,10.0,90.0,0,3.935027202296321,0.364566795907017,483.4244292089872,33.60336851907951,792.4100124122609,14.188762497278208,-0.071,51.511,London Borough of Tower Hamlets
1049,243.4205884428138,Entire home/apt,False,False,2.0,True,0,1,10.0,94.0,0,3.840178357677625,0.4925453060723678,322.8910866010636,22.444517734313628,920.8890191490244,16.48928632196422,-0.08,51.526,London Borough of Hackney
1131,345.49260330675696,Entire home/apt,False,False,2.0,False,0,1,10.0,92.0,0,3.935009188976384,0.3645452063342208,483.4349425450207,33.604099312733595,792.4057271945105,14.188685766878592,-0.071,51.511,London Borough of Tower Hamlets
1788,353.95940638302875,Entire home/apt,False,False,2.0,False,0,1,9.0,80.0,0,4.185031916992533,0.4344974168096186,352.02967093427617,24.46997306571957,724.2014619309941,12.967431484415137,-0.181,51.49100000000001,Royal Borough of Kensington and Chelsea
3903,334.43872151273547,Entire home/apt,False,False,2.0,False,0,1,10.0,95.0,0,3.935023151065557,0.3645583961197164,483.43061339090224,33.60379838842687,792.4034211174973,14.188644474645368,-0.071,51.511,London Borough of Tower Hamlets
2454,333.73315458971285,Entire home/apt,False,False,2.0,False,0,1,9.0,100.0,0,3.935022497510558,0.3645646194700297,483.4234439615026,33.603300033433555,792.4143908651432,14.188840897130657,-0.071,51.511,London Borough of Tower Hamlets
1792,353.95940638302875,Entire home/apt,False,False,2.0,False,0,1,8.0,77.0,0,4.184982355615324,0.4344912097016554,352.0384058762985,24.470580241232508,724.2188380462364,12.967742618258011,-0.181,51.49100000000001,Royal Borough of Kensington and Chelsea
2454,333.73315458971285,Entire home/apt,False,False,2.0,False,0,1,9.0,100.0,0,3.935022497510558,0.3645646194700297,483.4234439615026,33.603300033433555,792.4143908651432,14.188840897130657,-0.071,51.511,London Borough of Tower Hamlets
1786,353.95940638302875,Entire home/apt,False,False,2.0,False,0,1,8.0,100.0,0,4.184998573668654,0.4344775990651961,352.0367573373497,24.47046564946083,724.2148145215643,12.967670573691336,-0.181,51.49100000000001,Royal Borough of Kensington and Chelsea
1350,211.9052658811355,Private room,False,True,2.0,False,0,1,9.0,80.0,1,9.50452630738396,0.3414020576004548,117.6252005302904,8.176258214789641,286.47676413269,5.129605511790013,-0.1639999999999999,51.426,London Borough of Wandsworth
1793,353.95940638302875,Entire home/apt,False,False,2.0,False,0,1,9.0,91.0,0,4.185008774147673,0.4344725643734805,352.0354477526372,24.470374618774247,724.2119118495222,12.967618598926292,-0.181,51.49100000000001,Royal Borough of Kensington and Chelsea
1124,319.62181612925986,Entire home/apt,False,False,2.0,False,0,1,10.0,93.0,0,3.9350203952685936,0.3645594358265034,483.42754153605495,33.60358486038766,792.4096601649953,14.18875618999698,-0.071,51.511,London Borough of Tower Hamlets
4379,584.444601237094,Entire home/apt,False,False,4.0,False,0,1,8.0,87.0,2,3.838294214835504,0.1669262891986488,272.907753001647,18.97012075048396,513.9680151995739,9.20302619178691,-0.122,51.474,London Borough of Lambeth
1167,211.9052658811355,Private room,False,True,2.0,False,0,1,8.0,82.0,1,9.504490407326903,0.3413819230524423,117.62564142403738,8.176288861803243,286.4716302369913,5.129513585103558,-0.1639999999999999,51.426,London Borough of Wandsworth
1131,345.49260330675696,Entire home/apt,False,False,2.0,False,0,1,10.0,92.0,0,3.935009188976384,0.3645452063342208,483.4349425450207,33.604099312733595,792.4057271945105,14.188685766878592,-0.071,51.511,London Borough of Tower Hamlets
1346,183.4473999858887,Private room,False,True,2.0,False,0,1,8.0,80.0,1,9.523276958098256,0.2875342530726114,117.4176352548939,8.161830122166506,299.0821537907685,5.355315532161475,-0.165,51.426,London Borough of Wandsworth
1787,353.95940638302875,Entire home/apt,False,False,2.0,False,0,1,10.0,60.0,0,4.184994887606691,0.4344783274445184,352.0373149648103,24.47050441076441,724.2159801656397,12.967691445521176,-0.181,51.49100000000001,Royal Borough of Kensington and Chelsea
1790,353.95940638302875,Entire home/apt,False,False,2.0,False,0,1,10.0,90.0,0,4.1850080894232,0.4344939125611116,352.0339105142033,24.47026776362487,724.2098672003963,12.96758198777754,-0.181,51.49100000000001,Royal Borough of Kensington and Chelsea
1792,353.95940638302875,Entire home/apt,False,False,2.0,False,0,1,8.0,77.0,0,4.184982355615324,0.4344912097016554,352.0384058762985,24.470580241232508,724.2188380462364,12.967742618258011,-0.181,51.49100000000001,Royal Borough of Kensington and Chelsea
594,258.7078717749712,Entire home/apt,False,False,2.0,False,0,1,10.0,100.0,1,5.559506364692842,0.3470794693598044,209.7537755349548,14.58021769628504,458.57424217622986,8.211154462574768,-0.16933,51.55094,London Borough of Camden
1128,345.49260330675696,Entire home/apt,False,False,2.0,False,0,1,10.0,90.0,0,3.935028691709733,0.3645633019430278,483.4292493844002,33.60370357482131,792.4019844804614,14.18861875046044,-0.071,51.511,London Borough of Tower Hamlets
1785,353.95940638302875,Entire home/apt,False,False,2.0,False,0,1,7.0,80.0,0,4.1850076511958205,0.4344716568304266,352.0357049923405,24.47039249979148,724.2123870323104,12.967627107470634,-0.181,51.49100000000001,Royal Borough of Kensington and Chelsea
2616,322.2088948470096,Private room,False,True,2.0,False,0,1,9.0,84.0,1,1.4266218265235129,0.1423075064283409,590.5430117832034,41.04930006079465,1527.5228189960694,27.351570712652894,-0.136,51.52,London Borough of Camden
3422,211.43488793245373,Private room,False,True,2.0,False,0,1,9.0,87.0,1,9.523264014836398,0.2875422931123659,117.41778820880803,8.161840754162808,299.07679778562715,5.355219628420112,-0.165,51.426,London Borough of Wandsworth
2454,333.73315458971285,Entire home/apt,False,False,2.0,False,0,1,9.0,100.0,0,3.935022497510558,0.3645646194700297,483.4234439615026,33.603300033433555,792.4143908651432,14.188840897130657,-0.071,51.511,London Borough of Tower Hamlets
1164,211.9052658811355,Private room,False,True,2.0,False,0,1,9.0,86.0,1,9.504499382662347,0.3413956465950518,117.625528333863,8.176281000779728,286.47155645293776,5.12951226393851,-0.1639999999999999,51.426,London Borough of Wandsworth
1785,353.95940638302875,Entire home/apt,False,False,2.0,False,0,1,7.0,80.0,0,4.1850076511958205,0.4344716568304266,352.0357049923405,24.47039249979148,724.2123870323104,12.967627107470634,-0.181,51.49100000000001,Royal Borough of Kensington and Chelsea
1787,353.95940638302875,Entire home/apt,False,False,2.0,False,0,1,10.0,60.0,0,4.184994887606691,0.4344783274445184,352.0373149648103,24.47050441076441,724.2159801656397,12.967691445521176,-0.181,51.49100000000001,Royal Borough of Kensington and Chelsea
961,388.0618076624568,Private room,False,True,2.0,False,0,1,7.0,70.0,1,1.4266143257997663,0.1423307430766109,590.5420717502211,41.04923471805892,1527.5454471748717,27.351975889076392,-0.136,51.52,London Borough of Camden
3212,515.5342317552153,Entire home/apt,False,False,6.0,False,0,1,10.0,87.0,2,5.939758318558844,0.3776480727429646,206.78824511287016,14.374080385866309,489.5621886389553,8.766019501823205,-0.2,51.48,London Borough of Hammersmith and Fulham
1162,211.9052658811355,Private room,False,True,2.0,False,0,1,8.0,76.0,1,9.5045092666229,0.3413813473888904,117.6254134834474,8.176273017399893,286.4760688581928,5.1295930623199695,-0.1639999999999999,51.426,London Borough of Wandsworth
1690,379.83019356052586,Entire home/apt,False,False,2.0,False,0,1,10.0,87.0,0,4.185024016230776,0.4344878866541066,352.03172392291725,24.47011577123817,724.205141441664,12.967497369124036,-0.181,51.49100000000001,Royal Borough of Kensington and Chelsea
1793,353.95940638302875,Entire home/apt,False,False,2.0,False,0,1,9.0,91.0,0,4.185008774147673,0.4344725643734805,352.0354477526372,24.470374618774247,724.2119118495222,12.967618598926292,-0.181,51.49100000000001,Royal Borough of Kensington and Chelsea
2616,322.2088948470096,Private room,False,True,2.0,False,0,1,9.0,84.0,1,1.4266218265235129,0.1423075064283409,590.5430117832034,41.04930006079465,1527.5228189960694,27.351570712652894,-0.136,51.52,London Borough of Camden
4435,345.2574143324161,Entire home/apt,False,False,2.0,False,0,1,10.0,95.0,0,3.93501558805636,0.3645525812676384,483.4315251093895,33.603861762990626,792.4067813349408,14.18870464214262,-0.071,51.511,London Borough of Tower Hamlets
1792,353.95940638302875,Entire home/apt,False,False,2.0,False,0,1,8.0,77.0,0,4.184982355615324,0.4344912097016554,352.0384058762985,24.470580241232508,724.2188380462364,12.967742618258011,-0.181,51.49100000000001,Royal Borough of Kensington and Chelsea
1793,353.95940638302875,Entire home/apt,False,False,2.0,False,0,1,9.0,91.0,0,4.185008774147673,0.4344725643734805,352.0354477526372,24.470374618774247,724.2119118495222,12.967618598926292,-0.181,51.49100000000001,Royal Borough of Kensington and Chelsea
2449,334.67391048707634,Entire home/apt,False,False,2.0,False,0,1,10.0,93.0,0,3.93503196214065,0.3645711329449925,483.42312529945735,33.60327788288117,792.4089731855695,14.188743889057116,-0.071,51.511,London Borough of Tower Hamlets
3421,232.13151767445143,Private room,False,True,2.0,False,0,1,8.0,82.0,1,9.50450655110868,0.3414047381155742,117.62543862670536,8.176274765135654,286.47178917992704,5.129516431109452,-0.1639999999999999,51.426,London Borough of Wandsworth
2449,334.67391048707634,Entire home/apt,False,False,2.0,False,0,1,10.0,93.0,0,3.93503196214065,0.3645711329449925,483.42312529945735,33.60327788288117,792.4089731855695,14.188743889057116,-0.071,51.511,London Borough of Tower Hamlets
1786,353.95940638302875,Entire home/apt,False,False,2.0,False,0,1,8.0,100.0,0,4.184998573668654,0.4344775990651961,352.0367573373497,24.47046564946083,724.2148145215643,12.967670573691336,-0.181,51.49100000000001,Royal Borough of Kensington and Chelsea
1785,353.95940638302875,Entire home/apt,False,False,2.0,False,0,1,7.0,80.0,0,4.1850076511958205,0.4344716568304266,352.0357049923405,24.47039249979148,724.2123870323104,12.967627107470634,-0.181,51.49100000000001,Royal Borough of Kensington and Chelsea
4323,227.66292716197464,Private room,False,True,2.0,False,0,1,8.0,86.0,1,9.523279652538989,0.2875551245595097,117.4175950830594,8.161827329777713,299.08615848024306,5.355387239468223,-0.165,51.426,London Borough of Wandsworth
1131,345.49260330675696,Entire home/apt,False,False,2.0,False,0,1,10.0,92.0,0,3.935009188976384,0.3645452063342208,483.4349425450207,33.604099312733595,792.4057271945105,14.188685766878592,-0.071,51.511,London Borough of Tower Hamlets
1788,353.95940638302875,Entire home/apt,False,False,2.0,False,0,1,9.0,80.0,0,4.185031916992533,0.4344974168096186,352.02967093427617,24.46997306571957,724.2014619309941,12.967431484415137,-0.181,51.49100000000001,Royal Borough of Kensington and Chelsea
2454,333.73315458971285,Entire home/apt,False,False,2.0,False,0,1,9.0,100.0,0,3.935022497510558,0.3645646194700297,483.4234439615026,33.603300033433555,792.4143908651432,14.188840897130657,-0.071,51.511,London Borough of Tower Hamlets
2878,189.32712434441072,Private room,False,True,2.0,False,0,1,10.0,97.0,1,6.340457882846252,0.8607950829289802,190.392891901994,13.23442119063898,411.4796008174969,7.367885611012212,-0.21348,51.52757,City of Westminster
4435,345.2574143324161,Entire home/apt,False,False,2.0,False,0,1,10.0,95.0,0,3.93501558805636,0.3645525812676384,483.4315251093895,33.603861762990626,792.4067813349408,14.18870464214262,-0.071,51.511,London Borough of Tower Hamlets
2454,333.73315458971285,Entire home/apt,False,False,2.0,False,0,1,9.0,100.0,0,3.935022497510558,0.3645646194700297,483.4234439615026,33.603300033433555,792.4143908651432,14.188840897130657,-0.071,51.511,London Borough of Tower Hamlets
1124,319.62181612925986,Entire home/apt,False,False,2.0,False,0,1,10.0,93.0,0,3.9350203952685936,0.3645594358265034,483.42754153605495,33.60358486038766,792.4096601649953,14.18875618999698,-0.071,51.511,London Borough of Tower Hamlets
197,707.2132458430349,Entire home/apt,False,False,4.0,False,0,1,10.0,100.0,2,7.295368031208831,1.1205688913943916,165.00508066192205,11.469686259082264,387.9463030723692,6.946502277569891,-0.22415,51.48263,London Borough of Hammersmith and Fulham
2454,333.73315458971285,Entire home/apt,False,False,2.0,False,0,1,9.0,100.0,0,3.935022497510558,0.3645646194700297,483.4234439615026,33.603300033433555,792.4143908651432,14.188840897130657,-0.071,51.511,London Borough of Tower Hamlets
1170,183.4473999858887,Private room,False,True,2.0,False,0,1,9.0,86.0,1,9.523273332881343,0.2875488603963807,117.41767352931328,8.161832782663872,299.0822364996391,5.3553170131328205,-0.165,51.426,London Borough of Wandsworth
1478,456.031421246972,Entire home/apt,False,False,4.0,False,0,1,9.0,84.0,1,0.9161631603517484,0.2299117065282803,754.1021325194222,52.418476040893424,2102.79123070785,37.65223165599084,-0.13401,51.51549,City of Westminster
2449,334.67391048707634,Entire home/apt,False,False,2.0,False,0,1,10.0,93.0,0,3.93503196214065,0.3645711329449925,483.42312529945735,33.60327788288117,792.4089731855695,14.188743889057116,-0.071,51.511,London Borough of Tower Hamlets
4097,334.90909946141727,Entire home/apt,False,False,2.0,False,0,1,10.0,90.0,0,3.935027202296321,0.364566795907017,483.4244292089872,33.60336851907951,792.4100124122609,14.188762497278208,-0.071,51.511,London Borough of Tower Hamlets
1170,183.4473999858887,Private room,False,True,2.0,False,0,1,9.0,86.0,1,9.523273332881343,0.2875488603963807,117.41767352931328,8.161832782663872,299.0822364996391,5.3553170131328205,-0.165,51.426,London Borough of Wandsworth
2616,322.2088948470096,Private room,False,True,2.0,False,0,1,9.0,84.0,1,1.4266218265235129,0.1423075064283409,590.5430117832034,41.04930006079465,1527.5228189960694,27.351570712652894,-0.136,51.52,London Borough of Camden
1168,211.9052658811355,Private room,False,True,2.0,False,0,1,9.0,84.0,1,9.504513562789166,0.3414039462546295,117.62535407147,8.176268887607415,286.47352957660104,5.129547594364171,-0.1639999999999999,51.426,London Borough of Wandsworth
219,427.57355535172513,Entire home/apt,False,False,6.0,False,1,0,8.0,87.0,2,17.29557763412658,5.395147835458331,68.84205495385054,4.785287632257614,140.52172625311022,2.5161587666507303,0.12007,51.49155,Royal Borough of Greenwich
1131,345.49260330675696,Entire home/apt,False,False,2.0,False,0,1,10.0,92.0,0,3.935009188976384,0.3645452063342208,483.4349425450207,33.604099312733595,792.4057271945105,14.188685766878592,-0.071,51.511,London Borough of Tower Hamlets
977,716.8559937910111,Entire home/apt,False,False,2.0,False,0,1,9.0,100.0,1,1.4265966104828671,0.1423359225908261,590.5466365978081,41.04955202568019,1527.5478420426512,27.35201877118238,-0.136,51.52,London Borough of Camden
1129,335.14428843575814,Entire home/apt,False,False,2.0,False,0,1,10.0,95.0,0,3.935016885207956,0.3645570019424634,483.42767938252274,33.60359444224861,792.4116400426728,14.188791641358902,-0.071,51.511,London Borough of Tower Hamlets
1793,353.95940638302875,Entire home/apt,False,False,2.0,False,0,1,9.0,91.0,0,4.185008774147673,0.4344725643734805,352.0354477526372,24.470374618774247,724.2119118495222,12.967618598926292,-0.181,51.49100000000001,Royal Borough of Kensington and Chelsea
1124,319.62181612925986,Entire home/apt,False,False,2.0,False,0,1,10.0,93.0,0,3.9350203952685936,0.3645594358265034,483.42754153605495,33.60358486038766,792.4096601649953,14.18875618999698,-0.071,51.511,London Borough of Tower Hamlets
4381,651.9438368729274,Entire home/apt,False,False,4.0,False,0,1,6.0,60.0,2,3.838312444343061,0.1669082680906701,272.90659039039883,18.97003993608597,513.9664720353599,9.202998560143968,-0.122,51.474,London Borough of Lambeth
1164,211.9052658811355,Private room,False,True,2.0,False,0,1,9.0,86.0,1,9.504499382662347,0.3413956465950518,117.625528333863,8.176281000779728,286.47155645293776,5.12951226393851,-0.1639999999999999,51.426,London Borough of Wandsworth
1783,353.95940638302875,Entire home/apt,False,False,2.0,False,0,1,9.0,70.0,0,4.185012481931481,0.4344889899324827,352.033559676093,24.470243376478503,724.2089110809626,12.967564867661247,-0.181,51.49100000000001,Royal Borough of Kensington and Chelsea
1113,335.14428843575814,Entire home/apt,False,False,2.0,False,0,1,9.0,92.0,0,3.935003107791964,0.364541716047097,483.4343982774293,33.604061480089364,792.410309638567,14.188767819363235,-0.071,51.511,London Borough of Tower Hamlets
1783,353.95940638302875,Entire home/apt,False,False,2.0,False,0,1,9.0,70.0,0,4.185012481931481,0.4344889899324827,352.033559676093,24.470243376478503,724.2089110809626,12.967564867661247,-0.181,51.49100000000001,Royal Borough of Kensington and Chelsea
4427,584.444601237094,Entire home/apt,False,False,6.0,False,0,1,7.0,80.0,2,3.83830417746245,0.1669145367146329,272.9070999529292,18.97007535634291,513.9674078338226,9.203015316396318,-0.122,51.474,London Borough of Lambeth
1049,243.4205884428138,Entire home/apt,False,False,2.0,True,0,1,10.0,94.0,0,3.840178357677625,0.4925453060723678,322.8910866010636,22.444517734313628,920.8890191490244,16.48928632196422,-0.08,51.526,London Borough of Hackney
981,1001.6698417178204,Entire home/apt,False,False,4.0,False,0,1,9.0,90.0,2,1.4266038704263206,0.1423151120270535,590.5473171430174,41.04959933113288,1527.527689830579,27.35165792900925,-0.136,51.52,London Borough of Camden
1131,345.49260330675696,Entire home/apt,False,False,2.0,False,0,1,10.0,92.0,0,3.935009188976384,0.3645452063342208,483.4349425450207,33.604099312733595,792.4057271945105,14.188685766878592,-0.071,51.511,London Borough of Tower Hamlets
1790,353.95940638302875,Entire home/apt,False,False,2.0,False,0,1,10.0,90.0,0,4.1850080894232,0.4344939125611116,352.0339105142033,24.47026776362487,724.2098672003963,12.96758198777754,-0.181,51.49100000000001,Royal Borough of Kensington and Chelsea
1113,335.14428843575814,Entire home/apt,False,False,2.0,False,0,1,9.0,92.0,0,3.935003107791964,0.364541716047097,483.4343982774293,33.604061480089364,792.410309638567,14.188767819363235,-0.071,51.511,London Borough of Tower Hamlets
958,388.0618076624568,Private room,False,True,2.0,False,0,1,8.0,76.0,1,1.4266133952065438,0.1423099738218652,590.5451840312672,41.04945105616806,1527.5239717823736,27.35159135425361,-0.136,51.52,London Borough of Camden
1124,319.62181612925986,Entire home/apt,False,False,2.0,False,0,1,10.0,93.0,0,3.9350203952685936,0.3645594358265034,483.42754153605495,33.60358486038766,792.4096601649953,14.18875618999698,-0.071,51.511,London Borough of Tower Hamlets
3422,211.43488793245373,Private room,False,True,2.0,False,0,1,9.0,87.0,1,9.523264014836398,0.2875422931123659,117.41778820880803,8.161840754162808,299.07679778562715,5.355219628420112,-0.165,51.426,London Borough of Wandsworth
3903,334.43872151273547,Entire home/apt,False,False,2.0,False,0,1,10.0,95.0,0,3.935023151065557,0.3645583961197164,483.43061339090224,33.60379838842687,792.4034211174973,14.188644474645368,-0.071,51.511,London Borough of Tower Hamlets
1167,211.9052658811355,Private room,False,True,2.0,False,0,1,8.0,82.0,1,9.504490407326903,0.3413819230524423,117.62564142403738,8.176288861803243,286.4716302369913,5.129513585103558,-0.1639999999999999,51.426,London Borough of Wandsworth
3903,334.43872151273547,Entire home/apt,False,False,2.0,False,0,1,10.0,95.0,0,3.935023151065557,0.3645583961197164,483.43061339090224,33.60379838842687,792.4034211174973,14.188644474645368,-0.071,51.511,London Borough of Tower Hamlets
1787,353.95940638302875,Entire home/apt,False,False,2.0,False,0,1,10.0,60.0,0,4.184994887606691,0.4344783274445184,352.0373149648103,24.47050441076441,724.2159801656397,12.967691445521176,-0.181,51.49100000000001,Royal Borough of Kensington and Chelsea
4379,584.444601237094,Entire home/apt,False,False,4.0,False,0,1,8.0,87.0,2,3.838294214835504,0.1669262891986488,272.907753001647,18.97012075048396,513.9680151995739,9.20302619178691,-0.122,51.474,London Borough of Lambeth
1787,353.95940638302875,Entire home/apt,False,False,2.0,False,0,1,10.0,60.0,0,4.184994887606691,0.4344783274445184,352.0373149648103,24.47050441076441,724.2159801656397,12.967691445521176,-0.181,51.49100000000001,Royal Borough of Kensington and Chelsea
2449,334.67391048707634,Entire home/apt,False,False,2.0,False,0,1,10.0,93.0,0,3.93503196214065,0.3645711329449925,483.42312529945735,33.60327788288117,792.4089731855695,14.188743889057116,-0.071,51.511,London Borough of Tower Hamlets
2449,334.67391048707634,Entire home/apt,False,False,2.0,False,0,1,10.0,93.0,0,3.93503196214065,0.3645711329449925,483.42312529945735,33.60327788288117,792.4089731855695,14.188743889057116,-0.071,51.511,London Borough of Tower Hamlets
1691,379.83019356052586,Entire home/apt,False,False,2.0,False,0,1,7.0,80.0,0,4.18501378287374,0.4344951605577924,352.03286570381954,24.470195137695693,724.2078143380202,12.96754522956369,-0.181,51.49100000000001,Royal Borough of Kensington and Chelsea
1793,353.95940638302875,Entire home/apt,False,False,2.0,False,0,1,9.0,91.0,0,4.185008774147673,0.4344725643734805,352.0354477526372,24.470374618774247,724.2119118495222,12.967618598926292,-0.181,51.49100000000001,Royal Borough of Kensington and Chelsea
1114,345.49260330675696,Entire home/apt,False,False,2.0,False,0,1,10.0,89.0,0,3.9350119094347935,0.3645471746323017,483.4347475377076,33.60408575755887,792.4043229089667,14.188660621974128,-0.071,51.511,London Borough of Tower Hamlets
1792,353.95940638302875,Entire home/apt,False,False,2.0,False,0,1,8.0,77.0,0,4.184982355615324,0.4344912097016554,352.0384058762985,24.470580241232508,724.2188380462364,12.967742618258011,-0.181,51.49100000000001,Royal Borough of Kensington and Chelsea
1128,345.49260330675696,Entire home/apt,False,False,2.0,False,0,1,10.0,90.0,0,3.935028691709733,0.3645633019430278,483.4292493844002,33.60370357482131,792.4019844804614,14.18861875046044,-0.071,51.511,London Borough of Tower Hamlets
1129,335.14428843575814,Entire home/apt,False,False,2.0,False,0,1,10.0,95.0,0,3.935016885207956,0.3645570019424634,483.42767938252274,33.60359444224861,792.4116400426728,14.188791641358902,-0.071,51.511,London Borough of Tower Hamlets
2449,334.67391048707634,Entire home/apt,False,False,2.0,False,0,1,10.0,93.0,0,3.93503196214065,0.3645711329449925,483.42312529945735,33.60327788288117,792.4089731855695,14.188743889057116,-0.071,51.511,London Borough of Tower Hamlets
2454,333.73315458971285,Entire home/apt,False,False,2.0,False,0,1,9.0,100.0,0,3.935022497510558,0.3645646194700297,483.4234439615026,33.603300033433555,792.4143908651432,14.188840897130657,-0.071,51.511,London Borough of Tower Hamlets
1788,353.95940638302875,Entire home/apt,False,False,2.0,False,0,1,9.0,80.0,0,4.185031916992533,0.4344974168096186,352.02967093427617,24.46997306571957,724.2014619309941,12.967431484415137,-0.181,51.49100000000001,Royal Borough of Kensington and Chelsea
3903,334.43872151273547,Entire home/apt,False,False,2.0,False,0,1,10.0,95.0,0,3.935023151065557,0.3645583961197164,483.43061339090224,33.60379838842687,792.4034211174973,14.188644474645368,-0.071,51.511,London Borough of Tower Hamlets
4097,334.90909946141727,Entire home/apt,False,False,2.0,False,0,1,10.0,90.0,0,3.935027202296321,0.364566795907017,483.4244292089872,33.60336851907951,792.4100124122609,14.188762497278208,-0.071,51.511,London Borough of Tower Hamlets
1059,654.7661045650179,Entire home/apt,False,False,2.0,True,0,1,10.0,99.0,0,3.974128395739174,0.1573990529632199,411.6219489580135,28.612298439304272,814.5424203621699,14.585061729967292,-0.071,51.514,London Borough of Tower Hamlets
1790,353.95940638302875,Entire home/apt,False,False,2.0,False,0,1,10.0,90.0,0,4.1850080894232,0.4344939125611116,352.0339105142033,24.47026776362487,724.2098672003963,12.96758198777754,-0.181,51.49100000000001,Royal Borough of Kensington and Chelsea
2454,333.73315458971285,Entire home/apt,False,False,2.0,False,0,1,9.0,100.0,0,3.935022497510558,0.3645646194700297,483.4234439615026,33.603300033433555,792.4143908651432,14.188840897130657,-0.071,51.511,London Borough of Tower Hamlets
2454,333.73315458971285,Entire home/apt,False,False,2.0,False,0,1,9.0,100.0,0,3.935022497510558,0.3645646194700297,483.4234439615026,33.603300033433555,792.4143908651432,14.188840897130657,-0.071,51.511,London Borough of Tower Hamlets
4377,532.7030268820997,Entire home/apt,False,False,4.0,False,0,1,2.0,20.0,1,3.838313139772806,0.1669076216763115,272.9065464194961,18.97003687961973,513.9664080795119,9.202997414961144,-0.122,51.474,London Borough of Lambeth
1793,353.95940638302875,Entire home/apt,False,False,2.0,False,0,1,9.0,91.0,0,4.185008774147673,0.4344725643734805,352.0354477526372,24.470374618774247,724.2119118495222,12.967618598926292,-0.181,51.49100000000001,Royal Borough of Kensington and Chelsea
1790,353.95940638302875,Entire home/apt,False,False,2.0,False,0,1,10.0,90.0,0,4.1850080894232,0.4344939125611116,352.0339105142033,24.47026776362487,724.2098672003963,12.96758198777754,-0.181,51.49100000000001,Royal Borough of Kensington and Chelsea
3213,515.5342317552153,Entire home/apt,False,False,6.0,False,0,1,10.0,80.0,2,5.939746591201643,0.3776358931672204,206.78875370905067,14.374115738951192,489.5647289025837,8.76606498736319,-0.2,51.48,London Borough of Hammersmith and Fulham
1691,379.83019356052586,Entire home/apt,False,False,2.0,False,0,1,7.0,80.0,0,4.18501378287374,0.4344951605577924,352.03286570381954,24.470195137695693,724.2078143380202,12.96754522956369,-0.181,51.49100000000001,Royal Borough of Kensington and Chelsea
1792,353.95940638302875,Entire home/apt,False,False,2.0,False,0,1,8.0,77.0,0,4.184982355615324,0.4344912097016554,352.0384058762985,24.470580241232508,724.2188380462364,12.967742618258011,-0.181,51.49100000000001,Royal Borough of Kensington and Chelsea
1690,379.83019356052586,Entire home/apt,False,False,2.0,False,0,1,10.0,87.0,0,4.185024016230776,0.4344878866541066,352.03172392291725,24.47011577123817,724.205141441664,12.967497369124036,-0.181,51.49100000000001,Royal Borough of Kensington and Chelsea
2768,338.2017451021896,Entire home/apt,False,False,3.0,False,1,0,10.0,100.0,1,2.336066735670092,0.2095494092505932,440.2012171089176,30.59887508221789,997.104874098592,17.853994803012288,-0.12176,51.52901,London Borough of Camden
2617,322.2088948470096,Private room,False,True,2.0,False,0,1,9.0,84.0,1,1.4266087184992553,0.1423170843671968,590.5456050615219,41.04948032244827,1527.5305044976649,27.351708327972112,-0.136,51.52,London Borough of Camden
3903,334.43872151273547,Entire home/apt,False,False,2.0,False,0,1,10.0,95.0,0,3.935023151065557,0.3645583961197164,483.43061339090224,33.60379838842687,792.4034211174973,14.188644474645368,-0.071,51.511,London Borough of Tower Hamlets
2361,116.41854229873704,Private room,False,True,2.0,False,0,0,9.0,93.0,1,6.5614883817427625,0.392173561046778,175.56087224060812,12.203431045231332,385.062707871262,6.894869099283504,-0.1991,51.54684,London Borough of Camden
1788,353.95940638302875,Entire home/apt,False,False,2.0,False,0,1,9.0,80.0,0,4.185031916992533,0.4344974168096186,352.02967093427617,24.46997306571957,724.2014619309941,12.967431484415137,-0.181,51.49100000000001,Royal Borough of Kensington and Chelsea
1793,353.95940638302875,Entire home/apt,False,False,2.0,False,0,1,9.0,91.0,0,4.185008774147673,0.4344725643734805,352.0354477526372,24.470374618774247,724.2119118495222,12.967618598926292,-0.181,51.49100000000001,Royal Borough of Kensington and Chelsea
1114,345.49260330675696,Entire home/apt,False,False,2.0,False,0,1,10.0,89.0,0,3.9350119094347935,0.3645471746323017,483.4347475377076,33.60408575755887,792.4043229089667,14.188660621974128,-0.071,51.511,London Borough of Tower Hamlets
1783,353.95940638302875,Entire home/apt,False,False,2.0,False,0,1,9.0,70.0,0,4.185012481931481,0.4344889899324827,352.033559676093,24.470243376478503,724.2089110809626,12.967564867661247,-0.181,51.49100000000001,Royal Borough of Kensington and Chelsea
2449,334.67391048707634,Entire home/apt,False,False,2.0,False,0,1,10.0,93.0,0,3.93503196214065,0.3645711329449925,483.42312529945735,33.60327788288117,792.4089731855695,14.188743889057116,-0.071,51.511,London Borough of Tower Hamlets
960,388.0618076624568,Private room,False,True,2.0,False,0,1,9.0,82.0,1,1.4266149926433769,0.14231034412013,590.5446580850522,41.04941449706303,1527.5246131420804,27.351602838334344,-0.136,51.52,London Borough of Camden
1124,319.62181612925986,Entire home/apt,False,False,2.0,False,0,1,10.0,93.0,0,3.9350203952685936,0.3645594358265034,483.42754153605495,33.60358486038766,792.4096601649953,14.18875618999698,-0.071,51.511,London Borough of Tower Hamlets
1124,319.62181612925986,Entire home/apt,False,False,2.0,False,0,1,10.0,93.0,0,3.9350203952685936,0.3645594358265034,483.42754153605495,33.60358486038766,792.4096601649953,14.18875618999698,-0.071,51.511,London Borough of Tower Hamlets
1786,353.95940638302875,Entire home/apt,False,False,2.0,False,0,1,8.0,100.0,0,4.184998573668654,0.4344775990651961,352.0367573373497,24.47046564946083,724.2148145215643,12.967670573691336,-0.181,51.49100000000001,Royal Borough of Kensington and Chelsea
1785,353.95940638302875,Entire home/apt,False,False,2.0,False,0,1,7.0,80.0,0,4.1850076511958205,0.4344716568304266,352.0357049923405,24.47039249979148,724.2123870323104,12.967627107470634,-0.181,51.49100000000001,Royal Borough of Kensington and Chelsea
1788,353.95940638302875,Entire home/apt,False,False,2.0,False,0,1,9.0,80.0,0,4.185031916992533,0.4344974168096186,352.02967093427617,24.46997306571957,724.2014619309941,12.967431484415137,-0.181,51.49100000000001,Royal Borough of Kensington and Chelsea
2616,322.2088948470096,Private room,False,True,2.0,False,0,1,9.0,84.0,1,1.4266218265235129,0.1423075064283409,590.5430117832034,41.04930006079465,1527.5228189960694,27.351570712652894,-0.136,51.52,London Borough of Camden
3903,334.43872151273547,Entire home/apt,False,False,2.0,False,0,1,10.0,95.0,0,3.935023151065557,0.3645583961197164,483.43061339090224,33.60379838842687,792.4034211174973,14.188644474645368,-0.071,51.511,London Borough of Tower Hamlets
1690,379.83019356052586,Entire home/apt,False,False,2.0,False,0,1,10.0,87.0,0,4.185024016230776,0.4344878866541066,352.03172392291725,24.47011577123817,724.205141441664,12.967497369124036,-0.181,51.49100000000001,Royal Borough of Kensington and Chelsea
3677,503.3044050894894,Entire home/apt,False,False,4.0,True,0,1,9.0,97.0,1,4.388488959923527,1.0433175746650274,293.7671599572442,20.420081275162698,719.3707681649769,12.880933881571316,-0.071,51.526,London Borough of Tower Hamlets
1131,345.49260330675696,Entire home/apt,False,False,2.0,False,0,1,10.0,92.0,0,3.935009188976384,0.3645452063342208,483.4349425450207,33.604099312733595,792.4057271945105,14.188685766878592,-0.071,51.511,London Borough of Tower Hamlets
2454,333.73315458971285,Entire home/apt,False,False,2.0,False,0,1,9.0,100.0,0,3.935022497510558,0.3645646194700297,483.4234439615026,33.603300033433555,792.4143908651432,14.188840897130657,-0.071,51.511,London Borough of Tower Hamlets
3903,334.43872151273547,Entire home/apt,False,False,2.0,False,0,1,10.0,95.0,0,3.935023151065557,0.3645583961197164,483.43061339090224,33.60379838842687,792.4034211174973,14.188644474645368,-0.071,51.511,London Borough of Tower Hamlets
1164,211.9052658811355,Private room,False,True,2.0,False,0,1,9.0,86.0,1,9.504499382662347,0.3413956465950518,117.625528333863,8.176281000779728,286.47155645293776,5.12951226393851,-0.1639999999999999,51.426,London Borough of Wandsworth
1124,319.62181612925986,Entire home/apt,False,False,2.0,False,0,1,10.0,93.0,0,3.9350203952685936,0.3645594358265034,483.42754153605495,33.60358486038766,792.4096601649953,14.18875618999698,-0.071,51.511,London Borough of Tower Hamlets
3903,334.43872151273547,Entire home/apt,False,False,2.0,False,0,1,10.0,95.0,0,3.935023151065557,0.3645583961197164,483.43061339090224,33.60379838842687,792.4034211174973,14.188644474645368,-0.071,51.511,London Borough of Tower Hamlets
1350,211.9052658811355,Private room,False,True,2.0,False,0,1,9.0,80.0,1,9.50452630738396,0.3414020576004548,117.6252005302904,8.176258214789641,286.47676413269,5.129605511790013,-0.1639999999999999,51.426,London Borough of Wandsworth
958,388.0618076624568,Private room,False,True,2.0,False,0,1,8.0,76.0,1,1.4266133952065438,0.1423099738218652,590.5451840312672,41.04945105616806,1527.5239717823736,27.35159135425361,-0.136,51.52,London Borough of Camden
4097,334.90909946141727,Entire home/apt,False,False,2.0,False,0,1,10.0,90.0,0,3.935027202296321,0.364566795907017,483.4244292089872,33.60336851907951,792.4100124122609,14.188762497278208,-0.071,51.511,London Borough of Tower Hamlets
960,388.0618076624568,Private room,False,True,2.0,False,0,1,9.0,82.0,1,1.4266149926433769,0.14231034412013,590.5446580850522,41.04941449706303,1527.5246131420804,27.351602838334344,-0.136,51.52,London Borough of Camden
2449,334.67391048707634,Entire home/apt,False,False,2.0,False,0,1,10.0,93.0,0,3.93503196214065,0.3645711329449925,483.42312529945735,33.60327788288117,792.4089731855695,14.188743889057116,-0.071,51.511,London Borough of Tower Hamlets
3422,211.43488793245373,Private room,False,True,2.0,False,0,1,9.0,87.0,1,9.523264014836398,0.2875422931123659,117.41778820880803,8.161840754162808,299.07679778562715,5.355219628420112,-0.165,51.426,London Borough of Wandsworth
1783,353.95940638302875,Entire home/apt,False,False,2.0,False,0,1,9.0,70.0,0,4.185012481931481,0.4344889899324827,352.033559676093,24.470243376478503,724.2089110809626,12.967564867661247,-0.181,51.49100000000001,Royal Borough of Kensington and Chelsea
3903,334.43872151273547,Entire home/apt,False,False,2.0,False,0,1,10.0,95.0,0,3.935023151065557,0.3645583961197164,483.43061339090224,33.60379838842687,792.4034211174973,14.188644474645368,-0.071,51.511,London Borough of Tower Hamlets
1129,335.14428843575814,Entire home/apt,False,False,2.0,False,0,1,10.0,95.0,0,3.935016885207956,0.3645570019424634,483.42767938252274,33.60359444224861,792.4116400426728,14.188791641358902,-0.071,51.511,London Borough of Tower Hamlets
1114,345.49260330675696,Entire home/apt,False,False,2.0,False,0,1,10.0,89.0,0,3.9350119094347935,0.3645471746323017,483.4347475377076,33.60408575755887,792.4043229089667,14.188660621974128,-0.071,51.511,London Borough of Tower Hamlets
1793,353.95940638302875,Entire home/apt,False,False,2.0,False,0,1,9.0,91.0,0,4.185008774147673,0.4344725643734805,352.0354477526372,24.470374618774247,724.2119118495222,12.967618598926292,-0.181,51.49100000000001,Royal Borough of Kensington and Chelsea
977,716.8559937910111,Entire home/apt,False,False,2.0,False,0,1,9.0,100.0,1,1.4265966104828671,0.1423359225908261,590.5466365978081,41.04955202568019,1527.5478420426512,27.35201877118238,-0.136,51.52,London Borough of Camden
45,259.178249723653,Private room,False,True,2.0,False,0,0,9.0,91.0,1,4.290946821090268,0.2956236751495609,300.9069000567088,20.9163725322788,734.4574094381352,13.1510727825865,-0.18848,51.51464,City of Westminster
1124,319.62181612925986,Entire home/apt,False,False,2.0,False,0,1,10.0,93.0,0,3.9350203952685936,0.3645594358265034,483.42754153605495,33.60358486038766,792.4096601649953,14.18875618999698,-0.071,51.511,London Borough of Tower Hamlets
2454,333.73315458971285,Entire home/apt,False,False,2.0,False,0,1,9.0,100.0,0,3.935022497510558,0.3645646194700297,483.4234439615026,33.603300033433555,792.4143908651432,14.188840897130657,-0.071,51.511,London Borough of Tower Hamlets
1792,353.95940638302875,Entire home/apt,False,False,2.0,False,0,1,8.0,77.0,0,4.184982355615324,0.4344912097016554,352.0384058762985,24.470580241232508,724.2188380462364,12.967742618258011,-0.181,51.49100000000001,Royal Borough of Kensington and Chelsea
3634,639.0084432841788,Entire home/apt,False,False,6.0,False,0,1,8.0,80.0,2,3.267409530478416,0.8662761695690894,315.9507293714198,21.96208580172928,578.4890875672554,10.358329832017098,-0.13,51.479,London Borough of Lambeth
320,1059.5263294056774,Entire home/apt,False,False,4.0,False,1,0,10.0,100.0,2,6.167119018557106,1.356784693427723,187.62790099703145,13.042223604589404,414.930922286272,7.429684401859305,-0.18673,51.46703,London Borough of Hammersmith and Fulham
958,388.0618076624568,Private room,False,True,2.0,False,0,1,8.0,76.0,1,1.4266133952065438,0.1423099738218652,590.5451840312672,41.04945105616806,1527.5239717823736,27.35159135425361,-0.136,51.52,London Borough of Camden
1937,525.8825466262142,Entire home/apt,False,False,2.0,False,0,1,10.0,60.0,0,3.211511453320908,0.5015632940819423,439.5660894459437,30.554726653578285,833.1530559205589,14.918300689249904,-0.16677,51.49307,Royal Borough of Kensington and Chelsea
958,388.0618076624568,Private room,False,True,2.0,False,0,1,8.0,76.0,1,1.4266133952065438,0.1423099738218652,590.5451840312672,41.04945105616806,1527.5239717823736,27.35159135425361,-0.136,51.52,London Borough of Camden
1788,353.95940638302875,Entire home/apt,False,False,2.0,False,0,1,9.0,80.0,0,4.185031916992533,0.4344974168096186,352.02967093427617,24.46997306571957,724.2014619309941,12.967431484415137,-0.181,51.49100000000001,Royal Borough of Kensington and Chelsea
1113,335.14428843575814,Entire home/apt,False,False,2.0,False,0,1,9.0,92.0,0,3.935003107791964,0.364541716047097,483.4343982774293,33.604061480089364,792.410309638567,14.188767819363235,-0.071,51.511,London Borough of Tower Hamlets
4097,334.90909946141727,Entire home/apt,False,False,2.0,False,0,1,10.0,90.0,0,3.935027202296321,0.364566795907017,483.4244292089872,33.60336851907951,792.4100124122609,14.188762497278208,-0.071,51.511,London Borough of Tower Hamlets
2628,438.1570591970648,Entire home/apt,False,False,6.0,False,0,0,10.0,100.0,3,7.268603956243494,2.198887908777772,153.6651390172971,10.681434331696824,314.44976880392244,5.6304855024492895,-0.09924,51.44543,London Borough of Lambeth
1129,335.14428843575814,Entire home/apt,False,False,2.0,False,0,1,10.0,95.0,0,3.935016885207956,0.3645570019424634,483.42767938252274,33.60359444224861,792.4116400426728,14.188791641358902,-0.071,51.511,London Borough of Tower Hamlets
1785,353.95940638302875,Entire home/apt,False,False,2.0,False,0,1,7.0,80.0,0,4.1850076511958205,0.4344716568304266,352.0357049923405,24.47039249979148,724.2123870323104,12.967627107470634,-0.181,51.49100000000001,Royal Borough of Kensington and Chelsea
1129,335.14428843575814,Entire home/apt,False,False,2.0,False,0,1,10.0,95.0,0,3.935016885207956,0.3645570019424634,483.42767938252274,33.60359444224861,792.4116400426728,14.188791641358902,-0.071,51.511,London Borough of Tower Hamlets
2454,333.73315458971285,Entire home/apt,False,False,2.0,False,0,1,9.0,100.0,0,3.935022497510558,0.3645646194700297,483.4234439615026,33.603300033433555,792.4143908651432,14.188840897130657,-0.071,51.511,London Borough of Tower Hamlets
961,388.0618076624568,Private room,False,True,2.0,False,0,1,7.0,70.0,1,1.4266143257997663,0.1423307430766109,590.5420717502211,41.04923471805892,1527.5454471748717,27.351975889076392,-0.136,51.52,London Borough of Camden
1691,379.83019356052586,Entire home/apt,False,False,2.0,False,0,1,7.0,80.0,0,4.18501378287374,0.4344951605577924,352.03286570381954,24.470195137695693,724.2078143380202,12.96754522956369,-0.181,51.49100000000001,Royal Borough of Kensington and Chelsea
1691,379.83019356052586,Entire home/apt,False,False,2.0,False,0,1,7.0,80.0,0,4.18501378287374,0.4344951605577924,352.03286570381954,24.470195137695693,724.2078143380202,12.96754522956369,-0.181,51.49100000000001,Royal Borough of Kensington and Chelsea
1792,353.95940638302875,Entire home/apt,False,False,2.0,False,0,1,8.0,77.0,0,4.184982355615324,0.4344912097016554,352.0384058762985,24.470580241232508,724.2188380462364,12.967742618258011,-0.181,51.49100000000001,Royal Borough of Kensington and Chelsea
1191,159.22293562877772,Private room,False,True,6.0,False,0,1,8.0,81.0,1,5.172800626557539,0.3203951923642998,245.92826370829127,17.094746511195645,540.6387574216335,9.68058808662331,-0.06,51.528,London Borough of Tower Hamlets
1347,183.4473999858887,Private room,False,True,2.0,False,0,1,7.0,76.0,1,9.523273799541748,0.287538712097689,117.41767165760656,8.16183265255946,299.0811669371804,5.355297861724503,-0.165,51.426,London Borough of Wandsworth
1129,335.14428843575814,Entire home/apt,False,False,2.0,False,0,1,10.0,95.0,0,3.935016885207956,0.3645570019424634,483.42767938252274,33.60359444224861,792.4116400426728,14.188791641358902,-0.071,51.511,London Borough of Tower Hamlets
1162,211.9052658811355,Private room,False,True,2.0,False,0,1,8.0,76.0,1,9.5045092666229,0.3413813473888904,117.6254134834474,8.176273017399893,286.4760688581928,5.1295930623199695,-0.1639999999999999,51.426,London Borough of Wandsworth
1113,335.14428843575814,Entire home/apt,False,False,2.0,False,0,1,9.0,92.0,0,3.935003107791964,0.364541716047097,483.4343982774293,33.604061480089364,792.410309638567,14.188767819363235,-0.071,51.511,London Borough of Tower Hamlets
1690,379.83019356052586,Entire home/apt,False,False,2.0,False,0,1,10.0,87.0,0,4.185024016230776,0.4344878866541066,352.03172392291725,24.47011577123817,724.205141441664,12.967497369124036,-0.181,51.49100000000001,Royal Borough of Kensington and Chelsea
1793,353.95940638302875,Entire home/apt,False,False,2.0,False,0,1,9.0,91.0,0,4.185008774147673,0.4344725643734805,352.0354477526372,24.470374618774247,724.2119118495222,12.967618598926292,-0.181,51.49100000000001,Royal Borough of Kensington and Chelsea
1114,345.49260330675696,Entire home/apt,False,False,2.0,False,0,1,10.0,89.0,0,3.9350119094347935,0.3645471746323017,483.4347475377076,33.60408575755887,792.4043229089667,14.188660621974128,-0.071,51.511,London Borough of Tower Hamlets
1124,319.62181612925986,Entire home/apt,False,False,2.0,False,0,1,10.0,93.0,0,3.9350203952685936,0.3645594358265034,483.42754153605495,33.60358486038766,792.4096601649953,14.18875618999698,-0.071,51.511,London Borough of Tower Hamlets
1691,379.83019356052586,Entire home/apt,False,False,2.0,False,0,1,7.0,80.0,0,4.18501378287374,0.4344951605577924,352.03286570381954,24.470195137695693,724.2078143380202,12.96754522956369,-0.181,51.49100000000001,Royal Borough of Kensington and Chelsea
4379,584.444601237094,Entire home/apt,False,False,4.0,False,0,1,8.0,87.0,2,3.838294214835504,0.1669262891986488,272.907753001647,18.97012075048396,513.9680151995739,9.20302619178691,-0.122,51.474,London Borough of Lambeth
1792,353.95940638302875,Entire home/apt,False,False,2.0,False,0,1,8.0,77.0,0,4.184982355615324,0.4344912097016554,352.0384058762985,24.470580241232508,724.2188380462364,12.967742618258011,-0.181,51.49100000000001,Royal Borough of Kensington and Chelsea
1113,335.14428843575814,Entire home/apt,False,False,2.0,False,0,1,9.0,92.0,0,3.935003107791964,0.364541716047097,483.4343982774293,33.604061480089364,792.410309638567,14.188767819363235,-0.071,51.511,London Borough of Tower Hamlets
2454,333.73315458971285,Entire home/apt,False,False,2.0,False,0,1,9.0,100.0,0,3.935022497510558,0.3645646194700297,483.4234439615026,33.603300033433555,792.4143908651432,14.188840897130657,-0.071,51.511,London Borough of Tower Hamlets
1131,345.49260330675696,Entire home/apt,False,False,2.0,False,0,1,10.0,92.0,0,3.935009188976384,0.3645452063342208,483.4349425450207,33.604099312733595,792.4057271945105,14.188685766878592,-0.071,51.511,London Borough of Tower Hamlets
1783,353.95940638302875,Entire home/apt,False,False,2.0,False,0,1,9.0,70.0,0,4.185012481931481,0.4344889899324827,352.033559676093,24.470243376478503,724.2089110809626,12.967564867661247,-0.181,51.49100000000001,Royal Borough of Kensington and Chelsea
3856,166.04341588466332,Shared room,True,False,2.0,True,1,0,10.0,97.0,1,4.055915911352091,0.205743338593373,397.64035420836217,27.640422273207893,787.8708186307315,14.107484444898253,-0.0698299999999999,51.51409,London Borough of Tower Hamlets
3903,334.43872151273547,Entire home/apt,False,False,2.0,False,0,1,10.0,95.0,0,3.935023151065557,0.3645583961197164,483.43061339090224,33.60379838842687,792.4034211174973,14.188644474645368,-0.071,51.511,London Borough of Tower Hamlets
1784,353.95940638302875,Entire home/apt,False,False,2.0,False,0,1,8.0,80.0,0,4.185009900870399,0.4345251757001291,352.03119059768704,24.4700786992096,724.205920831865,12.967511324755948,-0.181,51.49100000000001,Royal Borough of Kensington and Chelsea
2449,334.67391048707634,Entire home/apt,False,False,2.0,False,0,1,10.0,93.0,0,3.93503196214065,0.3645711329449925,483.42312529945735,33.60327788288117,792.4089731855695,14.188743889057116,-0.071,51.511,London Borough of Tower Hamlets
1785,353.95940638302875,Entire home/apt,False,False,2.0,False,0,1,7.0,80.0,0,4.1850076511958205,0.4344716568304266,352.0357049923405,24.47039249979148,724.2123870323104,12.967627107470634,-0.181,51.49100000000001,Royal Borough of Kensington and Chelsea
4097,334.90909946141727,Entire home/apt,False,False,2.0,False,0,1,10.0,90.0,0,3.935027202296321,0.364566795907017,483.4244292089872,33.60336851907951,792.4100124122609,14.188762497278208,-0.071,51.511,London Borough of Tower Hamlets
1790,353.95940638302875,Entire home/apt,False,False,2.0,False,0,1,10.0,90.0,0,4.1850080894232,0.4344939125611116,352.0339105142033,24.47026776362487,724.2098672003963,12.96758198777754,-0.181,51.49100000000001,Royal Borough of Kensington and Chelsea
3422,211.43488793245373,Private room,False,True,2.0,False,0,1,9.0,87.0,1,9.523264014836398,0.2875422931123659,117.41778820880803,8.161840754162808,299.07679778562715,5.355219628420112,-0.165,51.426,London Borough of Wandsworth
1131,345.49260330675696,Entire home/apt,False,False,2.0,False,0,1,10.0,92.0,0,3.935009188976384,0.3645452063342208,483.4349425450207,33.604099312733595,792.4057271945105,14.188685766878592,-0.071,51.511,London Borough of Tower Hamlets
1784,353.95940638302875,Entire home/apt,False,False,2.0,False,0,1,8.0,80.0,0,4.185009900870399,0.4345251757001291,352.03119059768704,24.4700786992096,724.205920831865,12.967511324755948,-0.181,51.49100000000001,Royal Borough of Kensington and Chelsea
1784,353.95940638302875,Entire home/apt,False,False,2.0,False,0,1,8.0,80.0,0,4.185009900870399,0.4345251757001291,352.03119059768704,24.4700786992096,724.205920831865,12.967511324755948,-0.181,51.49100000000001,Royal Borough of Kensington and Chelsea
1350,211.9052658811355,Private room,False,True,2.0,False,0,1,9.0,80.0,1,9.50452630738396,0.3414020576004548,117.6252005302904,8.176258214789641,286.47676413269,5.129605511790013,-0.1639999999999999,51.426,London Borough of Wandsworth
2617,322.2088948470096,Private room,False,True,2.0,False,0,1,9.0,84.0,1,1.4266087184992553,0.1423170843671968,590.5456050615219,41.04948032244827,1527.5305044976649,27.351708327972112,-0.136,51.52,London Borough of Camden
1690,379.83019356052586,Entire home/apt,False,False,2.0,False,0,1,10.0,87.0,0,4.185024016230776,0.4344878866541066,352.03172392291725,24.47011577123817,724.205141441664,12.967497369124036,-0.181,51.49100000000001,Royal Borough of Kensington and Chelsea
4097,334.90909946141727,Entire home/apt,False,False,2.0,False,0,1,10.0,90.0,0,3.935027202296321,0.364566795907017,483.4244292089872,33.60336851907951,792.4100124122609,14.188762497278208,-0.071,51.511,London Borough of Tower Hamlets
2449,334.67391048707634,Entire home/apt,False,False,2.0,False,0,1,10.0,93.0,0,3.93503196214065,0.3645711329449925,483.42312529945735,33.60327788288117,792.4089731855695,14.188743889057116,-0.071,51.511,London Borough of Tower Hamlets
3422,211.43488793245373,Private room,False,True,2.0,False,0,1,9.0,87.0,1,9.523264014836398,0.2875422931123659,117.41778820880803,8.161840754162808,299.07679778562715,5.355219628420112,-0.165,51.426,London Borough of Wandsworth
1690,379.83019356052586,Entire home/apt,False,False,2.0,False,0,1,10.0,87.0,0,4.185024016230776,0.4344878866541066,352.03172392291725,24.47011577123817,724.205141441664,12.967497369124036,-0.181,51.49100000000001,Royal Borough of Kensington and Chelsea
1164,211.9052658811355,Private room,False,True,2.0,False,0,1,9.0,86.0,1,9.504499382662347,0.3413956465950518,117.625528333863,8.176281000779728,286.47155645293776,5.12951226393851,-0.1639999999999999,51.426,London Borough of Wandsworth
984,763.6585996848468,Entire home/apt,False,False,3.0,False,0,1,10.0,100.0,1,1.4266090019472444,0.1423307593729682,590.5436538196807,41.04934468946264,1527.5445842645636,27.35196043794727,-0.136,51.52,London Borough of Camden
1790,353.95940638302875,Entire home/apt,False,False,2.0,False,0,1,10.0,90.0,0,4.1850080894232,0.4344939125611116,352.0339105142033,24.47026776362487,724.2098672003963,12.96758198777754,-0.181,51.49100000000001,Royal Borough of Kensington and Chelsea
4459,258.7078717749712,Private room,False,True,2.0,True,1,0,10.0,99.0,1,3.894009347720352,0.1199560754094491,269.43056338230144,18.7284174414874,509.0465569286554,9.114903374744566,-0.12149,51.47353,London Borough of Lambeth
1786,353.95940638302875,Entire home/apt,False,False,2.0,False,0,1,8.0,100.0,0,4.184998573668654,0.4344775990651961,352.0367573373497,24.47046564946083,724.2148145215643,12.967670573691336,-0.181,51.49100000000001,Royal Borough of Kensington and Chelsea
2449,334.67391048707634,Entire home/apt,False,False,2.0,False,0,1,10.0,93.0,0,3.93503196214065,0.3645711329449925,483.42312529945735,33.60327788288117,792.4089731855695,14.188743889057116,-0.071,51.511,London Borough of Tower Hamlets
960,388.0618076624568,Private room,False,True,2.0,False,0,1,9.0,82.0,1,1.4266149926433769,0.14231034412013,590.5446580850522,41.04941449706303,1527.5246131420804,27.351602838334344,-0.136,51.52,London Borough of Camden
2454,333.73315458971285,Entire home/apt,False,False,2.0,False,0,1,9.0,100.0,0,3.935022497510558,0.3645646194700297,483.4234439615026,33.603300033433555,792.4143908651432,14.188840897130657,-0.071,51.511,London Borough of Tower Hamlets
1114,345.49260330675696,Entire home/apt,False,False,2.0,False,0,1,10.0,89.0,0,3.9350119094347935,0.3645471746323017,483.4347475377076,33.60408575755887,792.4043229089667,14.188660621974128,-0.071,51.511,London Borough of Tower Hamlets
2454,333.73315458971285,Entire home/apt,False,False,2.0,False,0,1,9.0,100.0,0,3.935022497510558,0.3645646194700297,483.4234439615026,33.603300033433555,792.4143908651432,14.188840897130657,-0.071,51.511,London Borough of Tower Hamlets
1790,353.95940638302875,Entire home/apt,False,False,2.0,False,0,1,10.0,90.0,0,4.1850080894232,0.4344939125611116,352.0339105142033,24.47026776362487,724.2098672003963,12.96758198777754,-0.181,51.49100000000001,Royal Borough of Kensington and Chelsea
1114,345.49260330675696,Entire home/apt,False,False,2.0,False,0,1,10.0,89.0,0,3.9350119094347935,0.3645471746323017,483.4347475377076,33.60408575755887,792.4043229089667,14.188660621974128,-0.071,51.511,London Borough of Tower Hamlets
1788,353.95940638302875,Entire home/apt,False,False,2.0,False,0,1,9.0,80.0,0,4.185031916992533,0.4344974168096186,352.02967093427617,24.46997306571957,724.2014619309941,12.967431484415137,-0.181,51.49100000000001,Royal Borough of Kensington and Chelsea
1786,353.95940638302875,Entire home/apt,False,False,2.0,False,0,1,8.0,100.0,0,4.184998573668654,0.4344775990651961,352.0367573373497,24.47046564946083,724.2148145215643,12.967670573691336,-0.181,51.49100000000001,Royal Borough of Kensington and Chelsea
1114,345.49260330675696,Entire home/apt,False,False,2.0,False,0,1,10.0,89.0,0,3.9350119094347935,0.3645471746323017,483.4347475377076,33.60408575755887,792.4043229089667,14.188660621974128,-0.071,51.511,London Borough of Tower Hamlets
1691,379.83019356052586,Entire home/apt,False,False,2.0,False,0,1,7.0,80.0,0,4.18501378287374,0.4344951605577924,352.03286570381954,24.470195137695693,724.2078143380202,12.96754522956369,-0.181,51.49100000000001,Royal Borough of Kensington and Chelsea
1762,195.2068487029328,Private room,False,True,2.0,False,0,1,9.0,92.0,1,2.097253926771624,0.1442579005868058,467.60029746027067,32.50341556155797,1058.18206268295,18.947632830359755,-0.138,51.526,London Borough of Camden
1792,353.95940638302875,Entire home/apt,False,False,2.0,False,0,1,8.0,77.0,0,4.184982355615324,0.4344912097016554,352.0384058762985,24.470580241232508,724.2188380462364,12.967742618258011,-0.181,51.49100000000001,Royal Borough of Kensington and Chelsea
1792,353.95940638302875,Entire home/apt,False,False,2.0,False,0,1,8.0,77.0,0,4.184982355615324,0.4344912097016554,352.0384058762985,24.470580241232508,724.2188380462364,12.967742618258011,-0.181,51.49100000000001,Royal Borough of Kensington and Chelsea
1113,335.14428843575814,Entire home/apt,False,False,2.0,False,0,1,9.0,92.0,0,3.935003107791964,0.364541716047097,483.4343982774293,33.604061480089364,792.410309638567,14.188767819363235,-0.071,51.511,London Borough of Tower Hamlets
1114,345.49260330675696,Entire home/apt,False,False,2.0,False,0,1,10.0,89.0,0,3.9350119094347935,0.3645471746323017,483.4347475377076,33.60408575755887,792.4043229089667,14.188660621974128,-0.071,51.511,London Borough of Tower Hamlets
1114,345.49260330675696,Entire home/apt,False,False,2.0,False,0,1,10.0,89.0,0,3.9350119094347935,0.3645471746323017,483.4347475377076,33.60408575755887,792.4043229089667,14.188660621974128,-0.071,51.511,London Borough of Tower Hamlets
1114,345.49260330675696,Entire home/apt,False,False,2.0,False,0,1,10.0,89.0,0,3.9350119094347935,0.3645471746323017,483.4347475377076,33.60408575755887,792.4043229089667,14.188660621974128,-0.071,51.511,London Borough of Tower Hamlets
1114,345.49260330675696,Entire home/apt,False,False,2.0,False,0,1,10.0,89.0,0,3.9350119094347935,0.3645471746323017,483.4347475377076,33.60408575755887,792.4043229089667,14.188660621974128,-0.071,51.511,London Borough of Tower Hamlets
1346,183.4473999858887,Private room,False,True,2.0,False,0,1,8.0,80.0,1,9.523276958098256,0.2875342530726114,117.4176352548939,8.161830122166506,299.0821537907685,5.355315532161475,-0.165,51.426,London Borough of Wandsworth
3903,334.43872151273547,Entire home/apt,False,False,2.0,False,0,1,10.0,95.0,0,3.935023151065557,0.3645583961197164,483.43061339090224,33.60379838842687,792.4034211174973,14.188644474645368,-0.071,51.511,London Borough of Tower Hamlets
1792,353.95940638302875,Entire home/apt,False,False,2.0,False,0,1,8.0,77.0,0,4.184982355615324,0.4344912097016554,352.0384058762985,24.470580241232508,724.2188380462364,12.967742618258011,-0.181,51.49100000000001,Royal Borough of Kensington and Chelsea
1518,272.5840212610833,Entire home/apt,False,False,5.0,False,0,0,8.0,80.0,2,9.47586111163291,0.0830646349481856,118.0985296703483,8.209159848557322,299.6419657282775,5.365339432036588,-0.1685,51.4271,London Borough of Wandsworth
1787,353.95940638302875,Entire home/apt,False,False,2.0,False,0,1,10.0,60.0,0,4.184994887606691,0.4344783274445184,352.0373149648103,24.47050441076441,724.2159801656397,12.967691445521176,-0.181,51.49100000000001,Royal Borough of Kensington and Chelsea
2454,333.73315458971285,Entire home/apt,False,False,2.0,False,0,1,9.0,100.0,0,3.935022497510558,0.3645646194700297,483.4234439615026,33.603300033433555,792.4143908651432,14.188840897130657,-0.071,51.511,London Borough of Tower Hamlets
3422,211.43488793245373,Private room,False,True,2.0,False,0,1,9.0,87.0,1,9.523264014836398,0.2875422931123659,117.41778820880803,8.161840754162808,299.07679778562715,5.355219628420112,-0.165,51.426,London Borough of Wandsworth
1793,353.95940638302875,Entire home/apt,False,False,2.0,False,0,1,9.0,91.0,0,4.185008774147673,0.4344725643734805,352.0354477526372,24.470374618774247,724.2119118495222,12.967618598926292,-0.181,51.49100000000001,Royal Borough of Kensington and Chelsea
953,231.6611397257697,Private room,False,True,2.0,False,0,1,9.0,90.0,1,1.1744896510258225,0.4020961566757449,1099.3961790983765,76.42024838331004,1507.8601205101863,26.999493688761586,-0.12544,51.5188,London Borough of Camden
1790,353.95940638302875,Entire home/apt,False,False,2.0,False,0,1,10.0,90.0,0,4.1850080894232,0.4344939125611116,352.0339105142033,24.47026776362487,724.2098672003963,12.96758198777754,-0.181,51.49100000000001,Royal Borough of Kensington and Chelsea
2454,333.73315458971285,Entire home/apt,False,False,2.0,False,0,1,9.0,100.0,0,3.935022497510558,0.3645646194700297,483.4234439615026,33.603300033433555,792.4143908651432,14.188840897130657,-0.071,51.511,London Borough of Tower Hamlets
4435,345.2574143324161,Entire home/apt,False,False,2.0,False,0,1,10.0,95.0,0,3.93501558805636,0.3645525812676384,483.4315251093895,33.603861762990626,792.4067813349408,14.18870464214262,-0.071,51.511,London Borough of Tower Hamlets
961,388.0618076624568,Private room,False,True,2.0,False,0,1,7.0,70.0,1,1.4266143257997663,0.1423307430766109,590.5420717502211,41.04923471805892,1527.5454471748717,27.351975889076392,-0.136,51.52,London Borough of Camden
3867,201.32176203579576,Private room,False,True,3.0,False,0,1,9.0,87.0,1,4.157653504486654,0.6259992801144247,354.24669098896715,24.624080589896355,892.4362334685092,15.979815451981375,-0.07105,51.52078,London Borough of Tower Hamlets
1793,353.95940638302875,Entire home/apt,False,False,2.0,False,0,1,9.0,91.0,0,4.185008774147673,0.4344725643734805,352.0354477526372,24.470374618774247,724.2119118495222,12.967618598926292,-0.181,51.49100000000001,Royal Borough of Kensington and Chelsea
1786,353.95940638302875,Entire home/apt,False,False,2.0,False,0,1,8.0,100.0,0,4.184998573668654,0.4344775990651961,352.0367573373497,24.47046564946083,724.2148145215643,12.967670573691336,-0.181,51.49100000000001,Royal Borough of Kensington and Chelsea
1740,195.2068487029328,Private room,False,True,2.0,False,0,1,9.0,94.0,1,2.180424946537028,0.5531866168274845,450.36145682126624,31.30512461920321,973.900400468146,17.438499339730004,-0.118,51.527,London Borough of Camden
961,388.0618076624568,Private room,False,True,2.0,False,0,1,7.0,70.0,1,1.4266143257997663,0.1423307430766109,590.5420717502211,41.04923471805892,1527.5454471748717,27.351975889076392,-0.136,51.52,London Borough of Camden
1124,319.62181612925986,Entire home/apt,False,False,2.0,False,0,1,10.0,93.0,0,3.9350203952685936,0.3645594358265034,483.42754153605495,33.60358486038766,792.4096601649953,14.18875618999698,-0.071,51.511,London Borough of Tower Hamlets
1762,195.2068487029328,Private room,False,True,2.0,False,0,1,9.0,92.0,1,2.097253926771624,0.1442579005868058,467.60029746027067,32.50341556155797,1058.18206268295,18.947632830359755,-0.138,51.526,London Borough of Camden
1131,345.49260330675696,Entire home/apt,False,False,2.0,False,0,1,10.0,92.0,0,3.935009188976384,0.3645452063342208,483.4349425450207,33.604099312733595,792.4057271945105,14.188685766878592,-0.071,51.511,London Borough of Tower Hamlets
2454,333.73315458971285,Entire home/apt,False,False,2.0,False,0,1,9.0,100.0,0,3.935022497510558,0.3645646194700297,483.4234439615026,33.603300033433555,792.4143908651432,14.188840897130657,-0.071,51.511,London Borough of Tower Hamlets
3682,640.1843881558832,Entire home/apt,False,False,6.0,False,0,1,9.0,85.0,2,3.264476179451884,0.828684456376804,316.05960630730874,21.9696539583611,578.2782682822644,10.35455493680158,-0.129,51.479,London Borough of Lambeth
3213,515.5342317552153,Entire home/apt,False,False,6.0,False,0,1,10.0,80.0,2,5.939746591201643,0.3776358931672204,206.78875370905067,14.374115738951192,489.5647289025837,8.76606498736319,-0.2,51.48,London Borough of Hammersmith and Fulham
1129,335.14428843575814,Entire home/apt,False,False,2.0,False,0,1,10.0,95.0,0,3.935016885207956,0.3645570019424634,483.42767938252274,33.60359444224861,792.4116400426728,14.188791641358902,-0.071,51.511,London Borough of Tower Hamlets
1787,353.95940638302875,Entire home/apt,False,False,2.0,False,0,1,10.0,60.0,0,4.184994887606691,0.4344783274445184,352.0373149648103,24.47050441076441,724.2159801656397,12.967691445521176,-0.181,51.49100000000001,Royal Borough of Kensington and Chelsea
1690,379.83019356052586,Entire home/apt,False,False,2.0,False,0,1,10.0,87.0,0,4.185024016230776,0.4344878866541066,352.03172392291725,24.47011577123817,724.205141441664,12.967497369124036,-0.181,51.49100000000001,Royal Borough of Kensington and Chelsea
1792,353.95940638302875,Entire home/apt,False,False,2.0,False,0,1,8.0,77.0,0,4.184982355615324,0.4344912097016554,352.0384058762985,24.470580241232508,724.2188380462364,12.967742618258011,-0.181,51.49100000000001,Royal Borough of Kensington and Chelsea
2629,322.2088948470096,Private room,False,True,2.0,False,0,1,8.0,71.0,1,1.4566498487384705,0.2002567038275333,575.9904056027515,40.03773225650532,1479.7322077282283,26.495839939116983,-0.1369999999999999,51.52,London Borough of Camden
1783,353.95940638302875,Entire home/apt,False,False,2.0,False,0,1,9.0,70.0,0,4.185012481931481,0.4344889899324827,352.033559676093,24.470243376478503,724.2089110809626,12.967564867661247,-0.181,51.49100000000001,Royal Borough of Kensington and Chelsea
4174,245.77247818622263,Private room,False,True,2.0,False,1,0,10.0,100.0,1,2.06520232321568,0.3944956444342884,495.304039317649,34.4291334002576,903.000854569441,16.168983808421665,-0.13839,51.49105,City of Westminster
1793,353.95940638302875,Entire home/apt,False,False,2.0,False,0,1,9.0,91.0,0,4.185008774147673,0.4344725643734805,352.0354477526372,24.470374618774247,724.2119118495222,12.967618598926292,-0.181,51.49100000000001,Royal Borough of Kensington and Chelsea
1124,319.62181612925986,Entire home/apt,False,False,2.0,False,0,1,10.0,93.0,0,3.9350203952685936,0.3645594358265034,483.42754153605495,33.60358486038766,792.4096601649953,14.18875618999698,-0.071,51.511,London Borough of Tower Hamlets
1128,345.49260330675696,Entire home/apt,False,False,2.0,False,0,1,10.0,90.0,0,3.935028691709733,0.3645633019430278,483.4292493844002,33.60370357482131,792.4019844804614,14.18861875046044,-0.071,51.511,London Borough of Tower Hamlets
3421,232.13151767445143,Private room,False,True,2.0,False,0,1,8.0,82.0,1,9.50450655110868,0.3414047381155742,117.62543862670536,8.176274765135654,286.47178917992704,5.129516431109452,-0.1639999999999999,51.426,London Borough of Wandsworth
4097,334.90909946141727,Entire home/apt,False,False,2.0,False,0,1,10.0,90.0,0,3.935027202296321,0.364566795907017,483.4244292089872,33.60336851907951,792.4100124122609,14.188762497278208,-0.071,51.511,London Borough of Tower Hamlets
1113,335.14428843575814,Entire home/apt,False,False,2.0,False,0,1,9.0,92.0,0,3.935003107791964,0.364541716047097,483.4343982774293,33.604061480089364,792.410309638567,14.188767819363235,-0.071,51.511,London Borough of Tower Hamlets
957,388.0618076624568,Private room,False,True,2.0,False,0,1,8.0,80.0,1,1.426597575947724,0.1423186405754901,590.5487087069413,41.04969606028541,1527.5302837477186,27.351704375260123,-0.136,51.52,London Borough of Camden
1792,353.95940638302875,Entire home/apt,False,False,2.0,False,0,1,8.0,77.0,0,4.184982355615324,0.4344912097016554,352.0384058762985,24.470580241232508,724.2188380462364,12.967742618258011,-0.181,51.49100000000001,Royal Borough of Kensington and Chelsea
2449,334.67391048707634,Entire home/apt,False,False,2.0,False,0,1,10.0,93.0,0,3.93503196214065,0.3645711329449925,483.42312529945735,33.60327788288117,792.4089731855695,14.188743889057116,-0.071,51.511,London Borough of Tower Hamlets
4097,334.90909946141727,Entire home/apt,False,False,2.0,False,0,1,10.0,90.0,0,3.935027202296321,0.364566795907017,483.4244292089872,33.60336851907951,792.4100124122609,14.188762497278208,-0.071,51.511,London Borough of Tower Hamlets
1346,183.4473999858887,Private room,False,True,2.0,False,0,1,8.0,80.0,1,9.523276958098256,0.2875342530726114,117.4176352548939,8.161830122166506,299.0821537907685,5.355315532161475,-0.165,51.426,London Borough of Wandsworth
1061,716.8559937910111,Entire home/apt,False,False,2.0,True,0,1,10.0,100.0,0,3.974118009374517,0.1573795940531053,411.6216480843144,28.612277525239577,814.5469412405357,14.585142680066872,-0.071,51.514,London Borough of Tower Hamlets
2616,322.2088948470096,Private room,False,True,2.0,False,0,1,9.0,84.0,1,1.4266218265235129,0.1423075064283409,590.5430117832034,41.04930006079465,1527.5228189960694,27.351570712652894,-0.136,51.52,London Borough of Camden
2454,333.73315458971285,Entire home/apt,False,False,2.0,False,0,1,9.0,100.0,0,3.935022497510558,0.3645646194700297,483.4234439615026,33.603300033433555,792.4143908651432,14.188840897130657,-0.071,51.511,London Borough of Tower Hamlets
2449,334.67391048707634,Entire home/apt,False,False,2.0,False,0,1,10.0,93.0,0,3.93503196214065,0.3645711329449925,483.42312529945735,33.60327788288117,792.4089731855695,14.188743889057116,-0.071,51.511,London Borough of Tower Hamlets
3903,334.43872151273547,Entire home/apt,False,False,2.0,False,0,1,10.0,95.0,0,3.935023151065557,0.3645583961197164,483.43061339090224,33.60379838842687,792.4034211174973,14.188644474645368,-0.071,51.511,London Borough of Tower Hamlets
1784,353.95940638302875,Entire home/apt,False,False,2.0,False,0,1,8.0,80.0,0,4.185009900870399,0.4345251757001291,352.03119059768704,24.4700786992096,724.205920831865,12.967511324755948,-0.181,51.49100000000001,Royal Borough of Kensington and Chelsea
960,388.0618076624568,Private room,False,True,2.0,False,0,1,9.0,82.0,1,1.4266149926433769,0.14231034412013,590.5446580850522,41.04941449706303,1527.5246131420804,27.351602838334344,-0.136,51.52,London Borough of Camden
1793,353.95940638302875,Entire home/apt,False,False,2.0,False,0,1,9.0,91.0,0,4.185008774147673,0.4344725643734805,352.0354477526372,24.470374618774247,724.2119118495222,12.967618598926292,-0.181,51.49100000000001,Royal Borough of Kensington and Chelsea
1233,133.1169594769397,Private room,False,True,3.0,False,0,1,7.0,76.0,1,5.172801486325587,0.3203874506403633,245.9283722821043,17.09475405828187,540.6389647067324,9.680591798235977,-0.06,51.528,London Borough of Tower Hamlets
958,388.0618076624568,Private room,False,True,2.0,False,0,1,8.0,76.0,1,1.4266133952065438,0.1423099738218652,590.5451840312672,41.04945105616806,1527.5239717823736,27.35159135425361,-0.136,51.52,London Borough of Camden
2080,413.9325948399539,Entire home/apt,False,False,3.0,False,0,0,10.0,95.0,2,6.552215324046319,1.285660907376183,199.46479657781424,13.865019351535317,415.958565522964,7.448085211527232,-0.0335,51.51345,London Borough of Tower Hamlets
4379,584.444601237094,Entire home/apt,False,False,4.0,False,0,1,8.0,87.0,2,3.838294214835504,0.1669262891986488,272.907753001647,18.97012075048396,513.9680151995739,9.20302619178691,-0.122,51.474,London Borough of Lambeth
2449,334.67391048707634,Entire home/apt,False,False,2.0,False,0,1,10.0,93.0,0,3.93503196214065,0.3645711329449925,483.42312529945735,33.60327788288117,792.4089731855695,14.188743889057116,-0.071,51.511,London Borough of Tower Hamlets
1690,379.83019356052586,Entire home/apt,False,False,2.0,False,0,1,10.0,87.0,0,4.185024016230776,0.4344878866541066,352.03172392291725,24.47011577123817,724.205141441664,12.967497369124036,-0.181,51.49100000000001,Royal Borough of Kensington and Chelsea
1128,345.49260330675696,Entire home/apt,False,False,2.0,False,0,1,10.0,90.0,0,3.935028691709733,0.3645633019430278,483.4292493844002,33.60370357482131,792.4019844804614,14.18861875046044,-0.071,51.511,London Borough of Tower Hamlets
1691,379.83019356052586,Entire home/apt,False,False,2.0,False,0,1,7.0,80.0,0,4.18501378287374,0.4344951605577924,352.03286570381954,24.470195137695693,724.2078143380202,12.96754522956369,-0.181,51.49100000000001,Royal Borough of Kensington and Chelsea
4435,345.2574143324161,Entire home/apt,False,False,2.0,False,0,1,10.0,95.0,0,3.93501558805636,0.3645525812676384,483.4315251093895,33.603861762990626,792.4067813349408,14.18870464214262,-0.071,51.511,London Borough of Tower Hamlets
1131,345.49260330675696,Entire home/apt,False,False,2.0,False,0,1,10.0,92.0,0,3.935009188976384,0.3645452063342208,483.4349425450207,33.604099312733595,792.4057271945105,14.188685766878592,-0.071,51.511,London Borough of Tower Hamlets
1787,353.95940638302875,Entire home/apt,False,False,2.0,False,0,1,10.0,60.0,0,4.184994887606691,0.4344783274445184,352.0373149648103,24.47050441076441,724.2159801656397,12.967691445521176,-0.181,51.49100000000001,Royal Borough of Kensington and Chelsea
1164,211.9052658811355,Private room,False,True,2.0,False,0,1,9.0,86.0,1,9.504499382662347,0.3413956465950518,117.625528333863,8.176281000779728,286.47155645293776,5.12951226393851,-0.1639999999999999,51.426,London Borough of Wandsworth
984,763.6585996848468,Entire home/apt,False,False,3.0,False,0,1,10.0,100.0,1,1.4266090019472444,0.1423307593729682,590.5436538196807,41.04934468946264,1527.5445842645636,27.35196043794727,-0.136,51.52,London Borough of Camden
1346,183.4473999858887,Private room,False,True,2.0,False,0,1,8.0,80.0,1,9.523276958098256,0.2875342530726114,117.4176352548939,8.161830122166506,299.0821537907685,5.355315532161475,-0.165,51.426,London Borough of Wandsworth
1792,353.95940638302875,Entire home/apt,False,False,2.0,False,0,1,8.0,77.0,0,4.184982355615324,0.4344912097016554,352.0384058762985,24.470580241232508,724.2188380462364,12.967742618258011,-0.181,51.49100000000001,Royal Borough of Kensington and Chelsea
3016,194.50128177991016,Private room,False,True,2.0,False,0,1,9.0,94.0,1,2.180417526531178,0.5531936441910389,450.36260952382304,31.305204744837063,973.9017948460456,17.43852430722983,-0.118,51.527,London Borough of Camden
1124,319.62181612925986,Entire home/apt,False,False,2.0,False,0,1,10.0,93.0,0,3.9350203952685936,0.3645594358265034,483.42754153605495,33.60358486038766,792.4096601649953,14.18875618999698,-0.071,51.511,London Borough of Tower Hamlets
984,763.6585996848468,Entire home/apt,False,False,3.0,False,0,1,10.0,100.0,1,1.4266090019472444,0.1423307593729682,590.5436538196807,41.04934468946264,1527.5445842645636,27.35196043794727,-0.136,51.52,London Borough of Camden
1787,353.95940638302875,Entire home/apt,False,False,2.0,False,0,1,10.0,60.0,0,4.184994887606691,0.4344783274445184,352.0373149648103,24.47050441076441,724.2159801656397,12.967691445521176,-0.181,51.49100000000001,Royal Borough of Kensington and Chelsea
4435,345.2574143324161,Entire home/apt,False,False,2.0,False,0,1,10.0,95.0,0,3.93501558805636,0.3645525812676384,483.4315251093895,33.603861762990626,792.4067813349408,14.18870464214262,-0.071,51.511,London Borough of Tower Hamlets
3903,334.43872151273547,Entire home/apt,False,False,2.0,False,0,1,10.0,95.0,0,3.935023151065557,0.3645583961197164,483.43061339090224,33.60379838842687,792.4034211174973,14.188644474645368,-0.071,51.511,London Borough of Tower Hamlets
4097,334.90909946141727,Entire home/apt,False,False,2.0,False,0,1,10.0,90.0,0,3.935027202296321,0.364566795907017,483.4244292089872,33.60336851907951,792.4100124122609,14.188762497278208,-0.071,51.511,London Borough of Tower Hamlets
1784,353.95940638302875,Entire home/apt,False,False,2.0,False,0,1,8.0,80.0,0,4.185009900870399,0.4345251757001291,352.03119059768704,24.4700786992096,724.205920831865,12.967511324755948,-0.181,51.49100000000001,Royal Borough of Kensington and Chelsea
1124,319.62181612925986,Entire home/apt,False,False,2.0,False,0,1,10.0,93.0,0,3.9350203952685936,0.3645594358265034,483.42754153605495,33.60358486038766,792.4096601649953,14.18875618999698,-0.071,51.511,London Borough of Tower Hamlets
1129,335.14428843575814,Entire home/apt,False,False,2.0,False,0,1,10.0,95.0,0,3.935016885207956,0.3645570019424634,483.42767938252274,33.60359444224861,792.4116400426728,14.188791641358902,-0.071,51.511,London Borough of Tower Hamlets
3170,199.6754392154096,Entire home/apt,False,False,2.0,False,0,1,8.0,100.0,0,6.029993596027253,0.3331784080445238,207.138381030762,14.398418722056595,478.0564349792555,8.559999381591894,-0.208,51.488,London Borough of Hammersmith and Fulham
1793,353.95940638302875,Entire home/apt,False,False,2.0,False,0,1,9.0,91.0,0,4.185008774147673,0.4344725643734805,352.0354477526372,24.470374618774247,724.2119118495222,12.967618598926292,-0.181,51.49100000000001,Royal Borough of Kensington and Chelsea
1785,353.95940638302875,Entire home/apt,False,False,2.0,False,0,1,7.0,80.0,0,4.1850076511958205,0.4344716568304266,352.0357049923405,24.47039249979148,724.2123870323104,12.967627107470634,-0.181,51.49100000000001,Royal Borough of Kensington and Chelsea
1129,335.14428843575814,Entire home/apt,False,False,2.0,False,0,1,10.0,95.0,0,3.935016885207956,0.3645570019424634,483.42767938252274,33.60359444224861,792.4116400426728,14.188791641358902,-0.071,51.511,London Borough of Tower Hamlets
1785,353.95940638302875,Entire home/apt,False,False,2.0,False,0,1,7.0,80.0,0,4.1850076511958205,0.4344716568304266,352.0357049923405,24.47039249979148,724.2123870323104,12.967627107470634,-0.181,51.49100000000001,Royal Borough of Kensington and Chelsea
1131,345.49260330675696,Entire home/apt,False,False,2.0,False,0,1,10.0,92.0,0,3.935009188976384,0.3645452063342208,483.4349425450207,33.604099312733595,792.4057271945105,14.188685766878592,-0.071,51.511,London Borough of Tower Hamlets
3028,251.1818245960629,Private room,False,True,2.0,False,1,0,7.0,87.0,1,1.3732941052899046,0.1325554648035009,569.7808172038282,39.6060968762614,1671.0718382478092,29.921935686563007,-0.143,51.516000000000005,City of Westminster
3313,695.9241750746725,Entire home/apt,False,False,2.0,False,0,1,10.0,100.0,1,1.7365855440397622,0.3776645687960932,541.1590294144415,37.616564646093806,1222.7203885230217,21.89382885322115,-0.119,51.523,London Borough of Camden
1053,238.2464310073144,Entire home/apt,False,False,2.0,False,0,1,9.0,94.0,0,4.157684541515545,0.2778257547500415,379.04871077580185,26.3480965074995,752.9057177788529,13.481405137583067,-0.06842,51.51438,London Borough of Tower Hamlets
2617,322.2088948470096,Private room,False,True,2.0,False,0,1,9.0,84.0,1,1.4266087184992553,0.1423170843671968,590.5456050615219,41.04948032244827,1527.5305044976649,27.351708327972112,-0.136,51.52,London Borough of Camden
4097,334.90909946141727,Entire home/apt,False,False,2.0,False,0,1,10.0,90.0,0,3.935027202296321,0.364566795907017,483.4244292089872,33.60336851907951,792.4100124122609,14.188762497278208,-0.071,51.511,London Borough of Tower Hamlets
1786,353.95940638302875,Entire home/apt,False,False,2.0,False,0,1,8.0,100.0,0,4.184998573668654,0.4344775990651961,352.0367573373497,24.47046564946083,724.2148145215643,12.967670573691336,-0.181,51.49100000000001,Royal Borough of Kensington and Chelsea
981,1001.6698417178204,Entire home/apt,False,False,4.0,False,0,1,9.0,90.0,2,1.4266038704263206,0.1423151120270535,590.5473171430174,41.04959933113288,1527.527689830579,27.35165792900925,-0.136,51.52,London Borough of Camden
2449,334.67391048707634,Entire home/apt,False,False,2.0,False,0,1,10.0,93.0,0,3.93503196214065,0.3645711329449925,483.42312529945735,33.60327788288117,792.4089731855695,14.188743889057116,-0.071,51.511,London Borough of Tower Hamlets
142,243.6557774171547,Entire home/apt,False,False,2.0,True,0,1,10.0,96.0,0,3.840179512552354,0.4925595622335419,322.8924341671015,22.444611405124284,920.8560233702387,16.488695505011798,-0.08,51.526,London Borough of Hackney
2616,322.2088948470096,Private room,False,True,2.0,False,0,1,9.0,84.0,1,1.4266218265235129,0.1423075064283409,590.5430117832034,41.04930006079465,1527.5228189960694,27.351570712652894,-0.136,51.52,London Borough of Camden
3214,515.5342317552153,Entire home/apt,False,False,6.0,False,0,1,10.0,80.0,2,5.9397627695905655,0.3776514874899074,206.78803787650767,14.374065980636786,489.5612789993029,8.766003213966183,-0.2,51.48,London Borough of Hammersmith and Fulham
984,763.6585996848468,Entire home/apt,False,False,3.0,False,0,1,10.0,100.0,1,1.4266090019472444,0.1423307593729682,590.5436538196807,41.04934468946264,1527.5445842645636,27.35196043794727,-0.136,51.52,London Borough of Camden
958,388.0618076624568,Private room,False,True,2.0,False,0,1,8.0,76.0,1,1.4266133952065438,0.1423099738218652,590.5451840312672,41.04945105616806,1527.5239717823736,27.35159135425361,-0.136,51.52,London Borough of Camden
2449,334.67391048707634,Entire home/apt,False,False,2.0,False,0,1,10.0,93.0,0,3.93503196214065,0.3645711329449925,483.42312529945735,33.60327788288117,792.4089731855695,14.188743889057116,-0.071,51.511,London Borough of Tower Hamlets
1787,353.95940638302875,Entire home/apt,False,False,2.0,False,0,1,10.0,60.0,0,4.184994887606691,0.4344783274445184,352.0373149648103,24.47050441076441,724.2159801656397,12.967691445521176,-0.181,51.49100000000001,Royal Borough of Kensington and Chelsea
1783,353.95940638302875,Entire home/apt,False,False,2.0,False,0,1,9.0,70.0,0,4.185012481931481,0.4344889899324827,352.033559676093,24.470243376478503,724.2089110809626,12.967564867661247,-0.181,51.49100000000001,Royal Borough of Kensington and Chelsea
1690,379.83019356052586,Entire home/apt,False,False,2.0,False,0,1,10.0,87.0,0,4.185024016230776,0.4344878866541066,352.03172392291725,24.47011577123817,724.205141441664,12.967497369124036,-0.181,51.49100000000001,Royal Borough of Kensington and Chelsea
1128,345.49260330675696,Entire home/apt,False,False,2.0,False,0,1,10.0,90.0,0,3.935028691709733,0.3645633019430278,483.4292493844002,33.60370357482131,792.4019844804614,14.18861875046044,-0.071,51.511,London Borough of Tower Hamlets
1361,400.2916343281827,Private room,False,True,3.0,False,1,0,9.0,88.0,1,0.4962831091232778,0.1535653451740995,927.7834168322756,64.49125484353185,3333.696465251614,59.69261700704267,-0.12808,51.51277,City of Westminster
1162,211.9052658811355,Private room,False,True,2.0,False,0,1,8.0,76.0,1,9.5045092666229,0.3413813473888904,117.6254134834474,8.176273017399893,286.4760688581928,5.1295930623199695,-0.1639999999999999,51.426,London Borough of Wandsworth
1129,335.14428843575814,Entire home/apt,False,False,2.0,False,0,1,10.0,95.0,0,3.935016885207956,0.3645570019424634,483.42767938252274,33.60359444224861,792.4116400426728,14.188791641358902,-0.071,51.511,London Borough of Tower Hamlets
960,388.0618076624568,Private room,False,True,2.0,False,0,1,9.0,82.0,1,1.4266149926433769,0.14231034412013,590.5446580850522,41.04941449706303,1527.5246131420804,27.351602838334344,-0.136,51.52,London Borough of Camden
2454,333.73315458971285,Entire home/apt,False,False,2.0,False,0,1,9.0,100.0,0,3.935022497510558,0.3645646194700297,483.4234439615026,33.603300033433555,792.4143908651432,14.188840897130657,-0.071,51.511,London Borough of Tower Hamlets
1131,345.49260330675696,Entire home/apt,False,False,2.0,False,0,1,10.0,92.0,0,3.935009188976384,0.3645452063342208,483.4349425450207,33.604099312733595,792.4057271945105,14.188685766878592,-0.071,51.511,London Borough of Tower Hamlets
1069,240.5983207507232,Entire home/apt,False,False,2.0,True,0,1,9.0,95.0,0,3.84018884542593,0.4925590303643716,322.8907916127281,22.44449722934709,920.8812155486625,16.489146591988035,-0.08,51.526,London Borough of Hackney
957,388.0618076624568,Private room,False,True,2.0,False,0,1,8.0,80.0,1,1.426597575947724,0.1423186405754901,590.5487087069413,41.04969606028541,1527.5302837477186,27.351704375260123,-0.136,51.52,London Borough of Camden
4323,227.66292716197464,Private room,False,True,2.0,False,0,1,8.0,86.0,1,9.523279652538989,0.2875551245595097,117.4175950830594,8.161827329777713,299.08615848024306,5.355387239468223,-0.165,51.426,London Borough of Wandsworth
1786,353.95940638302875,Entire home/apt,False,False,2.0,False,0,1,8.0,100.0,0,4.184998573668654,0.4344775990651961,352.0367573373497,24.47046564946083,724.2148145215643,12.967670573691336,-0.181,51.49100000000001,Royal Borough of Kensington and Chelsea
1792,353.95940638302875,Entire home/apt,False,False,2.0,False,0,1,8.0,77.0,0,4.184982355615324,0.4344912097016554,352.0384058762985,24.470580241232508,724.2188380462364,12.967742618258011,-0.181,51.49100000000001,Royal Borough of Kensington and Chelsea
1124,319.62181612925986,Entire home/apt,False,False,2.0,False,0,1,10.0,93.0,0,3.9350203952685936,0.3645594358265034,483.42754153605495,33.60358486038766,792.4096601649953,14.18875618999698,-0.071,51.511,London Borough of Tower Hamlets
2454,333.73315458971285,Entire home/apt,False,False,2.0,False,0,1,9.0,100.0,0,3.935022497510558,0.3645646194700297,483.4234439615026,33.603300033433555,792.4143908651432,14.188840897130657,-0.071,51.511,London Borough of Tower Hamlets
4097,334.90909946141727,Entire home/apt,False,False,2.0,False,0,1,10.0,90.0,0,3.935027202296321,0.364566795907017,483.4244292089872,33.60336851907951,792.4100124122609,14.188762497278208,-0.071,51.511,London Borough of Tower Hamlets
1790,353.95940638302875,Entire home/apt,False,False,2.0,False,0,1,10.0,90.0,0,4.1850080894232,0.4344939125611116,352.0339105142033,24.47026776362487,724.2098672003963,12.96758198777754,-0.181,51.49100000000001,Royal Borough of Kensington and Chelsea
1164,211.9052658811355,Private room,False,True,2.0,False,0,1,9.0,86.0,1,9.504499382662347,0.3413956465950518,117.625528333863,8.176281000779728,286.47155645293776,5.12951226393851,-0.1639999999999999,51.426,London Borough of Wandsworth
4322,227.66292716197464,Private room,False,True,2.0,False,0,1,8.0,83.0,1,9.52329071037749,0.2875444771896031,117.4174658064196,8.161818343615026,299.0902537436342,5.355460568576527,-0.165,51.426,London Borough of Wandsworth
2454,333.73315458971285,Entire home/apt,False,False,2.0,False,0,1,9.0,100.0,0,3.935022497510558,0.3645646194700297,483.4234439615026,33.603300033433555,792.4143908651432,14.188840897130657,-0.071,51.511,London Borough of Tower Hamlets
3418,240.8335097250641,Private room,False,True,2.0,False,0,0,10.0,100.0,1,5.942919019689694,2.5135138161785613,201.1227135990785,13.98026300343507,385.0849560234638,6.8952674710136055,-0.0598799999999999,51.47561,London Borough of Southwark
4435,345.2574143324161,Entire home/apt,False,False,2.0,False,0,1,10.0,95.0,0,3.93501558805636,0.3645525812676384,483.4315251093895,33.603861762990626,792.4067813349408,14.18870464214262,-0.071,51.511,London Borough of Tower Hamlets
2454,333.73315458971285,Entire home/apt,False,False,2.0,False,0,1,9.0,100.0,0,3.935022497510558,0.3645646194700297,483.4234439615026,33.603300033433555,792.4143908651432,14.188840897130657,-0.071,51.511,London Borough of Tower Hamlets
2454,333.73315458971285,Entire home/apt,False,False,2.0,False,0,1,9.0,100.0,0,3.935022497510558,0.3645646194700297,483.4234439615026,33.603300033433555,792.4143908651432,14.188840897130657,-0.071,51.511,London Borough of Tower Hamlets
1786,353.95940638302875,Entire home/apt,False,False,2.0,False,0,1,8.0,100.0,0,4.184998573668654,0.4344775990651961,352.0367573373497,24.47046564946083,724.2148145215643,12.967670573691336,-0.181,51.49100000000001,Royal Borough of Kensington and Chelsea
3465,232.13151767445143,Private room,False,True,2.0,False,0,0,6.0,60.0,1,5.814889969535754,0.2337090942489533,212.27350343282805,14.755366778549222,512.132729688926,9.170163873268235,-0.19787,51.48,London Borough of Hammersmith and Fulham
1338,161.57482537218655,Private room,False,True,2.0,False,0,0,10.0,98.0,1,5.815516455314591,0.7092575238816095,189.01327155919603,13.138522249678722,387.197817153098,6.93310001261268,-0.10916,51.45733,London Borough of Lambeth
1786,353.95940638302875,Entire home/apt,False,False,2.0,False,0,1,8.0,100.0,0,4.184998573668654,0.4344775990651961,352.0367573373497,24.47046564946083,724.2148145215643,12.967670573691336,-0.181,51.49100000000001,Royal Borough of Kensington and Chelsea
1786,353.95940638302875,Entire home/apt,False,False,2.0,False,0,1,8.0,100.0,0,4.184998573668654,0.4344775990651961,352.0367573373497,24.47046564946083,724.2148145215643,12.967670573691336,-0.181,51.49100000000001,Royal Borough of Kensington and Chelsea
4435,345.2574143324161,Entire home/apt,False,False,2.0,False,0,1,10.0,95.0,0,3.93501558805636,0.3645525812676384,483.4315251093895,33.603861762990626,792.4067813349408,14.18870464214262,-0.071,51.511,London Borough of Tower Hamlets
1790,353.95940638302875,Entire home/apt,False,False,2.0,False,0,1,10.0,90.0,0,4.1850080894232,0.4344939125611116,352.0339105142033,24.47026776362487,724.2098672003963,12.96758198777754,-0.181,51.49100000000001,Royal Borough of Kensington and Chelsea
957,388.0618076624568,Private room,False,True,2.0,False,0,1,8.0,80.0,1,1.426597575947724,0.1423186405754901,590.5487087069413,41.04969606028541,1527.5302837477186,27.351704375260123,-0.136,51.52,London Borough of Camden
1690,379.83019356052586,Entire home/apt,False,False,2.0,False,0,1,10.0,87.0,0,4.185024016230776,0.4344878866541066,352.03172392291725,24.47011577123817,724.205141441664,12.967497369124036,-0.181,51.49100000000001,Royal Borough of Kensington and Chelsea
1790,353.95940638302875,Entire home/apt,False,False,2.0,False,0,1,10.0,90.0,0,4.1850080894232,0.4344939125611116,352.0339105142033,24.47026776362487,724.2098672003963,12.96758198777754,-0.181,51.49100000000001,Royal Borough of Kensington and Chelsea
1790,353.95940638302875,Entire home/apt,False,False,2.0,False,0,1,10.0,90.0,0,4.1850080894232,0.4344939125611116,352.0339105142033,24.47026776362487,724.2098672003963,12.96758198777754,-0.181,51.49100000000001,Royal Borough of Kensington and Chelsea
2449,334.67391048707634,Entire home/apt,False,False,2.0,False,0,1,10.0,93.0,0,3.93503196214065,0.3645711329449925,483.42312529945735,33.60327788288117,792.4089731855695,14.188743889057116,-0.071,51.511,London Borough of Tower Hamlets
4097,334.90909946141727,Entire home/apt,False,False,2.0,False,0,1,10.0,90.0,0,3.935027202296321,0.364566795907017,483.4244292089872,33.60336851907951,792.4100124122609,14.188762497278208,-0.071,51.511,London Borough of Tower Hamlets
2617,322.2088948470096,Private room,False,True,2.0,False,0,1,9.0,84.0,1,1.4266087184992553,0.1423170843671968,590.5456050615219,41.04948032244827,1527.5305044976649,27.351708327972112,-0.136,51.52,London Borough of Camden
1690,379.83019356052586,Entire home/apt,False,False,2.0,False,0,1,10.0,87.0,0,4.185024016230776,0.4344878866541066,352.03172392291725,24.47011577123817,724.205141441664,12.967497369124036,-0.181,51.49100000000001,Royal Borough of Kensington and Chelsea
1792,353.95940638302875,Entire home/apt,False,False,2.0,False,0,1,8.0,77.0,0,4.184982355615324,0.4344912097016554,352.0384058762985,24.470580241232508,724.2188380462364,12.967742618258011,-0.181,51.49100000000001,Royal Borough of Kensington and Chelsea
1114,345.49260330675696,Entire home/apt,False,False,2.0,False,0,1,10.0,89.0,0,3.9350119094347935,0.3645471746323017,483.4347475377076,33.60408575755887,792.4043229089667,14.188660621974128,-0.071,51.511,London Borough of Tower Hamlets
1129,335.14428843575814,Entire home/apt,False,False,2.0,False,0,1,10.0,95.0,0,3.935016885207956,0.3645570019424634,483.42767938252274,33.60359444224861,792.4116400426728,14.188791641358902,-0.071,51.511,London Borough of Tower Hamlets
1113,335.14428843575814,Entire home/apt,False,False,2.0,False,0,1,9.0,92.0,0,3.935003107791964,0.364541716047097,483.4343982774293,33.604061480089364,792.410309638567,14.188767819363235,-0.071,51.511,London Borough of Tower Hamlets
1129,335.14428843575814,Entire home/apt,False,False,2.0,False,0,1,10.0,95.0,0,3.935016885207956,0.3645570019424634,483.42767938252274,33.60359444224861,792.4116400426728,14.188791641358902,-0.071,51.511,London Borough of Tower Hamlets
1113,335.14428843575814,Entire home/apt,False,False,2.0,False,0,1,9.0,92.0,0,3.935003107791964,0.364541716047097,483.4343982774293,33.604061480089364,792.410309638567,14.188767819363235,-0.071,51.511,London Borough of Tower Hamlets
984,763.6585996848468,Entire home/apt,False,False,3.0,False,0,1,10.0,100.0,1,1.4266090019472444,0.1423307593729682,590.5436538196807,41.04934468946264,1527.5445842645636,27.35196043794727,-0.136,51.52,London Borough of Camden
1164,211.9052658811355,Private room,False,True,2.0,False,0,1,9.0,86.0,1,9.504499382662347,0.3413956465950518,117.625528333863,8.176281000779728,286.47155645293776,5.12951226393851,-0.1639999999999999,51.426,London Borough of Wandsworth
1790,353.95940638302875,Entire home/apt,False,False,2.0,False,0,1,10.0,90.0,0,4.1850080894232,0.4344939125611116,352.0339105142033,24.47026776362487,724.2098672003963,12.96758198777754,-0.181,51.49100000000001,Royal Borough of Kensington and Chelsea
1113,335.14428843575814,Entire home/apt,False,False,2.0,False,0,1,9.0,92.0,0,3.935003107791964,0.364541716047097,483.4343982774293,33.604061480089364,792.410309638567,14.188767819363235,-0.071,51.511,London Borough of Tower Hamlets
4435,345.2574143324161,Entire home/apt,False,False,2.0,False,0,1,10.0,95.0,0,3.93501558805636,0.3645525812676384,483.4315251093895,33.603861762990626,792.4067813349408,14.18870464214262,-0.071,51.511,London Borough of Tower Hamlets
4323,227.66292716197464,Private room,False,True,2.0,False,0,1,8.0,86.0,1,9.523279652538989,0.2875551245595097,117.4175950830594,8.161827329777713,299.08615848024306,5.355387239468223,-0.165,51.426,London Borough of Wandsworth
1790,353.95940638302875,Entire home/apt,False,False,2.0,False,0,1,10.0,90.0,0,4.1850080894232,0.4344939125611116,352.0339105142033,24.47026776362487,724.2098672003963,12.96758198777754,-0.181,51.49100000000001,Royal Borough of Kensington and Chelsea
1792,353.95940638302875,Entire home/apt,False,False,2.0,False,0,1,8.0,77.0,0,4.184982355615324,0.4344912097016554,352.0384058762985,24.470580241232508,724.2188380462364,12.967742618258011,-0.181,51.49100000000001,Royal Borough of Kensington and Chelsea
1128,345.49260330675696,Entire home/apt,False,False,2.0,False,0,1,10.0,90.0,0,3.935028691709733,0.3645633019430278,483.4292493844002,33.60370357482131,792.4019844804614,14.18861875046044,-0.071,51.511,London Borough of Tower Hamlets
1166,211.9052658811355,Private room,False,True,2.0,False,0,1,8.0,80.0,1,9.504501894440123,0.3414126680723994,117.62549234372166,8.176278499065067,286.4694771985963,5.129475033154496,-0.1639999999999999,51.426,London Borough of Wandsworth
1129,335.14428843575814,Entire home/apt,False,False,2.0,False,0,1,10.0,95.0,0,3.935016885207956,0.3645570019424634,483.42767938252274,33.60359444224861,792.4116400426728,14.188791641358902,-0.071,51.511,London Borough of Tower Hamlets
1785,353.95940638302875,Entire home/apt,False,False,2.0,False,0,1,7.0,80.0,0,4.1850076511958205,0.4344716568304266,352.0357049923405,24.47039249979148,724.2123870323104,12.967627107470634,-0.181,51.49100000000001,Royal Borough of Kensington and Chelsea
1784,353.95940638302875,Entire home/apt,False,False,2.0,False,0,1,8.0,80.0,0,4.185009900870399,0.4345251757001291,352.03119059768704,24.4700786992096,724.205920831865,12.967511324755948,-0.181,51.49100000000001,Royal Borough of Kensington and Chelsea
4435,345.2574143324161,Entire home/apt,False,False,2.0,False,0,1,10.0,95.0,0,3.93501558805636,0.3645525812676384,483.4315251093895,33.603861762990626,792.4067813349408,14.18870464214262,-0.071,51.511,London Borough of Tower Hamlets
1790,353.95940638302875,Entire home/apt,False,False,2.0,False,0,1,10.0,90.0,0,4.1850080894232,0.4344939125611116,352.0339105142033,24.47026776362487,724.2098672003963,12.96758198777754,-0.181,51.49100000000001,Royal Borough of Kensington and Chelsea
1128,345.49260330675696,Entire home/apt,False,False,2.0,False,0,1,10.0,90.0,0,3.935028691709733,0.3645633019430278,483.4292493844002,33.60370357482131,792.4019844804614,14.18861875046044,-0.071,51.511,London Borough of Tower Hamlets
3903,334.43872151273547,Entire home/apt,False,False,2.0,False,0,1,10.0,95.0,0,3.935023151065557,0.3645583961197164,483.43061339090224,33.60379838842687,792.4034211174973,14.188644474645368,-0.071,51.511,London Borough of Tower Hamlets
1785,353.95940638302875,Entire home/apt,False,False,2.0,False,0,1,7.0,80.0,0,4.1850076511958205,0.4344716568304266,352.0357049923405,24.47039249979148,724.2123870323104,12.967627107470634,-0.181,51.49100000000001,Royal Borough of Kensington and Chelsea
1691,379.83019356052586,Entire home/apt,False,False,2.0,False,0,1,7.0,80.0,0,4.18501378287374,0.4344951605577924,352.03286570381954,24.470195137695693,724.2078143380202,12.96754522956369,-0.181,51.49100000000001,Royal Borough of Kensington and Chelsea
1793,353.95940638302875,Entire home/apt,False,False,2.0,False,0,1,9.0,91.0,0,4.185008774147673,0.4344725643734805,352.0354477526372,24.470374618774247,724.2119118495222,12.967618598926292,-0.181,51.49100000000001,Royal Borough of Kensington and Chelsea
2449,334.67391048707634,Entire home/apt,False,False,2.0,False,0,1,10.0,93.0,0,3.93503196214065,0.3645711329449925,483.42312529945735,33.60327788288117,792.4089731855695,14.188743889057116,-0.071,51.511,London Borough of Tower Hamlets
1787,353.95940638302875,Entire home/apt,False,False,2.0,False,0,1,10.0,60.0,0,4.184994887606691,0.4344783274445184,352.0373149648103,24.47050441076441,724.2159801656397,12.967691445521176,-0.181,51.49100000000001,Royal Borough of Kensington and Chelsea
1783,353.95940638302875,Entire home/apt,False,False,2.0,False,0,1,9.0,70.0,0,4.185012481931481,0.4344889899324827,352.033559676093,24.470243376478503,724.2089110809626,12.967564867661247,-0.181,51.49100000000001,Royal Borough of Kensington and Chelsea
1787,353.95940638302875,Entire home/apt,False,False,2.0,False,0,1,10.0,60.0,0,4.184994887606691,0.4344783274445184,352.0373149648103,24.47050441076441,724.2159801656397,12.967691445521176,-0.181,51.49100000000001,Royal Borough of Kensington and Chelsea
4097,334.90909946141727,Entire home/apt,False,False,2.0,False,0,1,10.0,90.0,0,3.935027202296321,0.364566795907017,483.4244292089872,33.60336851907951,792.4100124122609,14.188762497278208,-0.071,51.511,London Borough of Tower Hamlets
1128,345.49260330675696,Entire home/apt,False,False,2.0,False,0,1,10.0,90.0,0,3.935028691709733,0.3645633019430278,483.4292493844002,33.60370357482131,792.4019844804614,14.18861875046044,-0.071,51.511,London Borough of Tower Hamlets
958,388.0618076624568,Private room,False,True,2.0,False,0,1,8.0,76.0,1,1.4266133952065438,0.1423099738218652,590.5451840312672,41.04945105616806,1527.5239717823736,27.35159135425361,-0.136,51.52,London Borough of Camden
1786,353.95940638302875,Entire home/apt,False,False,2.0,False,0,1,8.0,100.0,0,4.184998573668654,0.4344775990651961,352.0367573373497,24.47046564946083,724.2148145215643,12.967670573691336,-0.181,51.49100000000001,Royal Borough of Kensington and Chelsea
1131,345.49260330675696,Entire home/apt,False,False,2.0,False,0,1,10.0,92.0,0,3.935009188976384,0.3645452063342208,483.4349425450207,33.604099312733595,792.4057271945105,14.188685766878592,-0.071,51.511,London Borough of Tower Hamlets
1114,345.49260330675696,Entire home/apt,False,False,2.0,False,0,1,10.0,89.0,0,3.9350119094347935,0.3645471746323017,483.4347475377076,33.60408575755887,792.4043229089667,14.188660621974128,-0.071,51.511,London Borough of Tower Hamlets
3903,334.43872151273547,Entire home/apt,False,False,2.0,False,0,1,10.0,95.0,0,3.935023151065557,0.3645583961197164,483.43061339090224,33.60379838842687,792.4034211174973,14.188644474645368,-0.071,51.511,London Borough of Tower Hamlets
1131,345.49260330675696,Entire home/apt,False,False,2.0,False,0,1,10.0,92.0,0,3.935009188976384,0.3645452063342208,483.4349425450207,33.604099312733595,792.4057271945105,14.188685766878592,-0.071,51.511,London Borough of Tower Hamlets
3098,186.97523460100192,Private room,False,True,2.0,False,0,1,9.0,86.0,1,2.180419318958253,0.5531922567402214,450.3623236149906,31.30518487099685,973.9014337376688,17.43851784128302,-0.118,51.527,London Borough of Camden
1792,353.95940638302875,Entire home/apt,False,False,2.0,False,0,1,8.0,77.0,0,4.184982355615324,0.4344912097016554,352.0384058762985,24.470580241232508,724.2188380462364,12.967742618258011,-0.181,51.49100000000001,Royal Borough of Kensington and Chelsea
1114,345.49260330675696,Entire home/apt,False,False,2.0,False,0,1,10.0,89.0,0,3.9350119094347935,0.3645471746323017,483.4347475377076,33.60408575755887,792.4043229089667,14.188660621974128,-0.071,51.511,London Borough of Tower Hamlets
958,388.0618076624568,Private room,False,True,2.0,False,0,1,8.0,76.0,1,1.4266133952065438,0.1423099738218652,590.5451840312672,41.04945105616806,1527.5239717823736,27.35159135425361,-0.136,51.52,London Borough of Camden
1167,211.9052658811355,Private room,False,True,2.0,False,0,1,8.0,82.0,1,9.504490407326903,0.3413819230524423,117.62564142403738,8.176288861803243,286.4716302369913,5.129513585103558,-0.1639999999999999,51.426,London Borough of Wandsworth
1129,335.14428843575814,Entire home/apt,False,False,2.0,False,0,1,10.0,95.0,0,3.935016885207956,0.3645570019424634,483.42767938252274,33.60359444224861,792.4116400426728,14.188791641358902,-0.071,51.511,London Borough of Tower Hamlets
984,763.6585996848468,Entire home/apt,False,False,3.0,False,0,1,10.0,100.0,1,1.4266090019472444,0.1423307593729682,590.5436538196807,41.04934468946264,1527.5445842645636,27.35196043794727,-0.136,51.52,London Borough of Camden
1128,345.49260330675696,Entire home/apt,False,False,2.0,False,0,1,10.0,90.0,0,3.935028691709733,0.3645633019430278,483.4292493844002,33.60370357482131,792.4019844804614,14.18861875046044,-0.071,51.511,London Borough of Tower Hamlets
977,716.8559937910111,Entire home/apt,False,False,2.0,False,0,1,9.0,100.0,1,1.4265966104828671,0.1423359225908261,590.5466365978081,41.04955202568019,1527.5478420426512,27.35201877118238,-0.136,51.52,London Borough of Camden
961,388.0618076624568,Private room,False,True,2.0,False,0,1,7.0,70.0,1,1.4266143257997663,0.1423307430766109,590.5420717502211,41.04923471805892,1527.5454471748717,27.351975889076392,-0.136,51.52,London Borough of Camden
2657,320.7977610009643,Entire home/apt,False,False,2.0,False,0,1,9.0,76.0,0,4.62188181265515,0.4505882734305215,302.56818901692617,21.031850571396937,676.2714165838565,12.109204027338915,-0.1900599999999999,51.49413,Royal Borough of Kensington and Chelsea
958,388.0618076624568,Private room,False,True,2.0,False,0,1,8.0,76.0,1,1.4266133952065438,0.1423099738218652,590.5451840312672,41.04945105616806,1527.5239717823736,27.35159135425361,-0.136,51.52,London Borough of Camden
1793,353.95940638302875,Entire home/apt,False,False,2.0,False,0,1,9.0,91.0,0,4.185008774147673,0.4344725643734805,352.0354477526372,24.470374618774247,724.2119118495222,12.967618598926292,-0.181,51.49100000000001,Royal Borough of Kensington and Chelsea
1131,345.49260330675696,Entire home/apt,False,False,2.0,False,0,1,10.0,92.0,0,3.935009188976384,0.3645452063342208,483.4349425450207,33.604099312733595,792.4057271945105,14.188685766878592,-0.071,51.511,London Borough of Tower Hamlets
981,1001.6698417178204,Entire home/apt,False,False,4.0,False,0,1,9.0,90.0,2,1.4266038704263206,0.1423151120270535,590.5473171430174,41.04959933113288,1527.527689830579,27.35165792900925,-0.136,51.52,London Borough of Camden
1114,345.49260330675696,Entire home/apt,False,False,2.0,False,0,1,10.0,89.0,0,3.9350119094347935,0.3645471746323017,483.4347475377076,33.60408575755887,792.4043229089667,14.188660621974128,-0.071,51.511,London Borough of Tower Hamlets
1690,379.83019356052586,Entire home/apt,False,False,2.0,False,0,1,10.0,87.0,0,4.185024016230776,0.4344878866541066,352.03172392291725,24.47011577123817,724.205141441664,12.967497369124036,-0.181,51.49100000000001,Royal Borough of Kensington and Chelsea
1114,345.49260330675696,Entire home/apt,False,False,2.0,False,0,1,10.0,89.0,0,3.9350119094347935,0.3645471746323017,483.4347475377076,33.60408575755887,792.4043229089667,14.188660621974128,-0.071,51.511,London Borough of Tower Hamlets
3903,334.43872151273547,Entire home/apt,False,False,2.0,False,0,1,10.0,95.0,0,3.935023151065557,0.3645583961197164,483.43061339090224,33.60379838842687,792.4034211174973,14.188644474645368,-0.071,51.511,London Borough of Tower Hamlets
981,1001.6698417178204,Entire home/apt,False,False,4.0,False,0,1,9.0,90.0,2,1.4266038704263206,0.1423151120270535,590.5473171430174,41.04959933113288,1527.527689830579,27.35165792900925,-0.136,51.52,London Borough of Camden
4323,227.66292716197464,Private room,False,True,2.0,False,0,1,8.0,86.0,1,9.523279652538989,0.2875551245595097,117.4175950830594,8.161827329777713,299.08615848024306,5.355387239468223,-0.165,51.426,London Borough of Wandsworth
1792,353.95940638302875,Entire home/apt,False,False,2.0,False,0,1,8.0,77.0,0,4.184982355615324,0.4344912097016554,352.0384058762985,24.470580241232508,724.2188380462364,12.967742618258011,-0.181,51.49100000000001,Royal Borough of Kensington and Chelsea
3047,167.45454973070864,Private room,False,True,2.0,False,1,0,10.0,98.0,1,6.263644567350695,0.5713681885235365,182.2618802393621,12.6692255471763,402.86914966449314,7.213708298142995,-0.09938,51.56182,London Borough of Hackney
2449,334.67391048707634,Entire home/apt,False,False,2.0,False,0,1,10.0,93.0,0,3.93503196214065,0.3645711329449925,483.42312529945735,33.60327788288117,792.4089731855695,14.188743889057116,-0.071,51.511,London Borough of Tower Hamlets
1784,353.95940638302875,Entire home/apt,False,False,2.0,False,0,1,8.0,80.0,0,4.185009900870399,0.4345251757001291,352.03119059768704,24.4700786992096,724.205920831865,12.967511324755948,-0.181,51.49100000000001,Royal Borough of Kensington and Chelsea
1690,379.83019356052586,Entire home/apt,False,False,2.0,False,0,1,10.0,87.0,0,4.185024016230776,0.4344878866541066,352.03172392291725,24.47011577123817,724.205141441664,12.967497369124036,-0.181,51.49100000000001,Royal Borough of Kensington and Chelsea
958,388.0618076624568,Private room,False,True,2.0,False,0,1,8.0,76.0,1,1.4266133952065438,0.1423099738218652,590.5451840312672,41.04945105616806,1527.5239717823736,27.35159135425361,-0.136,51.52,London Borough of Camden
1783,353.95940638302875,Entire home/apt,False,False,2.0,False,0,1,9.0,70.0,0,4.185012481931481,0.4344889899324827,352.033559676093,24.470243376478503,724.2089110809626,12.967564867661247,-0.181,51.49100000000001,Royal Borough of Kensington and Chelsea
1113,335.14428843575814,Entire home/apt,False,False,2.0,False,0,1,9.0,92.0,0,3.935003107791964,0.364541716047097,483.4343982774293,33.604061480089364,792.410309638567,14.188767819363235,-0.071,51.511,London Borough of Tower Hamlets
4435,345.2574143324161,Entire home/apt,False,False,2.0,False,0,1,10.0,95.0,0,3.93501558805636,0.3645525812676384,483.4315251093895,33.603861762990626,792.4067813349408,14.18870464214262,-0.071,51.511,London Borough of Tower Hamlets
4097,334.90909946141727,Entire home/apt,False,False,2.0,False,0,1,10.0,90.0,0,3.935027202296321,0.364566795907017,483.4244292089872,33.60336851907951,792.4100124122609,14.188762497278208,-0.071,51.511,London Borough of Tower Hamlets
2449,334.67391048707634,Entire home/apt,False,False,2.0,False,0,1,10.0,93.0,0,3.93503196214065,0.3645711329449925,483.42312529945735,33.60327788288117,792.4089731855695,14.188743889057116,-0.071,51.511,London Borough of Tower Hamlets
1786,353.95940638302875,Entire home/apt,False,False,2.0,False,0,1,8.0,100.0,0,4.184998573668654,0.4344775990651961,352.0367573373497,24.47046564946083,724.2148145215643,12.967670573691336,-0.181,51.49100000000001,Royal Borough of Kensington and Chelsea
958,388.0618076624568,Private room,False,True,2.0,False,0,1,8.0,76.0,1,1.4266133952065438,0.1423099738218652,590.5451840312672,41.04945105616806,1527.5239717823736,27.35159135425361,-0.136,51.52,London Borough of Camden
4321,227.66292716197464,Private room,False,True,2.0,False,0,1,8.0,77.0,1,9.5232931838848,0.2875573137571739,117.41743126544029,8.161815942633224,299.09312225443887,5.355511931656108,-0.165,51.426,London Borough of Wandsworth
1788,353.95940638302875,Entire home/apt,False,False,2.0,False,0,1,9.0,80.0,0,4.185031916992533,0.4344974168096186,352.02967093427617,24.46997306571957,724.2014619309941,12.967431484415137,-0.181,51.49100000000001,Royal Borough of Kensington and Chelsea
2022,359.3687527928691,Entire home/apt,False,False,2.0,False,1,0,8.0,84.0,1,8.379086790899605,0.914559803940834,163.5393945397577,11.36780479029307,341.2406754986691,6.110199042440167,-0.00685,51.50731,London Borough of Tower Hamlets
1347,183.4473999858887,Private room,False,True,2.0,False,0,1,7.0,76.0,1,9.523273799541748,0.287538712097689,117.41767165760656,8.16183265255946,299.0811669371804,5.355297861724503,-0.165,51.426,London Borough of Wandsworth
1128,345.49260330675696,Entire home/apt,False,False,2.0,False,0,1,10.0,90.0,0,3.935028691709733,0.3645633019430278,483.4292493844002,33.60370357482131,792.4019844804614,14.18861875046044,-0.071,51.511,London Borough of Tower Hamlets
1113,335.14428843575814,Entire home/apt,False,False,2.0,False,0,1,9.0,92.0,0,3.935003107791964,0.364541716047097,483.4343982774293,33.604061480089364,792.410309638567,14.188767819363235,-0.071,51.511,London Borough of Tower Hamlets
4380,584.444601237094,Entire home/apt,False,False,5.0,False,0,1,8.0,60.0,2,3.838301183617757,0.1669186395099546,272.9073015006934,18.97008936615165,513.9675195260401,9.203017316338672,-0.122,51.474,London Borough of Lambeth
3903,334.43872151273547,Entire home/apt,False,False,2.0,False,0,1,10.0,95.0,0,3.935023151065557,0.3645583961197164,483.43061339090224,33.60379838842687,792.4034211174973,14.188644474645368,-0.071,51.511,London Borough of Tower Hamlets
4097,334.90909946141727,Entire home/apt,False,False,2.0,False,0,1,10.0,90.0,0,3.935027202296321,0.364566795907017,483.4244292089872,33.60336851907951,792.4100124122609,14.188762497278208,-0.071,51.511,London Borough of Tower Hamlets
1690,379.83019356052586,Entire home/apt,False,False,2.0,False,0,1,10.0,87.0,0,4.185024016230776,0.4344878866541066,352.03172392291725,24.47011577123817,724.205141441664,12.967497369124036,-0.181,51.49100000000001,Royal Borough of Kensington and Chelsea
1786,353.95940638302875,Entire home/apt,False,False,2.0,False,0,1,8.0,100.0,0,4.184998573668654,0.4344775990651961,352.0367573373497,24.47046564946083,724.2148145215643,12.967670573691336,-0.181,51.49100000000001,Royal Borough of Kensington and Chelsea
2454,333.73315458971285,Entire home/apt,False,False,2.0,False,0,1,9.0,100.0,0,3.935022497510558,0.3645646194700297,483.4234439615026,33.603300033433555,792.4143908651432,14.188840897130657,-0.071,51.511,London Borough of Tower Hamlets
1234,184.85853383193395,Private room,False,True,4.0,False,0,1,7.0,74.0,1,5.172783939298035,0.3203847064546948,245.9295705855082,17.094837353681203,540.6423660558943,9.680652702230969,-0.06,51.528,London Borough of Tower Hamlets
1382,122.5334556316,Private room,False,True,2.0,False,0,1,9.0,90.0,1,6.385038728643247,1.1408408427683123,204.9618069105989,14.247122639670753,422.5734796540317,7.566530768846588,-0.036,51.514,London Borough of Tower Hamlets
1170,183.4473999858887,Private room,False,True,2.0,False,0,1,9.0,86.0,1,9.523273332881343,0.2875488603963807,117.41767352931328,8.161832782663872,299.0822364996391,5.3553170131328205,-0.165,51.426,London Borough of Wandsworth
2617,322.2088948470096,Private room,False,True,2.0,False,0,1,9.0,84.0,1,1.4266087184992553,0.1423170843671968,590.5456050615219,41.04948032244827,1527.5305044976649,27.351708327972112,-0.136,51.52,London Borough of Camden
1787,353.95940638302875,Entire home/apt,False,False,2.0,False,0,1,10.0,60.0,0,4.184994887606691,0.4344783274445184,352.0373149648103,24.47050441076441,724.2159801656397,12.967691445521176,-0.181,51.49100000000001,Royal Borough of Kensington and Chelsea
1793,353.95940638302875,Entire home/apt,False,False,2.0,False,0,1,9.0,91.0,0,4.185008774147673,0.4344725643734805,352.0354477526372,24.470374618774247,724.2119118495222,12.967618598926292,-0.181,51.49100000000001,Royal Borough of Kensington and Chelsea
1350,211.9052658811355,Private room,False,True,2.0,False,0,1,9.0,80.0,1,9.50452630738396,0.3414020576004548,117.6252005302904,8.176258214789641,286.47676413269,5.129605511790013,-0.1639999999999999,51.426,London Borough of Wandsworth
153,1321.2916578470802,Private room,False,True,2.0,False,1,0,10.0,100.0,0,3.3276083337004265,0.563839324724654,316.74602141676786,22.017367434318373,732.1184591380469,13.109191925730764,-0.1104,51.53626,London Borough of Islington
4097,334.90909946141727,Entire home/apt,False,False,2.0,False,0,1,10.0,90.0,0,3.935027202296321,0.364566795907017,483.4244292089872,33.60336851907951,792.4100124122609,14.188762497278208,-0.071,51.511,London Borough of Tower Hamlets
1786,353.95940638302875,Entire home/apt,False,False,2.0,False,0,1,8.0,100.0,0,4.184998573668654,0.4344775990651961,352.0367573373497,24.47046564946083,724.2148145215643,12.967670573691336,-0.181,51.49100000000001,Royal Borough of Kensington and Chelsea
1793,353.95940638302875,Entire home/apt,False,False,2.0,False,0,1,9.0,91.0,0,4.185008774147673,0.4344725643734805,352.0354477526372,24.470374618774247,724.2119118495222,12.967618598926292,-0.181,51.49100000000001,Royal Borough of Kensington and Chelsea
1166,211.9052658811355,Private room,False,True,2.0,False,0,1,8.0,80.0,1,9.504501894440123,0.3414126680723994,117.62549234372166,8.176278499065067,286.4694771985963,5.129475033154496,-0.1639999999999999,51.426,London Borough of Wandsworth
1790,353.95940638302875,Entire home/apt,False,False,2.0,False,0,1,10.0,90.0,0,4.1850080894232,0.4344939125611116,352.0339105142033,24.47026776362487,724.2098672003963,12.96758198777754,-0.181,51.49100000000001,Royal Borough of Kensington and Chelsea
1129,335.14428843575814,Entire home/apt,False,False,2.0,False,0,1,10.0,95.0,0,3.935016885207956,0.3645570019424634,483.42767938252274,33.60359444224861,792.4116400426728,14.188791641358902,-0.071,51.511,London Borough of Tower Hamlets
4097,334.90909946141727,Entire home/apt,False,False,2.0,False,0,1,10.0,90.0,0,3.935027202296321,0.364566795907017,483.4244292089872,33.60336851907951,792.4100124122609,14.188762497278208,-0.071,51.511,London Borough of Tower Hamlets
1114,345.49260330675696,Entire home/apt,False,False,2.0,False,0,1,10.0,89.0,0,3.9350119094347935,0.3645471746323017,483.4347475377076,33.60408575755887,792.4043229089667,14.188660621974128,-0.071,51.511,London Borough of Tower Hamlets
4377,532.7030268820997,Entire home/apt,False,False,4.0,False,0,1,2.0,20.0,1,3.838313139772806,0.1669076216763115,272.9065464194961,18.97003687961973,513.9664080795119,9.202997414961144,-0.122,51.474,London Borough of Lambeth
2709,559.2793809826195,Entire home/apt,False,False,4.0,False,1,0,10.0,94.0,1,7.409772754202587,0.4730336018766252,164.10644619073167,11.407221179796204,380.9933465387061,6.82200378895322,-0.23379,51.50234,London Borough of Hammersmith and Fulham
1690,379.83019356052586,Entire home/apt,False,False,2.0,False,0,1,10.0,87.0,0,4.185024016230776,0.4344878866541066,352.03172392291725,24.47011577123817,724.205141441664,12.967497369124036,-0.181,51.49100000000001,Royal Borough of Kensington and Chelsea
3903,334.43872151273547,Entire home/apt,False,False,2.0,False,0,1,10.0,95.0,0,3.935023151065557,0.3645583961197164,483.43061339090224,33.60379838842687,792.4034211174973,14.188644474645368,-0.071,51.511,London Borough of Tower Hamlets
4435,345.2574143324161,Entire home/apt,False,False,2.0,False,0,1,10.0,95.0,0,3.93501558805636,0.3645525812676384,483.4315251093895,33.603861762990626,792.4067813349408,14.18870464214262,-0.071,51.511,London Borough of Tower Hamlets
1129,335.14428843575814,Entire home/apt,False,False,2.0,False,0,1,10.0,95.0,0,3.935016885207956,0.3645570019424634,483.42767938252274,33.60359444224861,792.4116400426728,14.188791641358902,-0.071,51.511,London Borough of Tower Hamlets
961,388.0618076624568,Private room,False,True,2.0,False,0,1,7.0,70.0,1,1.4266143257997663,0.1423307430766109,590.5420717502211,41.04923471805892,1527.5454471748717,27.351975889076392,-0.136,51.52,London Borough of Camden
3903,334.43872151273547,Entire home/apt,False,False,2.0,False,0,1,10.0,95.0,0,3.935023151065557,0.3645583961197164,483.43061339090224,33.60379838842687,792.4034211174973,14.188644474645368,-0.071,51.511,London Borough of Tower Hamlets
1790,353.95940638302875,Entire home/apt,False,False,2.0,False,0,1,10.0,90.0,0,4.1850080894232,0.4344939125611116,352.0339105142033,24.47026776362487,724.2098672003963,12.96758198777754,-0.181,51.49100000000001,Royal Borough of Kensington and Chelsea
4322,227.66292716197464,Private room,False,True,2.0,False,0,1,8.0,83.0,1,9.52329071037749,0.2875444771896031,117.4174658064196,8.161818343615026,299.0902537436342,5.355460568576527,-0.165,51.426,London Borough of Wandsworth
1113,335.14428843575814,Entire home/apt,False,False,2.0,False,0,1,9.0,92.0,0,3.935003107791964,0.364541716047097,483.4343982774293,33.604061480089364,792.410309638567,14.188767819363235,-0.071,51.511,London Borough of Tower Hamlets
4097,334.90909946141727,Entire home/apt,False,False,2.0,False,0,1,10.0,90.0,0,3.935027202296321,0.364566795907017,483.4244292089872,33.60336851907951,792.4100124122609,14.188762497278208,-0.071,51.511,London Borough of Tower Hamlets
1785,353.95940638302875,Entire home/apt,False,False,2.0,False,0,1,7.0,80.0,0,4.1850076511958205,0.4344716568304266,352.0357049923405,24.47039249979148,724.2123870323104,12.967627107470634,-0.181,51.49100000000001,Royal Borough of Kensington and Chelsea
1511,142.05414050189327,Private room,False,True,2.0,False,0,0,10.0,96.0,1,10.167266697623702,2.1920919479892973,112.33278715268654,7.808376688045268,245.64974419077785,4.398563651700475,-0.23861,51.44885,London Borough of Wandsworth
961,388.0618076624568,Private room,False,True,2.0,False,0,1,7.0,70.0,1,1.4266143257997663,0.1423307430766109,590.5420717502211,41.04923471805892,1527.5454471748717,27.351975889076392,-0.136,51.52,London Borough of Camden
1787,353.95940638302875,Entire home/apt,False,False,2.0,False,0,1,10.0,60.0,0,4.184994887606691,0.4344783274445184,352.0373149648103,24.47050441076441,724.2159801656397,12.967691445521176,-0.181,51.49100000000001,Royal Borough of Kensington and Chelsea
2488,333.73315458971285,Entire home/apt,False,False,2.0,False,0,1,10.0,100.0,0,3.9682716147316026,0.407510248750989,463.52599084764654,32.220205987751875,829.623406373342,14.855099368797594,-0.07057,51.511390000000006,London Borough of Tower Hamlets
4097,334.90909946141727,Entire home/apt,False,False,2.0,False,0,1,10.0,90.0,0,3.935027202296321,0.364566795907017,483.4244292089872,33.60336851907951,792.4100124122609,14.188762497278208,-0.071,51.511,London Borough of Tower Hamlets
1129,335.14428843575814,Entire home/apt,False,False,2.0,False,0,1,10.0,95.0,0,3.935016885207956,0.3645570019424634,483.42767938252274,33.60359444224861,792.4116400426728,14.188791641358902,-0.071,51.511,London Borough of Tower Hamlets
2616,322.2088948470096,Private room,False,True,2.0,False,0,1,9.0,84.0,1,1.4266218265235129,0.1423075064283409,590.5430117832034,41.04930006079465,1527.5228189960694,27.351570712652894,-0.136,51.52,London Borough of Camden
4379,584.444601237094,Entire home/apt,False,False,4.0,False,0,1,8.0,87.0,2,3.838294214835504,0.1669262891986488,272.907753001647,18.97012075048396,513.9680151995739,9.20302619178691,-0.122,51.474,London Borough of Lambeth
2449,334.67391048707634,Entire home/apt,False,False,2.0,False,0,1,10.0,93.0,0,3.93503196214065,0.3645711329449925,483.42312529945735,33.60327788288117,792.4089731855695,14.188743889057116,-0.071,51.511,London Borough of Tower Hamlets
1128,345.49260330675696,Entire home/apt,False,False,2.0,False,0,1,10.0,90.0,0,3.935028691709733,0.3645633019430278,483.4292493844002,33.60370357482131,792.4019844804614,14.18861875046044,-0.071,51.511,London Borough of Tower Hamlets
440,537.6419953432583,Entire home/apt,False,False,4.0,False,1,0,10.0,100.0,1,3.829230245821324,0.926718844659476,295.49399102291306,20.540115218761315,629.4053799490994,11.270028534117928,-0.13043,51.54269,London Borough of Camden
1124,319.62181612925986,Entire home/apt,False,False,2.0,False,0,1,10.0,93.0,0,3.9350203952685936,0.3645594358265034,483.42754153605495,33.60358486038766,792.4096601649953,14.18875618999698,-0.071,51.511,London Borough of Tower Hamlets
1131,345.49260330675696,Entire home/apt,False,False,2.0,False,0,1,10.0,92.0,0,3.935009188976384,0.3645452063342208,483.4349425450207,33.604099312733595,792.4057271945105,14.188685766878592,-0.071,51.511,London Borough of Tower Hamlets
977,716.8559937910111,Entire home/apt,False,False,2.0,False,0,1,9.0,100.0,1,1.4265966104828671,0.1423359225908261,590.5466365978081,41.04955202568019,1527.5478420426512,27.35201877118238,-0.136,51.52,London Borough of Camden
1129,335.14428843575814,Entire home/apt,False,False,2.0,False,0,1,10.0,95.0,0,3.935016885207956,0.3645570019424634,483.42767938252274,33.60359444224861,792.4116400426728,14.188791641358902,-0.071,51.511,London Borough of Tower Hamlets
1124,319.62181612925986,Entire home/apt,False,False,2.0,False,0,1,10.0,93.0,0,3.9350203952685936,0.3645594358265034,483.42754153605495,33.60358486038766,792.4096601649953,14.18875618999698,-0.071,51.511,London Borough of Tower Hamlets
1162,211.9052658811355,Private room,False,True,2.0,False,0,1,8.0,76.0,1,9.5045092666229,0.3413813473888904,117.6254134834474,8.176273017399893,286.4760688581928,5.1295930623199695,-0.1639999999999999,51.426,London Borough of Wandsworth
1124,319.62181612925986,Entire home/apt,False,False,2.0,False,0,1,10.0,93.0,0,3.9350203952685936,0.3645594358265034,483.42754153605495,33.60358486038766,792.4096601649953,14.18875618999698,-0.071,51.511,London Borough of Tower Hamlets
1691,379.83019356052586,Entire home/apt,False,False,2.0,False,0,1,7.0,80.0,0,4.18501378287374,0.4344951605577924,352.03286570381954,24.470195137695693,724.2078143380202,12.96754522956369,-0.181,51.49100000000001,Royal Borough of Kensington and Chelsea
3421,232.13151767445143,Private room,False,True,2.0,False,0,1,8.0,82.0,1,9.50450655110868,0.3414047381155742,117.62543862670536,8.176274765135654,286.47178917992704,5.129516431109452,-0.1639999999999999,51.426,London Borough of Wandsworth
1131,345.49260330675696,Entire home/apt,False,False,2.0,False,0,1,10.0,92.0,0,3.935009188976384,0.3645452063342208,483.4349425450207,33.604099312733595,792.4057271945105,14.188685766878592,-0.071,51.511,London Borough of Tower Hamlets
977,716.8559937910111,Entire home/apt,False,False,2.0,False,0,1,9.0,100.0,1,1.4265966104828671,0.1423359225908261,590.5466365978081,41.04955202568019,1527.5478420426512,27.35201877118238,-0.136,51.52,London Borough of Camden
4435,345.2574143324161,Entire home/apt,False,False,2.0,False,0,1,10.0,95.0,0,3.93501558805636,0.3645525812676384,483.4315251093895,33.603861762990626,792.4067813349408,14.18870464214262,-0.071,51.511,London Borough of Tower Hamlets
2616,322.2088948470096,Private room,False,True,2.0,False,0,1,9.0,84.0,1,1.4266218265235129,0.1423075064283409,590.5430117832034,41.04930006079465,1527.5228189960694,27.351570712652894,-0.136,51.52,London Borough of Camden
1128,345.49260330675696,Entire home/apt,False,False,2.0,False,0,1,10.0,90.0,0,3.935028691709733,0.3645633019430278,483.4292493844002,33.60370357482131,792.4019844804614,14.18861875046044,-0.071,51.511,London Borough of Tower Hamlets
1855,1011.5477786401374,Entire home/apt,False,False,2.0,False,0,1,10.0,90.0,1,0.2812251328850356,0.1828999057541498,1217.5878394787965,84.63588185086941,2393.824806690943,42.86343068638536,-0.12575,51.5106,City of Westminster
2379,555.9867353418472,Entire home/apt,False,False,4.0,True,0,0,9.0,94.0,2,2.780653921243199,0.4022580027794969,367.55682591531473,25.549282838571656,840.3848424626259,15.04779186183622,-0.11168,51.53128,London Borough of Islington
961,388.0618076624568,Private room,False,True,2.0,False,0,1,7.0,70.0,1,1.4266143257997663,0.1423307430766109,590.5420717502211,41.04923471805892,1527.5454471748717,27.351975889076392,-0.136,51.52,London Borough of Camden
4435,345.2574143324161,Entire home/apt,False,False,2.0,False,0,1,10.0,95.0,0,3.93501558805636,0.3645525812676384,483.4315251093895,33.603861762990626,792.4067813349408,14.18870464214262,-0.071,51.511,London Borough of Tower Hamlets
4380,584.444601237094,Entire home/apt,False,False,5.0,False,0,1,8.0,60.0,2,3.838301183617757,0.1669186395099546,272.9073015006934,18.97008936615165,513.9675195260401,9.203017316338672,-0.122,51.474,London Borough of Lambeth
1783,353.95940638302875,Entire home/apt,False,False,2.0,False,0,1,9.0,70.0,0,4.185012481931481,0.4344889899324827,352.033559676093,24.470243376478503,724.2089110809626,12.967564867661247,-0.181,51.49100000000001,Royal Borough of Kensington and Chelsea
1129,335.14428843575814,Entire home/apt,False,False,2.0,False,0,1,10.0,95.0,0,3.935016885207956,0.3645570019424634,483.42767938252274,33.60359444224861,792.4116400426728,14.188791641358902,-0.071,51.511,London Borough of Tower Hamlets
1114,345.49260330675696,Entire home/apt,False,False,2.0,False,0,1,10.0,89.0,0,3.9350119094347935,0.3645471746323017,483.4347475377076,33.60408575755887,792.4043229089667,14.188660621974128,-0.071,51.511,London Borough of Tower Hamlets
2282,349.0204379218702,Entire home/apt,False,False,2.0,False,0,0,8.0,72.0,1,3.3853416722185403,0.502658642510461,407.9767831810089,28.358918921189623,786.5012823046586,14.08296175417292,-0.16801,51.49139,Royal Borough of Kensington and Chelsea
961,388.0618076624568,Private room,False,True,2.0,False,0,1,7.0,70.0,1,1.4266143257997663,0.1423307430766109,590.5420717502211,41.04923471805892,1527.5454471748717,27.351975889076392,-0.136,51.52,London Borough of Camden
2209,100.89606999223876,Private room,False,True,2.0,False,1,0,10.0,100.0,1,4.993698261206562,2.3677281562400587,229.3871390933356,15.944954583911636,432.0490727501671,7.736199170123637,-0.07826,51.47563,London Borough of Southwark
1128,345.49260330675696,Entire home/apt,False,False,2.0,False,0,1,10.0,90.0,0,3.935028691709733,0.3645633019430278,483.4292493844002,33.60370357482131,792.4019844804614,14.18861875046044,-0.071,51.511,London Borough of Tower Hamlets
3903,334.43872151273547,Entire home/apt,False,False,2.0,False,0,1,10.0,95.0,0,3.935023151065557,0.3645583961197164,483.43061339090224,33.60379838842687,792.4034211174973,14.188644474645368,-0.071,51.511,London Borough of Tower Hamlets
1170,183.4473999858887,Private room,False,True,2.0,False,0,1,9.0,86.0,1,9.523273332881343,0.2875488603963807,117.41767352931328,8.161832782663872,299.0822364996391,5.3553170131328205,-0.165,51.426,London Borough of Wandsworth
981,1001.6698417178204,Entire home/apt,False,False,4.0,False,0,1,9.0,90.0,2,1.4266038704263206,0.1423151120270535,590.5473171430174,41.04959933113288,1527.527689830579,27.35165792900925,-0.136,51.52,London Borough of Camden
1740,195.2068487029328,Private room,False,True,2.0,False,0,1,9.0,94.0,1,2.180424946537028,0.5531866168274845,450.36145682126624,31.30512461920321,973.900400468146,17.438499339730004,-0.118,51.527,London Borough of Camden
1790,353.95940638302875,Entire home/apt,False,False,2.0,False,0,1,10.0,90.0,0,4.1850080894232,0.4344939125611116,352.0339105142033,24.47026776362487,724.2098672003963,12.96758198777754,-0.181,51.49100000000001,Royal Borough of Kensington and Chelsea
1128,345.49260330675696,Entire home/apt,False,False,2.0,False,0,1,10.0,90.0,0,3.935028691709733,0.3645633019430278,483.4292493844002,33.60370357482131,792.4019844804614,14.18861875046044,-0.071,51.511,London Borough of Tower Hamlets
722,142.28932947623414,Private room,False,True,2.0,True,0,0,10.0,99.0,1,5.090669698013078,0.8644145853062335,254.2801969406624,17.675298658122387,465.8298134299248,8.341071520269889,-0.05986,51.49071,London Borough of Southwark
4427,584.444601237094,Entire home/apt,False,False,6.0,False,0,1,7.0,80.0,2,3.83830417746245,0.1669145367146329,272.9070999529292,18.97007535634291,513.9674078338226,9.203015316396318,-0.122,51.474,London Borough of Lambeth
1788,353.95940638302875,Entire home/apt,False,False,2.0,False,0,1,9.0,80.0,0,4.185031916992533,0.4344974168096186,352.02967093427617,24.46997306571957,724.2014619309941,12.967431484415137,-0.181,51.49100000000001,Royal Borough of Kensington and Chelsea
1691,379.83019356052586,Entire home/apt,False,False,2.0,False,0,1,7.0,80.0,0,4.18501378287374,0.4344951605577924,352.03286570381954,24.470195137695693,724.2078143380202,12.96754522956369,-0.181,51.49100000000001,Royal Borough of Kensington and Chelsea
1783,353.95940638302875,Entire home/apt,False,False,2.0,False,0,1,9.0,70.0,0,4.185012481931481,0.4344889899324827,352.033559676093,24.470243376478503,724.2089110809626,12.967564867661247,-0.181,51.49100000000001,Royal Borough of Kensington and Chelsea
4323,227.66292716197464,Private room,False,True,2.0,False,0,1,8.0,86.0,1,9.523279652538989,0.2875551245595097,117.4175950830594,8.161827329777713,299.08615848024306,5.355387239468223,-0.165,51.426,London Borough of Wandsworth
1792,353.95940638302875,Entire home/apt,False,False,2.0,False,0,1,8.0,77.0,0,4.184982355615324,0.4344912097016554,352.0384058762985,24.470580241232508,724.2188380462364,12.967742618258011,-0.181,51.49100000000001,Royal Borough of Kensington and Chelsea
977,716.8559937910111,Entire home/apt,False,False,2.0,False,0,1,9.0,100.0,1,1.4265966104828671,0.1423359225908261,590.5466365978081,41.04955202568019,1527.5478420426512,27.35201877118238,-0.136,51.52,London Borough of Camden
3952,209.31818716338577,Private room,False,True,2.0,False,0,1,9.0,83.0,1,8.653002096814534,0.7015957850341719,129.08355786873898,8.972741348455878,290.39465213230136,5.199758565697287,-0.1689999999999999,51.435,London Borough of Wandsworth
1783,353.95940638302875,Entire home/apt,False,False,2.0,False,0,1,9.0,70.0,0,4.185012481931481,0.4344889899324827,352.033559676093,24.470243376478503,724.2089110809626,12.967564867661247,-0.181,51.49100000000001,Royal Borough of Kensington and Chelsea
1131,345.49260330675696,Entire home/apt,False,False,2.0,False,0,1,10.0,92.0,0,3.935009188976384,0.3645452063342208,483.4349425450207,33.604099312733595,792.4057271945105,14.188685766878592,-0.071,51.511,London Borough of Tower Hamlets
3658,130.29469178484914,Private room,False,True,2.0,False,0,1,9.0,83.0,1,4.6806709036817455,0.8973175419862611,322.0812398361742,22.388224387018184,596.0115835897446,10.672084744913445,-0.06023,51.51095,London Borough of Tower Hamlets
1113,335.14428843575814,Entire home/apt,False,False,2.0,False,0,1,9.0,92.0,0,3.935003107791964,0.364541716047097,483.4343982774293,33.604061480089364,792.410309638567,14.188767819363235,-0.071,51.511,London Borough of Tower Hamlets
1783,353.95940638302875,Entire home/apt,False,False,2.0,False,0,1,9.0,70.0,0,4.185012481931481,0.4344889899324827,352.033559676093,24.470243376478503,724.2089110809626,12.967564867661247,-0.181,51.49100000000001,Royal Borough of Kensington and Chelsea
1131,345.49260330675696,Entire home/apt,False,False,2.0,False,0,1,10.0,92.0,0,3.935009188976384,0.3645452063342208,483.4349425450207,33.604099312733595,792.4057271945105,14.188685766878592,-0.071,51.511,London Borough of Tower Hamlets
4435,345.2574143324161,Entire home/apt,False,False,2.0,False,0,1,10.0,95.0,0,3.93501558805636,0.3645525812676384,483.4315251093895,33.603861762990626,792.4067813349408,14.18870464214262,-0.071,51.511,London Borough of Tower Hamlets
981,1001.6698417178204,Entire home/apt,False,False,4.0,False,0,1,9.0,90.0,2,1.4266038704263206,0.1423151120270535,590.5473171430174,41.04959933113288,1527.527689830579,27.35165792900925,-0.136,51.52,London Borough of Camden
338,1137.3738799125097,Entire home/apt,False,False,4.0,False,0,1,10.0,93.0,2,4.300320243215005,0.3913867233669343,290.9024629860784,20.22095300980985,742.7343918485781,13.299279059357804,-0.18837,51.51551,City of Westminster
1233,133.1169594769397,Private room,False,True,3.0,False,0,1,7.0,76.0,1,5.172801486325587,0.3203874506403633,245.9283722821043,17.09475405828187,540.6389647067324,9.680591798235977,-0.06,51.528,London Borough of Tower Hamlets
1788,353.95940638302875,Entire home/apt,False,False,2.0,False,0,1,9.0,80.0,0,4.185031916992533,0.4344974168096186,352.02967093427617,24.46997306571957,724.2014619309941,12.967431484415137,-0.181,51.49100000000001,Royal Borough of Kensington and Chelsea
960,388.0618076624568,Private room,False,True,2.0,False,0,1,9.0,82.0,1,1.4266149926433769,0.14231034412013,590.5446580850522,41.04941449706303,1527.5246131420804,27.351602838334344,-0.136,51.52,London Borough of Camden
1044,748.1361273783485,Entire home/apt,False,False,2.0,True,0,1,10.0,100.0,1,3.9741084555159767,0.1573836995910053,411.6244300379989,28.612470901927257,814.5468676003863,14.585141361478549,-0.071,51.514,London Borough of Tower Hamlets
2449,334.67391048707634,Entire home/apt,False,False,2.0,False,0,1,10.0,93.0,0,3.93503196214065,0.3645711329449925,483.42312529945735,33.60327788288117,792.4089731855695,14.188743889057116,-0.071,51.511,London Borough of Tower Hamlets
1786,353.95940638302875,Entire home/apt,False,False,2.0,False,0,1,8.0,100.0,0,4.184998573668654,0.4344775990651961,352.0367573373497,24.47046564946083,724.2148145215643,12.967670573691336,-0.181,51.49100000000001,Royal Borough of Kensington and Chelsea
1786,353.95940638302875,Entire home/apt,False,False,2.0,False,0,1,8.0,100.0,0,4.184998573668654,0.4344775990651961,352.0367573373497,24.47046564946083,724.2148145215643,12.967670573691336,-0.181,51.49100000000001,Royal Borough of Kensington and Chelsea
3212,515.5342317552153,Entire home/apt,False,False,6.0,False,0,1,10.0,87.0,2,5.939758318558844,0.3776480727429646,206.78824511287016,14.374080385866309,489.5621886389553,8.766019501823205,-0.2,51.48,London Borough of Hammersmith and Fulham
4323,227.66292716197464,Private room,False,True,2.0,False,0,1,8.0,86.0,1,9.523279652538989,0.2875551245595097,117.4175950830594,8.161827329777713,299.08615848024306,5.355387239468223,-0.165,51.426,London Borough of Wandsworth
3186,515.5342317552153,Entire home/apt,False,False,6.0,False,0,1,8.0,60.0,2,5.939774129804565,0.3776590789612181,206.78749573879304,14.374028296042646,489.55900802815495,8.76596255033277,-0.2,51.48,London Borough of Hammersmith and Fulham
4322,227.66292716197464,Private room,False,True,2.0,False,0,1,8.0,83.0,1,9.52329071037749,0.2875444771896031,117.4174658064196,8.161818343615026,299.0902537436342,5.355460568576527,-0.165,51.426,London Borough of Wandsworth
1793,353.95940638302875,Entire home/apt,False,False,2.0,False,0,1,9.0,91.0,0,4.185008774147673,0.4344725643734805,352.0354477526372,24.470374618774247,724.2119118495222,12.967618598926292,-0.181,51.49100000000001,Royal Borough of Kensington and Chelsea
3903,334.43872151273547,Entire home/apt,False,False,2.0,False,0,1,10.0,95.0,0,3.935023151065557,0.3645583961197164,483.43061339090224,33.60379838842687,792.4034211174973,14.188644474645368,-0.071,51.511,London Borough of Tower Hamlets
1170,183.4473999858887,Private room,False,True,2.0,False,0,1,9.0,86.0,1,9.523273332881343,0.2875488603963807,117.41767352931328,8.161832782663872,299.0822364996391,5.3553170131328205,-0.165,51.426,London Borough of Wandsworth
1790,353.95940638302875,Entire home/apt,False,False,2.0,False,0,1,10.0,90.0,0,4.1850080894232,0.4344939125611116,352.0339105142033,24.47026776362487,724.2098672003963,12.96758198777754,-0.181,51.49100000000001,Royal Borough of Kensington and Chelsea
1131,345.49260330675696,Entire home/apt,False,False,2.0,False,0,1,10.0,92.0,0,3.935009188976384,0.3645452063342208,483.4349425450207,33.604099312733595,792.4057271945105,14.188685766878592,-0.071,51.511,London Borough of Tower Hamlets
2616,322.2088948470096,Private room,False,True,2.0,False,0,1,9.0,84.0,1,1.4266218265235129,0.1423075064283409,590.5430117832034,41.04930006079465,1527.5228189960694,27.351570712652894,-0.136,51.52,London Borough of Camden
2616,322.2088948470096,Private room,False,True,2.0,False,0,1,9.0,84.0,1,1.4266218265235129,0.1423075064283409,590.5430117832034,41.04930006079465,1527.5228189960694,27.351570712652894,-0.136,51.52,London Borough of Camden
1788,353.95940638302875,Entire home/apt,False,False,2.0,False,0,1,9.0,80.0,0,4.185031916992533,0.4344974168096186,352.02967093427617,24.46997306571957,724.2014619309941,12.967431484415137,-0.181,51.49100000000001,Royal Borough of Kensington and Chelsea
142,243.6557774171547,Entire home/apt,False,False,2.0,True,0,1,10.0,96.0,0,3.840179512552354,0.4925595622335419,322.8924341671015,22.444611405124284,920.8560233702387,16.488695505011798,-0.08,51.526,London Borough of Hackney
1788,353.95940638302875,Entire home/apt,False,False,2.0,False,0,1,9.0,80.0,0,4.185031916992533,0.4344974168096186,352.02967093427617,24.46997306571957,724.2014619309941,12.967431484415137,-0.181,51.49100000000001,Royal Borough of Kensington and Chelsea
1167,211.9052658811355,Private room,False,True,2.0,False,0,1,8.0,82.0,1,9.504490407326903,0.3413819230524423,117.62564142403738,8.176288861803243,286.4716302369913,5.129513585103558,-0.1639999999999999,51.426,London Borough of Wandsworth
1113,335.14428843575814,Entire home/apt,False,False,2.0,False,0,1,9.0,92.0,0,3.935003107791964,0.364541716047097,483.4343982774293,33.604061480089364,792.410309638567,14.188767819363235,-0.071,51.511,London Borough of Tower Hamlets
869,388.2969966367976,Entire home/apt,False,False,2.0,False,0,0,9.0,93.0,1,6.26797533253088,0.7268261887407634,200.3527455524086,13.926741670095543,422.5567603816696,7.56623139632358,-0.04298,51.52812,London Borough of Tower Hamlets
1690,379.83019356052586,Entire home/apt,False,False,2.0,False,0,1,10.0,87.0,0,4.185024016230776,0.4344878866541066,352.03172392291725,24.47011577123817,724.205141441664,12.967497369124036,-0.181,51.49100000000001,Royal Borough of Kensington and Chelsea
4097,334.90909946141727,Entire home/apt,False,False,2.0,False,0,1,10.0,90.0,0,3.935027202296321,0.364566795907017,483.4244292089872,33.60336851907951,792.4100124122609,14.188762497278208,-0.071,51.511,London Borough of Tower Hamlets
1170,183.4473999858887,Private room,False,True,2.0,False,0,1,9.0,86.0,1,9.523273332881343,0.2875488603963807,117.41767352931328,8.161832782663872,299.0822364996391,5.3553170131328205,-0.165,51.426,London Borough of Wandsworth
2616,322.2088948470096,Private room,False,True,2.0,False,0,1,9.0,84.0,1,1.4266218265235129,0.1423075064283409,590.5430117832034,41.04930006079465,1527.5228189960694,27.351570712652894,-0.136,51.52,London Borough of Camden
1783,353.95940638302875,Entire home/apt,False,False,2.0,False,0,1,9.0,70.0,0,4.185012481931481,0.4344889899324827,352.033559676093,24.470243376478503,724.2089110809626,12.967564867661247,-0.181,51.49100000000001,Royal Borough of Kensington and Chelsea
4427,584.444601237094,Entire home/apt,False,False,6.0,False,0,1,7.0,80.0,2,3.83830417746245,0.1669145367146329,272.9070999529292,18.97007535634291,513.9674078338226,9.203015316396318,-0.122,51.474,London Borough of Lambeth
1113,335.14428843575814,Entire home/apt,False,False,2.0,False,0,1,9.0,92.0,0,3.935003107791964,0.364541716047097,483.4343982774293,33.604061480089364,792.410309638567,14.188767819363235,-0.071,51.511,London Borough of Tower Hamlets
2616,322.2088948470096,Private room,False,True,2.0,False,0,1,9.0,84.0,1,1.4266218265235129,0.1423075064283409,590.5430117832034,41.04930006079465,1527.5228189960694,27.351570712652894,-0.136,51.52,London Borough of Camden
2454,333.73315458971285,Entire home/apt,False,False,2.0,False,0,1,9.0,100.0,0,3.935022497510558,0.3645646194700297,483.4234439615026,33.603300033433555,792.4143908651432,14.188840897130657,-0.071,51.511,London Borough of Tower Hamlets
1785,353.95940638302875,Entire home/apt,False,False,2.0,False,0,1,7.0,80.0,0,4.1850076511958205,0.4344716568304266,352.0357049923405,24.47039249979148,724.2123870323104,12.967627107470634,-0.181,51.49100000000001,Royal Borough of Kensington and Chelsea
3170,199.6754392154096,Entire home/apt,False,False,2.0,False,0,1,8.0,100.0,0,6.029993596027253,0.3331784080445238,207.138381030762,14.398418722056595,478.0564349792555,8.559999381591894,-0.208,51.488,London Borough of Hammersmith and Fulham
4380,584.444601237094,Entire home/apt,False,False,5.0,False,0,1,8.0,60.0,2,3.838301183617757,0.1669186395099546,272.9073015006934,18.97008936615165,513.9675195260401,9.203017316338672,-0.122,51.474,London Borough of Lambeth
2818,399.58606740516007,Entire home/apt,False,False,2.0,False,0,1,10.0,100.0,1,4.4844713328193,0.312355300988222,272.39467795892585,18.93445633491706,563.0127766166125,10.081213570267424,-0.1415799999999999,51.54766,London Borough of Camden
1162,211.9052658811355,Private room,False,True,2.0,False,0,1,8.0,76.0,1,9.5045092666229,0.3413813473888904,117.6254134834474,8.176273017399893,286.4760688581928,5.1295930623199695,-0.1639999999999999,51.426,London Borough of Wandsworth
957,388.0618076624568,Private room,False,True,2.0,False,0,1,8.0,80.0,1,1.426597575947724,0.1423186405754901,590.5487087069413,41.04969606028541,1527.5302837477186,27.351704375260123,-0.136,51.52,London Borough of Camden
1167,211.9052658811355,Private room,False,True,2.0,False,0,1,8.0,82.0,1,9.504490407326903,0.3413819230524423,117.62564142403738,8.176288861803243,286.4716302369913,5.129513585103558,-0.1639999999999999,51.426,London Borough of Wandsworth
173,971.800841976528,Entire home/apt,False,False,5.0,False,0,0,9.0,87.0,1,7.043151904052476,0.5296637033722553,174.49812711052363,12.129558451935788,410.9004897884996,7.357516144799914,-0.22354,51.48797,London Borough of Hammersmith and Fulham
1128,345.49260330675696,Entire home/apt,False,False,2.0,False,0,1,10.0,90.0,0,3.935028691709733,0.3645633019430278,483.4292493844002,33.60370357482131,792.4019844804614,14.18861875046044,-0.071,51.511,London Borough of Tower Hamlets
958,388.0618076624568,Private room,False,True,2.0,False,0,1,8.0,76.0,1,1.4266133952065438,0.1423099738218652,590.5451840312672,41.04945105616806,1527.5239717823736,27.35159135425361,-0.136,51.52,London Borough of Camden
4378,532.7030268820997,Entire home/apt,False,False,2.0,False,0,1,10.0,100.0,1,3.838324230880153,0.1668969014571163,272.9058413379417,18.969987868618475,513.9654389836609,9.20298006249127,-0.122,51.474,London Borough of Lambeth
1347,183.4473999858887,Private room,False,True,2.0,False,0,1,7.0,76.0,1,9.523273799541748,0.287538712097689,117.41767165760656,8.16183265255946,299.0811669371804,5.355297861724503,-0.165,51.426,London Borough of Wandsworth
85,238.48161998165529,Entire home/apt,False,False,2.0,False,0,1,9.0,94.0,0,3.840178694185299,0.4925502028991297,322.89155969797247,22.444550619804748,920.8775325359326,16.489080644571825,-0.08,51.526,London Borough of Hackney
1114,345.49260330675696,Entire home/apt,False,False,2.0,False,0,1,10.0,89.0,0,3.9350119094347935,0.3645471746323017,483.4347475377076,33.60408575755887,792.4043229089667,14.188660621974128,-0.071,51.511,London Borough of Tower Hamlets
1787,353.95940638302875,Entire home/apt,False,False,2.0,False,0,1,10.0,60.0,0,4.184994887606691,0.4344783274445184,352.0373149648103,24.47050441076441,724.2159801656397,12.967691445521176,-0.181,51.49100000000001,Royal Borough of Kensington and Chelsea
1690,379.83019356052586,Entire home/apt,False,False,2.0,False,0,1,10.0,87.0,0,4.185024016230776,0.4344878866541066,352.03172392291725,24.47011577123817,724.205141441664,12.967497369124036,-0.181,51.49100000000001,Royal Borough of Kensington and Chelsea
2449,334.67391048707634,Entire home/apt,False,False,2.0,False,0,1,10.0,93.0,0,3.93503196214065,0.3645711329449925,483.42312529945735,33.60327788288117,792.4089731855695,14.188743889057116,-0.071,51.511,London Borough of Tower Hamlets
1128,345.49260330675696,Entire home/apt,False,False,2.0,False,0,1,10.0,90.0,0,3.935028691709733,0.3645633019430278,483.4292493844002,33.60370357482131,792.4019844804614,14.18861875046044,-0.071,51.511,London Borough of Tower Hamlets
957,388.0618076624568,Private room,False,True,2.0,False,0,1,8.0,80.0,1,1.426597575947724,0.1423186405754901,590.5487087069413,41.04969606028541,1527.5302837477186,27.351704375260123,-0.136,51.52,London Borough of Camden
981,1001.6698417178204,Entire home/apt,False,False,4.0,False,0,1,9.0,90.0,2,1.4266038704263206,0.1423151120270535,590.5473171430174,41.04959933113288,1527.527689830579,27.35165792900925,-0.136,51.52,London Borough of Camden
3421,232.13151767445143,Private room,False,True,2.0,False,0,1,8.0,82.0,1,9.50450655110868,0.3414047381155742,117.62543862670536,8.176274765135654,286.47178917992704,5.129516431109452,-0.1639999999999999,51.426,London Borough of Wandsworth
1790,353.95940638302875,Entire home/apt,False,False,2.0,False,0,1,10.0,90.0,0,4.1850080894232,0.4344939125611116,352.0339105142033,24.47026776362487,724.2098672003963,12.96758198777754,-0.181,51.49100000000001,Royal Borough of Kensington and Chelsea
1790,353.95940638302875,Entire home/apt,False,False,2.0,False,0,1,10.0,90.0,0,4.1850080894232,0.4344939125611116,352.0339105142033,24.47026776362487,724.2098672003963,12.96758198777754,-0.181,51.49100000000001,Royal Borough of Kensington and Chelsea
1790,353.95940638302875,Entire home/apt,False,False,2.0,False,0,1,10.0,90.0,0,4.1850080894232,0.4344939125611116,352.0339105142033,24.47026776362487,724.2098672003963,12.96758198777754,-0.181,51.49100000000001,Royal Borough of Kensington and Chelsea
1124,319.62181612925986,Entire home/apt,False,False,2.0,False,0,1,10.0,93.0,0,3.9350203952685936,0.3645594358265034,483.42754153605495,33.60358486038766,792.4096601649953,14.18875618999698,-0.071,51.511,London Borough of Tower Hamlets
1113,335.14428843575814,Entire home/apt,False,False,2.0,False,0,1,9.0,92.0,0,3.935003107791964,0.364541716047097,483.4343982774293,33.604061480089364,792.410309638567,14.188767819363235,-0.071,51.511,London Borough of Tower Hamlets
1114,345.49260330675696,Entire home/apt,False,False,2.0,False,0,1,10.0,89.0,0,3.9350119094347935,0.3645471746323017,483.4347475377076,33.60408575755887,792.4043229089667,14.188660621974128,-0.071,51.511,London Borough of Tower Hamlets
1788,353.95940638302875,Entire home/apt,False,False,2.0,False,0,1,9.0,80.0,0,4.185031916992533,0.4344974168096186,352.02967093427617,24.46997306571957,724.2014619309941,12.967431484415137,-0.181,51.49100000000001,Royal Borough of Kensington and Chelsea
4380,584.444601237094,Entire home/apt,False,False,5.0,False,0,1,8.0,60.0,2,3.838301183617757,0.1669186395099546,272.9073015006934,18.97008936615165,513.9675195260401,9.203017316338672,-0.122,51.474,London Borough of Lambeth
1131,345.49260330675696,Entire home/apt,False,False,2.0,False,0,1,10.0,92.0,0,3.935009188976384,0.3645452063342208,483.4349425450207,33.604099312733595,792.4057271945105,14.188685766878592,-0.071,51.511,London Borough of Tower Hamlets
1129,335.14428843575814,Entire home/apt,False,False,2.0,False,0,1,10.0,95.0,0,3.935016885207956,0.3645570019424634,483.42767938252274,33.60359444224861,792.4116400426728,14.188791641358902,-0.071,51.511,London Borough of Tower Hamlets
1164,211.9052658811355,Private room,False,True,2.0,False,0,1,9.0,86.0,1,9.504499382662347,0.3413956465950518,117.625528333863,8.176281000779728,286.47155645293776,5.12951226393851,-0.1639999999999999,51.426,London Borough of Wandsworth
2616,322.2088948470096,Private room,False,True,2.0,False,0,1,9.0,84.0,1,1.4266218265235129,0.1423075064283409,590.5430117832034,41.04930006079465,1527.5228189960694,27.351570712652894,-0.136,51.52,London Borough of Camden
4097,334.90909946141727,Entire home/apt,False,False,2.0,False,0,1,10.0,90.0,0,3.935027202296321,0.364566795907017,483.4244292089872,33.60336851907951,792.4100124122609,14.188762497278208,-0.071,51.511,London Borough of Tower Hamlets
981,1001.6698417178204,Entire home/apt,False,False,4.0,False,0,1,9.0,90.0,2,1.4266038704263206,0.1423151120270535,590.5473171430174,41.04959933113288,1527.527689830579,27.35165792900925,-0.136,51.52,London Borough of Camden
4322,227.66292716197464,Private room,False,True,2.0,False,0,1,8.0,83.0,1,9.52329071037749,0.2875444771896031,117.4174658064196,8.161818343615026,299.0902537436342,5.355460568576527,-0.165,51.426,London Borough of Wandsworth
1164,211.9052658811355,Private room,False,True,2.0,False,0,1,9.0,86.0,1,9.504499382662347,0.3413956465950518,117.625528333863,8.176281000779728,286.47155645293776,5.12951226393851,-0.1639999999999999,51.426,London Borough of Wandsworth
1785,353.95940638302875,Entire home/apt,False,False,2.0,False,0,1,7.0,80.0,0,4.1850076511958205,0.4344716568304266,352.0357049923405,24.47039249979148,724.2123870323104,12.967627107470634,-0.181,51.49100000000001,Royal Borough of Kensington and Chelsea
1785,353.95940638302875,Entire home/apt,False,False,2.0,False,0,1,7.0,80.0,0,4.1850076511958205,0.4344716568304266,352.0357049923405,24.47039249979148,724.2123870323104,12.967627107470634,-0.181,51.49100000000001,Royal Borough of Kensington and Chelsea
1164,211.9052658811355,Private room,False,True,2.0,False,0,1,9.0,86.0,1,9.504499382662347,0.3413956465950518,117.625528333863,8.176281000779728,286.47155645293776,5.12951226393851,-0.1639999999999999,51.426,London Borough of Wandsworth
1131,345.49260330675696,Entire home/apt,False,False,2.0,False,0,1,10.0,92.0,0,3.935009188976384,0.3645452063342208,483.4349425450207,33.604099312733595,792.4057271945105,14.188685766878592,-0.071,51.511,London Borough of Tower Hamlets
2617,322.2088948470096,Private room,False,True,2.0,False,0,1,9.0,84.0,1,1.4266087184992553,0.1423170843671968,590.5456050615219,41.04948032244827,1527.5305044976649,27.351708327972112,-0.136,51.52,London Borough of Camden
3903,334.43872151273547,Entire home/apt,False,False,2.0,False,0,1,10.0,95.0,0,3.935023151065557,0.3645583961197164,483.43061339090224,33.60379838842687,792.4034211174973,14.188644474645368,-0.071,51.511,London Borough of Tower Hamlets
4323,227.66292716197464,Private room,False,True,2.0,False,0,1,8.0,86.0,1,9.523279652538989,0.2875551245595097,117.4175950830594,8.161827329777713,299.08615848024306,5.355387239468223,-0.165,51.426,London Borough of Wandsworth
1113,335.14428843575814,Entire home/apt,False,False,2.0,False,0,1,9.0,92.0,0,3.935003107791964,0.364541716047097,483.4343982774293,33.604061480089364,792.410309638567,14.188767819363235,-0.071,51.511,London Borough of Tower Hamlets
1690,379.83019356052586,Entire home/apt,False,False,2.0,False,0,1,10.0,87.0,0,4.185024016230776,0.4344878866541066,352.03172392291725,24.47011577123817,724.205141441664,12.967497369124036,-0.181,51.49100000000001,Royal Borough of Kensington and Chelsea
1787,353.95940638302875,Entire home/apt,False,False,2.0,False,0,1,10.0,60.0,0,4.184994887606691,0.4344783274445184,352.0373149648103,24.47050441076441,724.2159801656397,12.967691445521176,-0.181,51.49100000000001,Royal Borough of Kensington and Chelsea
1787,353.95940638302875,Entire home/apt,False,False,2.0,False,0,1,10.0,60.0,0,4.184994887606691,0.4344783274445184,352.0373149648103,24.47050441076441,724.2159801656397,12.967691445521176,-0.181,51.49100000000001,Royal Borough of Kensington and Chelsea
1787,353.95940638302875,Entire home/apt,False,False,2.0,False,0,1,10.0,60.0,0,4.184994887606691,0.4344783274445184,352.0373149648103,24.47050441076441,724.2159801656397,12.967691445521176,-0.181,51.49100000000001,Royal Borough of Kensington and Chelsea
1788,353.95940638302875,Entire home/apt,False,False,2.0,False,0,1,9.0,80.0,0,4.185031916992533,0.4344974168096186,352.02967093427617,24.46997306571957,724.2014619309941,12.967431484415137,-0.181,51.49100000000001,Royal Borough of Kensington and Chelsea
3903,334.43872151273547,Entire home/apt,False,False,2.0,False,0,1,10.0,95.0,0,3.935023151065557,0.3645583961197164,483.43061339090224,33.60379838842687,792.4034211174973,14.188644474645368,-0.071,51.511,London Borough of Tower Hamlets
4379,584.444601237094,Entire home/apt,False,False,4.0,False,0,1,8.0,87.0,2,3.838294214835504,0.1669262891986488,272.907753001647,18.97012075048396,513.9680151995739,9.20302619178691,-0.122,51.474,London Borough of Lambeth
1793,353.95940638302875,Entire home/apt,False,False,2.0,False,0,1,9.0,91.0,0,4.185008774147673,0.4344725643734805,352.0354477526372,24.470374618774247,724.2119118495222,12.967618598926292,-0.181,51.49100000000001,Royal Borough of Kensington and Chelsea
4323,227.66292716197464,Private room,False,True,2.0,False,0,1,8.0,86.0,1,9.523279652538989,0.2875551245595097,117.4175950830594,8.161827329777713,299.08615848024306,5.355387239468223,-0.165,51.426,London Borough of Wandsworth
1131,345.49260330675696,Entire home/apt,False,False,2.0,False,0,1,10.0,92.0,0,3.935009188976384,0.3645452063342208,483.4349425450207,33.604099312733595,792.4057271945105,14.188685766878592,-0.071,51.511,London Borough of Tower Hamlets
1129,335.14428843575814,Entire home/apt,False,False,2.0,False,0,1,10.0,95.0,0,3.935016885207956,0.3645570019424634,483.42767938252274,33.60359444224861,792.4116400426728,14.188791641358902,-0.071,51.511,London Borough of Tower Hamlets
4097,334.90909946141727,Entire home/apt,False,False,2.0,False,0,1,10.0,90.0,0,3.935027202296321,0.364566795907017,483.4244292089872,33.60336851907951,792.4100124122609,14.188762497278208,-0.071,51.511,London Borough of Tower Hamlets
1790,353.95940638302875,Entire home/apt,False,False,2.0,False,0,1,10.0,90.0,0,4.1850080894232,0.4344939125611116,352.0339105142033,24.47026776362487,724.2098672003963,12.96758198777754,-0.181,51.49100000000001,Royal Borough of Kensington and Chelsea
1793,353.95940638302875,Entire home/apt,False,False,2.0,False,0,1,9.0,91.0,0,4.185008774147673,0.4344725643734805,352.0354477526372,24.470374618774247,724.2119118495222,12.967618598926292,-0.181,51.49100000000001,Royal Borough of Kensington and Chelsea
1785,353.95940638302875,Entire home/apt,False,False,2.0,False,0,1,7.0,80.0,0,4.1850076511958205,0.4344716568304266,352.0357049923405,24.47039249979148,724.2123870323104,12.967627107470634,-0.181,51.49100000000001,Royal Borough of Kensington and Chelsea
1129,335.14428843575814,Entire home/apt,False,False,2.0,False,0,1,10.0,95.0,0,3.935016885207956,0.3645570019424634,483.42767938252274,33.60359444224861,792.4116400426728,14.188791641358902,-0.071,51.511,London Borough of Tower Hamlets
1129,335.14428843575814,Entire home/apt,False,False,2.0,False,0,1,10.0,95.0,0,3.935016885207956,0.3645570019424634,483.42767938252274,33.60359444224861,792.4116400426728,14.188791641358902,-0.071,51.511,London Borough of Tower Hamlets
2449,334.67391048707634,Entire home/apt,False,False,2.0,False,0,1,10.0,93.0,0,3.93503196214065,0.3645711329449925,483.42312529945735,33.60327788288117,792.4089731855695,14.188743889057116,-0.071,51.511,London Borough of Tower Hamlets
1784,353.95940638302875,Entire home/apt,False,False,2.0,False,0,1,8.0,80.0,0,4.185009900870399,0.4345251757001291,352.03119059768704,24.4700786992096,724.205920831865,12.967511324755948,-0.181,51.49100000000001,Royal Borough of Kensington and Chelsea
4097,334.90909946141727,Entire home/apt,False,False,2.0,False,0,1,10.0,90.0,0,3.935027202296321,0.364566795907017,483.4244292089872,33.60336851907951,792.4100124122609,14.188762497278208,-0.071,51.511,London Borough of Tower Hamlets
1786,353.95940638302875,Entire home/apt,False,False,2.0,False,0,1,8.0,100.0,0,4.184998573668654,0.4344775990651961,352.0367573373497,24.47046564946083,724.2148145215643,12.967670573691336,-0.181,51.49100000000001,Royal Borough of Kensington and Chelsea
2454,333.73315458971285,Entire home/apt,False,False,2.0,False,0,1,9.0,100.0,0,3.935022497510558,0.3645646194700297,483.4234439615026,33.603300033433555,792.4143908651432,14.188840897130657,-0.071,51.511,London Borough of Tower Hamlets
1069,240.5983207507232,Entire home/apt,False,False,2.0,True,0,1,9.0,95.0,0,3.84018884542593,0.4925590303643716,322.8907916127281,22.44449722934709,920.8812155486625,16.489146591988035,-0.08,51.526,London Borough of Hackney
1787,353.95940638302875,Entire home/apt,False,False,2.0,False,0,1,10.0,60.0,0,4.184994887606691,0.4344783274445184,352.0373149648103,24.47050441076441,724.2159801656397,12.967691445521176,-0.181,51.49100000000001,Royal Borough of Kensington and Chelsea
3903,334.43872151273547,Entire home/apt,False,False,2.0,False,0,1,10.0,95.0,0,3.935023151065557,0.3645583961197164,483.43061339090224,33.60379838842687,792.4034211174973,14.188644474645368,-0.071,51.511,London Borough of Tower Hamlets
2449,334.67391048707634,Entire home/apt,False,False,2.0,False,0,1,10.0,93.0,0,3.93503196214065,0.3645711329449925,483.42312529945735,33.60327788288117,792.4089731855695,14.188743889057116,-0.071,51.511,London Borough of Tower Hamlets
2454,333.73315458971285,Entire home/apt,False,False,2.0,False,0,1,9.0,100.0,0,3.935022497510558,0.3645646194700297,483.4234439615026,33.603300033433555,792.4143908651432,14.188840897130657,-0.071,51.511,London Borough of Tower Hamlets
4435,345.2574143324161,Entire home/apt,False,False,2.0,False,0,1,10.0,95.0,0,3.93501558805636,0.3645525812676384,483.4315251093895,33.603861762990626,792.4067813349408,14.18870464214262,-0.071,51.511,London Borough of Tower Hamlets
4427,584.444601237094,Entire home/apt,False,False,6.0,False,0,1,7.0,80.0,2,3.83830417746245,0.1669145367146329,272.9070999529292,18.97007535634291,513.9674078338226,9.203015316396318,-0.122,51.474,London Borough of Lambeth
1346,183.4473999858887,Private room,False,True,2.0,False,0,1,8.0,80.0,1,9.523276958098256,0.2875342530726114,117.4176352548939,8.161830122166506,299.0821537907685,5.355315532161475,-0.165,51.426,London Borough of Wandsworth
1793,353.95940638302875,Entire home/apt,False,False,2.0,False,0,1,9.0,91.0,0,4.185008774147673,0.4344725643734805,352.0354477526372,24.470374618774247,724.2119118495222,12.967618598926292,-0.181,51.49100000000001,Royal Borough of Kensington and Chelsea
1164,211.9052658811355,Private room,False,True,2.0,False,0,1,9.0,86.0,1,9.504499382662347,0.3413956465950518,117.625528333863,8.176281000779728,286.47155645293776,5.12951226393851,-0.1639999999999999,51.426,London Borough of Wandsworth
1128,345.49260330675696,Entire home/apt,False,False,2.0,False,0,1,10.0,90.0,0,3.935028691709733,0.3645633019430278,483.4292493844002,33.60370357482131,792.4019844804614,14.18861875046044,-0.071,51.511,London Borough of Tower Hamlets
4097,334.90909946141727,Entire home/apt,False,False,2.0,False,0,1,10.0,90.0,0,3.935027202296321,0.364566795907017,483.4244292089872,33.60336851907951,792.4100124122609,14.188762497278208,-0.071,51.511,London Borough of Tower Hamlets
1792,353.95940638302875,Entire home/apt,False,False,2.0,False,0,1,8.0,77.0,0,4.184982355615324,0.4344912097016554,352.0384058762985,24.470580241232508,724.2188380462364,12.967742618258011,-0.181,51.49100000000001,Royal Borough of Kensington and Chelsea
1792,353.95940638302875,Entire home/apt,False,False,2.0,False,0,1,8.0,77.0,0,4.184982355615324,0.4344912097016554,352.0384058762985,24.470580241232508,724.2188380462364,12.967742618258011,-0.181,51.49100000000001,Royal Borough of Kensington and Chelsea
1113,335.14428843575814,Entire home/apt,False,False,2.0,False,0,1,9.0,92.0,0,3.935003107791964,0.364541716047097,483.4343982774293,33.604061480089364,792.410309638567,14.188767819363235,-0.071,51.511,London Borough of Tower Hamlets
4380,584.444601237094,Entire home/apt,False,False,5.0,False,0,1,8.0,60.0,2,3.838301183617757,0.1669186395099546,272.9073015006934,18.97008936615165,513.9675195260401,9.203017316338672,-0.122,51.474,London Borough of Lambeth
1690,379.83019356052586,Entire home/apt,False,False,2.0,False,0,1,10.0,87.0,0,4.185024016230776,0.4344878866541066,352.03172392291725,24.47011577123817,724.205141441664,12.967497369124036,-0.181,51.49100000000001,Royal Borough of Kensington and Chelsea
4378,532.7030268820997,Entire home/apt,False,False,2.0,False,0,1,10.0,100.0,1,3.838324230880153,0.1668969014571163,272.9058413379417,18.969987868618475,513.9654389836609,9.20298006249127,-0.122,51.474,London Borough of Lambeth
1124,319.62181612925986,Entire home/apt,False,False,2.0,False,0,1,10.0,93.0,0,3.9350203952685936,0.3645594358265034,483.42754153605495,33.60358486038766,792.4096601649953,14.18875618999698,-0.071,51.511,London Borough of Tower Hamlets
1784,353.95940638302875,Entire home/apt,False,False,2.0,False,0,1,8.0,80.0,0,4.185009900870399,0.4345251757001291,352.03119059768704,24.4700786992096,724.205920831865,12.967511324755948,-0.181,51.49100000000001,Royal Borough of Kensington and Chelsea
984,763.6585996848468,Entire home/apt,False,False,3.0,False,0,1,10.0,100.0,1,1.4266090019472444,0.1423307593729682,590.5436538196807,41.04934468946264,1527.5445842645636,27.35196043794727,-0.136,51.52,London Borough of Camden
1124,319.62181612925986,Entire home/apt,False,False,2.0,False,0,1,10.0,93.0,0,3.9350203952685936,0.3645594358265034,483.42754153605495,33.60358486038766,792.4096601649953,14.18875618999698,-0.071,51.511,London Borough of Tower Hamlets
4435,345.2574143324161,Entire home/apt,False,False,2.0,False,0,1,10.0,95.0,0,3.93501558805636,0.3645525812676384,483.4315251093895,33.603861762990626,792.4067813349408,14.18870464214262,-0.071,51.511,London Borough of Tower Hamlets
1347,183.4473999858887,Private room,False,True,2.0,False,0,1,7.0,76.0,1,9.523273799541748,0.287538712097689,117.41767165760656,8.16183265255946,299.0811669371804,5.355297861724503,-0.165,51.426,London Borough of Wandsworth
1691,379.83019356052586,Entire home/apt,False,False,2.0,False,0,1,7.0,80.0,0,4.18501378287374,0.4344951605577924,352.03286570381954,24.470195137695693,724.2078143380202,12.96754522956369,-0.181,51.49100000000001,Royal Borough of Kensington and Chelsea
1131,345.49260330675696,Entire home/apt,False,False,2.0,False,0,1,10.0,92.0,0,3.935009188976384,0.3645452063342208,483.4349425450207,33.604099312733595,792.4057271945105,14.188685766878592,-0.071,51.511,London Borough of Tower Hamlets
1785,353.95940638302875,Entire home/apt,False,False,2.0,False,0,1,7.0,80.0,0,4.1850076511958205,0.4344716568304266,352.0357049923405,24.47039249979148,724.2123870323104,12.967627107470634,-0.181,51.49100000000001,Royal Borough of Kensington and Chelsea
1793,353.95940638302875,Entire home/apt,False,False,2.0,False,0,1,9.0,91.0,0,4.185008774147673,0.4344725643734805,352.0354477526372,24.470374618774247,724.2119118495222,12.967618598926292,-0.181,51.49100000000001,Royal Borough of Kensington and Chelsea
1131,345.49260330675696,Entire home/apt,False,False,2.0,False,0,1,10.0,92.0,0,3.935009188976384,0.3645452063342208,483.4349425450207,33.604099312733595,792.4057271945105,14.188685766878592,-0.071,51.511,London Borough of Tower Hamlets
3903,334.43872151273547,Entire home/apt,False,False,2.0,False,0,1,10.0,95.0,0,3.935023151065557,0.3645583961197164,483.43061339090224,33.60379838842687,792.4034211174973,14.188644474645368,-0.071,51.511,London Borough of Tower Hamlets
1787,353.95940638302875,Entire home/apt,False,False,2.0,False,0,1,10.0,60.0,0,4.184994887606691,0.4344783274445184,352.0373149648103,24.47050441076441,724.2159801656397,12.967691445521176,-0.181,51.49100000000001,Royal Borough of Kensington and Chelsea
4435,345.2574143324161,Entire home/apt,False,False,2.0,False,0,1,10.0,95.0,0,3.93501558805636,0.3645525812676384,483.4315251093895,33.603861762990626,792.4067813349408,14.18870464214262,-0.071,51.511,London Borough of Tower Hamlets
3594,297.51405254121687,Private room,False,True,2.0,False,1,0,8.0,85.0,1,4.863236431074449,0.6203533160880184,245.5175172314791,17.066195067796688,539.3556821733558,9.657613553643184,-0.19175,51.52576,City of Westminster
1113,335.14428843575814,Entire home/apt,False,False,2.0,False,0,1,9.0,92.0,0,3.935003107791964,0.364541716047097,483.4343982774293,33.604061480089364,792.410309638567,14.188767819363235,-0.071,51.511,London Borough of Tower Hamlets
1790,353.95940638302875,Entire home/apt,False,False,2.0,False,0,1,10.0,90.0,0,4.1850080894232,0.4344939125611116,352.0339105142033,24.47026776362487,724.2098672003963,12.96758198777754,-0.181,51.49100000000001,Royal Borough of Kensington and Chelsea
1792,353.95940638302875,Entire home/apt,False,False,2.0,False,0,1,8.0,77.0,0,4.184982355615324,0.4344912097016554,352.0384058762985,24.470580241232508,724.2188380462364,12.967742618258011,-0.181,51.49100000000001,Royal Borough of Kensington and Chelsea
1128,345.49260330675696,Entire home/apt,False,False,2.0,False,0,1,10.0,90.0,0,3.935028691709733,0.3645633019430278,483.4292493844002,33.60370357482131,792.4019844804614,14.18861875046044,-0.071,51.511,London Borough of Tower Hamlets
1162,211.9052658811355,Private room,False,True,2.0,False,0,1,8.0,76.0,1,9.5045092666229,0.3413813473888904,117.6254134834474,8.176273017399893,286.4760688581928,5.1295930623199695,-0.1639999999999999,51.426,London Borough of Wandsworth
960,388.0618076624568,Private room,False,True,2.0,False,0,1,9.0,82.0,1,1.4266149926433769,0.14231034412013,590.5446580850522,41.04941449706303,1527.5246131420804,27.351602838334344,-0.136,51.52,London Borough of Camden
960,388.0618076624568,Private room,False,True,2.0,False,0,1,9.0,82.0,1,1.4266149926433769,0.14231034412013,590.5446580850522,41.04941449706303,1527.5246131420804,27.351602838334344,-0.136,51.52,London Borough of Camden
4097,334.90909946141727,Entire home/apt,False,False,2.0,False,0,1,10.0,90.0,0,3.935027202296321,0.364566795907017,483.4244292089872,33.60336851907951,792.4100124122609,14.188762497278208,-0.071,51.511,London Borough of Tower Hamlets
2454,333.73315458971285,Entire home/apt,False,False,2.0,False,0,1,9.0,100.0,0,3.935022497510558,0.3645646194700297,483.4234439615026,33.603300033433555,792.4143908651432,14.188840897130657,-0.071,51.511,London Borough of Tower Hamlets
2617,322.2088948470096,Private room,False,True,2.0,False,0,1,9.0,84.0,1,1.4266087184992553,0.1423170843671968,590.5456050615219,41.04948032244827,1527.5305044976649,27.351708327972112,-0.136,51.52,London Borough of Camden
1788,353.95940638302875,Entire home/apt,False,False,2.0,False,0,1,9.0,80.0,0,4.185031916992533,0.4344974168096186,352.02967093427617,24.46997306571957,724.2014619309941,12.967431484415137,-0.181,51.49100000000001,Royal Borough of Kensington and Chelsea
1790,353.95940638302875,Entire home/apt,False,False,2.0,False,0,1,10.0,90.0,0,4.1850080894232,0.4344939125611116,352.0339105142033,24.47026776362487,724.2098672003963,12.96758198777754,-0.181,51.49100000000001,Royal Borough of Kensington and Chelsea
3911,219.4313130600437,Private room,False,True,2.0,True,1,0,10.0,93.0,1,3.0920068427097727,0.3380969077216892,380.9865741507636,26.482799541094675,855.8838480782332,15.325314490499602,-0.17054,51.51549,City of Westminster
4435,345.2574143324161,Entire home/apt,False,False,2.0,False,0,1,10.0,95.0,0,3.93501558805636,0.3645525812676384,483.4315251093895,33.603861762990626,792.4067813349408,14.18870464214262,-0.071,51.511,London Borough of Tower Hamlets
1783,353.95940638302875,Entire home/apt,False,False,2.0,False,0,1,9.0,70.0,0,4.185012481931481,0.4344889899324827,352.033559676093,24.470243376478503,724.2089110809626,12.967564867661247,-0.181,51.49100000000001,Royal Borough of Kensington and Chelsea
1835,232.3667066487923,Private room,False,True,2.0,False,1,0,9.0,87.0,1,1.461627211199483,0.0910898406358221,622.0294055868428,43.23795423379912,1359.342939227423,24.340169628012585,-0.13315,51.52098,London Borough of Camden
4097,334.90909946141727,Entire home/apt,False,False,2.0,False,0,1,10.0,90.0,0,3.935027202296321,0.364566795907017,483.4244292089872,33.60336851907951,792.4100124122609,14.188762497278208,-0.071,51.511,London Borough of Tower Hamlets
1129,335.14428843575814,Entire home/apt,False,False,2.0,False,0,1,10.0,95.0,0,3.935016885207956,0.3645570019424634,483.42767938252274,33.60359444224861,792.4116400426728,14.188791641358902,-0.071,51.511,London Borough of Tower Hamlets
1784,353.95940638302875,Entire home/apt,False,False,2.0,False,0,1,8.0,80.0,0,4.185009900870399,0.4345251757001291,352.03119059768704,24.4700786992096,724.205920831865,12.967511324755948,-0.181,51.49100000000001,Royal Borough of Kensington and Chelsea
1124,319.62181612925986,Entire home/apt,False,False,2.0,False,0,1,10.0,93.0,0,3.9350203952685936,0.3645594358265034,483.42754153605495,33.60358486038766,792.4096601649953,14.18875618999698,-0.071,51.511,London Borough of Tower Hamlets
3903,334.43872151273547,Entire home/apt,False,False,2.0,False,0,1,10.0,95.0,0,3.935023151065557,0.3645583961197164,483.43061339090224,33.60379838842687,792.4034211174973,14.188644474645368,-0.071,51.511,London Borough of Tower Hamlets
4321,227.66292716197464,Private room,False,True,2.0,False,0,1,8.0,77.0,1,9.5232931838848,0.2875573137571739,117.41743126544029,8.161815942633224,299.09312225443887,5.355511931656108,-0.165,51.426,London Borough of Wandsworth
4435,345.2574143324161,Entire home/apt,False,False,2.0,False,0,1,10.0,95.0,0,3.93501558805636,0.3645525812676384,483.4315251093895,33.603861762990626,792.4067813349408,14.18870464214262,-0.071,51.511,London Borough of Tower Hamlets
3564,126.531668195395,Private room,False,True,2.0,False,1,0,8.0,74.0,1,5.839323086449914,0.34980436032921,224.2252893468392,15.586148680048948,459.9137847794876,8.23514009066489,-0.04513,51.5189,London Borough of Tower Hamlets
3421,232.13151767445143,Private room,False,True,2.0,False,0,1,8.0,82.0,1,9.50450655110868,0.3414047381155742,117.62543862670536,8.176274765135654,286.47178917992704,5.129516431109452,-0.1639999999999999,51.426,London Borough of Wandsworth
3903,334.43872151273547,Entire home/apt,False,False,2.0,False,0,1,10.0,95.0,0,3.935023151065557,0.3645583961197164,483.43061339090224,33.60379838842687,792.4034211174973,14.188644474645368,-0.071,51.511,London Borough of Tower Hamlets
1124,319.62181612925986,Entire home/apt,False,False,2.0,False,0,1,10.0,93.0,0,3.9350203952685936,0.3645594358265034,483.42754153605495,33.60358486038766,792.4096601649953,14.18875618999698,-0.071,51.511,London Borough of Tower Hamlets
958,388.0618076624568,Private room,False,True,2.0,False,0,1,8.0,76.0,1,1.4266133952065438,0.1423099738218652,590.5451840312672,41.04945105616806,1527.5239717823736,27.35159135425361,-0.136,51.52,London Borough of Camden
2454,333.73315458971285,Entire home/apt,False,False,2.0,False,0,1,9.0,100.0,0,3.935022497510558,0.3645646194700297,483.4234439615026,33.603300033433555,792.4143908651432,14.188840897130657,-0.071,51.511,London Borough of Tower Hamlets
1785,353.95940638302875,Entire home/apt,False,False,2.0,False,0,1,7.0,80.0,0,4.1850076511958205,0.4344716568304266,352.0357049923405,24.47039249979148,724.2123870323104,12.967627107470634,-0.181,51.49100000000001,Royal Borough of Kensington and Chelsea
1124,319.62181612925986,Entire home/apt,False,False,2.0,False,0,1,10.0,93.0,0,3.9350203952685936,0.3645594358265034,483.42754153605495,33.60358486038766,792.4096601649953,14.18875618999698,-0.071,51.511,London Borough of Tower Hamlets
4427,584.444601237094,Entire home/apt,False,False,6.0,False,0,1,7.0,80.0,2,3.83830417746245,0.1669145367146329,272.9070999529292,18.97007535634291,513.9674078338226,9.203015316396318,-0.122,51.474,London Borough of Lambeth
1784,353.95940638302875,Entire home/apt,False,False,2.0,False,0,1,8.0,80.0,0,4.185009900870399,0.4345251757001291,352.03119059768704,24.4700786992096,724.205920831865,12.967511324755948,-0.181,51.49100000000001,Royal Borough of Kensington and Chelsea
1129,335.14428843575814,Entire home/apt,False,False,2.0,False,0,1,10.0,95.0,0,3.935016885207956,0.3645570019424634,483.42767938252274,33.60359444224861,792.4116400426728,14.188791641358902,-0.071,51.511,London Borough of Tower Hamlets
1124,319.62181612925986,Entire home/apt,False,False,2.0,False,0,1,10.0,93.0,0,3.9350203952685936,0.3645594358265034,483.42754153605495,33.60358486038766,792.4096601649953,14.18875618999698,-0.071,51.511,London Borough of Tower Hamlets
1128,345.49260330675696,Entire home/apt,False,False,2.0,False,0,1,10.0,90.0,0,3.935028691709733,0.3645633019430278,483.4292493844002,33.60370357482131,792.4019844804614,14.18861875046044,-0.071,51.511,London Borough of Tower Hamlets
1790,353.95940638302875,Entire home/apt,False,False,2.0,False,0,1,10.0,90.0,0,4.1850080894232,0.4344939125611116,352.0339105142033,24.47026776362487,724.2098672003963,12.96758198777754,-0.181,51.49100000000001,Royal Borough of Kensington and Chelsea
1793,353.95940638302875,Entire home/apt,False,False,2.0,False,0,1,9.0,91.0,0,4.185008774147673,0.4344725643734805,352.0354477526372,24.470374618774247,724.2119118495222,12.967618598926292,-0.181,51.49100000000001,Royal Borough of Kensington and Chelsea
2449,334.67391048707634,Entire home/apt,False,False,2.0,False,0,1,10.0,93.0,0,3.93503196214065,0.3645711329449925,483.42312529945735,33.60327788288117,792.4089731855695,14.188743889057116,-0.071,51.511,London Borough of Tower Hamlets
2327,277.9933676709236,Private room,False,True,2.0,True,0,0,10.0,98.0,1,2.923932728589773,0.5138642989729901,535.0772912822925,37.19381627976582,900.9726581902104,16.132667259826903,-0.16689,51.49902,City of Westminster
1793,353.95940638302875,Entire home/apt,False,False,2.0,False,0,1,9.0,91.0,0,4.185008774147673,0.4344725643734805,352.0354477526372,24.470374618774247,724.2119118495222,12.967618598926292,-0.181,51.49100000000001,Royal Borough of Kensington and Chelsea
4435,345.2574143324161,Entire home/apt,False,False,2.0,False,0,1,10.0,95.0,0,3.93501558805636,0.3645525812676384,483.4315251093895,33.603861762990626,792.4067813349408,14.18870464214262,-0.071,51.511,London Borough of Tower Hamlets
1784,353.95940638302875,Entire home/apt,False,False,2.0,False,0,1,8.0,80.0,0,4.185009900870399,0.4345251757001291,352.03119059768704,24.4700786992096,724.205920831865,12.967511324755948,-0.181,51.49100000000001,Royal Borough of Kensington and Chelsea
1114,345.49260330675696,Entire home/apt,False,False,2.0,False,0,1,10.0,89.0,0,3.9350119094347935,0.3645471746323017,483.4347475377076,33.60408575755887,792.4043229089667,14.188660621974128,-0.071,51.511,London Borough of Tower Hamlets
2449,334.67391048707634,Entire home/apt,False,False,2.0,False,0,1,10.0,93.0,0,3.93503196214065,0.3645711329449925,483.42312529945735,33.60327788288117,792.4089731855695,14.188743889057116,-0.071,51.511,London Borough of Tower Hamlets
3903,334.43872151273547,Entire home/apt,False,False,2.0,False,0,1,10.0,95.0,0,3.935023151065557,0.3645583961197164,483.43061339090224,33.60379838842687,792.4034211174973,14.188644474645368,-0.071,51.511,London Borough of Tower Hamlets
4435,345.2574143324161,Entire home/apt,False,False,2.0,False,0,1,10.0,95.0,0,3.93501558805636,0.3645525812676384,483.4315251093895,33.603861762990626,792.4067813349408,14.18870464214262,-0.071,51.511,London Borough of Tower Hamlets
961,388.0618076624568,Private room,False,True,2.0,False,0,1,7.0,70.0,1,1.4266143257997663,0.1423307430766109,590.5420717502211,41.04923471805892,1527.5454471748717,27.351975889076392,-0.136,51.52,London Borough of Camden
1786,353.95940638302875,Entire home/apt,False,False,2.0,False,0,1,8.0,100.0,0,4.184998573668654,0.4344775990651961,352.0367573373497,24.47046564946083,724.2148145215643,12.967670573691336,-0.181,51.49100000000001,Royal Borough of Kensington and Chelsea
1162,211.9052658811355,Private room,False,True,2.0,False,0,1,8.0,76.0,1,9.5045092666229,0.3413813473888904,117.6254134834474,8.176273017399893,286.4760688581928,5.1295930623199695,-0.1639999999999999,51.426,London Borough of Wandsworth
1785,353.95940638302875,Entire home/apt,False,False,2.0,False,0,1,7.0,80.0,0,4.1850076511958205,0.4344716568304266,352.0357049923405,24.47039249979148,724.2123870323104,12.967627107470634,-0.181,51.49100000000001,Royal Borough of Kensington and Chelsea
3421,232.13151767445143,Private room,False,True,2.0,False,0,1,8.0,82.0,1,9.50450655110868,0.3414047381155742,117.62543862670536,8.176274765135654,286.47178917992704,5.129516431109452,-0.1639999999999999,51.426,London Borough of Wandsworth
1788,353.95940638302875,Entire home/apt,False,False,2.0,False,0,1,9.0,80.0,0,4.185031916992533,0.4344974168096186,352.02967093427617,24.46997306571957,724.2014619309941,12.967431484415137,-0.181,51.49100000000001,Royal Borough of Kensington and Chelsea
1350,211.9052658811355,Private room,False,True,2.0,False,0,1,9.0,80.0,1,9.50452630738396,0.3414020576004548,117.6252005302904,8.176258214789641,286.47676413269,5.129605511790013,-0.1639999999999999,51.426,London Borough of Wandsworth
4097,334.90909946141727,Entire home/apt,False,False,2.0,False,0,1,10.0,90.0,0,3.935027202296321,0.364566795907017,483.4244292089872,33.60336851907951,792.4100124122609,14.188762497278208,-0.071,51.511,London Borough of Tower Hamlets
2454,333.73315458971285,Entire home/apt,False,False,2.0,False,0,1,9.0,100.0,0,3.935022497510558,0.3645646194700297,483.4234439615026,33.603300033433555,792.4143908651432,14.188840897130657,-0.071,51.511,London Borough of Tower Hamlets
1113,335.14428843575814,Entire home/apt,False,False,2.0,False,0,1,9.0,92.0,0,3.935003107791964,0.364541716047097,483.4343982774293,33.604061480089364,792.410309638567,14.188767819363235,-0.071,51.511,London Borough of Tower Hamlets
958,388.0618076624568,Private room,False,True,2.0,False,0,1,8.0,76.0,1,1.4266133952065438,0.1423099738218652,590.5451840312672,41.04945105616806,1527.5239717823736,27.35159135425361,-0.136,51.52,London Borough of Camden
1787,353.95940638302875,Entire home/apt,False,False,2.0,False,0,1,10.0,60.0,0,4.184994887606691,0.4344783274445184,352.0373149648103,24.47050441076441,724.2159801656397,12.967691445521176,-0.181,51.49100000000001,Royal Borough of Kensington and Chelsea
4435,345.2574143324161,Entire home/apt,False,False,2.0,False,0,1,10.0,95.0,0,3.93501558805636,0.3645525812676384,483.4315251093895,33.603861762990626,792.4067813349408,14.18870464214262,-0.071,51.511,London Borough of Tower Hamlets
1309,251.8873915190856,Private room,False,True,2.0,True,0,1,10.0,96.0,1,4.297338691413155,1.6469655857249432,261.0000109443768,18.142400386340736,481.40318853645937,8.619925796725806,-0.0870799999999999,51.47909,London Borough of Southwark
984,763.6585996848468,Entire home/apt,False,False,3.0,False,0,1,10.0,100.0,1,1.4266090019472444,0.1423307593729682,590.5436538196807,41.04934468946264,1527.5445842645636,27.35196043794727,-0.136,51.52,London Borough of Camden
984,763.6585996848468,Entire home/apt,False,False,3.0,False,0,1,10.0,100.0,1,1.4266090019472444,0.1423307593729682,590.5436538196807,41.04934468946264,1527.5445842645636,27.35196043794727,-0.136,51.52,London Borough of Camden
984,763.6585996848468,Entire home/apt,False,False,3.0,False,0,1,10.0,100.0,1,1.4266090019472444,0.1423307593729682,590.5436538196807,41.04934468946264,1527.5445842645636,27.35196043794727,-0.136,51.52,London Borough of Camden
1128,345.49260330675696,Entire home/apt,False,False,2.0,False,0,1,10.0,90.0,0,3.935028691709733,0.3645633019430278,483.4292493844002,33.60370357482131,792.4019844804614,14.18861875046044,-0.071,51.511,London Borough of Tower Hamlets
981,1001.6698417178204,Entire home/apt,False,False,4.0,False,0,1,9.0,90.0,2,1.4266038704263206,0.1423151120270535,590.5473171430174,41.04959933113288,1527.527689830579,27.35165792900925,-0.136,51.52,London Borough of Camden
1129,335.14428843575814,Entire home/apt,False,False,2.0,False,0,1,10.0,95.0,0,3.935016885207956,0.3645570019424634,483.42767938252274,33.60359444224861,792.4116400426728,14.188791641358902,-0.071,51.511,London Borough of Tower Hamlets
2009,400.7620122768645,Entire home/apt,False,False,3.0,False,1,0,9.0,87.0,0,6.377499101404459,0.5229958664854322,181.1857773706623,12.594424442646831,407.3835974617628,7.294543253025538,-0.19997,51.54357,London Borough of Camden
1690,379.83019356052586,Entire home/apt,False,False,2.0,False,0,1,10.0,87.0,0,4.185024016230776,0.4344878866541066,352.03172392291725,24.47011577123817,724.205141441664,12.967497369124036,-0.181,51.49100000000001,Royal Borough of Kensington and Chelsea
1787,353.95940638302875,Entire home/apt,False,False,2.0,False,0,1,10.0,60.0,0,4.184994887606691,0.4344783274445184,352.0373149648103,24.47050441076441,724.2159801656397,12.967691445521176,-0.181,51.49100000000001,Royal Borough of Kensington and Chelsea
1350,211.9052658811355,Private room,False,True,2.0,False,0,1,9.0,80.0,1,9.50452630738396,0.3414020576004548,117.6252005302904,8.176258214789641,286.47676413269,5.129605511790013,-0.1639999999999999,51.426,London Borough of Wandsworth
1785,353.95940638302875,Entire home/apt,False,False,2.0,False,0,1,7.0,80.0,0,4.1850076511958205,0.4344716568304266,352.0357049923405,24.47039249979148,724.2123870323104,12.967627107470634,-0.181,51.49100000000001,Royal Borough of Kensington and Chelsea
1129,335.14428843575814,Entire home/apt,False,False,2.0,False,0,1,10.0,95.0,0,3.935016885207956,0.3645570019424634,483.42767938252274,33.60359444224861,792.4116400426728,14.188791641358902,-0.071,51.511,London Borough of Tower Hamlets
1346,183.4473999858887,Private room,False,True,2.0,False,0,1,8.0,80.0,1,9.523276958098256,0.2875342530726114,117.4176352548939,8.161830122166506,299.0821537907685,5.355315532161475,-0.165,51.426,London Borough of Wandsworth
4435,345.2574143324161,Entire home/apt,False,False,2.0,False,0,1,10.0,95.0,0,3.93501558805636,0.3645525812676384,483.4315251093895,33.603861762990626,792.4067813349408,14.18870464214262,-0.071,51.511,London Borough of Tower Hamlets
3469,170.04162844845834,Private room,False,True,2.0,False,1,0,10.0,93.0,1,4.221289578158465,0.5070729449240896,395.1390067669978,27.46655083687201,708.8724762721366,12.69295320495019,-0.067,51.512,London Borough of Tower Hamlets
961,388.0618076624568,Private room,False,True,2.0,False,0,1,7.0,70.0,1,1.4266143257997663,0.1423307430766109,590.5420717502211,41.04923471805892,1527.5454471748717,27.351975889076392,-0.136,51.52,London Borough of Camden
2454,333.73315458971285,Entire home/apt,False,False,2.0,False,0,1,9.0,100.0,0,3.935022497510558,0.3645646194700297,483.4234439615026,33.603300033433555,792.4143908651432,14.188840897130657,-0.071,51.511,London Borough of Tower Hamlets
1131,345.49260330675696,Entire home/apt,False,False,2.0,False,0,1,10.0,92.0,0,3.935009188976384,0.3645452063342208,483.4349425450207,33.604099312733595,792.4057271945105,14.188685766878592,-0.071,51.511,London Borough of Tower Hamlets
1783,353.95940638302875,Entire home/apt,False,False,2.0,False,0,1,9.0,70.0,0,4.185012481931481,0.4344889899324827,352.033559676093,24.470243376478503,724.2089110809626,12.967564867661247,-0.181,51.49100000000001,Royal Borough of Kensington and Chelsea
1168,211.9052658811355,Private room,False,True,2.0,False,0,1,9.0,84.0,1,9.504513562789166,0.3414039462546295,117.62535407147,8.176268887607415,286.47352957660104,5.129547594364171,-0.1639999999999999,51.426,London Borough of Wandsworth
531,317.269926385851,Private room,False,True,2.0,False,0,0,10.0,98.0,1,5.589311039885056,0.5614468398674506,208.5822091141302,14.498780814313712,448.50492598514575,8.030854953851549,-0.1597,51.55437,London Borough of Camden
1044,748.1361273783485,Entire home/apt,False,False,2.0,True,0,1,10.0,100.0,1,3.9741084555159767,0.1573836995910053,411.6244300379989,28.612470901927257,814.5468676003863,14.585141361478549,-0.071,51.514,London Borough of Tower Hamlets
4435,345.2574143324161,Entire home/apt,False,False,2.0,False,0,1,10.0,95.0,0,3.93501558805636,0.3645525812676384,483.4315251093895,33.603861762990626,792.4067813349408,14.18870464214262,-0.071,51.511,London Borough of Tower Hamlets
2607,123.7094005033044,Shared room,True,False,3.0,False,0,1,8.0,79.0,1,1.849494208427216,0.5769501075155351,542.8621862590711,37.73495296831726,805.8083753135966,14.428671365265211,-0.114,51.494,London Borough of Lambeth
1129,335.14428843575814,Entire home/apt,False,False,2.0,False,0,1,10.0,95.0,0,3.935016885207956,0.3645570019424634,483.42767938252274,33.60359444224861,792.4116400426728,14.188791641358902,-0.071,51.511,London Borough of Tower Hamlets
2454,333.73315458971285,Entire home/apt,False,False,2.0,False,0,1,9.0,100.0,0,3.935022497510558,0.3645646194700297,483.4234439615026,33.603300033433555,792.4143908651432,14.188840897130657,-0.071,51.511,London Borough of Tower Hamlets
1787,353.95940638302875,Entire home/apt,False,False,2.0,False,0,1,10.0,60.0,0,4.184994887606691,0.4344783274445184,352.0373149648103,24.47050441076441,724.2159801656397,12.967691445521176,-0.181,51.49100000000001,Royal Borough of Kensington and Chelsea
4435,345.2574143324161,Entire home/apt,False,False,2.0,False,0,1,10.0,95.0,0,3.93501558805636,0.3645525812676384,483.4315251093895,33.603861762990626,792.4067813349408,14.18870464214262,-0.071,51.511,London Borough of Tower Hamlets
1166,211.9052658811355,Private room,False,True,2.0,False,0,1,8.0,80.0,1,9.504501894440123,0.3414126680723994,117.62549234372166,8.176278499065067,286.4694771985963,5.129475033154496,-0.1639999999999999,51.426,London Borough of Wandsworth
1787,353.95940638302875,Entire home/apt,False,False,2.0,False,0,1,10.0,60.0,0,4.184994887606691,0.4344783274445184,352.0373149648103,24.47050441076441,724.2159801656397,12.967691445521176,-0.181,51.49100000000001,Royal Borough of Kensington and Chelsea
1691,379.83019356052586,Entire home/apt,False,False,2.0,False,0,1,7.0,80.0,0,4.18501378287374,0.4344951605577924,352.03286570381954,24.470195137695693,724.2078143380202,12.96754522956369,-0.181,51.49100000000001,Royal Borough of Kensington and Chelsea
1167,211.9052658811355,Private room,False,True,2.0,False,0,1,8.0,82.0,1,9.504490407326903,0.3413819230524423,117.62564142403738,8.176288861803243,286.4716302369913,5.129513585103558,-0.1639999999999999,51.426,London Borough of Wandsworth
4435,345.2574143324161,Entire home/apt,False,False,2.0,False,0,1,10.0,95.0,0,3.93501558805636,0.3645525812676384,483.4315251093895,33.603861762990626,792.4067813349408,14.18870464214262,-0.071,51.511,London Borough of Tower Hamlets
1786,353.95940638302875,Entire home/apt,False,False,2.0,False,0,1,8.0,100.0,0,4.184998573668654,0.4344775990651961,352.0367573373497,24.47046564946083,724.2148145215643,12.967670573691336,-0.181,51.49100000000001,Royal Borough of Kensington and Chelsea
2454,333.73315458971285,Entire home/apt,False,False,2.0,False,0,1,9.0,100.0,0,3.935022497510558,0.3645646194700297,483.4234439615026,33.603300033433555,792.4143908651432,14.188840897130657,-0.071,51.511,London Borough of Tower Hamlets
1113,335.14428843575814,Entire home/apt,False,False,2.0,False,0,1,9.0,92.0,0,3.935003107791964,0.364541716047097,483.4343982774293,33.604061480089364,792.410309638567,14.188767819363235,-0.071,51.511,London Borough of Tower Hamlets
142,243.6557774171547,Entire home/apt,False,False,2.0,True,0,1,10.0,96.0,0,3.840179512552354,0.4925595622335419,322.8924341671015,22.444611405124284,920.8560233702387,16.488695505011798,-0.08,51.526,London Borough of Hackney
1788,353.95940638302875,Entire home/apt,False,False,2.0,False,0,1,9.0,80.0,0,4.185031916992533,0.4344974168096186,352.02967093427617,24.46997306571957,724.2014619309941,12.967431484415137,-0.181,51.49100000000001,Royal Borough of Kensington and Chelsea
2616,322.2088948470096,Private room,False,True,2.0,False,0,1,9.0,84.0,1,1.4266218265235129,0.1423075064283409,590.5430117832034,41.04930006079465,1527.5228189960694,27.351570712652894,-0.136,51.52,London Borough of Camden
2616,322.2088948470096,Private room,False,True,2.0,False,0,1,9.0,84.0,1,1.4266218265235129,0.1423075064283409,590.5430117832034,41.04930006079465,1527.5228189960694,27.351570712652894,-0.136,51.52,London Borough of Camden
1124,319.62181612925986,Entire home/apt,False,False,2.0,False,0,1,10.0,93.0,0,3.9350203952685936,0.3645594358265034,483.42754153605495,33.60358486038766,792.4096601649953,14.18875618999698,-0.071,51.511,London Borough of Tower Hamlets
1786,353.95940638302875,Entire home/apt,False,False,2.0,False,0,1,8.0,100.0,0,4.184998573668654,0.4344775990651961,352.0367573373497,24.47046564946083,724.2148145215643,12.967670573691336,-0.181,51.49100000000001,Royal Borough of Kensington and Chelsea
1783,353.95940638302875,Entire home/apt,False,False,2.0,False,0,1,9.0,70.0,0,4.185012481931481,0.4344889899324827,352.033559676093,24.470243376478503,724.2089110809626,12.967564867661247,-0.181,51.49100000000001,Royal Borough of Kensington and Chelsea
1128,345.49260330675696,Entire home/apt,False,False,2.0,False,0,1,10.0,90.0,0,3.935028691709733,0.3645633019430278,483.4292493844002,33.60370357482131,792.4019844804614,14.18861875046044,-0.071,51.511,London Borough of Tower Hamlets
1786,353.95940638302875,Entire home/apt,False,False,2.0,False,0,1,8.0,100.0,0,4.184998573668654,0.4344775990651961,352.0367573373497,24.47046564946083,724.2148145215643,12.967670573691336,-0.181,51.49100000000001,Royal Borough of Kensington and Chelsea
3903,334.43872151273547,Entire home/apt,False,False,2.0,False,0,1,10.0,95.0,0,3.935023151065557,0.3645583961197164,483.43061339090224,33.60379838842687,792.4034211174973,14.188644474645368,-0.071,51.511,London Borough of Tower Hamlets
3903,334.43872151273547,Entire home/apt,False,False,2.0,False,0,1,10.0,95.0,0,3.935023151065557,0.3645583961197164,483.43061339090224,33.60379838842687,792.4034211174973,14.188644474645368,-0.071,51.511,London Borough of Tower Hamlets
1129,335.14428843575814,Entire home/apt,False,False,2.0,False,0,1,10.0,95.0,0,3.935016885207956,0.3645570019424634,483.42767938252274,33.60359444224861,792.4116400426728,14.188791641358902,-0.071,51.511,London Borough of Tower Hamlets
3903,334.43872151273547,Entire home/apt,False,False,2.0,False,0,1,10.0,95.0,0,3.935023151065557,0.3645583961197164,483.43061339090224,33.60379838842687,792.4034211174973,14.188644474645368,-0.071,51.511,London Borough of Tower Hamlets
1128,345.49260330675696,Entire home/apt,False,False,2.0,False,0,1,10.0,90.0,0,3.935028691709733,0.3645633019430278,483.4292493844002,33.60370357482131,792.4019844804614,14.18861875046044,-0.071,51.511,London Borough of Tower Hamlets
1783,353.95940638302875,Entire home/apt,False,False,2.0,False,0,1,9.0,70.0,0,4.185012481931481,0.4344889899324827,352.033559676093,24.470243376478503,724.2089110809626,12.967564867661247,-0.181,51.49100000000001,Royal Borough of Kensington and Chelsea
4377,532.7030268820997,Entire home/apt,False,False,4.0,False,0,1,2.0,20.0,1,3.838313139772806,0.1669076216763115,272.9065464194961,18.97003687961973,513.9664080795119,9.202997414961144,-0.122,51.474,London Borough of Lambeth
1783,353.95940638302875,Entire home/apt,False,False,2.0,False,0,1,9.0,70.0,0,4.185012481931481,0.4344889899324827,352.033559676093,24.470243376478503,724.2089110809626,12.967564867661247,-0.181,51.49100000000001,Royal Borough of Kensington and Chelsea
1114,345.49260330675696,Entire home/apt,False,False,2.0,False,0,1,10.0,89.0,0,3.9350119094347935,0.3645471746323017,483.4347475377076,33.60408575755887,792.4043229089667,14.188660621974128,-0.071,51.511,London Borough of Tower Hamlets
1128,345.49260330675696,Entire home/apt,False,False,2.0,False,0,1,10.0,90.0,0,3.935028691709733,0.3645633019430278,483.4292493844002,33.60370357482131,792.4019844804614,14.18861875046044,-0.071,51.511,London Borough of Tower Hamlets
1113,335.14428843575814,Entire home/apt,False,False,2.0,False,0,1,9.0,92.0,0,3.935003107791964,0.364541716047097,483.4343982774293,33.604061480089364,792.410309638567,14.188767819363235,-0.071,51.511,London Borough of Tower Hamlets
1350,211.9052658811355,Private room,False,True,2.0,False,0,1,9.0,80.0,1,9.50452630738396,0.3414020576004548,117.6252005302904,8.176258214789641,286.47676413269,5.129605511790013,-0.1639999999999999,51.426,London Borough of Wandsworth
4435,345.2574143324161,Entire home/apt,False,False,2.0,False,0,1,10.0,95.0,0,3.93501558805636,0.3645525812676384,483.4315251093895,33.603861762990626,792.4067813349408,14.18870464214262,-0.071,51.511,London Borough of Tower Hamlets
4435,345.2574143324161,Entire home/apt,False,False,2.0,False,0,1,10.0,95.0,0,3.93501558805636,0.3645525812676384,483.4315251093895,33.603861762990626,792.4067813349408,14.18870464214262,-0.071,51.511,London Borough of Tower Hamlets
730,106.0702274277382,Private room,False,True,2.0,False,0,0,9.0,88.0,1,16.595357835559014,5.779239735518232,72.07087939430026,5.009726802064106,146.9641944426144,2.631516535489203,0.10895,51.48689,Royal Borough of Greenwich
4097,334.90909946141727,Entire home/apt,False,False,2.0,False,0,1,10.0,90.0,0,3.935027202296321,0.364566795907017,483.4244292089872,33.60336851907951,792.4100124122609,14.188762497278208,-0.071,51.511,London Borough of Tower Hamlets
1129,335.14428843575814,Entire home/apt,False,False,2.0,False,0,1,10.0,95.0,0,3.935016885207956,0.3645570019424634,483.42767938252274,33.60359444224861,792.4116400426728,14.188791641358902,-0.071,51.511,London Borough of Tower Hamlets
1114,345.49260330675696,Entire home/apt,False,False,2.0,False,0,1,10.0,89.0,0,3.9350119094347935,0.3645471746323017,483.4347475377076,33.60408575755887,792.4043229089667,14.188660621974128,-0.071,51.511,London Borough of Tower Hamlets
1792,353.95940638302875,Entire home/apt,False,False,2.0,False,0,1,8.0,77.0,0,4.184982355615324,0.4344912097016554,352.0384058762985,24.470580241232508,724.2188380462364,12.967742618258011,-0.181,51.49100000000001,Royal Borough of Kensington and Chelsea
1131,345.49260330675696,Entire home/apt,False,False,2.0,False,0,1,10.0,92.0,0,3.935009188976384,0.3645452063342208,483.4349425450207,33.604099312733595,792.4057271945105,14.188685766878592,-0.071,51.511,London Borough of Tower Hamlets
1124,319.62181612925986,Entire home/apt,False,False,2.0,False,0,1,10.0,93.0,0,3.9350203952685936,0.3645594358265034,483.42754153605495,33.60358486038766,792.4096601649953,14.18875618999698,-0.071,51.511,London Borough of Tower Hamlets
1114,345.49260330675696,Entire home/apt,False,False,2.0,False,0,1,10.0,89.0,0,3.9350119094347935,0.3645471746323017,483.4347475377076,33.60408575755887,792.4043229089667,14.188660621974128,-0.071,51.511,London Borough of Tower Hamlets
1691,379.83019356052586,Entire home/apt,False,False,2.0,False,0,1,7.0,80.0,0,4.18501378287374,0.4344951605577924,352.03286570381954,24.470195137695693,724.2078143380202,12.96754522956369,-0.181,51.49100000000001,Royal Borough of Kensington and Chelsea
1124,319.62181612925986,Entire home/apt,False,False,2.0,False,0,1,10.0,93.0,0,3.9350203952685936,0.3645594358265034,483.42754153605495,33.60358486038766,792.4096601649953,14.18875618999698,-0.071,51.511,London Borough of Tower Hamlets
1128,345.49260330675696,Entire home/apt,False,False,2.0,False,0,1,10.0,90.0,0,3.935028691709733,0.3645633019430278,483.4292493844002,33.60370357482131,792.4019844804614,14.18861875046044,-0.071,51.511,London Borough of Tower Hamlets
1790,353.95940638302875,Entire home/apt,False,False,2.0,False,0,1,10.0,90.0,0,4.1850080894232,0.4344939125611116,352.0339105142033,24.47026776362487,724.2098672003963,12.96758198777754,-0.181,51.49100000000001,Royal Borough of Kensington and Chelsea
1128,345.49260330675696,Entire home/apt,False,False,2.0,False,0,1,10.0,90.0,0,3.935028691709733,0.3645633019430278,483.4292493844002,33.60370357482131,792.4019844804614,14.18861875046044,-0.071,51.511,London Borough of Tower Hamlets
1080,194.0309038312284,Private room,False,True,3.0,False,0,1,9.0,89.0,1,2.551951180259278,0.1707649430264532,426.1401473139431,29.621474517529503,1130.9790623325653,20.25112385440484,-0.122,51.531000000000006,London Borough of Islington
1783,353.95940638302875,Entire home/apt,False,False,2.0,False,0,1,9.0,70.0,0,4.185012481931481,0.4344889899324827,352.033559676093,24.470243376478503,724.2089110809626,12.967564867661247,-0.181,51.49100000000001,Royal Borough of Kensington and Chelsea
1114,345.49260330675696,Entire home/apt,False,False,2.0,False,0,1,10.0,89.0,0,3.9350119094347935,0.3645471746323017,483.4347475377076,33.60408575755887,792.4043229089667,14.188660621974128,-0.071,51.511,London Borough of Tower Hamlets
2449,334.67391048707634,Entire home/apt,False,False,2.0,False,0,1,10.0,93.0,0,3.93503196214065,0.3645711329449925,483.42312529945735,33.60327788288117,792.4089731855695,14.188743889057116,-0.071,51.511,London Borough of Tower Hamlets
1691,379.83019356052586,Entire home/apt,False,False,2.0,False,0,1,7.0,80.0,0,4.18501378287374,0.4344951605577924,352.03286570381954,24.470195137695693,724.2078143380202,12.96754522956369,-0.181,51.49100000000001,Royal Borough of Kensington and Chelsea
1691,379.83019356052586,Entire home/apt,False,False,2.0,False,0,1,7.0,80.0,0,4.18501378287374,0.4344951605577924,352.03286570381954,24.470195137695693,724.2078143380202,12.96754522956369,-0.181,51.49100000000001,Royal Borough of Kensington and Chelsea
1347,183.4473999858887,Private room,False,True,2.0,False,0,1,7.0,76.0,1,9.523273799541748,0.287538712097689,117.41767165760656,8.16183265255946,299.0811669371804,5.355297861724503,-0.165,51.426,London Borough of Wandsworth
1113,335.14428843575814,Entire home/apt,False,False,2.0,False,0,1,9.0,92.0,0,3.935003107791964,0.364541716047097,483.4343982774293,33.604061480089364,792.410309638567,14.188767819363235,-0.071,51.511,London Borough of Tower Hamlets
4323,227.66292716197464,Private room,False,True,2.0,False,0,1,8.0,86.0,1,9.523279652538989,0.2875551245595097,117.4175950830594,8.161827329777713,299.08615848024306,5.355387239468223,-0.165,51.426,London Borough of Wandsworth
1790,353.95940638302875,Entire home/apt,False,False,2.0,False,0,1,10.0,90.0,0,4.1850080894232,0.4344939125611116,352.0339105142033,24.47026776362487,724.2098672003963,12.96758198777754,-0.181,51.49100000000001,Royal Borough of Kensington and Chelsea
1131,345.49260330675696,Entire home/apt,False,False,2.0,False,0,1,10.0,92.0,0,3.935009188976384,0.3645452063342208,483.4349425450207,33.604099312733595,792.4057271945105,14.188685766878592,-0.071,51.511,London Borough of Tower Hamlets
1787,353.95940638302875,Entire home/apt,False,False,2.0,False,0,1,10.0,60.0,0,4.184994887606691,0.4344783274445184,352.0373149648103,24.47050441076441,724.2159801656397,12.967691445521176,-0.181,51.49100000000001,Royal Borough of Kensington and Chelsea
4097,334.90909946141727,Entire home/apt,False,False,2.0,False,0,1,10.0,90.0,0,3.935027202296321,0.364566795907017,483.4244292089872,33.60336851907951,792.4100124122609,14.188762497278208,-0.071,51.511,London Borough of Tower Hamlets
4323,227.66292716197464,Private room,False,True,2.0,False,0,1,8.0,86.0,1,9.523279652538989,0.2875551245595097,117.4175950830594,8.161827329777713,299.08615848024306,5.355387239468223,-0.165,51.426,London Borough of Wandsworth
1785,353.95940638302875,Entire home/apt,False,False,2.0,False,0,1,7.0,80.0,0,4.1850076511958205,0.4344716568304266,352.0357049923405,24.47039249979148,724.2123870323104,12.967627107470634,-0.181,51.49100000000001,Royal Borough of Kensington and Chelsea
2617,322.2088948470096,Private room,False,True,2.0,False,0,1,9.0,84.0,1,1.4266087184992553,0.1423170843671968,590.5456050615219,41.04948032244827,1527.5305044976649,27.351708327972112,-0.136,51.52,London Borough of Camden
1691,379.83019356052586,Entire home/apt,False,False,2.0,False,0,1,7.0,80.0,0,4.18501378287374,0.4344951605577924,352.03286570381954,24.470195137695693,724.2078143380202,12.96754522956369,-0.181,51.49100000000001,Royal Borough of Kensington and Chelsea
1113,335.14428843575814,Entire home/apt,False,False,2.0,False,0,1,9.0,92.0,0,3.935003107791964,0.364541716047097,483.4343982774293,33.604061480089364,792.410309638567,14.188767819363235,-0.071,51.511,London Borough of Tower Hamlets
4435,345.2574143324161,Entire home/apt,False,False,2.0,False,0,1,10.0,95.0,0,3.93501558805636,0.3645525812676384,483.4315251093895,33.603861762990626,792.4067813349408,14.18870464214262,-0.071,51.511,London Borough of Tower Hamlets
960,388.0618076624568,Private room,False,True,2.0,False,0,1,9.0,82.0,1,1.4266149926433769,0.14231034412013,590.5446580850522,41.04941449706303,1527.5246131420804,27.351602838334344,-0.136,51.52,London Borough of Camden
4121,180.86032126813896,Private room,False,True,4.0,False,1,0,10.0,90.0,1,6.8213085300583804,0.124350124823353,184.7151574942056,12.83975557150476,443.02288682434215,7.932694468200148,-0.22559,51.50483,London Borough of Hammersmith and Fulham
1350,211.9052658811355,Private room,False,True,2.0,False,0,1,9.0,80.0,1,9.50452630738396,0.3414020576004548,117.6252005302904,8.176258214789641,286.47676413269,5.129605511790013,-0.1639999999999999,51.426,London Borough of Wandsworth
1346,183.4473999858887,Private room,False,True,2.0,False,0,1,8.0,80.0,1,9.523276958098256,0.2875342530726114,117.4176352548939,8.161830122166506,299.0821537907685,5.355315532161475,-0.165,51.426,London Borough of Wandsworth
2849,317.269926385851,Entire home/apt,False,False,2.0,False,0,0,9.0,92.0,1,5.880477763441462,0.6090266889901286,196.1905158311625,13.63742046344292,419.893304061707,7.518539988398559,-0.14506,51.56003,London Borough of Camden
1128,345.49260330675696,Entire home/apt,False,False,2.0,False,0,1,10.0,90.0,0,3.935028691709733,0.3645633019430278,483.4292493844002,33.60370357482131,792.4019844804614,14.18861875046044,-0.071,51.511,London Borough of Tower Hamlets
1237,962.158094028552,Entire home/apt,False,False,2.0,False,1,0,10.0,98.0,1,2.376165645884471,0.3409523390034653,578.210837048962,40.192076910292165,1014.263777897188,18.16123929374098,-0.094,51.504,London Borough of Southwark
961,388.0618076624568,Private room,False,True,2.0,False,0,1,7.0,70.0,1,1.4266143257997663,0.1423307430766109,590.5420717502211,41.04923471805892,1527.5454471748717,27.351975889076392,-0.136,51.52,London Borough of Camden
4189,255.8856040828806,Private room,False,True,2.0,False,1,0,10.0,95.0,1,4.454932426665011,0.4506568823075473,331.68868798400445,23.05604876893398,687.8912493268625,12.3172668287499,-0.0644,51.51555,London Borough of Tower Hamlets
1162,211.9052658811355,Private room,False,True,2.0,False,0,1,8.0,76.0,1,9.5045092666229,0.3413813473888904,117.6254134834474,8.176273017399893,286.4760688581928,5.1295930623199695,-0.1639999999999999,51.426,London Borough of Wandsworth
3421,232.13151767445143,Private room,False,True,2.0,False,0,1,8.0,82.0,1,9.50450655110868,0.3414047381155742,117.62543862670536,8.176274765135654,286.47178917992704,5.129516431109452,-0.1639999999999999,51.426,London Borough of Wandsworth
3678,258.00230485194857,Private room,False,True,2.0,False,0,0,10.0,100.0,1,2.5803368031174374,0.4473002970344328,394.67393704169785,27.43422332418943,685.0796385852141,12.266922592277416,-0.13333,51.48542,City of Westminster
977,716.8559937910111,Entire home/apt,False,False,2.0,False,0,1,9.0,100.0,1,1.4265966104828671,0.1423359225908261,590.5466365978081,41.04955202568019,1527.5478420426512,27.35201877118238,-0.136,51.52,London Borough of Camden
668,261.2949504927209,Private room,False,True,2.0,False,1,0,9.0,90.0,1,6.684075161454444,0.3047605108539368,187.83811762973764,13.056835996001286,396.2489893506537,7.095168803543444,-0.036,51.527,London Borough of Tower Hamlets
1128,345.49260330675696,Entire home/apt,False,False,2.0,False,0,1,10.0,90.0,0,3.935028691709733,0.3645633019430278,483.4292493844002,33.60370357482131,792.4019844804614,14.18861875046044,-0.071,51.511,London Borough of Tower Hamlets
1783,353.95940638302875,Entire home/apt,False,False,2.0,False,0,1,9.0,70.0,0,4.185012481931481,0.4344889899324827,352.033559676093,24.470243376478503,724.2089110809626,12.967564867661247,-0.181,51.49100000000001,Royal Borough of Kensington and Chelsea
1131,345.49260330675696,Entire home/apt,False,False,2.0,False,0,1,10.0,92.0,0,3.935009188976384,0.3645452063342208,483.4349425450207,33.604099312733595,792.4057271945105,14.188685766878592,-0.071,51.511,London Borough of Tower Hamlets
961,388.0618076624568,Private room,False,True,2.0,False,0,1,7.0,70.0,1,1.4266143257997663,0.1423307430766109,590.5420717502211,41.04923471805892,1527.5454471748717,27.351975889076392,-0.136,51.52,London Borough of Camden
1128,345.49260330675696,Entire home/apt,False,False,2.0,False,0,1,10.0,90.0,0,3.935028691709733,0.3645633019430278,483.4292493844002,33.60370357482131,792.4019844804614,14.18861875046044,-0.071,51.511,London Borough of Tower Hamlets
2449,334.67391048707634,Entire home/apt,False,False,2.0,False,0,1,10.0,93.0,0,3.93503196214065,0.3645711329449925,483.42312529945735,33.60327788288117,792.4089731855695,14.188743889057116,-0.071,51.511,London Borough of Tower Hamlets
1932,99.72012512053436,Private room,False,True,2.0,False,0,0,10.0,100.0,1,7.691428846130234,2.456148105601808,175.38787527160056,12.191405833944934,337.00505230455286,6.03435667474175,-0.0251699999999999,51.48192,Royal Borough of Greenwich
4377,532.7030268820997,Entire home/apt,False,False,4.0,False,0,1,2.0,20.0,1,3.838313139772806,0.1669076216763115,272.9065464194961,18.97003687961973,513.9664080795119,9.202997414961144,-0.122,51.474,London Borough of Lambeth
1740,195.2068487029328,Private room,False,True,2.0,False,0,1,9.0,94.0,1,2.180424946537028,0.5531866168274845,450.36145682126624,31.30512461920321,973.900400468146,17.438499339730004,-0.118,51.527,London Borough of Camden
1124,319.62181612925986,Entire home/apt,False,False,2.0,False,0,1,10.0,93.0,0,3.9350203952685936,0.3645594358265034,483.42754153605495,33.60358486038766,792.4096601649953,14.18875618999698,-0.071,51.511,London Borough of Tower Hamlets
1787,353.95940638302875,Entire home/apt,False,False,2.0,False,0,1,10.0,60.0,0,4.184994887606691,0.4344783274445184,352.0373149648103,24.47050441076441,724.2159801656397,12.967691445521176,-0.181,51.49100000000001,Royal Borough of Kensington and Chelsea
1128,345.49260330675696,Entire home/apt,False,False,2.0,False,0,1,10.0,90.0,0,3.935028691709733,0.3645633019430278,483.4292493844002,33.60370357482131,792.4019844804614,14.18861875046044,-0.071,51.511,London Borough of Tower Hamlets
1170,183.4473999858887,Private room,False,True,2.0,False,0,1,9.0,86.0,1,9.523273332881343,0.2875488603963807,117.41767352931328,8.161832782663872,299.0822364996391,5.3553170131328205,-0.165,51.426,London Borough of Wandsworth
957,388.0618076624568,Private room,False,True,2.0,False,0,1,8.0,80.0,1,1.426597575947724,0.1423186405754901,590.5487087069413,41.04969606028541,1527.5302837477186,27.351704375260123,-0.136,51.52,London Borough of Camden
981,1001.6698417178204,Entire home/apt,False,False,4.0,False,0,1,9.0,90.0,2,1.4266038704263206,0.1423151120270535,590.5473171430174,41.04959933113288,1527.527689830579,27.35165792900925,-0.136,51.52,London Borough of Camden
141,243.6557774171547,Entire home/apt,False,False,2.0,True,0,1,9.0,96.0,0,3.840206366627755,0.4925828351334784,322.8903937083128,22.44446957056964,920.8659753289908,16.488873703137642,-0.08,51.526,London Borough of Hackney
1788,353.95940638302875,Entire home/apt,False,False,2.0,False,0,1,9.0,80.0,0,4.185031916992533,0.4344974168096186,352.02967093427617,24.46997306571957,724.2014619309941,12.967431484415137,-0.181,51.49100000000001,Royal Borough of Kensington and Chelsea
981,1001.6698417178204,Entire home/apt,False,False,4.0,False,0,1,9.0,90.0,2,1.4266038704263206,0.1423151120270535,590.5473171430174,41.04959933113288,1527.527689830579,27.35165792900925,-0.136,51.52,London Borough of Camden
1350,211.9052658811355,Private room,False,True,2.0,False,0,1,9.0,80.0,1,9.50452630738396,0.3414020576004548,117.6252005302904,8.176258214789641,286.47676413269,5.129605511790013,-0.1639999999999999,51.426,London Borough of Wandsworth
3960,365.483666125732,Entire home/apt,False,False,4.0,False,0,1,9.0,92.0,1,5.486445330733701,0.3988054706280279,237.4858779341225,16.507906907715476,554.4228490023679,9.927403748485515,-0.205,51.518,Royal Borough of Kensington and Chelsea
1128,345.49260330675696,Entire home/apt,False,False,2.0,False,0,1,10.0,90.0,0,3.935028691709733,0.3645633019430278,483.4292493844002,33.60370357482131,792.4019844804614,14.18861875046044,-0.071,51.511,London Borough of Tower Hamlets
957,388.0618076624568,Private room,False,True,2.0,False,0,1,8.0,80.0,1,1.426597575947724,0.1423186405754901,590.5487087069413,41.04969606028541,1527.5302837477186,27.351704375260123,-0.136,51.52,London Borough of Camden
1350,211.9052658811355,Private room,False,True,2.0,False,0,1,9.0,80.0,1,9.50452630738396,0.3414020576004548,117.6252005302904,8.176258214789641,286.47676413269,5.129605511790013,-0.1639999999999999,51.426,London Borough of Wandsworth
1856,1011.5477786401374,Entire home/apt,False,False,2.0,False,0,1,10.0,87.0,1,0.2964167786013203,0.2003055647377083,1287.6987109128545,89.50936632464216,2412.632558704744,43.20019918028557,-0.1254299999999999,51.51065,City of Westminster
1790,353.95940638302875,Entire home/apt,False,False,2.0,False,0,1,10.0,90.0,0,4.1850080894232,0.4344939125611116,352.0339105142033,24.47026776362487,724.2098672003963,12.96758198777754,-0.181,51.49100000000001,Royal Borough of Kensington and Chelsea
1300,575.9777981608222,Entire home/apt,False,False,3.0,True,0,0,10.0,97.0,1,4.371028079559839,0.3247436061533622,335.61762949099665,23.329153852939346,706.4156309818259,12.648961339917268,-0.18724,51.49593,Royal Borough of Kensington and Chelsea
1346,183.4473999858887,Private room,False,True,2.0,False,0,1,8.0,80.0,1,9.523276958098256,0.2875342530726114,117.4176352548939,8.161830122166506,299.0821537907685,5.355315532161475,-0.165,51.426,London Borough of Wandsworth
4097,334.90909946141727,Entire home/apt,False,False,2.0,False,0,1,10.0,90.0,0,3.935027202296321,0.364566795907017,483.4244292089872,33.60336851907951,792.4100124122609,14.188762497278208,-0.071,51.511,London Borough of Tower Hamlets
1272,688.3981278957642,Entire home/apt,False,False,4.0,False,0,0,9.0,87.0,2,2.309191964242715,0.7660121168532594,426.47734969359846,29.64491382912493,940.59166606056,16.842078655751727,-0.11408,51.52731,London Borough of Islington
1124,319.62181612925986,Entire home/apt,False,False,2.0,False,0,1,10.0,93.0,0,3.9350203952685936,0.3645594358265034,483.42754153605495,33.60358486038766,792.4096601649953,14.18875618999698,-0.071,51.511,London Borough of Tower Hamlets
4377,532.7030268820997,Entire home/apt,False,False,4.0,False,0,1,2.0,20.0,1,3.838313139772806,0.1669076216763115,272.9065464194961,18.97003687961973,513.9664080795119,9.202997414961144,-0.122,51.474,London Borough of Lambeth
1131,345.49260330675696,Entire home/apt,False,False,2.0,False,0,1,10.0,92.0,0,3.935009188976384,0.3645452063342208,483.4349425450207,33.604099312733595,792.4057271945105,14.188685766878592,-0.071,51.511,London Borough of Tower Hamlets
1785,353.95940638302875,Entire home/apt,False,False,2.0,False,0,1,7.0,80.0,0,4.1850076511958205,0.4344716568304266,352.0357049923405,24.47039249979148,724.2123870323104,12.967627107470634,-0.181,51.49100000000001,Royal Borough of Kensington and Chelsea
3686,709.8003245607846,Entire home/apt,False,False,6.0,False,0,1,10.0,100.0,2,3.787781832784678,0.8782817192171135,277.1104094676111,19.262252065022537,529.4510164725035,9.480262249339855,-0.13421,51.474540000000005,London Borough of Lambeth
2449,334.67391048707634,Entire home/apt,False,False,2.0,False,0,1,10.0,93.0,0,3.93503196214065,0.3645711329449925,483.42312529945735,33.60327788288117,792.4089731855695,14.188743889057116,-0.071,51.511,London Borough of Tower Hamlets
1430,102.07201486394318,Private room,False,True,2.0,False,1,0,9.0,94.0,1,7.996833666939631,0.5801685952373724,155.09599773796035,10.78089490916053,320.6155899213519,5.740889674614638,-0.01771,51.53006,London Borough of Tower Hamlets
1170,183.4473999858887,Private room,False,True,2.0,False,0,1,9.0,86.0,1,9.523273332881343,0.2875488603963807,117.41767352931328,8.161832782663872,299.0822364996391,5.3553170131328205,-0.165,51.426,London Borough of Wandsworth
1347,183.4473999858887,Private room,False,True,2.0,False,0,1,7.0,76.0,1,9.523273799541748,0.287538712097689,117.41767165760656,8.16183265255946,299.0811669371804,5.355297861724503,-0.165,51.426,London Borough of Wandsworth
1131,345.49260330675696,Entire home/apt,False,False,2.0,False,0,1,10.0,92.0,0,3.935009188976384,0.3645452063342208,483.4349425450207,33.604099312733595,792.4057271945105,14.188685766878592,-0.071,51.511,London Borough of Tower Hamlets
1129,335.14428843575814,Entire home/apt,False,False,2.0,False,0,1,10.0,95.0,0,3.935016885207956,0.3645570019424634,483.42767938252274,33.60359444224861,792.4116400426728,14.188791641358902,-0.071,51.511,London Borough of Tower Hamlets
1793,353.95940638302875,Entire home/apt,False,False,2.0,False,0,1,9.0,91.0,0,4.185008774147673,0.4344725643734805,352.0354477526372,24.470374618774247,724.2119118495222,12.967618598926292,-0.181,51.49100000000001,Royal Borough of Kensington and Chelsea
1059,654.7661045650179,Entire home/apt,False,False,2.0,True,0,1,10.0,99.0,0,3.974128395739174,0.1573990529632199,411.6219489580135,28.612298439304272,814.5424203621699,14.585061729967292,-0.071,51.514,London Borough of Tower Hamlets
1785,353.95940638302875,Entire home/apt,False,False,2.0,False,0,1,7.0,80.0,0,4.1850076511958205,0.4344716568304266,352.0357049923405,24.47039249979148,724.2123870323104,12.967627107470634,-0.181,51.49100000000001,Royal Borough of Kensington and Chelsea
1783,353.95940638302875,Entire home/apt,False,False,2.0,False,0,1,9.0,70.0,0,4.185012481931481,0.4344889899324827,352.033559676093,24.470243376478503,724.2089110809626,12.967564867661247,-0.181,51.49100000000001,Royal Borough of Kensington and Chelsea
1113,335.14428843575814,Entire home/apt,False,False,2.0,False,0,1,9.0,92.0,0,3.935003107791964,0.364541716047097,483.4343982774293,33.604061480089364,792.410309638567,14.188767819363235,-0.071,51.511,London Borough of Tower Hamlets
957,388.0618076624568,Private room,False,True,2.0,False,0,1,8.0,80.0,1,1.426597575947724,0.1423186405754901,590.5487087069413,41.04969606028541,1527.5302837477186,27.351704375260123,-0.136,51.52,London Borough of Camden
1114,345.49260330675696,Entire home/apt,False,False,2.0,False,0,1,10.0,89.0,0,3.9350119094347935,0.3645471746323017,483.4347475377076,33.60408575755887,792.4043229089667,14.188660621974128,-0.071,51.511,London Borough of Tower Hamlets
958,388.0618076624568,Private room,False,True,2.0,False,0,1,8.0,76.0,1,1.4266133952065438,0.1423099738218652,590.5451840312672,41.04945105616806,1527.5239717823736,27.35159135425361,-0.136,51.52,London Borough of Camden
1114,345.49260330675696,Entire home/apt,False,False,2.0,False,0,1,10.0,89.0,0,3.9350119094347935,0.3645471746323017,483.4347475377076,33.60408575755887,792.4043229089667,14.188660621974128,-0.071,51.511,London Borough of Tower Hamlets
1113,335.14428843575814,Entire home/apt,False,False,2.0,False,0,1,9.0,92.0,0,3.935003107791964,0.364541716047097,483.4343982774293,33.604061480089364,792.410309638567,14.188767819363235,-0.071,51.511,London Borough of Tower Hamlets
1790,353.95940638302875,Entire home/apt,False,False,2.0,False,0,1,10.0,90.0,0,4.1850080894232,0.4344939125611116,352.0339105142033,24.47026776362487,724.2098672003963,12.96758198777754,-0.181,51.49100000000001,Royal Borough of Kensington and Chelsea
2854,167.45454973070864,Private room,False,True,2.0,False,0,0,9.0,91.0,1,3.448666650555273,1.03002913357988,310.9087501875663,21.61161223369345,690.991057839333,12.372771486795038,-0.11873,51.53883,London Borough of Islington
4097,334.90909946141727,Entire home/apt,False,False,2.0,False,0,1,10.0,90.0,0,3.935027202296321,0.364566795907017,483.4244292089872,33.60336851907951,792.4100124122609,14.188762497278208,-0.071,51.511,London Borough of Tower Hamlets
1374,671.6997107175615,Entire home/apt,False,False,5.0,False,1,0,7.0,71.0,2,0.3244995810835857,0.0366587724171132,1095.26719100606,76.13323783917178,2810.715025513862,50.32819792766462,-0.12759,51.51124,City of Westminster
1793,353.95940638302875,Entire home/apt,False,False,2.0,False,0,1,9.0,91.0,0,4.185008774147673,0.4344725643734805,352.0354477526372,24.470374618774247,724.2119118495222,12.967618598926292,-0.181,51.49100000000001,Royal Borough of Kensington and Chelsea
1124,319.62181612925986,Entire home/apt,False,False,2.0,False,0,1,10.0,93.0,0,3.9350203952685936,0.3645594358265034,483.42754153605495,33.60358486038766,792.4096601649953,14.18875618999698,-0.071,51.511,London Borough of Tower Hamlets
1792,353.95940638302875,Entire home/apt,False,False,2.0,False,0,1,8.0,77.0,0,4.184982355615324,0.4344912097016554,352.0384058762985,24.470580241232508,724.2188380462364,12.967742618258011,-0.181,51.49100000000001,Royal Borough of Kensington and Chelsea
1787,353.95940638302875,Entire home/apt,False,False,2.0,False,0,1,10.0,60.0,0,4.184994887606691,0.4344783274445184,352.0373149648103,24.47050441076441,724.2159801656397,12.967691445521176,-0.181,51.49100000000001,Royal Borough of Kensington and Chelsea
1346,183.4473999858887,Private room,False,True,2.0,False,0,1,8.0,80.0,1,9.523276958098256,0.2875342530726114,117.4176352548939,8.161830122166506,299.0821537907685,5.355315532161475,-0.165,51.426,London Borough of Wandsworth
1166,211.9052658811355,Private room,False,True,2.0,False,0,1,8.0,80.0,1,9.504501894440123,0.3414126680723994,117.62549234372166,8.176278499065067,286.4694771985963,5.129475033154496,-0.1639999999999999,51.426,London Borough of Wandsworth
1790,353.95940638302875,Entire home/apt,False,False,2.0,False,0,1,10.0,90.0,0,4.1850080894232,0.4344939125611116,352.0339105142033,24.47026776362487,724.2098672003963,12.96758198777754,-0.181,51.49100000000001,Royal Borough of Kensington and Chelsea
4097,334.90909946141727,Entire home/apt,False,False,2.0,False,0,1,10.0,90.0,0,3.935027202296321,0.364566795907017,483.4244292089872,33.60336851907951,792.4100124122609,14.188762497278208,-0.071,51.511,London Borough of Tower Hamlets
2449,334.67391048707634,Entire home/apt,False,False,2.0,False,0,1,10.0,93.0,0,3.93503196214065,0.3645711329449925,483.42312529945735,33.60327788288117,792.4089731855695,14.188743889057116,-0.071,51.511,London Borough of Tower Hamlets
1131,345.49260330675696,Entire home/apt,False,False,2.0,False,0,1,10.0,92.0,0,3.935009188976384,0.3645452063342208,483.4349425450207,33.604099312733595,792.4057271945105,14.188685766878592,-0.071,51.511,London Borough of Tower Hamlets
1114,345.49260330675696,Entire home/apt,False,False,2.0,False,0,1,10.0,89.0,0,3.9350119094347935,0.3645471746323017,483.4347475377076,33.60408575755887,792.4043229089667,14.188660621974128,-0.071,51.511,London Borough of Tower Hamlets
2454,333.73315458971285,Entire home/apt,False,False,2.0,False,0,1,9.0,100.0,0,3.935022497510558,0.3645646194700297,483.4234439615026,33.603300033433555,792.4143908651432,14.188840897130657,-0.071,51.511,London Borough of Tower Hamlets
4378,532.7030268820997,Entire home/apt,False,False,2.0,False,0,1,10.0,100.0,1,3.838324230880153,0.1668969014571163,272.9058413379417,18.969987868618475,513.9654389836609,9.20298006249127,-0.122,51.474,London Borough of Lambeth
1131,345.49260330675696,Entire home/apt,False,False,2.0,False,0,1,10.0,92.0,0,3.935009188976384,0.3645452063342208,483.4349425450207,33.604099312733595,792.4057271945105,14.188685766878592,-0.071,51.511,London Borough of Tower Hamlets
4183,194.0309038312284,Private room,False,True,2.0,False,1,0,2.0,60.0,1,3.267252833882305,0.2067372382734868,357.72488635196174,24.86585380925001,815.8800061117253,14.609012318958984,-0.17159,51.51861,City of Westminster
3135,560.455325854324,Entire home/apt,False,False,4.0,False,0,1,10.0,100.0,0,4.717403061112809,0.4523585029299573,292.6640902074011,20.343405672800447,661.9784379083419,11.853276317404791,-0.192,51.495,Royal Borough of Kensington and Chelsea
1784,353.95940638302875,Entire home/apt,False,False,2.0,False,0,1,8.0,80.0,0,4.185009900870399,0.4345251757001291,352.03119059768704,24.4700786992096,724.205920831865,12.967511324755948,-0.181,51.49100000000001,Royal Borough of Kensington and Chelsea
1783,353.95940638302875,Entire home/apt,False,False,2.0,False,0,1,9.0,70.0,0,4.185012481931481,0.4344889899324827,352.033559676093,24.470243376478503,724.2089110809626,12.967564867661247,-0.181,51.49100000000001,Royal Borough of Kensington and Chelsea
4381,651.9438368729274,Entire home/apt,False,False,4.0,False,0,1,6.0,60.0,2,3.838312444343061,0.1669082680906701,272.90659039039883,18.97003993608597,513.9664720353599,9.202998560143968,-0.122,51.474,London Borough of Lambeth
2441,182.0362661398433,Private room,False,True,2.0,False,0,0,10.0,100.0,1,8.350637338839594,0.8087597093087274,166.6977594066309,11.58734623695292,340.7909693328956,6.102146678285533,-0.008,51.5,London Borough of Tower Hamlets
4435,345.2574143324161,Entire home/apt,False,False,2.0,False,0,1,10.0,95.0,0,3.93501558805636,0.3645525812676384,483.4315251093895,33.603861762990626,792.4067813349408,14.18870464214262,-0.071,51.511,London Borough of Tower Hamlets
977,716.8559937910111,Entire home/apt,False,False,2.0,False,0,1,9.0,100.0,1,1.4265966104828671,0.1423359225908261,590.5466365978081,41.04955202568019,1527.5478420426512,27.35201877118238,-0.136,51.52,London Borough of Camden
4322,227.66292716197464,Private room,False,True,2.0,False,0,1,8.0,83.0,1,9.52329071037749,0.2875444771896031,117.4174658064196,8.161818343615026,299.0902537436342,5.355460568576527,-0.165,51.426,London Borough of Wandsworth
1164,211.9052658811355,Private room,False,True,2.0,False,0,1,9.0,86.0,1,9.504499382662347,0.3413956465950518,117.625528333863,8.176281000779728,286.47155645293776,5.12951226393851,-0.1639999999999999,51.426,London Borough of Wandsworth
957,388.0618076624568,Private room,False,True,2.0,False,0,1,8.0,80.0,1,1.426597575947724,0.1423186405754901,590.5487087069413,41.04969606028541,1527.5302837477186,27.351704375260123,-0.136,51.52,London Borough of Camden
1131,345.49260330675696,Entire home/apt,False,False,2.0,False,0,1,10.0,92.0,0,3.935009188976384,0.3645452063342208,483.4349425450207,33.604099312733595,792.4057271945105,14.188685766878592,-0.071,51.511,London Borough of Tower Hamlets
1793,353.95940638302875,Entire home/apt,False,False,2.0,False,0,1,9.0,91.0,0,4.185008774147673,0.4344725643734805,352.0354477526372,24.470374618774247,724.2119118495222,12.967618598926292,-0.181,51.49100000000001,Royal Borough of Kensington and Chelsea
3903,334.43872151273547,Entire home/apt,False,False,2.0,False,0,1,10.0,95.0,0,3.935023151065557,0.3645583961197164,483.43061339090224,33.60379838842687,792.4034211174973,14.188644474645368,-0.071,51.511,London Borough of Tower Hamlets
981,1001.6698417178204,Entire home/apt,False,False,4.0,False,0,1,9.0,90.0,2,1.4266038704263206,0.1423151120270535,590.5473171430174,41.04959933113288,1527.527689830579,27.35165792900925,-0.136,51.52,London Borough of Camden
4448,208.14224229168136,Private room,False,True,2.0,False,0,1,8.0,80.0,1,4.459695177794338,0.935348845866868,364.5632969751931,25.34119932009488,620.4225810619589,11.10918402436413,-0.06331,51.50718,London Borough of Tower Hamlets
1691,379.83019356052586,Entire home/apt,False,False,2.0,False,0,1,7.0,80.0,0,4.18501378287374,0.4344951605577924,352.03286570381954,24.470195137695693,724.2078143380202,12.96754522956369,-0.181,51.49100000000001,Royal Borough of Kensington and Chelsea
1167,211.9052658811355,Private room,False,True,2.0,False,0,1,8.0,82.0,1,9.504490407326903,0.3413819230524423,117.62564142403738,8.176288861803243,286.4716302369913,5.129513585103558,-0.1639999999999999,51.426,London Borough of Wandsworth
4097,334.90909946141727,Entire home/apt,False,False,2.0,False,0,1,10.0,90.0,0,3.935027202296321,0.364566795907017,483.4244292089872,33.60336851907951,792.4100124122609,14.188762497278208,-0.071,51.511,London Borough of Tower Hamlets
1129,335.14428843575814,Entire home/apt,False,False,2.0,False,0,1,10.0,95.0,0,3.935016885207956,0.3645570019424634,483.42767938252274,33.60359444224861,792.4116400426728,14.188791641358902,-0.071,51.511,London Borough of Tower Hamlets
1784,353.95940638302875,Entire home/apt,False,False,2.0,False,0,1,8.0,80.0,0,4.185009900870399,0.4345251757001291,352.03119059768704,24.4700786992096,724.205920831865,12.967511324755948,-0.181,51.49100000000001,Royal Borough of Kensington and Chelsea
1783,353.95940638302875,Entire home/apt,False,False,2.0,False,0,1,9.0,70.0,0,4.185012481931481,0.4344889899324827,352.033559676093,24.470243376478503,724.2089110809626,12.967564867661247,-0.181,51.49100000000001,Royal Borough of Kensington and Chelsea
1793,353.95940638302875,Entire home/apt,False,False,2.0,False,0,1,9.0,91.0,0,4.185008774147673,0.4344725643734805,352.0354477526372,24.470374618774247,724.2119118495222,12.967618598926292,-0.181,51.49100000000001,Royal Borough of Kensington and Chelsea
4435,345.2574143324161,Entire home/apt,False,False,2.0,False,0,1,10.0,95.0,0,3.93501558805636,0.3645525812676384,483.4315251093895,33.603861762990626,792.4067813349408,14.18870464214262,-0.071,51.511,London Borough of Tower Hamlets
1124,319.62181612925986,Entire home/apt,False,False,2.0,False,0,1,10.0,93.0,0,3.9350203952685936,0.3645594358265034,483.42754153605495,33.60358486038766,792.4096601649953,14.18875618999698,-0.071,51.511,London Borough of Tower Hamlets
1347,183.4473999858887,Private room,False,True,2.0,False,0,1,7.0,76.0,1,9.523273799541748,0.287538712097689,117.41767165760656,8.16183265255946,299.0811669371804,5.355297861724503,-0.165,51.426,London Borough of Wandsworth
1114,345.49260330675696,Entire home/apt,False,False,2.0,False,0,1,10.0,89.0,0,3.9350119094347935,0.3645471746323017,483.4347475377076,33.60408575755887,792.4043229089667,14.188660621974128,-0.071,51.511,London Borough of Tower Hamlets
1124,319.62181612925986,Entire home/apt,False,False,2.0,False,0,1,10.0,93.0,0,3.9350203952685936,0.3645594358265034,483.42754153605495,33.60358486038766,792.4096601649953,14.18875618999698,-0.071,51.511,London Borough of Tower Hamlets
2449,334.67391048707634,Entire home/apt,False,False,2.0,False,0,1,10.0,93.0,0,3.93503196214065,0.3645711329449925,483.42312529945735,33.60327788288117,792.4089731855695,14.188743889057116,-0.071,51.511,London Borough of Tower Hamlets
1170,183.4473999858887,Private room,False,True,2.0,False,0,1,9.0,86.0,1,9.523273332881343,0.2875488603963807,117.41767352931328,8.161832782663872,299.0822364996391,5.3553170131328205,-0.165,51.426,London Borough of Wandsworth
1784,353.95940638302875,Entire home/apt,False,False,2.0,False,0,1,8.0,80.0,0,4.185009900870399,0.4345251757001291,352.03119059768704,24.4700786992096,724.205920831865,12.967511324755948,-0.181,51.49100000000001,Royal Borough of Kensington and Chelsea
3903,334.43872151273547,Entire home/apt,False,False,2.0,False,0,1,10.0,95.0,0,3.935023151065557,0.3645583961197164,483.43061339090224,33.60379838842687,792.4034211174973,14.188644474645368,-0.071,51.511,London Borough of Tower Hamlets
1128,345.49260330675696,Entire home/apt,False,False,2.0,False,0,1,10.0,90.0,0,3.935028691709733,0.3645633019430278,483.4292493844002,33.60370357482131,792.4019844804614,14.18861875046044,-0.071,51.511,London Borough of Tower Hamlets
1792,353.95940638302875,Entire home/apt,False,False,2.0,False,0,1,8.0,77.0,0,4.184982355615324,0.4344912097016554,352.0384058762985,24.470580241232508,724.2188380462364,12.967742618258011,-0.181,51.49100000000001,Royal Borough of Kensington and Chelsea
1783,353.95940638302875,Entire home/apt,False,False,2.0,False,0,1,9.0,70.0,0,4.185012481931481,0.4344889899324827,352.033559676093,24.470243376478503,724.2089110809626,12.967564867661247,-0.181,51.49100000000001,Royal Borough of Kensington and Chelsea
2449,334.67391048707634,Entire home/apt,False,False,2.0,False,0,1,10.0,93.0,0,3.93503196214065,0.3645711329449925,483.42312529945735,33.60327788288117,792.4089731855695,14.188743889057116,-0.071,51.511,London Borough of Tower Hamlets
4378,532.7030268820997,Entire home/apt,False,False,2.0,False,0,1,10.0,100.0,1,3.838324230880153,0.1668969014571163,272.9058413379417,18.969987868618475,513.9654389836609,9.20298006249127,-0.122,51.474,London Borough of Lambeth
4435,345.2574143324161,Entire home/apt,False,False,2.0,False,0,1,10.0,95.0,0,3.93501558805636,0.3645525812676384,483.4315251093895,33.603861762990626,792.4067813349408,14.18870464214262,-0.071,51.511,London Borough of Tower Hamlets
3903,334.43872151273547,Entire home/apt,False,False,2.0,False,0,1,10.0,95.0,0,3.935023151065557,0.3645583961197164,483.43061339090224,33.60379838842687,792.4034211174973,14.188644474645368,-0.071,51.511,London Borough of Tower Hamlets
1128,345.49260330675696,Entire home/apt,False,False,2.0,False,0,1,10.0,90.0,0,3.935028691709733,0.3645633019430278,483.4292493844002,33.60370357482131,792.4019844804614,14.18861875046044,-0.071,51.511,London Borough of Tower Hamlets
1786,353.95940638302875,Entire home/apt,False,False,2.0,False,0,1,8.0,100.0,0,4.184998573668654,0.4344775990651961,352.0367573373497,24.47046564946083,724.2148145215643,12.967670573691336,-0.181,51.49100000000001,Royal Borough of Kensington and Chelsea
1114,345.49260330675696,Entire home/apt,False,False,2.0,False,0,1,10.0,89.0,0,3.9350119094347935,0.3645471746323017,483.4347475377076,33.60408575755887,792.4043229089667,14.188660621974128,-0.071,51.511,London Borough of Tower Hamlets
1783,353.95940638302875,Entire home/apt,False,False,2.0,False,0,1,9.0,70.0,0,4.185012481931481,0.4344889899324827,352.033559676093,24.470243376478503,724.2089110809626,12.967564867661247,-0.181,51.49100000000001,Royal Borough of Kensington and Chelsea
1790,353.95940638302875,Entire home/apt,False,False,2.0,False,0,1,10.0,90.0,0,4.1850080894232,0.4344939125611116,352.0339105142033,24.47026776362487,724.2098672003963,12.96758198777754,-0.181,51.49100000000001,Royal Borough of Kensington and Chelsea
1788,353.95940638302875,Entire home/apt,False,False,2.0,False,0,1,9.0,80.0,0,4.185031916992533,0.4344974168096186,352.02967093427617,24.46997306571957,724.2014619309941,12.967431484415137,-0.181,51.49100000000001,Royal Borough of Kensington and Chelsea
1792,353.95940638302875,Entire home/apt,False,False,2.0,False,0,1,8.0,77.0,0,4.184982355615324,0.4344912097016554,352.0384058762985,24.470580241232508,724.2188380462364,12.967742618258011,-0.181,51.49100000000001,Royal Borough of Kensington and Chelsea
4381,651.9438368729274,Entire home/apt,False,False,4.0,False,0,1,6.0,60.0,2,3.838312444343061,0.1669082680906701,272.90659039039883,18.97003993608597,513.9664720353599,9.202998560143968,-0.122,51.474,London Borough of Lambeth
1168,211.9052658811355,Private room,False,True,2.0,False,0,1,9.0,84.0,1,9.504513562789166,0.3414039462546295,117.62535407147,8.176268887607415,286.47352957660104,5.129547594364171,-0.1639999999999999,51.426,London Borough of Wandsworth
984,763.6585996848468,Entire home/apt,False,False,3.0,False,0,1,10.0,100.0,1,1.4266090019472444,0.1423307593729682,590.5436538196807,41.04934468946264,1527.5445842645636,27.35196043794727,-0.136,51.52,London Borough of Camden
984,763.6585996848468,Entire home/apt,False,False,3.0,False,0,1,10.0,100.0,1,1.4266090019472444,0.1423307593729682,590.5436538196807,41.04934468946264,1527.5445842645636,27.35196043794727,-0.136,51.52,London Borough of Camden
1167,211.9052658811355,Private room,False,True,2.0,False,0,1,8.0,82.0,1,9.504490407326903,0.3413819230524423,117.62564142403738,8.176288861803243,286.4716302369913,5.129513585103558,-0.1639999999999999,51.426,London Borough of Wandsworth
1131,345.49260330675696,Entire home/apt,False,False,2.0,False,0,1,10.0,92.0,0,3.935009188976384,0.3645452063342208,483.4349425450207,33.604099312733595,792.4057271945105,14.188685766878592,-0.071,51.511,London Borough of Tower Hamlets
960,388.0618076624568,Private room,False,True,2.0,False,0,1,9.0,82.0,1,1.4266149926433769,0.14231034412013,590.5446580850522,41.04941449706303,1527.5246131420804,27.351602838334344,-0.136,51.52,London Borough of Camden
2089,378.8894376631624,Entire home/apt,False,False,4.0,False,0,0,10.0,100.0,1,7.232284636514676,0.5768493738641561,184.29619130301683,12.810632766638264,391.131381912352,7.0035337719828,-0.02426,51.49981,London Borough of Tower Hamlets
1792,353.95940638302875,Entire home/apt,False,False,2.0,False,0,1,8.0,77.0,0,4.184982355615324,0.4344912097016554,352.0384058762985,24.470580241232508,724.2188380462364,12.967742618258011,-0.181,51.49100000000001,Royal Borough of Kensington and Chelsea
600,119.00562101648674,Private room,False,True,2.0,False,0,0,10.0,100.0,1,10.216048871312658,6.12327088447159,117.64278449093808,8.177480495406769,241.41076885781064,4.322661261158745,-0.018,51.44706,London Borough of Lewisham
961,388.0618076624568,Private room,False,True,2.0,False,0,1,7.0,70.0,1,1.4266143257997663,0.1423307430766109,590.5420717502211,41.04923471805892,1527.5454471748717,27.351975889076392,-0.136,51.52,London Borough of Camden
4097,334.90909946141727,Entire home/apt,False,False,2.0,False,0,1,10.0,90.0,0,3.935027202296321,0.364566795907017,483.4244292089872,33.60336851907951,792.4100124122609,14.188762497278208,-0.071,51.511,London Borough of Tower Hamlets
1131,345.49260330675696,Entire home/apt,False,False,2.0,False,0,1,10.0,92.0,0,3.935009188976384,0.3645452063342208,483.4349425450207,33.604099312733595,792.4057271945105,14.188685766878592,-0.071,51.511,London Borough of Tower Hamlets
1157,123.47421152896352,Private room,False,True,2.0,False,1,0,9.0,89.0,1,5.317798497440605,0.1032668084344049,241.434688045458,16.78239308045647,525.6774933062557,9.412694168238914,-0.057,51.527,London Borough of Tower Hamlets
85,238.48161998165529,Entire home/apt,False,False,2.0,False,0,1,9.0,94.0,0,3.840178694185299,0.4925502028991297,322.89155969797247,22.444550619804748,920.8775325359326,16.489080644571825,-0.08,51.526,London Borough of Hackney
1792,353.95940638302875,Entire home/apt,False,False,2.0,False,0,1,8.0,77.0,0,4.184982355615324,0.4344912097016554,352.0384058762985,24.470580241232508,724.2188380462364,12.967742618258011,-0.181,51.49100000000001,Royal Borough of Kensington and Chelsea
1792,353.95940638302875,Entire home/apt,False,False,2.0,False,0,1,8.0,77.0,0,4.184982355615324,0.4344912097016554,352.0384058762985,24.470580241232508,724.2188380462364,12.967742618258011,-0.181,51.49100000000001,Royal Borough of Kensington and Chelsea
1786,353.95940638302875,Entire home/apt,False,False,2.0,False,0,1,8.0,100.0,0,4.184998573668654,0.4344775990651961,352.0367573373497,24.47046564946083,724.2148145215643,12.967670573691336,-0.181,51.49100000000001,Royal Borough of Kensington and Chelsea
1113,335.14428843575814,Entire home/apt,False,False,2.0,False,0,1,9.0,92.0,0,3.935003107791964,0.364541716047097,483.4343982774293,33.604061480089364,792.410309638567,14.188767819363235,-0.071,51.511,London Borough of Tower Hamlets
2616,322.2088948470096,Private room,False,True,2.0,False,0,1,9.0,84.0,1,1.4266218265235129,0.1423075064283409,590.5430117832034,41.04930006079465,1527.5228189960694,27.351570712652894,-0.136,51.52,London Borough of Camden
2449,334.67391048707634,Entire home/apt,False,False,2.0,False,0,1,10.0,93.0,0,3.93503196214065,0.3645711329449925,483.42312529945735,33.60327788288117,792.4089731855695,14.188743889057116,-0.071,51.511,London Borough of Tower Hamlets
3903,334.43872151273547,Entire home/apt,False,False,2.0,False,0,1,10.0,95.0,0,3.935023151065557,0.3645583961197164,483.43061339090224,33.60379838842687,792.4034211174973,14.188644474645368,-0.071,51.511,London Borough of Tower Hamlets
1787,353.95940638302875,Entire home/apt,False,False,2.0,False,0,1,10.0,60.0,0,4.184994887606691,0.4344783274445184,352.0373149648103,24.47050441076441,724.2159801656397,12.967691445521176,-0.181,51.49100000000001,Royal Borough of Kensington and Chelsea
4377,532.7030268820997,Entire home/apt,False,False,4.0,False,0,1,2.0,20.0,1,3.838313139772806,0.1669076216763115,272.9065464194961,18.97003687961973,513.9664080795119,9.202997414961144,-0.122,51.474,London Borough of Lambeth
957,388.0618076624568,Private room,False,True,2.0,False,0,1,8.0,80.0,1,1.426597575947724,0.1423186405754901,590.5487087069413,41.04969606028541,1527.5302837477186,27.351704375260123,-0.136,51.52,London Borough of Camden
1128,345.49260330675696,Entire home/apt,False,False,2.0,False,0,1,10.0,90.0,0,3.935028691709733,0.3645633019430278,483.4292493844002,33.60370357482131,792.4019844804614,14.18861875046044,-0.071,51.511,London Borough of Tower Hamlets
142,243.6557774171547,Entire home/apt,False,False,2.0,True,0,1,10.0,96.0,0,3.840179512552354,0.4925595622335419,322.8924341671015,22.444611405124284,920.8560233702387,16.488695505011798,-0.08,51.526,London Borough of Hackney
2617,322.2088948470096,Private room,False,True,2.0,False,0,1,9.0,84.0,1,1.4266087184992553,0.1423170843671968,590.5456050615219,41.04948032244827,1527.5305044976649,27.351708327972112,-0.136,51.52,London Borough of Camden
1690,379.83019356052586,Entire home/apt,False,False,2.0,False,0,1,10.0,87.0,0,4.185024016230776,0.4344878866541066,352.03172392291725,24.47011577123817,724.205141441664,12.967497369124036,-0.181,51.49100000000001,Royal Borough of Kensington and Chelsea
981,1001.6698417178204,Entire home/apt,False,False,4.0,False,0,1,9.0,90.0,2,1.4266038704263206,0.1423151120270535,590.5473171430174,41.04959933113288,1527.527689830579,27.35165792900925,-0.136,51.52,London Borough of Camden
1114,345.49260330675696,Entire home/apt,False,False,2.0,False,0,1,10.0,89.0,0,3.9350119094347935,0.3645471746323017,483.4347475377076,33.60408575755887,792.4043229089667,14.188660621974128,-0.071,51.511,London Borough of Tower Hamlets
981,1001.6698417178204,Entire home/apt,False,False,4.0,False,0,1,9.0,90.0,2,1.4266038704263206,0.1423151120270535,590.5473171430174,41.04959933113288,1527.527689830579,27.35165792900925,-0.136,51.52,London Borough of Camden
1131,345.49260330675696,Entire home/apt,False,False,2.0,False,0,1,10.0,92.0,0,3.935009188976384,0.3645452063342208,483.4349425450207,33.604099312733595,792.4057271945105,14.188685766878592,-0.071,51.511,London Borough of Tower Hamlets
4427,584.444601237094,Entire home/apt,False,False,6.0,False,0,1,7.0,80.0,2,3.83830417746245,0.1669145367146329,272.9070999529292,18.97007535634291,513.9674078338226,9.203015316396318,-0.122,51.474,London Borough of Lambeth
1792,353.95940638302875,Entire home/apt,False,False,2.0,False,0,1,8.0,77.0,0,4.184982355615324,0.4344912097016554,352.0384058762985,24.470580241232508,724.2188380462364,12.967742618258011,-0.181,51.49100000000001,Royal Borough of Kensington and Chelsea
2449,334.67391048707634,Entire home/apt,False,False,2.0,False,0,1,10.0,93.0,0,3.93503196214065,0.3645711329449925,483.42312529945735,33.60327788288117,792.4089731855695,14.188743889057116,-0.071,51.511,London Borough of Tower Hamlets
4097,334.90909946141727,Entire home/apt,False,False,2.0,False,0,1,10.0,90.0,0,3.935027202296321,0.364566795907017,483.4244292089872,33.60336851907951,792.4100124122609,14.188762497278208,-0.071,51.511,London Borough of Tower Hamlets
1787,353.95940638302875,Entire home/apt,False,False,2.0,False,0,1,10.0,60.0,0,4.184994887606691,0.4344783274445184,352.0373149648103,24.47050441076441,724.2159801656397,12.967691445521176,-0.181,51.49100000000001,Royal Borough of Kensington and Chelsea
4321,227.66292716197464,Private room,False,True,2.0,False,0,1,8.0,77.0,1,9.5232931838848,0.2875573137571739,117.41743126544029,8.161815942633224,299.09312225443887,5.355511931656108,-0.165,51.426,London Borough of Wandsworth
1129,335.14428843575814,Entire home/apt,False,False,2.0,False,0,1,10.0,95.0,0,3.935016885207956,0.3645570019424634,483.42767938252274,33.60359444224861,792.4116400426728,14.188791641358902,-0.071,51.511,London Borough of Tower Hamlets
1790,353.95940638302875,Entire home/apt,False,False,2.0,False,0,1,10.0,90.0,0,4.1850080894232,0.4344939125611116,352.0339105142033,24.47026776362487,724.2098672003963,12.96758198777754,-0.181,51.49100000000001,Royal Borough of Kensington and Chelsea
1787,353.95940638302875,Entire home/apt,False,False,2.0,False,0,1,10.0,60.0,0,4.184994887606691,0.4344783274445184,352.0373149648103,24.47050441076441,724.2159801656397,12.967691445521176,-0.181,51.49100000000001,Royal Borough of Kensington and Chelsea
2454,333.73315458971285,Entire home/apt,False,False,2.0,False,0,1,9.0,100.0,0,3.935022497510558,0.3645646194700297,483.4234439615026,33.603300033433555,792.4143908651432,14.188840897130657,-0.071,51.511,London Borough of Tower Hamlets
1129,335.14428843575814,Entire home/apt,False,False,2.0,False,0,1,10.0,95.0,0,3.935016885207956,0.3645570019424634,483.42767938252274,33.60359444224861,792.4116400426728,14.188791641358902,-0.071,51.511,London Borough of Tower Hamlets
1691,379.83019356052586,Entire home/apt,False,False,2.0,False,0,1,7.0,80.0,0,4.18501378287374,0.4344951605577924,352.03286570381954,24.470195137695693,724.2078143380202,12.96754522956369,-0.181,51.49100000000001,Royal Borough of Kensington and Chelsea
1113,335.14428843575814,Entire home/apt,False,False,2.0,False,0,1,9.0,92.0,0,3.935003107791964,0.364541716047097,483.4343982774293,33.604061480089364,792.410309638567,14.188767819363235,-0.071,51.511,London Borough of Tower Hamlets
1788,353.95940638302875,Entire home/apt,False,False,2.0,False,0,1,9.0,80.0,0,4.185031916992533,0.4344974168096186,352.02967093427617,24.46997306571957,724.2014619309941,12.967431484415137,-0.181,51.49100000000001,Royal Borough of Kensington and Chelsea
1784,353.95940638302875,Entire home/apt,False,False,2.0,False,0,1,8.0,80.0,0,4.185009900870399,0.4345251757001291,352.03119059768704,24.4700786992096,724.205920831865,12.967511324755948,-0.181,51.49100000000001,Royal Borough of Kensington and Chelsea
1131,345.49260330675696,Entire home/apt,False,False,2.0,False,0,1,10.0,92.0,0,3.935009188976384,0.3645452063342208,483.4349425450207,33.604099312733595,792.4057271945105,14.188685766878592,-0.071,51.511,London Borough of Tower Hamlets
2290,166.74898280768596,Private room,False,True,4.0,False,0,1,8.0,82.0,1,5.235777780193976,0.2542546915121395,243.37613817329176,16.917345433223915,532.7959035371725,9.540155243367442,-0.059,51.528,London Borough of Tower Hamlets
958,388.0618076624568,Private room,False,True,2.0,False,0,1,8.0,76.0,1,1.4266133952065438,0.1423099738218652,590.5451840312672,41.04945105616806,1527.5239717823736,27.35159135425361,-0.136,51.52,London Borough of Camden
1784,353.95940638302875,Entire home/apt,False,False,2.0,False,0,1,8.0,80.0,0,4.185009900870399,0.4345251757001291,352.03119059768704,24.4700786992096,724.205920831865,12.967511324755948,-0.181,51.49100000000001,Royal Borough of Kensington and Chelsea
1690,379.83019356052586,Entire home/apt,False,False,2.0,False,0,1,10.0,87.0,0,4.185024016230776,0.4344878866541066,352.03172392291725,24.47011577123817,724.205141441664,12.967497369124036,-0.181,51.49100000000001,Royal Borough of Kensington and Chelsea
4097,334.90909946141727,Entire home/apt,False,False,2.0,False,0,1,10.0,90.0,0,3.935027202296321,0.364566795907017,483.4244292089872,33.60336851907951,792.4100124122609,14.188762497278208,-0.071,51.511,London Borough of Tower Hamlets
4427,584.444601237094,Entire home/apt,False,False,6.0,False,0,1,7.0,80.0,2,3.83830417746245,0.1669145367146329,272.9070999529292,18.97007535634291,513.9674078338226,9.203015316396318,-0.122,51.474,London Borough of Lambeth
1690,379.83019356052586,Entire home/apt,False,False,2.0,False,0,1,10.0,87.0,0,4.185024016230776,0.4344878866541066,352.03172392291725,24.47011577123817,724.205141441664,12.967497369124036,-0.181,51.49100000000001,Royal Borough of Kensington and Chelsea
977,716.8559937910111,Entire home/apt,False,False,2.0,False,0,1,9.0,100.0,1,1.4265966104828671,0.1423359225908261,590.5466365978081,41.04955202568019,1527.5478420426512,27.35201877118238,-0.136,51.52,London Borough of Camden
4097,334.90909946141727,Entire home/apt,False,False,2.0,False,0,1,10.0,90.0,0,3.935027202296321,0.364566795907017,483.4244292089872,33.60336851907951,792.4100124122609,14.188762497278208,-0.071,51.511,London Borough of Tower Hamlets
1792,353.95940638302875,Entire home/apt,False,False,2.0,False,0,1,8.0,77.0,0,4.184982355615324,0.4344912097016554,352.0384058762985,24.470580241232508,724.2188380462364,12.967742618258011,-0.181,51.49100000000001,Royal Borough of Kensington and Chelsea
1783,353.95940638302875,Entire home/apt,False,False,2.0,False,0,1,9.0,70.0,0,4.185012481931481,0.4344889899324827,352.033559676093,24.470243376478503,724.2089110809626,12.967564867661247,-0.181,51.49100000000001,Royal Borough of Kensington and Chelsea
961,388.0618076624568,Private room,False,True,2.0,False,0,1,7.0,70.0,1,1.4266143257997663,0.1423307430766109,590.5420717502211,41.04923471805892,1527.5454471748717,27.351975889076392,-0.136,51.52,London Borough of Camden
1787,353.95940638302875,Entire home/apt,False,False,2.0,False,0,1,10.0,60.0,0,4.184994887606691,0.4344783274445184,352.0373149648103,24.47050441076441,724.2159801656397,12.967691445521176,-0.181,51.49100000000001,Royal Borough of Kensington and Chelsea
1162,211.9052658811355,Private room,False,True,2.0,False,0,1,8.0,76.0,1,9.5045092666229,0.3413813473888904,117.6254134834474,8.176273017399893,286.4760688581928,5.1295930623199695,-0.1639999999999999,51.426,London Borough of Wandsworth
1740,195.2068487029328,Private room,False,True,2.0,False,0,1,9.0,94.0,1,2.180424946537028,0.5531866168274845,450.36145682126624,31.30512461920321,973.900400468146,17.438499339730004,-0.118,51.527,London Borough of Camden
1785,353.95940638302875,Entire home/apt,False,False,2.0,False,0,1,7.0,80.0,0,4.1850076511958205,0.4344716568304266,352.0357049923405,24.47039249979148,724.2123870323104,12.967627107470634,-0.181,51.49100000000001,Royal Borough of Kensington and Chelsea
1788,353.95940638302875,Entire home/apt,False,False,2.0,False,0,1,9.0,80.0,0,4.185031916992533,0.4344974168096186,352.02967093427617,24.46997306571957,724.2014619309941,12.967431484415137,-0.181,51.49100000000001,Royal Borough of Kensington and Chelsea
2449,334.67391048707634,Entire home/apt,False,False,2.0,False,0,1,10.0,93.0,0,3.93503196214065,0.3645711329449925,483.42312529945735,33.60327788288117,792.4089731855695,14.188743889057116,-0.071,51.511,London Borough of Tower Hamlets
1131,345.49260330675696,Entire home/apt,False,False,2.0,False,0,1,10.0,92.0,0,3.935009188976384,0.3645452063342208,483.4349425450207,33.604099312733595,792.4057271945105,14.188685766878592,-0.071,51.511,London Borough of Tower Hamlets
1124,319.62181612925986,Entire home/apt,False,False,2.0,False,0,1,10.0,93.0,0,3.9350203952685936,0.3645594358265034,483.42754153605495,33.60358486038766,792.4096601649953,14.18875618999698,-0.071,51.511,London Borough of Tower Hamlets
2454,333.73315458971285,Entire home/apt,False,False,2.0,False,0,1,9.0,100.0,0,3.935022497510558,0.3645646194700297,483.4234439615026,33.603300033433555,792.4143908651432,14.188840897130657,-0.071,51.511,London Borough of Tower Hamlets
1191,159.22293562877772,Private room,False,True,6.0,False,0,1,8.0,81.0,1,5.172800626557539,0.3203951923642998,245.92826370829127,17.094746511195645,540.6387574216335,9.68058808662331,-0.06,51.528,London Borough of Tower Hamlets
1124,319.62181612925986,Entire home/apt,False,False,2.0,False,0,1,10.0,93.0,0,3.9350203952685936,0.3645594358265034,483.42754153605495,33.60358486038766,792.4096601649953,14.18875618999698,-0.071,51.511,London Borough of Tower Hamlets
3903,334.43872151273547,Entire home/apt,False,False,2.0,False,0,1,10.0,95.0,0,3.935023151065557,0.3645583961197164,483.43061339090224,33.60379838842687,792.4034211174973,14.188644474645368,-0.071,51.511,London Borough of Tower Hamlets
960,388.0618076624568,Private room,False,True,2.0,False,0,1,9.0,82.0,1,1.4266149926433769,0.14231034412013,590.5446580850522,41.04941449706303,1527.5246131420804,27.351602838334344,-0.136,51.52,London Borough of Camden
701,123.00383358028176,Private room,False,True,2.0,False,0,1,8.0,86.0,1,5.452668541979198,0.4458024556657048,238.5559411763795,16.58228819110887,502.7041873979052,9.00133795591822,-0.0525799999999999,51.52301,London Borough of Tower Hamlets
1170,183.4473999858887,Private room,False,True,2.0,False,0,1,9.0,86.0,1,9.523273332881343,0.2875488603963807,117.41767352931328,8.161832782663872,299.0822364996391,5.3553170131328205,-0.165,51.426,London Borough of Wandsworth
1788,353.95940638302875,Entire home/apt,False,False,2.0,False,0,1,9.0,80.0,0,4.185031916992533,0.4344974168096186,352.02967093427617,24.46997306571957,724.2014619309941,12.967431484415137,-0.181,51.49100000000001,Royal Borough of Kensington and Chelsea
2617,322.2088948470096,Private room,False,True,2.0,False,0,1,9.0,84.0,1,1.4266087184992553,0.1423170843671968,590.5456050615219,41.04948032244827,1527.5305044976649,27.351708327972112,-0.136,51.52,London Borough of Camden
1793,353.95940638302875,Entire home/apt,False,False,2.0,False,0,1,9.0,91.0,0,4.185008774147673,0.4344725643734805,352.0354477526372,24.470374618774247,724.2119118495222,12.967618598926292,-0.181,51.49100000000001,Royal Borough of Kensington and Chelsea
1784,353.95940638302875,Entire home/apt,False,False,2.0,False,0,1,8.0,80.0,0,4.185009900870399,0.4345251757001291,352.03119059768704,24.4700786992096,724.205920831865,12.967511324755948,-0.181,51.49100000000001,Royal Borough of Kensington and Chelsea
1785,353.95940638302875,Entire home/apt,False,False,2.0,False,0,1,7.0,80.0,0,4.1850076511958205,0.4344716568304266,352.0357049923405,24.47039249979148,724.2123870323104,12.967627107470634,-0.181,51.49100000000001,Royal Borough of Kensington and Chelsea
1164,211.9052658811355,Private room,False,True,2.0,False,0,1,9.0,86.0,1,9.504499382662347,0.3413956465950518,117.625528333863,8.176281000779728,286.47155645293776,5.12951226393851,-0.1639999999999999,51.426,London Borough of Wandsworth
1691,379.83019356052586,Entire home/apt,False,False,2.0,False,0,1,7.0,80.0,0,4.18501378287374,0.4344951605577924,352.03286570381954,24.470195137695693,724.2078143380202,12.96754522956369,-0.181,51.49100000000001,Royal Borough of Kensington and Chelsea
1790,353.95940638302875,Entire home/apt,False,False,2.0,False,0,1,10.0,90.0,0,4.1850080894232,0.4344939125611116,352.0339105142033,24.47026776362487,724.2098672003963,12.96758198777754,-0.181,51.49100000000001,Royal Borough of Kensington and Chelsea
1792,353.95940638302875,Entire home/apt,False,False,2.0,False,0,1,8.0,77.0,0,4.184982355615324,0.4344912097016554,352.0384058762985,24.470580241232508,724.2188380462364,12.967742618258011,-0.181,51.49100000000001,Royal Borough of Kensington and Chelsea
1788,353.95940638302875,Entire home/apt,False,False,2.0,False,0,1,9.0,80.0,0,4.185031916992533,0.4344974168096186,352.02967093427617,24.46997306571957,724.2014619309941,12.967431484415137,-0.181,51.49100000000001,Royal Borough of Kensington and Chelsea
4435,345.2574143324161,Entire home/apt,False,False,2.0,False,0,1,10.0,95.0,0,3.93501558805636,0.3645525812676384,483.4315251093895,33.603861762990626,792.4067813349408,14.18870464214262,-0.071,51.511,London Borough of Tower Hamlets
1113,335.14428843575814,Entire home/apt,False,False,2.0,False,0,1,9.0,92.0,0,3.935003107791964,0.364541716047097,483.4343982774293,33.604061480089364,792.410309638567,14.188767819363235,-0.071,51.511,London Borough of Tower Hamlets
1128,345.49260330675696,Entire home/apt,False,False,2.0,False,0,1,10.0,90.0,0,3.935028691709733,0.3645633019430278,483.4292493844002,33.60370357482131,792.4019844804614,14.18861875046044,-0.071,51.511,London Borough of Tower Hamlets
961,388.0618076624568,Private room,False,True,2.0,False,0,1,7.0,70.0,1,1.4266143257997663,0.1423307430766109,590.5420717502211,41.04923471805892,1527.5454471748717,27.351975889076392,-0.136,51.52,London Borough of Camden
1201,129.11874691314472,Private room,False,True,2.0,False,0,0,9.0,95.0,1,7.771001836836232,2.622074533039008,143.0112333392333,9.940869525625097,300.61404993439294,5.382745410900911,-0.11475,51.43894,London Borough of Lambeth
1419,351.37232766527904,Entire home/apt,False,False,2.0,False,0,0,9.0,97.0,1,5.917708626028277,0.6687815992508538,195.8756542679444,13.61553408678913,431.6551774255957,7.729146145651978,-0.19463,51.54112,London Borough of Camden
1124,319.62181612925986,Entire home/apt,False,False,2.0,False,0,1,10.0,93.0,0,3.9350203952685936,0.3645594358265034,483.42754153605495,33.60358486038766,792.4096601649953,14.18875618999698,-0.071,51.511,London Borough of Tower Hamlets
1826,180.86032126813896,Private room,False,True,2.0,False,1,0,10.0,100.0,1,7.28659581941106,0.4937805763793822,153.09869303992232,10.642060043237676,336.00927925250744,6.016526527323936,-0.14515,51.44377,London Borough of Wandsworth
1787,353.95940638302875,Entire home/apt,False,False,2.0,False,0,1,10.0,60.0,0,4.184994887606691,0.4344783274445184,352.0373149648103,24.47050441076441,724.2159801656397,12.967691445521176,-0.181,51.49100000000001,Royal Borough of Kensington and Chelsea
1128,345.49260330675696,Entire home/apt,False,False,2.0,False,0,1,10.0,90.0,0,3.935028691709733,0.3645633019430278,483.4292493844002,33.60370357482131,792.4019844804614,14.18861875046044,-0.071,51.511,London Borough of Tower Hamlets
4377,532.7030268820997,Entire home/apt,False,False,4.0,False,0,1,2.0,20.0,1,3.838313139772806,0.1669076216763115,272.9065464194961,18.97003687961973,513.9664080795119,9.202997414961144,-0.122,51.474,London Borough of Lambeth
2454,333.73315458971285,Entire home/apt,False,False,2.0,False,0,1,9.0,100.0,0,3.935022497510558,0.3645646194700297,483.4234439615026,33.603300033433555,792.4143908651432,14.188840897130657,-0.071,51.511,London Borough of Tower Hamlets
1792,353.95940638302875,Entire home/apt,False,False,2.0,False,0,1,8.0,77.0,0,4.184982355615324,0.4344912097016554,352.0384058762985,24.470580241232508,724.2188380462364,12.967742618258011,-0.181,51.49100000000001,Royal Borough of Kensington and Chelsea
981,1001.6698417178204,Entire home/apt,False,False,4.0,False,0,1,9.0,90.0,2,1.4266038704263206,0.1423151120270535,590.5473171430174,41.04959933113288,1527.527689830579,27.35165792900925,-0.136,51.52,London Borough of Camden
1124,319.62181612925986,Entire home/apt,False,False,2.0,False,0,1,10.0,93.0,0,3.9350203952685936,0.3645594358265034,483.42754153605495,33.60358486038766,792.4096601649953,14.18875618999698,-0.071,51.511,London Borough of Tower Hamlets
2995,192.14939203650133,Private room,False,True,2.0,False,0,1,9.0,93.0,1,2.1804313826756707,0.5532060360955589,450.3598438337105,31.30501249864832,973.89719438854,17.43844193219935,-0.118,51.527,London Borough of Camden
1170,183.4473999858887,Private room,False,True,2.0,False,0,1,9.0,86.0,1,9.523273332881343,0.2875488603963807,117.41767352931328,8.161832782663872,299.0822364996391,5.3553170131328205,-0.165,51.426,London Borough of Wandsworth
1793,353.95940638302875,Entire home/apt,False,False,2.0,False,0,1,9.0,91.0,0,4.185008774147673,0.4344725643734805,352.0354477526372,24.470374618774247,724.2119118495222,12.967618598926292,-0.181,51.49100000000001,Royal Borough of Kensington and Chelsea
1690,379.83019356052586,Entire home/apt,False,False,2.0,False,0,1,10.0,87.0,0,4.185024016230776,0.4344878866541066,352.03172392291725,24.47011577123817,724.205141441664,12.967497369124036,-0.181,51.49100000000001,Royal Borough of Kensington and Chelsea
2454,333.73315458971285,Entire home/apt,False,False,2.0,False,0,1,9.0,100.0,0,3.935022497510558,0.3645646194700297,483.4234439615026,33.603300033433555,792.4143908651432,14.188840897130657,-0.071,51.511,London Borough of Tower Hamlets
1784,353.95940638302875,Entire home/apt,False,False,2.0,False,0,1,8.0,80.0,0,4.185009900870399,0.4345251757001291,352.03119059768704,24.4700786992096,724.205920831865,12.967511324755948,-0.181,51.49100000000001,Royal Borough of Kensington and Chelsea
1792,353.95940638302875,Entire home/apt,False,False,2.0,False,0,1,8.0,77.0,0,4.184982355615324,0.4344912097016554,352.0384058762985,24.470580241232508,724.2188380462364,12.967742618258011,-0.181,51.49100000000001,Royal Borough of Kensington and Chelsea
1786,353.95940638302875,Entire home/apt,False,False,2.0,False,0,1,8.0,100.0,0,4.184998573668654,0.4344775990651961,352.0367573373497,24.47046564946083,724.2148145215643,12.967670573691336,-0.181,51.49100000000001,Royal Borough of Kensington and Chelsea
2449,334.67391048707634,Entire home/apt,False,False,2.0,False,0,1,10.0,93.0,0,3.93503196214065,0.3645711329449925,483.42312529945735,33.60327788288117,792.4089731855695,14.188743889057116,-0.071,51.511,London Borough of Tower Hamlets
4381,651.9438368729274,Entire home/apt,False,False,4.0,False,0,1,6.0,60.0,2,3.838312444343061,0.1669082680906701,272.90659039039883,18.97003993608597,513.9664720353599,9.202998560143968,-0.122,51.474,London Borough of Lambeth
3016,194.50128177991016,Private room,False,True,2.0,False,0,1,9.0,94.0,1,2.180417526531178,0.5531936441910389,450.36260952382304,31.305204744837063,973.9017948460456,17.43852430722983,-0.118,51.527,London Borough of Camden
1129,335.14428843575814,Entire home/apt,False,False,2.0,False,0,1,10.0,95.0,0,3.935016885207956,0.3645570019424634,483.42767938252274,33.60359444224861,792.4116400426728,14.188791641358902,-0.071,51.511,London Borough of Tower Hamlets
3903,334.43872151273547,Entire home/apt,False,False,2.0,False,0,1,10.0,95.0,0,3.935023151065557,0.3645583961197164,483.43061339090224,33.60379838842687,792.4034211174973,14.188644474645368,-0.071,51.511,London Borough of Tower Hamlets
1784,353.95940638302875,Entire home/apt,False,False,2.0,False,0,1,8.0,80.0,0,4.185009900870399,0.4345251757001291,352.03119059768704,24.4700786992096,724.205920831865,12.967511324755948,-0.181,51.49100000000001,Royal Borough of Kensington and Chelsea
2454,333.73315458971285,Entire home/apt,False,False,2.0,False,0,1,9.0,100.0,0,3.935022497510558,0.3645646194700297,483.4234439615026,33.603300033433555,792.4143908651432,14.188840897130657,-0.071,51.511,London Borough of Tower Hamlets
1131,345.49260330675696,Entire home/apt,False,False,2.0,False,0,1,10.0,92.0,0,3.935009188976384,0.3645452063342208,483.4349425450207,33.604099312733595,792.4057271945105,14.188685766878592,-0.071,51.511,London Borough of Tower Hamlets
719,452.9739645805405,Entire home/apt,False,False,4.0,False,1,0,10.0,93.0,2,5.878005351088162,0.4764984623866873,213.8268081513069,14.86333871319654,455.4094946776228,8.154487017794644,-0.05025,51.52994,London Borough of Tower Hamlets
1113,335.14428843575814,Entire home/apt,False,False,2.0,False,0,1,9.0,92.0,0,3.935003107791964,0.364541716047097,483.4343982774293,33.604061480089364,792.410309638567,14.188767819363235,-0.071,51.511,London Borough of Tower Hamlets
1131,345.49260330675696,Entire home/apt,False,False,2.0,False,0,1,10.0,92.0,0,3.935009188976384,0.3645452063342208,483.4349425450207,33.604099312733595,792.4057271945105,14.188685766878592,-0.071,51.511,London Borough of Tower Hamlets
2616,322.2088948470096,Private room,False,True,2.0,False,0,1,9.0,84.0,1,1.4266218265235129,0.1423075064283409,590.5430117832034,41.04930006079465,1527.5228189960694,27.351570712652894,-0.136,51.52,London Borough of Camden
977,716.8559937910111,Entire home/apt,False,False,2.0,False,0,1,9.0,100.0,1,1.4265966104828671,0.1423359225908261,590.5466365978081,41.04955202568019,1527.5478420426512,27.35201877118238,-0.136,51.52,London Borough of Camden
1170,183.4473999858887,Private room,False,True,2.0,False,0,1,9.0,86.0,1,9.523273332881343,0.2875488603963807,117.41767352931328,8.161832782663872,299.0822364996391,5.3553170131328205,-0.165,51.426,London Borough of Wandsworth
1784,353.95940638302875,Entire home/apt,False,False,2.0,False,0,1,8.0,80.0,0,4.185009900870399,0.4345251757001291,352.03119059768704,24.4700786992096,724.205920831865,12.967511324755948,-0.181,51.49100000000001,Royal Borough of Kensington and Chelsea
1690,379.83019356052586,Entire home/apt,False,False,2.0,False,0,1,10.0,87.0,0,4.185024016230776,0.4344878866541066,352.03172392291725,24.47011577123817,724.205141441664,12.967497369124036,-0.181,51.49100000000001,Royal Borough of Kensington and Chelsea
4322,227.66292716197464,Private room,False,True,2.0,False,0,1,8.0,83.0,1,9.52329071037749,0.2875444771896031,117.4174658064196,8.161818343615026,299.0902537436342,5.355460568576527,-0.165,51.426,London Borough of Wandsworth
1787,353.95940638302875,Entire home/apt,False,False,2.0,False,0,1,10.0,60.0,0,4.184994887606691,0.4344783274445184,352.0373149648103,24.47050441076441,724.2159801656397,12.967691445521176,-0.181,51.49100000000001,Royal Borough of Kensington and Chelsea
1170,183.4473999858887,Private room,False,True,2.0,False,0,1,9.0,86.0,1,9.523273332881343,0.2875488603963807,117.41767352931328,8.161832782663872,299.0822364996391,5.3553170131328205,-0.165,51.426,London Borough of Wandsworth
1784,353.95940638302875,Entire home/apt,False,False,2.0,False,0,1,8.0,80.0,0,4.185009900870399,0.4345251757001291,352.03119059768704,24.4700786992096,724.205920831865,12.967511324755948,-0.181,51.49100000000001,Royal Borough of Kensington and Chelsea
960,388.0618076624568,Private room,False,True,2.0,False,0,1,9.0,82.0,1,1.4266149926433769,0.14231034412013,590.5446580850522,41.04941449706303,1527.5246131420804,27.351602838334344,-0.136,51.52,London Borough of Camden
960,388.0618076624568,Private room,False,True,2.0,False,0,1,9.0,82.0,1,1.4266149926433769,0.14231034412013,590.5446580850522,41.04941449706303,1527.5246131420804,27.351602838334344,-0.136,51.52,London Borough of Camden
1350,211.9052658811355,Private room,False,True,2.0,False,0,1,9.0,80.0,1,9.50452630738396,0.3414020576004548,117.6252005302904,8.176258214789641,286.47676413269,5.129605511790013,-0.1639999999999999,51.426,London Borough of Wandsworth
4427,584.444601237094,Entire home/apt,False,False,6.0,False,0,1,7.0,80.0,2,3.83830417746245,0.1669145367146329,272.9070999529292,18.97007535634291,513.9674078338226,9.203015316396318,-0.122,51.474,London Borough of Lambeth
1785,353.95940638302875,Entire home/apt,False,False,2.0,False,0,1,7.0,80.0,0,4.1850076511958205,0.4344716568304266,352.0357049923405,24.47039249979148,724.2123870323104,12.967627107470634,-0.181,51.49100000000001,Royal Borough of Kensington and Chelsea
1114,345.49260330675696,Entire home/apt,False,False,2.0,False,0,1,10.0,89.0,0,3.9350119094347935,0.3645471746323017,483.4347475377076,33.60408575755887,792.4043229089667,14.188660621974128,-0.071,51.511,London Borough of Tower Hamlets
1350,211.9052658811355,Private room,False,True,2.0,False,0,1,9.0,80.0,1,9.50452630738396,0.3414020576004548,117.6252005302904,8.176258214789641,286.47676413269,5.129605511790013,-0.1639999999999999,51.426,London Borough of Wandsworth
1691,379.83019356052586,Entire home/apt,False,False,2.0,False,0,1,7.0,80.0,0,4.18501378287374,0.4344951605577924,352.03286570381954,24.470195137695693,724.2078143380202,12.96754522956369,-0.181,51.49100000000001,Royal Borough of Kensington and Chelsea
1129,335.14428843575814,Entire home/apt,False,False,2.0,False,0,1,10.0,95.0,0,3.935016885207956,0.3645570019424634,483.42767938252274,33.60359444224861,792.4116400426728,14.188791641358902,-0.071,51.511,London Borough of Tower Hamlets
1793,353.95940638302875,Entire home/apt,False,False,2.0,False,0,1,9.0,91.0,0,4.185008774147673,0.4344725643734805,352.0354477526372,24.470374618774247,724.2119118495222,12.967618598926292,-0.181,51.49100000000001,Royal Borough of Kensington and Chelsea
1131,345.49260330675696,Entire home/apt,False,False,2.0,False,0,1,10.0,92.0,0,3.935009188976384,0.3645452063342208,483.4349425450207,33.604099312733595,792.4057271945105,14.188685766878592,-0.071,51.511,London Borough of Tower Hamlets
2989,230.7203838284061,Private room,False,True,3.0,False,1,0,9.0,91.0,1,7.221454940470309,0.287107134644318,163.40968225494674,11.358788345437176,390.7594145205855,6.996873385445735,-0.2116,51.47016,London Borough of Hammersmith and Fulham
1346,183.4473999858887,Private room,False,True,2.0,False,0,1,8.0,80.0,1,9.523276958098256,0.2875342530726114,117.4176352548939,8.161830122166506,299.0821537907685,5.355315532161475,-0.165,51.426,London Borough of Wandsworth
1690,379.83019356052586,Entire home/apt,False,False,2.0,False,0,1,10.0,87.0,0,4.185024016230776,0.4344878866541066,352.03172392291725,24.47011577123817,724.205141441664,12.967497369124036,-0.181,51.49100000000001,Royal Borough of Kensington and Chelsea
1941,258.7078717749712,Private room,False,True,2.0,True,1,0,8.0,84.0,1,6.449978363619491,1.1320345916209948,205.4488130917933,14.280974979744926,428.3903518750199,7.670686719841409,-0.0347899999999999,51.50485,London Borough of Southwark
4097,334.90909946141727,Entire home/apt,False,False,2.0,False,0,1,10.0,90.0,0,3.935027202296321,0.364566795907017,483.4244292089872,33.60336851907951,792.4100124122609,14.188762497278208,-0.071,51.511,London Borough of Tower Hamlets
1787,353.95940638302875,Entire home/apt,False,False,2.0,False,0,1,10.0,60.0,0,4.184994887606691,0.4344783274445184,352.0373149648103,24.47050441076441,724.2159801656397,12.967691445521176,-0.181,51.49100000000001,Royal Borough of Kensington and Chelsea
1131,345.49260330675696,Entire home/apt,False,False,2.0,False,0,1,10.0,92.0,0,3.935009188976384,0.3645452063342208,483.4349425450207,33.604099312733595,792.4057271945105,14.188685766878592,-0.071,51.511,London Borough of Tower Hamlets
2454,333.73315458971285,Entire home/apt,False,False,2.0,False,0,1,9.0,100.0,0,3.935022497510558,0.3645646194700297,483.4234439615026,33.603300033433555,792.4143908651432,14.188840897130657,-0.071,51.511,London Borough of Tower Hamlets
2617,322.2088948470096,Private room,False,True,2.0,False,0,1,9.0,84.0,1,1.4266087184992553,0.1423170843671968,590.5456050615219,41.04948032244827,1527.5305044976649,27.351708327972112,-0.136,51.52,London Borough of Camden
984,763.6585996848468,Entire home/apt,False,False,3.0,False,0,1,10.0,100.0,1,1.4266090019472444,0.1423307593729682,590.5436538196807,41.04934468946264,1527.5445842645636,27.35196043794727,-0.136,51.52,London Borough of Camden
4435,345.2574143324161,Entire home/apt,False,False,2.0,False,0,1,10.0,95.0,0,3.93501558805636,0.3645525812676384,483.4315251093895,33.603861762990626,792.4067813349408,14.18870464214262,-0.071,51.511,London Borough of Tower Hamlets
961,388.0618076624568,Private room,False,True,2.0,False,0,1,7.0,70.0,1,1.4266143257997663,0.1423307430766109,590.5420717502211,41.04923471805892,1527.5454471748717,27.351975889076392,-0.136,51.52,London Borough of Camden
1787,353.95940638302875,Entire home/apt,False,False,2.0,False,0,1,10.0,60.0,0,4.184994887606691,0.4344783274445184,352.0373149648103,24.47050441076441,724.2159801656397,12.967691445521176,-0.181,51.49100000000001,Royal Borough of Kensington and Chelsea
977,716.8559937910111,Entire home/apt,False,False,2.0,False,0,1,9.0,100.0,1,1.4265966104828671,0.1423359225908261,590.5466365978081,41.04955202568019,1527.5478420426512,27.35201877118238,-0.136,51.52,London Borough of Camden
4546,232.83708459747407,Private room,False,True,2.0,False,1,0,10.0,100.0,1,9.742548384041813,2.051871816180694,114.73068399174728,7.975057158218322,245.8409155732383,4.401986734826028,-0.14048,51.42114,London Borough of Wandsworth
1792,353.95940638302875,Entire home/apt,False,False,2.0,False,0,1,8.0,77.0,0,4.184982355615324,0.4344912097016554,352.0384058762985,24.470580241232508,724.2188380462364,12.967742618258011,-0.181,51.49100000000001,Royal Borough of Kensington and Chelsea
1128,345.49260330675696,Entire home/apt,False,False,2.0,False,0,1,10.0,90.0,0,3.935028691709733,0.3645633019430278,483.4292493844002,33.60370357482131,792.4019844804614,14.18861875046044,-0.071,51.511,London Borough of Tower Hamlets
1792,353.95940638302875,Entire home/apt,False,False,2.0,False,0,1,8.0,77.0,0,4.184982355615324,0.4344912097016554,352.0384058762985,24.470580241232508,724.2188380462364,12.967742618258011,-0.181,51.49100000000001,Royal Borough of Kensington and Chelsea
1788,353.95940638302875,Entire home/apt,False,False,2.0,False,0,1,9.0,80.0,0,4.185031916992533,0.4344974168096186,352.02967093427617,24.46997306571957,724.2014619309941,12.967431484415137,-0.181,51.49100000000001,Royal Borough of Kensington and Chelsea
1787,353.95940638302875,Entire home/apt,False,False,2.0,False,0,1,10.0,60.0,0,4.184994887606691,0.4344783274445184,352.0373149648103,24.47050441076441,724.2159801656397,12.967691445521176,-0.181,51.49100000000001,Royal Borough of Kensington and Chelsea
227,293.28065100308095,Private room,False,True,2.0,False,1,0,9.0,93.0,1,7.004214223769992,0.3016884079748072,182.23673213018137,12.667477474200878,428.5608079447806,7.673738878007221,-0.2239999999999999,51.49,London Borough of Hammersmith and Fulham
1166,211.9052658811355,Private room,False,True,2.0,False,0,1,8.0,80.0,1,9.504501894440123,0.3414126680723994,117.62549234372166,8.176278499065067,286.4694771985963,5.129475033154496,-0.1639999999999999,51.426,London Borough of Wandsworth
142,243.6557774171547,Entire home/apt,False,False,2.0,True,0,1,10.0,96.0,0,3.840179512552354,0.4925595622335419,322.8924341671015,22.444611405124284,920.8560233702387,16.488695505011798,-0.08,51.526,London Borough of Hackney
1128,345.49260330675696,Entire home/apt,False,False,2.0,False,0,1,10.0,90.0,0,3.935028691709733,0.3645633019430278,483.4292493844002,33.60370357482131,792.4019844804614,14.18861875046044,-0.071,51.511,London Borough of Tower Hamlets
1129,335.14428843575814,Entire home/apt,False,False,2.0,False,0,1,10.0,95.0,0,3.935016885207956,0.3645570019424634,483.42767938252274,33.60359444224861,792.4116400426728,14.188791641358902,-0.071,51.511,London Borough of Tower Hamlets
1785,353.95940638302875,Entire home/apt,False,False,2.0,False,0,1,7.0,80.0,0,4.1850076511958205,0.4344716568304266,352.0357049923405,24.47039249979148,724.2123870323104,12.967627107470634,-0.181,51.49100000000001,Royal Borough of Kensington and Chelsea
3213,515.5342317552153,Entire home/apt,False,False,6.0,False,0,1,10.0,80.0,2,5.939746591201643,0.3776358931672204,206.78875370905067,14.374115738951192,489.5647289025837,8.76606498736319,-0.2,51.48,London Borough of Hammersmith and Fulham
4097,334.90909946141727,Entire home/apt,False,False,2.0,False,0,1,10.0,90.0,0,3.935027202296321,0.364566795907017,483.4244292089872,33.60336851907951,792.4100124122609,14.188762497278208,-0.071,51.511,London Borough of Tower Hamlets
1264,227.1925492132929,Private room,False,True,2.0,False,0,1,9.0,94.0,1,1.902871733646169,0.2385872590628339,548.7981244221676,38.1475666170056,945.44722880399,16.929021558387987,-0.10222,51.501740000000005,London Borough of Southwark
4097,334.90909946141727,Entire home/apt,False,False,2.0,False,0,1,10.0,90.0,0,3.935027202296321,0.364566795907017,483.4244292089872,33.60336851907951,792.4100124122609,14.188762497278208,-0.071,51.511,London Borough of Tower Hamlets
1114,345.49260330675696,Entire home/apt,False,False,2.0,False,0,1,10.0,89.0,0,3.9350119094347935,0.3645471746323017,483.4347475377076,33.60408575755887,792.4043229089667,14.188660621974128,-0.071,51.511,London Borough of Tower Hamlets
1350,211.9052658811355,Private room,False,True,2.0,False,0,1,9.0,80.0,1,9.50452630738396,0.3414020576004548,117.6252005302904,8.176258214789641,286.47676413269,5.129605511790013,-0.1639999999999999,51.426,London Borough of Wandsworth
3961,393.706343046638,Entire home/apt,False,False,4.0,False,0,1,9.0,89.0,1,5.486453526311889,0.3987864101253934,237.4858765221581,16.50790680956826,554.426043513365,9.927460948870577,-0.205,51.518,Royal Borough of Kensington and Chelsea
270,185.32891178061573,Private room,False,True,2.0,False,0,1,9.0,85.0,1,2.097257275809143,0.1442629624512214,467.5999430880349,32.50339092875062,1058.1821530742689,18.947634448891744,-0.138,51.526,London Borough of Camden
1128,345.49260330675696,Entire home/apt,False,False,2.0,False,0,1,10.0,90.0,0,3.935028691709733,0.3645633019430278,483.4292493844002,33.60370357482131,792.4019844804614,14.18861875046044,-0.071,51.511,London Borough of Tower Hamlets
958,388.0618076624568,Private room,False,True,2.0,False,0,1,8.0,76.0,1,1.4266133952065438,0.1423099738218652,590.5451840312672,41.04945105616806,1527.5239717823736,27.35159135425361,-0.136,51.52,London Borough of Camden
3212,515.5342317552153,Entire home/apt,False,False,6.0,False,0,1,10.0,87.0,2,5.939758318558844,0.3776480727429646,206.78824511287016,14.374080385866309,489.5621886389553,8.766019501823205,-0.2,51.48,London Borough of Hammersmith and Fulham
1131,345.49260330675696,Entire home/apt,False,False,2.0,False,0,1,10.0,92.0,0,3.935009188976384,0.3645452063342208,483.4349425450207,33.604099312733595,792.4057271945105,14.188685766878592,-0.071,51.511,London Borough of Tower Hamlets
1785,353.95940638302875,Entire home/apt,False,False,2.0,False,0,1,7.0,80.0,0,4.1850076511958205,0.4344716568304266,352.0357049923405,24.47039249979148,724.2123870323104,12.967627107470634,-0.181,51.49100000000001,Royal Borough of Kensington and Chelsea
1691,379.83019356052586,Entire home/apt,False,False,2.0,False,0,1,7.0,80.0,0,4.18501378287374,0.4344951605577924,352.03286570381954,24.470195137695693,724.2078143380202,12.96754522956369,-0.181,51.49100000000001,Royal Borough of Kensington and Chelsea
1792,353.95940638302875,Entire home/apt,False,False,2.0,False,0,1,8.0,77.0,0,4.184982355615324,0.4344912097016554,352.0384058762985,24.470580241232508,724.2188380462364,12.967742618258011,-0.181,51.49100000000001,Royal Borough of Kensington and Chelsea
1114,345.49260330675696,Entire home/apt,False,False,2.0,False,0,1,10.0,89.0,0,3.9350119094347935,0.3645471746323017,483.4347475377076,33.60408575755887,792.4043229089667,14.188660621974128,-0.071,51.511,London Borough of Tower Hamlets
1786,353.95940638302875,Entire home/apt,False,False,2.0,False,0,1,8.0,100.0,0,4.184998573668654,0.4344775990651961,352.0367573373497,24.47046564946083,724.2148145215643,12.967670573691336,-0.181,51.49100000000001,Royal Borough of Kensington and Chelsea
1788,353.95940638302875,Entire home/apt,False,False,2.0,False,0,1,9.0,80.0,0,4.185031916992533,0.4344974168096186,352.02967093427617,24.46997306571957,724.2014619309941,12.967431484415137,-0.181,51.49100000000001,Royal Borough of Kensington and Chelsea
3903,334.43872151273547,Entire home/apt,False,False,2.0,False,0,1,10.0,95.0,0,3.935023151065557,0.3645583961197164,483.43061339090224,33.60379838842687,792.4034211174973,14.188644474645368,-0.071,51.511,London Borough of Tower Hamlets
4097,334.90909946141727,Entire home/apt,False,False,2.0,False,0,1,10.0,90.0,0,3.935027202296321,0.364566795907017,483.4244292089872,33.60336851907951,792.4100124122609,14.188762497278208,-0.071,51.511,London Borough of Tower Hamlets
4321,227.66292716197464,Private room,False,True,2.0,False,0,1,8.0,77.0,1,9.5232931838848,0.2875573137571739,117.41743126544029,8.161815942633224,299.09312225443887,5.355511931656108,-0.165,51.426,London Borough of Wandsworth
1113,335.14428843575814,Entire home/apt,False,False,2.0,False,0,1,9.0,92.0,0,3.935003107791964,0.364541716047097,483.4343982774293,33.604061480089364,792.410309638567,14.188767819363235,-0.071,51.511,London Borough of Tower Hamlets
1793,353.95940638302875,Entire home/apt,False,False,2.0,False,0,1,9.0,91.0,0,4.185008774147673,0.4344725643734805,352.0354477526372,24.470374618774247,724.2119118495222,12.967618598926292,-0.181,51.49100000000001,Royal Borough of Kensington and Chelsea
1792,353.95940638302875,Entire home/apt,False,False,2.0,False,0,1,8.0,77.0,0,4.184982355615324,0.4344912097016554,352.0384058762985,24.470580241232508,724.2188380462364,12.967742618258011,-0.181,51.49100000000001,Royal Borough of Kensington and Chelsea
1167,211.9052658811355,Private room,False,True,2.0,False,0,1,8.0,82.0,1,9.504490407326903,0.3413819230524423,117.62564142403738,8.176288861803243,286.4716302369913,5.129513585103558,-0.1639999999999999,51.426,London Borough of Wandsworth
686,135.93922716903032,Private room,False,True,2.0,True,1,0,10.0,98.0,1,8.558337029478874,3.4716898238469245,159.04265723197094,11.055231590104777,307.472730512969,5.505555809873358,-0.01856,51.47241,Royal Borough of Greenwich
3959,419.5771302241351,Entire home/apt,False,False,4.0,False,0,1,9.0,88.0,1,5.486445168217027,0.3987989067202713,237.4859950450753,16.507915048227762,554.4249773954342,9.927441859139403,-0.205,51.518,Royal Borough of Kensington and Chelsea
2616,322.2088948470096,Private room,False,True,2.0,False,0,1,9.0,84.0,1,1.4266218265235129,0.1423075064283409,590.5430117832034,41.04930006079465,1527.5228189960694,27.351570712652894,-0.136,51.52,London Borough of Camden
4380,584.444601237094,Entire home/apt,False,False,5.0,False,0,1,8.0,60.0,2,3.838301183617757,0.1669186395099546,272.9073015006934,18.97008936615165,513.9675195260401,9.203017316338672,-0.122,51.474,London Borough of Lambeth
1690,379.83019356052586,Entire home/apt,False,False,2.0,False,0,1,10.0,87.0,0,4.185024016230776,0.4344878866541066,352.03172392291725,24.47011577123817,724.205141441664,12.967497369124036,-0.181,51.49100000000001,Royal Borough of Kensington and Chelsea
1114,345.49260330675696,Entire home/apt,False,False,2.0,False,0,1,10.0,89.0,0,3.9350119094347935,0.3645471746323017,483.4347475377076,33.60408575755887,792.4043229089667,14.188660621974128,-0.071,51.511,London Borough of Tower Hamlets
1793,353.95940638302875,Entire home/apt,False,False,2.0,False,0,1,9.0,91.0,0,4.185008774147673,0.4344725643734805,352.0354477526372,24.470374618774247,724.2119118495222,12.967618598926292,-0.181,51.49100000000001,Royal Borough of Kensington and Chelsea
2267,568.6869399562548,Private room,False,True,2.0,False,0,1,10.0,94.0,1,2.334963964417686,0.2083487788832604,510.33054943706907,35.473642793224705,877.9053296542346,15.719627493901571,-0.096,51.501000000000005,London Borough of Southwark
1164,211.9052658811355,Private room,False,True,2.0,False,0,1,9.0,86.0,1,9.504499382662347,0.3413956465950518,117.625528333863,8.176281000779728,286.47155645293776,5.12951226393851,-0.1639999999999999,51.426,London Borough of Wandsworth
1785,353.95940638302875,Entire home/apt,False,False,2.0,False,0,1,7.0,80.0,0,4.1850076511958205,0.4344716568304266,352.0357049923405,24.47039249979148,724.2123870323104,12.967627107470634,-0.181,51.49100000000001,Royal Borough of Kensington and Chelsea
1690,379.83019356052586,Entire home/apt,False,False,2.0,False,0,1,10.0,87.0,0,4.185024016230776,0.4344878866541066,352.03172392291725,24.47011577123817,724.205141441664,12.967497369124036,-0.181,51.49100000000001,Royal Borough of Kensington and Chelsea
3212,515.5342317552153,Entire home/apt,False,False,6.0,False,0,1,10.0,87.0,2,5.939758318558844,0.3776480727429646,206.78824511287016,14.374080385866309,489.5621886389553,8.766019501823205,-0.2,51.48,London Borough of Hammersmith and Fulham
1793,353.95940638302875,Entire home/apt,False,False,2.0,False,0,1,9.0,91.0,0,4.185008774147673,0.4344725643734805,352.0354477526372,24.470374618774247,724.2119118495222,12.967618598926292,-0.181,51.49100000000001,Royal Borough of Kensington and Chelsea
984,763.6585996848468,Entire home/apt,False,False,3.0,False,0,1,10.0,100.0,1,1.4266090019472444,0.1423307593729682,590.5436538196807,41.04934468946264,1527.5445842645636,27.35196043794727,-0.136,51.52,London Borough of Camden
1792,353.95940638302875,Entire home/apt,False,False,2.0,False,0,1,8.0,77.0,0,4.184982355615324,0.4344912097016554,352.0384058762985,24.470580241232508,724.2188380462364,12.967742618258011,-0.181,51.49100000000001,Royal Borough of Kensington and Chelsea
1785,353.95940638302875,Entire home/apt,False,False,2.0,False,0,1,7.0,80.0,0,4.1850076511958205,0.4344716568304266,352.0357049923405,24.47039249979148,724.2123870323104,12.967627107470634,-0.181,51.49100000000001,Royal Borough of Kensington and Chelsea
4435,345.2574143324161,Entire home/apt,False,False,2.0,False,0,1,10.0,95.0,0,3.93501558805636,0.3645525812676384,483.4315251093895,33.603861762990626,792.4067813349408,14.18870464214262,-0.071,51.511,London Borough of Tower Hamlets
1785,353.95940638302875,Entire home/apt,False,False,2.0,False,0,1,7.0,80.0,0,4.1850076511958205,0.4344716568304266,352.0357049923405,24.47039249979148,724.2123870323104,12.967627107470634,-0.181,51.49100000000001,Royal Borough of Kensington and Chelsea
1793,353.95940638302875,Entire home/apt,False,False,2.0,False,0,1,9.0,91.0,0,4.185008774147673,0.4344725643734805,352.0354477526372,24.470374618774247,724.2119118495222,12.967618598926292,-0.181,51.49100000000001,Royal Borough of Kensington and Chelsea
1690,379.83019356052586,Entire home/apt,False,False,2.0,False,0,1,10.0,87.0,0,4.185024016230776,0.4344878866541066,352.03172392291725,24.47011577123817,724.205141441664,12.967497369124036,-0.181,51.49100000000001,Royal Borough of Kensington and Chelsea
1114,345.49260330675696,Entire home/apt,False,False,2.0,False,0,1,10.0,89.0,0,3.9350119094347935,0.3645471746323017,483.4347475377076,33.60408575755887,792.4043229089667,14.188660621974128,-0.071,51.511,London Borough of Tower Hamlets
1785,353.95940638302875,Entire home/apt,False,False,2.0,False,0,1,7.0,80.0,0,4.1850076511958205,0.4344716568304266,352.0357049923405,24.47039249979148,724.2123870323104,12.967627107470634,-0.181,51.49100000000001,Royal Borough of Kensington and Chelsea
1346,183.4473999858887,Private room,False,True,2.0,False,0,1,8.0,80.0,1,9.523276958098256,0.2875342530726114,117.4176352548939,8.161830122166506,299.0821537907685,5.355315532161475,-0.165,51.426,London Borough of Wandsworth
958,388.0618076624568,Private room,False,True,2.0,False,0,1,8.0,76.0,1,1.4266133952065438,0.1423099738218652,590.5451840312672,41.04945105616806,1527.5239717823736,27.35159135425361,-0.136,51.52,London Borough of Camden
1128,345.49260330675696,Entire home/apt,False,False,2.0,False,0,1,10.0,90.0,0,3.935028691709733,0.3645633019430278,483.4292493844002,33.60370357482131,792.4019844804614,14.18861875046044,-0.071,51.511,London Borough of Tower Hamlets
3959,419.5771302241351,Entire home/apt,False,False,4.0,False,0,1,9.0,88.0,1,5.486445168217027,0.3987989067202713,237.4859950450753,16.507915048227762,554.4249773954342,9.927441859139403,-0.205,51.518,Royal Borough of Kensington and Chelsea
1788,353.95940638302875,Entire home/apt,False,False,2.0,False,0,1,9.0,80.0,0,4.185031916992533,0.4344974168096186,352.02967093427617,24.46997306571957,724.2014619309941,12.967431484415137,-0.181,51.49100000000001,Royal Borough of Kensington and Chelsea
1783,353.95940638302875,Entire home/apt,False,False,2.0,False,0,1,9.0,70.0,0,4.185012481931481,0.4344889899324827,352.033559676093,24.470243376478503,724.2089110809626,12.967564867661247,-0.181,51.49100000000001,Royal Borough of Kensington and Chelsea
2394,833.2745360897482,Entire home/apt,False,False,2.0,False,1,0,10.0,100.0,1,2.3761577251470505,0.3409702239842823,578.2152833536288,40.19238597786352,1014.272373792014,18.16139321041067,-0.094,51.504,London Borough of Southwark
3903,334.43872151273547,Entire home/apt,False,False,2.0,False,0,1,10.0,95.0,0,3.935023151065557,0.3645583961197164,483.43061339090224,33.60379838842687,792.4034211174973,14.188644474645368,-0.071,51.511,London Borough of Tower Hamlets
4321,227.66292716197464,Private room,False,True,2.0,False,0,1,8.0,77.0,1,9.5232931838848,0.2875573137571739,117.41743126544029,8.161815942633224,299.09312225443887,5.355511931656108,-0.165,51.426,London Borough of Wandsworth
1166,211.9052658811355,Private room,False,True,2.0,False,0,1,8.0,80.0,1,9.504501894440123,0.3414126680723994,117.62549234372166,8.176278499065067,286.4694771985963,5.129475033154496,-0.1639999999999999,51.426,London Borough of Wandsworth
1690,379.83019356052586,Entire home/apt,False,False,2.0,False,0,1,10.0,87.0,0,4.185024016230776,0.4344878866541066,352.03172392291725,24.47011577123817,724.205141441664,12.967497369124036,-0.181,51.49100000000001,Royal Borough of Kensington and Chelsea
3421,232.13151767445143,Private room,False,True,2.0,False,0,1,8.0,82.0,1,9.50450655110868,0.3414047381155742,117.62543862670536,8.176274765135654,286.47178917992704,5.129516431109452,-0.1639999999999999,51.426,London Borough of Wandsworth
3888,389.9433194571839,Entire home/apt,False,False,3.0,False,1,0,7.0,90.0,1,4.770644580607323,0.0872773055374618,247.5888502198189,17.210175722325875,536.2721929146842,9.602401105454886,-0.18673,51.53008,City of Westminster
1783,353.95940638302875,Entire home/apt,False,False,2.0,False,0,1,9.0,70.0,0,4.185012481931481,0.4344889899324827,352.033559676093,24.470243376478503,724.2089110809626,12.967564867661247,-0.181,51.49100000000001,Royal Borough of Kensington and Chelsea
1666,387.591429713775,Entire home/apt,False,False,2.0,False,1,0,8.0,81.0,1,7.600132751662561,0.518532824031329,176.94902594929957,12.299923149924124,380.521690902669,6.813558401217823,-0.0191,51.49896,London Borough of Tower Hamlets
1792,353.95940638302875,Entire home/apt,False,False,2.0,False,0,1,8.0,77.0,0,4.184982355615324,0.4344912097016554,352.0384058762985,24.470580241232508,724.2188380462364,12.967742618258011,-0.181,51.49100000000001,Royal Borough of Kensington and Chelsea
1790,353.95940638302875,Entire home/apt,False,False,2.0,False,0,1,10.0,90.0,0,4.1850080894232,0.4344939125611116,352.0339105142033,24.47026776362487,724.2098672003963,12.96758198777754,-0.181,51.49100000000001,Royal Borough of Kensington and Chelsea
1113,335.14428843575814,Entire home/apt,False,False,2.0,False,0,1,9.0,92.0,0,3.935003107791964,0.364541716047097,483.4343982774293,33.604061480089364,792.410309638567,14.188767819363235,-0.071,51.511,London Borough of Tower Hamlets
957,388.0618076624568,Private room,False,True,2.0,False,0,1,8.0,80.0,1,1.426597575947724,0.1423186405754901,590.5487087069413,41.04969606028541,1527.5302837477186,27.351704375260123,-0.136,51.52,London Borough of Camden
1162,211.9052658811355,Private room,False,True,2.0,False,0,1,8.0,76.0,1,9.5045092666229,0.3413813473888904,117.6254134834474,8.176273017399893,286.4760688581928,5.1295930623199695,-0.1639999999999999,51.426,London Borough of Wandsworth
1168,211.9052658811355,Private room,False,True,2.0,False,0,1,9.0,84.0,1,9.504513562789166,0.3414039462546295,117.62535407147,8.176268887607415,286.47352957660104,5.129547594364171,-0.1639999999999999,51.426,London Borough of Wandsworth
981,1001.6698417178204,Entire home/apt,False,False,4.0,False,0,1,9.0,90.0,2,1.4266038704263206,0.1423151120270535,590.5473171430174,41.04959933113288,1527.527689830579,27.35165792900925,-0.136,51.52,London Borough of Camden
1129,335.14428843575814,Entire home/apt,False,False,2.0,False,0,1,10.0,95.0,0,3.935016885207956,0.3645570019424634,483.42767938252274,33.60359444224861,792.4116400426728,14.188791641358902,-0.071,51.511,London Borough of Tower Hamlets
1783,353.95940638302875,Entire home/apt,False,False,2.0,False,0,1,9.0,70.0,0,4.185012481931481,0.4344889899324827,352.033559676093,24.470243376478503,724.2089110809626,12.967564867661247,-0.181,51.49100000000001,Royal Borough of Kensington and Chelsea
1129,335.14428843575814,Entire home/apt,False,False,2.0,False,0,1,10.0,95.0,0,3.935016885207956,0.3645570019424634,483.42767938252274,33.60359444224861,792.4116400426728,14.188791641358902,-0.071,51.511,London Borough of Tower Hamlets
3409,203.6736517792046,Private room,False,True,2.0,False,0,1,8.0,77.0,1,1.892726796216459,0.3178168866745692,549.4159723643567,38.19051391307855,1053.8974887416225,18.87091395868566,-0.14056,51.493390000000005,City of Westminster
1114,345.49260330675696,Entire home/apt,False,False,2.0,False,0,1,10.0,89.0,0,3.9350119094347935,0.3645471746323017,483.4347475377076,33.60408575755887,792.4043229089667,14.188660621974128,-0.071,51.511,London Borough of Tower Hamlets
1128,345.49260330675696,Entire home/apt,False,False,2.0,False,0,1,10.0,90.0,0,3.935028691709733,0.3645633019430278,483.4292493844002,33.60370357482131,792.4019844804614,14.18861875046044,-0.071,51.511,London Borough of Tower Hamlets
2449,334.67391048707634,Entire home/apt,False,False,2.0,False,0,1,10.0,93.0,0,3.93503196214065,0.3645711329449925,483.42312529945735,33.60327788288117,792.4089731855695,14.188743889057116,-0.071,51.511,London Borough of Tower Hamlets
1113,335.14428843575814,Entire home/apt,False,False,2.0,False,0,1,9.0,92.0,0,3.935003107791964,0.364541716047097,483.4343982774293,33.604061480089364,792.410309638567,14.188767819363235,-0.071,51.511,London Borough of Tower Hamlets
3188,515.5342317552153,Entire home/apt,False,False,6.0,False,0,1,6.0,67.0,2,5.939755893972311,0.3776411475394992,206.7882984402145,14.374084092709188,489.5629123760575,8.76603246093994,-0.2,51.48,London Borough of Hammersmith and Fulham
3903,334.43872151273547,Entire home/apt,False,False,2.0,False,0,1,10.0,95.0,0,3.935023151065557,0.3645583961197164,483.43061339090224,33.60379838842687,792.4034211174973,14.188644474645368,-0.071,51.511,London Borough of Tower Hamlets
1061,716.8559937910111,Entire home/apt,False,False,2.0,True,0,1,10.0,100.0,0,3.974118009374517,0.1573795940531053,411.6216480843144,28.612277525239577,814.5469412405357,14.585142680066872,-0.071,51.514,London Borough of Tower Hamlets
4512,204.1440297278864,Private room,False,True,2.0,False,0,0,10.0,99.0,1,7.278507054305292,3.213736785514125,167.68843046879172,11.656208881808189,328.4913824522871,5.88191231182122,-0.04283,51.4698,London Borough of Lewisham
1164,211.9052658811355,Private room,False,True,2.0,False,0,1,9.0,86.0,1,9.504499382662347,0.3413956465950518,117.625528333863,8.176281000779728,286.47155645293776,5.12951226393851,-0.1639999999999999,51.426,London Borough of Wandsworth
4435,345.2574143324161,Entire home/apt,False,False,2.0,False,0,1,10.0,95.0,0,3.93501558805636,0.3645525812676384,483.4315251093895,33.603861762990626,792.4067813349408,14.18870464214262,-0.071,51.511,London Borough of Tower Hamlets
4529,131.9410146052353,Private room,False,True,2.0,False,0,0,10.0,100.0,1,7.528372239629042,2.6386884589770467,152.96932638883214,10.633067623765257,331.1293348284931,5.929147050351561,-0.05899,51.56079,London Borough of Hackney
1792,353.95940638302875,Entire home/apt,False,False,2.0,False,0,1,8.0,77.0,0,4.184982355615324,0.4344912097016554,352.0384058762985,24.470580241232508,724.2188380462364,12.967742618258011,-0.181,51.49100000000001,Royal Borough of Kensington and Chelsea
1788,353.95940638302875,Entire home/apt,False,False,2.0,False,0,1,9.0,80.0,0,4.185031916992533,0.4344974168096186,352.02967093427617,24.46997306571957,724.2014619309941,12.967431484415137,-0.181,51.49100000000001,Royal Borough of Kensington and Chelsea
1114,345.49260330675696,Entire home/apt,False,False,2.0,False,0,1,10.0,89.0,0,3.9350119094347935,0.3645471746323017,483.4347475377076,33.60408575755887,792.4043229089667,14.188660621974128,-0.071,51.511,London Borough of Tower Hamlets
1166,211.9052658811355,Private room,False,True,2.0,False,0,1,8.0,80.0,1,9.504501894440123,0.3414126680723994,117.62549234372166,8.176278499065067,286.4694771985963,5.129475033154496,-0.1639999999999999,51.426,London Borough of Wandsworth
4321,227.66292716197464,Private room,False,True,2.0,False,0,1,8.0,77.0,1,9.5232931838848,0.2875573137571739,117.41743126544029,8.161815942633224,299.09312225443887,5.355511931656108,-0.165,51.426,London Borough of Wandsworth
1784,353.95940638302875,Entire home/apt,False,False,2.0,False,0,1,8.0,80.0,0,4.185009900870399,0.4345251757001291,352.03119059768704,24.4700786992096,724.205920831865,12.967511324755948,-0.181,51.49100000000001,Royal Borough of Kensington and Chelsea
1124,319.62181612925986,Entire home/apt,False,False,2.0,False,0,1,10.0,93.0,0,3.9350203952685936,0.3645594358265034,483.42754153605495,33.60358486038766,792.4096601649953,14.18875618999698,-0.071,51.511,London Borough of Tower Hamlets
1784,353.95940638302875,Entire home/apt,False,False,2.0,False,0,1,8.0,80.0,0,4.185009900870399,0.4345251757001291,352.03119059768704,24.4700786992096,724.205920831865,12.967511324755948,-0.181,51.49100000000001,Royal Borough of Kensington and Chelsea
4322,227.66292716197464,Private room,False,True,2.0,False,0,1,8.0,83.0,1,9.52329071037749,0.2875444771896031,117.4174658064196,8.161818343615026,299.0902537436342,5.355460568576527,-0.165,51.426,London Borough of Wandsworth
1793,353.95940638302875,Entire home/apt,False,False,2.0,False,0,1,9.0,91.0,0,4.185008774147673,0.4344725643734805,352.0354477526372,24.470374618774247,724.2119118495222,12.967618598926292,-0.181,51.49100000000001,Royal Borough of Kensington and Chelsea
1784,353.95940638302875,Entire home/apt,False,False,2.0,False,0,1,8.0,80.0,0,4.185009900870399,0.4345251757001291,352.03119059768704,24.4700786992096,724.205920831865,12.967511324755948,-0.181,51.49100000000001,Royal Borough of Kensington and Chelsea
3186,515.5342317552153,Entire home/apt,False,False,6.0,False,0,1,8.0,60.0,2,5.939774129804565,0.3776590789612181,206.78749573879304,14.374028296042646,489.55900802815495,8.76596255033277,-0.2,51.48,London Borough of Hammersmith and Fulham
1790,353.95940638302875,Entire home/apt,False,False,2.0,False,0,1,10.0,90.0,0,4.1850080894232,0.4344939125611116,352.0339105142033,24.47026776362487,724.2098672003963,12.96758198777754,-0.181,51.49100000000001,Royal Borough of Kensington and Chelsea
1131,345.49260330675696,Entire home/apt,False,False,2.0,False,0,1,10.0,92.0,0,3.935009188976384,0.3645452063342208,483.4349425450207,33.604099312733595,792.4057271945105,14.188685766878592,-0.071,51.511,London Borough of Tower Hamlets
1131,345.49260330675696,Entire home/apt,False,False,2.0,False,0,1,10.0,92.0,0,3.935009188976384,0.3645452063342208,483.4349425450207,33.604099312733595,792.4057271945105,14.188685766878592,-0.071,51.511,London Borough of Tower Hamlets
4322,227.66292716197464,Private room,False,True,2.0,False,0,1,8.0,83.0,1,9.52329071037749,0.2875444771896031,117.4174658064196,8.161818343615026,299.0902537436342,5.355460568576527,-0.165,51.426,London Borough of Wandsworth
4435,345.2574143324161,Entire home/apt,False,False,2.0,False,0,1,10.0,95.0,0,3.93501558805636,0.3645525812676384,483.4315251093895,33.603861762990626,792.4067813349408,14.18870464214262,-0.071,51.511,London Borough of Tower Hamlets
1788,353.95940638302875,Entire home/apt,False,False,2.0,False,0,1,9.0,80.0,0,4.185031916992533,0.4344974168096186,352.02967093427617,24.46997306571957,724.2014619309941,12.967431484415137,-0.181,51.49100000000001,Royal Borough of Kensington and Chelsea
2449,334.67391048707634,Entire home/apt,False,False,2.0,False,0,1,10.0,93.0,0,3.93503196214065,0.3645711329449925,483.42312529945735,33.60327788288117,792.4089731855695,14.188743889057116,-0.071,51.511,London Borough of Tower Hamlets
2629,322.2088948470096,Private room,False,True,2.0,False,0,1,8.0,71.0,1,1.4566498487384705,0.2002567038275333,575.9904056027515,40.03773225650532,1479.7322077282283,26.495839939116983,-0.1369999999999999,51.52,London Borough of Camden
1142,157.81180178273243,Private room,False,True,2.0,False,0,0,10.0,98.0,1,5.502328029920589,0.7306472184865259,197.2472111255245,13.710872525944035,415.4581474762644,7.439124808828182,-0.12619,51.45888,London Borough of Lambeth
2617,322.2088948470096,Private room,False,True,2.0,False,0,1,9.0,84.0,1,1.4266087184992553,0.1423170843671968,590.5456050615219,41.04948032244827,1527.5305044976649,27.351708327972112,-0.136,51.52,London Borough of Camden
1793,353.95940638302875,Entire home/apt,False,False,2.0,False,0,1,9.0,91.0,0,4.185008774147673,0.4344725643734805,352.0354477526372,24.470374618774247,724.2119118495222,12.967618598926292,-0.181,51.49100000000001,Royal Borough of Kensington and Chelsea
1164,211.9052658811355,Private room,False,True,2.0,False,0,1,9.0,86.0,1,9.504499382662347,0.3413956465950518,117.625528333863,8.176281000779728,286.47155645293776,5.12951226393851,-0.1639999999999999,51.426,London Borough of Wandsworth
3903,334.43872151273547,Entire home/apt,False,False,2.0,False,0,1,10.0,95.0,0,3.935023151065557,0.3645583961197164,483.43061339090224,33.60379838842687,792.4034211174973,14.188644474645368,-0.071,51.511,London Borough of Tower Hamlets
1785,353.95940638302875,Entire home/apt,False,False,2.0,False,0,1,7.0,80.0,0,4.1850076511958205,0.4344716568304266,352.0357049923405,24.47039249979148,724.2123870323104,12.967627107470634,-0.181,51.49100000000001,Royal Borough of Kensington and Chelsea
4435,345.2574143324161,Entire home/apt,False,False,2.0,False,0,1,10.0,95.0,0,3.93501558805636,0.3645525812676384,483.4315251093895,33.603861762990626,792.4067813349408,14.18870464214262,-0.071,51.511,London Borough of Tower Hamlets
1131,345.49260330675696,Entire home/apt,False,False,2.0,False,0,1,10.0,92.0,0,3.935009188976384,0.3645452063342208,483.4349425450207,33.604099312733595,792.4057271945105,14.188685766878592,-0.071,51.511,London Borough of Tower Hamlets
2449,334.67391048707634,Entire home/apt,False,False,2.0,False,0,1,10.0,93.0,0,3.93503196214065,0.3645711329449925,483.42312529945735,33.60327788288117,792.4089731855695,14.188743889057116,-0.071,51.511,London Borough of Tower Hamlets
1790,353.95940638302875,Entire home/apt,False,False,2.0,False,0,1,10.0,90.0,0,4.1850080894232,0.4344939125611116,352.0339105142033,24.47026776362487,724.2098672003963,12.96758198777754,-0.181,51.49100000000001,Royal Borough of Kensington and Chelsea
1786,353.95940638302875,Entire home/apt,False,False,2.0,False,0,1,8.0,100.0,0,4.184998573668654,0.4344775990651961,352.0367573373497,24.47046564946083,724.2148145215643,12.967670573691336,-0.181,51.49100000000001,Royal Borough of Kensington and Chelsea
984,763.6585996848468,Entire home/apt,False,False,3.0,False,0,1,10.0,100.0,1,1.4266090019472444,0.1423307593729682,590.5436538196807,41.04934468946264,1527.5445842645636,27.35196043794727,-0.136,51.52,London Borough of Camden
1114,345.49260330675696,Entire home/apt,False,False,2.0,False,0,1,10.0,89.0,0,3.9350119094347935,0.3645471746323017,483.4347475377076,33.60408575755887,792.4043229089667,14.188660621974128,-0.071,51.511,London Borough of Tower Hamlets
1128,345.49260330675696,Entire home/apt,False,False,2.0,False,0,1,10.0,90.0,0,3.935028691709733,0.3645633019430278,483.4292493844002,33.60370357482131,792.4019844804614,14.18861875046044,-0.071,51.511,London Borough of Tower Hamlets
1124,319.62181612925986,Entire home/apt,False,False,2.0,False,0,1,10.0,93.0,0,3.9350203952685936,0.3645594358265034,483.42754153605495,33.60358486038766,792.4096601649953,14.18875618999698,-0.071,51.511,London Borough of Tower Hamlets
1792,353.95940638302875,Entire home/apt,False,False,2.0,False,0,1,8.0,77.0,0,4.184982355615324,0.4344912097016554,352.0384058762985,24.470580241232508,724.2188380462364,12.967742618258011,-0.181,51.49100000000001,Royal Borough of Kensington and Chelsea
1128,345.49260330675696,Entire home/apt,False,False,2.0,False,0,1,10.0,90.0,0,3.935028691709733,0.3645633019430278,483.4292493844002,33.60370357482131,792.4019844804614,14.18861875046044,-0.071,51.511,London Borough of Tower Hamlets
85,238.48161998165529,Entire home/apt,False,False,2.0,False,0,1,9.0,94.0,0,3.840178694185299,0.4925502028991297,322.89155969797247,22.444550619804748,920.8775325359326,16.489080644571825,-0.08,51.526,London Borough of Hackney
1787,353.95940638302875,Entire home/apt,False,False,2.0,False,0,1,10.0,60.0,0,4.184994887606691,0.4344783274445184,352.0373149648103,24.47050441076441,724.2159801656397,12.967691445521176,-0.181,51.49100000000001,Royal Borough of Kensington and Chelsea
1690,379.83019356052586,Entire home/apt,False,False,2.0,False,0,1,10.0,87.0,0,4.185024016230776,0.4344878866541066,352.03172392291725,24.47011577123817,724.205141441664,12.967497369124036,-0.181,51.49100000000001,Royal Borough of Kensington and Chelsea
1790,353.95940638302875,Entire home/apt,False,False,2.0,False,0,1,10.0,90.0,0,4.1850080894232,0.4344939125611116,352.0339105142033,24.47026776362487,724.2098672003963,12.96758198777754,-0.181,51.49100000000001,Royal Borough of Kensington and Chelsea
1350,211.9052658811355,Private room,False,True,2.0,False,0,1,9.0,80.0,1,9.50452630738396,0.3414020576004548,117.6252005302904,8.176258214789641,286.47676413269,5.129605511790013,-0.1639999999999999,51.426,London Borough of Wandsworth
4435,345.2574143324161,Entire home/apt,False,False,2.0,False,0,1,10.0,95.0,0,3.93501558805636,0.3645525812676384,483.4315251093895,33.603861762990626,792.4067813349408,14.18870464214262,-0.071,51.511,London Borough of Tower Hamlets
4435,345.2574143324161,Entire home/apt,False,False,2.0,False,0,1,10.0,95.0,0,3.93501558805636,0.3645525812676384,483.4315251093895,33.603861762990626,792.4067813349408,14.18870464214262,-0.071,51.511,London Borough of Tower Hamlets
3422,211.43488793245373,Private room,False,True,2.0,False,0,1,9.0,87.0,1,9.523264014836398,0.2875422931123659,117.41778820880803,8.161840754162808,299.07679778562715,5.355219628420112,-0.165,51.426,London Borough of Wandsworth
1786,353.95940638302875,Entire home/apt,False,False,2.0,False,0,1,8.0,100.0,0,4.184998573668654,0.4344775990651961,352.0367573373497,24.47046564946083,724.2148145215643,12.967670573691336,-0.181,51.49100000000001,Royal Borough of Kensington and Chelsea
1783,353.95940638302875,Entire home/apt,False,False,2.0,False,0,1,9.0,70.0,0,4.185012481931481,0.4344889899324827,352.033559676093,24.470243376478503,724.2089110809626,12.967564867661247,-0.181,51.49100000000001,Royal Borough of Kensington and Chelsea
1114,345.49260330675696,Entire home/apt,False,False,2.0,False,0,1,10.0,89.0,0,3.9350119094347935,0.3645471746323017,483.4347475377076,33.60408575755887,792.4043229089667,14.188660621974128,-0.071,51.511,London Borough of Tower Hamlets
1113,335.14428843575814,Entire home/apt,False,False,2.0,False,0,1,9.0,92.0,0,3.935003107791964,0.364541716047097,483.4343982774293,33.604061480089364,792.410309638567,14.188767819363235,-0.071,51.511,London Borough of Tower Hamlets
960,388.0618076624568,Private room,False,True,2.0,False,0,1,9.0,82.0,1,1.4266149926433769,0.14231034412013,590.5446580850522,41.04941449706303,1527.5246131420804,27.351602838334344,-0.136,51.52,London Borough of Camden
4322,227.66292716197464,Private room,False,True,2.0,False,0,1,8.0,83.0,1,9.52329071037749,0.2875444771896031,117.4174658064196,8.161818343615026,299.0902537436342,5.355460568576527,-0.165,51.426,London Borough of Wandsworth
2454,333.73315458971285,Entire home/apt,False,False,2.0,False,0,1,9.0,100.0,0,3.935022497510558,0.3645646194700297,483.4234439615026,33.603300033433555,792.4143908651432,14.188840897130657,-0.071,51.511,London Borough of Tower Hamlets
3482,295.16216279780804,Private room,False,True,3.0,True,0,1,10.0,97.0,1,4.388510671694845,1.0433276385446957,293.76496890154976,20.419928972450013,719.3552396754824,12.880655831009197,-0.071,51.526,London Borough of Tower Hamlets
1131,345.49260330675696,Entire home/apt,False,False,2.0,False,0,1,10.0,92.0,0,3.935009188976384,0.3645452063342208,483.4349425450207,33.604099312733595,792.4057271945105,14.188685766878592,-0.071,51.511,London Borough of Tower Hamlets
2449,334.67391048707634,Entire home/apt,False,False,2.0,False,0,1,10.0,93.0,0,3.93503196214065,0.3645711329449925,483.42312529945735,33.60327788288117,792.4089731855695,14.188743889057116,-0.071,51.511,London Borough of Tower Hamlets
1788,353.95940638302875,Entire home/apt,False,False,2.0,False,0,1,9.0,80.0,0,4.185031916992533,0.4344974168096186,352.02967093427617,24.46997306571957,724.2014619309941,12.967431484415137,-0.181,51.49100000000001,Royal Borough of Kensington and Chelsea
2617,322.2088948470096,Private room,False,True,2.0,False,0,1,9.0,84.0,1,1.4266087184992553,0.1423170843671968,590.5456050615219,41.04948032244827,1527.5305044976649,27.351708327972112,-0.136,51.52,London Borough of Camden
1124,319.62181612925986,Entire home/apt,False,False,2.0,False,0,1,10.0,93.0,0,3.9350203952685936,0.3645594358265034,483.42754153605495,33.60358486038766,792.4096601649953,14.18875618999698,-0.071,51.511,London Borough of Tower Hamlets
1346,183.4473999858887,Private room,False,True,2.0,False,0,1,8.0,80.0,1,9.523276958098256,0.2875342530726114,117.4176352548939,8.161830122166506,299.0821537907685,5.355315532161475,-0.165,51.426,London Borough of Wandsworth
2449,334.67391048707634,Entire home/apt,False,False,2.0,False,0,1,10.0,93.0,0,3.93503196214065,0.3645711329449925,483.42312529945735,33.60327788288117,792.4089731855695,14.188743889057116,-0.071,51.511,London Borough of Tower Hamlets
2449,334.67391048707634,Entire home/apt,False,False,2.0,False,0,1,10.0,93.0,0,3.93503196214065,0.3645711329449925,483.42312529945735,33.60327788288117,792.4089731855695,14.188743889057116,-0.071,51.511,London Borough of Tower Hamlets
1114,345.49260330675696,Entire home/apt,False,False,2.0,False,0,1,10.0,89.0,0,3.9350119094347935,0.3645471746323017,483.4347475377076,33.60408575755887,792.4043229089667,14.188660621974128,-0.071,51.511,London Borough of Tower Hamlets
1113,335.14428843575814,Entire home/apt,False,False,2.0,False,0,1,9.0,92.0,0,3.935003107791964,0.364541716047097,483.4343982774293,33.604061480089364,792.410309638567,14.188767819363235,-0.071,51.511,London Borough of Tower Hamlets
4097,334.90909946141727,Entire home/apt,False,False,2.0,False,0,1,10.0,90.0,0,3.935027202296321,0.364566795907017,483.4244292089872,33.60336851907951,792.4100124122609,14.188762497278208,-0.071,51.511,London Borough of Tower Hamlets
4427,584.444601237094,Entire home/apt,False,False,6.0,False,0,1,7.0,80.0,2,3.83830417746245,0.1669145367146329,272.9070999529292,18.97007535634291,513.9674078338226,9.203015316396318,-0.122,51.474,London Borough of Lambeth
4097,334.90909946141727,Entire home/apt,False,False,2.0,False,0,1,10.0,90.0,0,3.935027202296321,0.364566795907017,483.4244292089872,33.60336851907951,792.4100124122609,14.188762497278208,-0.071,51.511,London Borough of Tower Hamlets
1114,345.49260330675696,Entire home/apt,False,False,2.0,False,0,1,10.0,89.0,0,3.9350119094347935,0.3645471746323017,483.4347475377076,33.60408575755887,792.4043229089667,14.188660621974128,-0.071,51.511,London Borough of Tower Hamlets
3912,671.2293327688798,Entire home/apt,False,False,4.0,False,0,1,10.0,90.0,2,3.986940004041645,0.5168689563847589,296.85675283897064,20.63484230482033,637.0682333673421,11.407238318825112,-0.17755,51.52591,City of Westminster
1129,335.14428843575814,Entire home/apt,False,False,2.0,False,0,1,10.0,95.0,0,3.935016885207956,0.3645570019424634,483.42767938252274,33.60359444224861,792.4116400426728,14.188791641358902,-0.071,51.511,London Borough of Tower Hamlets
2454,333.73315458971285,Entire home/apt,False,False,2.0,False,0,1,9.0,100.0,0,3.935022497510558,0.3645646194700297,483.4234439615026,33.603300033433555,792.4143908651432,14.188840897130657,-0.071,51.511,London Borough of Tower Hamlets
2454,333.73315458971285,Entire home/apt,False,False,2.0,False,0,1,9.0,100.0,0,3.935022497510558,0.3645646194700297,483.4234439615026,33.603300033433555,792.4143908651432,14.188840897130657,-0.071,51.511,London Borough of Tower Hamlets
3727,699.4520096897858,Entire home/apt,False,False,6.0,False,0,1,9.0,89.0,2,3.2644613649610235,0.8286774051491047,316.06093479803224,21.969746303225488,578.2800884794898,10.35458752895176,-0.129,51.479,London Borough of Lambeth
1167,211.9052658811355,Private room,False,True,2.0,False,0,1,8.0,82.0,1,9.504490407326903,0.3413819230524423,117.62564142403738,8.176288861803243,286.4716302369913,5.129513585103558,-0.1639999999999999,51.426,London Borough of Wandsworth
1787,353.95940638302875,Entire home/apt,False,False,2.0,False,0,1,10.0,60.0,0,4.184994887606691,0.4344783274445184,352.0373149648103,24.47050441076441,724.2159801656397,12.967691445521176,-0.181,51.49100000000001,Royal Borough of Kensington and Chelsea
2449,334.67391048707634,Entire home/apt,False,False,2.0,False,0,1,10.0,93.0,0,3.93503196214065,0.3645711329449925,483.42312529945735,33.60327788288117,792.4089731855695,14.188743889057116,-0.071,51.511,London Borough of Tower Hamlets
1379,452.2683976575178,Entire home/apt,False,False,4.0,True,0,1,9.0,95.0,1,7.523496975121036,0.7971690171395034,177.74412230269928,12.355191179748733,365.77456233522753,6.549498758504231,-0.0208199999999999,51.49658,London Borough of Tower Hamlets
1113,335.14428843575814,Entire home/apt,False,False,2.0,False,0,1,9.0,92.0,0,3.935003107791964,0.364541716047097,483.4343982774293,33.604061480089364,792.410309638567,14.188767819363235,-0.071,51.511,London Borough of Tower Hamlets
141,243.6557774171547,Entire home/apt,False,False,2.0,True,0,1,9.0,96.0,0,3.840206366627755,0.4925828351334784,322.8903937083128,22.44446957056964,920.8659753289908,16.488873703137642,-0.08,51.526,London Borough of Hackney
2449,334.67391048707634,Entire home/apt,False,False,2.0,False,0,1,10.0,93.0,0,3.93503196214065,0.3645711329449925,483.42312529945735,33.60327788288117,792.4089731855695,14.188743889057116,-0.071,51.511,London Borough of Tower Hamlets
1690,379.83019356052586,Entire home/apt,False,False,2.0,False,0,1,10.0,87.0,0,4.185024016230776,0.4344878866541066,352.03172392291725,24.47011577123817,724.205141441664,12.967497369124036,-0.181,51.49100000000001,Royal Borough of Kensington and Chelsea
1792,353.95940638302875,Entire home/apt,False,False,2.0,False,0,1,8.0,77.0,0,4.184982355615324,0.4344912097016554,352.0384058762985,24.470580241232508,724.2188380462364,12.967742618258011,-0.181,51.49100000000001,Royal Borough of Kensington and Chelsea
1113,335.14428843575814,Entire home/apt,False,False,2.0,False,0,1,9.0,92.0,0,3.935003107791964,0.364541716047097,483.4343982774293,33.604061480089364,792.410309638567,14.188767819363235,-0.071,51.511,London Borough of Tower Hamlets
1128,345.49260330675696,Entire home/apt,False,False,2.0,False,0,1,10.0,90.0,0,3.935028691709733,0.3645633019430278,483.4292493844002,33.60370357482131,792.4019844804614,14.18861875046044,-0.071,51.511,London Borough of Tower Hamlets
984,763.6585996848468,Entire home/apt,False,False,3.0,False,0,1,10.0,100.0,1,1.4266090019472444,0.1423307593729682,590.5436538196807,41.04934468946264,1527.5445842645636,27.35196043794727,-0.136,51.52,London Borough of Camden
4381,651.9438368729274,Entire home/apt,False,False,4.0,False,0,1,6.0,60.0,2,3.838312444343061,0.1669082680906701,272.90659039039883,18.97003993608597,513.9664720353599,9.202998560143968,-0.122,51.474,London Borough of Lambeth
1788,353.95940638302875,Entire home/apt,False,False,2.0,False,0,1,9.0,80.0,0,4.185031916992533,0.4344974168096186,352.02967093427617,24.46997306571957,724.2014619309941,12.967431484415137,-0.181,51.49100000000001,Royal Borough of Kensington and Chelsea
1691,379.83019356052586,Entire home/apt,False,False,2.0,False,0,1,7.0,80.0,0,4.18501378287374,0.4344951605577924,352.03286570381954,24.470195137695693,724.2078143380202,12.96754522956369,-0.181,51.49100000000001,Royal Borough of Kensington and Chelsea
1792,353.95940638302875,Entire home/apt,False,False,2.0,False,0,1,8.0,77.0,0,4.184982355615324,0.4344912097016554,352.0384058762985,24.470580241232508,724.2188380462364,12.967742618258011,-0.181,51.49100000000001,Royal Borough of Kensington and Chelsea
1783,353.95940638302875,Entire home/apt,False,False,2.0,False,0,1,9.0,70.0,0,4.185012481931481,0.4344889899324827,352.033559676093,24.470243376478503,724.2089110809626,12.967564867661247,-0.181,51.49100000000001,Royal Borough of Kensington and Chelsea
1114,345.49260330675696,Entire home/apt,False,False,2.0,False,0,1,10.0,89.0,0,3.9350119094347935,0.3645471746323017,483.4347475377076,33.60408575755887,792.4043229089667,14.188660621974128,-0.071,51.511,London Borough of Tower Hamlets
977,716.8559937910111,Entire home/apt,False,False,2.0,False,0,1,9.0,100.0,1,1.4265966104828671,0.1423359225908261,590.5466365978081,41.04955202568019,1527.5478420426512,27.35201877118238,-0.136,51.52,London Borough of Camden
2519,302.6882099767163,Private room,False,True,2.0,False,1,0,10.0,100.0,1,7.535356263180347,0.2030314618050871,181.67881753884143,12.62869621185209,428.62368789816674,7.674864796042657,-0.01949,51.50187,London Borough of Tower Hamlets
1129,335.14428843575814,Entire home/apt,False,False,2.0,False,0,1,10.0,95.0,0,3.935016885207956,0.3645570019424634,483.42767938252274,33.60359444224861,792.4116400426728,14.188791641358902,-0.071,51.511,London Borough of Tower Hamlets
141,243.6557774171547,Entire home/apt,False,False,2.0,True,0,1,9.0,96.0,0,3.840206366627755,0.4925828351334784,322.8903937083128,22.44446957056964,920.8659753289908,16.488873703137642,-0.08,51.526,London Borough of Hackney
4320,204.37921870222723,Private room,False,True,2.0,False,0,1,8.0,83.0,1,8.652969572196564,0.7015809971516169,129.08403131450564,8.972774258196491,290.3955584828388,5.199774794659963,-0.1689999999999999,51.435,London Borough of Wandsworth
957,388.0618076624568,Private room,False,True,2.0,False,0,1,8.0,80.0,1,1.426597575947724,0.1423186405754901,590.5487087069413,41.04969606028541,1527.5302837477186,27.351704375260123,-0.136,51.52,London Borough of Camden
2449,334.67391048707634,Entire home/apt,False,False,2.0,False,0,1,10.0,93.0,0,3.93503196214065,0.3645711329449925,483.42312529945735,33.60327788288117,792.4089731855695,14.188743889057116,-0.071,51.511,London Borough of Tower Hamlets
1786,353.95940638302875,Entire home/apt,False,False,2.0,False,0,1,8.0,100.0,0,4.184998573668654,0.4344775990651961,352.0367573373497,24.47046564946083,724.2148145215643,12.967670573691336,-0.181,51.49100000000001,Royal Borough of Kensington and Chelsea
1786,353.95940638302875,Entire home/apt,False,False,2.0,False,0,1,8.0,100.0,0,4.184998573668654,0.4344775990651961,352.0367573373497,24.47046564946083,724.2148145215643,12.967670573691336,-0.181,51.49100000000001,Royal Borough of Kensington and Chelsea
4097,334.90909946141727,Entire home/apt,False,False,2.0,False,0,1,10.0,90.0,0,3.935027202296321,0.364566795907017,483.4244292089872,33.60336851907951,792.4100124122609,14.188762497278208,-0.071,51.511,London Borough of Tower Hamlets
1605,257.061548954585,Entire home/apt,False,False,2.0,False,0,0,9.0,91.0,1,9.080830798432109,3.5114194679172708,150.1245862043091,10.435326576797529,288.06978387703674,5.158129859604855,-0.01169,51.47048,London Borough of Lewisham
2449,334.67391048707634,Entire home/apt,False,False,2.0,False,0,1,10.0,93.0,0,3.93503196214065,0.3645711329449925,483.42312529945735,33.60327788288117,792.4089731855695,14.188743889057116,-0.071,51.511,London Borough of Tower Hamlets
1128,345.49260330675696,Entire home/apt,False,False,2.0,False,0,1,10.0,90.0,0,3.935028691709733,0.3645633019430278,483.4292493844002,33.60370357482131,792.4019844804614,14.18861875046044,-0.071,51.511,London Borough of Tower Hamlets
4322,227.66292716197464,Private room,False,True,2.0,False,0,1,8.0,83.0,1,9.52329071037749,0.2875444771896031,117.4174658064196,8.161818343615026,299.0902537436342,5.355460568576527,-0.165,51.426,London Borough of Wandsworth
1049,243.4205884428138,Entire home/apt,False,False,2.0,True,0,1,10.0,94.0,0,3.840178357677625,0.4925453060723678,322.8910866010636,22.444517734313628,920.8890191490244,16.48928632196422,-0.08,51.526,London Borough of Hackney
1350,211.9052658811355,Private room,False,True,2.0,False,0,1,9.0,80.0,1,9.50452630738396,0.3414020576004548,117.6252005302904,8.176258214789641,286.47676413269,5.129605511790013,-0.1639999999999999,51.426,London Borough of Wandsworth
1170,183.4473999858887,Private room,False,True,2.0,False,0,1,9.0,86.0,1,9.523273332881343,0.2875488603963807,117.41767352931328,8.161832782663872,299.0822364996391,5.3553170131328205,-0.165,51.426,London Borough of Wandsworth
1131,345.49260330675696,Entire home/apt,False,False,2.0,False,0,1,10.0,92.0,0,3.935009188976384,0.3645452063342208,483.4349425450207,33.604099312733595,792.4057271945105,14.188685766878592,-0.071,51.511,London Borough of Tower Hamlets
2616,322.2088948470096,Private room,False,True,2.0,False,0,1,9.0,84.0,1,1.4266218265235129,0.1423075064283409,590.5430117832034,41.04930006079465,1527.5228189960694,27.351570712652894,-0.136,51.52,London Borough of Camden
2454,333.73315458971285,Entire home/apt,False,False,2.0,False,0,1,9.0,100.0,0,3.935022497510558,0.3645646194700297,483.4234439615026,33.603300033433555,792.4143908651432,14.188840897130657,-0.071,51.511,London Borough of Tower Hamlets
1129,335.14428843575814,Entire home/apt,False,False,2.0,False,0,1,10.0,95.0,0,3.935016885207956,0.3645570019424634,483.42767938252274,33.60359444224861,792.4116400426728,14.188791641358902,-0.071,51.511,London Borough of Tower Hamlets
3903,334.43872151273547,Entire home/apt,False,False,2.0,False,0,1,10.0,95.0,0,3.935023151065557,0.3645583961197164,483.43061339090224,33.60379838842687,792.4034211174973,14.188644474645368,-0.071,51.511,London Borough of Tower Hamlets
1164,211.9052658811355,Private room,False,True,2.0,False,0,1,9.0,86.0,1,9.504499382662347,0.3413956465950518,117.625528333863,8.176281000779728,286.47155645293776,5.12951226393851,-0.1639999999999999,51.426,London Borough of Wandsworth
2449,334.67391048707634,Entire home/apt,False,False,2.0,False,0,1,10.0,93.0,0,3.93503196214065,0.3645711329449925,483.42312529945735,33.60327788288117,792.4089731855695,14.188743889057116,-0.071,51.511,London Borough of Tower Hamlets
2449,334.67391048707634,Entire home/apt,False,False,2.0,False,0,1,10.0,93.0,0,3.93503196214065,0.3645711329449925,483.42312529945735,33.60327788288117,792.4089731855695,14.188743889057116,-0.071,51.511,London Borough of Tower Hamlets
2454,333.73315458971285,Entire home/apt,False,False,2.0,False,0,1,9.0,100.0,0,3.935022497510558,0.3645646194700297,483.4234439615026,33.603300033433555,792.4143908651432,14.188840897130657,-0.071,51.511,London Borough of Tower Hamlets
142,243.6557774171547,Entire home/apt,False,False,2.0,True,0,1,10.0,96.0,0,3.840179512552354,0.4925595622335419,322.8924341671015,22.444611405124284,920.8560233702387,16.488695505011798,-0.08,51.526,London Borough of Hackney
2449,334.67391048707634,Entire home/apt,False,False,2.0,False,0,1,10.0,93.0,0,3.93503196214065,0.3645711329449925,483.42312529945735,33.60327788288117,792.4089731855695,14.188743889057116,-0.071,51.511,London Borough of Tower Hamlets
1787,353.95940638302875,Entire home/apt,False,False,2.0,False,0,1,10.0,60.0,0,4.184994887606691,0.4344783274445184,352.0373149648103,24.47050441076441,724.2159801656397,12.967691445521176,-0.181,51.49100000000001,Royal Borough of Kensington and Chelsea
3186,515.5342317552153,Entire home/apt,False,False,6.0,False,0,1,8.0,60.0,2,5.939774129804565,0.3776590789612181,206.78749573879304,14.374028296042646,489.55900802815495,8.76596255033277,-0.2,51.48,London Borough of Hammersmith and Fulham
984,763.6585996848468,Entire home/apt,False,False,3.0,False,0,1,10.0,100.0,1,1.4266090019472444,0.1423307593729682,590.5436538196807,41.04934468946264,1527.5445842645636,27.35196043794727,-0.136,51.52,London Borough of Camden
1131,345.49260330675696,Entire home/apt,False,False,2.0,False,0,1,10.0,92.0,0,3.935009188976384,0.3645452063342208,483.4349425450207,33.604099312733595,792.4057271945105,14.188685766878592,-0.071,51.511,London Borough of Tower Hamlets
1786,353.95940638302875,Entire home/apt,False,False,2.0,False,0,1,8.0,100.0,0,4.184998573668654,0.4344775990651961,352.0367573373497,24.47046564946083,724.2148145215643,12.967670573691336,-0.181,51.49100000000001,Royal Borough of Kensington and Chelsea
695,258.94306074931205,Entire home/apt,False,False,4.0,False,0,0,10.0,98.0,1,10.358638661220764,5.23206962764491,118.93353342960962,8.267201886447685,241.43767460744257,4.323143031057357,-0.00648,51.45396,London Borough of Lewisham
1166,211.9052658811355,Private room,False,True,2.0,False,0,1,8.0,80.0,1,9.504501894440123,0.3414126680723994,117.62549234372166,8.176278499065067,286.4694771985963,5.129475033154496,-0.1639999999999999,51.426,London Borough of Wandsworth
2449,334.67391048707634,Entire home/apt,False,False,2.0,False,0,1,10.0,93.0,0,3.93503196214065,0.3645711329449925,483.42312529945735,33.60327788288117,792.4089731855695,14.188743889057116,-0.071,51.511,London Borough of Tower Hamlets
2840,332.55720971800844,Entire home/apt,False,False,3.0,False,0,1,8.0,81.0,1,5.79510298742527,0.2196941769735768,217.9903111424277,15.152748426251067,506.9064122123649,9.076582297759671,-0.205,51.489,London Borough of Hammersmith and Fulham
1131,345.49260330675696,Entire home/apt,False,False,2.0,False,0,1,10.0,92.0,0,3.935009188976384,0.3645452063342208,483.4349425450207,33.604099312733595,792.4057271945105,14.188685766878592,-0.071,51.511,London Borough of Tower Hamlets
977,716.8559937910111,Entire home/apt,False,False,2.0,False,0,1,9.0,100.0,1,1.4265966104828671,0.1423359225908261,590.5466365978081,41.04955202568019,1527.5478420426512,27.35201877118238,-0.136,51.52,London Borough of Camden
1690,379.83019356052586,Entire home/apt,False,False,2.0,False,0,1,10.0,87.0,0,4.185024016230776,0.4344878866541066,352.03172392291725,24.47011577123817,724.205141441664,12.967497369124036,-0.181,51.49100000000001,Royal Borough of Kensington and Chelsea
2454,333.73315458971285,Entire home/apt,False,False,2.0,False,0,1,9.0,100.0,0,3.935022497510558,0.3645646194700297,483.4234439615026,33.603300033433555,792.4143908651432,14.188840897130657,-0.071,51.511,London Borough of Tower Hamlets
1128,345.49260330675696,Entire home/apt,False,False,2.0,False,0,1,10.0,90.0,0,3.935028691709733,0.3645633019430278,483.4292493844002,33.60370357482131,792.4019844804614,14.18861875046044,-0.071,51.511,London Borough of Tower Hamlets
2449,334.67391048707634,Entire home/apt,False,False,2.0,False,0,1,10.0,93.0,0,3.93503196214065,0.3645711329449925,483.42312529945735,33.60327788288117,792.4089731855695,14.188743889057116,-0.071,51.511,London Borough of Tower Hamlets
3126,348.07968202450667,Entire home/apt,False,False,2.0,True,0,1,10.0,100.0,1,6.169143699617996,0.7021917029223215,207.63004803320905,14.432595040988042,486.2425645264592,8.706578862034897,-0.21629,51.50615,Royal Borough of Kensington and Chelsea
1790,353.95940638302875,Entire home/apt,False,False,2.0,False,0,1,10.0,90.0,0,4.1850080894232,0.4344939125611116,352.0339105142033,24.47026776362487,724.2098672003963,12.96758198777754,-0.181,51.49100000000001,Royal Borough of Kensington and Chelsea
2251,142.28932947623414,Private room,False,True,2.0,False,1,0,10.0,100.0,1,3.802496416171136,1.151011865730395,290.51407860545186,20.19395598053145,524.9099193464657,9.398950115988235,-0.09233,51.48214,London Borough of Southwark
4321,227.66292716197464,Private room,False,True,2.0,False,0,1,8.0,77.0,1,9.5232931838848,0.2875573137571739,117.41743126544029,8.161815942633224,299.09312225443887,5.355511931656108,-0.165,51.426,London Borough of Wandsworth
1129,335.14428843575814,Entire home/apt,False,False,2.0,False,0,1,10.0,95.0,0,3.935016885207956,0.3645570019424634,483.42767938252274,33.60359444224861,792.4116400426728,14.188791641358902,-0.071,51.511,London Borough of Tower Hamlets
957,388.0618076624568,Private room,False,True,2.0,False,0,1,8.0,80.0,1,1.426597575947724,0.1423186405754901,590.5487087069413,41.04969606028541,1527.5302837477186,27.351704375260123,-0.136,51.52,London Borough of Camden
1114,345.49260330675696,Entire home/apt,False,False,2.0,False,0,1,10.0,89.0,0,3.9350119094347935,0.3645471746323017,483.4347475377076,33.60408575755887,792.4043229089667,14.188660621974128,-0.071,51.511,London Borough of Tower Hamlets
4097,334.90909946141727,Entire home/apt,False,False,2.0,False,0,1,10.0,90.0,0,3.935027202296321,0.364566795907017,483.4244292089872,33.60336851907951,792.4100124122609,14.188762497278208,-0.071,51.511,London Borough of Tower Hamlets
4435,345.2574143324161,Entire home/apt,False,False,2.0,False,0,1,10.0,95.0,0,3.93501558805636,0.3645525812676384,483.4315251093895,33.603861762990626,792.4067813349408,14.18870464214262,-0.071,51.511,London Borough of Tower Hamlets
1691,379.83019356052586,Entire home/apt,False,False,2.0,False,0,1,7.0,80.0,0,4.18501378287374,0.4344951605577924,352.03286570381954,24.470195137695693,724.2078143380202,12.96754522956369,-0.181,51.49100000000001,Royal Borough of Kensington and Chelsea
2454,333.73315458971285,Entire home/apt,False,False,2.0,False,0,1,9.0,100.0,0,3.935022497510558,0.3645646194700297,483.4234439615026,33.603300033433555,792.4143908651432,14.188840897130657,-0.071,51.511,London Borough of Tower Hamlets
1787,353.95940638302875,Entire home/apt,False,False,2.0,False,0,1,10.0,60.0,0,4.184994887606691,0.4344783274445184,352.0373149648103,24.47050441076441,724.2159801656397,12.967691445521176,-0.181,51.49100000000001,Royal Borough of Kensington and Chelsea
1786,353.95940638302875,Entire home/apt,False,False,2.0,False,0,1,8.0,100.0,0,4.184998573668654,0.4344775990651961,352.0367573373497,24.47046564946083,724.2148145215643,12.967670573691336,-0.181,51.49100000000001,Royal Borough of Kensington and Chelsea
1790,353.95940638302875,Entire home/apt,False,False,2.0,False,0,1,10.0,90.0,0,4.1850080894232,0.4344939125611116,352.0339105142033,24.47026776362487,724.2098672003963,12.96758198777754,-0.181,51.49100000000001,Royal Borough of Kensington and Chelsea
1786,353.95940638302875,Entire home/apt,False,False,2.0,False,0,1,8.0,100.0,0,4.184998573668654,0.4344775990651961,352.0367573373497,24.47046564946083,724.2148145215643,12.967670573691336,-0.181,51.49100000000001,Royal Borough of Kensington and Chelsea
1785,353.95940638302875,Entire home/apt,False,False,2.0,False,0,1,7.0,80.0,0,4.1850076511958205,0.4344716568304266,352.0357049923405,24.47039249979148,724.2123870323104,12.967627107470634,-0.181,51.49100000000001,Royal Borough of Kensington and Chelsea
4197,410.16957125049976,Entire home/apt,False,False,4.0,False,0,1,6.0,80.0,1,3.715864804264568,0.182971195145138,422.2117844903155,29.34840965844696,1048.46789527532,18.77369255695752,-0.07527,51.51558,London Borough of Tower Hamlets
1129,335.14428843575814,Entire home/apt,False,False,2.0,False,0,1,10.0,95.0,0,3.935016885207956,0.3645570019424634,483.42767938252274,33.60359444224861,792.4116400426728,14.188791641358902,-0.071,51.511,London Borough of Tower Hamlets
3903,334.43872151273547,Entire home/apt,False,False,2.0,False,0,1,10.0,95.0,0,3.935023151065557,0.3645583961197164,483.43061339090224,33.60379838842687,792.4034211174973,14.188644474645368,-0.071,51.511,London Borough of Tower Hamlets
2449,334.67391048707634,Entire home/apt,False,False,2.0,False,0,1,10.0,93.0,0,3.93503196214065,0.3645711329449925,483.42312529945735,33.60327788288117,792.4089731855695,14.188743889057116,-0.071,51.511,London Borough of Tower Hamlets
977,716.8559937910111,Entire home/apt,False,False,2.0,False,0,1,9.0,100.0,1,1.4265966104828671,0.1423359225908261,590.5466365978081,41.04955202568019,1527.5478420426512,27.35201877118238,-0.136,51.52,London Borough of Camden
1790,353.95940638302875,Entire home/apt,False,False,2.0,False,0,1,10.0,90.0,0,4.1850080894232,0.4344939125611116,352.0339105142033,24.47026776362487,724.2098672003963,12.96758198777754,-0.181,51.49100000000001,Royal Borough of Kensington and Chelsea
1788,353.95940638302875,Entire home/apt,False,False,2.0,False,0,1,9.0,80.0,0,4.185031916992533,0.4344974168096186,352.02967093427617,24.46997306571957,724.2014619309941,12.967431484415137,-0.181,51.49100000000001,Royal Borough of Kensington and Chelsea
3186,515.5342317552153,Entire home/apt,False,False,6.0,False,0,1,8.0,60.0,2,5.939774129804565,0.3776590789612181,206.78749573879304,14.374028296042646,489.55900802815495,8.76596255033277,-0.2,51.48,London Borough of Hammersmith and Fulham
958,388.0618076624568,Private room,False,True,2.0,False,0,1,8.0,76.0,1,1.4266133952065438,0.1423099738218652,590.5451840312672,41.04945105616806,1527.5239717823736,27.35159135425361,-0.136,51.52,London Borough of Camden
1793,353.95940638302875,Entire home/apt,False,False,2.0,False,0,1,9.0,91.0,0,4.185008774147673,0.4344725643734805,352.0354477526372,24.470374618774247,724.2119118495222,12.967618598926292,-0.181,51.49100000000001,Royal Borough of Kensington and Chelsea
1691,379.83019356052586,Entire home/apt,False,False,2.0,False,0,1,7.0,80.0,0,4.18501378287374,0.4344951605577924,352.03286570381954,24.470195137695693,724.2078143380202,12.96754522956369,-0.181,51.49100000000001,Royal Borough of Kensington and Chelsea
1131,345.49260330675696,Entire home/apt,False,False,2.0,False,0,1,10.0,92.0,0,3.935009188976384,0.3645452063342208,483.4349425450207,33.604099312733595,792.4057271945105,14.188685766878592,-0.071,51.511,London Borough of Tower Hamlets
3214,515.5342317552153,Entire home/apt,False,False,6.0,False,0,1,10.0,80.0,2,5.9397627695905655,0.3776514874899074,206.78803787650767,14.374065980636786,489.5612789993029,8.766003213966183,-0.2,51.48,London Borough of Hammersmith and Fulham
3213,515.5342317552153,Entire home/apt,False,False,6.0,False,0,1,10.0,80.0,2,5.939746591201643,0.3776358931672204,206.78875370905067,14.374115738951192,489.5647289025837,8.76606498736319,-0.2,51.48,London Borough of Hammersmith and Fulham
4321,227.66292716197464,Private room,False,True,2.0,False,0,1,8.0,77.0,1,9.5232931838848,0.2875573137571739,117.41743126544029,8.161815942633224,299.09312225443887,5.355511931656108,-0.165,51.426,London Borough of Wandsworth
916,291.16395023401304,Private room,False,True,2.0,False,0,0,10.0,100.0,1,4.004176493160483,0.7295140209713741,346.4704888801796,24.08354815224524,596.7998855766872,10.686199949786754,-0.0736,51.49556,London Borough of Southwark
1792,353.95940638302875,Entire home/apt,False,False,2.0,False,0,1,8.0,77.0,0,4.184982355615324,0.4344912097016554,352.0384058762985,24.470580241232508,724.2188380462364,12.967742618258011,-0.181,51.49100000000001,Royal Borough of Kensington and Chelsea
1783,353.95940638302875,Entire home/apt,False,False,2.0,False,0,1,9.0,70.0,0,4.185012481931481,0.4344889899324827,352.033559676093,24.470243376478503,724.2089110809626,12.967564867661247,-0.181,51.49100000000001,Royal Borough of Kensington and Chelsea
1129,335.14428843575814,Entire home/apt,False,False,2.0,False,0,1,10.0,95.0,0,3.935016885207956,0.3645570019424634,483.42767938252274,33.60359444224861,792.4116400426728,14.188791641358902,-0.071,51.511,London Borough of Tower Hamlets
1785,353.95940638302875,Entire home/apt,False,False,2.0,False,0,1,7.0,80.0,0,4.1850076511958205,0.4344716568304266,352.0357049923405,24.47039249979148,724.2123870323104,12.967627107470634,-0.181,51.49100000000001,Royal Borough of Kensington and Chelsea
3017,500.011759448717,Entire home/apt,False,False,5.0,False,0,1,9.0,75.0,3,8.28048081338984,1.8640470308073924,143.14861501564653,9.950419078401804,302.0040080581936,5.407633770955492,-0.03112,51.55218,London Borough of Hackney
1690,379.83019356052586,Entire home/apt,False,False,2.0,False,0,1,10.0,87.0,0,4.185024016230776,0.4344878866541066,352.03172392291725,24.47011577123817,724.205141441664,12.967497369124036,-0.181,51.49100000000001,Royal Borough of Kensington and Chelsea
4282,124.17977845198617,Private room,False,True,2.0,False,1,0,10.0,95.0,1,9.949806009725084,2.7389082709518635,112.48880248357108,7.81922148682161,240.2404101597108,4.301705012065664,-0.13039,51.41892,London Borough of Lambeth
960,388.0618076624568,Private room,False,True,2.0,False,0,1,9.0,82.0,1,1.4266149926433769,0.14231034412013,590.5446580850522,41.04941449706303,1527.5246131420804,27.351602838334344,-0.136,51.52,London Borough of Camden
1691,379.83019356052586,Entire home/apt,False,False,2.0,False,0,1,7.0,80.0,0,4.18501378287374,0.4344951605577924,352.03286570381954,24.470195137695693,724.2078143380202,12.96754522956369,-0.181,51.49100000000001,Royal Borough of Kensington and Chelsea
1784,353.95940638302875,Entire home/apt,False,False,2.0,False,0,1,8.0,80.0,0,4.185009900870399,0.4345251757001291,352.03119059768704,24.4700786992096,724.205920831865,12.967511324755948,-0.181,51.49100000000001,Royal Borough of Kensington and Chelsea
1690,379.83019356052586,Entire home/apt,False,False,2.0,False,0,1,10.0,87.0,0,4.185024016230776,0.4344878866541066,352.03172392291725,24.47011577123817,724.205141441664,12.967497369124036,-0.181,51.49100000000001,Royal Borough of Kensington and Chelsea
1128,345.49260330675696,Entire home/apt,False,False,2.0,False,0,1,10.0,90.0,0,3.935028691709733,0.3645633019430278,483.4292493844002,33.60370357482131,792.4019844804614,14.18861875046044,-0.071,51.511,London Borough of Tower Hamlets
1785,353.95940638302875,Entire home/apt,False,False,2.0,False,0,1,7.0,80.0,0,4.1850076511958205,0.4344716568304266,352.0357049923405,24.47039249979148,724.2123870323104,12.967627107470634,-0.181,51.49100000000001,Royal Borough of Kensington and Chelsea
1785,353.95940638302875,Entire home/apt,False,False,2.0,False,0,1,7.0,80.0,0,4.1850076511958205,0.4344716568304266,352.0357049923405,24.47039249979148,724.2123870323104,12.967627107470634,-0.181,51.49100000000001,Royal Borough of Kensington and Chelsea
1783,353.95940638302875,Entire home/apt,False,False,2.0,False,0,1,9.0,70.0,0,4.185012481931481,0.4344889899324827,352.033559676093,24.470243376478503,724.2089110809626,12.967564867661247,-0.181,51.49100000000001,Royal Borough of Kensington and Chelsea
1783,353.95940638302875,Entire home/apt,False,False,2.0,False,0,1,9.0,70.0,0,4.185012481931481,0.4344889899324827,352.033559676093,24.470243376478503,724.2089110809626,12.967564867661247,-0.181,51.49100000000001,Royal Borough of Kensington and Chelsea
1793,353.95940638302875,Entire home/apt,False,False,2.0,False,0,1,9.0,91.0,0,4.185008774147673,0.4344725643734805,352.0354477526372,24.470374618774247,724.2119118495222,12.967618598926292,-0.181,51.49100000000001,Royal Borough of Kensington and Chelsea
1346,183.4473999858887,Private room,False,True,2.0,False,0,1,8.0,80.0,1,9.523276958098256,0.2875342530726114,117.4176352548939,8.161830122166506,299.0821537907685,5.355315532161475,-0.165,51.426,London Borough of Wandsworth
3422,211.43488793245373,Private room,False,True,2.0,False,0,1,9.0,87.0,1,9.523264014836398,0.2875422931123659,117.41778820880803,8.161840754162808,299.07679778562715,5.355219628420112,-0.165,51.426,London Borough of Wandsworth
2616,322.2088948470096,Private room,False,True,2.0,False,0,1,9.0,84.0,1,1.4266218265235129,0.1423075064283409,590.5430117832034,41.04930006079465,1527.5228189960694,27.351570712652894,-0.136,51.52,London Borough of Camden
1788,353.95940638302875,Entire home/apt,False,False,2.0,False,0,1,9.0,80.0,0,4.185031916992533,0.4344974168096186,352.02967093427617,24.46997306571957,724.2014619309941,12.967431484415137,-0.181,51.49100000000001,Royal Borough of Kensington and Chelsea
3421,232.13151767445143,Private room,False,True,2.0,False,0,1,8.0,82.0,1,9.50450655110868,0.3414047381155742,117.62543862670536,8.176274765135654,286.47178917992704,5.129516431109452,-0.1639999999999999,51.426,London Borough of Wandsworth
1792,353.95940638302875,Entire home/apt,False,False,2.0,False,0,1,8.0,77.0,0,4.184982355615324,0.4344912097016554,352.0384058762985,24.470580241232508,724.2188380462364,12.967742618258011,-0.181,51.49100000000001,Royal Borough of Kensington and Chelsea
3903,334.43872151273547,Entire home/apt,False,False,2.0,False,0,1,10.0,95.0,0,3.935023151065557,0.3645583961197164,483.43061339090224,33.60379838842687,792.4034211174973,14.188644474645368,-0.071,51.511,London Borough of Tower Hamlets
1347,183.4473999858887,Private room,False,True,2.0,False,0,1,7.0,76.0,1,9.523273799541748,0.287538712097689,117.41767165760656,8.16183265255946,299.0811669371804,5.355297861724503,-0.165,51.426,London Borough of Wandsworth
1170,183.4473999858887,Private room,False,True,2.0,False,0,1,9.0,86.0,1,9.523273332881343,0.2875488603963807,117.41767352931328,8.161832782663872,299.0822364996391,5.3553170131328205,-0.165,51.426,London Borough of Wandsworth
1166,211.9052658811355,Private room,False,True,2.0,False,0,1,8.0,80.0,1,9.504501894440123,0.3414126680723994,117.62549234372166,8.176278499065067,286.4694771985963,5.129475033154496,-0.1639999999999999,51.426,London Borough of Wandsworth
1793,353.95940638302875,Entire home/apt,False,False,2.0,False,0,1,9.0,91.0,0,4.185008774147673,0.4344725643734805,352.0354477526372,24.470374618774247,724.2119118495222,12.967618598926292,-0.181,51.49100000000001,Royal Borough of Kensington and Chelsea
4380,584.444601237094,Entire home/apt,False,False,5.0,False,0,1,8.0,60.0,2,3.838301183617757,0.1669186395099546,272.9073015006934,18.97008936615165,513.9675195260401,9.203017316338672,-0.122,51.474,London Borough of Lambeth
3903,334.43872151273547,Entire home/apt,False,False,2.0,False,0,1,10.0,95.0,0,3.935023151065557,0.3645583961197164,483.43061339090224,33.60379838842687,792.4034211174973,14.188644474645368,-0.071,51.511,London Borough of Tower Hamlets
1792,353.95940638302875,Entire home/apt,False,False,2.0,False,0,1,8.0,77.0,0,4.184982355615324,0.4344912097016554,352.0384058762985,24.470580241232508,724.2188380462364,12.967742618258011,-0.181,51.49100000000001,Royal Borough of Kensington and Chelsea
1131,345.49260330675696,Entire home/apt,False,False,2.0,False,0,1,10.0,92.0,0,3.935009188976384,0.3645452063342208,483.4349425450207,33.604099312733595,792.4057271945105,14.188685766878592,-0.071,51.511,London Borough of Tower Hamlets
1382,122.5334556316,Private room,False,True,2.0,False,0,1,9.0,90.0,1,6.385038728643247,1.1408408427683123,204.9618069105989,14.247122639670753,422.5734796540317,7.566530768846588,-0.036,51.514,London Borough of Tower Hamlets
1114,345.49260330675696,Entire home/apt,False,False,2.0,False,0,1,10.0,89.0,0,3.9350119094347935,0.3645471746323017,483.4347475377076,33.60408575755887,792.4043229089667,14.188660621974128,-0.071,51.511,London Borough of Tower Hamlets
1129,335.14428843575814,Entire home/apt,False,False,2.0,False,0,1,10.0,95.0,0,3.935016885207956,0.3645570019424634,483.42767938252274,33.60359444224861,792.4116400426728,14.188791641358902,-0.071,51.511,London Borough of Tower Hamlets
1786,353.95940638302875,Entire home/apt,False,False,2.0,False,0,1,8.0,100.0,0,4.184998573668654,0.4344775990651961,352.0367573373497,24.47046564946083,724.2148145215643,12.967670573691336,-0.181,51.49100000000001,Royal Borough of Kensington and Chelsea
4427,584.444601237094,Entire home/apt,False,False,6.0,False,0,1,7.0,80.0,2,3.83830417746245,0.1669145367146329,272.9070999529292,18.97007535634291,513.9674078338226,9.203015316396318,-0.122,51.474,London Borough of Lambeth
1346,183.4473999858887,Private room,False,True,2.0,False,0,1,8.0,80.0,1,9.523276958098256,0.2875342530726114,117.4176352548939,8.161830122166506,299.0821537907685,5.355315532161475,-0.165,51.426,London Borough of Wandsworth
1783,353.95940638302875,Entire home/apt,False,False,2.0,False,0,1,9.0,70.0,0,4.185012481931481,0.4344889899324827,352.033559676093,24.470243376478503,724.2089110809626,12.967564867661247,-0.181,51.49100000000001,Royal Borough of Kensington and Chelsea
1129,335.14428843575814,Entire home/apt,False,False,2.0,False,0,1,10.0,95.0,0,3.935016885207956,0.3645570019424634,483.42767938252274,33.60359444224861,792.4116400426728,14.188791641358902,-0.071,51.511,London Borough of Tower Hamlets
1793,353.95940638302875,Entire home/apt,False,False,2.0,False,0,1,9.0,91.0,0,4.185008774147673,0.4344725643734805,352.0354477526372,24.470374618774247,724.2119118495222,12.967618598926292,-0.181,51.49100000000001,Royal Borough of Kensington and Chelsea
3903,334.43872151273547,Entire home/apt,False,False,2.0,False,0,1,10.0,95.0,0,3.935023151065557,0.3645583961197164,483.43061339090224,33.60379838842687,792.4034211174973,14.188644474645368,-0.071,51.511,London Borough of Tower Hamlets
1788,353.95940638302875,Entire home/apt,False,False,2.0,False,0,1,9.0,80.0,0,4.185031916992533,0.4344974168096186,352.02967093427617,24.46997306571957,724.2014619309941,12.967431484415137,-0.181,51.49100000000001,Royal Borough of Kensington and Chelsea
4379,584.444601237094,Entire home/apt,False,False,4.0,False,0,1,8.0,87.0,2,3.838294214835504,0.1669262891986488,272.907753001647,18.97012075048396,513.9680151995739,9.20302619178691,-0.122,51.474,London Borough of Lambeth
1113,335.14428843575814,Entire home/apt,False,False,2.0,False,0,1,9.0,92.0,0,3.935003107791964,0.364541716047097,483.4343982774293,33.604061480089364,792.410309638567,14.188767819363235,-0.071,51.511,London Borough of Tower Hamlets
960,388.0618076624568,Private room,False,True,2.0,False,0,1,9.0,82.0,1,1.4266149926433769,0.14231034412013,590.5446580850522,41.04941449706303,1527.5246131420804,27.351602838334344,-0.136,51.52,London Borough of Camden
981,1001.6698417178204,Entire home/apt,False,False,4.0,False,0,1,9.0,90.0,2,1.4266038704263206,0.1423151120270535,590.5473171430174,41.04959933113288,1527.527689830579,27.35165792900925,-0.136,51.52,London Borough of Camden
2449,334.67391048707634,Entire home/apt,False,False,2.0,False,0,1,10.0,93.0,0,3.93503196214065,0.3645711329449925,483.42312529945735,33.60327788288117,792.4089731855695,14.188743889057116,-0.071,51.511,London Borough of Tower Hamlets
958,388.0618076624568,Private room,False,True,2.0,False,0,1,8.0,76.0,1,1.4266133952065438,0.1423099738218652,590.5451840312672,41.04945105616806,1527.5239717823736,27.35159135425361,-0.136,51.52,London Borough of Camden
1326,154.98953409064185,Private room,False,True,2.0,False,0,0,10.0,96.0,1,8.137993601655765,0.7026553965584412,136.65107276658838,9.498767706499372,300.78147030153326,5.385743212278168,-0.14894,51.43642,London Borough of Wandsworth
3422,211.43488793245373,Private room,False,True,2.0,False,0,1,9.0,87.0,1,9.523264014836398,0.2875422931123659,117.41778820880803,8.161840754162808,299.07679778562715,5.355219628420112,-0.165,51.426,London Borough of Wandsworth
3319,206.2607304969543,Entire home/apt,False,False,2.0,False,0,0,10.0,94.0,1,6.527946180708079,0.9486928824993625,182.5948415879856,12.692370059998522,374.5904921565188,6.707355338390424,-0.14868,51.56549,London Borough of Camden
1166,211.9052658811355,Private room,False,True,2.0,False,0,1,8.0,80.0,1,9.504501894440123,0.3414126680723994,117.62549234372166,8.176278499065067,286.4694771985963,5.129475033154496,-0.1639999999999999,51.426,London Borough of Wandsworth
1233,133.1169594769397,Private room,False,True,3.0,False,0,1,7.0,76.0,1,5.172801486325587,0.3203874506403633,245.9283722821043,17.09475405828187,540.6389647067324,9.680591798235977,-0.06,51.528,London Borough of Tower Hamlets
3903,334.43872151273547,Entire home/apt,False,False,2.0,False,0,1,10.0,95.0,0,3.935023151065557,0.3645583961197164,483.43061339090224,33.60379838842687,792.4034211174973,14.188644474645368,-0.071,51.511,London Borough of Tower Hamlets
1164,211.9052658811355,Private room,False,True,2.0,False,0,1,9.0,86.0,1,9.504499382662347,0.3413956465950518,117.625528333863,8.176281000779728,286.47155645293776,5.12951226393851,-0.1639999999999999,51.426,London Borough of Wandsworth
1061,716.8559937910111,Entire home/apt,False,False,2.0,True,0,1,10.0,100.0,0,3.974118009374517,0.1573795940531053,411.6216480843144,28.612277525239577,814.5469412405357,14.585142680066872,-0.071,51.514,London Borough of Tower Hamlets
1131,345.49260330675696,Entire home/apt,False,False,2.0,False,0,1,10.0,92.0,0,3.935009188976384,0.3645452063342208,483.4349425450207,33.604099312733595,792.4057271945105,14.188685766878592,-0.071,51.511,London Borough of Tower Hamlets
1166,211.9052658811355,Private room,False,True,2.0,False,0,1,8.0,80.0,1,9.504501894440123,0.3414126680723994,117.62549234372166,8.176278499065067,286.4694771985963,5.129475033154496,-0.1639999999999999,51.426,London Borough of Wandsworth
1786,353.95940638302875,Entire home/apt,False,False,2.0,False,0,1,8.0,100.0,0,4.184998573668654,0.4344775990651961,352.0367573373497,24.47046564946083,724.2148145215643,12.967670573691336,-0.181,51.49100000000001,Royal Borough of Kensington and Chelsea
2616,322.2088948470096,Private room,False,True,2.0,False,0,1,9.0,84.0,1,1.4266218265235129,0.1423075064283409,590.5430117832034,41.04930006079465,1527.5228189960694,27.351570712652894,-0.136,51.52,London Borough of Camden
1114,345.49260330675696,Entire home/apt,False,False,2.0,False,0,1,10.0,89.0,0,3.9350119094347935,0.3645471746323017,483.4347475377076,33.60408575755887,792.4043229089667,14.188660621974128,-0.071,51.511,London Borough of Tower Hamlets
1124,319.62181612925986,Entire home/apt,False,False,2.0,False,0,1,10.0,93.0,0,3.9350203952685936,0.3645594358265034,483.42754153605495,33.60358486038766,792.4096601649953,14.18875618999698,-0.071,51.511,London Borough of Tower Hamlets
1788,353.95940638302875,Entire home/apt,False,False,2.0,False,0,1,9.0,80.0,0,4.185031916992533,0.4344974168096186,352.02967093427617,24.46997306571957,724.2014619309941,12.967431484415137,-0.181,51.49100000000001,Royal Borough of Kensington and Chelsea
1129,335.14428843575814,Entire home/apt,False,False,2.0,False,0,1,10.0,95.0,0,3.935016885207956,0.3645570019424634,483.42767938252274,33.60359444224861,792.4116400426728,14.188791641358902,-0.071,51.511,London Borough of Tower Hamlets
1793,353.95940638302875,Entire home/apt,False,False,2.0,False,0,1,9.0,91.0,0,4.185008774147673,0.4344725643734805,352.0354477526372,24.470374618774247,724.2119118495222,12.967618598926292,-0.181,51.49100000000001,Royal Borough of Kensington and Chelsea
1691,379.83019356052586,Entire home/apt,False,False,2.0,False,0,1,7.0,80.0,0,4.18501378287374,0.4344951605577924,352.03286570381954,24.470195137695693,724.2078143380202,12.96754522956369,-0.181,51.49100000000001,Royal Borough of Kensington and Chelsea
2454,333.73315458971285,Entire home/apt,False,False,2.0,False,0,1,9.0,100.0,0,3.935022497510558,0.3645646194700297,483.4234439615026,33.603300033433555,792.4143908651432,14.188840897130657,-0.071,51.511,London Borough of Tower Hamlets
1792,353.95940638302875,Entire home/apt,False,False,2.0,False,0,1,8.0,77.0,0,4.184982355615324,0.4344912097016554,352.0384058762985,24.470580241232508,724.2188380462364,12.967742618258011,-0.181,51.49100000000001,Royal Borough of Kensington and Chelsea
1347,183.4473999858887,Private room,False,True,2.0,False,0,1,7.0,76.0,1,9.523273799541748,0.287538712097689,117.41767165760656,8.16183265255946,299.0811669371804,5.355297861724503,-0.165,51.426,London Borough of Wandsworth
1346,183.4473999858887,Private room,False,True,2.0,False,0,1,8.0,80.0,1,9.523276958098256,0.2875342530726114,117.4176352548939,8.161830122166506,299.0821537907685,5.355315532161475,-0.165,51.426,London Borough of Wandsworth
1783,353.95940638302875,Entire home/apt,False,False,2.0,False,0,1,9.0,70.0,0,4.185012481931481,0.4344889899324827,352.033559676093,24.470243376478503,724.2089110809626,12.967564867661247,-0.181,51.49100000000001,Royal Borough of Kensington and Chelsea
1787,353.95940638302875,Entire home/apt,False,False,2.0,False,0,1,10.0,60.0,0,4.184994887606691,0.4344783274445184,352.0373149648103,24.47050441076441,724.2159801656397,12.967691445521176,-0.181,51.49100000000001,Royal Borough of Kensington and Chelsea
1128,345.49260330675696,Entire home/apt,False,False,2.0,False,0,1,10.0,90.0,0,3.935028691709733,0.3645633019430278,483.4292493844002,33.60370357482131,792.4019844804614,14.18861875046044,-0.071,51.511,London Borough of Tower Hamlets
2449,334.67391048707634,Entire home/apt,False,False,2.0,False,0,1,10.0,93.0,0,3.93503196214065,0.3645711329449925,483.42312529945735,33.60327788288117,792.4089731855695,14.188743889057116,-0.071,51.511,London Borough of Tower Hamlets
1788,353.95940638302875,Entire home/apt,False,False,2.0,False,0,1,9.0,80.0,0,4.185031916992533,0.4344974168096186,352.02967093427617,24.46997306571957,724.2014619309941,12.967431484415137,-0.181,51.49100000000001,Royal Borough of Kensington and Chelsea
4427,584.444601237094,Entire home/apt,False,False,6.0,False,0,1,7.0,80.0,2,3.83830417746245,0.1669145367146329,272.9070999529292,18.97007535634291,513.9674078338226,9.203015316396318,-0.122,51.474,London Borough of Lambeth
2449,334.67391048707634,Entire home/apt,False,False,2.0,False,0,1,10.0,93.0,0,3.93503196214065,0.3645711329449925,483.42312529945735,33.60327788288117,792.4089731855695,14.188743889057116,-0.071,51.511,London Borough of Tower Hamlets
3903,334.43872151273547,Entire home/apt,False,False,2.0,False,0,1,10.0,95.0,0,3.935023151065557,0.3645583961197164,483.43061339090224,33.60379838842687,792.4034211174973,14.188644474645368,-0.071,51.511,London Borough of Tower Hamlets
1971,933.4650391589644,Entire home/apt,False,False,5.0,False,0,0,10.0,90.0,3,3.734414733069992,0.165047978458468,466.3937936376946,32.41955014202169,872.3409085541805,15.61999189088444,-0.17532,51.49296,Royal Borough of Kensington and Chelsea
1114,345.49260330675696,Entire home/apt,False,False,2.0,False,0,1,10.0,89.0,0,3.9350119094347935,0.3645471746323017,483.4347475377076,33.60408575755887,792.4043229089667,14.188660621974128,-0.071,51.511,London Borough of Tower Hamlets
3903,334.43872151273547,Entire home/apt,False,False,2.0,False,0,1,10.0,95.0,0,3.935023151065557,0.3645583961197164,483.43061339090224,33.60379838842687,792.4034211174973,14.188644474645368,-0.071,51.511,London Borough of Tower Hamlets
961,388.0618076624568,Private room,False,True,2.0,False,0,1,7.0,70.0,1,1.4266143257997663,0.1423307430766109,590.5420717502211,41.04923471805892,1527.5454471748717,27.351975889076392,-0.136,51.52,London Borough of Camden
957,388.0618076624568,Private room,False,True,2.0,False,0,1,8.0,80.0,1,1.426597575947724,0.1423186405754901,590.5487087069413,41.04969606028541,1527.5302837477186,27.351704375260123,-0.136,51.52,London Borough of Camden
958,388.0618076624568,Private room,False,True,2.0,False,0,1,8.0,76.0,1,1.4266133952065438,0.1423099738218652,590.5451840312672,41.04945105616806,1527.5239717823736,27.35159135425361,-0.136,51.52,London Borough of Camden
4321,227.66292716197464,Private room,False,True,2.0,False,0,1,8.0,77.0,1,9.5232931838848,0.2875573137571739,117.41743126544029,8.161815942633224,299.09312225443887,5.355511931656108,-0.165,51.426,London Borough of Wandsworth
1131,345.49260330675696,Entire home/apt,False,False,2.0,False,0,1,10.0,92.0,0,3.935009188976384,0.3645452063342208,483.4349425450207,33.604099312733595,792.4057271945105,14.188685766878592,-0.071,51.511,London Borough of Tower Hamlets
1787,353.95940638302875,Entire home/apt,False,False,2.0,False,0,1,10.0,60.0,0,4.184994887606691,0.4344783274445184,352.0373149648103,24.47050441076441,724.2159801656397,12.967691445521176,-0.181,51.49100000000001,Royal Borough of Kensington and Chelsea
4427,584.444601237094,Entire home/apt,False,False,6.0,False,0,1,7.0,80.0,2,3.83830417746245,0.1669145367146329,272.9070999529292,18.97007535634291,513.9674078338226,9.203015316396318,-0.122,51.474,London Borough of Lambeth
85,238.48161998165529,Entire home/apt,False,False,2.0,False,0,1,9.0,94.0,0,3.840178694185299,0.4925502028991297,322.89155969797247,22.444550619804748,920.8775325359326,16.489080644571825,-0.08,51.526,London Borough of Hackney
958,388.0618076624568,Private room,False,True,2.0,False,0,1,8.0,76.0,1,1.4266133952065438,0.1423099738218652,590.5451840312672,41.04945105616806,1527.5239717823736,27.35159135425361,-0.136,51.52,London Borough of Camden
2991,74.79009384040076,Private room,False,True,2.0,False,1,0,8.0,79.0,1,7.381340801400076,2.8182018568105707,159.06521256304077,11.05679943619656,343.5634997961279,6.151791149762511,-0.04753,51.55205,London Borough of Hackney
4377,532.7030268820997,Entire home/apt,False,False,4.0,False,0,1,2.0,20.0,1,3.838313139772806,0.1669076216763115,272.9065464194961,18.97003687961973,513.9664080795119,9.202997414961144,-0.122,51.474,London Borough of Lambeth
3952,209.31818716338577,Private room,False,True,2.0,False,0,1,9.0,83.0,1,8.653002096814534,0.7015957850341719,129.08355786873898,8.972741348455878,290.39465213230136,5.199758565697287,-0.1689999999999999,51.435,London Borough of Wandsworth
4322,227.66292716197464,Private room,False,True,2.0,False,0,1,8.0,83.0,1,9.52329071037749,0.2875444771896031,117.4174658064196,8.161818343615026,299.0902537436342,5.355460568576527,-0.165,51.426,London Borough of Wandsworth
1129,335.14428843575814,Entire home/apt,False,False,2.0,False,0,1,10.0,95.0,0,3.935016885207956,0.3645570019424634,483.42767938252274,33.60359444224861,792.4116400426728,14.188791641358902,-0.071,51.511,London Borough of Tower Hamlets
2616,322.2088948470096,Private room,False,True,2.0,False,0,1,9.0,84.0,1,1.4266218265235129,0.1423075064283409,590.5430117832034,41.04930006079465,1527.5228189960694,27.351570712652894,-0.136,51.52,London Borough of Camden
1350,211.9052658811355,Private room,False,True,2.0,False,0,1,9.0,80.0,1,9.50452630738396,0.3414020576004548,117.6252005302904,8.176258214789641,286.47676413269,5.129605511790013,-0.1639999999999999,51.426,London Borough of Wandsworth
1793,353.95940638302875,Entire home/apt,False,False,2.0,False,0,1,9.0,91.0,0,4.185008774147673,0.4344725643734805,352.0354477526372,24.470374618774247,724.2119118495222,12.967618598926292,-0.181,51.49100000000001,Royal Borough of Kensington and Chelsea
1166,211.9052658811355,Private room,False,True,2.0,False,0,1,8.0,80.0,1,9.504501894440123,0.3414126680723994,117.62549234372166,8.176278499065067,286.4694771985963,5.129475033154496,-0.1639999999999999,51.426,London Borough of Wandsworth
2449,334.67391048707634,Entire home/apt,False,False,2.0,False,0,1,10.0,93.0,0,3.93503196214065,0.3645711329449925,483.42312529945735,33.60327788288117,792.4089731855695,14.188743889057116,-0.071,51.511,London Borough of Tower Hamlets
4435,345.2574143324161,Entire home/apt,False,False,2.0,False,0,1,10.0,95.0,0,3.93501558805636,0.3645525812676384,483.4315251093895,33.603861762990626,792.4067813349408,14.18870464214262,-0.071,51.511,London Borough of Tower Hamlets
1691,379.83019356052586,Entire home/apt,False,False,2.0,False,0,1,7.0,80.0,0,4.18501378287374,0.4344951605577924,352.03286570381954,24.470195137695693,724.2078143380202,12.96754522956369,-0.181,51.49100000000001,Royal Borough of Kensington and Chelsea
1129,335.14428843575814,Entire home/apt,False,False,2.0,False,0,1,10.0,95.0,0,3.935016885207956,0.3645570019424634,483.42767938252274,33.60359444224861,792.4116400426728,14.188791641358902,-0.071,51.511,London Borough of Tower Hamlets
1787,353.95940638302875,Entire home/apt,False,False,2.0,False,0,1,10.0,60.0,0,4.184994887606691,0.4344783274445184,352.0373149648103,24.47050441076441,724.2159801656397,12.967691445521176,-0.181,51.49100000000001,Royal Borough of Kensington and Chelsea
1131,345.49260330675696,Entire home/apt,False,False,2.0,False,0,1,10.0,92.0,0,3.935009188976384,0.3645452063342208,483.4349425450207,33.604099312733595,792.4057271945105,14.188685766878592,-0.071,51.511,London Borough of Tower Hamlets
1690,379.83019356052586,Entire home/apt,False,False,2.0,False,0,1,10.0,87.0,0,4.185024016230776,0.4344878866541066,352.03172392291725,24.47011577123817,724.205141441664,12.967497369124036,-0.181,51.49100000000001,Royal Borough of Kensington and Chelsea
3421,232.13151767445143,Private room,False,True,2.0,False,0,1,8.0,82.0,1,9.50450655110868,0.3414047381155742,117.62543862670536,8.176274765135654,286.47178917992704,5.129516431109452,-0.1639999999999999,51.426,London Borough of Wandsworth
499,111.4795738375785,Private room,False,True,2.0,False,0,1,8.0,82.0,1,4.221300578980134,0.5070723386370769,395.13527782849314,27.46629163421863,708.8695627125502,12.69290103523458,-0.067,51.512,London Borough of Tower Hamlets
977,716.8559937910111,Entire home/apt,False,False,2.0,False,0,1,9.0,100.0,1,1.4265966104828671,0.1423359225908261,590.5466365978081,41.04955202568019,1527.5478420426512,27.35201877118238,-0.136,51.52,London Borough of Camden
3421,232.13151767445143,Private room,False,True,2.0,False,0,1,8.0,82.0,1,9.50450655110868,0.3414047381155742,117.62543862670536,8.176274765135654,286.47178917992704,5.129516431109452,-0.1639999999999999,51.426,London Borough of Wandsworth
1787,353.95940638302875,Entire home/apt,False,False,2.0,False,0,1,10.0,60.0,0,4.184994887606691,0.4344783274445184,352.0373149648103,24.47050441076441,724.2159801656397,12.967691445521176,-0.181,51.49100000000001,Royal Borough of Kensington and Chelsea
451,168.39530562807215,Private room,False,True,2.0,False,0,0,10.0,100.0,1,4.257137450766871,1.6487644498840306,274.89293631330514,19.108113045388723,574.5100106139257,10.28708113883449,-0.16754,51.47935,London Borough of Wandsworth
1167,211.9052658811355,Private room,False,True,2.0,False,0,1,8.0,82.0,1,9.504490407326903,0.3413819230524423,117.62564142403738,8.176288861803243,286.4716302369913,5.129513585103558,-0.1639999999999999,51.426,London Borough of Wandsworth
1113,335.14428843575814,Entire home/apt,False,False,2.0,False,0,1,9.0,92.0,0,3.935003107791964,0.364541716047097,483.4343982774293,33.604061480089364,792.410309638567,14.188767819363235,-0.071,51.511,London Borough of Tower Hamlets
981,1001.6698417178204,Entire home/apt,False,False,4.0,False,0,1,9.0,90.0,2,1.4266038704263206,0.1423151120270535,590.5473171430174,41.04959933113288,1527.527689830579,27.35165792900925,-0.136,51.52,London Borough of Camden
4097,334.90909946141727,Entire home/apt,False,False,2.0,False,0,1,10.0,90.0,0,3.935027202296321,0.364566795907017,483.4244292089872,33.60336851907951,792.4100124122609,14.188762497278208,-0.071,51.511,London Borough of Tower Hamlets
961,388.0618076624568,Private room,False,True,2.0,False,0,1,7.0,70.0,1,1.4266143257997663,0.1423307430766109,590.5420717502211,41.04923471805892,1527.5454471748717,27.351975889076392,-0.136,51.52,London Borough of Camden
1691,379.83019356052586,Entire home/apt,False,False,2.0,False,0,1,7.0,80.0,0,4.18501378287374,0.4344951605577924,352.03286570381954,24.470195137695693,724.2078143380202,12.96754522956369,-0.181,51.49100000000001,Royal Borough of Kensington and Chelsea
4097,334.90909946141727,Entire home/apt,False,False,2.0,False,0,1,10.0,90.0,0,3.935027202296321,0.364566795907017,483.4244292089872,33.60336851907951,792.4100124122609,14.188762497278208,-0.071,51.511,London Borough of Tower Hamlets
4008,885.721677367765,Entire home/apt,False,False,4.0,False,0,1,10.0,93.0,2,4.178764785863717,0.418990967512928,394.5255180357769,27.42390655439077,726.2740196331619,13.004542359514303,-0.06773,51.51267,London Borough of Tower Hamlets
1164,211.9052658811355,Private room,False,True,2.0,False,0,1,9.0,86.0,1,9.504499382662347,0.3413956465950518,117.625528333863,8.176281000779728,286.47155645293776,5.12951226393851,-0.1639999999999999,51.426,London Borough of Wandsworth
1124,319.62181612925986,Entire home/apt,False,False,2.0,False,0,1,10.0,93.0,0,3.9350203952685936,0.3645594358265034,483.42754153605495,33.60358486038766,792.4096601649953,14.18875618999698,-0.071,51.511,London Borough of Tower Hamlets
1350,211.9052658811355,Private room,False,True,2.0,False,0,1,9.0,80.0,1,9.50452630738396,0.3414020576004548,117.6252005302904,8.176258214789641,286.47676413269,5.129605511790013,-0.1639999999999999,51.426,London Borough of Wandsworth
3188,515.5342317552153,Entire home/apt,False,False,6.0,False,0,1,6.0,67.0,2,5.939755893972311,0.3776411475394992,206.7882984402145,14.374084092709188,489.5629123760575,8.76603246093994,-0.2,51.48,London Borough of Hammersmith and Fulham
142,243.6557774171547,Entire home/apt,False,False,2.0,True,0,1,10.0,96.0,0,3.840179512552354,0.4925595622335419,322.8924341671015,22.444611405124284,920.8560233702387,16.488695505011798,-0.08,51.526,London Borough of Hackney
3421,232.13151767445143,Private room,False,True,2.0,False,0,1,8.0,82.0,1,9.50450655110868,0.3414047381155742,117.62543862670536,8.176274765135654,286.47178917992704,5.129516431109452,-0.1639999999999999,51.426,London Borough of Wandsworth
1124,319.62181612925986,Entire home/apt,False,False,2.0,False,0,1,10.0,93.0,0,3.9350203952685936,0.3645594358265034,483.42754153605495,33.60358486038766,792.4096601649953,14.18875618999698,-0.071,51.511,London Borough of Tower Hamlets
1124,319.62181612925986,Entire home/apt,False,False,2.0,False,0,1,10.0,93.0,0,3.9350203952685936,0.3645594358265034,483.42754153605495,33.60358486038766,792.4096601649953,14.18875618999698,-0.071,51.511,London Borough of Tower Hamlets
1128,345.49260330675696,Entire home/apt,False,False,2.0,False,0,1,10.0,90.0,0,3.935028691709733,0.3645633019430278,483.4292493844002,33.60370357482131,792.4019844804614,14.18861875046044,-0.071,51.511,London Borough of Tower Hamlets
961,388.0618076624568,Private room,False,True,2.0,False,0,1,7.0,70.0,1,1.4266143257997663,0.1423307430766109,590.5420717502211,41.04923471805892,1527.5454471748717,27.351975889076392,-0.136,51.52,London Borough of Camden
1128,345.49260330675696,Entire home/apt,False,False,2.0,False,0,1,10.0,90.0,0,3.935028691709733,0.3645633019430278,483.4292493844002,33.60370357482131,792.4019844804614,14.18861875046044,-0.071,51.511,London Borough of Tower Hamlets
1788,353.95940638302875,Entire home/apt,False,False,2.0,False,0,1,9.0,80.0,0,4.185031916992533,0.4344974168096186,352.02967093427617,24.46997306571957,724.2014619309941,12.967431484415137,-0.181,51.49100000000001,Royal Borough of Kensington and Chelsea
1376,503.7747830381712,Entire home/apt,False,False,4.0,False,0,1,9.0,87.0,1,3.737137690026425,0.1460165703149449,467.669681475465,32.50823852144794,843.8039987570723,15.10901470839679,-0.1443299999999999,51.54023,London Borough of Camden
1168,211.9052658811355,Private room,False,True,2.0,False,0,1,9.0,84.0,1,9.504513562789166,0.3414039462546295,117.62535407147,8.176268887607415,286.47352957660104,5.129547594364171,-0.1639999999999999,51.426,London Borough of Wandsworth
3903,334.43872151273547,Entire home/apt,False,False,2.0,False,0,1,10.0,95.0,0,3.935023151065557,0.3645583961197164,483.43061339090224,33.60379838842687,792.4034211174973,14.188644474645368,-0.071,51.511,London Borough of Tower Hamlets
4323,227.66292716197464,Private room,False,True,2.0,False,0,1,8.0,86.0,1,9.523279652538989,0.2875551245595097,117.4175950830594,8.161827329777713,299.08615848024306,5.355387239468223,-0.165,51.426,London Borough of Wandsworth
1128,345.49260330675696,Entire home/apt,False,False,2.0,False,0,1,10.0,90.0,0,3.935028691709733,0.3645633019430278,483.4292493844002,33.60370357482131,792.4019844804614,14.18861875046044,-0.071,51.511,London Borough of Tower Hamlets
1128,345.49260330675696,Entire home/apt,False,False,2.0,False,0,1,10.0,90.0,0,3.935028691709733,0.3645633019430278,483.4292493844002,33.60370357482131,792.4019844804614,14.18861875046044,-0.071,51.511,London Borough of Tower Hamlets
1114,345.49260330675696,Entire home/apt,False,False,2.0,False,0,1,10.0,89.0,0,3.9350119094347935,0.3645471746323017,483.4347475377076,33.60408575755887,792.4043229089667,14.188660621974128,-0.071,51.511,London Borough of Tower Hamlets
4435,345.2574143324161,Entire home/apt,False,False,2.0,False,0,1,10.0,95.0,0,3.93501558805636,0.3645525812676384,483.4315251093895,33.603861762990626,792.4067813349408,14.18870464214262,-0.071,51.511,London Borough of Tower Hamlets
977,716.8559937910111,Entire home/apt,False,False,2.0,False,0,1,9.0,100.0,1,1.4265966104828671,0.1423359225908261,590.5466365978081,41.04955202568019,1527.5478420426512,27.35201877118238,-0.136,51.52,London Borough of Camden
3200,515.5342317552153,Entire home/apt,False,False,5.0,False,0,1,9.0,92.0,2,5.939762119800684,0.3776484669393595,206.78803847364736,14.37406602214463,489.561525386081,8.766007625727042,-0.2,51.48,London Borough of Hammersmith and Fulham
1114,345.49260330675696,Entire home/apt,False,False,2.0,False,0,1,10.0,89.0,0,3.9350119094347935,0.3645471746323017,483.4347475377076,33.60408575755887,792.4043229089667,14.188660621974128,-0.071,51.511,London Borough of Tower Hamlets
1114,345.49260330675696,Entire home/apt,False,False,2.0,False,0,1,10.0,89.0,0,3.9350119094347935,0.3645471746323017,483.4347475377076,33.60408575755887,792.4043229089667,14.188660621974128,-0.071,51.511,London Borough of Tower Hamlets
2086,117.82967614478233,Private room,False,True,2.0,True,0,0,10.0,97.0,1,7.016265386115925,1.893970597758076,158.4387763737678,11.013255161538638,325.1870598916489,5.82274565908728,-0.104,51.447,London Borough of Lambeth
1690,379.83019356052586,Entire home/apt,False,False,2.0,False,0,1,10.0,87.0,0,4.185024016230776,0.4344878866541066,352.03172392291725,24.47011577123817,724.205141441664,12.967497369124036,-0.181,51.49100000000001,Royal Borough of Kensington and Chelsea
1787,353.95940638302875,Entire home/apt,False,False,2.0,False,0,1,10.0,60.0,0,4.184994887606691,0.4344783274445184,352.0373149648103,24.47050441076441,724.2159801656397,12.967691445521176,-0.181,51.49100000000001,Royal Borough of Kensington and Chelsea
1792,353.95940638302875,Entire home/apt,False,False,2.0,False,0,1,8.0,77.0,0,4.184982355615324,0.4344912097016554,352.0384058762985,24.470580241232508,724.2188380462364,12.967742618258011,-0.181,51.49100000000001,Royal Borough of Kensington and Chelsea
666,388.2969966367976,Entire home/apt,False,False,6.0,False,0,0,9.0,93.0,3,5.603161483992034,0.4981472500409685,222.8286469336784,15.489066516088773,483.96522023969777,8.665801112254801,-0.05601,51.531690000000005,London Borough of Tower Hamlets
1787,353.95940638302875,Entire home/apt,False,False,2.0,False,0,1,10.0,60.0,0,4.184994887606691,0.4344783274445184,352.0373149648103,24.47050441076441,724.2159801656397,12.967691445521176,-0.181,51.49100000000001,Royal Borough of Kensington and Chelsea
4379,584.444601237094,Entire home/apt,False,False,4.0,False,0,1,8.0,87.0,2,3.838294214835504,0.1669262891986488,272.907753001647,18.97012075048396,513.9680151995739,9.20302619178691,-0.122,51.474,London Borough of Lambeth
957,388.0618076624568,Private room,False,True,2.0,False,0,1,8.0,80.0,1,1.426597575947724,0.1423186405754901,590.5487087069413,41.04969606028541,1527.5302837477186,27.351704375260123,-0.136,51.52,London Borough of Camden
4435,345.2574143324161,Entire home/apt,False,False,2.0,False,0,1,10.0,95.0,0,3.93501558805636,0.3645525812676384,483.4315251093895,33.603861762990626,792.4067813349408,14.18870464214262,-0.071,51.511,London Borough of Tower Hamlets
4435,345.2574143324161,Entire home/apt,False,False,2.0,False,0,1,10.0,95.0,0,3.93501558805636,0.3645525812676384,483.4315251093895,33.603861762990626,792.4067813349408,14.18870464214262,-0.071,51.511,London Borough of Tower Hamlets
1124,319.62181612925986,Entire home/apt,False,False,2.0,False,0,1,10.0,93.0,0,3.9350203952685936,0.3645594358265034,483.42754153605495,33.60358486038766,792.4096601649953,14.18875618999698,-0.071,51.511,London Borough of Tower Hamlets
1124,319.62181612925986,Entire home/apt,False,False,2.0,False,0,1,10.0,93.0,0,3.9350203952685936,0.3645594358265034,483.42754153605495,33.60358486038766,792.4096601649953,14.18875618999698,-0.071,51.511,London Borough of Tower Hamlets
1124,319.62181612925986,Entire home/apt,False,False,2.0,False,0,1,10.0,93.0,0,3.9350203952685936,0.3645594358265034,483.42754153605495,33.60358486038766,792.4096601649953,14.18875618999698,-0.071,51.511,London Borough of Tower Hamlets
2331,368.5411227921635,Private room,False,True,2.0,False,0,1,9.0,91.0,1,4.113515042132584,0.7740801412934518,283.7998952871308,19.72724564750304,656.6134060986445,11.757210946011512,-0.0819999999999999,51.532,London Borough of Hackney
1785,353.95940638302875,Entire home/apt,False,False,2.0,False,0,1,7.0,80.0,0,4.1850076511958205,0.4344716568304266,352.0357049923405,24.47039249979148,724.2123870323104,12.967627107470634,-0.181,51.49100000000001,Royal Borough of Kensington and Chelsea
2616,322.2088948470096,Private room,False,True,2.0,False,0,1,9.0,84.0,1,1.4266218265235129,0.1423075064283409,590.5430117832034,41.04930006079465,1527.5228189960694,27.351570712652894,-0.136,51.52,London Borough of Camden
1114,345.49260330675696,Entire home/apt,False,False,2.0,False,0,1,10.0,89.0,0,3.9350119094347935,0.3645471746323017,483.4347475377076,33.60408575755887,792.4043229089667,14.188660621974128,-0.071,51.511,London Borough of Tower Hamlets
1114,345.49260330675696,Entire home/apt,False,False,2.0,False,0,1,10.0,89.0,0,3.9350119094347935,0.3645471746323017,483.4347475377076,33.60408575755887,792.4043229089667,14.188660621974128,-0.071,51.511,London Borough of Tower Hamlets
981,1001.6698417178204,Entire home/apt,False,False,4.0,False,0,1,9.0,90.0,2,1.4266038704263206,0.1423151120270535,590.5473171430174,41.04959933113288,1527.527689830579,27.35165792900925,-0.136,51.52,London Borough of Camden
2616,322.2088948470096,Private room,False,True,2.0,False,0,1,9.0,84.0,1,1.4266218265235129,0.1423075064283409,590.5430117832034,41.04930006079465,1527.5228189960694,27.351570712652894,-0.136,51.52,London Borough of Camden
1129,335.14428843575814,Entire home/apt,False,False,2.0,False,0,1,10.0,95.0,0,3.935016885207956,0.3645570019424634,483.42767938252274,33.60359444224861,792.4116400426728,14.188791641358902,-0.071,51.511,London Borough of Tower Hamlets
958,388.0618076624568,Private room,False,True,2.0,False,0,1,8.0,76.0,1,1.4266133952065438,0.1423099738218652,590.5451840312672,41.04945105616806,1527.5239717823736,27.35159135425361,-0.136,51.52,London Borough of Camden
1131,345.49260330675696,Entire home/apt,False,False,2.0,False,0,1,10.0,92.0,0,3.935009188976384,0.3645452063342208,483.4349425450207,33.604099312733595,792.4057271945105,14.188685766878592,-0.071,51.511,London Borough of Tower Hamlets
4435,345.2574143324161,Entire home/apt,False,False,2.0,False,0,1,10.0,95.0,0,3.93501558805636,0.3645525812676384,483.4315251093895,33.603861762990626,792.4067813349408,14.18870464214262,-0.071,51.511,London Borough of Tower Hamlets
1164,211.9052658811355,Private room,False,True,2.0,False,0,1,9.0,86.0,1,9.504499382662347,0.3413956465950518,117.625528333863,8.176281000779728,286.47155645293776,5.12951226393851,-0.1639999999999999,51.426,London Borough of Wandsworth
1347,183.4473999858887,Private room,False,True,2.0,False,0,1,7.0,76.0,1,9.523273799541748,0.287538712097689,117.41767165760656,8.16183265255946,299.0811669371804,5.355297861724503,-0.165,51.426,London Borough of Wandsworth
1114,345.49260330675696,Entire home/apt,False,False,2.0,False,0,1,10.0,89.0,0,3.9350119094347935,0.3645471746323017,483.4347475377076,33.60408575755887,792.4043229089667,14.188660621974128,-0.071,51.511,London Borough of Tower Hamlets
2454,333.73315458971285,Entire home/apt,False,False,2.0,False,0,1,9.0,100.0,0,3.935022497510558,0.3645646194700297,483.4234439615026,33.603300033433555,792.4143908651432,14.188840897130657,-0.071,51.511,London Borough of Tower Hamlets
1073,169.57125049977657,Private room,False,True,2.0,False,0,1,9.0,80.0,1,4.059666205187103,0.5131233545791054,367.4450735283434,25.54151480614427,1039.0242824488623,18.60459678909492,-0.07201,51.51981,London Borough of Tower Hamlets
2454,333.73315458971285,Entire home/apt,False,False,2.0,False,0,1,9.0,100.0,0,3.935022497510558,0.3645646194700297,483.4234439615026,33.603300033433555,792.4143908651432,14.188840897130657,-0.071,51.511,London Borough of Tower Hamlets
3626,328.5589971542134,Private room,False,True,2.0,False,1,0,9.0,100.0,1,4.888756432045529,0.5951206190125645,243.9447862876656,16.95687279466953,535.0244157143546,9.58005861347766,-0.19187,51.52616,City of Westminster
3903,334.43872151273547,Entire home/apt,False,False,2.0,False,0,1,10.0,95.0,0,3.935023151065557,0.3645583961197164,483.43061339090224,33.60379838842687,792.4034211174973,14.188644474645368,-0.071,51.511,London Borough of Tower Hamlets
4321,227.66292716197464,Private room,False,True,2.0,False,0,1,8.0,77.0,1,9.5232931838848,0.2875573137571739,117.41743126544029,8.161815942633224,299.09312225443887,5.355511931656108,-0.165,51.426,London Borough of Wandsworth
4097,334.90909946141727,Entire home/apt,False,False,2.0,False,0,1,10.0,90.0,0,3.935027202296321,0.364566795907017,483.4244292089872,33.60336851907951,792.4100124122609,14.188762497278208,-0.071,51.511,London Borough of Tower Hamlets
4435,345.2574143324161,Entire home/apt,False,False,2.0,False,0,1,10.0,95.0,0,3.93501558805636,0.3645525812676384,483.4315251093895,33.603861762990626,792.4067813349408,14.18870464214262,-0.071,51.511,London Borough of Tower Hamlets
1128,345.49260330675696,Entire home/apt,False,False,2.0,False,0,1,10.0,90.0,0,3.935028691709733,0.3645633019430278,483.4292493844002,33.60370357482131,792.4019844804614,14.18861875046044,-0.071,51.511,London Borough of Tower Hamlets
1788,353.95940638302875,Entire home/apt,False,False,2.0,False,0,1,9.0,80.0,0,4.185031916992533,0.4344974168096186,352.02967093427617,24.46997306571957,724.2014619309941,12.967431484415137,-0.181,51.49100000000001,Royal Borough of Kensington and Chelsea
1128,345.49260330675696,Entire home/apt,False,False,2.0,False,0,1,10.0,90.0,0,3.935028691709733,0.3645633019430278,483.4292493844002,33.60370357482131,792.4019844804614,14.18861875046044,-0.071,51.511,London Borough of Tower Hamlets
1131,345.49260330675696,Entire home/apt,False,False,2.0,False,0,1,10.0,92.0,0,3.935009188976384,0.3645452063342208,483.4349425450207,33.604099312733595,792.4057271945105,14.188685766878592,-0.071,51.511,London Borough of Tower Hamlets
1763,184.85853383193395,Private room,False,True,2.0,False,0,1,9.0,88.0,1,2.097252875736937,0.1442622008767836,467.6007812894523,32.50344919306128,1058.1839579823354,18.94766676727678,-0.138,51.526,London Borough of Camden
981,1001.6698417178204,Entire home/apt,False,False,4.0,False,0,1,9.0,90.0,2,1.4266038704263206,0.1423151120270535,590.5473171430174,41.04959933113288,1527.527689830579,27.35165792900925,-0.136,51.52,London Borough of Camden
2449,334.67391048707634,Entire home/apt,False,False,2.0,False,0,1,10.0,93.0,0,3.93503196214065,0.3645711329449925,483.42312529945735,33.60327788288117,792.4089731855695,14.188743889057116,-0.071,51.511,London Borough of Tower Hamlets
958,388.0618076624568,Private room,False,True,2.0,False,0,1,8.0,76.0,1,1.4266133952065438,0.1423099738218652,590.5451840312672,41.04945105616806,1527.5239717823736,27.35159135425361,-0.136,51.52,London Borough of Camden
1793,353.95940638302875,Entire home/apt,False,False,2.0,False,0,1,9.0,91.0,0,4.185008774147673,0.4344725643734805,352.0354477526372,24.470374618774247,724.2119118495222,12.967618598926292,-0.181,51.49100000000001,Royal Borough of Kensington and Chelsea
1131,345.49260330675696,Entire home/apt,False,False,2.0,False,0,1,10.0,92.0,0,3.935009188976384,0.3645452063342208,483.4349425450207,33.604099312733595,792.4057271945105,14.188685766878592,-0.071,51.511,London Borough of Tower Hamlets
1124,319.62181612925986,Entire home/apt,False,False,2.0,False,0,1,10.0,93.0,0,3.9350203952685936,0.3645594358265034,483.42754153605495,33.60358486038766,792.4096601649953,14.18875618999698,-0.071,51.511,London Borough of Tower Hamlets
3422,211.43488793245373,Private room,False,True,2.0,False,0,1,9.0,87.0,1,9.523264014836398,0.2875422931123659,117.41778820880803,8.161840754162808,299.07679778562715,5.355219628420112,-0.165,51.426,London Borough of Wandsworth
1783,353.95940638302875,Entire home/apt,False,False,2.0,False,0,1,9.0,70.0,0,4.185012481931481,0.4344889899324827,352.033559676093,24.470243376478503,724.2089110809626,12.967564867661247,-0.181,51.49100000000001,Royal Borough of Kensington and Chelsea
1790,353.95940638302875,Entire home/apt,False,False,2.0,False,0,1,10.0,90.0,0,4.1850080894232,0.4344939125611116,352.0339105142033,24.47026776362487,724.2098672003963,12.96758198777754,-0.181,51.49100000000001,Royal Borough of Kensington and Chelsea
2616,322.2088948470096,Private room,False,True,2.0,False,0,1,9.0,84.0,1,1.4266218265235129,0.1423075064283409,590.5430117832034,41.04930006079465,1527.5228189960694,27.351570712652894,-0.136,51.52,London Borough of Camden
1783,353.95940638302875,Entire home/apt,False,False,2.0,False,0,1,9.0,70.0,0,4.185012481931481,0.4344889899324827,352.033559676093,24.470243376478503,724.2089110809626,12.967564867661247,-0.181,51.49100000000001,Royal Borough of Kensington and Chelsea
4323,227.66292716197464,Private room,False,True,2.0,False,0,1,8.0,86.0,1,9.523279652538989,0.2875551245595097,117.4175950830594,8.161827329777713,299.08615848024306,5.355387239468223,-0.165,51.426,London Borough of Wandsworth
1784,353.95940638302875,Entire home/apt,False,False,2.0,False,0,1,8.0,80.0,0,4.185009900870399,0.4345251757001291,352.03119059768704,24.4700786992096,724.205920831865,12.967511324755948,-0.181,51.49100000000001,Royal Borough of Kensington and Chelsea
3422,211.43488793245373,Private room,False,True,2.0,False,0,1,9.0,87.0,1,9.523264014836398,0.2875422931123659,117.41778820880803,8.161840754162808,299.07679778562715,5.355219628420112,-0.165,51.426,London Borough of Wandsworth
1129,335.14428843575814,Entire home/apt,False,False,2.0,False,0,1,10.0,95.0,0,3.935016885207956,0.3645570019424634,483.42767938252274,33.60359444224861,792.4116400426728,14.188791641358902,-0.071,51.511,London Borough of Tower Hamlets
1787,353.95940638302875,Entire home/apt,False,False,2.0,False,0,1,10.0,60.0,0,4.184994887606691,0.4344783274445184,352.0373149648103,24.47050441076441,724.2159801656397,12.967691445521176,-0.181,51.49100000000001,Royal Borough of Kensington and Chelsea
2449,334.67391048707634,Entire home/apt,False,False,2.0,False,0,1,10.0,93.0,0,3.93503196214065,0.3645711329449925,483.42312529945735,33.60327788288117,792.4089731855695,14.188743889057116,-0.071,51.511,London Borough of Tower Hamlets
1044,748.1361273783485,Entire home/apt,False,False,2.0,True,0,1,10.0,100.0,1,3.9741084555159767,0.1573836995910053,411.6244300379989,28.612470901927257,814.5468676003863,14.585141361478549,-0.071,51.514,London Borough of Tower Hamlets
1790,353.95940638302875,Entire home/apt,False,False,2.0,False,0,1,10.0,90.0,0,4.1850080894232,0.4344939125611116,352.0339105142033,24.47026776362487,724.2098672003963,12.96758198777754,-0.181,51.49100000000001,Royal Borough of Kensington and Chelsea
1786,353.95940638302875,Entire home/apt,False,False,2.0,False,0,1,8.0,100.0,0,4.184998573668654,0.4344775990651961,352.0367573373497,24.47046564946083,724.2148145215643,12.967670573691336,-0.181,51.49100000000001,Royal Borough of Kensington and Chelsea
1129,335.14428843575814,Entire home/apt,False,False,2.0,False,0,1,10.0,95.0,0,3.935016885207956,0.3645570019424634,483.42767938252274,33.60359444224861,792.4116400426728,14.188791641358902,-0.071,51.511,London Borough of Tower Hamlets
1793,353.95940638302875,Entire home/apt,False,False,2.0,False,0,1,9.0,91.0,0,4.185008774147673,0.4344725643734805,352.0354477526372,24.470374618774247,724.2119118495222,12.967618598926292,-0.181,51.49100000000001,Royal Borough of Kensington and Chelsea
2616,322.2088948470096,Private room,False,True,2.0,False,0,1,9.0,84.0,1,1.4266218265235129,0.1423075064283409,590.5430117832034,41.04930006079465,1527.5228189960694,27.351570712652894,-0.136,51.52,London Borough of Camden
2449,334.67391048707634,Entire home/apt,False,False,2.0,False,0,1,10.0,93.0,0,3.93503196214065,0.3645711329449925,483.42312529945735,33.60327788288117,792.4089731855695,14.188743889057116,-0.071,51.511,London Borough of Tower Hamlets
2449,334.67391048707634,Entire home/apt,False,False,2.0,False,0,1,10.0,93.0,0,3.93503196214065,0.3645711329449925,483.42312529945735,33.60327788288117,792.4089731855695,14.188743889057116,-0.071,51.511,London Borough of Tower Hamlets
4322,227.66292716197464,Private room,False,True,2.0,False,0,1,8.0,83.0,1,9.52329071037749,0.2875444771896031,117.4174658064196,8.161818343615026,299.0902537436342,5.355460568576527,-0.165,51.426,London Borough of Wandsworth
1792,353.95940638302875,Entire home/apt,False,False,2.0,False,0,1,8.0,77.0,0,4.184982355615324,0.4344912097016554,352.0384058762985,24.470580241232508,724.2188380462364,12.967742618258011,-0.181,51.49100000000001,Royal Borough of Kensington and Chelsea
2454,333.73315458971285,Entire home/apt,False,False,2.0,False,0,1,9.0,100.0,0,3.935022497510558,0.3645646194700297,483.4234439615026,33.603300033433555,792.4143908651432,14.188840897130657,-0.071,51.511,London Borough of Tower Hamlets
296,722.970907123874,Entire home/apt,False,False,5.0,False,0,1,10.0,100.0,3,3.547254796895901,0.9485097634042804,304.92300820421536,21.19553666619309,671.9619145879726,12.032038798046822,-0.1212,51.53996,London Borough of Islington
1690,379.83019356052586,Entire home/apt,False,False,2.0,False,0,1,10.0,87.0,0,4.185024016230776,0.4344878866541066,352.03172392291725,24.47011577123817,724.205141441664,12.967497369124036,-0.181,51.49100000000001,Royal Borough of Kensington and Chelsea
1783,353.95940638302875,Entire home/apt,False,False,2.0,False,0,1,9.0,70.0,0,4.185012481931481,0.4344889899324827,352.033559676093,24.470243376478503,724.2089110809626,12.967564867661247,-0.181,51.49100000000001,Royal Borough of Kensington and Chelsea
751,123.00383358028176,Private room,False,True,2.0,False,0,1,8.0,78.0,1,6.247271736250398,0.4326495049392761,205.3444139233113,14.273718077694433,425.9049617387652,7.626183735522668,-0.04016,51.52181,London Borough of Tower Hamlets
977,716.8559937910111,Entire home/apt,False,False,2.0,False,0,1,9.0,100.0,1,1.4265966104828671,0.1423359225908261,590.5466365978081,41.04955202568019,1527.5478420426512,27.35201877118238,-0.136,51.52,London Borough of Camden
4322,227.66292716197464,Private room,False,True,2.0,False,0,1,8.0,83.0,1,9.52329071037749,0.2875444771896031,117.4174658064196,8.161818343615026,299.0902537436342,5.355460568576527,-0.165,51.426,London Borough of Wandsworth
3965,503.3044050894894,Private room,False,True,2.0,False,0,1,10.0,89.0,1,4.226479078155959,0.4822898283460162,389.6131463299556,27.082442145975342,709.9411534053804,12.712088760776531,-0.06698,51.51234,London Borough of Tower Hamlets
1129,335.14428843575814,Entire home/apt,False,False,2.0,False,0,1,10.0,95.0,0,3.935016885207956,0.3645570019424634,483.42767938252274,33.60359444224861,792.4116400426728,14.188791641358902,-0.071,51.511,London Borough of Tower Hamlets
981,1001.6698417178204,Entire home/apt,False,False,4.0,False,0,1,9.0,90.0,2,1.4266038704263206,0.1423151120270535,590.5473171430174,41.04959933113288,1527.527689830579,27.35165792900925,-0.136,51.52,London Borough of Camden
2680,521.8843340624192,Entire home/apt,False,False,2.0,False,0,1,10.0,100.0,1,4.104022197415953,0.7860149468174701,324.4218452679005,22.55092246789249,928.3931674558614,16.6236543592205,-0.074,51.524,London Borough of Tower Hamlets
1783,353.95940638302875,Entire home/apt,False,False,2.0,False,0,1,9.0,70.0,0,4.185012481931481,0.4344889899324827,352.033559676093,24.470243376478503,724.2089110809626,12.967564867661247,-0.181,51.49100000000001,Royal Borough of Kensington and Chelsea
536,2070.838919071474,Entire home/apt,False,False,4.0,False,1,0,10.0,100.0,2,1.9863255420428887,0.3000086720835591,520.7133238036257,36.19536096096551,987.9244554049466,17.689611745719542,-0.14822,51.49601,City of Westminster
1131,345.49260330675696,Entire home/apt,False,False,2.0,False,0,1,10.0,92.0,0,3.935009188976384,0.3645452063342208,483.4349425450207,33.604099312733595,792.4057271945105,14.188685766878592,-0.071,51.511,London Borough of Tower Hamlets
977,716.8559937910111,Entire home/apt,False,False,2.0,False,0,1,9.0,100.0,1,1.4265966104828671,0.1423359225908261,590.5466365978081,41.04955202568019,1527.5478420426512,27.35201877118238,-0.136,51.52,London Borough of Camden
1128,345.49260330675696,Entire home/apt,False,False,2.0,False,0,1,10.0,90.0,0,3.935028691709733,0.3645633019430278,483.4292493844002,33.60370357482131,792.4019844804614,14.18861875046044,-0.071,51.511,London Borough of Tower Hamlets
1784,353.95940638302875,Entire home/apt,False,False,2.0,False,0,1,8.0,80.0,0,4.185009900870399,0.4345251757001291,352.03119059768704,24.4700786992096,724.205920831865,12.967511324755948,-0.181,51.49100000000001,Royal Borough of Kensington and Chelsea
4381,651.9438368729274,Entire home/apt,False,False,4.0,False,0,1,6.0,60.0,2,3.838312444343061,0.1669082680906701,272.90659039039883,18.97003993608597,513.9664720353599,9.202998560143968,-0.122,51.474,London Borough of Lambeth
1691,379.83019356052586,Entire home/apt,False,False,2.0,False,0,1,7.0,80.0,0,4.18501378287374,0.4344951605577924,352.03286570381954,24.470195137695693,724.2078143380202,12.96754522956369,-0.181,51.49100000000001,Royal Borough of Kensington and Chelsea
1166,211.9052658811355,Private room,False,True,2.0,False,0,1,8.0,80.0,1,9.504501894440123,0.3414126680723994,117.62549234372166,8.176278499065067,286.4694771985963,5.129475033154496,-0.1639999999999999,51.426,London Borough of Wandsworth
1129,335.14428843575814,Entire home/apt,False,False,2.0,False,0,1,10.0,95.0,0,3.935016885207956,0.3645570019424634,483.42767938252274,33.60359444224861,792.4116400426728,14.188791641358902,-0.071,51.511,London Borough of Tower Hamlets
1786,353.95940638302875,Entire home/apt,False,False,2.0,False,0,1,8.0,100.0,0,4.184998573668654,0.4344775990651961,352.0367573373497,24.47046564946083,724.2148145215643,12.967670573691336,-0.181,51.49100000000001,Royal Borough of Kensington and Chelsea
1273,981.6787788988452,Entire home/apt,False,False,4.0,False,0,1,9.0,93.0,2,2.334951152115748,0.2083570076478814,510.3329201446507,35.47380758373942,877.9098182108984,15.719707865254106,-0.096,51.501000000000005,London Borough of Southwark
1792,353.95940638302875,Entire home/apt,False,False,2.0,False,0,1,8.0,77.0,0,4.184982355615324,0.4344912097016554,352.0384058762985,24.470580241232508,724.2188380462364,12.967742618258011,-0.181,51.49100000000001,Royal Borough of Kensington and Chelsea
1131,345.49260330675696,Entire home/apt,False,False,2.0,False,0,1,10.0,92.0,0,3.935009188976384,0.3645452063342208,483.4349425450207,33.604099312733595,792.4057271945105,14.188685766878592,-0.071,51.511,London Borough of Tower Hamlets
1787,353.95940638302875,Entire home/apt,False,False,2.0,False,0,1,10.0,60.0,0,4.184994887606691,0.4344783274445184,352.0373149648103,24.47050441076441,724.2159801656397,12.967691445521176,-0.181,51.49100000000001,Royal Borough of Kensington and Chelsea
1129,335.14428843575814,Entire home/apt,False,False,2.0,False,0,1,10.0,95.0,0,3.935016885207956,0.3645570019424634,483.42767938252274,33.60359444224861,792.4116400426728,14.188791641358902,-0.071,51.511,London Borough of Tower Hamlets
957,388.0618076624568,Private room,False,True,2.0,False,0,1,8.0,80.0,1,1.426597575947724,0.1423186405754901,590.5487087069413,41.04969606028541,1527.5302837477186,27.351704375260123,-0.136,51.52,London Borough of Camden
1787,353.95940638302875,Entire home/apt,False,False,2.0,False,0,1,10.0,60.0,0,4.184994887606691,0.4344783274445184,352.0373149648103,24.47050441076441,724.2159801656397,12.967691445521176,-0.181,51.49100000000001,Royal Borough of Kensington and Chelsea
2454,333.73315458971285,Entire home/apt,False,False,2.0,False,0,1,9.0,100.0,0,3.935022497510558,0.3645646194700297,483.4234439615026,33.603300033433555,792.4143908651432,14.188840897130657,-0.071,51.511,London Borough of Tower Hamlets
1124,319.62181612925986,Entire home/apt,False,False,2.0,False,0,1,10.0,93.0,0,3.9350203952685936,0.3645594358265034,483.42754153605495,33.60358486038766,792.4096601649953,14.18875618999698,-0.071,51.511,London Borough of Tower Hamlets
1114,345.49260330675696,Entire home/apt,False,False,2.0,False,0,1,10.0,89.0,0,3.9350119094347935,0.3645471746323017,483.4347475377076,33.60408575755887,792.4043229089667,14.188660621974128,-0.071,51.511,London Borough of Tower Hamlets
2454,333.73315458971285,Entire home/apt,False,False,2.0,False,0,1,9.0,100.0,0,3.935022497510558,0.3645646194700297,483.4234439615026,33.603300033433555,792.4143908651432,14.188840897130657,-0.071,51.511,London Borough of Tower Hamlets
1790,353.95940638302875,Entire home/apt,False,False,2.0,False,0,1,10.0,90.0,0,4.1850080894232,0.4344939125611116,352.0339105142033,24.47026776362487,724.2098672003963,12.96758198777754,-0.181,51.49100000000001,Royal Borough of Kensington and Chelsea
515,511.3008302170794,Entire home/apt,False,False,4.0,False,0,1,10.0,91.0,1,2.327087969093594,0.4828997644061257,448.9099555704574,31.20422915656256,848.9130696605125,15.200496886177442,-0.14668,51.49117,City of Westminster
2454,333.73315458971285,Entire home/apt,False,False,2.0,False,0,1,9.0,100.0,0,3.935022497510558,0.3645646194700297,483.4234439615026,33.603300033433555,792.4143908651432,14.188840897130657,-0.071,51.511,London Borough of Tower Hamlets
1788,353.95940638302875,Entire home/apt,False,False,2.0,False,0,1,9.0,80.0,0,4.185031916992533,0.4344974168096186,352.02967093427617,24.46997306571957,724.2014619309941,12.967431484415137,-0.181,51.49100000000001,Royal Borough of Kensington and Chelsea
3903,334.43872151273547,Entire home/apt,False,False,2.0,False,0,1,10.0,95.0,0,3.935023151065557,0.3645583961197164,483.43061339090224,33.60379838842687,792.4034211174973,14.188644474645368,-0.071,51.511,London Borough of Tower Hamlets
3149,493.4264681671724,Entire home/apt,False,False,6.0,False,0,0,9.0,89.0,2,2.216321437291854,0.6760564131119502,454.04865749928166,31.561426029932267,724.4210211525751,12.971362875488316,-0.115,51.49,London Borough of Lambeth
984,763.6585996848468,Entire home/apt,False,False,3.0,False,0,1,10.0,100.0,1,1.4266090019472444,0.1423307593729682,590.5436538196807,41.04934468946264,1527.5445842645636,27.35196043794727,-0.136,51.52,London Borough of Camden
1788,353.95940638302875,Entire home/apt,False,False,2.0,False,0,1,9.0,80.0,0,4.185031916992533,0.4344974168096186,352.02967093427617,24.46997306571957,724.2014619309941,12.967431484415137,-0.181,51.49100000000001,Royal Borough of Kensington and Chelsea
1788,353.95940638302875,Entire home/apt,False,False,2.0,False,0,1,9.0,80.0,0,4.185031916992533,0.4344974168096186,352.02967093427617,24.46997306571957,724.2014619309941,12.967431484415137,-0.181,51.49100000000001,Royal Borough of Kensington and Chelsea
1347,183.4473999858887,Private room,False,True,2.0,False,0,1,7.0,76.0,1,9.523273799541748,0.287538712097689,117.41767165760656,8.16183265255946,299.0811669371804,5.355297861724503,-0.165,51.426,London Borough of Wandsworth
1691,379.83019356052586,Entire home/apt,False,False,2.0,False,0,1,7.0,80.0,0,4.18501378287374,0.4344951605577924,352.03286570381954,24.470195137695693,724.2078143380202,12.96754522956369,-0.181,51.49100000000001,Royal Borough of Kensington and Chelsea
1350,211.9052658811355,Private room,False,True,2.0,False,0,1,9.0,80.0,1,9.50452630738396,0.3414020576004548,117.6252005302904,8.176258214789641,286.47676413269,5.129605511790013,-0.1639999999999999,51.426,London Borough of Wandsworth
984,763.6585996848468,Entire home/apt,False,False,3.0,False,0,1,10.0,100.0,1,1.4266090019472444,0.1423307593729682,590.5436538196807,41.04934468946264,1527.5445842645636,27.35196043794727,-0.136,51.52,London Borough of Camden
1166,211.9052658811355,Private room,False,True,2.0,False,0,1,8.0,80.0,1,9.504501894440123,0.3414126680723994,117.62549234372166,8.176278499065067,286.4694771985963,5.129475033154496,-0.1639999999999999,51.426,London Borough of Wandsworth
1128,345.49260330675696,Entire home/apt,False,False,2.0,False,0,1,10.0,90.0,0,3.935028691709733,0.3645633019430278,483.4292493844002,33.60370357482131,792.4019844804614,14.18861875046044,-0.071,51.511,London Borough of Tower Hamlets
1690,379.83019356052586,Entire home/apt,False,False,2.0,False,0,1,10.0,87.0,0,4.185024016230776,0.4344878866541066,352.03172392291725,24.47011577123817,724.205141441664,12.967497369124036,-0.181,51.49100000000001,Royal Borough of Kensington and Chelsea
2454,333.73315458971285,Entire home/apt,False,False,2.0,False,0,1,9.0,100.0,0,3.935022497510558,0.3645646194700297,483.4234439615026,33.603300033433555,792.4143908651432,14.188840897130657,-0.071,51.511,London Borough of Tower Hamlets
1162,211.9052658811355,Private room,False,True,2.0,False,0,1,8.0,76.0,1,9.5045092666229,0.3413813473888904,117.6254134834474,8.176273017399893,286.4760688581928,5.1295930623199695,-0.1639999999999999,51.426,London Borough of Wandsworth
1113,335.14428843575814,Entire home/apt,False,False,2.0,False,0,1,9.0,92.0,0,3.935003107791964,0.364541716047097,483.4343982774293,33.604061480089364,792.410309638567,14.188767819363235,-0.071,51.511,London Borough of Tower Hamlets
1113,335.14428843575814,Entire home/apt,False,False,2.0,False,0,1,9.0,92.0,0,3.935003107791964,0.364541716047097,483.4343982774293,33.604061480089364,792.410309638567,14.188767819363235,-0.071,51.511,London Borough of Tower Hamlets
4097,334.90909946141727,Entire home/apt,False,False,2.0,False,0,1,10.0,90.0,0,3.935027202296321,0.364566795907017,483.4244292089872,33.60336851907951,792.4100124122609,14.188762497278208,-0.071,51.511,London Borough of Tower Hamlets
1128,345.49260330675696,Entire home/apt,False,False,2.0,False,0,1,10.0,90.0,0,3.935028691709733,0.3645633019430278,483.4292493844002,33.60370357482131,792.4019844804614,14.18861875046044,-0.071,51.511,London Borough of Tower Hamlets
3259,631.4823961052706,Entire home/apt,False,False,5.0,False,1,0,10.0,100.0,2,8.845321487722593,0.3405555617653757,127.93473793346618,8.8928855999365,285.57741144490336,5.113501851452043,-0.2023599999999999,51.44402,London Borough of Wandsworth
1350,211.9052658811355,Private room,False,True,2.0,False,0,1,9.0,80.0,1,9.50452630738396,0.3414020576004548,117.6252005302904,8.176258214789641,286.47676413269,5.129605511790013,-0.1639999999999999,51.426,London Borough of Wandsworth
1346,183.4473999858887,Private room,False,True,2.0,False,0,1,8.0,80.0,1,9.523276958098256,0.2875342530726114,117.4176352548939,8.161830122166506,299.0821537907685,5.355315532161475,-0.165,51.426,London Borough of Wandsworth
4378,532.7030268820997,Entire home/apt,False,False,2.0,False,0,1,10.0,100.0,1,3.838324230880153,0.1668969014571163,272.9058413379417,18.969987868618475,513.9654389836609,9.20298006249127,-0.122,51.474,London Borough of Lambeth
1113,335.14428843575814,Entire home/apt,False,False,2.0,False,0,1,9.0,92.0,0,3.935003107791964,0.364541716047097,483.4343982774293,33.604061480089364,792.410309638567,14.188767819363235,-0.071,51.511,London Borough of Tower Hamlets
958,388.0618076624568,Private room,False,True,2.0,False,0,1,8.0,76.0,1,1.4266133952065438,0.1423099738218652,590.5451840312672,41.04945105616806,1527.5239717823736,27.35159135425361,-0.136,51.52,London Borough of Camden
1129,335.14428843575814,Entire home/apt,False,False,2.0,False,0,1,10.0,95.0,0,3.935016885207956,0.3645570019424634,483.42767938252274,33.60359444224861,792.4116400426728,14.188791641358902,-0.071,51.511,London Borough of Tower Hamlets
1690,379.83019356052586,Entire home/apt,False,False,2.0,False,0,1,10.0,87.0,0,4.185024016230776,0.4344878866541066,352.03172392291725,24.47011577123817,724.205141441664,12.967497369124036,-0.181,51.49100000000001,Royal Borough of Kensington and Chelsea
4435,345.2574143324161,Entire home/apt,False,False,2.0,False,0,1,10.0,95.0,0,3.93501558805636,0.3645525812676384,483.4315251093895,33.603861762990626,792.4067813349408,14.18870464214262,-0.071,51.511,London Borough of Tower Hamlets
1783,353.95940638302875,Entire home/apt,False,False,2.0,False,0,1,9.0,70.0,0,4.185012481931481,0.4344889899324827,352.033559676093,24.470243376478503,724.2089110809626,12.967564867661247,-0.181,51.49100000000001,Royal Borough of Kensington and Chelsea
957,388.0618076624568,Private room,False,True,2.0,False,0,1,8.0,80.0,1,1.426597575947724,0.1423186405754901,590.5487087069413,41.04969606028541,1527.5302837477186,27.351704375260123,-0.136,51.52,London Borough of Camden
1784,353.95940638302875,Entire home/apt,False,False,2.0,False,0,1,8.0,80.0,0,4.185009900870399,0.4345251757001291,352.03119059768704,24.4700786992096,724.205920831865,12.967511324755948,-0.181,51.49100000000001,Royal Borough of Kensington and Chelsea
2454,333.73315458971285,Entire home/apt,False,False,2.0,False,0,1,9.0,100.0,0,3.935022497510558,0.3645646194700297,483.4234439615026,33.603300033433555,792.4143908651432,14.188840897130657,-0.071,51.511,London Borough of Tower Hamlets
981,1001.6698417178204,Entire home/apt,False,False,4.0,False,0,1,9.0,90.0,2,1.4266038704263206,0.1423151120270535,590.5473171430174,41.04959933113288,1527.527689830579,27.35165792900925,-0.136,51.52,London Borough of Camden
1114,345.49260330675696,Entire home/apt,False,False,2.0,False,0,1,10.0,89.0,0,3.9350119094347935,0.3645471746323017,483.4347475377076,33.60408575755887,792.4043229089667,14.188660621974128,-0.071,51.511,London Borough of Tower Hamlets
4435,345.2574143324161,Entire home/apt,False,False,2.0,False,0,1,10.0,95.0,0,3.93501558805636,0.3645525812676384,483.4315251093895,33.603861762990626,792.4067813349408,14.18870464214262,-0.071,51.511,London Borough of Tower Hamlets
4097,334.90909946141727,Entire home/apt,False,False,2.0,False,0,1,10.0,90.0,0,3.935027202296321,0.364566795907017,483.4244292089872,33.60336851907951,792.4100124122609,14.188762497278208,-0.071,51.511,London Borough of Tower Hamlets
1787,353.95940638302875,Entire home/apt,False,False,2.0,False,0,1,10.0,60.0,0,4.184994887606691,0.4344783274445184,352.0373149648103,24.47050441076441,724.2159801656397,12.967691445521176,-0.181,51.49100000000001,Royal Borough of Kensington and Chelsea
4097,334.90909946141727,Entire home/apt,False,False,2.0,False,0,1,10.0,90.0,0,3.935027202296321,0.364566795907017,483.4244292089872,33.60336851907951,792.4100124122609,14.188762497278208,-0.071,51.511,London Borough of Tower Hamlets
1131,345.49260330675696,Entire home/apt,False,False,2.0,False,0,1,10.0,92.0,0,3.935009188976384,0.3645452063342208,483.4349425450207,33.604099312733595,792.4057271945105,14.188685766878592,-0.071,51.511,London Borough of Tower Hamlets
958,388.0618076624568,Private room,False,True,2.0,False,0,1,8.0,76.0,1,1.4266133952065438,0.1423099738218652,590.5451840312672,41.04945105616806,1527.5239717823736,27.35159135425361,-0.136,51.52,London Borough of Camden
2616,322.2088948470096,Private room,False,True,2.0,False,0,1,9.0,84.0,1,1.4266218265235129,0.1423075064283409,590.5430117832034,41.04930006079465,1527.5228189960694,27.351570712652894,-0.136,51.52,London Borough of Camden
4378,532.7030268820997,Entire home/apt,False,False,2.0,False,0,1,10.0,100.0,1,3.838324230880153,0.1668969014571163,272.9058413379417,18.969987868618475,513.9654389836609,9.20298006249127,-0.122,51.474,London Borough of Lambeth
1785,353.95940638302875,Entire home/apt,False,False,2.0,False,0,1,7.0,80.0,0,4.1850076511958205,0.4344716568304266,352.0357049923405,24.47039249979148,724.2123870323104,12.967627107470634,-0.181,51.49100000000001,Royal Borough of Kensington and Chelsea
2449,334.67391048707634,Entire home/apt,False,False,2.0,False,0,1,10.0,93.0,0,3.93503196214065,0.3645711329449925,483.42312529945735,33.60327788288117,792.4089731855695,14.188743889057116,-0.071,51.511,London Borough of Tower Hamlets
1128,345.49260330675696,Entire home/apt,False,False,2.0,False,0,1,10.0,90.0,0,3.935028691709733,0.3645633019430278,483.4292493844002,33.60370357482131,792.4019844804614,14.18861875046044,-0.071,51.511,London Borough of Tower Hamlets
1131,345.49260330675696,Entire home/apt,False,False,2.0,False,0,1,10.0,92.0,0,3.935009188976384,0.3645452063342208,483.4349425450207,33.604099312733595,792.4057271945105,14.188685766878592,-0.071,51.511,London Borough of Tower Hamlets
3421,232.13151767445143,Private room,False,True,2.0,False,0,1,8.0,82.0,1,9.50450655110868,0.3414047381155742,117.62543862670536,8.176274765135654,286.47178917992704,5.129516431109452,-0.1639999999999999,51.426,London Borough of Wandsworth
3903,334.43872151273547,Entire home/apt,False,False,2.0,False,0,1,10.0,95.0,0,3.935023151065557,0.3645583961197164,483.43061339090224,33.60379838842687,792.4034211174973,14.188644474645368,-0.071,51.511,London Borough of Tower Hamlets
1114,345.49260330675696,Entire home/apt,False,False,2.0,False,0,1,10.0,89.0,0,3.9350119094347935,0.3645471746323017,483.4347475377076,33.60408575755887,792.4043229089667,14.188660621974128,-0.071,51.511,London Borough of Tower Hamlets
1690,379.83019356052586,Entire home/apt,False,False,2.0,False,0,1,10.0,87.0,0,4.185024016230776,0.4344878866541066,352.03172392291725,24.47011577123817,724.205141441664,12.967497369124036,-0.181,51.49100000000001,Royal Borough of Kensington and Chelsea
3903,334.43872151273547,Entire home/apt,False,False,2.0,False,0,1,10.0,95.0,0,3.935023151065557,0.3645583961197164,483.43061339090224,33.60379838842687,792.4034211174973,14.188644474645368,-0.071,51.511,London Borough of Tower Hamlets
1784,353.95940638302875,Entire home/apt,False,False,2.0,False,0,1,8.0,80.0,0,4.185009900870399,0.4345251757001291,352.03119059768704,24.4700786992096,724.205920831865,12.967511324755948,-0.181,51.49100000000001,Royal Borough of Kensington and Chelsea
1787,353.95940638302875,Entire home/apt,False,False,2.0,False,0,1,10.0,60.0,0,4.184994887606691,0.4344783274445184,352.0373149648103,24.47050441076441,724.2159801656397,12.967691445521176,-0.181,51.49100000000001,Royal Borough of Kensington and Chelsea
4418,362.19102048495967,Entire home/apt,False,False,3.0,False,1,0,10.0,98.0,0,3.1246833003840835,0.247498258296828,649.7090351940601,45.16199600323326,1004.9990497597068,17.9953466055045,-0.08272,51.50562,London Borough of Southwark
4435,345.2574143324161,Entire home/apt,False,False,2.0,False,0,1,10.0,95.0,0,3.93501558805636,0.3645525812676384,483.4315251093895,33.603861762990626,792.4067813349408,14.18870464214262,-0.071,51.511,London Borough of Tower Hamlets
1128,345.49260330675696,Entire home/apt,False,False,2.0,False,0,1,10.0,90.0,0,3.935028691709733,0.3645633019430278,483.4292493844002,33.60370357482131,792.4019844804614,14.18861875046044,-0.071,51.511,London Borough of Tower Hamlets
1129,335.14428843575814,Entire home/apt,False,False,2.0,False,0,1,10.0,95.0,0,3.935016885207956,0.3645570019424634,483.42767938252274,33.60359444224861,792.4116400426728,14.188791641358902,-0.071,51.511,London Borough of Tower Hamlets
4378,532.7030268820997,Entire home/apt,False,False,2.0,False,0,1,10.0,100.0,1,3.838324230880153,0.1668969014571163,272.9058413379417,18.969987868618475,513.9654389836609,9.20298006249127,-0.122,51.474,London Borough of Lambeth
1691,379.83019356052586,Entire home/apt,False,False,2.0,False,0,1,7.0,80.0,0,4.18501378287374,0.4344951605577924,352.03286570381954,24.470195137695693,724.2078143380202,12.96754522956369,-0.181,51.49100000000001,Royal Borough of Kensington and Chelsea
1790,353.95940638302875,Entire home/apt,False,False,2.0,False,0,1,10.0,90.0,0,4.1850080894232,0.4344939125611116,352.0339105142033,24.47026776362487,724.2098672003963,12.96758198777754,-0.181,51.49100000000001,Royal Borough of Kensington and Chelsea
2687,497.42468073096734,Entire home/apt,False,False,4.0,False,0,1,9.0,91.0,1,1.5071509464728887,0.3780916530434518,590.3287210821488,41.03440447637098,1220.9985947101463,21.862998698254025,-0.1185099999999999,51.52065,London Borough of Camden
4097,334.90909946141727,Entire home/apt,False,False,2.0,False,0,1,10.0,90.0,0,3.935027202296321,0.364566795907017,483.4244292089872,33.60336851907951,792.4100124122609,14.188762497278208,-0.071,51.511,London Borough of Tower Hamlets
1347,183.4473999858887,Private room,False,True,2.0,False,0,1,7.0,76.0,1,9.523273799541748,0.287538712097689,117.41767165760656,8.16183265255946,299.0811669371804,5.355297861724503,-0.165,51.426,London Borough of Wandsworth
957,388.0618076624568,Private room,False,True,2.0,False,0,1,8.0,80.0,1,1.426597575947724,0.1423186405754901,590.5487087069413,41.04969606028541,1527.5302837477186,27.351704375260123,-0.136,51.52,London Borough of Camden
2449,334.67391048707634,Entire home/apt,False,False,2.0,False,0,1,10.0,93.0,0,3.93503196214065,0.3645711329449925,483.42312529945735,33.60327788288117,792.4089731855695,14.188743889057116,-0.071,51.511,London Borough of Tower Hamlets
3216,515.5342317552153,Entire home/apt,False,False,5.0,False,0,1,10.0,20.0,2,5.939766688570558,0.3776574808489742,206.78789053285672,14.374055738616104,489.56034362171584,8.765986465249961,-0.2,51.48,London Borough of Hammersmith and Fulham
1124,319.62181612925986,Entire home/apt,False,False,2.0,False,0,1,10.0,93.0,0,3.9350203952685936,0.3645594358265034,483.42754153605495,33.60358486038766,792.4096601649953,14.18875618999698,-0.071,51.511,London Borough of Tower Hamlets
1792,353.95940638302875,Entire home/apt,False,False,2.0,False,0,1,8.0,77.0,0,4.184982355615324,0.4344912097016554,352.0384058762985,24.470580241232508,724.2188380462364,12.967742618258011,-0.181,51.49100000000001,Royal Borough of Kensington and Chelsea
4435,345.2574143324161,Entire home/apt,False,False,2.0,False,0,1,10.0,95.0,0,3.93501558805636,0.3645525812676384,483.4315251093895,33.603861762990626,792.4067813349408,14.18870464214262,-0.071,51.511,London Borough of Tower Hamlets
1788,353.95940638302875,Entire home/apt,False,False,2.0,False,0,1,9.0,80.0,0,4.185031916992533,0.4344974168096186,352.02967093427617,24.46997306571957,724.2014619309941,12.967431484415137,-0.181,51.49100000000001,Royal Borough of Kensington and Chelsea
1131,345.49260330675696,Entire home/apt,False,False,2.0,False,0,1,10.0,92.0,0,3.935009188976384,0.3645452063342208,483.4349425450207,33.604099312733595,792.4057271945105,14.188685766878592,-0.071,51.511,London Borough of Tower Hamlets
1793,353.95940638302875,Entire home/apt,False,False,2.0,False,0,1,9.0,91.0,0,4.185008774147673,0.4344725643734805,352.0354477526372,24.470374618774247,724.2119118495222,12.967618598926292,-0.181,51.49100000000001,Royal Borough of Kensington and Chelsea
1787,353.95940638302875,Entire home/apt,False,False,2.0,False,0,1,10.0,60.0,0,4.184994887606691,0.4344783274445184,352.0373149648103,24.47050441076441,724.2159801656397,12.967691445521176,-0.181,51.49100000000001,Royal Borough of Kensington and Chelsea
1790,353.95940638302875,Entire home/apt,False,False,2.0,False,0,1,10.0,90.0,0,4.1850080894232,0.4344939125611116,352.0339105142033,24.47026776362487,724.2098672003963,12.96758198777754,-0.181,51.49100000000001,Royal Borough of Kensington and Chelsea
3903,334.43872151273547,Entire home/apt,False,False,2.0,False,0,1,10.0,95.0,0,3.935023151065557,0.3645583961197164,483.43061339090224,33.60379838842687,792.4034211174973,14.188644474645368,-0.071,51.511,London Borough of Tower Hamlets
958,388.0618076624568,Private room,False,True,2.0,False,0,1,8.0,76.0,1,1.4266133952065438,0.1423099738218652,590.5451840312672,41.04945105616806,1527.5239717823736,27.35159135425361,-0.136,51.52,London Borough of Camden
960,388.0618076624568,Private room,False,True,2.0,False,0,1,9.0,82.0,1,1.4266149926433769,0.14231034412013,590.5446580850522,41.04941449706303,1527.5246131420804,27.351602838334344,-0.136,51.52,London Borough of Camden
1167,211.9052658811355,Private room,False,True,2.0,False,0,1,8.0,82.0,1,9.504490407326903,0.3413819230524423,117.62564142403738,8.176288861803243,286.4716302369913,5.129513585103558,-0.1639999999999999,51.426,London Borough of Wandsworth
1784,353.95940638302875,Entire home/apt,False,False,2.0,False,0,1,8.0,80.0,0,4.185009900870399,0.4345251757001291,352.03119059768704,24.4700786992096,724.205920831865,12.967511324755948,-0.181,51.49100000000001,Royal Borough of Kensington and Chelsea
1131,345.49260330675696,Entire home/apt,False,False,2.0,False,0,1,10.0,92.0,0,3.935009188976384,0.3645452063342208,483.4349425450207,33.604099312733595,792.4057271945105,14.188685766878592,-0.071,51.511,London Borough of Tower Hamlets
1128,345.49260330675696,Entire home/apt,False,False,2.0,False,0,1,10.0,90.0,0,3.935028691709733,0.3645633019430278,483.4292493844002,33.60370357482131,792.4019844804614,14.18861875046044,-0.071,51.511,London Borough of Tower Hamlets
1131,345.49260330675696,Entire home/apt,False,False,2.0,False,0,1,10.0,92.0,0,3.935009188976384,0.3645452063342208,483.4349425450207,33.604099312733595,792.4057271945105,14.188685766878592,-0.071,51.511,London Borough of Tower Hamlets
1131,345.49260330675696,Entire home/apt,False,False,2.0,False,0,1,10.0,92.0,0,3.935009188976384,0.3645452063342208,483.4349425450207,33.604099312733595,792.4057271945105,14.188685766878592,-0.071,51.511,London Borough of Tower Hamlets
3213,515.5342317552153,Entire home/apt,False,False,6.0,False,0,1,10.0,80.0,2,5.939746591201643,0.3776358931672204,206.78875370905067,14.374115738951192,489.5647289025837,8.76606498736319,-0.2,51.48,London Borough of Hammersmith and Fulham
1793,353.95940638302875,Entire home/apt,False,False,2.0,False,0,1,9.0,91.0,0,4.185008774147673,0.4344725643734805,352.0354477526372,24.470374618774247,724.2119118495222,12.967618598926292,-0.181,51.49100000000001,Royal Borough of Kensington and Chelsea
981,1001.6698417178204,Entire home/apt,False,False,4.0,False,0,1,9.0,90.0,2,1.4266038704263206,0.1423151120270535,590.5473171430174,41.04959933113288,1527.527689830579,27.35165792900925,-0.136,51.52,London Borough of Camden
2616,322.2088948470096,Private room,False,True,2.0,False,0,1,9.0,84.0,1,1.4266218265235129,0.1423075064283409,590.5430117832034,41.04930006079465,1527.5228189960694,27.351570712652894,-0.136,51.52,London Borough of Camden
4427,584.444601237094,Entire home/apt,False,False,6.0,False,0,1,7.0,80.0,2,3.83830417746245,0.1669145367146329,272.9070999529292,18.97007535634291,513.9674078338226,9.203015316396318,-0.122,51.474,London Borough of Lambeth
2454,333.73315458971285,Entire home/apt,False,False,2.0,False,0,1,9.0,100.0,0,3.935022497510558,0.3645646194700297,483.4234439615026,33.603300033433555,792.4143908651432,14.188840897130657,-0.071,51.511,London Borough of Tower Hamlets
1129,335.14428843575814,Entire home/apt,False,False,2.0,False,0,1,10.0,95.0,0,3.935016885207956,0.3645570019424634,483.42767938252274,33.60359444224861,792.4116400426728,14.188791641358902,-0.071,51.511,London Borough of Tower Hamlets
1788,353.95940638302875,Entire home/apt,False,False,2.0,False,0,1,9.0,80.0,0,4.185031916992533,0.4344974168096186,352.02967093427617,24.46997306571957,724.2014619309941,12.967431484415137,-0.181,51.49100000000001,Royal Borough of Kensington and Chelsea
1114,345.49260330675696,Entire home/apt,False,False,2.0,False,0,1,10.0,89.0,0,3.9350119094347935,0.3645471746323017,483.4347475377076,33.60408575755887,792.4043229089667,14.188660621974128,-0.071,51.511,London Borough of Tower Hamlets
1790,353.95940638302875,Entire home/apt,False,False,2.0,False,0,1,10.0,90.0,0,4.1850080894232,0.4344939125611116,352.0339105142033,24.47026776362487,724.2098672003963,12.96758198777754,-0.181,51.49100000000001,Royal Borough of Kensington and Chelsea
4435,345.2574143324161,Entire home/apt,False,False,2.0,False,0,1,10.0,95.0,0,3.93501558805636,0.3645525812676384,483.4315251093895,33.603861762990626,792.4067813349408,14.18870464214262,-0.071,51.511,London Borough of Tower Hamlets
1082,569.6276958536184,Entire home/apt,False,False,2.0,False,1,0,10.0,100.0,1,3.064563534514252,0.4558972447691968,674.5123217411779,46.88609997474937,1025.7677459624506,18.36722744141391,-0.08346,51.51004,City of London
1168,211.9052658811355,Private room,False,True,2.0,False,0,1,9.0,84.0,1,9.504513562789166,0.3414039462546295,117.62535407147,8.176268887607415,286.47352957660104,5.129547594364171,-0.1639999999999999,51.426,London Borough of Wandsworth
1164,211.9052658811355,Private room,False,True,2.0,False,0,1,9.0,86.0,1,9.504499382662347,0.3413956465950518,117.625528333863,8.176281000779728,286.47155645293776,5.12951226393851,-0.1639999999999999,51.426,London Borough of Wandsworth
1128,345.49260330675696,Entire home/apt,False,False,2.0,False,0,1,10.0,90.0,0,3.935028691709733,0.3645633019430278,483.4292493844002,33.60370357482131,792.4019844804614,14.18861875046044,-0.071,51.511,London Borough of Tower Hamlets
1168,211.9052658811355,Private room,False,True,2.0,False,0,1,9.0,84.0,1,9.504513562789166,0.3414039462546295,117.62535407147,8.176268887607415,286.47352957660104,5.129547594364171,-0.1639999999999999,51.426,London Borough of Wandsworth
1787,353.95940638302875,Entire home/apt,False,False,2.0,False,0,1,10.0,60.0,0,4.184994887606691,0.4344783274445184,352.0373149648103,24.47050441076441,724.2159801656397,12.967691445521176,-0.181,51.49100000000001,Royal Borough of Kensington and Chelsea
634,321.03294997530514,Entire home/apt,False,False,4.0,False,0,1,9.0,98.0,1,11.000558628445786,5.768346826173866,110.72584264188508,7.696676191910785,225.5606973370652,4.038852504517585,-0.0011,51.4488,London Borough of Lewisham
2454,333.73315458971285,Entire home/apt,False,False,2.0,False,0,1,9.0,100.0,0,3.935022497510558,0.3645646194700297,483.4234439615026,33.603300033433555,792.4143908651432,14.188840897130657,-0.071,51.511,London Borough of Tower Hamlets
2290,166.74898280768596,Private room,False,True,4.0,False,0,1,8.0,82.0,1,5.235777780193976,0.2542546915121395,243.37613817329176,16.917345433223915,532.7959035371725,9.540155243367442,-0.059,51.528,London Borough of Tower Hamlets
4378,532.7030268820997,Entire home/apt,False,False,2.0,False,0,1,10.0,100.0,1,3.838324230880153,0.1668969014571163,272.9058413379417,18.969987868618475,513.9654389836609,9.20298006249127,-0.122,51.474,London Borough of Lambeth
4569,232.83708459747407,Private room,False,True,2.0,False,1,0,10.0,100.0,1,7.959814717612114,1.0913004841428595,154.15037370076237,10.715163532998057,321.50110184628136,5.756745504544251,-0.0224,51.53692,London Borough of Tower Hamlets
1691,379.83019356052586,Entire home/apt,False,False,2.0,False,0,1,7.0,80.0,0,4.18501378287374,0.4344951605577924,352.03286570381954,24.470195137695693,724.2078143380202,12.96754522956369,-0.181,51.49100000000001,Royal Borough of Kensington and Chelsea
1168,211.9052658811355,Private room,False,True,2.0,False,0,1,9.0,84.0,1,9.504513562789166,0.3414039462546295,117.62535407147,8.176268887607415,286.47352957660104,5.129547594364171,-0.1639999999999999,51.426,London Borough of Wandsworth
1785,353.95940638302875,Entire home/apt,False,False,2.0,False,0,1,7.0,80.0,0,4.1850076511958205,0.4344716568304266,352.0357049923405,24.47039249979148,724.2123870323104,12.967627107470634,-0.181,51.49100000000001,Royal Borough of Kensington and Chelsea
1069,240.5983207507232,Entire home/apt,False,False,2.0,True,0,1,9.0,95.0,0,3.84018884542593,0.4925590303643716,322.8907916127281,22.44449722934709,920.8812155486625,16.489146591988035,-0.08,51.526,London Borough of Hackney
1128,345.49260330675696,Entire home/apt,False,False,2.0,False,0,1,10.0,90.0,0,3.935028691709733,0.3645633019430278,483.4292493844002,33.60370357482131,792.4019844804614,14.18861875046044,-0.071,51.511,London Borough of Tower Hamlets
1114,345.49260330675696,Entire home/apt,False,False,2.0,False,0,1,10.0,89.0,0,3.9350119094347935,0.3645471746323017,483.4347475377076,33.60408575755887,792.4043229089667,14.188660621974128,-0.071,51.511,London Borough of Tower Hamlets
2449,334.67391048707634,Entire home/apt,False,False,2.0,False,0,1,10.0,93.0,0,3.93503196214065,0.3645711329449925,483.42312529945735,33.60327788288117,792.4089731855695,14.188743889057116,-0.071,51.511,London Borough of Tower Hamlets
1114,345.49260330675696,Entire home/apt,False,False,2.0,False,0,1,10.0,89.0,0,3.9350119094347935,0.3645471746323017,483.4347475377076,33.60408575755887,792.4043229089667,14.188660621974128,-0.071,51.511,London Borough of Tower Hamlets
2449,334.67391048707634,Entire home/apt,False,False,2.0,False,0,1,10.0,93.0,0,3.93503196214065,0.3645711329449925,483.42312529945735,33.60327788288117,792.4089731855695,14.188743889057116,-0.071,51.511,London Borough of Tower Hamlets
1170,183.4473999858887,Private room,False,True,2.0,False,0,1,9.0,86.0,1,9.523273332881343,0.2875488603963807,117.41767352931328,8.161832782663872,299.0822364996391,5.3553170131328205,-0.165,51.426,London Borough of Wandsworth
1124,319.62181612925986,Entire home/apt,False,False,2.0,False,0,1,10.0,93.0,0,3.9350203952685936,0.3645594358265034,483.42754153605495,33.60358486038766,792.4096601649953,14.18875618999698,-0.071,51.511,London Borough of Tower Hamlets
2449,334.67391048707634,Entire home/apt,False,False,2.0,False,0,1,10.0,93.0,0,3.93503196214065,0.3645711329449925,483.42312529945735,33.60327788288117,792.4089731855695,14.188743889057116,-0.071,51.511,London Borough of Tower Hamlets
1166,211.9052658811355,Private room,False,True,2.0,False,0,1,8.0,80.0,1,9.504501894440123,0.3414126680723994,117.62549234372166,8.176278499065067,286.4694771985963,5.129475033154496,-0.1639999999999999,51.426,London Borough of Wandsworth
3135,560.455325854324,Entire home/apt,False,False,4.0,False,0,1,10.0,100.0,0,4.717403061112809,0.4523585029299573,292.6640902074011,20.343405672800447,661.9784379083419,11.853276317404791,-0.192,51.495,Royal Borough of Kensington and Chelsea
1100,634.0694748230203,Entire home/apt,False,False,2.0,False,0,0,10.0,80.0,1,0.3397152962098373,0.1873322118193432,1004.01889369246,69.7904674368058,1918.3297100479856,34.3492942050088,-0.1228099999999999,51.509170000000005,City of Westminster
1128,345.49260330675696,Entire home/apt,False,False,2.0,False,0,1,10.0,90.0,0,3.935028691709733,0.3645633019430278,483.4292493844002,33.60370357482131,792.4019844804614,14.18861875046044,-0.071,51.511,London Borough of Tower Hamlets
1788,353.95940638302875,Entire home/apt,False,False,2.0,False,0,1,9.0,80.0,0,4.185031916992533,0.4344974168096186,352.02967093427617,24.46997306571957,724.2014619309941,12.967431484415137,-0.181,51.49100000000001,Royal Borough of Kensington and Chelsea
3109,180.3899433194572,Private room,False,True,2.0,False,1,0,10.0,99.0,1,2.8302667308901683,0.1365899733532998,371.5996448270623,25.83030366734865,633.0651711654008,11.335560149751664,-0.1042,51.48746,London Borough of Southwark
1346,183.4473999858887,Private room,False,True,2.0,False,0,1,8.0,80.0,1,9.523276958098256,0.2875342530726114,117.4176352548939,8.161830122166506,299.0821537907685,5.355315532161475,-0.165,51.426,London Borough of Wandsworth
4097,334.90909946141727,Entire home/apt,False,False,2.0,False,0,1,10.0,90.0,0,3.935027202296321,0.364566795907017,483.4244292089872,33.60336851907951,792.4100124122609,14.188762497278208,-0.071,51.511,London Borough of Tower Hamlets
1166,211.9052658811355,Private room,False,True,2.0,False,0,1,8.0,80.0,1,9.504501894440123,0.3414126680723994,117.62549234372166,8.176278499065067,286.4694771985963,5.129475033154496,-0.1639999999999999,51.426,London Borough of Wandsworth
1346,183.4473999858887,Private room,False,True,2.0,False,0,1,8.0,80.0,1,9.523276958098256,0.2875342530726114,117.4176352548939,8.161830122166506,299.0821537907685,5.355315532161475,-0.165,51.426,London Borough of Wandsworth
3903,334.43872151273547,Entire home/apt,False,False,2.0,False,0,1,10.0,95.0,0,3.935023151065557,0.3645583961197164,483.43061339090224,33.60379838842687,792.4034211174973,14.188644474645368,-0.071,51.511,London Borough of Tower Hamlets
1609,190.9734471647969,Private room,False,True,2.0,False,0,0,10.0,98.0,1,4.983605880318,0.1685503576304995,227.03102123756173,15.781178217228012,491.3326187227931,8.797720529806357,-0.11406,51.55232,London Borough of Islington
1792,353.95940638302875,Entire home/apt,False,False,2.0,False,0,1,8.0,77.0,0,4.184982355615324,0.4344912097016554,352.0384058762985,24.470580241232508,724.2188380462364,12.967742618258011,-0.181,51.49100000000001,Royal Borough of Kensington and Chelsea
1797,85.37359768574049,Private room,False,True,2.0,False,0,1,8.0,85.0,1,5.454040192335665,1.1330624998741765,250.690246664766,17.425757230761118,492.6576087886337,8.82144558257069,-0.04917,51.51191,London Borough of Tower Hamlets
3098,186.97523460100192,Private room,False,True,2.0,False,0,1,9.0,86.0,1,2.180419318958253,0.5531922567402214,450.3623236149906,31.30518487099685,973.9014337376688,17.43851784128302,-0.118,51.527,London Borough of Camden
1166,211.9052658811355,Private room,False,True,2.0,False,0,1,8.0,80.0,1,9.504501894440123,0.3414126680723994,117.62549234372166,8.176278499065067,286.4694771985963,5.129475033154496,-0.1639999999999999,51.426,London Borough of Wandsworth
1787,353.95940638302875,Entire home/apt,False,False,2.0,False,0,1,10.0,60.0,0,4.184994887606691,0.4344783274445184,352.0373149648103,24.47050441076441,724.2159801656397,12.967691445521176,-0.181,51.49100000000001,Royal Borough of Kensington and Chelsea
3903,334.43872151273547,Entire home/apt,False,False,2.0,False,0,1,10.0,95.0,0,3.935023151065557,0.3645583961197164,483.43061339090224,33.60379838842687,792.4034211174973,14.188644474645368,-0.071,51.511,London Borough of Tower Hamlets
1124,319.62181612925986,Entire home/apt,False,False,2.0,False,0,1,10.0,93.0,0,3.9350203952685936,0.3645594358265034,483.42754153605495,33.60358486038766,792.4096601649953,14.18875618999698,-0.071,51.511,London Borough of Tower Hamlets
1166,211.9052658811355,Private room,False,True,2.0,False,0,1,8.0,80.0,1,9.504501894440123,0.3414126680723994,117.62549234372166,8.176278499065067,286.4694771985963,5.129475033154496,-0.1639999999999999,51.426,London Borough of Wandsworth
3903,334.43872151273547,Entire home/apt,False,False,2.0,False,0,1,10.0,95.0,0,3.935023151065557,0.3645583961197164,483.43061339090224,33.60379838842687,792.4034211174973,14.188644474645368,-0.071,51.511,London Borough of Tower Hamlets
984,763.6585996848468,Entire home/apt,False,False,3.0,False,0,1,10.0,100.0,1,1.4266090019472444,0.1423307593729682,590.5436538196807,41.04934468946264,1527.5445842645636,27.35196043794727,-0.136,51.52,London Borough of Camden
1792,353.95940638302875,Entire home/apt,False,False,2.0,False,0,1,8.0,77.0,0,4.184982355615324,0.4344912097016554,352.0384058762985,24.470580241232508,724.2188380462364,12.967742618258011,-0.181,51.49100000000001,Royal Borough of Kensington and Chelsea
1114,345.49260330675696,Entire home/apt,False,False,2.0,False,0,1,10.0,89.0,0,3.9350119094347935,0.3645471746323017,483.4347475377076,33.60408575755887,792.4043229089667,14.188660621974128,-0.071,51.511,London Borough of Tower Hamlets
4435,345.2574143324161,Entire home/apt,False,False,2.0,False,0,1,10.0,95.0,0,3.93501558805636,0.3645525812676384,483.4315251093895,33.603861762990626,792.4067813349408,14.18870464214262,-0.071,51.511,London Borough of Tower Hamlets
1785,353.95940638302875,Entire home/apt,False,False,2.0,False,0,1,7.0,80.0,0,4.1850076511958205,0.4344716568304266,352.0357049923405,24.47039249979148,724.2123870323104,12.967627107470634,-0.181,51.49100000000001,Royal Borough of Kensington and Chelsea
961,388.0618076624568,Private room,False,True,2.0,False,0,1,7.0,70.0,1,1.4266143257997663,0.1423307430766109,590.5420717502211,41.04923471805892,1527.5454471748717,27.351975889076392,-0.136,51.52,London Borough of Camden
1783,353.95940638302875,Entire home/apt,False,False,2.0,False,0,1,9.0,70.0,0,4.185012481931481,0.4344889899324827,352.033559676093,24.470243376478503,724.2089110809626,12.967564867661247,-0.181,51.49100000000001,Royal Borough of Kensington and Chelsea
1981,110.0684399915332,Private room,False,True,2.0,False,0,1,8.0,81.0,1,7.326300186452732,0.7228177456434881,181.7598898859844,12.63433164066608,376.1988632077084,6.736154564164155,-0.02336,51.49783,London Borough of Tower Hamlets
1787,353.95940638302875,Entire home/apt,False,False,2.0,False,0,1,10.0,60.0,0,4.184994887606691,0.4344783274445184,352.0373149648103,24.47050441076441,724.2159801656397,12.967691445521176,-0.181,51.49100000000001,Royal Borough of Kensington and Chelsea
4097,334.90909946141727,Entire home/apt,False,False,2.0,False,0,1,10.0,90.0,0,3.935027202296321,0.364566795907017,483.4244292089872,33.60336851907951,792.4100124122609,14.188762497278208,-0.071,51.511,London Borough of Tower Hamlets
2051,125.35572332369058,Private room,False,True,2.0,False,0,0,10.0,96.0,1,5.893083723696313,1.0112233733881544,227.8193417019889,15.8359752474911,452.7474665220532,8.106821182344806,-0.04271,51.5062,London Borough of Southwark
1124,319.62181612925986,Entire home/apt,False,False,2.0,False,0,1,10.0,93.0,0,3.9350203952685936,0.3645594358265034,483.42754153605495,33.60358486038766,792.4096601649953,14.18875618999698,-0.071,51.511,London Borough of Tower Hamlets
4377,532.7030268820997,Entire home/apt,False,False,4.0,False,0,1,2.0,20.0,1,3.838313139772806,0.1669076216763115,272.9065464194961,18.97003687961973,513.9664080795119,9.202997414961144,-0.122,51.474,London Borough of Lambeth
1114,345.49260330675696,Entire home/apt,False,False,2.0,False,0,1,10.0,89.0,0,3.9350119094347935,0.3645471746323017,483.4347475377076,33.60408575755887,792.4043229089667,14.188660621974128,-0.071,51.511,London Borough of Tower Hamlets
1128,345.49260330675696,Entire home/apt,False,False,2.0,False,0,1,10.0,90.0,0,3.935028691709733,0.3645633019430278,483.4292493844002,33.60370357482131,792.4019844804614,14.18861875046044,-0.071,51.511,London Borough of Tower Hamlets
59,900.3033937768997,Entire home/apt,False,False,6.0,False,0,1,9.0,85.0,2,3.468361587792604,0.1129303565201551,353.32329393000646,24.559894235655914,861.3266489629672,15.422772382075673,-0.17643,51.51464,City of Westminster
1128,345.49260330675696,Entire home/apt,False,False,2.0,False,0,1,10.0,90.0,0,3.935028691709733,0.3645633019430278,483.4292493844002,33.60370357482131,792.4019844804614,14.18861875046044,-0.071,51.511,London Borough of Tower Hamlets
977,716.8559937910111,Entire home/apt,False,False,2.0,False,0,1,9.0,100.0,1,1.4265966104828671,0.1423359225908261,590.5466365978081,41.04955202568019,1527.5478420426512,27.35201877118238,-0.136,51.52,London Borough of Camden
1114,345.49260330675696,Entire home/apt,False,False,2.0,False,0,1,10.0,89.0,0,3.9350119094347935,0.3645471746323017,483.4347475377076,33.60408575755887,792.4043229089667,14.188660621974128,-0.071,51.511,London Borough of Tower Hamlets
3903,334.43872151273547,Entire home/apt,False,False,2.0,False,0,1,10.0,95.0,0,3.935023151065557,0.3645583961197164,483.43061339090224,33.60379838842687,792.4034211174973,14.188644474645368,-0.071,51.511,London Borough of Tower Hamlets
1129,335.14428843575814,Entire home/apt,False,False,2.0,False,0,1,10.0,95.0,0,3.935016885207956,0.3645570019424634,483.42767938252274,33.60359444224861,792.4116400426728,14.188791641358902,-0.071,51.511,London Borough of Tower Hamlets
1792,353.95940638302875,Entire home/apt,False,False,2.0,False,0,1,8.0,77.0,0,4.184982355615324,0.4344912097016554,352.0384058762985,24.470580241232508,724.2188380462364,12.967742618258011,-0.181,51.49100000000001,Royal Borough of Kensington and Chelsea
1114,345.49260330675696,Entire home/apt,False,False,2.0,False,0,1,10.0,89.0,0,3.9350119094347935,0.3645471746323017,483.4347475377076,33.60408575755887,792.4043229089667,14.188660621974128,-0.071,51.511,London Borough of Tower Hamlets
1124,319.62181612925986,Entire home/apt,False,False,2.0,False,0,1,10.0,93.0,0,3.9350203952685936,0.3645594358265034,483.42754153605495,33.60358486038766,792.4096601649953,14.18875618999698,-0.071,51.511,London Borough of Tower Hamlets
1124,319.62181612925986,Entire home/apt,False,False,2.0,False,0,1,10.0,93.0,0,3.9350203952685936,0.3645594358265034,483.42754153605495,33.60358486038766,792.4096601649953,14.18875618999698,-0.071,51.511,London Borough of Tower Hamlets
3422,211.43488793245373,Private room,False,True,2.0,False,0,1,9.0,87.0,1,9.523264014836398,0.2875422931123659,117.41778820880803,8.161840754162808,299.07679778562715,5.355219628420112,-0.165,51.426,London Borough of Wandsworth
1113,335.14428843575814,Entire home/apt,False,False,2.0,False,0,1,9.0,92.0,0,3.935003107791964,0.364541716047097,483.4343982774293,33.604061480089364,792.410309638567,14.188767819363235,-0.071,51.511,London Borough of Tower Hamlets
4435,345.2574143324161,Entire home/apt,False,False,2.0,False,0,1,10.0,95.0,0,3.93501558805636,0.3645525812676384,483.4315251093895,33.603861762990626,792.4067813349408,14.18870464214262,-0.071,51.511,London Borough of Tower Hamlets
1192,190.0326912674334,Private room,False,True,6.0,False,0,1,7.0,78.0,1,5.172798238646633,0.3203895441467371,245.9285388093324,17.09476563377428,540.6394707111509,9.680600858667322,-0.06,51.528,London Borough of Tower Hamlets
1124,319.62181612925986,Entire home/apt,False,False,2.0,False,0,1,10.0,93.0,0,3.9350203952685936,0.3645594358265034,483.42754153605495,33.60358486038766,792.4096601649953,14.18875618999698,-0.071,51.511,London Borough of Tower Hamlets
2398,200.38100613843224,Private room,False,True,2.0,False,0,0,10.0,97.0,1,4.697796567023938,0.1026822489880435,251.7771189796735,17.501306931447083,543.8369862482092,9.737855042519143,-0.18497,51.53063,City of Westminster
2449,334.67391048707634,Entire home/apt,False,False,2.0,False,0,1,10.0,93.0,0,3.93503196214065,0.3645711329449925,483.42312529945735,33.60327788288117,792.4089731855695,14.188743889057116,-0.071,51.511,London Borough of Tower Hamlets
1114,345.49260330675696,Entire home/apt,False,False,2.0,False,0,1,10.0,89.0,0,3.9350119094347935,0.3645471746323017,483.4347475377076,33.60408575755887,792.4043229089667,14.188660621974128,-0.071,51.511,London Borough of Tower Hamlets
1784,353.95940638302875,Entire home/apt,False,False,2.0,False,0,1,8.0,80.0,0,4.185009900870399,0.4345251757001291,352.03119059768704,24.4700786992096,724.205920831865,12.967511324755948,-0.181,51.49100000000001,Royal Borough of Kensington and Chelsea
1790,353.95940638302875,Entire home/apt,False,False,2.0,False,0,1,10.0,90.0,0,4.1850080894232,0.4344939125611116,352.0339105142033,24.47026776362487,724.2098672003963,12.96758198777754,-0.181,51.49100000000001,Royal Borough of Kensington and Chelsea
4435,345.2574143324161,Entire home/apt,False,False,2.0,False,0,1,10.0,95.0,0,3.93501558805636,0.3645525812676384,483.4315251093895,33.603861762990626,792.4067813349408,14.18870464214262,-0.071,51.511,London Borough of Tower Hamlets
4097,334.90909946141727,Entire home/apt,False,False,2.0,False,0,1,10.0,90.0,0,3.935027202296321,0.364566795907017,483.4244292089872,33.60336851907951,792.4100124122609,14.188762497278208,-0.071,51.511,London Borough of Tower Hamlets
1113,335.14428843575814,Entire home/apt,False,False,2.0,False,0,1,9.0,92.0,0,3.935003107791964,0.364541716047097,483.4343982774293,33.604061480089364,792.410309638567,14.188767819363235,-0.071,51.511,London Borough of Tower Hamlets
1786,353.95940638302875,Entire home/apt,False,False,2.0,False,0,1,8.0,100.0,0,4.184998573668654,0.4344775990651961,352.0367573373497,24.47046564946083,724.2148145215643,12.967670573691336,-0.181,51.49100000000001,Royal Borough of Kensington and Chelsea
1790,353.95940638302875,Entire home/apt,False,False,2.0,False,0,1,10.0,90.0,0,4.1850080894232,0.4344939125611116,352.0339105142033,24.47026776362487,724.2098672003963,12.96758198777754,-0.181,51.49100000000001,Royal Borough of Kensington and Chelsea
4412,159.22293562877772,Private room,False,True,2.0,False,1,0,10.0,100.0,1,4.149872847244973,0.572294393265656,439.3408534700678,30.53907025095608,709.4293479465764,12.70292445696155,-0.0677799999999999,51.50962,London Borough of Tower Hamlets
1783,353.95940638302875,Entire home/apt,False,False,2.0,False,0,1,9.0,70.0,0,4.185012481931481,0.4344889899324827,352.033559676093,24.470243376478503,724.2089110809626,12.967564867661247,-0.181,51.49100000000001,Royal Borough of Kensington and Chelsea
1131,345.49260330675696,Entire home/apt,False,False,2.0,False,0,1,10.0,92.0,0,3.935009188976384,0.3645452063342208,483.4349425450207,33.604099312733595,792.4057271945105,14.188685766878592,-0.071,51.511,London Borough of Tower Hamlets
2187,210.964509983772,Entire home/apt,False,False,2.0,False,1,0,8.0,80.0,1,7.007994509148448,0.9628735031940224,188.6336559382964,13.112134746619429,399.1278855679984,7.146717842604505,-0.02665,51.51066,London Borough of Tower Hamlets
2449,334.67391048707634,Entire home/apt,False,False,2.0,False,0,1,10.0,93.0,0,3.93503196214065,0.3645711329449925,483.42312529945735,33.60327788288117,792.4089731855695,14.188743889057116,-0.071,51.511,London Borough of Tower Hamlets
1113,335.14428843575814,Entire home/apt,False,False,2.0,False,0,1,9.0,92.0,0,3.935003107791964,0.364541716047097,483.4343982774293,33.604061480089364,792.410309638567,14.188767819363235,-0.071,51.511,London Borough of Tower Hamlets
4097,334.90909946141727,Entire home/apt,False,False,2.0,False,0,1,10.0,90.0,0,3.935027202296321,0.364566795907017,483.4244292089872,33.60336851907951,792.4100124122609,14.188762497278208,-0.071,51.511,London Borough of Tower Hamlets
2616,322.2088948470096,Private room,False,True,2.0,False,0,1,9.0,84.0,1,1.4266218265235129,0.1423075064283409,590.5430117832034,41.04930006079465,1527.5228189960694,27.351570712652894,-0.136,51.52,London Borough of Camden
1131,345.49260330675696,Entire home/apt,False,False,2.0,False,0,1,10.0,92.0,0,3.935009188976384,0.3645452063342208,483.4349425450207,33.604099312733595,792.4057271945105,14.188685766878592,-0.071,51.511,London Borough of Tower Hamlets
4435,345.2574143324161,Entire home/apt,False,False,2.0,False,0,1,10.0,95.0,0,3.93501558805636,0.3645525812676384,483.4315251093895,33.603861762990626,792.4067813349408,14.18870464214262,-0.071,51.511,London Borough of Tower Hamlets
1788,353.95940638302875,Entire home/apt,False,False,2.0,False,0,1,9.0,80.0,0,4.185031916992533,0.4344974168096186,352.02967093427617,24.46997306571957,724.2014619309941,12.967431484415137,-0.181,51.49100000000001,Royal Borough of Kensington and Chelsea
1129,335.14428843575814,Entire home/apt,False,False,2.0,False,0,1,10.0,95.0,0,3.935016885207956,0.3645570019424634,483.42767938252274,33.60359444224861,792.4116400426728,14.188791641358902,-0.071,51.511,London Borough of Tower Hamlets
4427,584.444601237094,Entire home/apt,False,False,6.0,False,0,1,7.0,80.0,2,3.83830417746245,0.1669145367146329,272.9070999529292,18.97007535634291,513.9674078338226,9.203015316396318,-0.122,51.474,London Borough of Lambeth
1162,211.9052658811355,Private room,False,True,2.0,False,0,1,8.0,76.0,1,9.5045092666229,0.3413813473888904,117.6254134834474,8.176273017399893,286.4760688581928,5.1295930623199695,-0.1639999999999999,51.426,London Borough of Wandsworth
960,388.0618076624568,Private room,False,True,2.0,False,0,1,9.0,82.0,1,1.4266149926433769,0.14231034412013,590.5446580850522,41.04941449706303,1527.5246131420804,27.351602838334344,-0.136,51.52,London Borough of Camden
1113,335.14428843575814,Entire home/apt,False,False,2.0,False,0,1,9.0,92.0,0,3.935003107791964,0.364541716047097,483.4343982774293,33.604061480089364,792.410309638567,14.188767819363235,-0.071,51.511,London Borough of Tower Hamlets
1907,157.81180178273243,Private room,False,True,3.0,False,0,0,6.0,70.0,1,2.47164526065872,0.5770796625051898,403.12083166038167,28.021376342455195,896.1494696623151,16.04630404453439,-0.1117099999999999,51.52823,London Borough of Islington
1783,353.95940638302875,Entire home/apt,False,False,2.0,False,0,1,9.0,70.0,0,4.185012481931481,0.4344889899324827,352.033559676093,24.470243376478503,724.2089110809626,12.967564867661247,-0.181,51.49100000000001,Royal Borough of Kensington and Chelsea
1786,353.95940638302875,Entire home/apt,False,False,2.0,False,0,1,8.0,100.0,0,4.184998573668654,0.4344775990651961,352.0367573373497,24.47046564946083,724.2148145215643,12.967670573691336,-0.181,51.49100000000001,Royal Borough of Kensington and Chelsea
1124,319.62181612925986,Entire home/apt,False,False,2.0,False,0,1,10.0,93.0,0,3.9350203952685936,0.3645594358265034,483.42754153605495,33.60358486038766,792.4096601649953,14.18875618999698,-0.071,51.511,London Borough of Tower Hamlets
1790,353.95940638302875,Entire home/apt,False,False,2.0,False,0,1,10.0,90.0,0,4.1850080894232,0.4344939125611116,352.0339105142033,24.47026776362487,724.2098672003963,12.96758198777754,-0.181,51.49100000000001,Royal Borough of Kensington and Chelsea
1762,195.2068487029328,Private room,False,True,2.0,False,0,1,9.0,92.0,1,2.097253926771624,0.1442579005868058,467.60029746027067,32.50341556155797,1058.18206268295,18.947632830359755,-0.138,51.526,London Borough of Camden
1784,353.95940638302875,Entire home/apt,False,False,2.0,False,0,1,8.0,80.0,0,4.185009900870399,0.4345251757001291,352.03119059768704,24.4700786992096,724.205920831865,12.967511324755948,-0.181,51.49100000000001,Royal Borough of Kensington and Chelsea
1131,345.49260330675696,Entire home/apt,False,False,2.0,False,0,1,10.0,92.0,0,3.935009188976384,0.3645452063342208,483.4349425450207,33.604099312733595,792.4057271945105,14.188685766878592,-0.071,51.511,London Borough of Tower Hamlets
4435,345.2574143324161,Entire home/apt,False,False,2.0,False,0,1,10.0,95.0,0,3.93501558805636,0.3645525812676384,483.4315251093895,33.603861762990626,792.4067813349408,14.18870464214262,-0.071,51.511,London Borough of Tower Hamlets
977,716.8559937910111,Entire home/apt,False,False,2.0,False,0,1,9.0,100.0,1,1.4265966104828671,0.1423359225908261,590.5466365978081,41.04955202568019,1527.5478420426512,27.35201877118238,-0.136,51.52,London Borough of Camden
1131,345.49260330675696,Entire home/apt,False,False,2.0,False,0,1,10.0,92.0,0,3.935009188976384,0.3645452063342208,483.4349425450207,33.604099312733595,792.4057271945105,14.188685766878592,-0.071,51.511,London Borough of Tower Hamlets
981,1001.6698417178204,Entire home/apt,False,False,4.0,False,0,1,9.0,90.0,2,1.4266038704263206,0.1423151120270535,590.5473171430174,41.04959933113288,1527.527689830579,27.35165792900925,-0.136,51.52,London Borough of Camden
1129,335.14428843575814,Entire home/apt,False,False,2.0,False,0,1,10.0,95.0,0,3.935016885207956,0.3645570019424634,483.42767938252274,33.60359444224861,792.4116400426728,14.188791641358902,-0.071,51.511,London Borough of Tower Hamlets
1691,379.83019356052586,Entire home/apt,False,False,2.0,False,0,1,7.0,80.0,0,4.18501378287374,0.4344951605577924,352.03286570381954,24.470195137695693,724.2078143380202,12.96754522956369,-0.181,51.49100000000001,Royal Borough of Kensington and Chelsea
1785,353.95940638302875,Entire home/apt,False,False,2.0,False,0,1,7.0,80.0,0,4.1850076511958205,0.4344716568304266,352.0357049923405,24.47039249979148,724.2123870323104,12.967627107470634,-0.181,51.49100000000001,Royal Borough of Kensington and Chelsea
1124,319.62181612925986,Entire home/apt,False,False,2.0,False,0,1,10.0,93.0,0,3.9350203952685936,0.3645594358265034,483.42754153605495,33.60358486038766,792.4096601649953,14.18875618999698,-0.071,51.511,London Borough of Tower Hamlets
981,1001.6698417178204,Entire home/apt,False,False,4.0,False,0,1,9.0,90.0,2,1.4266038704263206,0.1423151120270535,590.5473171430174,41.04959933113288,1527.527689830579,27.35165792900925,-0.136,51.52,London Borough of Camden
3942,230.955572802747,Private room,False,True,2.0,False,1,0,9.0,80.0,1,7.011620672381101,2.282437945460501,180.46412479363903,12.54426157121699,350.07901839665243,6.26845694716708,-0.03795,51.47925,London Borough of Lewisham
1828,783.17928455514,Entire home/apt,False,False,5.0,False,0,1,9.0,100.0,1,7.553690218151968,0.7015281293268822,177.32736102830808,12.326221641095575,369.229315222891,6.611358991769861,-0.02016,51.49738,London Borough of Tower Hamlets
4435,345.2574143324161,Entire home/apt,False,False,2.0,False,0,1,10.0,95.0,0,3.93501558805636,0.3645525812676384,483.4315251093895,33.603861762990626,792.4067813349408,14.18870464214262,-0.071,51.511,London Borough of Tower Hamlets
961,388.0618076624568,Private room,False,True,2.0,False,0,1,7.0,70.0,1,1.4266143257997663,0.1423307430766109,590.5420717502211,41.04923471805892,1527.5454471748717,27.351975889076392,-0.136,51.52,London Borough of Camden
4435,345.2574143324161,Entire home/apt,False,False,2.0,False,0,1,10.0,95.0,0,3.93501558805636,0.3645525812676384,483.4315251093895,33.603861762990626,792.4067813349408,14.18870464214262,-0.071,51.511,London Borough of Tower Hamlets
3421,232.13151767445143,Private room,False,True,2.0,False,0,1,8.0,82.0,1,9.50450655110868,0.3414047381155742,117.62543862670536,8.176274765135654,286.47178917992704,5.129516431109452,-0.1639999999999999,51.426,London Borough of Wandsworth
1124,319.62181612925986,Entire home/apt,False,False,2.0,False,0,1,10.0,93.0,0,3.9350203952685936,0.3645594358265034,483.42754153605495,33.60358486038766,792.4096601649953,14.18875618999698,-0.071,51.511,London Borough of Tower Hamlets
2454,333.73315458971285,Entire home/apt,False,False,2.0,False,0,1,9.0,100.0,0,3.935022497510558,0.3645646194700297,483.4234439615026,33.603300033433555,792.4143908651432,14.188840897130657,-0.071,51.511,London Borough of Tower Hamlets
4097,334.90909946141727,Entire home/apt,False,False,2.0,False,0,1,10.0,90.0,0,3.935027202296321,0.364566795907017,483.4244292089872,33.60336851907951,792.4100124122609,14.188762497278208,-0.071,51.511,London Borough of Tower Hamlets
4378,532.7030268820997,Entire home/apt,False,False,2.0,False,0,1,10.0,100.0,1,3.838324230880153,0.1668969014571163,272.9058413379417,18.969987868618475,513.9654389836609,9.20298006249127,-0.122,51.474,London Borough of Lambeth
3612,122.2982666572591,Private room,False,True,2.0,False,0,1,8.0,85.0,1,4.932067781098915,0.8969267477558411,292.4955931526714,20.331693255548952,556.7162808685564,9.968469559799509,-0.05665,51.51141,London Borough of Tower Hamlets
1049,243.4205884428138,Entire home/apt,False,False,2.0,True,0,1,10.0,94.0,0,3.840178357677625,0.4925453060723678,322.8910866010636,22.444517734313628,920.8890191490244,16.48928632196422,-0.08,51.526,London Borough of Hackney
1168,211.9052658811355,Private room,False,True,2.0,False,0,1,9.0,84.0,1,9.504513562789166,0.3414039462546295,117.62535407147,8.176268887607415,286.47352957660104,5.129547594364171,-0.1639999999999999,51.426,London Borough of Wandsworth
1690,379.83019356052586,Entire home/apt,False,False,2.0,False,0,1,10.0,87.0,0,4.185024016230776,0.4344878866541066,352.03172392291725,24.47011577123817,724.205141441664,12.967497369124036,-0.181,51.49100000000001,Royal Borough of Kensington and Chelsea
1788,353.95940638302875,Entire home/apt,False,False,2.0,False,0,1,9.0,80.0,0,4.185031916992533,0.4344974168096186,352.02967093427617,24.46997306571957,724.2014619309941,12.967431484415137,-0.181,51.49100000000001,Royal Borough of Kensington and Chelsea
3422,211.43488793245373,Private room,False,True,2.0,False,0,1,9.0,87.0,1,9.523264014836398,0.2875422931123659,117.41778820880803,8.161840754162808,299.07679778562715,5.355219628420112,-0.165,51.426,London Borough of Wandsworth
3903,334.43872151273547,Entire home/apt,False,False,2.0,False,0,1,10.0,95.0,0,3.935023151065557,0.3645583961197164,483.43061339090224,33.60379838842687,792.4034211174973,14.188644474645368,-0.071,51.511,London Borough of Tower Hamlets
1785,353.95940638302875,Entire home/apt,False,False,2.0,False,0,1,7.0,80.0,0,4.1850076511958205,0.4344716568304266,352.0357049923405,24.47039249979148,724.2123870323104,12.967627107470634,-0.181,51.49100000000001,Royal Borough of Kensington and Chelsea
1690,379.83019356052586,Entire home/apt,False,False,2.0,False,0,1,10.0,87.0,0,4.185024016230776,0.4344878866541066,352.03172392291725,24.47011577123817,724.205141441664,12.967497369124036,-0.181,51.49100000000001,Royal Borough of Kensington and Chelsea
4435,345.2574143324161,Entire home/apt,False,False,2.0,False,0,1,10.0,95.0,0,3.93501558805636,0.3645525812676384,483.4315251093895,33.603861762990626,792.4067813349408,14.18870464214262,-0.071,51.511,London Borough of Tower Hamlets
1783,353.95940638302875,Entire home/apt,False,False,2.0,False,0,1,9.0,70.0,0,4.185012481931481,0.4344889899324827,352.033559676093,24.470243376478503,724.2089110809626,12.967564867661247,-0.181,51.49100000000001,Royal Borough of Kensington and Chelsea
1131,345.49260330675696,Entire home/apt,False,False,2.0,False,0,1,10.0,92.0,0,3.935009188976384,0.3645452063342208,483.4349425450207,33.604099312733595,792.4057271945105,14.188685766878592,-0.071,51.511,London Borough of Tower Hamlets
1786,353.95940638302875,Entire home/apt,False,False,2.0,False,0,1,8.0,100.0,0,4.184998573668654,0.4344775990651961,352.0367573373497,24.47046564946083,724.2148145215643,12.967670573691336,-0.181,51.49100000000001,Royal Borough of Kensington and Chelsea
4097,334.90909946141727,Entire home/apt,False,False,2.0,False,0,1,10.0,90.0,0,3.935027202296321,0.364566795907017,483.4244292089872,33.60336851907951,792.4100124122609,14.188762497278208,-0.071,51.511,London Borough of Tower Hamlets
1346,183.4473999858887,Private room,False,True,2.0,False,0,1,8.0,80.0,1,9.523276958098256,0.2875342530726114,117.4176352548939,8.161830122166506,299.0821537907685,5.355315532161475,-0.165,51.426,London Borough of Wandsworth
960,388.0618076624568,Private room,False,True,2.0,False,0,1,9.0,82.0,1,1.4266149926433769,0.14231034412013,590.5446580850522,41.04941449706303,1527.5246131420804,27.351602838334344,-0.136,51.52,London Borough of Camden
1785,353.95940638302875,Entire home/apt,False,False,2.0,False,0,1,7.0,80.0,0,4.1850076511958205,0.4344716568304266,352.0357049923405,24.47039249979148,724.2123870323104,12.967627107470634,-0.181,51.49100000000001,Royal Borough of Kensington and Chelsea
3903,334.43872151273547,Entire home/apt,False,False,2.0,False,0,1,10.0,95.0,0,3.935023151065557,0.3645583961197164,483.43061339090224,33.60379838842687,792.4034211174973,14.188644474645368,-0.071,51.511,London Borough of Tower Hamlets
958,388.0618076624568,Private room,False,True,2.0,False,0,1,8.0,76.0,1,1.4266133952065438,0.1423099738218652,590.5451840312672,41.04945105616806,1527.5239717823736,27.35159135425361,-0.136,51.52,London Borough of Camden
2449,334.67391048707634,Entire home/apt,False,False,2.0,False,0,1,10.0,93.0,0,3.93503196214065,0.3645711329449925,483.42312529945735,33.60327788288117,792.4089731855695,14.188743889057116,-0.071,51.511,London Borough of Tower Hamlets
1786,353.95940638302875,Entire home/apt,False,False,2.0,False,0,1,8.0,100.0,0,4.184998573668654,0.4344775990651961,352.0367573373497,24.47046564946083,724.2148145215643,12.967670573691336,-0.181,51.49100000000001,Royal Borough of Kensington and Chelsea
1114,345.49260330675696,Entire home/apt,False,False,2.0,False,0,1,10.0,89.0,0,3.9350119094347935,0.3645471746323017,483.4347475377076,33.60408575755887,792.4043229089667,14.188660621974128,-0.071,51.511,London Borough of Tower Hamlets
1691,379.83019356052586,Entire home/apt,False,False,2.0,False,0,1,7.0,80.0,0,4.18501378287374,0.4344951605577924,352.03286570381954,24.470195137695693,724.2078143380202,12.96754522956369,-0.181,51.49100000000001,Royal Borough of Kensington and Chelsea
4435,345.2574143324161,Entire home/apt,False,False,2.0,False,0,1,10.0,95.0,0,3.93501558805636,0.3645525812676384,483.4315251093895,33.603861762990626,792.4067813349408,14.18870464214262,-0.071,51.511,London Borough of Tower Hamlets
2616,322.2088948470096,Private room,False,True,2.0,False,0,1,9.0,84.0,1,1.4266218265235129,0.1423075064283409,590.5430117832034,41.04930006079465,1527.5228189960694,27.351570712652894,-0.136,51.52,London Borough of Camden
1783,353.95940638302875,Entire home/apt,False,False,2.0,False,0,1,9.0,70.0,0,4.185012481931481,0.4344889899324827,352.033559676093,24.470243376478503,724.2089110809626,12.967564867661247,-0.181,51.49100000000001,Royal Borough of Kensington and Chelsea
1792,353.95940638302875,Entire home/apt,False,False,2.0,False,0,1,8.0,77.0,0,4.184982355615324,0.4344912097016554,352.0384058762985,24.470580241232508,724.2188380462364,12.967742618258011,-0.181,51.49100000000001,Royal Borough of Kensington and Chelsea
1131,345.49260330675696,Entire home/apt,False,False,2.0,False,0,1,10.0,92.0,0,3.935009188976384,0.3645452063342208,483.4349425450207,33.604099312733595,792.4057271945105,14.188685766878592,-0.071,51.511,London Borough of Tower Hamlets
4241,165.33784896164067,Private room,False,True,2.0,True,0,0,10.0,94.0,1,5.39781820407141,1.420940075565728,209.00458605524528,14.52814070419242,467.9344069351326,8.378756023154708,-0.0851799999999999,51.54902,London Borough of Islington
3098,186.97523460100192,Private room,False,True,2.0,False,0,1,9.0,86.0,1,2.180419318958253,0.5531922567402214,450.3623236149906,31.30518487099685,973.9014337376688,17.43851784128302,-0.118,51.527,London Borough of Camden
1786,353.95940638302875,Entire home/apt,False,False,2.0,False,0,1,8.0,100.0,0,4.184998573668654,0.4344775990651961,352.0367573373497,24.47046564946083,724.2148145215643,12.967670573691336,-0.181,51.49100000000001,Royal Borough of Kensington and Chelsea
2449,334.67391048707634,Entire home/apt,False,False,2.0,False,0,1,10.0,93.0,0,3.93503196214065,0.3645711329449925,483.42312529945735,33.60327788288117,792.4089731855695,14.188743889057116,-0.071,51.511,London Borough of Tower Hamlets
