Unnamed: 0,realSum,room_type,room_shared,room_private,person_capacity,host_is_superhost,multi,biz,cleanliness_rating,guest_satisfaction_overall,bedrooms,dist,metro_dist,attr_index,attr_index_norm,rest_index,rest_index_norm,lng,lat,district
1483,353.25383946000613,Entire home/apt,False,False,2.0,False,0,1,9.0,70.0,0,4.1850164660276645,0.4344985934045747,352.03215328765305,24.471127435420232,724.2065434749488,12.96203524372513,-0.181,51.49100000000001,Royal Borough of Kensington and Chelsea
4965,360.7798866389144,Entire home/apt,False,False,2.0,False,0,1,9.0,96.0,0,3.9350243383162367,0.3645632420560812,483.4262313522276,33.604842065033665,792.4091382310105,14.182742851115249,-0.071,51.511,London Borough of Tower Hamlets
4477,227.42773818763376,Private room,False,True,2.0,False,0,1,8.0,84.0,1,8.65298665747705,0.7015928976648621,129.08378436846644,8.973117107703239,290.39503106549364,5.19756506094561,-0.1689999999999999,51.435,London Borough of Wandsworth
1488,353.25383946000613,Entire home/apt,False,False,2.0,False,0,1,9.0,80.0,0,4.185010724886019,0.4345029901196403,352.0327694127409,24.471170264677163,724.2080102864783,12.96206149709568,-0.181,51.49100000000001,Royal Borough of Kensington and Chelsea
3268,195.2068487029328,Private room,False,True,2.0,False,0,1,9.0,93.0,1,2.1804278822766348,0.5531799095188346,450.3610951298584,31.306355535861552,973.9001561129209,17.431115834486732,-0.118,51.527,London Borough of Camden
66,293.75102895176275,Private room,False,True,2.0,False,0,1,8.0,82.0,1,9.504517474645644,0.3413844063555099,117.62531318838433,8.176594103073722,286.4774843970736,5.127447801660236,-0.1639999999999999,51.426,London Borough of Wandsworth
1292,378.8894376631624,Entire home/apt,False,False,2.0,False,0,1,10.0,87.0,0,4.18499620484728,0.4344780546206165,352.03711666160075,24.47147245889393,724.2155649197266,12.96219671186735,-0.181,51.49100000000001,Royal Borough of Kensington and Chelsea
1317,344.0814694607117,Entire home/apt,False,False,2.0,False,0,1,9.0,91.0,0,3.93502673784039,0.3645650511862616,483.42598057278855,33.60482463237716,792.4080153033627,14.182722752666985,-0.071,51.511,London Borough of Tower Hamlets
1260,369.7170676638679,Entire home/apt,False,False,2.0,False,0,1,10.0,89.0,0,3.935020320745124,0.3645587247752559,483.4282550546191,33.60498274047667,792.4086552797338,14.182734207128908,-0.071,51.511,London Borough of Tower Hamlets
72,268.1154307486065,Private room,False,True,2.0,False,0,1,8.0,86.0,1,9.52327700258897,0.2875339652323594,117.41763482529036,8.16215757038377,299.0821388250627,5.353049153101521,-0.165,51.426,London Borough of Wandsworth
4298,401.9379571485689,Entire home/apt,False,False,4.0,False,0,1,6.0,40.0,0,5.240231325074421,0.4016738167092446,245.90807230269377,17.0940288224201,581.2805727540325,10.403909407359736,-0.20154,51.51751,Royal Borough of Kensington and Chelsea
1492,353.25383946000613,Entire home/apt,False,False,2.0,False,0,1,8.0,77.0,0,4.185028030857168,0.4345001106575242,352.03010980401007,24.47098538490532,724.2024835255357,12.961962577704842,-0.181,51.49100000000001,Royal Borough of Kensington and Chelsea
1484,353.25383946000613,Entire home/apt,False,False,2.0,False,0,1,8.0,80.0,0,4.185002016230517,0.4344890877699983,352.0352952611351,24.47134584624652,724.2124296814144,12.962140596564517,-0.181,51.49100000000001,Royal Borough of Kensington and Chelsea
4965,360.7798866389144,Entire home/apt,False,False,2.0,False,0,1,9.0,96.0,0,3.9350243383162367,0.3645632420560812,483.4262313522276,33.604842065033665,792.4091382310105,14.182742851115249,-0.071,51.511,London Borough of Tower Hamlets
71,268.1154307486065,Private room,False,True,2.0,False,0,1,9.0,86.0,1,9.523278900165163,0.2875335711338572,117.4176121112398,8.16215599144156,299.0830245814968,5.353065006598316,-0.165,51.426,London Borough of Wandsworth
1488,353.25383946000613,Entire home/apt,False,False,2.0,False,0,1,9.0,80.0,0,4.185010724886019,0.4345029901196403,352.0327694127409,24.471170264677163,724.2080102864783,12.96206149709568,-0.181,51.49100000000001,Royal Borough of Kensington and Chelsea
3757,245.77247818622263,Entire home/apt,False,False,2.0,True,0,1,9.0,94.0,0,3.840179944568976,0.492551596833637,322.8914982893202,22.445446896423768,920.87721251265,16.482097533195265,-0.08,51.526,London Borough of Hackney
200,376.3023589454127,Private room,False,True,2.0,False,0,1,7.0,70.0,1,1.4265899294226507,0.1423408753715114,590.5479487609099,41.05129027531106,1527.5518228962294,27.340515966606155,-0.136,51.52,London Borough of Camden
1259,359.60394176721,Entire home/apt,False,False,2.0,False,0,1,9.0,92.0,0,3.935028452493092,0.364567577230854,483.4244723244489,33.60471978815489,792.4091712378088,14.182743441879426,-0.071,51.511,London Borough of Tower Hamlets
1317,344.0814694607117,Entire home/apt,False,False,2.0,False,0,1,9.0,91.0,0,3.93502673784039,0.3645650511862616,483.42598057278855,33.60482463237716,792.4080153033627,14.182722752666985,-0.071,51.511,London Borough of Tower Hamlets
1488,353.25383946000613,Entire home/apt,False,False,2.0,False,0,1,9.0,80.0,0,4.185010724886019,0.4345029901196403,352.0327694127409,24.471170264677163,724.2080102864783,12.96206149709568,-0.181,51.49100000000001,Royal Borough of Kensington and Chelsea
1087,1029.657329664385,Entire home/apt,False,False,5.0,False,1,0,9.0,90.0,2,6.135908094889648,1.3967655052495058,188.42921129245315,13.098449101964665,416.559697623372,7.455692758313781,-0.186,51.467,London Borough of Hammersmith and Fulham
4113,517.4157435499424,Entire home/apt,False,False,5.0,False,0,1,9.0,92.0,2,5.939761862522508,0.377642085785679,206.78797773248056,14.374638532149833,489.5618564754846,8.762304200083827,-0.2,51.48,London Borough of Hammersmith and Fulham
4960,345.2574143324161,Entire home/apt,False,False,2.0,False,0,1,10.0,94.0,0,3.935032848381165,0.3645703948946772,483.42454812446687,33.60472505730966,792.4063252083831,14.182692502911737,-0.071,51.511,London Borough of Tower Hamlets
1467,359.60394176721,Entire home/apt,False,False,2.0,False,0,1,10.0,93.0,0,3.9350219760378087,0.3645613550026373,483.4265924890182,33.60486716905994,792.410075352398,14.18275962395521,-0.071,51.511,London Borough of Tower Hamlets
1409,193.3253369082057,Private room,False,True,2.0,False,0,0,9.0,95.0,1,4.876772774610717,2.1501496897695773,232.1126324489133,16.135054014190906,494.1105990219539,8.843718765767058,-0.1650599999999999,51.47129,London Borough of Wandsworth
194,440.7441379148145,Private room,False,True,2.0,False,0,1,8.0,80.0,1,1.426611953447417,0.1423164194981613,590.544733118047,41.051066743438895,1527.5303518588885,27.340131672449687,-0.136,51.52,London Borough of Camden
1485,353.25383946000613,Entire home/apt,False,False,2.0,False,0,1,7.0,76.0,0,4.185011548057564,0.4344912137629979,352.03354320688,24.471224054124544,724.2089887671192,12.962079010194213,-0.181,51.49100000000001,Royal Borough of Kensington and Chelsea
1575,333.73315458971285,Entire home/apt,False,False,2.0,False,0,1,9.0,100.0,0,3.9350143045386576,0.3645493176496757,483.43413381094297,33.60539139574812,792.4037374677036,14.182646186862549,-0.071,51.511,London Borough of Tower Hamlets
1447,210.0237540864084,Private room,False,True,2.0,False,0,1,9.0,92.0,1,2.097241955573312,0.1442559620185354,467.6025863755849,32.50487881139342,1058.1870163849746,18.93970376878933,-0.138,51.526,London Borough of Camden
1486,353.25383946000613,Entire home/apt,False,False,2.0,False,0,1,8.0,100.0,0,4.18503097466839,0.4344959094430688,352.02994446355126,24.47097389144541,724.2019404164317,12.961952856998211,-0.181,51.49100000000001,Royal Borough of Kensington and Chelsea
71,268.1154307486065,Private room,False,True,2.0,False,0,1,9.0,86.0,1,9.523278900165163,0.2875335711338572,117.4176121112398,8.16215599144156,299.0830245814968,5.353065006598316,-0.165,51.426,London Borough of Wandsworth
1259,359.60394176721,Entire home/apt,False,False,2.0,False,0,1,9.0,92.0,0,3.935028452493092,0.364567577230854,483.4244723244489,33.60471978815489,792.4091712378088,14.182743441879426,-0.071,51.511,London Borough of Tower Hamlets
66,293.75102895176275,Private room,False,True,2.0,False,0,1,8.0,82.0,1,9.504517474645644,0.3413844063555099,117.62531318838433,8.176594103073722,286.4774843970736,5.127447801660236,-0.1639999999999999,51.426,London Borough of Wandsworth
1488,353.25383946000613,Entire home/apt,False,False,2.0,False,0,1,9.0,80.0,0,4.185010724886019,0.4345029901196403,352.0327694127409,24.471170264677163,724.2080102864783,12.96206149709568,-0.181,51.49100000000001,Royal Borough of Kensington and Chelsea
1488,353.25383946000613,Entire home/apt,False,False,2.0,False,0,1,9.0,80.0,0,4.185010724886019,0.4345029901196403,352.0327694127409,24.471170264677163,724.2080102864783,12.96206149709568,-0.181,51.49100000000001,Royal Borough of Kensington and Chelsea
433,714.0337260989205,Entire home/apt,False,False,2.0,False,0,1,9.0,100.0,1,1.426608494030278,0.1423163865398678,590.5457671330145,41.05113862185058,1527.5297517587069,27.34012093170207,-0.136,51.52,London Borough of Camden
1488,353.25383946000613,Entire home/apt,False,False,2.0,False,0,1,9.0,80.0,0,4.185010724886019,0.4345029901196403,352.0327694127409,24.471170264677163,724.2080102864783,12.96206149709568,-0.181,51.49100000000001,Royal Borough of Kensington and Chelsea
1487,353.25383946000613,Entire home/apt,False,False,2.0,False,0,1,10.0,60.0,0,4.185001714432458,0.4344939213775508,352.0349716407835,24.471323350134185,724.2120163937046,12.96213319943464,-0.181,51.49100000000001,Royal Borough of Kensington and Chelsea
197,376.3023589454127,Private room,False,True,2.0,False,0,1,9.0,82.0,1,1.426607927987838,0.1423155902987533,590.5460442938881,41.05115788838347,1527.528842279423,27.340104653607604,-0.136,51.52,London Borough of Camden
1486,353.25383946000613,Entire home/apt,False,False,2.0,False,0,1,8.0,100.0,0,4.18503097466839,0.4344959094430688,352.02994446355126,24.47097389144541,724.2019404164317,12.961952856998211,-0.181,51.49100000000001,Royal Borough of Kensington and Chelsea
3337,2732.1903149180366,Entire home/apt,False,False,4.0,False,1,0,10.0,100.0,2,3.344514895251253,0.4309989612324205,319.3423675331072,22.19873298063753,734.8041073088064,13.151713170760926,-0.1,51.533,London Borough of Islington
1487,353.25383946000613,Entire home/apt,False,False,2.0,False,0,1,10.0,60.0,0,4.185001714432458,0.4344939213775508,352.0349716407835,24.471323350134185,724.2120163937046,12.96213319943464,-0.181,51.49100000000001,Royal Borough of Kensington and Chelsea
5150,398.4101225334557,Entire home/apt,False,False,4.0,False,1,0,9.0,100.0,1,3.4867347236518555,0.4171658805608118,335.4462271894885,23.31817504913353,712.4712637944898,12.751994185433665,-0.171,51.524,City of Westminster
194,440.7441379148145,Private room,False,True,2.0,False,0,1,8.0,80.0,1,1.426611953447417,0.1423164194981613,590.544733118047,41.051066743438895,1527.5303518588885,27.340131672449687,-0.136,51.52,London Borough of Camden
1487,353.25383946000613,Entire home/apt,False,False,2.0,False,0,1,10.0,60.0,0,4.185001714432458,0.4344939213775508,352.0349716407835,24.471323350134185,724.2120163937046,12.96213319943464,-0.181,51.49100000000001,Royal Borough of Kensington and Chelsea
4113,517.4157435499424,Entire home/apt,False,False,5.0,False,0,1,9.0,92.0,2,5.939761862522508,0.377642085785679,206.78797773248056,14.374638532149833,489.5618564754846,8.762304200083827,-0.2,51.48,London Borough of Hammersmith and Fulham
1317,344.0814694607117,Entire home/apt,False,False,2.0,False,0,1,9.0,91.0,0,3.93502673784039,0.3645650511862616,483.42598057278855,33.60482463237716,792.4080153033627,14.182722752666985,-0.071,51.511,London Borough of Tower Hamlets
1259,359.60394176721,Entire home/apt,False,False,2.0,False,0,1,9.0,92.0,0,3.935028452493092,0.364567577230854,483.4244723244489,33.60471978815489,792.4091712378088,14.182743441879426,-0.071,51.511,London Borough of Tower Hamlets
4876,371.1282015099132,Entire home/apt,False,False,2.0,False,0,1,10.0,95.0,0,3.935028437038272,0.3645674139495256,483.4246373406673,33.60473125907558,792.4089376830748,14.182739261656645,-0.071,51.511,London Borough of Tower Hamlets
199,376.3023589454127,Private room,False,True,2.0,False,0,1,9.0,84.0,1,1.4266116766837378,0.1423209166241567,590.5442015370076,41.05102979116838,1527.5349223559454,27.3402134763832,-0.136,51.52,London Borough of Camden
4487,215.9034784449305,Private room,False,True,2.0,False,0,1,9.0,96.0,1,4.090520557245702,0.835700715235196,317.8362725484576,22.094038446473512,826.5518776827915,14.793838395720224,-0.075,51.525,London Borough of Tower Hamlets
1488,353.25383946000613,Entire home/apt,False,False,2.0,False,0,1,9.0,80.0,0,4.185010724886019,0.4345029901196403,352.0327694127409,24.471170264677163,724.2080102864783,12.96206149709568,-0.181,51.49100000000001,Royal Borough of Kensington and Chelsea
71,268.1154307486065,Private room,False,True,2.0,False,0,1,9.0,86.0,1,9.523278900165163,0.2875335711338572,117.4176121112398,8.16215599144156,299.0830245814968,5.353065006598316,-0.165,51.426,London Borough of Wandsworth
433,714.0337260989205,Entire home/apt,False,False,2.0,False,0,1,9.0,100.0,1,1.426608494030278,0.1423163865398678,590.5457671330145,41.05113862185058,1527.5297517587069,27.34012093170207,-0.136,51.52,London Borough of Camden
1488,353.25383946000613,Entire home/apt,False,False,2.0,False,0,1,9.0,80.0,0,4.185010724886019,0.4345029901196403,352.0327694127409,24.471170264677163,724.2080102864783,12.96206149709568,-0.181,51.49100000000001,Royal Borough of Kensington and Chelsea
197,376.3023589454127,Private room,False,True,2.0,False,0,1,9.0,82.0,1,1.426607927987838,0.1423155902987533,590.5460442938881,41.05115788838347,1527.528842279423,27.340104653607604,-0.136,51.52,London Borough of Camden
1412,369.7170676638679,Entire home/apt,False,False,2.0,False,0,1,9.0,90.0,0,3.935020189475922,0.3645609101042149,483.4258071422481,33.60481257654414,792.4123437427209,14.182800224189462,-0.071,51.511,London Borough of Tower Hamlets
1575,333.73315458971285,Entire home/apt,False,False,2.0,False,0,1,9.0,100.0,0,3.9350143045386576,0.3645493176496757,483.43413381094297,33.60539139574812,792.4037374677036,14.182646186862549,-0.071,51.511,London Borough of Tower Hamlets
1389,359.60394176721,Entire home/apt,False,False,2.0,False,0,1,10.0,95.0,0,3.93500771200998,0.3645473153605198,483.43162375157385,33.60521691173546,792.4115335119782,14.182785722470944,-0.071,51.511,London Borough of Tower Hamlets
1260,369.7170676638679,Entire home/apt,False,False,2.0,False,0,1,10.0,89.0,0,3.935020320745124,0.3645587247752559,483.4282550546191,33.60498274047667,792.4086552797338,14.182734207128908,-0.071,51.511,London Borough of Tower Hamlets
494,293.9862179261036,Private room,False,True,2.0,False,0,1,9.0,80.0,1,9.504498914219624,0.341377448339851,117.62553999482677,8.176609869273783,286.4742902723464,5.127390632393181,-0.1639999999999999,51.426,London Borough of Wandsworth
1293,378.8894376631624,Entire home/apt,False,False,2.0,False,0,1,7.0,80.0,0,4.185013803660901,0.4344800749297678,352.034029099943,24.47125783044569,724.2094161973369,12.962086660450336,-0.181,51.49100000000001,Royal Borough of Kensington and Chelsea
1492,353.25383946000613,Entire home/apt,False,False,2.0,False,0,1,8.0,77.0,0,4.185028030857168,0.4345001106575242,352.03010980401007,24.47098538490532,724.2024835255357,12.961962577704842,-0.181,51.49100000000001,Royal Borough of Kensington and Chelsea
200,376.3023589454127,Private room,False,True,2.0,False,0,1,7.0,70.0,1,1.4265899294226507,0.1423408753715114,590.5479487609099,41.05129027531106,1527.5518228962294,27.340515966606155,-0.136,51.52,London Borough of Camden
198,376.3023589454127,Private room,False,True,2.0,False,0,1,9.0,84.0,1,1.4266091415297688,0.1423332007622191,590.5432789998072,41.05096566201091,1527.5471129295904,27.340431666410137,-0.136,51.52,London Borough of Camden
1292,378.8894376631624,Entire home/apt,False,False,2.0,False,0,1,10.0,87.0,0,4.18499620484728,0.4344780546206165,352.03711666160075,24.47147245889393,724.2155649197266,12.96219671186735,-0.181,51.49100000000001,Royal Borough of Kensington and Chelsea
4960,345.2574143324161,Entire home/apt,False,False,2.0,False,0,1,10.0,94.0,0,3.935032848381165,0.3645703948946772,483.42454812446687,33.60472505730966,792.4063252083831,14.182692502911737,-0.071,51.511,London Borough of Tower Hamlets
1389,359.60394176721,Entire home/apt,False,False,2.0,False,0,1,10.0,95.0,0,3.93500771200998,0.3645473153605198,483.43162375157385,33.60521691173546,792.4115335119782,14.182785722470944,-0.071,51.511,London Borough of Tower Hamlets
1260,369.7170676638679,Entire home/apt,False,False,2.0,False,0,1,10.0,89.0,0,3.935020320745124,0.3645587247752559,483.4282550546191,33.60498274047667,792.4086552797338,14.182734207128908,-0.071,51.511,London Borough of Tower Hamlets
4965,360.7798866389144,Entire home/apt,False,False,2.0,False,0,1,9.0,96.0,0,3.9350243383162367,0.3645632420560812,483.4262313522276,33.604842065033665,792.4091382310105,14.182742851115249,-0.071,51.511,London Borough of Tower Hamlets
1389,359.60394176721,Entire home/apt,False,False,2.0,False,0,1,10.0,95.0,0,3.93500771200998,0.3645473153605198,483.43162375157385,33.60521691173546,792.4115335119782,14.182785722470944,-0.071,51.511,London Borough of Tower Hamlets
67,293.75102895176275,Private room,False,True,2.0,False,0,1,9.0,84.0,1,9.50451857010954,0.3413962403710837,117.62529603922582,8.176592910968855,286.47588826825665,5.127419233735566,-0.1639999999999999,51.426,London Borough of Wandsworth
1490,353.25383946000613,Entire home/apt,False,False,2.0,False,0,1,10.0,90.0,0,4.185001270627941,0.4344823977907617,352.03593693119853,24.47139045123429,724.2133939041784,12.962157854471895,-0.181,51.49100000000001,Royal Borough of Kensington and Chelsea
1467,359.60394176721,Entire home/apt,False,False,2.0,False,0,1,10.0,93.0,0,3.9350219760378087,0.3645613550026373,483.4265924890182,33.60486716905994,792.410075352398,14.18275962395521,-0.071,51.511,London Borough of Tower Hamlets
433,714.0337260989205,Entire home/apt,False,False,2.0,False,0,1,9.0,100.0,1,1.426608494030278,0.1423163865398678,590.5457671330145,41.05113862185058,1527.5297517587069,27.34012093170207,-0.136,51.52,London Borough of Camden
197,376.3023589454127,Private room,False,True,2.0,False,0,1,9.0,82.0,1,1.426607927987838,0.1423155902987533,590.5460442938881,41.05115788838347,1527.528842279423,27.340104653607604,-0.136,51.52,London Borough of Camden
1293,378.8894376631624,Entire home/apt,False,False,2.0,False,0,1,7.0,80.0,0,4.185013803660901,0.4344800749297678,352.034029099943,24.47125783044569,724.2094161973369,12.962086660450336,-0.181,51.49100000000001,Royal Borough of Kensington and Chelsea
1486,353.25383946000613,Entire home/apt,False,False,2.0,False,0,1,8.0,100.0,0,4.18503097466839,0.4344959094430688,352.02994446355126,24.47097389144541,724.2019404164317,12.961952856998211,-0.181,51.49100000000001,Royal Borough of Kensington and Chelsea
1260,369.7170676638679,Entire home/apt,False,False,2.0,False,0,1,10.0,89.0,0,3.935020320745124,0.3645587247752559,483.4282550546191,33.60498274047667,792.4086552797338,14.182734207128908,-0.071,51.511,London Borough of Tower Hamlets
198,376.3023589454127,Private room,False,True,2.0,False,0,1,9.0,84.0,1,1.4266091415297688,0.1423332007622191,590.5432789998072,41.05096566201091,1527.5471129295904,27.340431666410137,-0.136,51.52,London Borough of Camden
1486,353.25383946000613,Entire home/apt,False,False,2.0,False,0,1,8.0,100.0,0,4.18503097466839,0.4344959094430688,352.02994446355126,24.47097389144541,724.2019404164317,12.961952856998211,-0.181,51.49100000000001,Royal Borough of Kensington and Chelsea
4689,651.7086478985865,Entire home/apt,False,False,4.0,False,0,1,6.0,60.0,2,3.8383031440198696,0.1669148449205097,272.90715923601664,18.97084061593108,513.9675838296155,9.199124194273695,-0.122,51.474,London Borough of Lambeth
124,131.47063665655355,Private room,False,True,2.0,False,0,0,9.0,93.0,1,5.816200188352315,0.9832139441062676,209.1943196983117,14.541912743749858,459.4427849044861,8.22322529955596,-0.05647,51.53604,London Borough of Hackney
1259,359.60394176721,Entire home/apt,False,False,2.0,False,0,1,9.0,92.0,0,3.935028452493092,0.364567577230854,483.4244723244489,33.60471978815489,792.4091712378088,14.182743441879426,-0.071,51.511,London Borough of Tower Hamlets
1373,369.7170676638679,Entire home/apt,False,False,2.0,False,0,1,10.0,90.0,0,3.9350155248705208,0.3645515333883088,483.4326097700945,33.60528545372701,792.405223092987,14.182672776966507,-0.071,51.511,London Borough of Tower Hamlets
4960,345.2574143324161,Entire home/apt,False,False,2.0,False,0,1,10.0,94.0,0,3.935032848381165,0.3645703948946772,483.42454812446687,33.60472505730966,792.4063252083831,14.182692502911737,-0.071,51.511,London Borough of Tower Hamlets
1292,378.8894376631624,Entire home/apt,False,False,2.0,False,0,1,10.0,87.0,0,4.18499620484728,0.4344780546206165,352.03711666160075,24.47147245889393,724.2155649197266,12.96219671186735,-0.181,51.49100000000001,Royal Borough of Kensington and Chelsea
357,554.340412521461,Entire home/apt,False,False,6.0,False,0,1,9.0,88.0,1,2.819282696546955,0.6202726761631087,380.02272256538095,26.41686103216229,837.7999936626334,14.995160072622832,-0.09806,51.52577,London Borough of Islington
2719,476.2576730402879,Entire home/apt,False,False,4.0,False,0,1,9.0,88.0,1,1.158540086075416,0.2326906986922464,626.9881583116405,43.5843913098654,1795.4625521859862,32.1356512032516,-0.13859,51.51611,City of Westminster
1467,359.60394176721,Entire home/apt,False,False,2.0,False,0,1,10.0,93.0,0,3.9350219760378087,0.3645613550026373,483.4265924890182,33.60486716905994,792.410075352398,14.18275962395521,-0.071,51.511,London Borough of Tower Hamlets
5091,360.7798866389144,Entire home/apt,False,False,2.0,False,0,1,10.0,90.0,0,3.9350278690773792,0.3645666968444838,483.4250080199261,33.60475702643602,792.4087447369003,14.182735808256316,-0.071,51.511,London Borough of Tower Hamlets
1492,353.25383946000613,Entire home/apt,False,False,2.0,False,0,1,8.0,77.0,0,4.185028030857168,0.4345001106575242,352.03010980401007,24.47098538490532,724.2024835255357,12.961962577704842,-0.181,51.49100000000001,Royal Borough of Kensington and Chelsea
1007,207.6718643429996,Entire home/apt,False,False,2.0,False,0,0,9.0,93.0,0,5.674713907249539,0.2089555760294891,204.6237007215329,14.224191199297328,454.0749307774043,8.127150063830316,-0.1826,51.54601,London Borough of Camden
65,293.75102895176275,Private room,False,True,2.0,False,0,1,8.0,80.0,1,9.50451248267244,0.3414050430232744,117.62536677572383,8.176597828138613,286.4731091772396,5.127369492848753,-0.1639999999999999,51.426,London Borough of Wandsworth
4960,345.2574143324161,Entire home/apt,False,False,2.0,False,0,1,10.0,94.0,0,3.935032848381165,0.3645703948946772,483.42454812446687,33.60472505730966,792.4063252083831,14.182692502911737,-0.071,51.511,London Borough of Tower Hamlets
4876,371.1282015099132,Entire home/apt,False,False,2.0,False,0,1,10.0,95.0,0,3.935028437038272,0.3645674139495256,483.4246373406673,33.60473125907558,792.4089376830748,14.182739261656645,-0.071,51.511,London Borough of Tower Hamlets
1492,353.25383946000613,Entire home/apt,False,False,2.0,False,0,1,8.0,77.0,0,4.185028030857168,0.4345001106575242,352.03010980401007,24.47098538490532,724.2024835255357,12.961962577704842,-0.181,51.49100000000001,Royal Borough of Kensington and Chelsea
63,293.75102895176275,Private room,False,True,2.0,False,0,1,9.0,86.0,1,9.504509021659857,0.3413939073290762,117.62541230943452,8.176600993364364,286.47405054454595,5.127386341683263,-0.1639999999999999,51.426,London Borough of Wandsworth
1493,353.25383946000613,Entire home/apt,False,False,2.0,False,0,1,9.0,90.0,0,4.184992949369395,0.4344902230901254,352.03671763804573,24.471444721210965,724.2153675012788,12.962193178421124,-0.181,51.49100000000001,Royal Borough of Kensington and Chelsea
1293,378.8894376631624,Entire home/apt,False,False,2.0,False,0,1,7.0,80.0,0,4.185013803660901,0.4344800749297678,352.034029099943,24.47125783044569,724.2094161973369,12.962086660450336,-0.181,51.49100000000001,Royal Borough of Kensington and Chelsea
195,409.699193301818,Private room,False,True,2.0,False,0,1,8.0,76.0,1,1.4265923947247965,0.1423245717589549,590.5494409384186,41.051394002387205,1527.5355203023912,27.34022417858269,-0.136,51.52,London Borough of Camden
197,376.3023589454127,Private room,False,True,2.0,False,0,1,9.0,82.0,1,1.426607927987838,0.1423155902987533,590.5460442938881,41.05115788838347,1527.528842279423,27.340104653607604,-0.136,51.52,London Borough of Camden
1373,369.7170676638679,Entire home/apt,False,False,2.0,False,0,1,10.0,90.0,0,3.9350155248705208,0.3645515333883088,483.4326097700945,33.60528545372701,792.405223092987,14.182672776966507,-0.071,51.511,London Borough of Tower Hamlets
4960,345.2574143324161,Entire home/apt,False,False,2.0,False,0,1,10.0,94.0,0,3.935032848381165,0.3645703948946772,483.42454812446687,33.60472505730966,792.4063252083831,14.182692502911737,-0.071,51.511,London Borough of Tower Hamlets
4965,360.7798866389144,Entire home/apt,False,False,2.0,False,0,1,9.0,96.0,0,3.9350243383162367,0.3645632420560812,483.4262313522276,33.604842065033665,792.4091382310105,14.182742851115249,-0.071,51.511,London Borough of Tower Hamlets
1292,378.8894376631624,Entire home/apt,False,False,2.0,False,0,1,10.0,87.0,0,4.18499620484728,0.4344780546206165,352.03711666160075,24.47147245889393,724.2155649197266,12.96219671186735,-0.181,51.49100000000001,Royal Borough of Kensington and Chelsea
1493,353.25383946000613,Entire home/apt,False,False,2.0,False,0,1,9.0,90.0,0,4.184992949369395,0.4344902230901254,352.03671763804573,24.471444721210965,724.2153675012788,12.962193178421124,-0.181,51.49100000000001,Royal Borough of Kensington and Chelsea
1467,359.60394176721,Entire home/apt,False,False,2.0,False,0,1,10.0,93.0,0,3.9350219760378087,0.3645613550026373,483.4265924890182,33.60486716905994,792.410075352398,14.18275962395521,-0.071,51.511,London Borough of Tower Hamlets
4684,532.7030268820997,Entire home/apt,False,False,4.0,False,0,1,2.0,20.0,1,3.838302776178675,0.1669155937969142,272.9071862737662,18.97084249543046,513.9675671693449,9.19912389608388,-0.122,51.474,London Borough of Lambeth
1486,353.25383946000613,Entire home/apt,False,False,2.0,False,0,1,8.0,100.0,0,4.18503097466839,0.4344959094430688,352.02994446355126,24.47097389144541,724.2019404164317,12.961952856998211,-0.181,51.49100000000001,Royal Borough of Kensington and Chelsea
1292,378.8894376631624,Entire home/apt,False,False,2.0,False,0,1,10.0,87.0,0,4.18499620484728,0.4344780546206165,352.03711666160075,24.47147245889393,724.2155649197266,12.96219671186735,-0.181,51.49100000000001,Royal Borough of Kensington and Chelsea
1484,353.25383946000613,Entire home/apt,False,False,2.0,False,0,1,8.0,80.0,0,4.185002016230517,0.4344890877699983,352.0352952611351,24.47134584624652,724.2124296814144,12.962140596564517,-0.181,51.49100000000001,Royal Borough of Kensington and Chelsea
456,997.4364401796844,Entire home/apt,False,False,4.0,False,0,1,9.0,90.0,2,1.4265987691849185,0.1423096938987438,590.5495750942785,41.05140332808406,1527.5213064029413,27.33996977454937,-0.136,51.52,London Borough of Camden
4113,517.4157435499424,Entire home/apt,False,False,5.0,False,0,1,9.0,92.0,2,5.939761862522508,0.377642085785679,206.78797773248056,14.374638532149833,489.5618564754846,8.762304200083827,-0.2,51.48,London Borough of Hammersmith and Fulham
1292,378.8894376631624,Entire home/apt,False,False,2.0,False,0,1,10.0,87.0,0,4.18499620484728,0.4344780546206165,352.03711666160075,24.47147245889393,724.2155649197266,12.96219671186735,-0.181,51.49100000000001,Royal Borough of Kensington and Chelsea
1467,359.60394176721,Entire home/apt,False,False,2.0,False,0,1,10.0,93.0,0,3.9350219760378087,0.3645613550026373,483.4265924890182,33.60486716905994,792.410075352398,14.18275962395521,-0.071,51.511,London Borough of Tower Hamlets
1484,353.25383946000613,Entire home/apt,False,False,2.0,False,0,1,8.0,80.0,0,4.185002016230517,0.4344890877699983,352.0352952611351,24.47134584624652,724.2124296814144,12.962140596564517,-0.181,51.49100000000001,Royal Borough of Kensington and Chelsea
195,409.699193301818,Private room,False,True,2.0,False,0,1,8.0,76.0,1,1.4265923947247965,0.1423245717589549,590.5494409384186,41.051394002387205,1527.5355203023912,27.34022417858269,-0.136,51.52,London Borough of Camden
194,440.7441379148145,Private room,False,True,2.0,False,0,1,8.0,80.0,1,1.426611953447417,0.1423164194981613,590.544733118047,41.051066743438895,1527.5303518588885,27.340131672449687,-0.136,51.52,London Borough of Camden
4684,532.7030268820997,Entire home/apt,False,False,4.0,False,0,1,2.0,20.0,1,3.838302776178675,0.1669155937969142,272.9071862737662,18.97084249543046,513.9675671693449,9.19912389608388,-0.122,51.474,London Borough of Lambeth
1490,353.25383946000613,Entire home/apt,False,False,2.0,False,0,1,10.0,90.0,0,4.185001270627941,0.4344823977907617,352.03593693119853,24.47139045123429,724.2133939041784,12.962157854471895,-0.181,51.49100000000001,Royal Borough of Kensington and Chelsea
4687,584.444601237094,Entire home/apt,False,False,4.0,False,0,1,8.0,87.0,2,3.83830320711688,0.1669156498500482,272.90716326666563,18.97084089611721,513.9674708911498,9.199122172871943,-0.122,51.474,London Borough of Lambeth
1488,353.25383946000613,Entire home/apt,False,False,2.0,False,0,1,9.0,80.0,0,4.185010724886019,0.4345029901196403,352.0327694127409,24.471170264677163,724.2080102864783,12.96206149709568,-0.181,51.49100000000001,Royal Borough of Kensington and Chelsea
1292,378.8894376631624,Entire home/apt,False,False,2.0,False,0,1,10.0,87.0,0,4.18499620484728,0.4344780546206165,352.03711666160075,24.47147245889393,724.2155649197266,12.96219671186735,-0.181,51.49100000000001,Royal Borough of Kensington and Chelsea
200,376.3023589454127,Private room,False,True,2.0,False,0,1,7.0,70.0,1,1.4265899294226507,0.1423408753715114,590.5479487609099,41.05129027531106,1527.5518228962294,27.340515966606155,-0.136,51.52,London Borough of Camden
1490,353.25383946000613,Entire home/apt,False,False,2.0,False,0,1,10.0,90.0,0,4.185001270627941,0.4344823977907617,352.03593693119853,24.47139045123429,724.2133939041784,12.962157854471895,-0.181,51.49100000000001,Royal Borough of Kensington and Chelsea
1551,360.7798866389144,Entire home/apt,False,False,2.0,False,0,0,10.0,95.0,1,5.998681358467273,2.1776063392279603,188.2750366332007,13.087731820322505,421.45226846034535,7.543261251297806,-0.17387,51.46284,London Borough of Wandsworth
2944,271.64326536371976,Private room,False,True,2.0,True,1,0,10.0,97.0,1,7.778184259521605,0.3996140173274417,148.91425658832827,10.351610544353248,347.92377116664835,6.227229268535119,-0.21176,51.46228,London Borough of Wandsworth
1373,369.7170676638679,Entire home/apt,False,False,2.0,False,0,1,10.0,90.0,0,3.9350155248705208,0.3645515333883088,483.4326097700945,33.60528545372701,792.405223092987,14.182672776966507,-0.071,51.511,London Borough of Tower Hamlets
1486,353.25383946000613,Entire home/apt,False,False,2.0,False,0,1,8.0,100.0,0,4.18503097466839,0.4344959094430688,352.02994446355126,24.47097389144541,724.2019404164317,12.961952856998211,-0.181,51.49100000000001,Royal Borough of Kensington and Chelsea
1483,353.25383946000613,Entire home/apt,False,False,2.0,False,0,1,9.0,70.0,0,4.1850164660276645,0.4344985934045747,352.03215328765305,24.471127435420232,724.2065434749488,12.96203524372513,-0.181,51.49100000000001,Royal Borough of Kensington and Chelsea
4965,360.7798866389144,Entire home/apt,False,False,2.0,False,0,1,9.0,96.0,0,3.9350243383162367,0.3645632420560812,483.4262313522276,33.604842065033665,792.4091382310105,14.182742851115249,-0.071,51.511,London Borough of Tower Hamlets
1293,378.8894376631624,Entire home/apt,False,False,2.0,False,0,1,7.0,80.0,0,4.185013803660901,0.4344800749297678,352.034029099943,24.47125783044569,724.2094161973369,12.962086660450336,-0.181,51.49100000000001,Royal Borough of Kensington and Chelsea
66,293.75102895176275,Private room,False,True,2.0,False,0,1,8.0,82.0,1,9.504517474645644,0.3413844063555099,117.62531318838433,8.176594103073722,286.4774843970736,5.127447801660236,-0.1639999999999999,51.426,London Borough of Wandsworth
4138,517.4157435499424,Entire home/apt,False,False,5.0,False,0,1,10.0,20.0,2,5.939780223010478,0.3776627225202749,206.7871999193536,14.374584463326928,489.5578092478432,8.762231761761086,-0.2,51.48,London Borough of Hammersmith and Fulham
60,293.75102895176275,Private room,False,True,2.0,False,0,1,8.0,76.0,1,9.50450633974499,0.3413801615197919,117.62544927878372,8.176603563247957,286.4755790091257,5.127413698535986,-0.1639999999999999,51.426,London Borough of Wandsworth
433,714.0337260989205,Entire home/apt,False,False,2.0,False,0,1,9.0,100.0,1,1.426608494030278,0.1423163865398678,590.5457671330145,41.05113862185058,1527.5297517587069,27.34012093170207,-0.136,51.52,London Borough of Camden
1488,353.25383946000613,Entire home/apt,False,False,2.0,False,0,1,9.0,80.0,0,4.185010724886019,0.4345029901196403,352.0327694127409,24.471170264677163,724.2080102864783,12.96206149709568,-0.181,51.49100000000001,Royal Borough of Kensington and Chelsea
5091,360.7798866389144,Entire home/apt,False,False,2.0,False,0,1,10.0,90.0,0,3.9350278690773792,0.3645666968444838,483.4250080199261,33.60475702643602,792.4087447369003,14.182735808256316,-0.071,51.511,London Borough of Tower Hamlets
4965,360.7798866389144,Entire home/apt,False,False,2.0,False,0,1,9.0,96.0,0,3.9350243383162367,0.3645632420560812,483.4262313522276,33.604842065033665,792.4091382310105,14.182742851115249,-0.071,51.511,London Borough of Tower Hamlets
1412,369.7170676638679,Entire home/apt,False,False,2.0,False,0,1,9.0,90.0,0,3.935020189475922,0.3645609101042149,483.4258071422481,33.60481257654414,792.4123437427209,14.182800224189462,-0.071,51.511,London Borough of Tower Hamlets
4965,360.7798866389144,Entire home/apt,False,False,2.0,False,0,1,9.0,96.0,0,3.9350243383162367,0.3645632420560812,483.4262313522276,33.604842065033665,792.4091382310105,14.182742851115249,-0.071,51.511,London Borough of Tower Hamlets
4960,345.2574143324161,Entire home/apt,False,False,2.0,False,0,1,10.0,94.0,0,3.935032848381165,0.3645703948946772,483.42454812446687,33.60472505730966,792.4063252083831,14.182692502911737,-0.071,51.511,London Borough of Tower Hamlets
1389,359.60394176721,Entire home/apt,False,False,2.0,False,0,1,10.0,95.0,0,3.93500771200998,0.3645473153605198,483.43162375157385,33.60521691173546,792.4115335119782,14.182785722470944,-0.071,51.511,London Borough of Tower Hamlets
1292,378.8894376631624,Entire home/apt,False,False,2.0,False,0,1,10.0,87.0,0,4.18499620484728,0.4344780546206165,352.03711666160075,24.47147245889393,724.2155649197266,12.96219671186735,-0.181,51.49100000000001,Royal Borough of Kensington and Chelsea
483,268.1154307486065,Private room,False,True,2.0,False,0,1,8.0,80.0,1,9.52327699514574,0.287527707201317,117.417637227526,8.162157737372535,299.0813322529376,5.353034716865882,-0.165,51.426,London Borough of Wandsworth
66,293.75102895176275,Private room,False,True,2.0,False,0,1,8.0,82.0,1,9.504517474645644,0.3413844063555099,117.62531318838433,8.176594103073722,286.4774843970736,5.127447801660236,-0.1639999999999999,51.426,London Borough of Wandsworth
1486,353.25383946000613,Entire home/apt,False,False,2.0,False,0,1,8.0,100.0,0,4.18503097466839,0.4344959094430688,352.02994446355126,24.47097389144541,724.2019404164317,12.961952856998211,-0.181,51.49100000000001,Royal Borough of Kensington and Chelsea
1259,359.60394176721,Entire home/apt,False,False,2.0,False,0,1,9.0,92.0,0,3.935028452493092,0.364567577230854,483.4244723244489,33.60471978815489,792.4091712378088,14.182743441879426,-0.071,51.511,London Borough of Tower Hamlets
1487,353.25383946000613,Entire home/apt,False,False,2.0,False,0,1,10.0,60.0,0,4.185001714432458,0.4344939213775508,352.0349716407835,24.471323350134185,724.2120163937046,12.96213319943464,-0.181,51.49100000000001,Royal Borough of Kensington and Chelsea
1467,359.60394176721,Entire home/apt,False,False,2.0,False,0,1,10.0,93.0,0,3.9350219760378087,0.3645613550026373,483.4265924890182,33.60486716905994,792.410075352398,14.18275962395521,-0.071,51.511,London Borough of Tower Hamlets
2152,309.27350125826104,Entire home/apt,False,False,4.0,True,1,0,9.0,94.0,1,3.808867431251685,0.8027722991352222,300.7687959381112,20.90761160667413,636.8249515577224,11.39805700534972,-0.1322,51.54243,London Borough of Camden
4965,360.7798866389144,Entire home/apt,False,False,2.0,False,0,1,9.0,96.0,0,3.9350243383162367,0.3645632420560812,483.4262313522276,33.604842065033665,792.4091382310105,14.182742851115249,-0.071,51.511,London Borough of Tower Hamlets
1488,353.25383946000613,Entire home/apt,False,False,2.0,False,0,1,9.0,80.0,0,4.185010724886019,0.4345029901196403,352.0327694127409,24.471170264677163,724.2080102864783,12.96206149709568,-0.181,51.49100000000001,Royal Borough of Kensington and Chelsea
4960,345.2574143324161,Entire home/apt,False,False,2.0,False,0,1,10.0,94.0,0,3.935032848381165,0.3645703948946772,483.42454812446687,33.60472505730966,792.4063252083831,14.182692502911737,-0.071,51.511,London Borough of Tower Hamlets
198,376.3023589454127,Private room,False,True,2.0,False,0,1,9.0,84.0,1,1.4266091415297688,0.1423332007622191,590.5432789998072,41.05096566201091,1527.5471129295904,27.340431666410137,-0.136,51.52,London Borough of Camden
483,268.1154307486065,Private room,False,True,2.0,False,0,1,8.0,80.0,1,9.52327699514574,0.287527707201317,117.417637227526,8.162157737372535,299.0813322529376,5.353034716865882,-0.165,51.426,London Borough of Wandsworth
1259,359.60394176721,Entire home/apt,False,False,2.0,False,0,1,9.0,92.0,0,3.935028452493092,0.364567577230854,483.4244723244489,33.60471978815489,792.4091712378088,14.182743441879426,-0.071,51.511,London Borough of Tower Hamlets
2305,210.0237540864084,Private room,False,True,2.0,False,0,1,10.0,90.0,1,2.8157855188305114,0.5166301582165642,384.49560172226376,26.727788300677663,832.7588378574264,14.904932167607411,-0.13129,51.53352,London Borough of Camden
1493,353.25383946000613,Entire home/apt,False,False,2.0,False,0,1,9.0,90.0,0,4.184992949369395,0.4344902230901254,352.03671763804573,24.471444721210965,724.2153675012788,12.962193178421124,-0.181,51.49100000000001,Royal Borough of Kensington and Chelsea
1259,359.60394176721,Entire home/apt,False,False,2.0,False,0,1,9.0,92.0,0,3.935028452493092,0.364567577230854,483.4244723244489,33.60471978815489,792.4091712378088,14.182743441879426,-0.071,51.511,London Borough of Tower Hamlets
60,293.75102895176275,Private room,False,True,2.0,False,0,1,8.0,76.0,1,9.50450633974499,0.3413801615197919,117.62544927878372,8.176603563247957,286.4755790091257,5.127413698535986,-0.1639999999999999,51.426,London Borough of Wandsworth
5091,360.7798866389144,Entire home/apt,False,False,2.0,False,0,1,10.0,90.0,0,3.9350278690773792,0.3645666968444838,483.4250080199261,33.60475702643602,792.4087447369003,14.182735808256316,-0.071,51.511,London Borough of Tower Hamlets
5023,799.8777017333427,Entire home/apt,False,False,4.0,True,1,0,10.0,100.0,2,4.9642446650869365,0.3579105099209372,279.1689945356344,19.406125200493864,573.1664027482602,10.25867990268869,-0.0573,51.51676,London Borough of Tower Hamlets
1492,353.25383946000613,Entire home/apt,False,False,2.0,False,0,1,8.0,77.0,0,4.185028030857168,0.4345001106575242,352.03010980401007,24.47098538490532,724.2024835255357,12.961962577704842,-0.181,51.49100000000001,Royal Borough of Kensington and Chelsea
1575,333.73315458971285,Entire home/apt,False,False,2.0,False,0,1,9.0,100.0,0,3.9350143045386576,0.3645493176496757,483.43413381094297,33.60539139574812,792.4037374677036,14.182646186862549,-0.071,51.511,London Borough of Tower Hamlets
3022,365.9540440744138,Entire home/apt,False,False,4.0,False,0,1,9.0,92.0,1,5.486438057946258,0.3988134600698434,237.48602969897016,16.508579806193868,554.4228325980869,9.923202656495892,-0.205,51.518,Royal Borough of Kensington and Chelsea
4334,232.83708459747407,Private room,False,True,2.0,False,0,0,10.0,100.0,1,1.8094318313241,0.3648609557270697,558.3220588922966,38.81114303214071,916.7615015173144,16.40843347774701,-0.10539,51.49973,London Borough of Southwark
4876,371.1282015099132,Entire home/apt,False,False,2.0,False,0,1,10.0,95.0,0,3.935028437038272,0.3645674139495256,483.4246373406673,33.60473125907558,792.4089376830748,14.182739261656645,-0.071,51.511,London Borough of Tower Hamlets
433,714.0337260989205,Entire home/apt,False,False,2.0,False,0,1,9.0,100.0,1,1.426608494030278,0.1423163865398678,590.5457671330145,41.05113862185058,1527.5297517587069,27.34012093170207,-0.136,51.52,London Borough of Camden
1259,359.60394176721,Entire home/apt,False,False,2.0,False,0,1,9.0,92.0,0,3.935028452493092,0.364567577230854,483.4244723244489,33.60471978815489,792.4091712378088,14.182743441879426,-0.071,51.511,London Borough of Tower Hamlets
1412,369.7170676638679,Entire home/apt,False,False,2.0,False,0,1,9.0,90.0,0,3.935020189475922,0.3645609101042149,483.4258071422481,33.60481257654414,792.4123437427209,14.182800224189462,-0.071,51.511,London Borough of Tower Hamlets
1259,359.60394176721,Entire home/apt,False,False,2.0,False,0,1,9.0,92.0,0,3.935028452493092,0.364567577230854,483.4244723244489,33.60471978815489,792.4091712378088,14.182743441879426,-0.071,51.511,London Borough of Tower Hamlets
1493,353.25383946000613,Entire home/apt,False,False,2.0,False,0,1,9.0,90.0,0,4.184992949369395,0.4344902230901254,352.03671763804573,24.471444721210965,724.2153675012788,12.962193178421124,-0.181,51.49100000000001,Royal Borough of Kensington and Chelsea
1487,353.25383946000613,Entire home/apt,False,False,2.0,False,0,1,10.0,60.0,0,4.185001714432458,0.4344939213775508,352.0349716407835,24.471323350134185,724.2120163937046,12.96213319943464,-0.181,51.49100000000001,Royal Borough of Kensington and Chelsea
494,293.9862179261036,Private room,False,True,2.0,False,0,1,9.0,80.0,1,9.504498914219624,0.341377448339851,117.62553999482677,8.176609869273783,286.4742902723464,5.127390632393181,-0.1639999999999999,51.426,London Borough of Wandsworth
4876,371.1282015099132,Entire home/apt,False,False,2.0,False,0,1,10.0,95.0,0,3.935028437038272,0.3645674139495256,483.4246373406673,33.60473125907558,792.4089376830748,14.182739261656645,-0.071,51.511,London Borough of Tower Hamlets
409,252.59295844210823,Entire home/apt,False,False,2.0,True,0,1,10.0,94.0,0,3.840187665921696,0.4925579037934435,322.8908699354316,22.44540321709522,920.8810414805018,16.48216606504808,-0.08,51.526,London Borough of Hackney
1484,353.25383946000613,Entire home/apt,False,False,2.0,False,0,1,8.0,80.0,0,4.185002016230517,0.4344890877699983,352.0352952611351,24.47134584624652,724.2124296814144,12.962140596564517,-0.181,51.49100000000001,Royal Borough of Kensington and Chelsea
197,376.3023589454127,Private room,False,True,2.0,False,0,1,9.0,82.0,1,1.426607927987838,0.1423155902987533,590.5460442938881,41.05115788838347,1527.528842279423,27.340104653607604,-0.136,51.52,London Borough of Camden
71,268.1154307486065,Private room,False,True,2.0,False,0,1,9.0,86.0,1,9.523278900165163,0.2875335711338572,117.4176121112398,8.16215599144156,299.0830245814968,5.353065006598316,-0.165,51.426,London Borough of Wandsworth
5091,360.7798866389144,Entire home/apt,False,False,2.0,False,0,1,10.0,90.0,0,3.9350278690773792,0.3645666968444838,483.4250080199261,33.60475702643602,792.4087447369003,14.182735808256316,-0.071,51.511,London Borough of Tower Hamlets
4960,345.2574143324161,Entire home/apt,False,False,2.0,False,0,1,10.0,94.0,0,3.935032848381165,0.3645703948946772,483.42454812446687,33.60472505730966,792.4063252083831,14.182692502911737,-0.071,51.511,London Borough of Tower Hamlets
4965,360.7798866389144,Entire home/apt,False,False,2.0,False,0,1,9.0,96.0,0,3.9350243383162367,0.3645632420560812,483.4262313522276,33.604842065033665,792.4091382310105,14.182742851115249,-0.071,51.511,London Borough of Tower Hamlets
409,252.59295844210823,Entire home/apt,False,False,2.0,True,0,1,10.0,94.0,0,3.840187665921696,0.4925579037934435,322.8908699354316,22.44540321709522,920.8810414805018,16.48216606504808,-0.08,51.526,London Borough of Hackney
433,714.0337260989205,Entire home/apt,False,False,2.0,False,0,1,9.0,100.0,1,1.426608494030278,0.1423163865398678,590.5457671330145,41.05113862185058,1527.5297517587069,27.34012093170207,-0.136,51.52,London Borough of Camden
1260,369.7170676638679,Entire home/apt,False,False,2.0,False,0,1,10.0,89.0,0,3.935020320745124,0.3645587247752559,483.4282550546191,33.60498274047667,792.4086552797338,14.182734207128908,-0.071,51.511,London Borough of Tower Hamlets
70,268.1154307486065,Private room,False,True,2.0,False,0,1,8.0,83.0,1,9.523278643586218,0.2875333512821565,117.4176152834318,8.162156211952995,299.08286977124584,5.353062235764571,-0.165,51.426,London Borough of Wandsworth
1412,369.7170676638679,Entire home/apt,False,False,2.0,False,0,1,9.0,90.0,0,3.935020189475922,0.3645609101042149,483.4258071422481,33.60481257654414,792.4123437427209,14.182800224189462,-0.071,51.511,London Borough of Tower Hamlets
1488,353.25383946000613,Entire home/apt,False,False,2.0,False,0,1,9.0,80.0,0,4.185010724886019,0.4345029901196403,352.0327694127409,24.471170264677163,724.2080102864783,12.96206149709568,-0.181,51.49100000000001,Royal Borough of Kensington and Chelsea
1260,369.7170676638679,Entire home/apt,False,False,2.0,False,0,1,10.0,89.0,0,3.935020320745124,0.3645587247752559,483.4282550546191,33.60498274047667,792.4086552797338,14.182734207128908,-0.071,51.511,London Borough of Tower Hamlets
1961,181.5658881911616,Private room,False,True,2.0,False,0,0,9.0,93.0,1,2.762323852675969,0.4228305886302245,390.26689762906034,27.128973579589776,662.959331178968,11.865816863052792,-0.09966,51.4906,London Borough of Southwark
4960,345.2574143324161,Entire home/apt,False,False,2.0,False,0,1,10.0,94.0,0,3.935032848381165,0.3645703948946772,483.42454812446687,33.60472505730966,792.4063252083831,14.182692502911737,-0.071,51.511,London Borough of Tower Hamlets
62,293.75102895176275,Private room,False,True,2.0,False,0,1,8.0,82.0,1,9.504498818718714,0.3414107900049699,117.6255301675482,8.176609186141336,286.469061605313,5.127297048363907,-0.1639999999999999,51.426,London Borough of Wandsworth
231,191.91420306216045,Private room,False,True,4.0,False,0,1,7.0,74.0,1,5.172788304553944,0.320391780033382,245.9291367211949,17.09549309227352,540.6412164091137,9.676535740315034,-0.06,51.528,London Borough of Tower Hamlets
1483,353.25383946000613,Entire home/apt,False,False,2.0,False,0,1,9.0,70.0,0,4.1850164660276645,0.4344985934045747,352.03215328765305,24.471127435420232,724.2065434749488,12.96203524372513,-0.181,51.49100000000001,Royal Borough of Kensington and Chelsea
4687,584.444601237094,Entire home/apt,False,False,4.0,False,0,1,8.0,87.0,2,3.83830320711688,0.1669156498500482,272.90716326666563,18.97084089611721,513.9674708911498,9.199122172871943,-0.122,51.474,London Borough of Lambeth
1575,333.73315458971285,Entire home/apt,False,False,2.0,False,0,1,9.0,100.0,0,3.9350143045386576,0.3645493176496757,483.43413381094297,33.60539139574812,792.4037374677036,14.182646186862549,-0.071,51.511,London Borough of Tower Hamlets
1292,378.8894376631624,Entire home/apt,False,False,2.0,False,0,1,10.0,87.0,0,4.18499620484728,0.4344780546206165,352.03711666160075,24.47147245889393,724.2155649197266,12.96219671186735,-0.181,51.49100000000001,Royal Borough of Kensington and Chelsea
1713,185.5641007549566,Private room,False,True,2.0,False,0,1,8.0,78.0,1,3.662167537087252,0.3342288513835536,339.5624086542249,23.604306870417968,788.9641162118635,14.121082959707298,-0.17967,51.51322,City of Westminster
65,293.75102895176275,Private room,False,True,2.0,False,0,1,8.0,80.0,1,9.50451248267244,0.3414050430232744,117.62536677572383,8.176597828138613,286.4731091772396,5.127369492848753,-0.1639999999999999,51.426,London Borough of Wandsworth
1317,344.0814694607117,Entire home/apt,False,False,2.0,False,0,1,9.0,91.0,0,3.93502673784039,0.3645650511862616,483.42598057278855,33.60482463237716,792.4080153033627,14.182722752666985,-0.071,51.511,London Borough of Tower Hamlets
1412,369.7170676638679,Entire home/apt,False,False,2.0,False,0,1,9.0,90.0,0,3.935020189475922,0.3645609101042149,483.4258071422481,33.60481257654414,792.4123437427209,14.182800224189462,-0.071,51.511,London Borough of Tower Hamlets
1412,369.7170676638679,Entire home/apt,False,False,2.0,False,0,1,9.0,90.0,0,3.935020189475922,0.3645609101042149,483.4258071422481,33.60481257654414,792.4123437427209,14.182800224189462,-0.071,51.511,London Borough of Tower Hamlets
5091,360.7798866389144,Entire home/apt,False,False,2.0,False,0,1,10.0,90.0,0,3.9350278690773792,0.3645666968444838,483.4250080199261,33.60475702643602,792.4087447369003,14.182735808256316,-0.071,51.511,London Borough of Tower Hamlets
1373,369.7170676638679,Entire home/apt,False,False,2.0,False,0,1,10.0,90.0,0,3.9350155248705208,0.3645515333883088,483.4326097700945,33.60528545372701,792.405223092987,14.182672776966507,-0.071,51.511,London Borough of Tower Hamlets
1260,369.7170676638679,Entire home/apt,False,False,2.0,False,0,1,10.0,89.0,0,3.935020320745124,0.3645587247752559,483.4282550546191,33.60498274047667,792.4086552797338,14.182734207128908,-0.071,51.511,London Borough of Tower Hamlets
5091,360.7798866389144,Entire home/apt,False,False,2.0,False,0,1,10.0,90.0,0,3.9350278690773792,0.3645666968444838,483.4250080199261,33.60475702643602,792.4087447369003,14.182735808256316,-0.071,51.511,London Borough of Tower Hamlets
197,376.3023589454127,Private room,False,True,2.0,False,0,1,9.0,82.0,1,1.426607927987838,0.1423155902987533,590.5460442938881,41.05115788838347,1527.528842279423,27.340104653607604,-0.136,51.52,London Borough of Camden
71,268.1154307486065,Private room,False,True,2.0,False,0,1,9.0,86.0,1,9.523278900165163,0.2875335711338572,117.4176121112398,8.16215599144156,299.0830245814968,5.353065006598316,-0.165,51.426,London Borough of Wandsworth
1260,369.7170676638679,Entire home/apt,False,False,2.0,False,0,1,10.0,89.0,0,3.935020320745124,0.3645587247752559,483.4282550546191,33.60498274047667,792.4086552797338,14.182734207128908,-0.071,51.511,London Borough of Tower Hamlets
4876,371.1282015099132,Entire home/apt,False,False,2.0,False,0,1,10.0,95.0,0,3.935028437038272,0.3645674139495256,483.4246373406673,33.60473125907558,792.4089376830748,14.182739261656645,-0.071,51.511,London Borough of Tower Hamlets
1486,353.25383946000613,Entire home/apt,False,False,2.0,False,0,1,8.0,100.0,0,4.18503097466839,0.4344959094430688,352.02994446355126,24.47097389144541,724.2019404164317,12.961952856998211,-0.181,51.49100000000001,Royal Borough of Kensington and Chelsea
1317,344.0814694607117,Entire home/apt,False,False,2.0,False,0,1,9.0,91.0,0,3.93502673784039,0.3645650511862616,483.42598057278855,33.60482463237716,792.4080153033627,14.182722752666985,-0.071,51.511,London Borough of Tower Hamlets
70,268.1154307486065,Private room,False,True,2.0,False,0,1,8.0,83.0,1,9.523278643586218,0.2875333512821565,117.4176152834318,8.162156211952995,299.08286977124584,5.353062235764571,-0.165,51.426,London Borough of Wandsworth
1259,359.60394176721,Entire home/apt,False,False,2.0,False,0,1,9.0,92.0,0,3.935028452493092,0.364567577230854,483.4244723244489,33.60471978815489,792.4091712378088,14.182743441879426,-0.071,51.511,London Borough of Tower Hamlets
1292,378.8894376631624,Entire home/apt,False,False,2.0,False,0,1,10.0,87.0,0,4.18499620484728,0.4344780546206165,352.03711666160075,24.47147245889393,724.2155649197266,12.96219671186735,-0.181,51.49100000000001,Royal Borough of Kensington and Chelsea
1575,333.73315458971285,Entire home/apt,False,False,2.0,False,0,1,9.0,100.0,0,3.9350143045386576,0.3645493176496757,483.43413381094297,33.60539139574812,792.4037374677036,14.182646186862549,-0.071,51.511,London Borough of Tower Hamlets
1373,369.7170676638679,Entire home/apt,False,False,2.0,False,0,1,10.0,90.0,0,3.9350155248705208,0.3645515333883088,483.4326097700945,33.60528545372701,792.405223092987,14.182672776966507,-0.071,51.511,London Borough of Tower Hamlets
197,376.3023589454127,Private room,False,True,2.0,False,0,1,9.0,82.0,1,1.426607927987838,0.1423155902987533,590.5460442938881,41.05115788838347,1527.528842279423,27.340104653607604,-0.136,51.52,London Borough of Camden
3470,446.3886732989957,Entire home/apt,False,False,4.0,False,0,1,3.0,40.0,1,4.608226923082174,0.4557448534462534,304.06044357297,21.13642686685097,676.5298175514312,12.108704923398582,-0.18978,51.49401,Royal Borough of Kensington and Chelsea
484,268.1154307486065,Private room,False,True,2.0,False,0,1,7.0,76.0,1,9.5233097620805,0.2875510182420163,117.41723387925968,8.162129699062017,299.1005052747009,5.353377880547658,-0.165,51.426,London Borough of Wandsworth
1317,344.0814694607117,Entire home/apt,False,False,2.0,False,0,1,9.0,91.0,0,3.93502673784039,0.3645650511862616,483.42598057278855,33.60482463237716,792.4080153033627,14.182722752666985,-0.071,51.511,London Borough of Tower Hamlets
456,997.4364401796844,Entire home/apt,False,False,4.0,False,0,1,9.0,90.0,2,1.4265987691849185,0.1423096938987438,590.5495750942785,41.05140332808406,1527.5213064029413,27.33996977454937,-0.136,51.52,London Borough of Camden
1292,378.8894376631624,Entire home/apt,False,False,2.0,False,0,1,10.0,87.0,0,4.18499620484728,0.4344780546206165,352.03711666160075,24.47147245889393,724.2155649197266,12.96219671186735,-0.181,51.49100000000001,Royal Borough of Kensington and Chelsea
195,409.699193301818,Private room,False,True,2.0,False,0,1,8.0,76.0,1,1.4265923947247965,0.1423245717589549,590.5494409384186,41.051394002387205,1527.5355203023912,27.34022417858269,-0.136,51.52,London Borough of Camden
1260,369.7170676638679,Entire home/apt,False,False,2.0,False,0,1,10.0,89.0,0,3.935020320745124,0.3645587247752559,483.4282550546191,33.60498274047667,792.4086552797338,14.182734207128908,-0.071,51.511,London Borough of Tower Hamlets
67,293.75102895176275,Private room,False,True,2.0,False,0,1,9.0,84.0,1,9.50451857010954,0.3413962403710837,117.62529603922582,8.176592910968855,286.47588826825665,5.127419233735566,-0.1639999999999999,51.426,London Borough of Wandsworth
63,293.75102895176275,Private room,False,True,2.0,False,0,1,9.0,86.0,1,9.504509021659857,0.3413939073290762,117.62541230943452,8.176600993364364,286.47405054454595,5.127386341683263,-0.1639999999999999,51.426,London Borough of Wandsworth
4273,543.0513417530987,Entire home/apt,False,False,4.0,False,0,0,8.0,100.0,2,6.137528549860859,0.2593215888943994,205.4023635531296,14.278319088478112,476.1810888032802,8.522811773899734,-0.21229,51.492740000000005,London Borough of Hammersmith and Fulham
1493,353.25383946000613,Entire home/apt,False,False,2.0,False,0,1,9.0,90.0,0,4.184992949369395,0.4344902230901254,352.03671763804573,24.471444721210965,724.2153675012788,12.962193178421124,-0.181,51.49100000000001,Royal Borough of Kensington and Chelsea
1259,359.60394176721,Entire home/apt,False,False,2.0,False,0,1,9.0,92.0,0,3.935028452493092,0.364567577230854,483.4244723244489,33.60471978815489,792.4091712378088,14.182743441879426,-0.071,51.511,London Borough of Tower Hamlets
1485,353.25383946000613,Entire home/apt,False,False,2.0,False,0,1,7.0,76.0,0,4.185011548057564,0.4344912137629979,352.03354320688,24.471224054124544,724.2089887671192,12.962079010194213,-0.181,51.49100000000001,Royal Borough of Kensington and Chelsea
1467,359.60394176721,Entire home/apt,False,False,2.0,False,0,1,10.0,93.0,0,3.9350219760378087,0.3645613550026373,483.4265924890182,33.60486716905994,792.410075352398,14.18275962395521,-0.071,51.511,London Borough of Tower Hamlets
456,997.4364401796844,Entire home/apt,False,False,4.0,False,0,1,9.0,90.0,2,1.4265987691849185,0.1423096938987438,590.5495750942785,41.05140332808406,1527.5213064029413,27.33996977454937,-0.136,51.52,London Borough of Camden
200,376.3023589454127,Private room,False,True,2.0,False,0,1,7.0,70.0,1,1.4265899294226507,0.1423408753715114,590.5479487609099,41.05129027531106,1527.5518228962294,27.340515966606155,-0.136,51.52,London Borough of Camden
65,293.75102895176275,Private room,False,True,2.0,False,0,1,8.0,80.0,1,9.50451248267244,0.3414050430232744,117.62536677572383,8.176597828138613,286.4731091772396,5.127369492848753,-0.1639999999999999,51.426,London Borough of Wandsworth
1260,369.7170676638679,Entire home/apt,False,False,2.0,False,0,1,10.0,89.0,0,3.935020320745124,0.3645587247752559,483.4282550546191,33.60498274047667,792.4086552797338,14.182734207128908,-0.071,51.511,London Borough of Tower Hamlets
4876,371.1282015099132,Entire home/apt,False,False,2.0,False,0,1,10.0,95.0,0,3.935028437038272,0.3645674139495256,483.4246373406673,33.60473125907558,792.4089376830748,14.182739261656645,-0.071,51.511,London Borough of Tower Hamlets
4960,345.2574143324161,Entire home/apt,False,False,2.0,False,0,1,10.0,94.0,0,3.935032848381165,0.3645703948946772,483.42454812446687,33.60472505730966,792.4063252083831,14.182692502911737,-0.071,51.511,London Borough of Tower Hamlets
1303,167.6897387050495,Private room,False,True,2.0,True,0,0,10.0,96.0,1,8.884047322491739,3.45892833727412,154.61638450003787,10.747987686263045,296.20635371592266,5.3015776105230845,-0.01404,51.47149,London Borough of Lewisham
4685,532.7030268820997,Entire home/apt,False,False,2.0,False,0,1,10.0,100.0,1,3.838316593449824,0.1669039612594322,272.9063238742292,18.97078254667643,513.9661462267178,9.199098463686758,-0.122,51.474,London Borough of Lambeth
1317,344.0814694607117,Entire home/apt,False,False,2.0,False,0,1,9.0,91.0,0,3.93502673784039,0.3645650511862616,483.42598057278855,33.60482463237716,792.4080153033627,14.182722752666985,-0.071,51.511,London Borough of Tower Hamlets
1389,359.60394176721,Entire home/apt,False,False,2.0,False,0,1,10.0,95.0,0,3.93500771200998,0.3645473153605198,483.43162375157385,33.60521691173546,792.4115335119782,14.182785722470944,-0.071,51.511,London Borough of Tower Hamlets
195,409.699193301818,Private room,False,True,2.0,False,0,1,8.0,76.0,1,1.4265923947247965,0.1423245717589549,590.5494409384186,41.051394002387205,1527.5355203023912,27.34022417858269,-0.136,51.52,London Borough of Camden
4876,371.1282015099132,Entire home/apt,False,False,2.0,False,0,1,10.0,95.0,0,3.935028437038272,0.3645674139495256,483.4246373406673,33.60473125907558,792.4089376830748,14.182739261656645,-0.071,51.511,London Borough of Tower Hamlets
1292,378.8894376631624,Entire home/apt,False,False,2.0,False,0,1,10.0,87.0,0,4.18499620484728,0.4344780546206165,352.03711666160075,24.47147245889393,724.2155649197266,12.96219671186735,-0.181,51.49100000000001,Royal Borough of Kensington and Chelsea
3975,235.42416331522367,Private room,False,True,3.0,False,1,0,10.0,100.0,1,5.731955747128702,2.1882862926583,210.3527414314511,14.62243915473497,399.0339750964654,7.142012862554363,-0.06019,51.47853,London Borough of Southwark
1373,369.7170676638679,Entire home/apt,False,False,2.0,False,0,1,10.0,90.0,0,3.9350155248705208,0.3645515333883088,483.4326097700945,33.60528545372701,792.405223092987,14.182672776966507,-0.071,51.511,London Borough of Tower Hamlets
63,293.75102895176275,Private room,False,True,2.0,False,0,1,9.0,86.0,1,9.504509021659857,0.3413939073290762,117.62541230943452,8.176600993364364,286.47405054454595,5.127386341683263,-0.1639999999999999,51.426,London Borough of Wandsworth
1492,353.25383946000613,Entire home/apt,False,False,2.0,False,0,1,8.0,77.0,0,4.185028030857168,0.4345001106575242,352.03010980401007,24.47098538490532,724.2024835255357,12.961962577704842,-0.181,51.49100000000001,Royal Borough of Kensington and Chelsea
4477,227.42773818763376,Private room,False,True,2.0,False,0,1,8.0,84.0,1,8.65298665747705,0.7015928976648621,129.08378436846644,8.973117107703239,290.39503106549364,5.19756506094561,-0.1689999999999999,51.435,London Borough of Wandsworth
199,376.3023589454127,Private room,False,True,2.0,False,0,1,9.0,84.0,1,1.4266116766837378,0.1423209166241567,590.5442015370076,41.05102979116838,1527.5349223559454,27.3402134763832,-0.136,51.52,London Borough of Camden
4960,345.2574143324161,Entire home/apt,False,False,2.0,False,0,1,10.0,94.0,0,3.935032848381165,0.3645703948946772,483.42454812446687,33.60472505730966,792.4063252083831,14.182692502911737,-0.071,51.511,London Borough of Tower Hamlets
1373,369.7170676638679,Entire home/apt,False,False,2.0,False,0,1,10.0,90.0,0,3.9350155248705208,0.3645515333883088,483.4326097700945,33.60528545372701,792.405223092987,14.182672776966507,-0.071,51.511,London Borough of Tower Hamlets
3235,183.21221101154777,Private room,False,True,2.0,True,1,0,10.0,99.0,1,5.468611207842469,0.1567115623845386,233.69621979211323,16.2451353443156,527.8203828318933,9.447065158781117,-0.19738,51.48566,London Borough of Hammersmith and Fulham
198,376.3023589454127,Private room,False,True,2.0,False,0,1,9.0,84.0,1,1.4266091415297688,0.1423332007622191,590.5432789998072,41.05096566201091,1527.5471129295904,27.340431666410137,-0.136,51.52,London Borough of Camden
1485,353.25383946000613,Entire home/apt,False,False,2.0,False,0,1,7.0,76.0,0,4.185011548057564,0.4344912137629979,352.03354320688,24.471224054124544,724.2089887671192,12.962079010194213,-0.181,51.49100000000001,Royal Borough of Kensington and Chelsea
1490,353.25383946000613,Entire home/apt,False,False,2.0,False,0,1,10.0,90.0,0,4.185001270627941,0.4344823977907617,352.03593693119853,24.47139045123429,724.2133939041784,12.962157854471895,-0.181,51.49100000000001,Royal Borough of Kensington and Chelsea
4138,517.4157435499424,Entire home/apt,False,False,5.0,False,0,1,10.0,20.0,2,5.939780223010478,0.3776627225202749,206.7871999193536,14.374584463326928,489.5578092478432,8.762231761761086,-0.2,51.48,London Borough of Hammersmith and Fulham
4136,517.4157435499424,Entire home/apt,False,False,6.0,False,0,1,10.0,80.0,2,5.939775307304215,0.3776629081531402,206.7874753216797,14.374603607616324,489.5586357353403,8.76224655444718,-0.2,51.48,London Borough of Hammersmith and Fulham
1575,333.73315458971285,Entire home/apt,False,False,2.0,False,0,1,9.0,100.0,0,3.9350143045386576,0.3645493176496757,483.43413381094297,33.60539139574812,792.4037374677036,14.182646186862549,-0.071,51.511,London Borough of Tower Hamlets
1292,378.8894376631624,Entire home/apt,False,False,2.0,False,0,1,10.0,87.0,0,4.18499620484728,0.4344780546206165,352.03711666160075,24.47147245889393,724.2155649197266,12.96219671186735,-0.181,51.49100000000001,Royal Borough of Kensington and Chelsea
1260,369.7170676638679,Entire home/apt,False,False,2.0,False,0,1,10.0,89.0,0,3.935020320745124,0.3645587247752559,483.4282550546191,33.60498274047667,792.4086552797338,14.182734207128908,-0.071,51.511,London Borough of Tower Hamlets
4876,371.1282015099132,Entire home/apt,False,False,2.0,False,0,1,10.0,95.0,0,3.935028437038272,0.3645674139495256,483.4246373406673,33.60473125907558,792.4089376830748,14.182739261656645,-0.071,51.511,London Borough of Tower Hamlets
198,376.3023589454127,Private room,False,True,2.0,False,0,1,9.0,84.0,1,1.4266091415297688,0.1423332007622191,590.5432789998072,41.05096566201091,1527.5471129295904,27.340431666410137,-0.136,51.52,London Borough of Camden
113,621.1340812342718,Entire home/apt,False,False,6.0,False,0,1,10.0,100.0,2,5.386858792401214,0.2856365642447089,216.72203146548785,15.065193336818744,489.0622037319754,8.753361286588577,-0.17823,51.54497,London Borough of Camden
1292,378.8894376631624,Entire home/apt,False,False,2.0,False,0,1,10.0,87.0,0,4.18499620484728,0.4344780546206165,352.03711666160075,24.47147245889393,724.2155649197266,12.96219671186735,-0.181,51.49100000000001,Royal Borough of Kensington and Chelsea
1260,369.7170676638679,Entire home/apt,False,False,2.0,False,0,1,10.0,89.0,0,3.935020320745124,0.3645587247752559,483.4282550546191,33.60498274047667,792.4086552797338,14.182734207128908,-0.071,51.511,London Borough of Tower Hamlets
773,211.19969895811283,Private room,False,True,2.0,False,0,1,8.0,82.0,1,1.8185065576148056,0.1596643593284656,507.8388252353485,35.30185664271875,1263.6918684082434,22.6178825406914,-0.138,51.5233,London Borough of Camden
4960,345.2574143324161,Entire home/apt,False,False,2.0,False,0,1,10.0,94.0,0,3.935032848381165,0.3645703948946772,483.42454812446687,33.60472505730966,792.4063252083831,14.182692502911737,-0.071,51.511,London Borough of Tower Hamlets
1483,353.25383946000613,Entire home/apt,False,False,2.0,False,0,1,9.0,70.0,0,4.1850164660276645,0.4344985934045747,352.03215328765305,24.471127435420232,724.2065434749488,12.96203524372513,-0.181,51.49100000000001,Royal Borough of Kensington and Chelsea
194,440.7441379148145,Private room,False,True,2.0,False,0,1,8.0,80.0,1,1.426611953447417,0.1423164194981613,590.544733118047,41.051066743438895,1527.5303518588885,27.340131672449687,-0.136,51.52,London Borough of Camden
1389,359.60394176721,Entire home/apt,False,False,2.0,False,0,1,10.0,95.0,0,3.93500771200998,0.3645473153605198,483.43162375157385,33.60521691173546,792.4115335119782,14.182785722470944,-0.071,51.511,London Borough of Tower Hamlets
198,376.3023589454127,Private room,False,True,2.0,False,0,1,9.0,84.0,1,1.4266091415297688,0.1423332007622191,590.5432789998072,41.05096566201091,1527.5471129295904,27.340431666410137,-0.136,51.52,London Borough of Camden
4960,345.2574143324161,Entire home/apt,False,False,2.0,False,0,1,10.0,94.0,0,3.935032848381165,0.3645703948946772,483.42454812446687,33.60472505730966,792.4063252083831,14.182692502911737,-0.071,51.511,London Borough of Tower Hamlets
1493,353.25383946000613,Entire home/apt,False,False,2.0,False,0,1,9.0,90.0,0,4.184992949369395,0.4344902230901254,352.03671763804573,24.471444721210965,724.2153675012788,12.962193178421124,-0.181,51.49100000000001,Royal Borough of Kensington and Chelsea
1260,369.7170676638679,Entire home/apt,False,False,2.0,False,0,1,10.0,89.0,0,3.935020320745124,0.3645587247752559,483.4282550546191,33.60498274047667,792.4086552797338,14.182734207128908,-0.071,51.511,London Borough of Tower Hamlets
4842,532.7030268820997,Entire home/apt,False,False,6.0,False,0,1,7.0,80.0,2,3.8383181203708334,0.1669015016293132,272.9062176781655,18.97077516457401,513.9661347236353,9.199098257801625,-0.122,51.474,London Borough of Lambeth
1292,378.8894376631624,Entire home/apt,False,False,2.0,False,0,1,10.0,87.0,0,4.18499620484728,0.4344780546206165,352.03711666160075,24.47147245889393,724.2155649197266,12.96219671186735,-0.181,51.49100000000001,Royal Borough of Kensington and Chelsea
1317,344.0814694607117,Entire home/apt,False,False,2.0,False,0,1,9.0,91.0,0,3.93502673784039,0.3645650511862616,483.42598057278855,33.60482463237716,792.4080153033627,14.182722752666985,-0.071,51.511,London Borough of Tower Hamlets
1488,353.25383946000613,Entire home/apt,False,False,2.0,False,0,1,9.0,80.0,0,4.185010724886019,0.4345029901196403,352.0327694127409,24.471170264677163,724.2080102864783,12.96206149709568,-0.181,51.49100000000001,Royal Borough of Kensington and Chelsea
70,268.1154307486065,Private room,False,True,2.0,False,0,1,8.0,83.0,1,9.523278643586218,0.2875333512821565,117.4176152834318,8.162156211952995,299.08286977124584,5.353062235764571,-0.165,51.426,London Borough of Wandsworth
1484,353.25383946000613,Entire home/apt,False,False,2.0,False,0,1,8.0,80.0,0,4.185002016230517,0.4344890877699983,352.0352952611351,24.47134584624652,724.2124296814144,12.962140596564517,-0.181,51.49100000000001,Royal Borough of Kensington and Chelsea
4960,345.2574143324161,Entire home/apt,False,False,2.0,False,0,1,10.0,94.0,0,3.935032848381165,0.3645703948946772,483.42454812446687,33.60472505730966,792.4063252083831,14.182692502911737,-0.071,51.511,London Borough of Tower Hamlets
1575,333.73315458971285,Entire home/apt,False,False,2.0,False,0,1,9.0,100.0,0,3.9350143045386576,0.3645493176496757,483.43413381094297,33.60539139574812,792.4037374677036,14.182646186862549,-0.071,51.511,London Borough of Tower Hamlets
1020,100.66088101789788,Private room,False,True,2.0,False,1,0,9.0,92.0,1,4.509648153221358,1.445486785985557,250.7856101541244,17.433085494427875,563.6854522153227,10.088987408110723,-0.0845,51.5387,London Borough of Hackney
1490,353.25383946000613,Entire home/apt,False,False,2.0,False,0,1,10.0,90.0,0,4.185001270627941,0.4344823977907617,352.03593693119853,24.47139045123429,724.2133939041784,12.962157854471895,-0.181,51.49100000000001,Royal Borough of Kensington and Chelsea
1260,369.7170676638679,Entire home/apt,False,False,2.0,False,0,1,10.0,89.0,0,3.935020320745124,0.3645587247752559,483.4282550546191,33.60498274047667,792.4086552797338,14.182734207128908,-0.071,51.511,London Borough of Tower Hamlets
1373,369.7170676638679,Entire home/apt,False,False,2.0,False,0,1,10.0,90.0,0,3.9350155248705208,0.3645515333883088,483.4326097700945,33.60528545372701,792.405223092987,14.182672776966507,-0.071,51.511,London Borough of Tower Hamlets
1260,369.7170676638679,Entire home/apt,False,False,2.0,False,0,1,10.0,89.0,0,3.935020320745124,0.3645587247752559,483.4282550546191,33.60498274047667,792.4086552797338,14.182734207128908,-0.071,51.511,London Borough of Tower Hamlets
1373,369.7170676638679,Entire home/apt,False,False,2.0,False,0,1,10.0,90.0,0,3.9350155248705208,0.3645515333883088,483.4326097700945,33.60528545372701,792.405223092987,14.182672776966507,-0.071,51.511,London Borough of Tower Hamlets
1292,378.8894376631624,Entire home/apt,False,False,2.0,False,0,1,10.0,87.0,0,4.18499620484728,0.4344780546206165,352.03711666160075,24.47147245889393,724.2155649197266,12.96219671186735,-0.181,51.49100000000001,Royal Borough of Kensington and Chelsea
4842,532.7030268820997,Entire home/apt,False,False,6.0,False,0,1,7.0,80.0,2,3.8383181203708334,0.1669015016293132,272.9062176781655,18.97077516457401,513.9661347236353,9.199098257801625,-0.122,51.474,London Borough of Lambeth
63,293.75102895176275,Private room,False,True,2.0,False,0,1,9.0,86.0,1,9.504509021659857,0.3413939073290762,117.62541230943452,8.176600993364364,286.47405054454595,5.127386341683263,-0.1639999999999999,51.426,London Borough of Wandsworth
1488,353.25383946000613,Entire home/apt,False,False,2.0,False,0,1,9.0,80.0,0,4.185010724886019,0.4345029901196403,352.0327694127409,24.471170264677163,724.2080102864783,12.96206149709568,-0.181,51.49100000000001,Royal Borough of Kensington and Chelsea
4965,360.7798866389144,Entire home/apt,False,False,2.0,False,0,1,9.0,96.0,0,3.9350243383162367,0.3645632420560812,483.4262313522276,33.604842065033665,792.4091382310105,14.182742851115249,-0.071,51.511,London Borough of Tower Hamlets
2428,166.27860485900422,Private room,False,True,4.0,False,0,1,8.0,82.0,1,5.235774479328269,0.254252189135033,243.37637400396548,16.91804060339627,532.796611944623,9.536130989131882,-0.059,51.528,London Borough of Tower Hamlets
70,268.1154307486065,Private room,False,True,2.0,False,0,1,8.0,83.0,1,9.523278643586218,0.2875333512821565,117.4176152834318,8.162156211952995,299.08286977124584,5.353062235764571,-0.165,51.426,London Borough of Wandsworth
4876,371.1282015099132,Entire home/apt,False,False,2.0,False,0,1,10.0,95.0,0,3.935028437038272,0.3645674139495256,483.4246373406673,33.60473125907558,792.4089376830748,14.182739261656645,-0.071,51.511,London Borough of Tower Hamlets
1485,353.25383946000613,Entire home/apt,False,False,2.0,False,0,1,7.0,76.0,0,4.185011548057564,0.4344912137629979,352.03354320688,24.471224054124544,724.2089887671192,12.962079010194213,-0.181,51.49100000000001,Royal Borough of Kensington and Chelsea
1487,353.25383946000613,Entire home/apt,False,False,2.0,False,0,1,10.0,60.0,0,4.185001714432458,0.4344939213775508,352.0349716407835,24.471323350134185,724.2120163937046,12.96213319943464,-0.181,51.49100000000001,Royal Borough of Kensington and Chelsea
1259,359.60394176721,Entire home/apt,False,False,2.0,False,0,1,9.0,92.0,0,3.935028452493092,0.364567577230854,483.4244723244489,33.60471978815489,792.4091712378088,14.182743441879426,-0.071,51.511,London Borough of Tower Hamlets
1389,359.60394176721,Entire home/apt,False,False,2.0,False,0,1,10.0,95.0,0,3.93500771200998,0.3645473153605198,483.43162375157385,33.60521691173546,792.4115335119782,14.182785722470944,-0.071,51.511,London Borough of Tower Hamlets
5091,360.7798866389144,Entire home/apt,False,False,2.0,False,0,1,10.0,90.0,0,3.9350278690773792,0.3645666968444838,483.4250080199261,33.60475702643602,792.4087447369003,14.182735808256316,-0.071,51.511,London Borough of Tower Hamlets
1485,353.25383946000613,Entire home/apt,False,False,2.0,False,0,1,7.0,76.0,0,4.185011548057564,0.4344912137629979,352.03354320688,24.471224054124544,724.2089887671192,12.962079010194213,-0.181,51.49100000000001,Royal Borough of Kensington and Chelsea
4876,371.1282015099132,Entire home/apt,False,False,2.0,False,0,1,10.0,95.0,0,3.935028437038272,0.3645674139495256,483.4246373406673,33.60473125907558,792.4089376830748,14.182739261656645,-0.071,51.511,London Borough of Tower Hamlets
4113,517.4157435499424,Entire home/apt,False,False,5.0,False,0,1,9.0,92.0,2,5.939761862522508,0.377642085785679,206.78797773248056,14.374638532149833,489.5618564754846,8.762304200083827,-0.2,51.48,London Borough of Hammersmith and Fulham
1467,359.60394176721,Entire home/apt,False,False,2.0,False,0,1,10.0,93.0,0,3.9350219760378087,0.3645613550026373,483.4265924890182,33.60486716905994,792.410075352398,14.18275962395521,-0.071,51.511,London Borough of Tower Hamlets
4960,345.2574143324161,Entire home/apt,False,False,2.0,False,0,1,10.0,94.0,0,3.935032848381165,0.3645703948946772,483.42454812446687,33.60472505730966,792.4063252083831,14.182692502911737,-0.071,51.511,London Borough of Tower Hamlets
1485,353.25383946000613,Entire home/apt,False,False,2.0,False,0,1,7.0,76.0,0,4.185011548057564,0.4344912137629979,352.03354320688,24.471224054124544,724.2089887671192,12.962079010194213,-0.181,51.49100000000001,Royal Borough of Kensington and Chelsea
4965,360.7798866389144,Entire home/apt,False,False,2.0,False,0,1,9.0,96.0,0,3.9350243383162367,0.3645632420560812,483.4262313522276,33.604842065033665,792.4091382310105,14.182742851115249,-0.071,51.511,London Borough of Tower Hamlets
5091,360.7798866389144,Entire home/apt,False,False,2.0,False,0,1,10.0,90.0,0,3.9350278690773792,0.3645666968444838,483.4250080199261,33.60475702643602,792.4087447369003,14.182735808256316,-0.071,51.511,London Borough of Tower Hamlets
1259,359.60394176721,Entire home/apt,False,False,2.0,False,0,1,9.0,92.0,0,3.935028452493092,0.364567577230854,483.4244723244489,33.60471978815489,792.4091712378088,14.182743441879426,-0.071,51.511,London Borough of Tower Hamlets
1292,378.8894376631624,Entire home/apt,False,False,2.0,False,0,1,10.0,87.0,0,4.18499620484728,0.4344780546206165,352.03711666160075,24.47147245889393,724.2155649197266,12.96219671186735,-0.181,51.49100000000001,Royal Borough of Kensington and Chelsea
484,268.1154307486065,Private room,False,True,2.0,False,0,1,7.0,76.0,1,9.5233097620805,0.2875510182420163,117.41723387925968,8.162129699062017,299.1005052747009,5.353377880547658,-0.165,51.426,London Borough of Wandsworth
4965,360.7798866389144,Entire home/apt,False,False,2.0,False,0,1,9.0,96.0,0,3.9350243383162367,0.3645632420560812,483.4262313522276,33.604842065033665,792.4091382310105,14.182742851115249,-0.071,51.511,London Borough of Tower Hamlets
1373,369.7170676638679,Entire home/apt,False,False,2.0,False,0,1,10.0,90.0,0,3.9350155248705208,0.3645515333883088,483.4326097700945,33.60528545372701,792.405223092987,14.182672776966507,-0.071,51.511,London Borough of Tower Hamlets
1483,353.25383946000613,Entire home/apt,False,False,2.0,False,0,1,9.0,70.0,0,4.1850164660276645,0.4344985934045747,352.03215328765305,24.471127435420232,724.2065434749488,12.96203524372513,-0.181,51.49100000000001,Royal Borough of Kensington and Chelsea
1483,353.25383946000613,Entire home/apt,False,False,2.0,False,0,1,9.0,70.0,0,4.1850164660276645,0.4344985934045747,352.03215328765305,24.471127435420232,724.2065434749488,12.96203524372513,-0.181,51.49100000000001,Royal Borough of Kensington and Chelsea
4689,651.7086478985865,Entire home/apt,False,False,4.0,False,0,1,6.0,60.0,2,3.8383031440198696,0.1669148449205097,272.90715923601664,18.97084061593108,513.9675838296155,9.199124194273695,-0.122,51.474,London Borough of Lambeth
1260,369.7170676638679,Entire home/apt,False,False,2.0,False,0,1,10.0,89.0,0,3.935020320745124,0.3645587247752559,483.4282550546191,33.60498274047667,792.4086552797338,14.182734207128908,-0.071,51.511,London Borough of Tower Hamlets
1487,353.25383946000613,Entire home/apt,False,False,2.0,False,0,1,10.0,60.0,0,4.185001714432458,0.4344939213775508,352.0349716407835,24.471323350134185,724.2120163937046,12.96213319943464,-0.181,51.49100000000001,Royal Borough of Kensington and Chelsea
1373,369.7170676638679,Entire home/apt,False,False,2.0,False,0,1,10.0,90.0,0,3.9350155248705208,0.3645515333883088,483.4326097700945,33.60528545372701,792.405223092987,14.182672776966507,-0.071,51.511,London Borough of Tower Hamlets
1487,353.25383946000613,Entire home/apt,False,False,2.0,False,0,1,10.0,60.0,0,4.185001714432458,0.4344939213775508,352.0349716407835,24.471323350134185,724.2120163937046,12.96213319943464,-0.181,51.49100000000001,Royal Borough of Kensington and Chelsea
2079,229.5444389567017,Private room,False,True,2.0,False,0,1,8.0,60.0,1,3.712178099166137,0.2665976315830888,808.1274554079382,56.176090055019245,812.4653257451938,14.541713660970403,-0.1768799999999999,51.49553,Royal Borough of Kensington and Chelsea
483,268.1154307486065,Private room,False,True,2.0,False,0,1,8.0,80.0,1,9.52327699514574,0.287527707201317,117.417637227526,8.162157737372535,299.0813322529376,5.353034716865882,-0.165,51.426,London Borough of Wandsworth
66,293.75102895176275,Private room,False,True,2.0,False,0,1,8.0,82.0,1,9.504517474645644,0.3413844063555099,117.62531318838433,8.176594103073722,286.4774843970736,5.127447801660236,-0.1639999999999999,51.426,London Borough of Wandsworth
1260,369.7170676638679,Entire home/apt,False,False,2.0,False,0,1,10.0,89.0,0,3.935020320745124,0.3645587247752559,483.4282550546191,33.60498274047667,792.4086552797338,14.182734207128908,-0.071,51.511,London Borough of Tower Hamlets
72,268.1154307486065,Private room,False,True,2.0,False,0,1,8.0,86.0,1,9.52327700258897,0.2875339652323594,117.41763482529036,8.16215757038377,299.0821388250627,5.353049153101521,-0.165,51.426,London Borough of Wandsworth
1292,378.8894376631624,Entire home/apt,False,False,2.0,False,0,1,10.0,87.0,0,4.18499620484728,0.4344780546206165,352.03711666160075,24.47147245889393,724.2155649197266,12.96219671186735,-0.181,51.49100000000001,Royal Borough of Kensington and Chelsea
60,293.75102895176275,Private room,False,True,2.0,False,0,1,8.0,76.0,1,9.50450633974499,0.3413801615197919,117.62544927878372,8.176603563247957,286.4755790091257,5.127413698535986,-0.1639999999999999,51.426,London Borough of Wandsworth
72,268.1154307486065,Private room,False,True,2.0,False,0,1,8.0,86.0,1,9.52327700258897,0.2875339652323594,117.41763482529036,8.16215757038377,299.0821388250627,5.353049153101521,-0.165,51.426,London Borough of Wandsworth
1575,333.73315458971285,Entire home/apt,False,False,2.0,False,0,1,9.0,100.0,0,3.9350143045386576,0.3645493176496757,483.43413381094297,33.60539139574812,792.4037374677036,14.182646186862549,-0.071,51.511,London Borough of Tower Hamlets
4876,371.1282015099132,Entire home/apt,False,False,2.0,False,0,1,10.0,95.0,0,3.935028437038272,0.3645674139495256,483.4246373406673,33.60473125907558,792.4089376830748,14.182739261656645,-0.071,51.511,London Borough of Tower Hamlets
1259,359.60394176721,Entire home/apt,False,False,2.0,False,0,1,9.0,92.0,0,3.935028452493092,0.364567577230854,483.4244723244489,33.60471978815489,792.4091712378088,14.182743441879426,-0.071,51.511,London Borough of Tower Hamlets
1486,353.25383946000613,Entire home/apt,False,False,2.0,False,0,1,8.0,100.0,0,4.18503097466839,0.4344959094430688,352.02994446355126,24.47097389144541,724.2019404164317,12.961952856998211,-0.181,51.49100000000001,Royal Borough of Kensington and Chelsea
1373,369.7170676638679,Entire home/apt,False,False,2.0,False,0,1,10.0,90.0,0,3.9350155248705208,0.3645515333883088,483.4326097700945,33.60528545372701,792.405223092987,14.182672776966507,-0.071,51.511,London Borough of Tower Hamlets
72,268.1154307486065,Private room,False,True,2.0,False,0,1,8.0,86.0,1,9.52327700258897,0.2875339652323594,117.41763482529036,8.16215757038377,299.0821388250627,5.353049153101521,-0.165,51.426,London Borough of Wandsworth
66,293.75102895176275,Private room,False,True,2.0,False,0,1,8.0,82.0,1,9.504517474645644,0.3413844063555099,117.62531318838433,8.176594103073722,286.4774843970736,5.127447801660236,-0.1639999999999999,51.426,London Borough of Wandsworth
4113,517.4157435499424,Entire home/apt,False,False,5.0,False,0,1,9.0,92.0,2,5.939761862522508,0.377642085785679,206.78797773248056,14.374638532149833,489.5618564754846,8.762304200083827,-0.2,51.48,London Borough of Hammersmith and Fulham
1486,353.25383946000613,Entire home/apt,False,False,2.0,False,0,1,8.0,100.0,0,4.18503097466839,0.4344959094430688,352.02994446355126,24.47097389144541,724.2019404164317,12.961952856998211,-0.181,51.49100000000001,Royal Borough of Kensington and Chelsea
1259,359.60394176721,Entire home/apt,False,False,2.0,False,0,1,9.0,92.0,0,3.935028452493092,0.364567577230854,483.4244723244489,33.60471978815489,792.4091712378088,14.182743441879426,-0.071,51.511,London Borough of Tower Hamlets
1490,353.25383946000613,Entire home/apt,False,False,2.0,False,0,1,10.0,90.0,0,4.185001270627941,0.4344823977907617,352.03593693119853,24.47139045123429,724.2133939041784,12.962157854471895,-0.181,51.49100000000001,Royal Borough of Kensington and Chelsea
1487,353.25383946000613,Entire home/apt,False,False,2.0,False,0,1,10.0,60.0,0,4.185001714432458,0.4344939213775508,352.0349716407835,24.471323350134185,724.2120163937046,12.96213319943464,-0.181,51.49100000000001,Royal Borough of Kensington and Chelsea
1492,353.25383946000613,Entire home/apt,False,False,2.0,False,0,1,8.0,77.0,0,4.185028030857168,0.4345001106575242,352.03010980401007,24.47098538490532,724.2024835255357,12.961962577704842,-0.181,51.49100000000001,Royal Borough of Kensington and Chelsea
1373,369.7170676638679,Entire home/apt,False,False,2.0,False,0,1,10.0,90.0,0,3.9350155248705208,0.3645515333883088,483.4326097700945,33.60528545372701,792.405223092987,14.182672776966507,-0.071,51.511,London Borough of Tower Hamlets
1259,359.60394176721,Entire home/apt,False,False,2.0,False,0,1,9.0,92.0,0,3.935028452493092,0.364567577230854,483.4244723244489,33.60471978815489,792.4091712378088,14.182743441879426,-0.071,51.511,London Borough of Tower Hamlets
69,268.1154307486065,Private room,False,True,2.0,False,0,1,9.0,87.0,1,9.523273118238029,0.2875466134208701,117.4176769453841,8.162160498315698,299.08184286868004,5.3530438559979565,-0.165,51.426,London Borough of Wandsworth
1260,369.7170676638679,Entire home/apt,False,False,2.0,False,0,1,10.0,89.0,0,3.935020320745124,0.3645587247752559,483.4282550546191,33.60498274047667,792.4086552797338,14.182734207128908,-0.071,51.511,London Borough of Tower Hamlets
1488,353.25383946000613,Entire home/apt,False,False,2.0,False,0,1,9.0,80.0,0,4.185010724886019,0.4345029901196403,352.0327694127409,24.471170264677163,724.2080102864783,12.96206149709568,-0.181,51.49100000000001,Royal Borough of Kensington and Chelsea
5199,552.6940897010749,Entire home/apt,False,False,6.0,False,0,1,10.0,70.0,2,4.572133733328396,0.5133389732422639,323.10109645788094,22.46001688227642,667.8259742076698,11.952921293446336,-0.0624,51.51447,London Borough of Tower Hamlets
4960,345.2574143324161,Entire home/apt,False,False,2.0,False,0,1,10.0,94.0,0,3.935032848381165,0.3645703948946772,483.42454812446687,33.60472505730966,792.4063252083831,14.182692502911737,-0.071,51.511,London Borough of Tower Hamlets
4965,360.7798866389144,Entire home/apt,False,False,2.0,False,0,1,9.0,96.0,0,3.9350243383162367,0.3645632420560812,483.4262313522276,33.604842065033665,792.4091382310105,14.182742851115249,-0.071,51.511,London Borough of Tower Hamlets
1293,378.8894376631624,Entire home/apt,False,False,2.0,False,0,1,7.0,80.0,0,4.185013803660901,0.4344800749297678,352.034029099943,24.47125783044569,724.2094161973369,12.962086660450336,-0.181,51.49100000000001,Royal Borough of Kensington and Chelsea
1389,359.60394176721,Entire home/apt,False,False,2.0,False,0,1,10.0,95.0,0,3.93500771200998,0.3645473153605198,483.43162375157385,33.60521691173546,792.4115335119782,14.182785722470944,-0.071,51.511,London Borough of Tower Hamlets
5091,360.7798866389144,Entire home/apt,False,False,2.0,False,0,1,10.0,90.0,0,3.9350278690773792,0.3645666968444838,483.4250080199261,33.60475702643602,792.4087447369003,14.182735808256316,-0.071,51.511,London Borough of Tower Hamlets
1292,378.8894376631624,Entire home/apt,False,False,2.0,False,0,1,10.0,87.0,0,4.18499620484728,0.4344780546206165,352.03711666160075,24.47147245889393,724.2155649197266,12.96219671186735,-0.181,51.49100000000001,Royal Borough of Kensington and Chelsea
1389,359.60394176721,Entire home/apt,False,False,2.0,False,0,1,10.0,95.0,0,3.93500771200998,0.3645473153605198,483.43162375157385,33.60521691173546,792.4115335119782,14.182785722470944,-0.071,51.511,London Borough of Tower Hamlets
4960,345.2574143324161,Entire home/apt,False,False,2.0,False,0,1,10.0,94.0,0,3.935032848381165,0.3645703948946772,483.42454812446687,33.60472505730966,792.4063252083831,14.182692502911737,-0.071,51.511,London Borough of Tower Hamlets
1485,353.25383946000613,Entire home/apt,False,False,2.0,False,0,1,7.0,76.0,0,4.185011548057564,0.4344912137629979,352.03354320688,24.471224054124544,724.2089887671192,12.962079010194213,-0.181,51.49100000000001,Royal Borough of Kensington and Chelsea
2784,154.98953409064185,Private room,False,True,2.0,True,0,1,9.0,87.0,1,4.403263479630202,0.5003575896250143,340.8071246495893,23.690831932003974,691.0785307586832,12.369101539588192,-0.065,51.515,London Borough of Tower Hamlets
1486,353.25383946000613,Entire home/apt,False,False,2.0,False,0,1,8.0,100.0,0,4.18503097466839,0.4344959094430688,352.02994446355126,24.47097389144541,724.2019404164317,12.961952856998211,-0.181,51.49100000000001,Royal Borough of Kensington and Chelsea
200,376.3023589454127,Private room,False,True,2.0,False,0,1,7.0,70.0,1,1.4265899294226507,0.1423408753715114,590.5479487609099,41.05129027531106,1527.5518228962294,27.340515966606155,-0.136,51.52,London Borough of Camden
5091,360.7798866389144,Entire home/apt,False,False,2.0,False,0,1,10.0,90.0,0,3.9350278690773792,0.3645666968444838,483.4250080199261,33.60475702643602,792.4087447369003,14.182735808256316,-0.071,51.511,London Borough of Tower Hamlets
409,252.59295844210823,Entire home/apt,False,False,2.0,True,0,1,10.0,94.0,0,3.840187665921696,0.4925579037934435,322.8908699354316,22.44540321709522,920.8810414805018,16.48216606504808,-0.08,51.526,London Borough of Hackney
65,293.75102895176275,Private room,False,True,2.0,False,0,1,8.0,80.0,1,9.50451248267244,0.3414050430232744,117.62536677572383,8.176597828138613,286.4731091772396,5.127369492848753,-0.1639999999999999,51.426,London Borough of Wandsworth
63,293.75102895176275,Private room,False,True,2.0,False,0,1,9.0,86.0,1,9.504509021659857,0.3413939073290762,117.62541230943452,8.176600993364364,286.47405054454595,5.127386341683263,-0.1639999999999999,51.426,London Borough of Wandsworth
456,997.4364401796844,Entire home/apt,False,False,4.0,False,0,1,9.0,90.0,2,1.4265987691849185,0.1423096938987438,590.5495750942785,41.05140332808406,1527.5213064029413,27.33996977454937,-0.136,51.52,London Borough of Camden
197,376.3023589454127,Private room,False,True,2.0,False,0,1,9.0,82.0,1,1.426607927987838,0.1423155902987533,590.5460442938881,41.05115788838347,1527.528842279423,27.340104653607604,-0.136,51.52,London Borough of Camden
2535,283.4027140807639,Private room,False,True,2.0,False,0,0,10.0,92.0,1,2.2015283426712013,0.4182873372240197,478.94337858121634,33.29322149171631,924.7392369261212,16.5512210408611,-0.14997,51.49436,City of Westminster
1488,353.25383946000613,Entire home/apt,False,False,2.0,False,0,1,9.0,80.0,0,4.185010724886019,0.4345029901196403,352.0327694127409,24.471170264677163,724.2080102864783,12.96206149709568,-0.181,51.49100000000001,Royal Borough of Kensington and Chelsea
1487,353.25383946000613,Entire home/apt,False,False,2.0,False,0,1,10.0,60.0,0,4.185001714432458,0.4344939213775508,352.0349716407835,24.471323350134185,724.2120163937046,12.96213319943464,-0.181,51.49100000000001,Royal Borough of Kensington and Chelsea
1492,353.25383946000613,Entire home/apt,False,False,2.0,False,0,1,8.0,77.0,0,4.185028030857168,0.4345001106575242,352.03010980401007,24.47098538490532,724.2024835255357,12.961962577704842,-0.181,51.49100000000001,Royal Borough of Kensington and Chelsea
194,440.7441379148145,Private room,False,True,2.0,False,0,1,8.0,80.0,1,1.426611953447417,0.1423164194981613,590.544733118047,41.051066743438895,1527.5303518588885,27.340131672449687,-0.136,51.52,London Borough of Camden
194,440.7441379148145,Private room,False,True,2.0,False,0,1,8.0,80.0,1,1.426611953447417,0.1423164194981613,590.544733118047,41.051066743438895,1527.5303518588885,27.340131672449687,-0.136,51.52,London Borough of Camden
4684,532.7030268820997,Entire home/apt,False,False,4.0,False,0,1,2.0,20.0,1,3.838302776178675,0.1669155937969142,272.9071862737662,18.97084249543046,513.9675671693449,9.19912389608388,-0.122,51.474,London Borough of Lambeth
1259,359.60394176721,Entire home/apt,False,False,2.0,False,0,1,9.0,92.0,0,3.935028452493092,0.364567577230854,483.4244723244489,33.60471978815489,792.4091712378088,14.182743441879426,-0.071,51.511,London Borough of Tower Hamlets
4965,360.7798866389144,Entire home/apt,False,False,2.0,False,0,1,9.0,96.0,0,3.9350243383162367,0.3645632420560812,483.4262313522276,33.604842065033665,792.4091382310105,14.182742851115249,-0.071,51.511,London Borough of Tower Hamlets
494,293.9862179261036,Private room,False,True,2.0,False,0,1,9.0,80.0,1,9.504498914219624,0.341377448339851,117.62553999482677,8.176609869273783,286.4742902723464,5.127390632393181,-0.1639999999999999,51.426,London Borough of Wandsworth
71,268.1154307486065,Private room,False,True,2.0,False,0,1,9.0,86.0,1,9.523278900165163,0.2875335711338572,117.4176121112398,8.16215599144156,299.0830245814968,5.353065006598316,-0.165,51.426,London Borough of Wandsworth
1483,353.25383946000613,Entire home/apt,False,False,2.0,False,0,1,9.0,70.0,0,4.1850164660276645,0.4344985934045747,352.03215328765305,24.471127435420232,724.2065434749488,12.96203524372513,-0.181,51.49100000000001,Royal Borough of Kensington and Chelsea
5091,360.7798866389144,Entire home/apt,False,False,2.0,False,0,1,10.0,90.0,0,3.9350278690773792,0.3645666968444838,483.4250080199261,33.60475702643602,792.4087447369003,14.182735808256316,-0.071,51.511,London Borough of Tower Hamlets
3757,245.77247818622263,Entire home/apt,False,False,2.0,True,0,1,9.0,94.0,0,3.840179944568976,0.492551596833637,322.8914982893202,22.445446896423768,920.87721251265,16.482097533195265,-0.08,51.526,London Borough of Hackney
3767,148.87462075777887,Private room,False,True,2.0,False,0,1,9.0,87.0,1,6.336022400492768,0.7081276092265191,204.42110082064065,14.210107690314308,419.8017303197427,7.513719494540198,-0.0377399999999999,51.51857,London Borough of Tower Hamlets
349,257.76711587760764,Private room,False,True,2.0,False,0,0,10.0,99.0,1,4.11859303760833,0.4309564287465695,264.036128523217,18.354180685782417,595.1534712265335,10.652210117362088,-0.11026,51.54374,London Borough of Islington
494,293.9862179261036,Private room,False,True,2.0,False,0,1,9.0,80.0,1,9.504498914219624,0.341377448339851,117.62553999482677,8.176609869273783,286.4742902723464,5.127390632393181,-0.1639999999999999,51.426,London Borough of Wandsworth
1412,369.7170676638679,Entire home/apt,False,False,2.0,False,0,1,9.0,90.0,0,3.935020189475922,0.3645609101042149,483.4258071422481,33.60481257654414,792.4123437427209,14.182800224189462,-0.071,51.511,London Borough of Tower Hamlets
1487,353.25383946000613,Entire home/apt,False,False,2.0,False,0,1,10.0,60.0,0,4.185001714432458,0.4344939213775508,352.0349716407835,24.471323350134185,724.2120163937046,12.96213319943464,-0.181,51.49100000000001,Royal Borough of Kensington and Chelsea
1486,353.25383946000613,Entire home/apt,False,False,2.0,False,0,1,8.0,100.0,0,4.18503097466839,0.4344959094430688,352.02994446355126,24.47097389144541,724.2019404164317,12.961952856998211,-0.181,51.49100000000001,Royal Borough of Kensington and Chelsea
1493,353.25383946000613,Entire home/apt,False,False,2.0,False,0,1,9.0,90.0,0,4.184992949369395,0.4344902230901254,352.03671763804573,24.471444721210965,724.2153675012788,12.962193178421124,-0.181,51.49100000000001,Royal Borough of Kensington and Chelsea
66,293.75102895176275,Private room,False,True,2.0,False,0,1,8.0,82.0,1,9.504517474645644,0.3413844063555099,117.62531318838433,8.176594103073722,286.4774843970736,5.127447801660236,-0.1639999999999999,51.426,London Borough of Wandsworth
1679,207.6718643429996,Private room,False,True,2.0,False,1,0,9.0,100.0,1,6.639875257966369,1.0456078599017302,167.20206429436558,11.622867356293428,369.0107846327999,6.604650066780941,-0.16204,51.45268,London Borough of Wandsworth
4965,360.7798866389144,Entire home/apt,False,False,2.0,False,0,1,9.0,96.0,0,3.9350243383162367,0.3645632420560812,483.4262313522276,33.604842065033665,792.4091382310105,14.182742851115249,-0.071,51.511,London Borough of Tower Hamlets
200,376.3023589454127,Private room,False,True,2.0,False,0,1,7.0,70.0,1,1.4265899294226507,0.1423408753715114,590.5479487609099,41.05129027531106,1527.5518228962294,27.340515966606155,-0.136,51.52,London Borough of Camden
70,268.1154307486065,Private room,False,True,2.0,False,0,1,8.0,83.0,1,9.523278643586218,0.2875333512821565,117.4176152834318,8.162156211952995,299.08286977124584,5.353062235764571,-0.165,51.426,London Borough of Wandsworth
1467,359.60394176721,Entire home/apt,False,False,2.0,False,0,1,10.0,93.0,0,3.9350219760378087,0.3645613550026373,483.4265924890182,33.60486716905994,792.410075352398,14.18275962395521,-0.071,51.511,London Borough of Tower Hamlets
4687,584.444601237094,Entire home/apt,False,False,4.0,False,0,1,8.0,87.0,2,3.83830320711688,0.1669156498500482,272.90716326666563,18.97084089611721,513.9674708911498,9.199122172871943,-0.122,51.474,London Borough of Lambeth
117,440.7441379148145,Private room,False,True,2.0,False,1,0,10.0,98.0,1,1.8869012058279204,0.3348539708797093,539.7092293034841,37.51729268197281,1040.0437624170177,18.61497113624491,-0.15114,51.49995,City of Westminster
409,252.59295844210823,Entire home/apt,False,False,2.0,True,0,1,10.0,94.0,0,3.840187665921696,0.4925579037934435,322.8908699354316,22.44540321709522,920.8810414805018,16.48216606504808,-0.08,51.526,London Borough of Hackney
1259,359.60394176721,Entire home/apt,False,False,2.0,False,0,1,9.0,92.0,0,3.935028452493092,0.364567577230854,483.4244723244489,33.60471978815489,792.4091712378088,14.182743441879426,-0.071,51.511,London Borough of Tower Hamlets
4138,517.4157435499424,Entire home/apt,False,False,5.0,False,0,1,10.0,20.0,2,5.939780223010478,0.3776627225202749,206.7871999193536,14.374584463326928,489.5578092478432,8.762231761761086,-0.2,51.48,London Borough of Hammersmith and Fulham
107,189.32712434441072,Private room,False,True,6.0,False,0,1,7.0,78.0,1,5.172808120521458,0.3203890410530856,245.92790750420323,17.09540764460811,540.6376525427112,9.676471953316245,-0.06,51.528,London Borough of Tower Hamlets
60,293.75102895176275,Private room,False,True,2.0,False,0,1,8.0,76.0,1,9.50450633974499,0.3413801615197919,117.62544927878372,8.176603563247957,286.4755790091257,5.127413698535986,-0.1639999999999999,51.426,London Borough of Wandsworth
5161,362.19102048495967,Entire home/apt,False,False,4.0,False,1,0,10.0,100.0,1,8.78508046625544,0.2140929008536622,128.98921453861303,8.96654319013271,292.5574647878225,5.236268856670173,-0.20401,51.44546,London Borough of Wandsworth
1467,359.60394176721,Entire home/apt,False,False,2.0,False,0,1,10.0,93.0,0,3.9350219760378087,0.3645613550026373,483.4265924890182,33.60486716905994,792.410075352398,14.18275962395521,-0.071,51.511,London Borough of Tower Hamlets
1293,378.8894376631624,Entire home/apt,False,False,2.0,False,0,1,7.0,80.0,0,4.185013803660901,0.4344800749297678,352.034029099943,24.47125783044569,724.2094161973369,12.962086660450336,-0.181,51.49100000000001,Royal Borough of Kensington and Chelsea
1575,333.73315458971285,Entire home/apt,False,False,2.0,False,0,1,9.0,100.0,0,3.9350143045386576,0.3645493176496757,483.43413381094297,33.60539139574812,792.4037374677036,14.182646186862549,-0.071,51.511,London Borough of Tower Hamlets
1317,344.0814694607117,Entire home/apt,False,False,2.0,False,0,1,9.0,91.0,0,3.93502673784039,0.3645650511862616,483.42598057278855,33.60482463237716,792.4080153033627,14.182722752666985,-0.071,51.511,London Borough of Tower Hamlets
1490,353.25383946000613,Entire home/apt,False,False,2.0,False,0,1,10.0,90.0,0,4.185001270627941,0.4344823977907617,352.03593693119853,24.47139045123429,724.2133939041784,12.962157854471895,-0.181,51.49100000000001,Royal Borough of Kensington and Chelsea
484,268.1154307486065,Private room,False,True,2.0,False,0,1,7.0,76.0,1,9.5233097620805,0.2875510182420163,117.41723387925968,8.162129699062017,299.1005052747009,5.353377880547658,-0.165,51.426,London Borough of Wandsworth
1412,369.7170676638679,Entire home/apt,False,False,2.0,False,0,1,9.0,90.0,0,3.935020189475922,0.3645609101042149,483.4258071422481,33.60481257654414,792.4123437427209,14.182800224189462,-0.071,51.511,London Borough of Tower Hamlets
5091,360.7798866389144,Entire home/apt,False,False,2.0,False,0,1,10.0,90.0,0,3.9350278690773792,0.3645666968444838,483.4250080199261,33.60475702643602,792.4087447369003,14.182735808256316,-0.071,51.511,London Borough of Tower Hamlets
4688,584.444601237094,Entire home/apt,False,False,5.0,False,0,1,8.0,60.0,2,3.838332792083083,0.1668864259907863,272.90527667655573,18.97070975188345,513.9649636226302,9.199077297134204,-0.122,51.474,London Borough of Lambeth
1260,369.7170676638679,Entire home/apt,False,False,2.0,False,0,1,10.0,89.0,0,3.935020320745124,0.3645587247752559,483.4282550546191,33.60498274047667,792.4086552797338,14.182734207128908,-0.071,51.511,London Borough of Tower Hamlets
1259,359.60394176721,Entire home/apt,False,False,2.0,False,0,1,9.0,92.0,0,3.935028452493092,0.364567577230854,483.4244723244489,33.60471978815489,792.4091712378088,14.182743441879426,-0.071,51.511,London Borough of Tower Hamlets
1490,353.25383946000613,Entire home/apt,False,False,2.0,False,0,1,10.0,90.0,0,4.185001270627941,0.4344823977907617,352.03593693119853,24.47139045123429,724.2133939041784,12.962157854471895,-0.181,51.49100000000001,Royal Borough of Kensington and Chelsea
70,268.1154307486065,Private room,False,True,2.0,False,0,1,8.0,83.0,1,9.523278643586218,0.2875333512821565,117.4176152834318,8.162156211952995,299.08286977124584,5.353062235764571,-0.165,51.426,London Borough of Wandsworth
4876,371.1282015099132,Entire home/apt,False,False,2.0,False,0,1,10.0,95.0,0,3.935028437038272,0.3645674139495256,483.4246373406673,33.60473125907558,792.4089376830748,14.182739261656645,-0.071,51.511,London Borough of Tower Hamlets
109,590.0891366212752,Entire home/apt,False,False,4.0,False,0,1,10.0,94.0,1,1.4983537979533397,0.1782096419887628,569.5308231950888,39.590307938202834,1477.263841906069,26.440448730534865,-0.13693,51.52044,London Borough of Camden
69,268.1154307486065,Private room,False,True,2.0,False,0,1,9.0,87.0,1,9.523273118238029,0.2875466134208701,117.4176769453841,8.162160498315698,299.08184286868004,5.3530438559979565,-0.165,51.426,London Borough of Wandsworth
1396,90.31256614689904,Private room,False,True,2.0,False,0,0,8.0,67.0,1,10.98627302582377,6.628236592317013,105.60152131353868,7.340773452947221,215.6191023249428,3.859206228855292,-0.03911,51.42647,London Borough of Lewisham
1412,369.7170676638679,Entire home/apt,False,False,2.0,False,0,1,9.0,90.0,0,3.935020189475922,0.3645609101042149,483.4258071422481,33.60481257654414,792.4123437427209,14.182800224189462,-0.071,51.511,London Borough of Tower Hamlets
4960,345.2574143324161,Entire home/apt,False,False,2.0,False,0,1,10.0,94.0,0,3.935032848381165,0.3645703948946772,483.42454812446687,33.60472505730966,792.4063252083831,14.182692502911737,-0.071,51.511,London Borough of Tower Hamlets
1485,353.25383946000613,Entire home/apt,False,False,2.0,False,0,1,7.0,76.0,0,4.185011548057564,0.4344912137629979,352.03354320688,24.471224054124544,724.2089887671192,12.962079010194213,-0.181,51.49100000000001,Royal Borough of Kensington and Chelsea
1467,359.60394176721,Entire home/apt,False,False,2.0,False,0,1,10.0,93.0,0,3.9350219760378087,0.3645613550026373,483.4265924890182,33.60486716905994,792.410075352398,14.18275962395521,-0.071,51.511,London Borough of Tower Hamlets
1317,344.0814694607117,Entire home/apt,False,False,2.0,False,0,1,9.0,91.0,0,3.93502673784039,0.3645650511862616,483.42598057278855,33.60482463237716,792.4080153033627,14.182722752666985,-0.071,51.511,London Borough of Tower Hamlets
1488,353.25383946000613,Entire home/apt,False,False,2.0,False,0,1,9.0,80.0,0,4.185010724886019,0.4345029901196403,352.0327694127409,24.471170264677163,724.2080102864783,12.96206149709568,-0.181,51.49100000000001,Royal Borough of Kensington and Chelsea
4876,371.1282015099132,Entire home/apt,False,False,2.0,False,0,1,10.0,95.0,0,3.935028437038272,0.3645674139495256,483.4246373406673,33.60473125907558,792.4089376830748,14.182739261656645,-0.071,51.511,London Borough of Tower Hamlets
67,293.75102895176275,Private room,False,True,2.0,False,0,1,9.0,84.0,1,9.50451857010954,0.3413962403710837,117.62529603922582,8.176592910968855,286.47588826825665,5.127419233735566,-0.1639999999999999,51.426,London Borough of Wandsworth
194,440.7441379148145,Private room,False,True,2.0,False,0,1,8.0,80.0,1,1.426611953447417,0.1423164194981613,590.544733118047,41.051066743438895,1527.5303518588885,27.340131672449687,-0.136,51.52,London Borough of Camden
198,376.3023589454127,Private room,False,True,2.0,False,0,1,9.0,84.0,1,1.4266091415297688,0.1423332007622191,590.5432789998072,41.05096566201091,1527.5471129295904,27.340431666410137,-0.136,51.52,London Borough of Camden
198,376.3023589454127,Private room,False,True,2.0,False,0,1,9.0,84.0,1,1.4266091415297688,0.1423332007622191,590.5432789998072,41.05096566201091,1527.5471129295904,27.340431666410137,-0.136,51.52,London Borough of Camden
3550,12937.275100543286,Entire home/apt,False,False,6.0,False,0,0,10.0,100.0,2,2.938306956171697,0.6197164433737165,386.733299290554,26.88333938271424,781.5299578117683,13.988024477900304,-0.14658,51.5319,London Borough of Camden
998,270.7025094663562,Entire home/apt,False,False,2.0,True,0,0,10.0,98.0,1,9.8211360906734,0.8689648871137637,115.3070223434054,8.015440668167193,251.6811396546708,4.504653861219352,-0.215,51.43899999999999,London Borough of Wandsworth
3251,724.3820409699193,Entire home/apt,False,False,6.0,False,0,1,9.0,85.0,2,3.331014909419316,0.1553923646965058,348.77253300098977,24.24453852108081,760.9775144492837,13.620171553055243,-0.17046,51.52167,City of Westminster
65,293.75102895176275,Private room,False,True,2.0,False,0,1,8.0,80.0,1,9.50451248267244,0.3414050430232744,117.62536677572383,8.176597828138613,286.4731091772396,5.127369492848753,-0.1639999999999999,51.426,London Borough of Wandsworth
197,376.3023589454127,Private room,False,True,2.0,False,0,1,9.0,82.0,1,1.426607927987838,0.1423155902987533,590.5460442938881,41.05115788838347,1527.528842279423,27.340104653607604,-0.136,51.52,London Borough of Camden
5091,360.7798866389144,Entire home/apt,False,False,2.0,False,0,1,10.0,90.0,0,3.9350278690773792,0.3645666968444838,483.4250080199261,33.60475702643602,792.4087447369003,14.182735808256316,-0.071,51.511,London Borough of Tower Hamlets
3768,297.51405254121687,Private room,False,True,2.0,True,0,1,9.0,84.0,1,2.2772932082413204,0.1752892902207855,450.9449896862474,31.34694432289365,764.7932962215173,13.688467398017831,-0.1352799999999999,51.48844,City of Westminster
1389,359.60394176721,Entire home/apt,False,False,2.0,False,0,1,10.0,95.0,0,3.93500771200998,0.3645473153605198,483.43162375157385,33.60521691173546,792.4115335119782,14.182785722470944,-0.071,51.511,London Borough of Tower Hamlets
1260,369.7170676638679,Entire home/apt,False,False,2.0,False,0,1,10.0,89.0,0,3.935020320745124,0.3645587247752559,483.4282550546191,33.60498274047667,792.4086552797338,14.182734207128908,-0.071,51.511,London Borough of Tower Hamlets
1486,353.25383946000613,Entire home/apt,False,False,2.0,False,0,1,8.0,100.0,0,4.18503097466839,0.4344959094430688,352.02994446355126,24.47097389144541,724.2019404164317,12.961952856998211,-0.181,51.49100000000001,Royal Borough of Kensington and Chelsea
1292,378.8894376631624,Entire home/apt,False,False,2.0,False,0,1,10.0,87.0,0,4.18499620484728,0.4344780546206165,352.03711666160075,24.47147245889393,724.2155649197266,12.96219671186735,-0.181,51.49100000000001,Royal Borough of Kensington and Chelsea
4965,360.7798866389144,Entire home/apt,False,False,2.0,False,0,1,9.0,96.0,0,3.9350243383162367,0.3645632420560812,483.4262313522276,33.604842065033665,792.4091382310105,14.182742851115249,-0.071,51.511,London Borough of Tower Hamlets
1292,378.8894376631624,Entire home/apt,False,False,2.0,False,0,1,10.0,87.0,0,4.18499620484728,0.4344780546206165,352.03711666160075,24.47147245889393,724.2155649197266,12.96219671186735,-0.181,51.49100000000001,Royal Borough of Kensington and Chelsea
4684,532.7030268820997,Entire home/apt,False,False,4.0,False,0,1,2.0,20.0,1,3.838302776178675,0.1669155937969142,272.9071862737662,18.97084249543046,513.9675671693449,9.19912389608388,-0.122,51.474,London Borough of Lambeth
1490,353.25383946000613,Entire home/apt,False,False,2.0,False,0,1,10.0,90.0,0,4.185001270627941,0.4344823977907617,352.03593693119853,24.47139045123429,724.2133939041784,12.962157854471895,-0.181,51.49100000000001,Royal Borough of Kensington and Chelsea
4965,360.7798866389144,Entire home/apt,False,False,2.0,False,0,1,9.0,96.0,0,3.9350243383162367,0.3645632420560812,483.4262313522276,33.604842065033665,792.4091382310105,14.182742851115249,-0.071,51.511,London Borough of Tower Hamlets
1575,333.73315458971285,Entire home/apt,False,False,2.0,False,0,1,9.0,100.0,0,3.9350143045386576,0.3645493176496757,483.43413381094297,33.60539139574812,792.4037374677036,14.182646186862549,-0.071,51.511,London Borough of Tower Hamlets
1373,369.7170676638679,Entire home/apt,False,False,2.0,False,0,1,10.0,90.0,0,3.9350155248705208,0.3645515333883088,483.4326097700945,33.60528545372701,792.405223092987,14.182672776966507,-0.071,51.511,London Borough of Tower Hamlets
2597,135.46884922034857,Private room,False,True,2.0,False,0,0,10.0,100.0,1,7.454112608725561,0.4346378631657271,180.17560248852368,12.524708575831456,392.19924167187366,7.019683043348457,-0.021,51.5,London Borough of Tower Hamlets
5091,360.7798866389144,Entire home/apt,False,False,2.0,False,0,1,10.0,90.0,0,3.9350278690773792,0.3645666968444838,483.4250080199261,33.60475702643602,792.4087447369003,14.182735808256316,-0.071,51.511,London Borough of Tower Hamlets
1485,353.25383946000613,Entire home/apt,False,False,2.0,False,0,1,7.0,76.0,0,4.185011548057564,0.4344912137629979,352.03354320688,24.471224054124544,724.2089887671192,12.962079010194213,-0.181,51.49100000000001,Royal Borough of Kensington and Chelsea
1483,353.25383946000613,Entire home/apt,False,False,2.0,False,0,1,9.0,70.0,0,4.1850164660276645,0.4344985934045747,352.03215328765305,24.471127435420232,724.2065434749488,12.96203524372513,-0.181,51.49100000000001,Royal Borough of Kensington and Chelsea
494,293.9862179261036,Private room,False,True,2.0,False,0,1,9.0,80.0,1,9.504498914219624,0.341377448339851,117.62553999482677,8.176609869273783,286.4742902723464,5.127390632393181,-0.1639999999999999,51.426,London Borough of Wandsworth
1486,353.25383946000613,Entire home/apt,False,False,2.0,False,0,1,8.0,100.0,0,4.18503097466839,0.4344959094430688,352.02994446355126,24.47097389144541,724.2019404164317,12.961952856998211,-0.181,51.49100000000001,Royal Borough of Kensington and Chelsea
1412,369.7170676638679,Entire home/apt,False,False,2.0,False,0,1,9.0,90.0,0,3.935020189475922,0.3645609101042149,483.4258071422481,33.60481257654414,792.4123437427209,14.182800224189462,-0.071,51.511,London Borough of Tower Hamlets
1484,353.25383946000613,Entire home/apt,False,False,2.0,False,0,1,8.0,80.0,0,4.185002016230517,0.4344890877699983,352.0352952611351,24.47134584624652,724.2124296814144,12.962140596564517,-0.181,51.49100000000001,Royal Borough of Kensington and Chelsea
1483,353.25383946000613,Entire home/apt,False,False,2.0,False,0,1,9.0,70.0,0,4.1850164660276645,0.4344985934045747,352.03215328765305,24.471127435420232,724.2065434749488,12.96203524372513,-0.181,51.49100000000001,Royal Borough of Kensington and Chelsea
4685,532.7030268820997,Entire home/apt,False,False,2.0,False,0,1,10.0,100.0,1,3.838316593449824,0.1669039612594322,272.9063238742292,18.97078254667643,513.9661462267178,9.199098463686758,-0.122,51.474,London Borough of Lambeth
494,293.9862179261036,Private room,False,True,2.0,False,0,1,9.0,80.0,1,9.504498914219624,0.341377448339851,117.62553999482677,8.176609869273783,286.4742902723464,5.127390632393181,-0.1639999999999999,51.426,London Borough of Wandsworth
456,997.4364401796844,Entire home/apt,False,False,4.0,False,0,1,9.0,90.0,2,1.4265987691849185,0.1423096938987438,590.5495750942785,41.05140332808406,1527.5213064029413,27.33996977454937,-0.136,51.52,London Borough of Camden
3254,219.90169100872552,Private room,False,True,2.0,True,0,0,10.0,100.0,1,3.8480089829422033,0.4987634664396596,306.55365906351227,21.30973999584567,677.8806367063531,12.132882232554037,-0.17668,51.52429,City of Westminster
198,376.3023589454127,Private room,False,True,2.0,False,0,1,9.0,84.0,1,1.4266091415297688,0.1423332007622191,590.5432789998072,41.05096566201091,1527.5471129295904,27.340431666410137,-0.136,51.52,London Borough of Camden
1389,359.60394176721,Entire home/apt,False,False,2.0,False,0,1,10.0,95.0,0,3.93500771200998,0.3645473153605198,483.43162375157385,33.60521691173546,792.4115335119782,14.182785722470944,-0.071,51.511,London Borough of Tower Hamlets
1260,369.7170676638679,Entire home/apt,False,False,2.0,False,0,1,10.0,89.0,0,3.935020320745124,0.3645587247752559,483.4282550546191,33.60498274047667,792.4086552797338,14.182734207128908,-0.071,51.511,London Borough of Tower Hamlets
5091,360.7798866389144,Entire home/apt,False,False,2.0,False,0,1,10.0,90.0,0,3.9350278690773792,0.3645666968444838,483.4250080199261,33.60475702643602,792.4087447369003,14.182735808256316,-0.071,51.511,London Borough of Tower Hamlets
4876,371.1282015099132,Entire home/apt,False,False,2.0,False,0,1,10.0,95.0,0,3.935028437038272,0.3645674139495256,483.4246373406673,33.60473125907558,792.4089376830748,14.182739261656645,-0.071,51.511,London Borough of Tower Hamlets
1486,353.25383946000613,Entire home/apt,False,False,2.0,False,0,1,8.0,100.0,0,4.18503097466839,0.4344959094430688,352.02994446355126,24.47097389144541,724.2019404164317,12.961952856998211,-0.181,51.49100000000001,Royal Borough of Kensington and Chelsea
66,293.75102895176275,Private room,False,True,2.0,False,0,1,8.0,82.0,1,9.504517474645644,0.3413844063555099,117.62531318838433,8.176594103073722,286.4774843970736,5.127447801660236,-0.1639999999999999,51.426,London Borough of Wandsworth
195,409.699193301818,Private room,False,True,2.0,False,0,1,8.0,76.0,1,1.4265923947247965,0.1423245717589549,590.5494409384186,41.051394002387205,1527.5355203023912,27.34022417858269,-0.136,51.52,London Borough of Camden
980,926.4093699287378,Entire home/apt,False,False,4.0,True,1,0,10.0,100.0,2,8.498300748242428,0.9756313129647723,162.4690373340542,11.293856199728936,335.67453769255485,6.007989332869847,-0.00513,51.50742,London Borough of Tower Hamlets
1487,353.25383946000613,Entire home/apt,False,False,2.0,False,0,1,10.0,60.0,0,4.185001714432458,0.4344939213775508,352.0349716407835,24.471323350134185,724.2120163937046,12.96213319943464,-0.181,51.49100000000001,Royal Borough of Kensington and Chelsea
1487,353.25383946000613,Entire home/apt,False,False,2.0,False,0,1,10.0,60.0,0,4.185001714432458,0.4344939213775508,352.0349716407835,24.471323350134185,724.2120163937046,12.96213319943464,-0.181,51.49100000000001,Royal Borough of Kensington and Chelsea
3080,187.4456125496837,Private room,False,True,2.0,True,0,0,10.0,100.0,1,9.011151313137605,0.835954305856915,126.54422188856904,8.796582218786428,279.35491129504607,4.999966153770812,-0.21664,51.44949,London Borough of Wandsworth
1490,353.25383946000613,Entire home/apt,False,False,2.0,False,0,1,10.0,90.0,0,4.185001270627941,0.4344823977907617,352.03593693119853,24.47139045123429,724.2133939041784,12.962157854471895,-0.181,51.49100000000001,Royal Borough of Kensington and Chelsea
1292,378.8894376631624,Entire home/apt,False,False,2.0,False,0,1,10.0,87.0,0,4.18499620484728,0.4344780546206165,352.03711666160075,24.47147245889393,724.2155649197266,12.96219671186735,-0.181,51.49100000000001,Royal Borough of Kensington and Chelsea
1260,369.7170676638679,Entire home/apt,False,False,2.0,False,0,1,10.0,89.0,0,3.935020320745124,0.3645587247752559,483.4282550546191,33.60498274047667,792.4086552797338,14.182734207128908,-0.071,51.511,London Borough of Tower Hamlets
1575,333.73315458971285,Entire home/apt,False,False,2.0,False,0,1,9.0,100.0,0,3.9350143045386576,0.3645493176496757,483.43413381094297,33.60539139574812,792.4037374677036,14.182646186862549,-0.071,51.511,London Borough of Tower Hamlets
1292,378.8894376631624,Entire home/apt,False,False,2.0,False,0,1,10.0,87.0,0,4.18499620484728,0.4344780546206165,352.03711666160075,24.47147245889393,724.2155649197266,12.96219671186735,-0.181,51.49100000000001,Royal Borough of Kensington and Chelsea
1486,353.25383946000613,Entire home/apt,False,False,2.0,False,0,1,8.0,100.0,0,4.18503097466839,0.4344959094430688,352.02994446355126,24.47097389144541,724.2019404164317,12.961952856998211,-0.181,51.49100000000001,Royal Borough of Kensington and Chelsea
481,418.8715633011124,Entire home/apt,False,False,4.0,False,1,0,9.0,92.0,1,4.796455070983959,0.7511588327900982,270.14393850209973,18.77875836980561,584.046804271669,10.45342013154052,-0.18531,51.48473,Royal Borough of Kensington and Chelsea
1490,353.25383946000613,Entire home/apt,False,False,2.0,False,0,1,10.0,90.0,0,4.185001270627941,0.4344823977907617,352.03593693119853,24.47139045123429,724.2133939041784,12.962157854471895,-0.181,51.49100000000001,Royal Borough of Kensington and Chelsea
1260,369.7170676638679,Entire home/apt,False,False,2.0,False,0,1,10.0,89.0,0,3.935020320745124,0.3645587247752559,483.4282550546191,33.60498274047667,792.4086552797338,14.182734207128908,-0.071,51.511,London Borough of Tower Hamlets
456,997.4364401796844,Entire home/apt,False,False,4.0,False,0,1,9.0,90.0,2,1.4265987691849185,0.1423096938987438,590.5495750942785,41.05140332808406,1527.5213064029413,27.33996977454937,-0.136,51.52,London Borough of Camden
200,376.3023589454127,Private room,False,True,2.0,False,0,1,7.0,70.0,1,1.4265899294226507,0.1423408753715114,590.5479487609099,41.05129027531106,1527.5518228962294,27.340515966606155,-0.136,51.52,London Borough of Camden
1470,194.50128177991016,Private room,False,True,2.0,False,0,1,9.0,94.0,1,2.180434404436116,0.5531975486591352,450.35950958582254,31.306245318514087,973.897066729047,17.43106053989845,-0.118,51.527,London Borough of Camden
1293,378.8894376631624,Entire home/apt,False,False,2.0,False,0,1,7.0,80.0,0,4.185013803660901,0.4344800749297678,352.034029099943,24.47125783044569,724.2094161973369,12.962086660450336,-0.181,51.49100000000001,Royal Borough of Kensington and Chelsea
1137,141.8189515275524,Private room,False,True,4.0,True,0,0,10.0,96.0,1,4.569437374212964,1.1635264990006955,236.3434379522733,16.429153799282414,451.3824559153527,8.078959455268155,-0.1033,51.47014,London Borough of Lambeth
4965,360.7798866389144,Entire home/apt,False,False,2.0,False,0,1,9.0,96.0,0,3.9350243383162367,0.3645632420560812,483.4262313522276,33.604842065033665,792.4091382310105,14.182742851115249,-0.071,51.511,London Borough of Tower Hamlets
743,246.2428561349044,Entire home/apt,False,False,2.0,True,0,1,9.0,96.0,0,3.840192503797897,0.4925670058456749,322.8910339367247,22.44541461746449,920.8704524516414,16.481976539882197,-0.08,51.526,London Borough of Hackney
1485,353.25383946000613,Entire home/apt,False,False,2.0,False,0,1,7.0,76.0,0,4.185011548057564,0.4344912137629979,352.03354320688,24.471224054124544,724.2089887671192,12.962079010194213,-0.181,51.49100000000001,Royal Borough of Kensington and Chelsea
1292,378.8894376631624,Entire home/apt,False,False,2.0,False,0,1,10.0,87.0,0,4.18499620484728,0.4344780546206165,352.03711666160075,24.47147245889393,724.2155649197266,12.96219671186735,-0.181,51.49100000000001,Royal Borough of Kensington and Chelsea
66,293.75102895176275,Private room,False,True,2.0,False,0,1,8.0,82.0,1,9.504517474645644,0.3413844063555099,117.62531318838433,8.176594103073722,286.4774843970736,5.127447801660236,-0.1639999999999999,51.426,London Borough of Wandsworth
1493,353.25383946000613,Entire home/apt,False,False,2.0,False,0,1,9.0,90.0,0,4.184992949369395,0.4344902230901254,352.03671763804573,24.471444721210965,724.2153675012788,12.962193178421124,-0.181,51.49100000000001,Royal Borough of Kensington and Chelsea
1389,359.60394176721,Entire home/apt,False,False,2.0,False,0,1,10.0,95.0,0,3.93500771200998,0.3645473153605198,483.43162375157385,33.60521691173546,792.4115335119782,14.182785722470944,-0.071,51.511,London Borough of Tower Hamlets
4965,360.7798866389144,Entire home/apt,False,False,2.0,False,0,1,9.0,96.0,0,3.9350243383162367,0.3645632420560812,483.4262313522276,33.604842065033665,792.4091382310105,14.182742851115249,-0.071,51.511,London Borough of Tower Hamlets
200,376.3023589454127,Private room,False,True,2.0,False,0,1,7.0,70.0,1,1.4265899294226507,0.1423408753715114,590.5479487609099,41.05129027531106,1527.5518228962294,27.340515966606155,-0.136,51.52,London Borough of Camden
1485,353.25383946000613,Entire home/apt,False,False,2.0,False,0,1,7.0,76.0,0,4.185011548057564,0.4344912137629979,352.03354320688,24.471224054124544,724.2089887671192,12.962079010194213,-0.181,51.49100000000001,Royal Borough of Kensington and Chelsea
1293,378.8894376631624,Entire home/apt,False,False,2.0,False,0,1,7.0,80.0,0,4.185013803660901,0.4344800749297678,352.034029099943,24.47125783044569,724.2094161973369,12.962086660450336,-0.181,51.49100000000001,Royal Borough of Kensington and Chelsea
72,268.1154307486065,Private room,False,True,2.0,False,0,1,8.0,86.0,1,9.52327700258897,0.2875339652323594,117.41763482529036,8.16215757038377,299.0821388250627,5.353049153101521,-0.165,51.426,London Borough of Wandsworth
1485,353.25383946000613,Entire home/apt,False,False,2.0,False,0,1,7.0,76.0,0,4.185011548057564,0.4344912137629979,352.03354320688,24.471224054124544,724.2089887671192,12.962079010194213,-0.181,51.49100000000001,Royal Borough of Kensington and Chelsea
1293,378.8894376631624,Entire home/apt,False,False,2.0,False,0,1,7.0,80.0,0,4.185013803660901,0.4344800749297678,352.034029099943,24.47125783044569,724.2094161973369,12.962086660450336,-0.181,51.49100000000001,Royal Borough of Kensington and Chelsea
1389,359.60394176721,Entire home/apt,False,False,2.0,False,0,1,10.0,95.0,0,3.93500771200998,0.3645473153605198,483.43162375157385,33.60521691173546,792.4115335119782,14.182785722470944,-0.071,51.511,London Borough of Tower Hamlets
1467,359.60394176721,Entire home/apt,False,False,2.0,False,0,1,10.0,93.0,0,3.9350219760378087,0.3645613550026373,483.4265924890182,33.60486716905994,792.410075352398,14.18275962395521,-0.071,51.511,London Borough of Tower Hamlets
199,376.3023589454127,Private room,False,True,2.0,False,0,1,9.0,84.0,1,1.4266116766837378,0.1423209166241567,590.5442015370076,41.05102979116838,1527.5349223559454,27.3402134763832,-0.136,51.52,London Borough of Camden
4960,345.2574143324161,Entire home/apt,False,False,2.0,False,0,1,10.0,94.0,0,3.935032848381165,0.3645703948946772,483.42454812446687,33.60472505730966,792.4063252083831,14.182692502911737,-0.071,51.511,London Borough of Tower Hamlets
68,268.1154307486065,Private room,False,True,2.0,False,0,1,8.0,78.0,1,9.523294739569868,0.2875418696337674,117.41741823139134,8.162142514097418,299.09190854655947,5.353224014093186,-0.165,51.426,London Borough of Wandsworth
4960,345.2574143324161,Entire home/apt,False,False,2.0,False,0,1,10.0,94.0,0,3.935032848381165,0.3645703948946772,483.42454812446687,33.60472505730966,792.4063252083831,14.182692502911737,-0.071,51.511,London Borough of Tower Hamlets
1484,353.25383946000613,Entire home/apt,False,False,2.0,False,0,1,8.0,80.0,0,4.185002016230517,0.4344890877699983,352.0352952611351,24.47134584624652,724.2124296814144,12.962140596564517,-0.181,51.49100000000001,Royal Borough of Kensington and Chelsea
1412,369.7170676638679,Entire home/apt,False,False,2.0,False,0,1,9.0,90.0,0,3.935020189475922,0.3645609101042149,483.4258071422481,33.60481257654414,792.4123437427209,14.182800224189462,-0.071,51.511,London Borough of Tower Hamlets
4876,371.1282015099132,Entire home/apt,False,False,2.0,False,0,1,10.0,95.0,0,3.935028437038272,0.3645674139495256,483.4246373406673,33.60473125907558,792.4089376830748,14.182739261656645,-0.071,51.511,London Borough of Tower Hamlets
1575,333.73315458971285,Entire home/apt,False,False,2.0,False,0,1,9.0,100.0,0,3.9350143045386576,0.3645493176496757,483.43413381094297,33.60539139574812,792.4037374677036,14.182646186862549,-0.071,51.511,London Borough of Tower Hamlets
1389,359.60394176721,Entire home/apt,False,False,2.0,False,0,1,10.0,95.0,0,3.93500771200998,0.3645473153605198,483.43162375157385,33.60521691173546,792.4115335119782,14.182785722470944,-0.071,51.511,London Borough of Tower Hamlets
1486,353.25383946000613,Entire home/apt,False,False,2.0,False,0,1,8.0,100.0,0,4.18503097466839,0.4344959094430688,352.02994446355126,24.47097389144541,724.2019404164317,12.961952856998211,-0.181,51.49100000000001,Royal Borough of Kensington and Chelsea
1864,349.2556268962111,Entire home/apt,False,False,2.0,False,0,0,10.0,97.0,1,4.412241224881557,0.2954785912857897,330.09801272581416,22.94639981079162,745.0873275899695,13.33576489592742,-0.18725,51.49482,Royal Borough of Kensington and Chelsea
198,376.3023589454127,Private room,False,True,2.0,False,0,1,9.0,84.0,1,1.4266091415297688,0.1423332007622191,590.5432789998072,41.05096566201091,1527.5471129295904,27.340431666410137,-0.136,51.52,London Borough of Camden
4965,360.7798866389144,Entire home/apt,False,False,2.0,False,0,1,9.0,96.0,0,3.9350243383162367,0.3645632420560812,483.4262313522276,33.604842065033665,792.4091382310105,14.182742851115249,-0.071,51.511,London Borough of Tower Hamlets
4960,345.2574143324161,Entire home/apt,False,False,2.0,False,0,1,10.0,94.0,0,3.935032848381165,0.3645703948946772,483.42454812446687,33.60472505730966,792.4063252083831,14.182692502911737,-0.071,51.511,London Borough of Tower Hamlets
1490,353.25383946000613,Entire home/apt,False,False,2.0,False,0,1,10.0,90.0,0,4.185001270627941,0.4344823977907617,352.03593693119853,24.47139045123429,724.2133939041784,12.962157854471895,-0.181,51.49100000000001,Royal Borough of Kensington and Chelsea
1487,353.25383946000613,Entire home/apt,False,False,2.0,False,0,1,10.0,60.0,0,4.185001714432458,0.4344939213775508,352.0349716407835,24.471323350134185,724.2120163937046,12.96213319943464,-0.181,51.49100000000001,Royal Borough of Kensington and Chelsea
1490,353.25383946000613,Entire home/apt,False,False,2.0,False,0,1,10.0,90.0,0,4.185001270627941,0.4344823977907617,352.03593693119853,24.47139045123429,724.2133939041784,12.962157854471895,-0.181,51.49100000000001,Royal Borough of Kensington and Chelsea
200,376.3023589454127,Private room,False,True,2.0,False,0,1,7.0,70.0,1,1.4265899294226507,0.1423408753715114,590.5479487609099,41.05129027531106,1527.5518228962294,27.340515966606155,-0.136,51.52,London Borough of Camden
483,268.1154307486065,Private room,False,True,2.0,False,0,1,8.0,80.0,1,9.52327699514574,0.287527707201317,117.417637227526,8.162157737372535,299.0813322529376,5.353034716865882,-0.165,51.426,London Borough of Wandsworth
62,293.75102895176275,Private room,False,True,2.0,False,0,1,8.0,82.0,1,9.504498818718714,0.3414107900049699,117.6255301675482,8.176609186141336,286.469061605313,5.127297048363907,-0.1639999999999999,51.426,London Borough of Wandsworth
1467,359.60394176721,Entire home/apt,False,False,2.0,False,0,1,10.0,93.0,0,3.9350219760378087,0.3645613550026373,483.4265924890182,33.60486716905994,792.410075352398,14.18275962395521,-0.071,51.511,London Borough of Tower Hamlets
4960,345.2574143324161,Entire home/apt,False,False,2.0,False,0,1,10.0,94.0,0,3.935032848381165,0.3645703948946772,483.42454812446687,33.60472505730966,792.4063252083831,14.182692502911737,-0.071,51.511,London Borough of Tower Hamlets
1292,378.8894376631624,Entire home/apt,False,False,2.0,False,0,1,10.0,87.0,0,4.18499620484728,0.4344780546206165,352.03711666160075,24.47147245889393,724.2155649197266,12.96219671186735,-0.181,51.49100000000001,Royal Borough of Kensington and Chelsea
1484,353.25383946000613,Entire home/apt,False,False,2.0,False,0,1,8.0,80.0,0,4.185002016230517,0.4344890877699983,352.0352952611351,24.47134584624652,724.2124296814144,12.962140596564517,-0.181,51.49100000000001,Royal Borough of Kensington and Chelsea
4684,532.7030268820997,Entire home/apt,False,False,4.0,False,0,1,2.0,20.0,1,3.838302776178675,0.1669155937969142,272.9071862737662,18.97084249543046,513.9675671693449,9.19912389608388,-0.122,51.474,London Borough of Lambeth
1485,353.25383946000613,Entire home/apt,False,False,2.0,False,0,1,7.0,76.0,0,4.185011548057564,0.4344912137629979,352.03354320688,24.471224054124544,724.2089887671192,12.962079010194213,-0.181,51.49100000000001,Royal Borough of Kensington and Chelsea
1412,369.7170676638679,Entire home/apt,False,False,2.0,False,0,1,9.0,90.0,0,3.935020189475922,0.3645609101042149,483.4258071422481,33.60481257654414,792.4123437427209,14.182800224189462,-0.071,51.511,London Borough of Tower Hamlets
2843,235.42416331522367,Private room,False,True,2.0,False,0,1,9.0,83.0,1,8.652987667838618,0.7015956519903372,129.08377063677744,8.973116153160001,290.3949744180846,5.197564047055693,-0.1689999999999999,51.435,London Borough of Wandsworth
4842,532.7030268820997,Entire home/apt,False,False,6.0,False,0,1,7.0,80.0,2,3.8383181203708334,0.1669015016293132,272.9062176781655,18.97077516457401,513.9661347236353,9.199098257801625,-0.122,51.474,London Borough of Lambeth
4842,532.7030268820997,Entire home/apt,False,False,6.0,False,0,1,7.0,80.0,2,3.8383181203708334,0.1669015016293132,272.9062176781655,18.97077516457401,513.9661347236353,9.199098257801625,-0.122,51.474,London Borough of Lambeth
1512,155.93028998800537,Private room,False,True,2.0,False,0,1,9.0,90.0,1,8.108121900714114,0.2813434338285715,154.3132760357108,10.726917435185038,317.78483936926733,5.687794904560204,-0.01413,51.52581,London Borough of Tower Hamlets
2639,639.2436322585197,Entire home/apt,False,False,2.0,True,0,1,10.0,100.0,1,3.974126952744988,0.1573979731483681,411.6221328559003,28.61345923741649,814.5427361421957,14.578895687319427,-0.071,51.514,London Borough of Tower Hamlets
1485,353.25383946000613,Entire home/apt,False,False,2.0,False,0,1,7.0,76.0,0,4.185011548057564,0.4344912137629979,352.03354320688,24.471224054124544,724.2089887671192,12.962079010194213,-0.181,51.49100000000001,Royal Borough of Kensington and Chelsea
4842,532.7030268820997,Entire home/apt,False,False,6.0,False,0,1,7.0,80.0,2,3.8383181203708334,0.1669015016293132,272.9062176781655,18.97077516457401,513.9661347236353,9.199098257801625,-0.122,51.474,London Borough of Lambeth
4965,360.7798866389144,Entire home/apt,False,False,2.0,False,0,1,9.0,96.0,0,3.9350243383162367,0.3645632420560812,483.4262313522276,33.604842065033665,792.4091382310105,14.182742851115249,-0.071,51.511,London Borough of Tower Hamlets
230,136.64479409205296,Private room,False,True,3.0,False,0,1,7.0,76.0,1,5.172796231897584,0.3203806270014105,245.92885858731523,17.09547375810319,540.6402681812775,9.676518768688997,-0.06,51.528,London Borough of Tower Hamlets
1412,369.7170676638679,Entire home/apt,False,False,2.0,False,0,1,9.0,90.0,0,3.935020189475922,0.3645609101042149,483.4258071422481,33.60481257654414,792.4123437427209,14.182800224189462,-0.071,51.511,London Borough of Tower Hamlets
1259,359.60394176721,Entire home/apt,False,False,2.0,False,0,1,9.0,92.0,0,3.935028452493092,0.364567577230854,483.4244723244489,33.60471978815489,792.4091712378088,14.182743441879426,-0.071,51.511,London Borough of Tower Hamlets
1484,353.25383946000613,Entire home/apt,False,False,2.0,False,0,1,8.0,80.0,0,4.185002016230517,0.4344890877699983,352.0352952611351,24.47134584624652,724.2124296814144,12.962140596564517,-0.181,51.49100000000001,Royal Borough of Kensington and Chelsea
433,714.0337260989205,Entire home/apt,False,False,2.0,False,0,1,9.0,100.0,1,1.426608494030278,0.1423163865398678,590.5457671330145,41.05113862185058,1527.5297517587069,27.34012093170207,-0.136,51.52,London Borough of Camden
1487,353.25383946000613,Entire home/apt,False,False,2.0,False,0,1,10.0,60.0,0,4.185001714432458,0.4344939213775508,352.0349716407835,24.471323350134185,724.2120163937046,12.96213319943464,-0.181,51.49100000000001,Royal Borough of Kensington and Chelsea
1486,353.25383946000613,Entire home/apt,False,False,2.0,False,0,1,8.0,100.0,0,4.18503097466839,0.4344959094430688,352.02994446355126,24.47097389144541,724.2019404164317,12.961952856998211,-0.181,51.49100000000001,Royal Borough of Kensington and Chelsea
1467,359.60394176721,Entire home/apt,False,False,2.0,False,0,1,10.0,93.0,0,3.9350219760378087,0.3645613550026373,483.4265924890182,33.60486716905994,792.410075352398,14.18275962395521,-0.071,51.511,London Borough of Tower Hamlets
4965,360.7798866389144,Entire home/apt,False,False,2.0,False,0,1,9.0,96.0,0,3.9350243383162367,0.3645632420560812,483.4262313522276,33.604842065033665,792.4091382310105,14.182742851115249,-0.071,51.511,London Borough of Tower Hamlets
1493,353.25383946000613,Entire home/apt,False,False,2.0,False,0,1,9.0,90.0,0,4.184992949369395,0.4344902230901254,352.03671763804573,24.471444721210965,724.2153675012788,12.962193178421124,-0.181,51.49100000000001,Royal Borough of Kensington and Chelsea
68,268.1154307486065,Private room,False,True,2.0,False,0,1,8.0,78.0,1,9.523294739569868,0.2875418696337674,117.41741823139134,8.162142514097418,299.09190854655947,5.353224014093186,-0.165,51.426,London Borough of Wandsworth
1486,353.25383946000613,Entire home/apt,False,False,2.0,False,0,1,8.0,100.0,0,4.18503097466839,0.4344959094430688,352.02994446355126,24.47097389144541,724.2019404164317,12.961952856998211,-0.181,51.49100000000001,Royal Borough of Kensington and Chelsea
484,268.1154307486065,Private room,False,True,2.0,False,0,1,7.0,76.0,1,9.5233097620805,0.2875510182420163,117.41723387925968,8.162129699062017,299.1005052747009,5.353377880547658,-0.165,51.426,London Borough of Wandsworth
1490,353.25383946000613,Entire home/apt,False,False,2.0,False,0,1,10.0,90.0,0,4.185001270627941,0.4344823977907617,352.03593693119853,24.47139045123429,724.2133939041784,12.962157854471895,-0.181,51.49100000000001,Royal Borough of Kensington and Chelsea
5091,360.7798866389144,Entire home/apt,False,False,2.0,False,0,1,10.0,90.0,0,3.9350278690773792,0.3645666968444838,483.4250080199261,33.60475702643602,792.4087447369003,14.182735808256316,-0.071,51.511,London Borough of Tower Hamlets
1575,333.73315458971285,Entire home/apt,False,False,2.0,False,0,1,9.0,100.0,0,3.9350143045386576,0.3645493176496757,483.43413381094297,33.60539139574812,792.4037374677036,14.182646186862549,-0.071,51.511,London Borough of Tower Hamlets
1389,359.60394176721,Entire home/apt,False,False,2.0,False,0,1,10.0,95.0,0,3.93500771200998,0.3645473153605198,483.43162375157385,33.60521691173546,792.4115335119782,14.182785722470944,-0.071,51.511,London Borough of Tower Hamlets
1412,369.7170676638679,Entire home/apt,False,False,2.0,False,0,1,9.0,90.0,0,3.935020189475922,0.3645609101042149,483.4258071422481,33.60481257654414,792.4123437427209,14.182800224189462,-0.071,51.511,London Borough of Tower Hamlets
4876,371.1282015099132,Entire home/apt,False,False,2.0,False,0,1,10.0,95.0,0,3.935028437038272,0.3645674139495256,483.4246373406673,33.60473125907558,792.4089376830748,14.182739261656645,-0.071,51.511,London Borough of Tower Hamlets
197,376.3023589454127,Private room,False,True,2.0,False,0,1,9.0,82.0,1,1.426607927987838,0.1423155902987533,590.5460442938881,41.05115788838347,1527.528842279423,27.340104653607604,-0.136,51.52,London Borough of Camden
1467,359.60394176721,Entire home/apt,False,False,2.0,False,0,1,10.0,93.0,0,3.9350219760378087,0.3645613550026373,483.4265924890182,33.60486716905994,792.410075352398,14.18275962395521,-0.071,51.511,London Borough of Tower Hamlets
1486,353.25383946000613,Entire home/apt,False,False,2.0,False,0,1,8.0,100.0,0,4.18503097466839,0.4344959094430688,352.02994446355126,24.47097389144541,724.2019404164317,12.961952856998211,-0.181,51.49100000000001,Royal Borough of Kensington and Chelsea
3005,148.87462075777887,Private room,False,True,2.0,False,0,1,9.0,85.0,1,6.319323487099438,1.008088131966816,206.8955601540641,14.38211700570344,424.69451878762953,7.601291882738366,-0.03712,51.51497,London Borough of Tower Hamlets
1389,359.60394176721,Entire home/apt,False,False,2.0,False,0,1,10.0,95.0,0,3.93500771200998,0.3645473153605198,483.43162375157385,33.60521691173546,792.4115335119782,14.182785722470944,-0.071,51.511,London Borough of Tower Hamlets
1259,359.60394176721,Entire home/apt,False,False,2.0,False,0,1,9.0,92.0,0,3.935028452493092,0.364567577230854,483.4244723244489,33.60471978815489,792.4091712378088,14.182743441879426,-0.071,51.511,London Borough of Tower Hamlets
483,268.1154307486065,Private room,False,True,2.0,False,0,1,8.0,80.0,1,9.52327699514574,0.287527707201317,117.417637227526,8.162157737372535,299.0813322529376,5.353034716865882,-0.165,51.426,London Borough of Wandsworth
195,409.699193301818,Private room,False,True,2.0,False,0,1,8.0,76.0,1,1.4265923947247965,0.1423245717589549,590.5494409384186,41.051394002387205,1527.5355203023912,27.34022417858269,-0.136,51.52,London Borough of Camden
3549,601.6133963639785,Entire home/apt,False,False,3.0,False,1,0,9.0,87.0,1,4.894691834391351,0.10639260146031,268.93636557033415,18.69481526737925,802.7748160935487,14.368270423311191,-0.19797,51.50974,Royal Borough of Kensington and Chelsea
1486,353.25383946000613,Entire home/apt,False,False,2.0,False,0,1,8.0,100.0,0,4.18503097466839,0.4344959094430688,352.02994446355126,24.47097389144541,724.2019404164317,12.961952856998211,-0.181,51.49100000000001,Royal Borough of Kensington and Chelsea
255,220.3720689574073,Private room,False,True,2.0,False,1,0,10.0,90.0,1,6.489496437815889,0.6123022391448122,177.34020874468834,12.327609302407156,396.1727981593484,7.090802780801315,-0.18886,51.55234,London Borough of Camden
4633,154.98953409064185,Private room,False,True,2.0,False,0,1,9.0,93.0,1,7.054781935926966,0.528940368073058,174.73820269645805,12.146733717608091,394.9216914390134,7.068410150482304,-0.2290699999999999,51.51028,London Borough of Hammersmith and Fulham
1492,353.25383946000613,Entire home/apt,False,False,2.0,False,0,1,8.0,77.0,0,4.185028030857168,0.4345001106575242,352.03010980401007,24.47098538490532,724.2024835255357,12.961962577704842,-0.181,51.49100000000001,Royal Borough of Kensington and Chelsea
66,293.75102895176275,Private room,False,True,2.0,False,0,1,8.0,82.0,1,9.504517474645644,0.3413844063555099,117.62531318838433,8.176594103073722,286.4774843970736,5.127447801660236,-0.1639999999999999,51.426,London Borough of Wandsworth
1389,359.60394176721,Entire home/apt,False,False,2.0,False,0,1,10.0,95.0,0,3.93500771200998,0.3645473153605198,483.43162375157385,33.60521691173546,792.4115335119782,14.182785722470944,-0.071,51.511,London Borough of Tower Hamlets
1259,359.60394176721,Entire home/apt,False,False,2.0,False,0,1,9.0,92.0,0,3.935028452493092,0.364567577230854,483.4244723244489,33.60471978815489,792.4091712378088,14.182743441879426,-0.071,51.511,London Borough of Tower Hamlets
1259,359.60394176721,Entire home/apt,False,False,2.0,False,0,1,9.0,92.0,0,3.935028452493092,0.364567577230854,483.4244723244489,33.60471978815489,792.4091712378088,14.182743441879426,-0.071,51.511,London Borough of Tower Hamlets
1487,353.25383946000613,Entire home/apt,False,False,2.0,False,0,1,10.0,60.0,0,4.185001714432458,0.4344939213775508,352.0349716407835,24.471323350134185,724.2120163937046,12.96213319943464,-0.181,51.49100000000001,Royal Borough of Kensington and Chelsea
3517,556.221924316188,Private room,False,True,4.0,False,1,0,10.0,90.0,2,3.6653886157314552,0.3390417215746928,315.91115027857603,21.9602156920601,743.4458559189682,13.306385413177916,-0.08615,51.5288,London Borough of Hackney
1259,359.60394176721,Entire home/apt,False,False,2.0,False,0,1,9.0,92.0,0,3.935028452493092,0.364567577230854,483.4244723244489,33.60471978815489,792.4091712378088,14.182743441879426,-0.071,51.511,London Borough of Tower Hamlets
1493,353.25383946000613,Entire home/apt,False,False,2.0,False,0,1,9.0,90.0,0,4.184992949369395,0.4344902230901254,352.03671763804573,24.471444721210965,724.2153675012788,12.962193178421124,-0.181,51.49100000000001,Royal Borough of Kensington and Chelsea
1490,353.25383946000613,Entire home/apt,False,False,2.0,False,0,1,10.0,90.0,0,4.185001270627941,0.4344823977907617,352.03593693119853,24.47139045123429,724.2133939041784,12.962157854471895,-0.181,51.49100000000001,Royal Borough of Kensington and Chelsea
1486,353.25383946000613,Entire home/apt,False,False,2.0,False,0,1,8.0,100.0,0,4.18503097466839,0.4344959094430688,352.02994446355126,24.47097389144541,724.2019404164317,12.961952856998211,-0.181,51.49100000000001,Royal Borough of Kensington and Chelsea
197,376.3023589454127,Private room,False,True,2.0,False,0,1,9.0,82.0,1,1.426607927987838,0.1423155902987533,590.5460442938881,41.05115788838347,1527.528842279423,27.340104653607604,-0.136,51.52,London Borough of Camden
3023,394.4119099696606,Entire home/apt,False,False,4.0,False,0,1,9.0,89.0,1,5.486442382926963,0.3988070819318531,237.4859668878767,16.50857543994988,554.4233559650414,9.923212023852445,-0.205,51.518,Royal Borough of Kensington and Chelsea
1488,353.25383946000613,Entire home/apt,False,False,2.0,False,0,1,9.0,80.0,0,4.185010724886019,0.4345029901196403,352.0327694127409,24.471170264677163,724.2080102864783,12.96206149709568,-0.181,51.49100000000001,Royal Borough of Kensington and Chelsea
1486,353.25383946000613,Entire home/apt,False,False,2.0,False,0,1,8.0,100.0,0,4.18503097466839,0.4344959094430688,352.02994446355126,24.47097389144541,724.2019404164317,12.961952856998211,-0.181,51.49100000000001,Royal Borough of Kensington and Chelsea
4876,371.1282015099132,Entire home/apt,False,False,2.0,False,0,1,10.0,95.0,0,3.935028437038272,0.3645674139495256,483.4246373406673,33.60473125907558,792.4089376830748,14.182739261656645,-0.071,51.511,London Borough of Tower Hamlets
1400,194.50128177991016,Private room,False,True,2.0,False,0,1,10.0,95.0,1,2.18043114771659,0.5531878865323704,450.3603218210724,31.30630178015295,973.89867618416,17.431089346340595,-0.118,51.527,London Borough of Camden
1260,369.7170676638679,Entire home/apt,False,False,2.0,False,0,1,10.0,89.0,0,3.935020320745124,0.3645587247752559,483.4282550546191,33.60498274047667,792.4086552797338,14.182734207128908,-0.071,51.511,London Borough of Tower Hamlets
1493,353.25383946000613,Entire home/apt,False,False,2.0,False,0,1,9.0,90.0,0,4.184992949369395,0.4344902230901254,352.03671763804573,24.471444721210965,724.2153675012788,12.962193178421124,-0.181,51.49100000000001,Royal Borough of Kensington and Chelsea
1490,353.25383946000613,Entire home/apt,False,False,2.0,False,0,1,10.0,90.0,0,4.185001270627941,0.4344823977907617,352.03593693119853,24.47139045123429,724.2133939041784,12.962157854471895,-0.181,51.49100000000001,Royal Borough of Kensington and Chelsea
5091,360.7798866389144,Entire home/apt,False,False,2.0,False,0,1,10.0,90.0,0,3.9350278690773792,0.3645666968444838,483.4250080199261,33.60475702643602,792.4087447369003,14.182735808256316,-0.071,51.511,London Borough of Tower Hamlets
1486,353.25383946000613,Entire home/apt,False,False,2.0,False,0,1,8.0,100.0,0,4.18503097466839,0.4344959094430688,352.02994446355126,24.47097389144541,724.2019404164317,12.961952856998211,-0.181,51.49100000000001,Royal Borough of Kensington and Chelsea
1373,369.7170676638679,Entire home/apt,False,False,2.0,False,0,1,10.0,90.0,0,3.9350155248705208,0.3645515333883088,483.4326097700945,33.60528545372701,792.405223092987,14.182672776966507,-0.071,51.511,London Borough of Tower Hamlets
1486,353.25383946000613,Entire home/apt,False,False,2.0,False,0,1,8.0,100.0,0,4.18503097466839,0.4344959094430688,352.02994446355126,24.47097389144541,724.2019404164317,12.961952856998211,-0.181,51.49100000000001,Royal Borough of Kensington and Chelsea
4098,387.8266186881159,Private room,False,True,2.0,True,1,0,10.0,98.0,1,3.344519288731922,0.4309987723850838,319.3418999440615,22.198700476699983,734.8037155063307,13.151706158179302,-0.1,51.533,London Borough of Islington
194,440.7441379148145,Private room,False,True,2.0,False,0,1,8.0,80.0,1,1.426611953447417,0.1423164194981613,590.544733118047,41.051066743438895,1527.5303518588885,27.340131672449687,-0.136,51.52,London Borough of Camden
4876,371.1282015099132,Entire home/apt,False,False,2.0,False,0,1,10.0,95.0,0,3.935028437038272,0.3645674139495256,483.4246373406673,33.60473125907558,792.4089376830748,14.182739261656645,-0.071,51.511,London Borough of Tower Hamlets
4688,584.444601237094,Entire home/apt,False,False,5.0,False,0,1,8.0,60.0,2,3.838332792083083,0.1668864259907863,272.90527667655573,18.97070975188345,513.9649636226302,9.199077297134204,-0.122,51.474,London Borough of Lambeth
4876,371.1282015099132,Entire home/apt,False,False,2.0,False,0,1,10.0,95.0,0,3.935028437038272,0.3645674139495256,483.4246373406673,33.60473125907558,792.4089376830748,14.182739261656645,-0.071,51.511,London Borough of Tower Hamlets
66,293.75102895176275,Private room,False,True,2.0,False,0,1,8.0,82.0,1,9.504517474645644,0.3413844063555099,117.62531318838433,8.176594103073722,286.4774843970736,5.127447801660236,-0.1639999999999999,51.426,London Borough of Wandsworth
1575,333.73315458971285,Entire home/apt,False,False,2.0,False,0,1,9.0,100.0,0,3.9350143045386576,0.3645493176496757,483.43413381094297,33.60539139574812,792.4037374677036,14.182646186862549,-0.071,51.511,London Borough of Tower Hamlets
1292,378.8894376631624,Entire home/apt,False,False,2.0,False,0,1,10.0,87.0,0,4.18499620484728,0.4344780546206165,352.03711666160075,24.47147245889393,724.2155649197266,12.96219671186735,-0.181,51.49100000000001,Royal Borough of Kensington and Chelsea
5091,360.7798866389144,Entire home/apt,False,False,2.0,False,0,1,10.0,90.0,0,3.9350278690773792,0.3645666968444838,483.4250080199261,33.60475702643602,792.4087447369003,14.182735808256316,-0.071,51.511,London Borough of Tower Hamlets
5091,360.7798866389144,Entire home/apt,False,False,2.0,False,0,1,10.0,90.0,0,3.9350278690773792,0.3645666968444838,483.4250080199261,33.60475702643602,792.4087447369003,14.182735808256316,-0.071,51.511,London Borough of Tower Hamlets
1389,359.60394176721,Entire home/apt,False,False,2.0,False,0,1,10.0,95.0,0,3.93500771200998,0.3645473153605198,483.43162375157385,33.60521691173546,792.4115335119782,14.182785722470944,-0.071,51.511,London Borough of Tower Hamlets
68,268.1154307486065,Private room,False,True,2.0,False,0,1,8.0,78.0,1,9.523294739569868,0.2875418696337674,117.41741823139134,8.162142514097418,299.09190854655947,5.353224014093186,-0.165,51.426,London Borough of Wandsworth
1317,344.0814694607117,Entire home/apt,False,False,2.0,False,0,1,9.0,91.0,0,3.93502673784039,0.3645650511862616,483.42598057278855,33.60482463237716,792.4080153033627,14.182722752666985,-0.071,51.511,London Borough of Tower Hamlets
60,293.75102895176275,Private room,False,True,2.0,False,0,1,8.0,76.0,1,9.50450633974499,0.3413801615197919,117.62544927878372,8.176603563247957,286.4755790091257,5.127413698535986,-0.1639999999999999,51.426,London Borough of Wandsworth
1317,344.0814694607117,Entire home/apt,False,False,2.0,False,0,1,9.0,91.0,0,3.93502673784039,0.3645650511862616,483.42598057278855,33.60482463237716,792.4080153033627,14.182722752666985,-0.071,51.511,London Borough of Tower Hamlets
1260,369.7170676638679,Entire home/apt,False,False,2.0,False,0,1,10.0,89.0,0,3.935020320745124,0.3645587247752559,483.4282550546191,33.60498274047667,792.4086552797338,14.182734207128908,-0.071,51.511,London Borough of Tower Hamlets
1490,353.25383946000613,Entire home/apt,False,False,2.0,False,0,1,10.0,90.0,0,4.185001270627941,0.4344823977907617,352.03593693119853,24.47139045123429,724.2133939041784,12.962157854471895,-0.181,51.49100000000001,Royal Borough of Kensington and Chelsea
4876,371.1282015099132,Entire home/apt,False,False,2.0,False,0,1,10.0,95.0,0,3.935028437038272,0.3645674139495256,483.4246373406673,33.60473125907558,792.4089376830748,14.182739261656645,-0.071,51.511,London Borough of Tower Hamlets
1293,378.8894376631624,Entire home/apt,False,False,2.0,False,0,1,7.0,80.0,0,4.185013803660901,0.4344800749297678,352.034029099943,24.47125783044569,724.2094161973369,12.962086660450336,-0.181,51.49100000000001,Royal Borough of Kensington and Chelsea
483,268.1154307486065,Private room,False,True,2.0,False,0,1,8.0,80.0,1,9.52327699514574,0.287527707201317,117.417637227526,8.162157737372535,299.0813322529376,5.353034716865882,-0.165,51.426,London Borough of Wandsworth
1490,353.25383946000613,Entire home/apt,False,False,2.0,False,0,1,10.0,90.0,0,4.185001270627941,0.4344823977907617,352.03593693119853,24.47139045123429,724.2133939041784,12.962157854471895,-0.181,51.49100000000001,Royal Borough of Kensington and Chelsea
1490,353.25383946000613,Entire home/apt,False,False,2.0,False,0,1,10.0,90.0,0,4.185001270627941,0.4344823977907617,352.03593693119853,24.47139045123429,724.2133939041784,12.962157854471895,-0.181,51.49100000000001,Royal Borough of Kensington and Chelsea
1412,369.7170676638679,Entire home/apt,False,False,2.0,False,0,1,9.0,90.0,0,3.935020189475922,0.3645609101042149,483.4258071422481,33.60481257654414,792.4123437427209,14.182800224189462,-0.071,51.511,London Borough of Tower Hamlets
4965,360.7798866389144,Entire home/apt,False,False,2.0,False,0,1,9.0,96.0,0,3.9350243383162367,0.3645632420560812,483.4262313522276,33.604842065033665,792.4091382310105,14.182742851115249,-0.071,51.511,London Borough of Tower Hamlets
1260,369.7170676638679,Entire home/apt,False,False,2.0,False,0,1,10.0,89.0,0,3.935020320745124,0.3645587247752559,483.4282550546191,33.60498274047667,792.4086552797338,14.182734207128908,-0.071,51.511,London Borough of Tower Hamlets
1389,359.60394176721,Entire home/apt,False,False,2.0,False,0,1,10.0,95.0,0,3.93500771200998,0.3645473153605198,483.43162375157385,33.60521691173546,792.4115335119782,14.182785722470944,-0.071,51.511,London Borough of Tower Hamlets
4960,345.2574143324161,Entire home/apt,False,False,2.0,False,0,1,10.0,94.0,0,3.935032848381165,0.3645703948946772,483.42454812446687,33.60472505730966,792.4063252083831,14.182692502911737,-0.071,51.511,London Borough of Tower Hamlets
799,245.0669112632,Entire home/apt,False,False,2.0,True,0,1,9.0,95.0,0,3.840185512604456,0.4925526862242009,322.89067064855345,22.445389363887365,920.8886951934688,16.48230305317407,-0.08,51.526,London Borough of Hackney
1484,353.25383946000613,Entire home/apt,False,False,2.0,False,0,1,8.0,80.0,0,4.185002016230517,0.4344890877699983,352.0352952611351,24.47134584624652,724.2124296814144,12.962140596564517,-0.181,51.49100000000001,Royal Borough of Kensington and Chelsea
4876,371.1282015099132,Entire home/apt,False,False,2.0,False,0,1,10.0,95.0,0,3.935028437038272,0.3645674139495256,483.4246373406673,33.60473125907558,792.4089376830748,14.182739261656645,-0.071,51.511,London Borough of Tower Hamlets
1484,353.25383946000613,Entire home/apt,False,False,2.0,False,0,1,8.0,80.0,0,4.185002016230517,0.4344890877699983,352.0352952611351,24.47134584624652,724.2124296814144,12.962140596564517,-0.181,51.49100000000001,Royal Borough of Kensington and Chelsea
1484,353.25383946000613,Entire home/apt,False,False,2.0,False,0,1,8.0,80.0,0,4.185002016230517,0.4344890877699983,352.0352952611351,24.47134584624652,724.2124296814144,12.962140596564517,-0.181,51.49100000000001,Royal Borough of Kensington and Chelsea
4137,271.4080763893789,Entire home/apt,False,False,2.0,False,0,1,9.0,90.0,0,5.999594113682251,0.3156834946063811,213.2044086397963,14.820669660122366,487.7107048241511,8.729171811040597,-0.2131199999999999,51.50104,Royal Borough of Kensington and Chelsea
4187,164.39709306427716,Private room,False,True,3.0,False,0,1,8.0,80.0,1,1.6277851660787483,0.3581065038753755,609.7463035925359,42.38584276788195,871.3477662717437,15.595606747436404,-0.11437,51.49621,London Borough of Lambeth
2410,386.6506738164115,Entire home/apt,False,False,2.0,False,1,0,9.0,93.0,1,5.10490569222955,0.7156174073645509,243.3691192287897,16.917536295689768,540.1346081520501,9.667468335246706,-0.06372,51.53115,London Borough of Tower Hamlets
1293,378.8894376631624,Entire home/apt,False,False,2.0,False,0,1,7.0,80.0,0,4.185013803660901,0.4344800749297678,352.034029099943,24.47125783044569,724.2094161973369,12.962086660450336,-0.181,51.49100000000001,Royal Borough of Kensington and Chelsea
1483,353.25383946000613,Entire home/apt,False,False,2.0,False,0,1,9.0,70.0,0,4.1850164660276645,0.4344985934045747,352.03215328765305,24.471127435420232,724.2065434749488,12.96203524372513,-0.181,51.49100000000001,Royal Borough of Kensington and Chelsea
4842,532.7030268820997,Entire home/apt,False,False,6.0,False,0,1,7.0,80.0,2,3.8383181203708334,0.1669015016293132,272.9062176781655,18.97077516457401,513.9661347236353,9.199098257801625,-0.122,51.474,London Borough of Lambeth
70,268.1154307486065,Private room,False,True,2.0,False,0,1,8.0,83.0,1,9.523278643586218,0.2875333512821565,117.4176152834318,8.162156211952995,299.08286977124584,5.353062235764571,-0.165,51.426,London Borough of Wandsworth
1317,344.0814694607117,Entire home/apt,False,False,2.0,False,0,1,9.0,91.0,0,3.93502673784039,0.3645650511862616,483.42598057278855,33.60482463237716,792.4080153033627,14.182722752666985,-0.071,51.511,London Borough of Tower Hamlets
3895,685.5758602036736,Entire home/apt,False,False,4.0,False,1,0,9.0,93.0,2,7.329210497243602,0.5320100804791116,188.4181714692504,13.097681680813114,435.4944231505089,7.794591352677973,-0.02196,51.50791,London Borough of Tower Hamlets
1467,359.60394176721,Entire home/apt,False,False,2.0,False,0,1,10.0,93.0,0,3.9350219760378087,0.3645613550026373,483.4265924890182,33.60486716905994,792.410075352398,14.18275962395521,-0.071,51.511,London Borough of Tower Hamlets
1488,353.25383946000613,Entire home/apt,False,False,2.0,False,0,1,9.0,80.0,0,4.185010724886019,0.4345029901196403,352.0327694127409,24.471170264677163,724.2080102864783,12.96206149709568,-0.181,51.49100000000001,Royal Borough of Kensington and Chelsea
517,474.14097227122,Entire home/apt,False,False,4.0,False,0,1,9.0,78.0,2,7.564824962226042,0.1285156987154276,160.254368295738,11.139905920591705,394.53018145188696,7.061402803894336,-0.2339999999999999,51.494,London Borough of Hammersmith and Fulham
1389,359.60394176721,Entire home/apt,False,False,2.0,False,0,1,10.0,95.0,0,3.93500771200998,0.3645473153605198,483.43162375157385,33.60521691173546,792.4115335119782,14.182785722470944,-0.071,51.511,London Borough of Tower Hamlets
1467,359.60394176721,Entire home/apt,False,False,2.0,False,0,1,10.0,93.0,0,3.9350219760378087,0.3645613550026373,483.4265924890182,33.60486716905994,792.410075352398,14.18275962395521,-0.071,51.511,London Borough of Tower Hamlets
1509,489.66344457771817,Entire home/apt,False,False,5.0,False,0,1,9.0,83.0,2,3.157559086877757,0.2675299881459598,331.5509754643944,23.047400915385776,785.2352114049589,14.05434206104644,-0.10814,51.534,London Borough of Islington
4960,345.2574143324161,Entire home/apt,False,False,2.0,False,0,1,10.0,94.0,0,3.935032848381165,0.3645703948946772,483.42454812446687,33.60472505730966,792.4063252083831,14.182692502911737,-0.071,51.511,London Borough of Tower Hamlets
60,293.75102895176275,Private room,False,True,2.0,False,0,1,8.0,76.0,1,9.50450633974499,0.3413801615197919,117.62544927878372,8.176603563247957,286.4755790091257,5.127413698535986,-0.1639999999999999,51.426,London Borough of Wandsworth
1373,369.7170676638679,Entire home/apt,False,False,2.0,False,0,1,10.0,90.0,0,3.9350155248705208,0.3645515333883088,483.4326097700945,33.60528545372701,792.405223092987,14.182672776966507,-0.071,51.511,London Borough of Tower Hamlets
2354,483.3133422705144,Entire home/apt,False,False,6.0,False,0,1,10.0,100.0,1,4.155697732103183,0.5900999752690607,352.28664740784103,24.4888183139054,904.142959469117,16.182583562102305,-0.07089,51.52044,London Borough of Tower Hamlets
1292,378.8894376631624,Entire home/apt,False,False,2.0,False,0,1,10.0,87.0,0,4.18499620484728,0.4344780546206165,352.03711666160075,24.47147245889393,724.2155649197266,12.96219671186735,-0.181,51.49100000000001,Royal Borough of Kensington and Chelsea
1260,369.7170676638679,Entire home/apt,False,False,2.0,False,0,1,10.0,89.0,0,3.935020320745124,0.3645587247752559,483.4282550546191,33.60498274047667,792.4086552797338,14.182734207128908,-0.071,51.511,London Borough of Tower Hamlets
69,268.1154307486065,Private room,False,True,2.0,False,0,1,9.0,87.0,1,9.523273118238029,0.2875466134208701,117.4176769453841,8.162160498315698,299.08184286868004,5.3530438559979565,-0.165,51.426,London Borough of Wandsworth
484,268.1154307486065,Private room,False,True,2.0,False,0,1,7.0,76.0,1,9.5233097620805,0.2875510182420163,117.41723387925968,8.162129699062017,299.1005052747009,5.353377880547658,-0.165,51.426,London Borough of Wandsworth
1373,369.7170676638679,Entire home/apt,False,False,2.0,False,0,1,10.0,90.0,0,3.9350155248705208,0.3645515333883088,483.4326097700945,33.60528545372701,792.405223092987,14.182672776966507,-0.071,51.511,London Borough of Tower Hamlets
1389,359.60394176721,Entire home/apt,False,False,2.0,False,0,1,10.0,95.0,0,3.93500771200998,0.3645473153605198,483.43162375157385,33.60521691173546,792.4115335119782,14.182785722470944,-0.071,51.511,London Borough of Tower Hamlets
1260,369.7170676638679,Entire home/apt,False,False,2.0,False,0,1,10.0,89.0,0,3.935020320745124,0.3645587247752559,483.4282550546191,33.60498274047667,792.4086552797338,14.182734207128908,-0.071,51.511,London Borough of Tower Hamlets
1292,378.8894376631624,Entire home/apt,False,False,2.0,False,0,1,10.0,87.0,0,4.18499620484728,0.4344780546206165,352.03711666160075,24.47147245889393,724.2155649197266,12.96219671186735,-0.181,51.49100000000001,Royal Borough of Kensington and Chelsea
3268,195.2068487029328,Private room,False,True,2.0,False,0,1,9.0,93.0,1,2.1804278822766348,0.5531799095188346,450.3610951298584,31.306355535861552,973.9001561129209,17.431115834486732,-0.118,51.527,London Borough of Camden
200,376.3023589454127,Private room,False,True,2.0,False,0,1,7.0,70.0,1,1.4265899294226507,0.1423408753715114,590.5479487609099,41.05129027531106,1527.5518228962294,27.340515966606155,-0.136,51.52,London Borough of Camden
231,191.91420306216045,Private room,False,True,4.0,False,0,1,7.0,74.0,1,5.172788304553944,0.320391780033382,245.9291367211949,17.09549309227352,540.6412164091137,9.676535740315034,-0.06,51.528,London Borough of Tower Hamlets
4686,700.863143535831,Entire home/apt,False,False,4.0,False,0,1,10.0,75.0,2,3.8383172203354574,0.1669030112775915,272.9062808304819,18.97077955453773,513.9661340816265,9.199098246310786,-0.122,51.474,London Borough of Lambeth
5091,360.7798866389144,Entire home/apt,False,False,2.0,False,0,1,10.0,90.0,0,3.9350278690773792,0.3645666968444838,483.4250080199261,33.60475702643602,792.4087447369003,14.182735808256316,-0.071,51.511,London Borough of Tower Hamlets
4965,360.7798866389144,Entire home/apt,False,False,2.0,False,0,1,9.0,96.0,0,3.9350243383162367,0.3645632420560812,483.4262313522276,33.604842065033665,792.4091382310105,14.182742851115249,-0.071,51.511,London Borough of Tower Hamlets
3757,245.77247818622263,Entire home/apt,False,False,2.0,True,0,1,9.0,94.0,0,3.840179944568976,0.492551596833637,322.8914982893202,22.445446896423768,920.87721251265,16.482097533195265,-0.08,51.526,London Borough of Hackney
5091,360.7798866389144,Entire home/apt,False,False,2.0,False,0,1,10.0,90.0,0,3.9350278690773792,0.3645666968444838,483.4250080199261,33.60475702643602,792.4087447369003,14.182735808256316,-0.071,51.511,London Borough of Tower Hamlets
1483,353.25383946000613,Entire home/apt,False,False,2.0,False,0,1,9.0,70.0,0,4.1850164660276645,0.4344985934045747,352.03215328765305,24.471127435420232,724.2065434749488,12.96203524372513,-0.181,51.49100000000001,Royal Borough of Kensington and Chelsea
4965,360.7798866389144,Entire home/apt,False,False,2.0,False,0,1,9.0,96.0,0,3.9350243383162367,0.3645632420560812,483.4262313522276,33.604842065033665,792.4091382310105,14.182742851115249,-0.071,51.511,London Borough of Tower Hamlets
1373,369.7170676638679,Entire home/apt,False,False,2.0,False,0,1,10.0,90.0,0,3.9350155248705208,0.3645515333883088,483.4326097700945,33.60528545372701,792.405223092987,14.182672776966507,-0.071,51.511,London Borough of Tower Hamlets
1487,353.25383946000613,Entire home/apt,False,False,2.0,False,0,1,10.0,60.0,0,4.185001714432458,0.4344939213775508,352.0349716407835,24.471323350134185,724.2120163937046,12.96213319943464,-0.181,51.49100000000001,Royal Borough of Kensington and Chelsea
4876,371.1282015099132,Entire home/apt,False,False,2.0,False,0,1,10.0,95.0,0,3.935028437038272,0.3645674139495256,483.4246373406673,33.60473125907558,792.4089376830748,14.182739261656645,-0.071,51.511,London Borough of Tower Hamlets
1484,353.25383946000613,Entire home/apt,False,False,2.0,False,0,1,8.0,80.0,0,4.185002016230517,0.4344890877699983,352.0352952611351,24.47134584624652,724.2124296814144,12.962140596564517,-0.181,51.49100000000001,Royal Borough of Kensington and Chelsea
65,293.75102895176275,Private room,False,True,2.0,False,0,1,8.0,80.0,1,9.50451248267244,0.3414050430232744,117.62536677572383,8.176597828138613,286.4731091772396,5.127369492848753,-0.1639999999999999,51.426,London Borough of Wandsworth
1483,353.25383946000613,Entire home/apt,False,False,2.0,False,0,1,9.0,70.0,0,4.1850164660276645,0.4344985934045747,352.03215328765305,24.471127435420232,724.2065434749488,12.96203524372513,-0.181,51.49100000000001,Royal Borough of Kensington and Chelsea
5091,360.7798866389144,Entire home/apt,False,False,2.0,False,0,1,10.0,90.0,0,3.9350278690773792,0.3645666968444838,483.4250080199261,33.60475702643602,792.4087447369003,14.182735808256316,-0.071,51.511,London Borough of Tower Hamlets
4689,651.7086478985865,Entire home/apt,False,False,4.0,False,0,1,6.0,60.0,2,3.8383031440198696,0.1669148449205097,272.90715923601664,18.97084061593108,513.9675838296155,9.199124194273695,-0.122,51.474,London Borough of Lambeth
67,293.75102895176275,Private room,False,True,2.0,False,0,1,9.0,84.0,1,9.50451857010954,0.3413962403710837,117.62529603922582,8.176592910968855,286.47588826825665,5.127419233735566,-0.1639999999999999,51.426,London Borough of Wandsworth
4965,360.7798866389144,Entire home/apt,False,False,2.0,False,0,1,9.0,96.0,0,3.9350243383162367,0.3645632420560812,483.4262313522276,33.604842065033665,792.4091382310105,14.182742851115249,-0.071,51.511,London Borough of Tower Hamlets
72,268.1154307486065,Private room,False,True,2.0,False,0,1,8.0,86.0,1,9.52327700258897,0.2875339652323594,117.41763482529036,8.16215757038377,299.0821388250627,5.353049153101521,-0.165,51.426,London Borough of Wandsworth
1492,353.25383946000613,Entire home/apt,False,False,2.0,False,0,1,8.0,77.0,0,4.185028030857168,0.4345001106575242,352.03010980401007,24.47098538490532,724.2024835255357,12.961962577704842,-0.181,51.49100000000001,Royal Borough of Kensington and Chelsea
1487,353.25383946000613,Entire home/apt,False,False,2.0,False,0,1,10.0,60.0,0,4.185001714432458,0.4344939213775508,352.0349716407835,24.471323350134185,724.2120163937046,12.96213319943464,-0.181,51.49100000000001,Royal Borough of Kensington and Chelsea
1486,353.25383946000613,Entire home/apt,False,False,2.0,False,0,1,8.0,100.0,0,4.18503097466839,0.4344959094430688,352.02994446355126,24.47097389144541,724.2019404164317,12.961952856998211,-0.181,51.49100000000001,Royal Borough of Kensington and Chelsea
1902,257.5319269032668,Entire home/apt,False,False,2.0,False,0,1,10.0,100.0,1,5.559509654140476,0.3470797472501107,209.7536405431128,14.580793316284469,458.5739936551849,8.207675450007725,-0.16933,51.55094,London Borough of Camden
1317,344.0814694607117,Entire home/apt,False,False,2.0,False,0,1,9.0,91.0,0,3.93502673784039,0.3645650511862616,483.42598057278855,33.60482463237716,792.4080153033627,14.182722752666985,-0.071,51.511,London Borough of Tower Hamlets
1490,353.25383946000613,Entire home/apt,False,False,2.0,False,0,1,10.0,90.0,0,4.185001270627941,0.4344823977907617,352.03593693119853,24.47139045123429,724.2133939041784,12.962157854471895,-0.181,51.49100000000001,Royal Borough of Kensington and Chelsea
456,997.4364401796844,Entire home/apt,False,False,4.0,False,0,1,9.0,90.0,2,1.4265987691849185,0.1423096938987438,590.5495750942785,41.05140332808406,1527.5213064029413,27.33996977454937,-0.136,51.52,London Borough of Camden
68,268.1154307486065,Private room,False,True,2.0,False,0,1,8.0,78.0,1,9.523294739569868,0.2875418696337674,117.41741823139134,8.162142514097418,299.09190854655947,5.353224014093186,-0.165,51.426,London Borough of Wandsworth
1260,369.7170676638679,Entire home/apt,False,False,2.0,False,0,1,10.0,89.0,0,3.935020320745124,0.3645587247752559,483.4282550546191,33.60498274047667,792.4086552797338,14.182734207128908,-0.071,51.511,London Borough of Tower Hamlets
62,293.75102895176275,Private room,False,True,2.0,False,0,1,8.0,82.0,1,9.504498818718714,0.3414107900049699,117.6255301675482,8.176609186141336,286.469061605313,5.127297048363907,-0.1639999999999999,51.426,London Borough of Wandsworth
1483,353.25383946000613,Entire home/apt,False,False,2.0,False,0,1,9.0,70.0,0,4.1850164660276645,0.4344985934045747,352.03215328765305,24.471127435420232,724.2065434749488,12.96203524372513,-0.181,51.49100000000001,Royal Borough of Kensington and Chelsea
1484,353.25383946000613,Entire home/apt,False,False,2.0,False,0,1,8.0,80.0,0,4.185002016230517,0.4344890877699983,352.0352952611351,24.47134584624652,724.2124296814144,12.962140596564517,-0.181,51.49100000000001,Royal Borough of Kensington and Chelsea
195,409.699193301818,Private room,False,True,2.0,False,0,1,8.0,76.0,1,1.4265923947247965,0.1423245717589549,590.5494409384186,41.051394002387205,1527.5355203023912,27.34022417858269,-0.136,51.52,London Borough of Camden
4113,517.4157435499424,Entire home/apt,False,False,5.0,False,0,1,9.0,92.0,2,5.939761862522508,0.377642085785679,206.78797773248056,14.374638532149833,489.5618564754846,8.762304200083827,-0.2,51.48,London Borough of Hammersmith and Fulham
67,293.75102895176275,Private room,False,True,2.0,False,0,1,9.0,84.0,1,9.50451857010954,0.3413962403710837,117.62529603922582,8.176592910968855,286.47588826825665,5.127419233735566,-0.1639999999999999,51.426,London Borough of Wandsworth
1492,353.25383946000613,Entire home/apt,False,False,2.0,False,0,1,8.0,77.0,0,4.185028030857168,0.4345001106575242,352.03010980401007,24.47098538490532,724.2024835255357,12.961962577704842,-0.181,51.49100000000001,Royal Borough of Kensington and Chelsea
1486,353.25383946000613,Entire home/apt,False,False,2.0,False,0,1,8.0,100.0,0,4.18503097466839,0.4344959094430688,352.02994446355126,24.47097389144541,724.2019404164317,12.961952856998211,-0.181,51.49100000000001,Royal Borough of Kensington and Chelsea
456,997.4364401796844,Entire home/apt,False,False,4.0,False,0,1,9.0,90.0,2,1.4265987691849185,0.1423096938987438,590.5495750942785,41.05140332808406,1527.5213064029413,27.33996977454937,-0.136,51.52,London Borough of Camden
4960,345.2574143324161,Entire home/apt,False,False,2.0,False,0,1,10.0,94.0,0,3.935032848381165,0.3645703948946772,483.42454812446687,33.60472505730966,792.4063252083831,14.182692502911737,-0.071,51.511,London Borough of Tower Hamlets
1488,353.25383946000613,Entire home/apt,False,False,2.0,False,0,1,9.0,80.0,0,4.185010724886019,0.4345029901196403,352.0327694127409,24.471170264677163,724.2080102864783,12.96206149709568,-0.181,51.49100000000001,Royal Borough of Kensington and Chelsea
1292,378.8894376631624,Entire home/apt,False,False,2.0,False,0,1,10.0,87.0,0,4.18499620484728,0.4344780546206165,352.03711666160075,24.47147245889393,724.2155649197266,12.96219671186735,-0.181,51.49100000000001,Royal Borough of Kensington and Chelsea
1389,359.60394176721,Entire home/apt,False,False,2.0,False,0,1,10.0,95.0,0,3.93500771200998,0.3645473153605198,483.43162375157385,33.60521691173546,792.4115335119782,14.182785722470944,-0.071,51.511,London Borough of Tower Hamlets
60,293.75102895176275,Private room,False,True,2.0,False,0,1,8.0,76.0,1,9.50450633974499,0.3413801615197919,117.62544927878372,8.176603563247957,286.4755790091257,5.127413698535986,-0.1639999999999999,51.426,London Borough of Wandsworth
1317,344.0814694607117,Entire home/apt,False,False,2.0,False,0,1,9.0,91.0,0,3.93502673784039,0.3645650511862616,483.42598057278855,33.60482463237716,792.4080153033627,14.182722752666985,-0.071,51.511,London Borough of Tower Hamlets
1493,353.25383946000613,Entire home/apt,False,False,2.0,False,0,1,9.0,90.0,0,4.184992949369395,0.4344902230901254,352.03671763804573,24.471444721210965,724.2153675012788,12.962193178421124,-0.181,51.49100000000001,Royal Borough of Kensington and Chelsea
1483,353.25383946000613,Entire home/apt,False,False,2.0,False,0,1,9.0,70.0,0,4.1850164660276645,0.4344985934045747,352.03215328765305,24.471127435420232,724.2065434749488,12.96203524372513,-0.181,51.49100000000001,Royal Borough of Kensington and Chelsea
69,268.1154307486065,Private room,False,True,2.0,False,0,1,9.0,87.0,1,9.523273118238029,0.2875466134208701,117.4176769453841,8.162160498315698,299.08184286868004,5.3530438559979565,-0.165,51.426,London Borough of Wandsworth
1575,333.73315458971285,Entire home/apt,False,False,2.0,False,0,1,9.0,100.0,0,3.9350143045386576,0.3645493176496757,483.43413381094297,33.60539139574812,792.4037374677036,14.182646186862549,-0.071,51.511,London Borough of Tower Hamlets
1484,353.25383946000613,Entire home/apt,False,False,2.0,False,0,1,8.0,80.0,0,4.185002016230517,0.4344890877699983,352.0352952611351,24.47134584624652,724.2124296814144,12.962140596564517,-0.181,51.49100000000001,Royal Borough of Kensington and Chelsea
1467,359.60394176721,Entire home/apt,False,False,2.0,False,0,1,10.0,93.0,0,3.9350219760378087,0.3645613550026373,483.4265924890182,33.60486716905994,792.410075352398,14.18275962395521,-0.071,51.511,London Borough of Tower Hamlets
3173,206.73110844563607,Private room,False,True,2.0,False,0,1,10.0,97.0,1,6.340466203091686,0.8607866605638238,190.39257772846253,13.234930357467348,411.4789220662959,7.364755728774838,-0.21348,51.52757,City of Westminster
1389,359.60394176721,Entire home/apt,False,False,2.0,False,0,1,10.0,95.0,0,3.93500771200998,0.3645473153605198,483.43162375157385,33.60521691173546,792.4115335119782,14.182785722470944,-0.071,51.511,London Borough of Tower Hamlets
1373,369.7170676638679,Entire home/apt,False,False,2.0,False,0,1,10.0,90.0,0,3.9350155248705208,0.3645515333883088,483.4326097700945,33.60528545372701,792.405223092987,14.182672776966507,-0.071,51.511,London Borough of Tower Hamlets
5091,360.7798866389144,Entire home/apt,False,False,2.0,False,0,1,10.0,90.0,0,3.9350278690773792,0.3645666968444838,483.4250080199261,33.60475702643602,792.4087447369003,14.182735808256316,-0.071,51.511,London Borough of Tower Hamlets
1069,703.6854112279216,Entire home/apt,False,False,4.0,False,0,1,10.0,100.0,2,7.295360628231351,1.1205634847850283,165.00528024974784,11.470160332796029,387.9470810295493,6.943576776974056,-0.22415,51.48263,London Borough of Hammersmith and Fulham
1260,369.7170676638679,Entire home/apt,False,False,2.0,False,0,1,10.0,89.0,0,3.935020320745124,0.3645587247752559,483.4282550546191,33.60498274047667,792.4086552797338,14.182734207128908,-0.071,51.511,London Borough of Tower Hamlets
484,268.1154307486065,Private room,False,True,2.0,False,0,1,7.0,76.0,1,9.5233097620805,0.2875510182420163,117.41723387925968,8.162129699062017,299.1005052747009,5.353377880547658,-0.165,51.426,London Borough of Wandsworth
2694,455.5610432982902,Entire home/apt,False,False,4.0,False,0,1,9.0,84.0,1,0.916165860236092,0.2299004512841812,754.1039678075858,52.420706811677206,2102.800583115788,37.6364664396538,-0.13401,51.51549,City of Westminster
1260,369.7170676638679,Entire home/apt,False,False,2.0,False,0,1,10.0,89.0,0,3.935020320745124,0.3645587247752559,483.4282550546191,33.60498274047667,792.4086552797338,14.182734207128908,-0.071,51.511,London Borough of Tower Hamlets
1389,359.60394176721,Entire home/apt,False,False,2.0,False,0,1,10.0,95.0,0,3.93500771200998,0.3645473153605198,483.43162375157385,33.60521691173546,792.4115335119782,14.182785722470944,-0.071,51.511,London Borough of Tower Hamlets
71,268.1154307486065,Private room,False,True,2.0,False,0,1,9.0,86.0,1,9.523278900165163,0.2875335711338572,117.4176121112398,8.16215599144156,299.0830245814968,5.353065006598316,-0.165,51.426,London Borough of Wandsworth
200,376.3023589454127,Private room,False,True,2.0,False,0,1,7.0,70.0,1,1.4265899294226507,0.1423408753715114,590.5479487609099,41.05129027531106,1527.5518228962294,27.340515966606155,-0.136,51.52,London Borough of Camden
494,293.9862179261036,Private room,False,True,2.0,False,0,1,9.0,80.0,1,9.504498914219624,0.341377448339851,117.62553999482677,8.176609869273783,286.4742902723464,5.127390632393181,-0.1639999999999999,51.426,London Borough of Wandsworth
1160,502.5988381664668,Entire home/apt,False,False,6.0,False,1,0,8.0,87.0,2,17.29557702848324,5.395137283959841,68.84205688596047,4.785479767230892,140.52172233197155,2.515093979455293,0.12007,51.49155,Royal Borough of Greenwich
1467,359.60394176721,Entire home/apt,False,False,2.0,False,0,1,10.0,93.0,0,3.9350219760378087,0.3645613550026373,483.4265924890182,33.60486716905994,792.410075352398,14.18275962395521,-0.071,51.511,London Borough of Tower Hamlets
198,376.3023589454127,Private room,False,True,2.0,False,0,1,9.0,84.0,1,1.4266091415297688,0.1423332007622191,590.5432789998072,41.05096566201091,1527.5471129295904,27.340431666410137,-0.136,51.52,London Borough of Camden
4876,371.1282015099132,Entire home/apt,False,False,2.0,False,0,1,10.0,95.0,0,3.935028437038272,0.3645674139495256,483.4246373406673,33.60473125907558,792.4089376830748,14.182739261656645,-0.071,51.511,London Borough of Tower Hamlets
1487,353.25383946000613,Entire home/apt,False,False,2.0,False,0,1,10.0,60.0,0,4.185001714432458,0.4344939213775508,352.0349716407835,24.471323350134185,724.2120163937046,12.96213319943464,-0.181,51.49100000000001,Royal Borough of Kensington and Chelsea
1467,359.60394176721,Entire home/apt,False,False,2.0,False,0,1,10.0,93.0,0,3.9350219760378087,0.3645613550026373,483.4265924890182,33.60486716905994,792.410075352398,14.18275962395521,-0.071,51.511,London Borough of Tower Hamlets
4688,584.444601237094,Entire home/apt,False,False,5.0,False,0,1,8.0,60.0,2,3.838332792083083,0.1668864259907863,272.90527667655573,18.97070975188345,513.9649636226302,9.199077297134204,-0.122,51.474,London Borough of Lambeth
62,293.75102895176275,Private room,False,True,2.0,False,0,1,8.0,82.0,1,9.504498818718714,0.3414107900049699,117.6255301675482,8.176609186141336,286.469061605313,5.127297048363907,-0.1639999999999999,51.426,London Borough of Wandsworth
1486,353.25383946000613,Entire home/apt,False,False,2.0,False,0,1,8.0,100.0,0,4.18503097466839,0.4344959094430688,352.02994446355126,24.47097389144541,724.2019404164317,12.961952856998211,-0.181,51.49100000000001,Royal Borough of Kensington and Chelsea
1575,333.73315458971285,Entire home/apt,False,False,2.0,False,0,1,9.0,100.0,0,3.9350143045386576,0.3645493176496757,483.43413381094297,33.60539139574812,792.4037374677036,14.182646186862549,-0.071,51.511,London Borough of Tower Hamlets
1486,353.25383946000613,Entire home/apt,False,False,2.0,False,0,1,8.0,100.0,0,4.18503097466839,0.4344959094430688,352.02994446355126,24.47097389144541,724.2019404164317,12.961952856998211,-0.181,51.49100000000001,Royal Borough of Kensington and Chelsea
4684,532.7030268820997,Entire home/apt,False,False,4.0,False,0,1,2.0,20.0,1,3.838302776178675,0.1669155937969142,272.9071862737662,18.97084249543046,513.9675671693449,9.19912389608388,-0.122,51.474,London Borough of Lambeth
799,245.0669112632,Entire home/apt,False,False,2.0,True,0,1,9.0,95.0,0,3.840185512604456,0.4925526862242009,322.89067064855345,22.445389363887365,920.8886951934688,16.48230305317407,-0.08,51.526,London Borough of Hackney
198,376.3023589454127,Private room,False,True,2.0,False,0,1,9.0,84.0,1,1.4266091415297688,0.1423332007622191,590.5432789998072,41.05096566201091,1527.5471129295904,27.340431666410137,-0.136,51.52,London Borough of Camden
1575,333.73315458971285,Entire home/apt,False,False,2.0,False,0,1,9.0,100.0,0,3.9350143045386576,0.3645493176496757,483.43413381094297,33.60539139574812,792.4037374677036,14.182646186862549,-0.071,51.511,London Borough of Tower Hamlets
1485,353.25383946000613,Entire home/apt,False,False,2.0,False,0,1,7.0,76.0,0,4.185011548057564,0.4344912137629979,352.03354320688,24.471224054124544,724.2089887671192,12.962079010194213,-0.181,51.49100000000001,Royal Borough of Kensington and Chelsea
4965,360.7798866389144,Entire home/apt,False,False,2.0,False,0,1,9.0,96.0,0,3.9350243383162367,0.3645632420560812,483.4262313522276,33.604842065033665,792.4091382310105,14.182742851115249,-0.071,51.511,London Borough of Tower Hamlets
200,376.3023589454127,Private room,False,True,2.0,False,0,1,7.0,70.0,1,1.4265899294226507,0.1423408753715114,590.5479487609099,41.05129027531106,1527.5518228962294,27.340515966606155,-0.136,51.52,London Borough of Camden
1412,369.7170676638679,Entire home/apt,False,False,2.0,False,0,1,9.0,90.0,0,3.935020189475922,0.3645609101042149,483.4258071422481,33.60481257654414,792.4123437427209,14.182800224189462,-0.071,51.511,London Borough of Tower Hamlets
483,268.1154307486065,Private room,False,True,2.0,False,0,1,8.0,80.0,1,9.52327699514574,0.287527707201317,117.417637227526,8.162157737372535,299.0813322529376,5.353034716865882,-0.165,51.426,London Borough of Wandsworth
1412,369.7170676638679,Entire home/apt,False,False,2.0,False,0,1,9.0,90.0,0,3.935020189475922,0.3645609101042149,483.4258071422481,33.60481257654414,792.4123437427209,14.182800224189462,-0.071,51.511,London Borough of Tower Hamlets
494,293.9862179261036,Private room,False,True,2.0,False,0,1,9.0,80.0,1,9.504498914219624,0.341377448339851,117.62553999482677,8.176609869273783,286.4742902723464,5.127390632393181,-0.1639999999999999,51.426,London Borough of Wandsworth
4965,360.7798866389144,Entire home/apt,False,False,2.0,False,0,1,9.0,96.0,0,3.9350243383162367,0.3645632420560812,483.4262313522276,33.604842065033665,792.4091382310105,14.182742851115249,-0.071,51.511,London Borough of Tower Hamlets
1488,353.25383946000613,Entire home/apt,False,False,2.0,False,0,1,9.0,80.0,0,4.185010724886019,0.4345029901196403,352.0327694127409,24.471170264677163,724.2080102864783,12.96206149709568,-0.181,51.49100000000001,Royal Borough of Kensington and Chelsea
4687,584.444601237094,Entire home/apt,False,False,4.0,False,0,1,8.0,87.0,2,3.83830320711688,0.1669156498500482,272.90716326666563,18.97084089611721,513.9674708911498,9.199122172871943,-0.122,51.474,London Borough of Lambeth
1492,353.25383946000613,Entire home/apt,False,False,2.0,False,0,1,8.0,77.0,0,4.185028030857168,0.4345001106575242,352.03010980401007,24.47098538490532,724.2024835255357,12.961962577704842,-0.181,51.49100000000001,Royal Borough of Kensington and Chelsea
1317,344.0814694607117,Entire home/apt,False,False,2.0,False,0,1,9.0,91.0,0,3.93502673784039,0.3645650511862616,483.42598057278855,33.60482463237716,792.4080153033627,14.182722752666985,-0.071,51.511,London Borough of Tower Hamlets
4960,345.2574143324161,Entire home/apt,False,False,2.0,False,0,1,10.0,94.0,0,3.935032848381165,0.3645703948946772,483.42454812446687,33.60472505730966,792.4063252083831,14.182692502911737,-0.071,51.511,London Borough of Tower Hamlets
1490,353.25383946000613,Entire home/apt,False,False,2.0,False,0,1,10.0,90.0,0,4.185001270627941,0.4344823977907617,352.03593693119853,24.47139045123429,724.2133939041784,12.962157854471895,-0.181,51.49100000000001,Royal Borough of Kensington and Chelsea
1292,378.8894376631624,Entire home/apt,False,False,2.0,False,0,1,10.0,87.0,0,4.18499620484728,0.4344780546206165,352.03711666160075,24.47147245889393,724.2155649197266,12.96219671186735,-0.181,51.49100000000001,Royal Borough of Kensington and Chelsea
1373,369.7170676638679,Entire home/apt,False,False,2.0,False,0,1,10.0,90.0,0,3.9350155248705208,0.3645515333883088,483.4326097700945,33.60528545372701,792.405223092987,14.182672776966507,-0.071,51.511,London Borough of Tower Hamlets
1293,378.8894376631624,Entire home/apt,False,False,2.0,False,0,1,7.0,80.0,0,4.185013803660901,0.4344800749297678,352.034029099943,24.47125783044569,724.2094161973369,12.962086660450336,-0.181,51.49100000000001,Royal Borough of Kensington and Chelsea
4965,360.7798866389144,Entire home/apt,False,False,2.0,False,0,1,9.0,96.0,0,3.9350243383162367,0.3645632420560812,483.4262313522276,33.604842065033665,792.4091382310105,14.182742851115249,-0.071,51.511,London Borough of Tower Hamlets
4965,360.7798866389144,Entire home/apt,False,False,2.0,False,0,1,9.0,96.0,0,3.9350243383162367,0.3645632420560812,483.4262313522276,33.604842065033665,792.4091382310105,14.182742851115249,-0.071,51.511,London Borough of Tower Hamlets
1260,369.7170676638679,Entire home/apt,False,False,2.0,False,0,1,10.0,89.0,0,3.935020320745124,0.3645587247752559,483.4282550546191,33.60498274047667,792.4086552797338,14.182734207128908,-0.071,51.511,London Borough of Tower Hamlets
4965,360.7798866389144,Entire home/apt,False,False,2.0,False,0,1,9.0,96.0,0,3.9350243383162367,0.3645632420560812,483.4262313522276,33.604842065033665,792.4091382310105,14.182742851115249,-0.071,51.511,London Borough of Tower Hamlets
1293,378.8894376631624,Entire home/apt,False,False,2.0,False,0,1,7.0,80.0,0,4.185013803660901,0.4344800749297678,352.034029099943,24.47125783044569,724.2094161973369,12.962086660450336,-0.181,51.49100000000001,Royal Borough of Kensington and Chelsea
1259,359.60394176721,Entire home/apt,False,False,2.0,False,0,1,9.0,92.0,0,3.935028452493092,0.364567577230854,483.4244723244489,33.60471978815489,792.4091712378088,14.182743441879426,-0.071,51.511,London Borough of Tower Hamlets
1412,369.7170676638679,Entire home/apt,False,False,2.0,False,0,1,9.0,90.0,0,3.935020189475922,0.3645609101042149,483.4258071422481,33.60481257654414,792.4123437427209,14.182800224189462,-0.071,51.511,London Borough of Tower Hamlets
263,563.2775935464146,Entire home/apt,False,False,2.0,True,0,1,10.0,96.0,1,3.974111399846936,0.1573774580309824,411.6228809667545,28.6135112415186,814.5478472588775,14.57898716740223,-0.071,51.514,London Borough of Tower Hamlets
1484,353.25383946000613,Entire home/apt,False,False,2.0,False,0,1,8.0,80.0,0,4.185002016230517,0.4344890877699983,352.0352952611351,24.47134584624652,724.2124296814144,12.962140596564517,-0.181,51.49100000000001,Royal Borough of Kensington and Chelsea
1467,359.60394176721,Entire home/apt,False,False,2.0,False,0,1,10.0,93.0,0,3.9350219760378087,0.3645613550026373,483.4265924890182,33.60486716905994,792.410075352398,14.18275962395521,-0.071,51.511,London Borough of Tower Hamlets
1467,359.60394176721,Entire home/apt,False,False,2.0,False,0,1,10.0,93.0,0,3.9350219760378087,0.3645613550026373,483.4265924890182,33.60486716905994,792.410075352398,14.18275962395521,-0.071,51.511,London Borough of Tower Hamlets
4842,532.7030268820997,Entire home/apt,False,False,6.0,False,0,1,7.0,80.0,2,3.8383181203708334,0.1669015016293132,272.9062176781655,18.97077516457401,513.9661347236353,9.199098257801625,-0.122,51.474,London Borough of Lambeth
1487,353.25383946000613,Entire home/apt,False,False,2.0,False,0,1,10.0,60.0,0,4.185001714432458,0.4344939213775508,352.0349716407835,24.471323350134185,724.2120163937046,12.96213319943464,-0.181,51.49100000000001,Royal Borough of Kensington and Chelsea
1487,353.25383946000613,Entire home/apt,False,False,2.0,False,0,1,10.0,60.0,0,4.185001714432458,0.4344939213775508,352.0349716407835,24.471323350134185,724.2120163937046,12.96213319943464,-0.181,51.49100000000001,Royal Borough of Kensington and Chelsea
4136,517.4157435499424,Entire home/apt,False,False,6.0,False,0,1,10.0,80.0,2,5.939775307304215,0.3776629081531402,206.7874753216797,14.374603607616324,489.5586357353403,8.76224655444718,-0.2,51.48,London Borough of Hammersmith and Fulham
1484,353.25383946000613,Entire home/apt,False,False,2.0,False,0,1,8.0,80.0,0,4.185002016230517,0.4344890877699983,352.0352952611351,24.47134584624652,724.2124296814144,12.962140596564517,-0.181,51.49100000000001,Royal Borough of Kensington and Chelsea
1487,353.25383946000613,Entire home/apt,False,False,2.0,False,0,1,10.0,60.0,0,4.185001714432458,0.4344939213775508,352.0349716407835,24.471323350134185,724.2120163937046,12.96213319943464,-0.181,51.49100000000001,Royal Borough of Kensington and Chelsea
1488,353.25383946000613,Entire home/apt,False,False,2.0,False,0,1,9.0,80.0,0,4.185010724886019,0.4345029901196403,352.0327694127409,24.471170264677163,724.2080102864783,12.96206149709568,-0.181,51.49100000000001,Royal Borough of Kensington and Chelsea
3057,340.7888238199393,Entire home/apt,False,False,3.0,False,1,0,10.0,100.0,1,2.336095561040207,0.2095439468448492,440.1971320190156,30.5998188339964,997.1033925638084,17.84641333677352,-0.12176,51.52901,London Borough of Camden
456,997.4364401796844,Entire home/apt,False,False,4.0,False,0,1,9.0,90.0,2,1.4265987691849185,0.1423096938987438,590.5495750942785,41.05140332808406,1527.5213064029413,27.33996977454937,-0.136,51.52,London Borough of Camden
4965,360.7798866389144,Entire home/apt,False,False,2.0,False,0,1,9.0,96.0,0,3.9350243383162367,0.3645632420560812,483.4262313522276,33.604842065033665,792.4091382310105,14.182742851115249,-0.071,51.511,London Borough of Tower Hamlets
2589,115.94816435005528,Private room,False,True,2.0,False,0,0,9.0,93.0,1,6.561493878409532,0.3921648620750242,175.5607249612429,12.203910446983643,385.0623498350533,6.891945115055739,-0.1991,51.54684,London Borough of Camden
1488,353.25383946000613,Entire home/apt,False,False,2.0,False,0,1,9.0,80.0,0,4.185010724886019,0.4345029901196403,352.0327694127409,24.471170264677163,724.2080102864783,12.96206149709568,-0.181,51.49100000000001,Royal Borough of Kensington and Chelsea
1493,353.25383946000613,Entire home/apt,False,False,2.0,False,0,1,9.0,90.0,0,4.184992949369395,0.4344902230901254,352.03671763804573,24.471444721210965,724.2153675012788,12.962193178421124,-0.181,51.49100000000001,Royal Borough of Kensington and Chelsea
1259,359.60394176721,Entire home/apt,False,False,2.0,False,0,1,9.0,92.0,0,3.935028452493092,0.364567577230854,483.4244723244489,33.60471978815489,792.4091712378088,14.182743441879426,-0.071,51.511,London Borough of Tower Hamlets
1292,378.8894376631624,Entire home/apt,False,False,2.0,False,0,1,10.0,87.0,0,4.18499620484728,0.4344780546206165,352.03711666160075,24.47147245889393,724.2155649197266,12.96219671186735,-0.181,51.49100000000001,Royal Borough of Kensington and Chelsea
1260,369.7170676638679,Entire home/apt,False,False,2.0,False,0,1,10.0,89.0,0,3.935020320745124,0.3645587247752559,483.4282550546191,33.60498274047667,792.4086552797338,14.182734207128908,-0.071,51.511,London Borough of Tower Hamlets
197,376.3023589454127,Private room,False,True,2.0,False,0,1,9.0,82.0,1,1.426607927987838,0.1423155902987533,590.5460442938881,41.05115788838347,1527.528842279423,27.340104653607604,-0.136,51.52,London Borough of Camden
4965,360.7798866389144,Entire home/apt,False,False,2.0,False,0,1,9.0,96.0,0,3.9350243383162367,0.3645632420560812,483.4262313522276,33.604842065033665,792.4091382310105,14.182742851115249,-0.071,51.511,London Borough of Tower Hamlets
1575,333.73315458971285,Entire home/apt,False,False,2.0,False,0,1,9.0,100.0,0,3.9350143045386576,0.3645493176496757,483.43413381094297,33.60539139574812,792.4037374677036,14.182646186862549,-0.071,51.511,London Borough of Tower Hamlets
1293,378.8894376631624,Entire home/apt,False,False,2.0,False,0,1,7.0,80.0,0,4.185013803660901,0.4344800749297678,352.034029099943,24.47125783044569,724.2094161973369,12.962086660450336,-0.181,51.49100000000001,Royal Borough of Kensington and Chelsea
1293,378.8894376631624,Entire home/apt,False,False,2.0,False,0,1,7.0,80.0,0,4.185013803660901,0.4344800749297678,352.034029099943,24.47125783044569,724.2094161973369,12.962086660450336,-0.181,51.49100000000001,Royal Borough of Kensington and Chelsea
1487,353.25383946000613,Entire home/apt,False,False,2.0,False,0,1,10.0,60.0,0,4.185001714432458,0.4344939213775508,352.0349716407835,24.471323350134185,724.2120163937046,12.96213319943464,-0.181,51.49100000000001,Royal Borough of Kensington and Chelsea
433,714.0337260989205,Entire home/apt,False,False,2.0,False,0,1,9.0,100.0,1,1.426608494030278,0.1423163865398678,590.5457671330145,41.05113862185058,1527.5297517587069,27.34012093170207,-0.136,51.52,London Borough of Camden
1389,359.60394176721,Entire home/apt,False,False,2.0,False,0,1,10.0,95.0,0,3.93500771200998,0.3645473153605198,483.43162375157385,33.60521691173546,792.4115335119782,14.182785722470944,-0.071,51.511,London Borough of Tower Hamlets
1492,353.25383946000613,Entire home/apt,False,False,2.0,False,0,1,8.0,77.0,0,4.185028030857168,0.4345001106575242,352.03010980401007,24.47098538490532,724.2024835255357,12.961962577704842,-0.181,51.49100000000001,Royal Borough of Kensington and Chelsea
4729,530.3511371386909,Entire home/apt,False,False,4.0,False,0,1,9.0,93.0,1,4.388505954031904,1.0433336215883418,293.76517029552605,20.420762283369186,719.3547046735257,12.875195783204438,-0.071,51.526,London Borough of Tower Hamlets
1373,369.7170676638679,Entire home/apt,False,False,2.0,False,0,1,10.0,90.0,0,3.9350155248705208,0.3645515333883088,483.4326097700945,33.60528545372701,792.405223092987,14.182672776966507,-0.071,51.511,London Borough of Tower Hamlets
1389,359.60394176721,Entire home/apt,False,False,2.0,False,0,1,10.0,95.0,0,3.93500771200998,0.3645473153605198,483.43162375157385,33.60521691173546,792.4115335119782,14.182785722470944,-0.071,51.511,London Borough of Tower Hamlets
1373,369.7170676638679,Entire home/apt,False,False,2.0,False,0,1,10.0,90.0,0,3.9350155248705208,0.3645515333883088,483.4326097700945,33.60528545372701,792.405223092987,14.182672776966507,-0.071,51.511,London Borough of Tower Hamlets
65,293.75102895176275,Private room,False,True,2.0,False,0,1,8.0,80.0,1,9.50451248267244,0.3414050430232744,117.62536677572383,8.176597828138613,286.4731091772396,5.127369492848753,-0.1639999999999999,51.426,London Borough of Wandsworth
5091,360.7798866389144,Entire home/apt,False,False,2.0,False,0,1,10.0,90.0,0,3.9350278690773792,0.3645666968444838,483.4250080199261,33.60475702643602,792.4087447369003,14.182735808256316,-0.071,51.511,London Borough of Tower Hamlets
4965,360.7798866389144,Entire home/apt,False,False,2.0,False,0,1,9.0,96.0,0,3.9350243383162367,0.3645632420560812,483.4262313522276,33.604842065033665,792.4091382310105,14.182742851115249,-0.071,51.511,London Borough of Tower Hamlets
65,293.75102895176275,Private room,False,True,2.0,False,0,1,8.0,80.0,1,9.50451248267244,0.3414050430232744,117.62536677572383,8.176597828138613,286.4731091772396,5.127369492848753,-0.1639999999999999,51.426,London Borough of Wandsworth
197,376.3023589454127,Private room,False,True,2.0,False,0,1,9.0,82.0,1,1.426607927987838,0.1423155902987533,590.5460442938881,41.05115788838347,1527.528842279423,27.340104653607604,-0.136,51.52,London Borough of Camden
1259,359.60394176721,Entire home/apt,False,False,2.0,False,0,1,9.0,92.0,0,3.935028452493092,0.364567577230854,483.4244723244489,33.60471978815489,792.4091712378088,14.182743441879426,-0.071,51.511,London Borough of Tower Hamlets
195,409.699193301818,Private room,False,True,2.0,False,0,1,8.0,76.0,1,1.4265923947247965,0.1423245717589549,590.5494409384186,41.051394002387205,1527.5355203023912,27.34022417858269,-0.136,51.52,London Borough of Camden
4960,345.2574143324161,Entire home/apt,False,False,2.0,False,0,1,10.0,94.0,0,3.935032848381165,0.3645703948946772,483.42454812446687,33.60472505730966,792.4063252083831,14.182692502911737,-0.071,51.511,London Borough of Tower Hamlets
70,268.1154307486065,Private room,False,True,2.0,False,0,1,8.0,83.0,1,9.523278643586218,0.2875333512821565,117.4176152834318,8.162156211952995,299.08286977124584,5.353062235764571,-0.165,51.426,London Borough of Wandsworth
1484,353.25383946000613,Entire home/apt,False,False,2.0,False,0,1,8.0,80.0,0,4.185002016230517,0.4344890877699983,352.0352952611351,24.47134584624652,724.2124296814144,12.962140596564517,-0.181,51.49100000000001,Royal Borough of Kensington and Chelsea
4960,345.2574143324161,Entire home/apt,False,False,2.0,False,0,1,10.0,94.0,0,3.935032848381165,0.3645703948946772,483.42454812446687,33.60472505730966,792.4063252083831,14.182692502911737,-0.071,51.511,London Borough of Tower Hamlets
1260,369.7170676638679,Entire home/apt,False,False,2.0,False,0,1,10.0,89.0,0,3.935020320745124,0.3645587247752559,483.4282550546191,33.60498274047667,792.4086552797338,14.182734207128908,-0.071,51.511,London Borough of Tower Hamlets
4876,371.1282015099132,Entire home/apt,False,False,2.0,False,0,1,10.0,95.0,0,3.935028437038272,0.3645674139495256,483.4246373406673,33.60473125907558,792.4089376830748,14.182739261656645,-0.071,51.511,London Borough of Tower Hamlets
1492,353.25383946000613,Entire home/apt,False,False,2.0,False,0,1,8.0,77.0,0,4.185028030857168,0.4345001106575242,352.03010980401007,24.47098538490532,724.2024835255357,12.961962577704842,-0.181,51.49100000000001,Royal Borough of Kensington and Chelsea
433,714.0337260989205,Entire home/apt,False,False,2.0,False,0,1,9.0,100.0,1,1.426608494030278,0.1423163865398678,590.5457671330145,41.05113862185058,1527.5297517587069,27.34012093170207,-0.136,51.52,London Borough of Camden
331,257.5319269032668,Private room,False,True,2.0,False,0,0,9.0,91.0,1,4.290952455492826,0.2956112404900695,300.9020918362269,20.91687752423008,734.4580528356082,13.145519398668892,-0.18848,51.51464,City of Westminster
1467,359.60394176721,Entire home/apt,False,False,2.0,False,0,1,10.0,93.0,0,3.9350219760378087,0.3645613550026373,483.4265924890182,33.60486716905994,792.410075352398,14.18275962395521,-0.071,51.511,London Borough of Tower Hamlets
1389,359.60394176721,Entire home/apt,False,False,2.0,False,0,1,10.0,95.0,0,3.93500771200998,0.3645473153605198,483.43162375157385,33.60521691173546,792.4115335119782,14.182785722470944,-0.071,51.511,London Borough of Tower Hamlets
1485,353.25383946000613,Entire home/apt,False,False,2.0,False,0,1,7.0,76.0,0,4.185011548057564,0.4344912137629979,352.03354320688,24.471224054124544,724.2089887671192,12.962079010194213,-0.181,51.49100000000001,Royal Borough of Kensington and Chelsea
3733,613.1376561066817,Entire home/apt,False,False,6.0,False,0,1,8.0,80.0,2,3.2674058004568702,0.8662696158653307,315.9510420140934,21.962988722120983,578.4894553635158,10.35395326941647,-0.13,51.479,London Borough of Lambeth
1682,1054.1169829958371,Entire home/apt,False,False,4.0,False,1,0,10.0,100.0,2,6.167116448103549,1.3567853305714717,187.62798061445653,13.042752433795826,414.93107642425775,7.42654327661992,-0.18673,51.46703,London Borough of Hammersmith and Fulham
194,440.7441379148145,Private room,False,True,2.0,False,0,1,8.0,80.0,1,1.426611953447417,0.1423164194981613,590.544733118047,41.051066743438895,1527.5303518588885,27.340131672449687,-0.136,51.52,London Borough of Camden
1754,524.4714127801689,Entire home/apt,False,False,2.0,False,0,1,10.0,60.0,0,3.2115099132655804,0.5015480700249857,439.5706421591378,30.556269081353378,833.163210976846,14.912169741850228,-0.16677,51.49307,Royal Borough of Kensington and Chelsea
198,376.3023589454127,Private room,False,True,2.0,False,0,1,9.0,84.0,1,1.4266091415297688,0.1423332007622191,590.5432789998072,41.05096566201091,1527.5471129295904,27.340431666410137,-0.136,51.52,London Borough of Camden
1292,378.8894376631624,Entire home/apt,False,False,2.0,False,0,1,10.0,87.0,0,4.18499620484728,0.4344780546206165,352.03711666160075,24.47147245889393,724.2155649197266,12.96219671186735,-0.181,51.49100000000001,Royal Borough of Kensington and Chelsea
1317,344.0814694607117,Entire home/apt,False,False,2.0,False,0,1,9.0,91.0,0,3.93502673784039,0.3645650511862616,483.42598057278855,33.60482463237716,792.4080153033627,14.182722752666985,-0.071,51.511,London Borough of Tower Hamlets
1260,369.7170676638679,Entire home/apt,False,False,2.0,False,0,1,10.0,89.0,0,3.935020320745124,0.3645587247752559,483.4282550546191,33.60498274047667,792.4086552797338,14.182734207128908,-0.071,51.511,London Borough of Tower Hamlets
2663,477.43361791199226,Entire home/apt,False,False,6.0,False,0,0,10.0,100.0,3,7.268584459653799,2.1988727845282505,153.66555211074413,10.681891619892884,314.4505000578135,5.628116040762285,-0.09924,51.44543,London Borough of Lambeth
4876,371.1282015099132,Entire home/apt,False,False,2.0,False,0,1,10.0,95.0,0,3.935028437038272,0.3645674139495256,483.4246373406673,33.60473125907558,792.4089376830748,14.182739261656645,-0.071,51.511,London Borough of Tower Hamlets
1485,353.25383946000613,Entire home/apt,False,False,2.0,False,0,1,7.0,76.0,0,4.185011548057564,0.4344912137629979,352.03354320688,24.471224054124544,724.2089887671192,12.962079010194213,-0.181,51.49100000000001,Royal Borough of Kensington and Chelsea
1389,359.60394176721,Entire home/apt,False,False,2.0,False,0,1,10.0,95.0,0,3.93500771200998,0.3645473153605198,483.43162375157385,33.60521691173546,792.4115335119782,14.182785722470944,-0.071,51.511,London Borough of Tower Hamlets
1467,359.60394176721,Entire home/apt,False,False,2.0,False,0,1,10.0,93.0,0,3.9350219760378087,0.3645613550026373,483.4265924890182,33.60486716905994,792.410075352398,14.18275962395521,-0.071,51.511,London Borough of Tower Hamlets
197,376.3023589454127,Private room,False,True,2.0,False,0,1,9.0,82.0,1,1.426607927987838,0.1423155902987533,590.5460442938881,41.05115788838347,1527.528842279423,27.340104653607604,-0.136,51.52,London Borough of Camden
1493,353.25383946000613,Entire home/apt,False,False,2.0,False,0,1,9.0,90.0,0,4.184992949369395,0.4344902230901254,352.03671763804573,24.471444721210965,724.2153675012788,12.962193178421124,-0.181,51.49100000000001,Royal Borough of Kensington and Chelsea
1293,378.8894376631624,Entire home/apt,False,False,2.0,False,0,1,7.0,80.0,0,4.185013803660901,0.4344800749297678,352.034029099943,24.47125783044569,724.2094161973369,12.962086660450336,-0.181,51.49100000000001,Royal Borough of Kensington and Chelsea
1484,353.25383946000613,Entire home/apt,False,False,2.0,False,0,1,8.0,80.0,0,4.185002016230517,0.4344890877699983,352.0352952611351,24.47134584624652,724.2124296814144,12.962140596564517,-0.181,51.49100000000001,Royal Borough of Kensington and Chelsea
107,189.32712434441072,Private room,False,True,6.0,False,0,1,7.0,78.0,1,5.172808120521458,0.3203890410530856,245.92790750420323,17.09540764460811,540.6376525427112,9.676471953316245,-0.06,51.528,London Borough of Tower Hamlets
483,268.1154307486065,Private room,False,True,2.0,False,0,1,8.0,80.0,1,9.52327699514574,0.287527707201317,117.417637227526,8.162157737372535,299.0813322529376,5.353034716865882,-0.165,51.426,London Borough of Wandsworth
1389,359.60394176721,Entire home/apt,False,False,2.0,False,0,1,10.0,95.0,0,3.93500771200998,0.3645473153605198,483.43162375157385,33.60521691173546,792.4115335119782,14.182785722470944,-0.071,51.511,London Borough of Tower Hamlets
494,293.9862179261036,Private room,False,True,2.0,False,0,1,9.0,80.0,1,9.504498914219624,0.341377448339851,117.62553999482677,8.176609869273783,286.4742902723464,5.127390632393181,-0.1639999999999999,51.426,London Borough of Wandsworth
1389,359.60394176721,Entire home/apt,False,False,2.0,False,0,1,10.0,95.0,0,3.93500771200998,0.3645473153605198,483.43162375157385,33.60521691173546,792.4115335119782,14.182785722470944,-0.071,51.511,London Borough of Tower Hamlets
1486,353.25383946000613,Entire home/apt,False,False,2.0,False,0,1,8.0,100.0,0,4.18503097466839,0.4344959094430688,352.02994446355126,24.47097389144541,724.2019404164317,12.961952856998211,-0.181,51.49100000000001,Royal Borough of Kensington and Chelsea
1483,353.25383946000613,Entire home/apt,False,False,2.0,False,0,1,9.0,70.0,0,4.1850164660276645,0.4344985934045747,352.03215328765305,24.471127435420232,724.2065434749488,12.96203524372513,-0.181,51.49100000000001,Royal Borough of Kensington and Chelsea
4876,371.1282015099132,Entire home/apt,False,False,2.0,False,0,1,10.0,95.0,0,3.935028437038272,0.3645674139495256,483.4246373406673,33.60473125907558,792.4089376830748,14.182739261656645,-0.071,51.511,London Borough of Tower Hamlets
1412,369.7170676638679,Entire home/apt,False,False,2.0,False,0,1,9.0,90.0,0,3.935020189475922,0.3645609101042149,483.4258071422481,33.60481257654414,792.4123437427209,14.182800224189462,-0.071,51.511,London Borough of Tower Hamlets
1484,353.25383946000613,Entire home/apt,False,False,2.0,False,0,1,8.0,80.0,0,4.185002016230517,0.4344890877699983,352.0352952611351,24.47134584624652,724.2124296814144,12.962140596564517,-0.181,51.49100000000001,Royal Borough of Kensington and Chelsea
4687,584.444601237094,Entire home/apt,False,False,4.0,False,0,1,8.0,87.0,2,3.83830320711688,0.1669156498500482,272.90716326666563,18.97084089611721,513.9674708911498,9.199122172871943,-0.122,51.474,London Borough of Lambeth
1487,353.25383946000613,Entire home/apt,False,False,2.0,False,0,1,10.0,60.0,0,4.185001714432458,0.4344939213775508,352.0349716407835,24.471323350134185,724.2120163937046,12.96213319943464,-0.181,51.49100000000001,Royal Borough of Kensington and Chelsea
1412,369.7170676638679,Entire home/apt,False,False,2.0,False,0,1,9.0,90.0,0,3.935020189475922,0.3645609101042149,483.4258071422481,33.60481257654414,792.4123437427209,14.182800224189462,-0.071,51.511,London Borough of Tower Hamlets
1412,369.7170676638679,Entire home/apt,False,False,2.0,False,0,1,9.0,90.0,0,3.935020189475922,0.3645609101042149,483.4258071422481,33.60481257654414,792.4123437427209,14.182800224189462,-0.071,51.511,London Borough of Tower Hamlets
1389,359.60394176721,Entire home/apt,False,False,2.0,False,0,1,10.0,95.0,0,3.93500771200998,0.3645473153605198,483.43162375157385,33.60521691173546,792.4115335119782,14.182785722470944,-0.071,51.511,London Borough of Tower Hamlets
1492,353.25383946000613,Entire home/apt,False,False,2.0,False,0,1,8.0,77.0,0,4.185028030857168,0.4345001106575242,352.03010980401007,24.47098538490532,724.2024835255357,12.961962577704842,-0.181,51.49100000000001,Royal Borough of Kensington and Chelsea
4924,166.5137938333451,Shared room,True,False,2.0,True,1,0,10.0,97.0,1,4.0558998123129895,0.2057293212243183,397.64271290886495,27.6416952556258,787.8793865058468,14.101668188043073,-0.0698299999999999,51.51409,London Borough of Tower Hamlets
1259,359.60394176721,Entire home/apt,False,False,2.0,False,0,1,9.0,92.0,0,3.935028452493092,0.364567577230854,483.4244723244489,33.60471978815489,792.4091712378088,14.182743441879426,-0.071,51.511,London Borough of Tower Hamlets
1492,353.25383946000613,Entire home/apt,False,False,2.0,False,0,1,8.0,77.0,0,4.185028030857168,0.4345001106575242,352.03010980401007,24.47098538490532,724.2024835255357,12.961962577704842,-0.181,51.49100000000001,Royal Borough of Kensington and Chelsea
4960,345.2574143324161,Entire home/apt,False,False,2.0,False,0,1,10.0,94.0,0,3.935032848381165,0.3645703948946772,483.42454812446687,33.60472505730966,792.4063252083831,14.182692502911737,-0.071,51.511,London Borough of Tower Hamlets
1492,353.25383946000613,Entire home/apt,False,False,2.0,False,0,1,8.0,77.0,0,4.185028030857168,0.4345001106575242,352.03010980401007,24.47098538490532,724.2024835255357,12.961962577704842,-0.181,51.49100000000001,Royal Borough of Kensington and Chelsea
1412,369.7170676638679,Entire home/apt,False,False,2.0,False,0,1,9.0,90.0,0,3.935020189475922,0.3645609101042149,483.4258071422481,33.60481257654414,792.4123437427209,14.182800224189462,-0.071,51.511,London Borough of Tower Hamlets
1487,353.25383946000613,Entire home/apt,False,False,2.0,False,0,1,10.0,60.0,0,4.185001714432458,0.4344939213775508,352.0349716407835,24.471323350134185,724.2120163937046,12.96213319943464,-0.181,51.49100000000001,Royal Borough of Kensington and Chelsea
69,268.1154307486065,Private room,False,True,2.0,False,0,1,9.0,87.0,1,9.523273118238029,0.2875466134208701,117.4176769453841,8.162160498315698,299.08184286868004,5.3530438559979565,-0.165,51.426,London Borough of Wandsworth
4965,360.7798866389144,Entire home/apt,False,False,2.0,False,0,1,9.0,96.0,0,3.9350243383162367,0.3645632420560812,483.4262313522276,33.604842065033665,792.4091382310105,14.182742851115249,-0.071,51.511,London Borough of Tower Hamlets
1293,378.8894376631624,Entire home/apt,False,False,2.0,False,0,1,7.0,80.0,0,4.185013803660901,0.4344800749297678,352.034029099943,24.47125783044569,724.2094161973369,12.962086660450336,-0.181,51.49100000000001,Royal Borough of Kensington and Chelsea
1487,353.25383946000613,Entire home/apt,False,False,2.0,False,0,1,10.0,60.0,0,4.185001714432458,0.4344939213775508,352.0349716407835,24.471323350134185,724.2120163937046,12.96213319943464,-0.181,51.49100000000001,Royal Borough of Kensington and Chelsea
494,293.9862179261036,Private room,False,True,2.0,False,0,1,9.0,80.0,1,9.504498914219624,0.341377448339851,117.62553999482677,8.176609869273783,286.4742902723464,5.127390632393181,-0.1639999999999999,51.426,London Borough of Wandsworth
198,376.3023589454127,Private room,False,True,2.0,False,0,1,9.0,84.0,1,1.4266091415297688,0.1423332007622191,590.5432789998072,41.05096566201091,1527.5471129295904,27.340431666410137,-0.136,51.52,London Borough of Camden
1483,353.25383946000613,Entire home/apt,False,False,2.0,False,0,1,9.0,70.0,0,4.1850164660276645,0.4344985934045747,352.03215328765305,24.471127435420232,724.2065434749488,12.96203524372513,-0.181,51.49100000000001,Royal Borough of Kensington and Chelsea
4965,360.7798866389144,Entire home/apt,False,False,2.0,False,0,1,9.0,96.0,0,3.9350243383162367,0.3645632420560812,483.4262313522276,33.604842065033665,792.4091382310105,14.182742851115249,-0.071,51.511,London Borough of Tower Hamlets
4960,345.2574143324161,Entire home/apt,False,False,2.0,False,0,1,10.0,94.0,0,3.935032848381165,0.3645703948946772,483.42454812446687,33.60472505730966,792.4063252083831,14.182692502911737,-0.071,51.511,London Borough of Tower Hamlets
484,268.1154307486065,Private room,False,True,2.0,False,0,1,7.0,76.0,1,9.5233097620805,0.2875510182420163,117.41723387925968,8.162129699062017,299.1005052747009,5.353377880547658,-0.165,51.426,London Borough of Wandsworth
1483,353.25383946000613,Entire home/apt,False,False,2.0,False,0,1,9.0,70.0,0,4.1850164660276645,0.4344985934045747,352.03215328765305,24.471127435420232,724.2065434749488,12.96203524372513,-0.181,51.49100000000001,Royal Borough of Kensington and Chelsea
63,293.75102895176275,Private room,False,True,2.0,False,0,1,9.0,86.0,1,9.504509021659857,0.3413939073290762,117.62541230943452,8.176600993364364,286.47405054454595,5.127386341683263,-0.1639999999999999,51.426,London Borough of Wandsworth
194,440.7441379148145,Private room,False,True,2.0,False,0,1,8.0,80.0,1,1.426611953447417,0.1423164194981613,590.544733118047,41.051066743438895,1527.5303518588885,27.340131672449687,-0.136,51.52,London Borough of Camden
1493,353.25383946000613,Entire home/apt,False,False,2.0,False,0,1,9.0,90.0,0,4.184992949369395,0.4344902230901254,352.03671763804573,24.471444721210965,724.2153675012788,12.962193178421124,-0.181,51.49100000000001,Royal Borough of Kensington and Chelsea
4946,258.7078717749712,Private room,False,True,2.0,True,1,0,10.0,99.0,1,3.89401643573442,0.1199502930437464,269.4301254719699,18.72913844315336,509.045971597691,9.111035910922851,-0.12149,51.47353,London Borough of Lambeth
1488,353.25383946000613,Entire home/apt,False,False,2.0,False,0,1,9.0,80.0,0,4.185010724886019,0.4345029901196403,352.0327694127409,24.471170264677163,724.2080102864783,12.96206149709568,-0.181,51.49100000000001,Royal Borough of Kensington and Chelsea
1259,359.60394176721,Entire home/apt,False,False,2.0,False,0,1,9.0,92.0,0,3.935028452493092,0.364567577230854,483.4244723244489,33.60471978815489,792.4091712378088,14.182743441879426,-0.071,51.511,London Borough of Tower Hamlets
194,440.7441379148145,Private room,False,True,2.0,False,0,1,8.0,80.0,1,1.426611953447417,0.1423164194981613,590.544733118047,41.051066743438895,1527.5303518588885,27.340131672449687,-0.136,51.52,London Borough of Camden
1575,333.73315458971285,Entire home/apt,False,False,2.0,False,0,1,9.0,100.0,0,3.9350143045386576,0.3645493176496757,483.43413381094297,33.60539139574812,792.4037374677036,14.182646186862549,-0.071,51.511,London Borough of Tower Hamlets
1260,369.7170676638679,Entire home/apt,False,False,2.0,False,0,1,10.0,89.0,0,3.935020320745124,0.3645587247752559,483.4282550546191,33.60498274047667,792.4086552797338,14.182734207128908,-0.071,51.511,London Borough of Tower Hamlets
4960,345.2574143324161,Entire home/apt,False,False,2.0,False,0,1,10.0,94.0,0,3.935032848381165,0.3645703948946772,483.42454812446687,33.60472505730966,792.4063252083831,14.182692502911737,-0.071,51.511,London Borough of Tower Hamlets
1487,353.25383946000613,Entire home/apt,False,False,2.0,False,0,1,10.0,60.0,0,4.185001714432458,0.4344939213775508,352.0349716407835,24.471323350134185,724.2120163937046,12.96213319943464,-0.181,51.49100000000001,Royal Borough of Kensington and Chelsea
1412,369.7170676638679,Entire home/apt,False,False,2.0,False,0,1,9.0,90.0,0,3.935020189475922,0.3645609101042149,483.4258071422481,33.60481257654414,792.4123437427209,14.182800224189462,-0.071,51.511,London Borough of Tower Hamlets
1493,353.25383946000613,Entire home/apt,False,False,2.0,False,0,1,9.0,90.0,0,4.184992949369395,0.4344902230901254,352.03671763804573,24.471444721210965,724.2153675012788,12.962193178421124,-0.181,51.49100000000001,Royal Borough of Kensington and Chelsea
1484,353.25383946000613,Entire home/apt,False,False,2.0,False,0,1,8.0,80.0,0,4.185002016230517,0.4344890877699983,352.0352952611351,24.47134584624652,724.2124296814144,12.962140596564517,-0.181,51.49100000000001,Royal Borough of Kensington and Chelsea
1389,359.60394176721,Entire home/apt,False,False,2.0,False,0,1,10.0,95.0,0,3.93500771200998,0.3645473153605198,483.43162375157385,33.60521691173546,792.4115335119782,14.182785722470944,-0.071,51.511,London Borough of Tower Hamlets
1488,353.25383946000613,Entire home/apt,False,False,2.0,False,0,1,9.0,80.0,0,4.185010724886019,0.4345029901196403,352.0327694127409,24.471170264677163,724.2080102864783,12.96206149709568,-0.181,51.49100000000001,Royal Borough of Kensington and Chelsea
1447,210.0237540864084,Private room,False,True,2.0,False,0,1,9.0,92.0,1,2.097241955573312,0.1442559620185354,467.6025863755849,32.50487881139342,1058.1870163849746,18.93970376878933,-0.138,51.526,London Borough of Camden
1490,353.25383946000613,Entire home/apt,False,False,2.0,False,0,1,10.0,90.0,0,4.185001270627941,0.4344823977907617,352.03593693119853,24.47139045123429,724.2133939041784,12.962157854471895,-0.181,51.49100000000001,Royal Borough of Kensington and Chelsea
1485,353.25383946000613,Entire home/apt,False,False,2.0,False,0,1,7.0,76.0,0,4.185011548057564,0.4344912137629979,352.03354320688,24.471224054124544,724.2089887671192,12.962079010194213,-0.181,51.49100000000001,Royal Borough of Kensington and Chelsea
4960,345.2574143324161,Entire home/apt,False,False,2.0,False,0,1,10.0,94.0,0,3.935032848381165,0.3645703948946772,483.42454812446687,33.60472505730966,792.4063252083831,14.182692502911737,-0.071,51.511,London Borough of Tower Hamlets
1389,359.60394176721,Entire home/apt,False,False,2.0,False,0,1,10.0,95.0,0,3.93500771200998,0.3645473153605198,483.43162375157385,33.60521691173546,792.4115335119782,14.182785722470944,-0.071,51.511,London Borough of Tower Hamlets
5091,360.7798866389144,Entire home/apt,False,False,2.0,False,0,1,10.0,90.0,0,3.9350278690773792,0.3645666968444838,483.4250080199261,33.60475702643602,792.4087447369003,14.182735808256316,-0.071,51.511,London Borough of Tower Hamlets
4876,371.1282015099132,Entire home/apt,False,False,2.0,False,0,1,10.0,95.0,0,3.935028437038272,0.3645674139495256,483.4246373406673,33.60473125907558,792.4089376830748,14.182739261656645,-0.071,51.511,London Borough of Tower Hamlets
4876,371.1282015099132,Entire home/apt,False,False,2.0,False,0,1,10.0,95.0,0,3.935028437038272,0.3645674139495256,483.4246373406673,33.60473125907558,792.4089376830748,14.182739261656645,-0.071,51.511,London Borough of Tower Hamlets
68,268.1154307486065,Private room,False,True,2.0,False,0,1,8.0,78.0,1,9.523294739569868,0.2875418696337674,117.41741823139134,8.162142514097418,299.09190854655947,5.353224014093186,-0.165,51.426,London Borough of Wandsworth
1575,333.73315458971285,Entire home/apt,False,False,2.0,False,0,1,9.0,100.0,0,3.9350143045386576,0.3645493176496757,483.43413381094297,33.60539139574812,792.4037374677036,14.182646186862549,-0.071,51.511,London Borough of Tower Hamlets
1490,353.25383946000613,Entire home/apt,False,False,2.0,False,0,1,10.0,90.0,0,4.185001270627941,0.4344823977907617,352.03593693119853,24.47139045123429,724.2133939041784,12.962157854471895,-0.181,51.49100000000001,Royal Borough of Kensington and Chelsea
917,350.4315717679155,Entire home/apt,False,False,5.0,False,0,0,8.0,80.0,2,9.475846401655208,0.0830497001043585,118.09871794805208,8.209502313571466,299.6442821965835,5.363110539952178,-0.1685,51.4271,London Borough of Wandsworth
1293,378.8894376631624,Entire home/apt,False,False,2.0,False,0,1,7.0,80.0,0,4.185013803660901,0.4344800749297678,352.034029099943,24.47125783044569,724.2094161973369,12.962086660450336,-0.181,51.49100000000001,Royal Borough of Kensington and Chelsea
1317,344.0814694607117,Entire home/apt,False,False,2.0,False,0,1,9.0,91.0,0,3.93502673784039,0.3645650511862616,483.42598057278855,33.60482463237716,792.4080153033627,14.182722752666985,-0.071,51.511,London Borough of Tower Hamlets
484,268.1154307486065,Private room,False,True,2.0,False,0,1,7.0,76.0,1,9.5233097620805,0.2875510182420163,117.41723387925968,8.162129699062017,299.1005052747009,5.353377880547658,-0.165,51.426,London Borough of Wandsworth
1487,353.25383946000613,Entire home/apt,False,False,2.0,False,0,1,10.0,60.0,0,4.185001714432458,0.4344939213775508,352.0349716407835,24.471323350134185,724.2120163937046,12.96213319943464,-0.181,51.49100000000001,Royal Borough of Kensington and Chelsea
100,230.48519485406524,Private room,False,True,2.0,False,0,1,9.0,90.0,1,1.1744679158065845,0.4020879589159122,1099.3487400809945,76.42001693097686,1507.891058833735,26.98862254753568,-0.12544,51.5188,London Borough of Camden
1485,353.25383946000613,Entire home/apt,False,False,2.0,False,0,1,7.0,76.0,0,4.185011548057564,0.4344912137629979,352.03354320688,24.471224054124544,724.2089887671192,12.962079010194213,-0.181,51.49100000000001,Royal Borough of Kensington and Chelsea
1412,369.7170676638679,Entire home/apt,False,False,2.0,False,0,1,9.0,90.0,0,3.935020189475922,0.3645609101042149,483.4258071422481,33.60481257654414,792.4123437427209,14.182800224189462,-0.071,51.511,London Borough of Tower Hamlets
1259,359.60394176721,Entire home/apt,False,False,2.0,False,0,1,9.0,92.0,0,3.935028452493092,0.364567577230854,483.4244723244489,33.60471978815489,792.4091712378088,14.182743441879426,-0.071,51.511,London Borough of Tower Hamlets
433,714.0337260989205,Entire home/apt,False,False,2.0,False,0,1,9.0,100.0,1,1.426608494030278,0.1423163865398678,590.5457671330145,41.05113862185058,1527.5297517587069,27.34012093170207,-0.136,51.52,London Borough of Camden
4931,187.4456125496837,Private room,False,True,3.0,False,0,1,9.0,88.0,1,4.157664261327624,0.626000947124495,354.242928195044,24.62480701833488,892.4171297043749,15.972711640836293,-0.07105,51.52078,London Borough of Tower Hamlets
1483,353.25383946000613,Entire home/apt,False,False,2.0,False,0,1,9.0,70.0,0,4.1850164660276645,0.4344985934045747,352.03215328765305,24.471127435420232,724.2065434749488,12.96203524372513,-0.181,51.49100000000001,Royal Borough of Kensington and Chelsea
1484,353.25383946000613,Entire home/apt,False,False,2.0,False,0,1,8.0,80.0,0,4.185002016230517,0.4344890877699983,352.0352952611351,24.47134584624652,724.2124296814144,12.962140596564517,-0.181,51.49100000000001,Royal Borough of Kensington and Chelsea
1470,194.50128177991016,Private room,False,True,2.0,False,0,1,9.0,94.0,1,2.180434404436116,0.5531975486591352,450.35950958582254,31.306245318514087,973.897066729047,17.43106053989845,-0.118,51.527,London Borough of Camden
197,376.3023589454127,Private room,False,True,2.0,False,0,1,9.0,82.0,1,1.426607927987838,0.1423155902987533,590.5460442938881,41.05115788838347,1527.528842279423,27.340104653607604,-0.136,51.52,London Borough of Camden
4960,345.2574143324161,Entire home/apt,False,False,2.0,False,0,1,10.0,94.0,0,3.935032848381165,0.3645703948946772,483.42454812446687,33.60472505730966,792.4063252083831,14.182692502911737,-0.071,51.511,London Borough of Tower Hamlets
1449,210.0237540864084,Private room,False,True,2.0,False,0,1,9.0,90.0,1,2.097238862603072,0.1442385110813064,467.6021052629619,32.50484536737929,1058.1827619904932,18.939627622541128,-0.138,51.526,London Borough of Camden
1389,359.60394176721,Entire home/apt,False,False,2.0,False,0,1,10.0,95.0,0,3.93500771200998,0.3645473153605198,483.43162375157385,33.60521691173546,792.4115335119782,14.182785722470944,-0.071,51.511,London Borough of Tower Hamlets
1575,333.73315458971285,Entire home/apt,False,False,2.0,False,0,1,9.0,100.0,0,3.9350143045386576,0.3645493176496757,483.43413381094297,33.60539139574812,792.4037374677036,14.182646186862549,-0.071,51.511,London Borough of Tower Hamlets
3758,613.1376561066817,Entire home/apt,False,False,6.0,False,0,1,9.0,85.0,2,3.264475179504736,0.8286831822423374,316.0596928321572,21.970541464079275,578.2783820037307,10.350175424058406,-0.129,51.479,London Borough of Lambeth
4113,517.4157435499424,Entire home/apt,False,False,5.0,False,0,1,9.0,92.0,2,5.939761862522508,0.377642085785679,206.78797773248056,14.374638532149833,489.5618564754846,8.762304200083827,-0.2,51.48,London Borough of Hammersmith and Fulham
1373,369.7170676638679,Entire home/apt,False,False,2.0,False,0,1,10.0,90.0,0,3.9350155248705208,0.3645515333883088,483.4326097700945,33.60528545372701,792.405223092987,14.182672776966507,-0.071,51.511,London Borough of Tower Hamlets
1486,353.25383946000613,Entire home/apt,False,False,2.0,False,0,1,8.0,100.0,0,4.18503097466839,0.4344959094430688,352.02994446355126,24.47097389144541,724.2019404164317,12.961952856998211,-0.181,51.49100000000001,Royal Borough of Kensington and Chelsea
1486,353.25383946000613,Entire home/apt,False,False,2.0,False,0,1,8.0,100.0,0,4.18503097466839,0.4344959094430688,352.02994446355126,24.47097389144541,724.2019404164317,12.961952856998211,-0.181,51.49100000000001,Royal Borough of Kensington and Chelsea
1492,353.25383946000613,Entire home/apt,False,False,2.0,False,0,1,8.0,77.0,0,4.185028030857168,0.4345001106575242,352.03010980401007,24.47098538490532,724.2024835255357,12.961962577704842,-0.181,51.49100000000001,Royal Borough of Kensington and Chelsea
196,427.808744326066,Private room,False,True,2.0,False,0,1,9.0,82.0,1,1.4566509299880646,0.2002660017210938,575.9892274512999,40.0392567972977,1479.723621591746,26.48447450089667,-0.1369999999999999,51.52,London Borough of Camden
1488,353.25383946000613,Entire home/apt,False,False,2.0,False,0,1,9.0,80.0,0,4.185010724886019,0.4345029901196403,352.0327694127409,24.471170264677163,724.2080102864783,12.96206149709568,-0.181,51.49100000000001,Royal Borough of Kensington and Chelsea
4196,271.64326536371976,Private room,False,True,2.0,False,1,0,10.0,100.0,1,2.065195898966921,0.3944770319711441,495.3054011918644,34.430609473657896,902.9858271218168,16.161872909316163,-0.13839,51.49105,City of Westminster
1485,353.25383946000613,Entire home/apt,False,False,2.0,False,0,1,7.0,76.0,0,4.185011548057564,0.4344912137629979,352.03354320688,24.471224054124544,724.2089887671192,12.962079010194213,-0.181,51.49100000000001,Royal Borough of Kensington and Chelsea
4960,345.2574143324161,Entire home/apt,False,False,2.0,False,0,1,10.0,94.0,0,3.935032848381165,0.3645703948946772,483.42454812446687,33.60472505730966,792.4063252083831,14.182692502911737,-0.071,51.511,London Borough of Tower Hamlets
1317,344.0814694607117,Entire home/apt,False,False,2.0,False,0,1,9.0,91.0,0,3.93502673784039,0.3645650511862616,483.42598057278855,33.60482463237716,792.4080153033627,14.182722752666985,-0.071,51.511,London Borough of Tower Hamlets
62,293.75102895176275,Private room,False,True,2.0,False,0,1,8.0,82.0,1,9.504498818718714,0.3414107900049699,117.6255301675482,8.176609186141336,286.469061605313,5.127297048363907,-0.1639999999999999,51.426,London Borough of Wandsworth
1412,369.7170676638679,Entire home/apt,False,False,2.0,False,0,1,9.0,90.0,0,3.935020189475922,0.3645609101042149,483.4258071422481,33.60481257654414,792.4123437427209,14.182800224189462,-0.071,51.511,London Borough of Tower Hamlets
1467,359.60394176721,Entire home/apt,False,False,2.0,False,0,1,10.0,93.0,0,3.9350219760378087,0.3645613550026373,483.4265924890182,33.60486716905994,792.410075352398,14.18275962395521,-0.071,51.511,London Borough of Tower Hamlets
199,376.3023589454127,Private room,False,True,2.0,False,0,1,9.0,84.0,1,1.4266116766837378,0.1423209166241567,590.5442015370076,41.05102979116838,1527.5349223559454,27.3402134763832,-0.136,51.52,London Borough of Camden
1483,353.25383946000613,Entire home/apt,False,False,2.0,False,0,1,9.0,70.0,0,4.1850164660276645,0.4344985934045747,352.03215328765305,24.471127435420232,724.2065434749488,12.96203524372513,-0.181,51.49100000000001,Royal Borough of Kensington and Chelsea
1259,359.60394176721,Entire home/apt,False,False,2.0,False,0,1,9.0,92.0,0,3.935028452493092,0.364567577230854,483.4244723244489,33.60471978815489,792.4091712378088,14.182743441879426,-0.071,51.511,London Borough of Tower Hamlets
4876,371.1282015099132,Entire home/apt,False,False,2.0,False,0,1,10.0,95.0,0,3.935028437038272,0.3645674139495256,483.4246373406673,33.60473125907558,792.4089376830748,14.182739261656645,-0.071,51.511,London Borough of Tower Hamlets
70,268.1154307486065,Private room,False,True,2.0,False,0,1,8.0,83.0,1,9.523278643586218,0.2875333512821565,117.4176152834318,8.162156211952995,299.08286977124584,5.353062235764571,-0.165,51.426,London Borough of Wandsworth
263,563.2775935464146,Entire home/apt,False,False,2.0,True,0,1,10.0,96.0,1,3.974111399846936,0.1573774580309824,411.6228809667545,28.6135112415186,814.5478472588775,14.57898716740223,-0.071,51.514,London Borough of Tower Hamlets
456,997.4364401796844,Entire home/apt,False,False,4.0,False,0,1,9.0,90.0,2,1.4265987691849185,0.1423096938987438,590.5495750942785,41.05140332808406,1527.5213064029413,27.33996977454937,-0.136,51.52,London Borough of Camden
4876,371.1282015099132,Entire home/apt,False,False,2.0,False,0,1,10.0,95.0,0,3.935028437038272,0.3645674139495256,483.4246373406673,33.60473125907558,792.4089376830748,14.182739261656645,-0.071,51.511,London Borough of Tower Hamlets
1317,344.0814694607117,Entire home/apt,False,False,2.0,False,0,1,9.0,91.0,0,3.93502673784039,0.3645650511862616,483.42598057278855,33.60482463237716,792.4080153033627,14.182722752666985,-0.071,51.511,London Borough of Tower Hamlets
1575,333.73315458971285,Entire home/apt,False,False,2.0,False,0,1,9.0,100.0,0,3.9350143045386576,0.3645493176496757,483.43413381094297,33.60539139574812,792.4037374677036,14.182646186862549,-0.071,51.511,London Borough of Tower Hamlets
1493,353.25383946000613,Entire home/apt,False,False,2.0,False,0,1,9.0,90.0,0,4.184992949369395,0.4344902230901254,352.03671763804573,24.471444721210965,724.2153675012788,12.962193178421124,-0.181,51.49100000000001,Royal Borough of Kensington and Chelsea
200,376.3023589454127,Private room,False,True,2.0,False,0,1,7.0,70.0,1,1.4265899294226507,0.1423408753715114,590.5479487609099,41.05129027531106,1527.5518228962294,27.340515966606155,-0.136,51.52,London Borough of Camden
1486,353.25383946000613,Entire home/apt,False,False,2.0,False,0,1,8.0,100.0,0,4.18503097466839,0.4344959094430688,352.02994446355126,24.47097389144541,724.2019404164317,12.961952856998211,-0.181,51.49100000000001,Royal Borough of Kensington and Chelsea
231,191.91420306216045,Private room,False,True,4.0,False,0,1,7.0,74.0,1,5.172788304553944,0.320391780033382,245.9291367211949,17.09549309227352,540.6412164091137,9.676535740315034,-0.06,51.528,London Borough of Tower Hamlets
200,376.3023589454127,Private room,False,True,2.0,False,0,1,7.0,70.0,1,1.4265899294226507,0.1423408753715114,590.5479487609099,41.05129027531106,1527.5518228962294,27.340515966606155,-0.136,51.52,London Borough of Camden
4107,417.695618429408,Entire home/apt,False,False,3.0,False,0,0,10.0,96.0,2,6.552209353675265,1.2856528044496502,199.4649539333504,13.865586597752522,415.9582761864684,7.444928362532337,-0.0335,51.51345,London Borough of Tower Hamlets
4842,532.7030268820997,Entire home/apt,False,False,6.0,False,0,1,7.0,80.0,2,3.8383181203708334,0.1669015016293132,272.9062176781655,18.97077516457401,513.9661347236353,9.199098257801625,-0.122,51.474,London Borough of Lambeth
1467,359.60394176721,Entire home/apt,False,False,2.0,False,0,1,10.0,93.0,0,3.9350219760378087,0.3645613550026373,483.4265924890182,33.60486716905994,792.410075352398,14.18275962395521,-0.071,51.511,London Borough of Tower Hamlets
1486,353.25383946000613,Entire home/apt,False,False,2.0,False,0,1,8.0,100.0,0,4.18503097466839,0.4344959094430688,352.02994446355126,24.47097389144541,724.2019404164317,12.961952856998211,-0.181,51.49100000000001,Royal Borough of Kensington and Chelsea
1389,359.60394176721,Entire home/apt,False,False,2.0,False,0,1,10.0,95.0,0,3.93500771200998,0.3645473153605198,483.43162375157385,33.60521691173546,792.4115335119782,14.182785722470944,-0.071,51.511,London Borough of Tower Hamlets
1483,353.25383946000613,Entire home/apt,False,False,2.0,False,0,1,9.0,70.0,0,4.1850164660276645,0.4344985934045747,352.03215328765305,24.471127435420232,724.2065434749488,12.96203524372513,-0.181,51.49100000000001,Royal Borough of Kensington and Chelsea
1373,369.7170676638679,Entire home/apt,False,False,2.0,False,0,1,10.0,90.0,0,3.9350155248705208,0.3645515333883088,483.4326097700945,33.60528545372701,792.405223092987,14.182672776966507,-0.071,51.511,London Borough of Tower Hamlets
1575,333.73315458971285,Entire home/apt,False,False,2.0,False,0,1,9.0,100.0,0,3.9350143045386576,0.3645493176496757,483.43413381094297,33.60539139574812,792.4037374677036,14.182646186862549,-0.071,51.511,London Borough of Tower Hamlets
1484,353.25383946000613,Entire home/apt,False,False,2.0,False,0,1,8.0,80.0,0,4.185002016230517,0.4344890877699983,352.0352952611351,24.47134584624652,724.2124296814144,12.962140596564517,-0.181,51.49100000000001,Royal Borough of Kensington and Chelsea
494,293.9862179261036,Private room,False,True,2.0,False,0,1,9.0,80.0,1,9.504498914219624,0.341377448339851,117.62553999482677,8.176609869273783,286.4742902723464,5.127390632393181,-0.1639999999999999,51.426,London Borough of Wandsworth
199,376.3023589454127,Private room,False,True,2.0,False,0,1,9.0,84.0,1,1.4266116766837378,0.1423209166241567,590.5442015370076,41.05102979116838,1527.5349223559454,27.3402134763832,-0.136,51.52,London Borough of Camden
68,268.1154307486065,Private room,False,True,2.0,False,0,1,8.0,78.0,1,9.523294739569868,0.2875418696337674,117.41741823139134,8.162142514097418,299.09190854655947,5.353224014093186,-0.165,51.426,London Borough of Wandsworth
1484,353.25383946000613,Entire home/apt,False,False,2.0,False,0,1,8.0,80.0,0,4.185002016230517,0.4344890877699983,352.0352952611351,24.47134584624652,724.2124296814144,12.962140596564517,-0.181,51.49100000000001,Royal Borough of Kensington and Chelsea
3372,192.6197699851831,Private room,False,True,2.0,False,0,1,9.0,86.0,1,2.180422978094484,0.5532012000630933,450.3614569691003,31.30638068871795,973.8997750666616,17.431109014422642,-0.118,51.527,London Borough of Camden
1259,359.60394176721,Entire home/apt,False,False,2.0,False,0,1,9.0,92.0,0,3.935028452493092,0.364567577230854,483.4244723244489,33.60471978815489,792.4091712378088,14.182743441879426,-0.071,51.511,London Borough of Tower Hamlets
456,997.4364401796844,Entire home/apt,False,False,4.0,False,0,1,9.0,90.0,2,1.4265987691849185,0.1423096938987438,590.5495750942785,41.05140332808406,1527.5213064029413,27.33996977454937,-0.136,51.52,London Borough of Camden
1293,378.8894376631624,Entire home/apt,False,False,2.0,False,0,1,7.0,80.0,0,4.185013803660901,0.4344800749297678,352.034029099943,24.47125783044569,724.2094161973369,12.962086660450336,-0.181,51.49100000000001,Royal Borough of Kensington and Chelsea
1373,369.7170676638679,Entire home/apt,False,False,2.0,False,0,1,10.0,90.0,0,3.9350155248705208,0.3645515333883088,483.4326097700945,33.60528545372701,792.405223092987,14.182672776966507,-0.071,51.511,London Borough of Tower Hamlets
1467,359.60394176721,Entire home/apt,False,False,2.0,False,0,1,10.0,93.0,0,3.9350219760378087,0.3645613550026373,483.4265924890182,33.60486716905994,792.410075352398,14.18275962395521,-0.071,51.511,London Borough of Tower Hamlets
4960,345.2574143324161,Entire home/apt,False,False,2.0,False,0,1,10.0,94.0,0,3.935032848381165,0.3645703948946772,483.42454812446687,33.60472505730966,792.4063252083831,14.182692502911737,-0.071,51.511,London Borough of Tower Hamlets
1488,353.25383946000613,Entire home/apt,False,False,2.0,False,0,1,9.0,80.0,0,4.185010724886019,0.4345029901196403,352.0327694127409,24.471170264677163,724.2080102864783,12.96206149709568,-0.181,51.49100000000001,Royal Borough of Kensington and Chelsea
4960,345.2574143324161,Entire home/apt,False,False,2.0,False,0,1,10.0,94.0,0,3.935032848381165,0.3645703948946772,483.42454812446687,33.60472505730966,792.4063252083831,14.182692502911737,-0.071,51.511,London Borough of Tower Hamlets
4965,360.7798866389144,Entire home/apt,False,False,2.0,False,0,1,9.0,96.0,0,3.9350243383162367,0.3645632420560812,483.4262313522276,33.604842065033665,792.4091382310105,14.182742851115249,-0.071,51.511,London Borough of Tower Hamlets
1925,199.6754392154096,Entire home/apt,False,False,2.0,False,0,1,10.0,80.0,0,6.029992416617467,0.3331581286843095,207.13853990399065,14.399007475420902,478.057256953555,8.556391914684333,-0.208,51.488,London Borough of Hammersmith and Fulham
1487,353.25383946000613,Entire home/apt,False,False,2.0,False,0,1,10.0,60.0,0,4.185001714432458,0.4344939213775508,352.0349716407835,24.471323350134185,724.2120163937046,12.96213319943464,-0.181,51.49100000000001,Royal Borough of Kensington and Chelsea
1293,378.8894376631624,Entire home/apt,False,False,2.0,False,0,1,7.0,80.0,0,4.185013803660901,0.4344800749297678,352.034029099943,24.47125783044569,724.2094161973369,12.962086660450336,-0.181,51.49100000000001,Royal Borough of Kensington and Chelsea
1575,333.73315458971285,Entire home/apt,False,False,2.0,False,0,1,9.0,100.0,0,3.9350143045386576,0.3645493176496757,483.43413381094297,33.60539139574812,792.4037374677036,14.182646186862549,-0.071,51.511,London Borough of Tower Hamlets
1293,378.8894376631624,Entire home/apt,False,False,2.0,False,0,1,7.0,80.0,0,4.185013803660901,0.4344800749297678,352.034029099943,24.47125783044569,724.2094161973369,12.962086660450336,-0.181,51.49100000000001,Royal Borough of Kensington and Chelsea
4876,371.1282015099132,Entire home/apt,False,False,2.0,False,0,1,10.0,95.0,0,3.935028437038272,0.3645674139495256,483.4246373406673,33.60473125907558,792.4089376830748,14.182739261656645,-0.071,51.511,London Borough of Tower Hamlets
2756,252.35776946776733,Private room,False,True,2.0,False,1,0,7.0,87.0,1,1.3732732160492118,0.1325327572769835,569.785656422872,39.608022389379016,1671.1094888194802,29.909948046404068,-0.143,51.516000000000005,City of Westminster
3437,698.746442766763,Entire home/apt,False,False,2.0,False,0,1,10.0,100.0,1,1.73658760721446,0.3776600994176391,541.1588772895923,37.61806336519949,1222.7290201138817,21.884718931416096,-0.119,51.523,London Borough of Camden
465,248.8299348526541,Entire home/apt,False,False,2.0,False,0,1,9.0,94.0,0,4.1576889125350025,0.2778296660715594,379.04801390513205,26.34910523311212,752.9042166004224,13.475673588775733,-0.06842,51.51438,London Borough of Tower Hamlets
433,714.0337260989205,Entire home/apt,False,False,2.0,False,0,1,9.0,100.0,1,1.426608494030278,0.1423163865398678,590.5457671330145,41.05113862185058,1527.5297517587069,27.34012093170207,-0.136,51.52,London Borough of Camden
1317,344.0814694607117,Entire home/apt,False,False,2.0,False,0,1,9.0,91.0,0,3.93502673784039,0.3645650511862616,483.42598057278855,33.60482463237716,792.4080153033627,14.182722752666985,-0.071,51.511,London Borough of Tower Hamlets
1486,353.25383946000613,Entire home/apt,False,False,2.0,False,0,1,8.0,100.0,0,4.18503097466839,0.4344959094430688,352.02994446355126,24.47097389144541,724.2019404164317,12.961952856998211,-0.181,51.49100000000001,Royal Borough of Kensington and Chelsea
200,376.3023589454127,Private room,False,True,2.0,False,0,1,7.0,70.0,1,1.4265899294226507,0.1423408753715114,590.5479487609099,41.05129027531106,1527.5518228962294,27.340515966606155,-0.136,51.52,London Borough of Camden
1389,359.60394176721,Entire home/apt,False,False,2.0,False,0,1,10.0,95.0,0,3.93500771200998,0.3645473153605198,483.43162375157385,33.60521691173546,792.4115335119782,14.182785722470944,-0.071,51.511,London Borough of Tower Hamlets
744,245.0669112632,Entire home/apt,False,False,2.0,True,0,1,10.0,95.0,0,3.840192483965099,0.49256287132694,322.8905896032651,22.4453837301134,920.880830850882,16.48216229514489,-0.08,51.526,London Borough of Hackney
198,376.3023589454127,Private room,False,True,2.0,False,0,1,9.0,84.0,1,1.4266091415297688,0.1423332007622191,590.5432789998072,41.05096566201091,1527.5471129295904,27.340431666410137,-0.136,51.52,London Borough of Camden
4136,517.4157435499424,Entire home/apt,False,False,6.0,False,0,1,10.0,80.0,2,5.939775307304215,0.3776629081531402,206.7874753216797,14.374603607616324,489.5586357353403,8.76224655444718,-0.2,51.48,London Borough of Hammersmith and Fulham
194,440.7441379148145,Private room,False,True,2.0,False,0,1,8.0,80.0,1,1.426611953447417,0.1423164194981613,590.544733118047,41.051066743438895,1527.5303518588885,27.340131672449687,-0.136,51.52,London Borough of Camden
199,376.3023589454127,Private room,False,True,2.0,False,0,1,9.0,84.0,1,1.4266116766837378,0.1423209166241567,590.5442015370076,41.05102979116838,1527.5349223559454,27.3402134763832,-0.136,51.52,London Borough of Camden
5091,360.7798866389144,Entire home/apt,False,False,2.0,False,0,1,10.0,90.0,0,3.9350278690773792,0.3645666968444838,483.4250080199261,33.60475702643602,792.4087447369003,14.182735808256316,-0.071,51.511,London Borough of Tower Hamlets
1485,353.25383946000613,Entire home/apt,False,False,2.0,False,0,1,7.0,76.0,0,4.185011548057564,0.4344912137629979,352.03354320688,24.471224054124544,724.2089887671192,12.962079010194213,-0.181,51.49100000000001,Royal Borough of Kensington and Chelsea
1490,353.25383946000613,Entire home/apt,False,False,2.0,False,0,1,10.0,90.0,0,4.185001270627941,0.4344823977907617,352.03593693119853,24.47139045123429,724.2133939041784,12.962157854471895,-0.181,51.49100000000001,Royal Borough of Kensington and Chelsea
1486,353.25383946000613,Entire home/apt,False,False,2.0,False,0,1,8.0,100.0,0,4.18503097466839,0.4344959094430688,352.02994446355126,24.47097389144541,724.2019404164317,12.961952856998211,-0.181,51.49100000000001,Royal Borough of Kensington and Chelsea
1412,369.7170676638679,Entire home/apt,False,False,2.0,False,0,1,9.0,90.0,0,3.935020189475922,0.3645609101042149,483.4258071422481,33.60481257654414,792.4123437427209,14.182800224189462,-0.071,51.511,London Borough of Tower Hamlets
519,399.58606740516007,Private room,False,True,3.0,False,1,0,9.0,88.0,1,0.4962795942803805,0.1535603731671757,927.7716786365016,64.49302646606817,3332.969814029784,59.654352180291305,-0.12808,51.51277,City of Westminster
65,293.75102895176275,Private room,False,True,2.0,False,0,1,8.0,80.0,1,9.50451248267244,0.3414050430232744,117.62536677572383,8.176597828138613,286.4731091772396,5.127369492848753,-0.1639999999999999,51.426,London Borough of Wandsworth
1389,359.60394176721,Entire home/apt,False,False,2.0,False,0,1,10.0,95.0,0,3.93500771200998,0.3645473153605198,483.43162375157385,33.60521691173546,792.4115335119782,14.182785722470944,-0.071,51.511,London Borough of Tower Hamlets
197,376.3023589454127,Private room,False,True,2.0,False,0,1,9.0,82.0,1,1.426607927987838,0.1423155902987533,590.5460442938881,41.05115788838347,1527.528842279423,27.340104653607604,-0.136,51.52,London Borough of Camden
1412,369.7170676638679,Entire home/apt,False,False,2.0,False,0,1,9.0,90.0,0,3.935020189475922,0.3645609101042149,483.4258071422481,33.60481257654414,792.4123437427209,14.182800224189462,-0.071,51.511,London Borough of Tower Hamlets
1373,369.7170676638679,Entire home/apt,False,False,2.0,False,0,1,10.0,90.0,0,3.9350155248705208,0.3645515333883088,483.4326097700945,33.60528545372701,792.405223092987,14.182672776966507,-0.071,51.511,London Borough of Tower Hamlets
799,245.0669112632,Entire home/apt,False,False,2.0,True,0,1,9.0,95.0,0,3.840185512604456,0.4925526862242009,322.89067064855345,22.445389363887365,920.8886951934688,16.48230305317407,-0.08,51.526,London Borough of Hackney
433,714.0337260989205,Entire home/apt,False,False,2.0,False,0,1,9.0,100.0,1,1.426608494030278,0.1423163865398678,590.5457671330145,41.05113862185058,1527.5297517587069,27.34012093170207,-0.136,51.52,London Borough of Camden
483,268.1154307486065,Private room,False,True,2.0,False,0,1,8.0,80.0,1,9.52327699514574,0.287527707201317,117.417637227526,8.162157737372535,299.0813322529376,5.353034716865882,-0.165,51.426,London Borough of Wandsworth
1492,353.25383946000613,Entire home/apt,False,False,2.0,False,0,1,8.0,77.0,0,4.185028030857168,0.4345001106575242,352.03010980401007,24.47098538490532,724.2024835255357,12.961962577704842,-0.181,51.49100000000001,Royal Borough of Kensington and Chelsea
1492,353.25383946000613,Entire home/apt,False,False,2.0,False,0,1,8.0,77.0,0,4.185028030857168,0.4345001106575242,352.03010980401007,24.47098538490532,724.2024835255357,12.961962577704842,-0.181,51.49100000000001,Royal Borough of Kensington and Chelsea
1259,359.60394176721,Entire home/apt,False,False,2.0,False,0,1,9.0,92.0,0,3.935028452493092,0.364567577230854,483.4244723244489,33.60471978815489,792.4091712378088,14.182743441879426,-0.071,51.511,London Borough of Tower Hamlets
4960,345.2574143324161,Entire home/apt,False,False,2.0,False,0,1,10.0,94.0,0,3.935032848381165,0.3645703948946772,483.42454812446687,33.60472505730966,792.4063252083831,14.182692502911737,-0.071,51.511,London Borough of Tower Hamlets
1467,359.60394176721,Entire home/apt,False,False,2.0,False,0,1,10.0,93.0,0,3.9350219760378087,0.3645613550026373,483.4265924890182,33.60486716905994,792.410075352398,14.18275962395521,-0.071,51.511,London Borough of Tower Hamlets
1484,353.25383946000613,Entire home/apt,False,False,2.0,False,0,1,8.0,80.0,0,4.185002016230517,0.4344890877699983,352.0352952611351,24.47134584624652,724.2124296814144,12.962140596564517,-0.181,51.49100000000001,Royal Borough of Kensington and Chelsea
66,293.75102895176275,Private room,False,True,2.0,False,0,1,8.0,82.0,1,9.504517474645644,0.3413844063555099,117.62531318838433,8.176594103073722,286.4774843970736,5.127447801660236,-0.1639999999999999,51.426,London Borough of Wandsworth
483,268.1154307486065,Private room,False,True,2.0,False,0,1,8.0,80.0,1,9.52327699514574,0.287527707201317,117.417637227526,8.162157737372535,299.0813322529376,5.353034716865882,-0.165,51.426,London Borough of Wandsworth
4965,360.7798866389144,Entire home/apt,False,False,2.0,False,0,1,9.0,96.0,0,3.9350243383162367,0.3645632420560812,483.4262313522276,33.604842065033665,792.4091382310105,14.182742851115249,-0.071,51.511,London Borough of Tower Hamlets
3564,242.0094545967685,Private room,False,True,2.0,False,0,0,10.0,100.0,1,5.9429166142807945,2.513513747690117,201.12277441436188,13.980828162697676,385.0850572962224,6.89235153904434,-0.0598799999999999,51.47561,London Borough of Southwark
1389,359.60394176721,Entire home/apt,False,False,2.0,False,0,1,10.0,95.0,0,3.93500771200998,0.3645473153605198,483.43162375157385,33.60521691173546,792.4115335119782,14.182785722470944,-0.071,51.511,London Borough of Tower Hamlets
5091,360.7798866389144,Entire home/apt,False,False,2.0,False,0,1,10.0,90.0,0,3.9350278690773792,0.3645666968444838,483.4250080199261,33.60475702643602,792.4087447369003,14.182735808256316,-0.071,51.511,London Borough of Tower Hamlets
5091,360.7798866389144,Entire home/apt,False,False,2.0,False,0,1,10.0,90.0,0,3.9350278690773792,0.3645666968444838,483.4250080199261,33.60475702643602,792.4087447369003,14.182735808256316,-0.071,51.511,London Borough of Tower Hamlets
1484,353.25383946000613,Entire home/apt,False,False,2.0,False,0,1,8.0,80.0,0,4.185002016230517,0.4344890877699983,352.0352952611351,24.47134584624652,724.2124296814144,12.962140596564517,-0.181,51.49100000000001,Royal Borough of Kensington and Chelsea
3615,233.0722735718149,Private room,False,True,2.0,False,0,0,6.0,60.0,1,5.8148940133568185,0.2337130427625253,212.27330655258464,14.755945123972044,512.1324865457589,9.166279150434573,-0.19787,51.48,London Borough of Hammersmith and Fulham
464,162.5155812695501,Private room,False,True,2.0,False,0,0,10.0,98.0,1,5.815506491295428,0.7092504957872348,189.0135667704074,13.139069929451749,387.19842740850953,6.930177181639419,-0.10916,51.45733,London Borough of Lambeth
1490,353.25383946000613,Entire home/apt,False,False,2.0,False,0,1,10.0,90.0,0,4.185001270627941,0.4344823977907617,352.03593693119853,24.47139045123429,724.2133939041784,12.962157854471895,-0.181,51.49100000000001,Royal Borough of Kensington and Chelsea
1493,353.25383946000613,Entire home/apt,False,False,2.0,False,0,1,9.0,90.0,0,4.184992949369395,0.4344902230901254,352.03671763804573,24.471444721210965,724.2153675012788,12.962193178421124,-0.181,51.49100000000001,Royal Borough of Kensington and Chelsea
4876,371.1282015099132,Entire home/apt,False,False,2.0,False,0,1,10.0,95.0,0,3.935028437038272,0.3645674139495256,483.4246373406673,33.60473125907558,792.4089376830748,14.182739261656645,-0.071,51.511,London Borough of Tower Hamlets
1493,353.25383946000613,Entire home/apt,False,False,2.0,False,0,1,9.0,90.0,0,4.184992949369395,0.4344902230901254,352.03671763804573,24.471444721210965,724.2153675012788,12.962193178421124,-0.181,51.49100000000001,Royal Borough of Kensington and Chelsea
200,376.3023589454127,Private room,False,True,2.0,False,0,1,7.0,70.0,1,1.4265899294226507,0.1423408753715114,590.5479487609099,41.05129027531106,1527.5518228962294,27.340515966606155,-0.136,51.52,London Borough of Camden
1484,353.25383946000613,Entire home/apt,False,False,2.0,False,0,1,8.0,80.0,0,4.185002016230517,0.4344890877699983,352.0352952611351,24.47134584624652,724.2124296814144,12.962140596564517,-0.181,51.49100000000001,Royal Borough of Kensington and Chelsea
1486,353.25383946000613,Entire home/apt,False,False,2.0,False,0,1,8.0,100.0,0,4.18503097466839,0.4344959094430688,352.02994446355126,24.47097389144541,724.2019404164317,12.961952856998211,-0.181,51.49100000000001,Royal Borough of Kensington and Chelsea
1487,353.25383946000613,Entire home/apt,False,False,2.0,False,0,1,10.0,60.0,0,4.185001714432458,0.4344939213775508,352.0349716407835,24.471323350134185,724.2120163937046,12.96213319943464,-0.181,51.49100000000001,Royal Borough of Kensington and Chelsea
1373,369.7170676638679,Entire home/apt,False,False,2.0,False,0,1,10.0,90.0,0,3.9350155248705208,0.3645515333883088,483.4326097700945,33.60528545372701,792.405223092987,14.182672776966507,-0.071,51.511,London Borough of Tower Hamlets
1575,333.73315458971285,Entire home/apt,False,False,2.0,False,0,1,9.0,100.0,0,3.9350143045386576,0.3645493176496757,483.43413381094297,33.60539139574812,792.4037374677036,14.182646186862549,-0.071,51.511,London Borough of Tower Hamlets
199,376.3023589454127,Private room,False,True,2.0,False,0,1,9.0,84.0,1,1.4266116766837378,0.1423209166241567,590.5442015370076,41.05102979116838,1527.5349223559454,27.3402134763832,-0.136,51.52,London Borough of Camden
1487,353.25383946000613,Entire home/apt,False,False,2.0,False,0,1,10.0,60.0,0,4.185001714432458,0.4344939213775508,352.0349716407835,24.471323350134185,724.2120163937046,12.96213319943464,-0.181,51.49100000000001,Royal Borough of Kensington and Chelsea
1493,353.25383946000613,Entire home/apt,False,False,2.0,False,0,1,9.0,90.0,0,4.184992949369395,0.4344902230901254,352.03671763804573,24.471444721210965,724.2153675012788,12.962193178421124,-0.181,51.49100000000001,Royal Borough of Kensington and Chelsea
1412,369.7170676638679,Entire home/apt,False,False,2.0,False,0,1,9.0,90.0,0,3.935020189475922,0.3645609101042149,483.4258071422481,33.60481257654414,792.4123437427209,14.182800224189462,-0.071,51.511,London Borough of Tower Hamlets
4876,371.1282015099132,Entire home/apt,False,False,2.0,False,0,1,10.0,95.0,0,3.935028437038272,0.3645674139495256,483.4246373406673,33.60473125907558,792.4089376830748,14.182739261656645,-0.071,51.511,London Borough of Tower Hamlets
1373,369.7170676638679,Entire home/apt,False,False,2.0,False,0,1,10.0,90.0,0,3.9350155248705208,0.3645515333883088,483.4326097700945,33.60528545372701,792.405223092987,14.182672776966507,-0.071,51.511,London Borough of Tower Hamlets
1373,369.7170676638679,Entire home/apt,False,False,2.0,False,0,1,10.0,90.0,0,3.9350155248705208,0.3645515333883088,483.4326097700945,33.60528545372701,792.405223092987,14.182672776966507,-0.071,51.511,London Borough of Tower Hamlets
1260,369.7170676638679,Entire home/apt,False,False,2.0,False,0,1,10.0,89.0,0,3.935020320745124,0.3645587247752559,483.4282550546191,33.60498274047667,792.4086552797338,14.182734207128908,-0.071,51.511,London Borough of Tower Hamlets
197,376.3023589454127,Private room,False,True,2.0,False,0,1,9.0,82.0,1,1.426607927987838,0.1423155902987533,590.5460442938881,41.05115788838347,1527.528842279423,27.340104653607604,-0.136,51.52,London Borough of Camden
67,293.75102895176275,Private room,False,True,2.0,False,0,1,9.0,84.0,1,9.50451857010954,0.3413962403710837,117.62529603922582,8.176592910968855,286.47588826825665,5.127419233735566,-0.1639999999999999,51.426,London Borough of Wandsworth
1486,353.25383946000613,Entire home/apt,False,False,2.0,False,0,1,8.0,100.0,0,4.18503097466839,0.4344959094430688,352.02994446355126,24.47097389144541,724.2019404164317,12.961952856998211,-0.181,51.49100000000001,Royal Borough of Kensington and Chelsea
5091,360.7798866389144,Entire home/apt,False,False,2.0,False,0,1,10.0,90.0,0,3.9350278690773792,0.3645666968444838,483.4250080199261,33.60475702643602,792.4087447369003,14.182735808256316,-0.071,51.511,London Borough of Tower Hamlets
4965,360.7798866389144,Entire home/apt,False,False,2.0,False,0,1,9.0,96.0,0,3.9350243383162367,0.3645632420560812,483.4262313522276,33.604842065033665,792.4091382310105,14.182742851115249,-0.071,51.511,London Borough of Tower Hamlets
72,268.1154307486065,Private room,False,True,2.0,False,0,1,8.0,86.0,1,9.52327700258897,0.2875339652323594,117.41763482529036,8.16215757038377,299.0821388250627,5.353049153101521,-0.165,51.426,London Borough of Wandsworth
1292,378.8894376631624,Entire home/apt,False,False,2.0,False,0,1,10.0,87.0,0,4.18499620484728,0.4344780546206165,352.03711666160075,24.47147245889393,724.2155649197266,12.96219671186735,-0.181,51.49100000000001,Royal Borough of Kensington and Chelsea
1488,353.25383946000613,Entire home/apt,False,False,2.0,False,0,1,9.0,80.0,0,4.185010724886019,0.4345029901196403,352.0327694127409,24.471170264677163,724.2080102864783,12.96206149709568,-0.181,51.49100000000001,Royal Borough of Kensington and Chelsea
1389,359.60394176721,Entire home/apt,False,False,2.0,False,0,1,10.0,95.0,0,3.93500771200998,0.3645473153605198,483.43162375157385,33.60521691173546,792.4115335119782,14.182785722470944,-0.071,51.511,London Borough of Tower Hamlets
62,293.75102895176275,Private room,False,True,2.0,False,0,1,8.0,82.0,1,9.504498818718714,0.3414107900049699,117.6255301675482,8.176609186141336,286.469061605313,5.127297048363907,-0.1639999999999999,51.426,London Borough of Wandsworth
1259,359.60394176721,Entire home/apt,False,False,2.0,False,0,1,9.0,92.0,0,3.935028452493092,0.364567577230854,483.4244723244489,33.60471978815489,792.4091712378088,14.182743441879426,-0.071,51.511,London Borough of Tower Hamlets
1492,353.25383946000613,Entire home/apt,False,False,2.0,False,0,1,8.0,77.0,0,4.185028030857168,0.4345001106575242,352.03010980401007,24.47098538490532,724.2024835255357,12.961962577704842,-0.181,51.49100000000001,Royal Borough of Kensington and Chelsea
1292,378.8894376631624,Entire home/apt,False,False,2.0,False,0,1,10.0,87.0,0,4.18499620484728,0.4344780546206165,352.03711666160075,24.47147245889393,724.2155649197266,12.96219671186735,-0.181,51.49100000000001,Royal Borough of Kensington and Chelsea
4960,345.2574143324161,Entire home/apt,False,False,2.0,False,0,1,10.0,94.0,0,3.935032848381165,0.3645703948946772,483.42454812446687,33.60472505730966,792.4063252083831,14.182692502911737,-0.071,51.511,London Borough of Tower Hamlets
1484,353.25383946000613,Entire home/apt,False,False,2.0,False,0,1,8.0,80.0,0,4.185002016230517,0.4344890877699983,352.0352952611351,24.47134584624652,724.2124296814144,12.962140596564517,-0.181,51.49100000000001,Royal Borough of Kensington and Chelsea
1317,344.0814694607117,Entire home/apt,False,False,2.0,False,0,1,9.0,91.0,0,3.93502673784039,0.3645650511862616,483.42598057278855,33.60482463237716,792.4080153033627,14.182722752666985,-0.071,51.511,London Borough of Tower Hamlets
4965,360.7798866389144,Entire home/apt,False,False,2.0,False,0,1,9.0,96.0,0,3.9350243383162367,0.3645632420560812,483.4262313522276,33.604842065033665,792.4091382310105,14.182742851115249,-0.071,51.511,London Borough of Tower Hamlets
1484,353.25383946000613,Entire home/apt,False,False,2.0,False,0,1,8.0,80.0,0,4.185002016230517,0.4344890877699983,352.0352952611351,24.47134584624652,724.2124296814144,12.962140596564517,-0.181,51.49100000000001,Royal Borough of Kensington and Chelsea
1293,378.8894376631624,Entire home/apt,False,False,2.0,False,0,1,7.0,80.0,0,4.185013803660901,0.4344800749297678,352.034029099943,24.47125783044569,724.2094161973369,12.962086660450336,-0.181,51.49100000000001,Royal Borough of Kensington and Chelsea
1292,378.8894376631624,Entire home/apt,False,False,2.0,False,0,1,10.0,87.0,0,4.18499620484728,0.4344780546206165,352.03711666160075,24.47147245889393,724.2155649197266,12.96219671186735,-0.181,51.49100000000001,Royal Borough of Kensington and Chelsea
1412,369.7170676638679,Entire home/apt,False,False,2.0,False,0,1,9.0,90.0,0,3.935020189475922,0.3645609101042149,483.4258071422481,33.60481257654414,792.4123437427209,14.182800224189462,-0.071,51.511,London Borough of Tower Hamlets
1493,353.25383946000613,Entire home/apt,False,False,2.0,False,0,1,9.0,90.0,0,4.184992949369395,0.4344902230901254,352.03671763804573,24.471444721210965,724.2153675012788,12.962193178421124,-0.181,51.49100000000001,Royal Borough of Kensington and Chelsea
1488,353.25383946000613,Entire home/apt,False,False,2.0,False,0,1,9.0,80.0,0,4.185010724886019,0.4345029901196403,352.0327694127409,24.471170264677163,724.2080102864783,12.96206149709568,-0.181,51.49100000000001,Royal Borough of Kensington and Chelsea
1486,353.25383946000613,Entire home/apt,False,False,2.0,False,0,1,8.0,100.0,0,4.18503097466839,0.4344959094430688,352.02994446355126,24.47097389144541,724.2019404164317,12.961952856998211,-0.181,51.49100000000001,Royal Borough of Kensington and Chelsea
1373,369.7170676638679,Entire home/apt,False,False,2.0,False,0,1,10.0,90.0,0,3.9350155248705208,0.3645515333883088,483.4326097700945,33.60528545372701,792.405223092987,14.182672776966507,-0.071,51.511,London Borough of Tower Hamlets
1317,344.0814694607117,Entire home/apt,False,False,2.0,False,0,1,9.0,91.0,0,3.93502673784039,0.3645650511862616,483.42598057278855,33.60482463237716,792.4080153033627,14.182722752666985,-0.071,51.511,London Borough of Tower Hamlets
198,376.3023589454127,Private room,False,True,2.0,False,0,1,9.0,84.0,1,1.4266091415297688,0.1423332007622191,590.5432789998072,41.05096566201091,1527.5471129295904,27.340431666410137,-0.136,51.52,London Borough of Camden
1485,353.25383946000613,Entire home/apt,False,False,2.0,False,0,1,7.0,76.0,0,4.185011548057564,0.4344912137629979,352.03354320688,24.471224054124544,724.2089887671192,12.962079010194213,-0.181,51.49100000000001,Royal Borough of Kensington and Chelsea
1389,359.60394176721,Entire home/apt,False,False,2.0,False,0,1,10.0,95.0,0,3.93500771200998,0.3645473153605198,483.43162375157385,33.60521691173546,792.4115335119782,14.182785722470944,-0.071,51.511,London Borough of Tower Hamlets
4876,371.1282015099132,Entire home/apt,False,False,2.0,False,0,1,10.0,95.0,0,3.935028437038272,0.3645674139495256,483.4246373406673,33.60473125907558,792.4089376830748,14.182739261656645,-0.071,51.511,London Borough of Tower Hamlets
1373,369.7170676638679,Entire home/apt,False,False,2.0,False,0,1,10.0,90.0,0,3.9350155248705208,0.3645515333883088,483.4326097700945,33.60528545372701,792.405223092987,14.182672776966507,-0.071,51.511,London Borough of Tower Hamlets
4876,371.1282015099132,Entire home/apt,False,False,2.0,False,0,1,10.0,95.0,0,3.935028437038272,0.3645674139495256,483.4246373406673,33.60473125907558,792.4089376830748,14.182739261656645,-0.071,51.511,London Borough of Tower Hamlets
3268,195.2068487029328,Private room,False,True,2.0,False,0,1,9.0,93.0,1,2.1804278822766348,0.5531799095188346,450.3610951298584,31.306355535861552,973.9001561129209,17.431115834486732,-0.118,51.527,London Borough of Camden
1483,353.25383946000613,Entire home/apt,False,False,2.0,False,0,1,9.0,70.0,0,4.1850164660276645,0.4344985934045747,352.03215328765305,24.471127435420232,724.2065434749488,12.96203524372513,-0.181,51.49100000000001,Royal Borough of Kensington and Chelsea
4876,371.1282015099132,Entire home/apt,False,False,2.0,False,0,1,10.0,95.0,0,3.935028437038272,0.3645674139495256,483.4246373406673,33.60473125907558,792.4089376830748,14.182739261656645,-0.071,51.511,London Borough of Tower Hamlets
197,376.3023589454127,Private room,False,True,2.0,False,0,1,9.0,82.0,1,1.426607927987838,0.1423155902987533,590.5460442938881,41.05115788838347,1527.528842279423,27.340104653607604,-0.136,51.52,London Borough of Camden
67,293.75102895176275,Private room,False,True,2.0,False,0,1,9.0,84.0,1,9.50451857010954,0.3413962403710837,117.62529603922582,8.176592910968855,286.47588826825665,5.127419233735566,-0.1639999999999999,51.426,London Borough of Wandsworth
1317,344.0814694607117,Entire home/apt,False,False,2.0,False,0,1,9.0,91.0,0,3.93502673784039,0.3645650511862616,483.42598057278855,33.60482463237716,792.4080153033627,14.182722752666985,-0.071,51.511,London Borough of Tower Hamlets
200,376.3023589454127,Private room,False,True,2.0,False,0,1,7.0,70.0,1,1.4265899294226507,0.1423408753715114,590.5479487609099,41.05129027531106,1527.5518228962294,27.340515966606155,-0.136,51.52,London Borough of Camden
1389,359.60394176721,Entire home/apt,False,False,2.0,False,0,1,10.0,95.0,0,3.93500771200998,0.3645473153605198,483.43162375157385,33.60521691173546,792.4115335119782,14.182785722470944,-0.071,51.511,London Borough of Tower Hamlets
456,997.4364401796844,Entire home/apt,False,False,4.0,False,0,1,9.0,90.0,2,1.4265987691849185,0.1423096938987438,590.5495750942785,41.05140332808406,1527.5213064029413,27.33996977454937,-0.136,51.52,London Borough of Camden
197,376.3023589454127,Private room,False,True,2.0,False,0,1,9.0,82.0,1,1.426607927987838,0.1423155902987533,590.5460442938881,41.05115788838347,1527.528842279423,27.340104653607604,-0.136,51.52,London Borough of Camden
2924,321.9737058726687,Entire home/apt,False,False,2.0,False,0,1,9.0,76.0,0,4.621904884594126,0.4505664935846013,302.5656132466536,21.032515383004984,676.2690179429075,12.104037064832966,-0.1900599999999999,51.49413,Royal Borough of Kensington and Chelsea
456,997.4364401796844,Entire home/apt,False,False,4.0,False,0,1,9.0,90.0,2,1.4265987691849185,0.1423096938987438,590.5495750942785,41.05140332808406,1527.5213064029413,27.33996977454937,-0.136,51.52,London Borough of Camden
1490,353.25383946000613,Entire home/apt,False,False,2.0,False,0,1,10.0,90.0,0,4.185001270627941,0.4344823977907617,352.03593693119853,24.47139045123429,724.2133939041784,12.962157854471895,-0.181,51.49100000000001,Royal Borough of Kensington and Chelsea
1260,369.7170676638679,Entire home/apt,False,False,2.0,False,0,1,10.0,89.0,0,3.935020320745124,0.3645587247752559,483.4282550546191,33.60498274047667,792.4086552797338,14.182734207128908,-0.071,51.511,London Borough of Tower Hamlets
195,409.699193301818,Private room,False,True,2.0,False,0,1,8.0,76.0,1,1.4265923947247965,0.1423245717589549,590.5494409384186,41.051394002387205,1527.5355203023912,27.34022417858269,-0.136,51.52,London Borough of Camden
1389,359.60394176721,Entire home/apt,False,False,2.0,False,0,1,10.0,95.0,0,3.93500771200998,0.3645473153605198,483.43162375157385,33.60521691173546,792.4115335119782,14.182785722470944,-0.071,51.511,London Borough of Tower Hamlets
1492,353.25383946000613,Entire home/apt,False,False,2.0,False,0,1,8.0,77.0,0,4.185028030857168,0.4345001106575242,352.03010980401007,24.47098538490532,724.2024835255357,12.961962577704842,-0.181,51.49100000000001,Royal Borough of Kensington and Chelsea
1259,359.60394176721,Entire home/apt,False,False,2.0,False,0,1,9.0,92.0,0,3.935028452493092,0.364567577230854,483.4244723244489,33.60471978815489,792.4091712378088,14.182743441879426,-0.071,51.511,London Borough of Tower Hamlets
5091,360.7798866389144,Entire home/apt,False,False,2.0,False,0,1,10.0,90.0,0,3.9350278690773792,0.3645666968444838,483.4250080199261,33.60475702643602,792.4087447369003,14.182735808256316,-0.071,51.511,London Borough of Tower Hamlets
199,376.3023589454127,Private room,False,True,2.0,False,0,1,9.0,84.0,1,1.4266116766837378,0.1423209166241567,590.5442015370076,41.05102979116838,1527.5349223559454,27.3402134763832,-0.136,51.52,London Borough of Camden
69,268.1154307486065,Private room,False,True,2.0,False,0,1,9.0,87.0,1,9.523273118238029,0.2875466134208701,117.4176769453841,8.162160498315698,299.08184286868004,5.3530438559979565,-0.165,51.426,London Borough of Wandsworth
1293,378.8894376631624,Entire home/apt,False,False,2.0,False,0,1,7.0,80.0,0,4.185013803660901,0.4344800749297678,352.034029099943,24.47125783044569,724.2094161973369,12.962086660450336,-0.181,51.49100000000001,Royal Borough of Kensington and Chelsea
3318,169.3360615254357,Private room,False,True,2.0,False,1,0,10.0,98.0,1,6.263650590015273,0.5713764107364613,182.2616742912056,12.66971955976039,402.8684855283002,7.210643917890295,-0.09938,51.56182,London Borough of Hackney
4960,345.2574143324161,Entire home/apt,False,False,2.0,False,0,1,10.0,94.0,0,3.935032848381165,0.3645703948946772,483.42454812446687,33.60472505730966,792.4063252083831,14.182692502911737,-0.071,51.511,London Borough of Tower Hamlets
1485,353.25383946000613,Entire home/apt,False,False,2.0,False,0,1,7.0,76.0,0,4.185011548057564,0.4344912137629979,352.03354320688,24.471224054124544,724.2089887671192,12.962079010194213,-0.181,51.49100000000001,Royal Borough of Kensington and Chelsea
1483,353.25383946000613,Entire home/apt,False,False,2.0,False,0,1,9.0,70.0,0,4.1850164660276645,0.4344985934045747,352.03215328765305,24.471127435420232,724.2065434749488,12.96203524372513,-0.181,51.49100000000001,Royal Borough of Kensington and Chelsea
194,440.7441379148145,Private room,False,True,2.0,False,0,1,8.0,80.0,1,1.426611953447417,0.1423164194981613,590.544733118047,41.051066743438895,1527.5303518588885,27.340131672449687,-0.136,51.52,London Borough of Camden
1293,378.8894376631624,Entire home/apt,False,False,2.0,False,0,1,7.0,80.0,0,4.185013803660901,0.4344800749297678,352.034029099943,24.47125783044569,724.2094161973369,12.962086660450336,-0.181,51.49100000000001,Royal Borough of Kensington and Chelsea
1412,369.7170676638679,Entire home/apt,False,False,2.0,False,0,1,9.0,90.0,0,3.935020189475922,0.3645609101042149,483.4258071422481,33.60481257654414,792.4123437427209,14.182800224189462,-0.071,51.511,London Borough of Tower Hamlets
1575,333.73315458971285,Entire home/apt,False,False,2.0,False,0,1,9.0,100.0,0,3.9350143045386576,0.3645493176496757,483.43413381094297,33.60539139574812,792.4037374677036,14.182646186862549,-0.071,51.511,London Borough of Tower Hamlets
1373,369.7170676638679,Entire home/apt,False,False,2.0,False,0,1,10.0,90.0,0,3.9350155248705208,0.3645515333883088,483.4326097700945,33.60528545372701,792.405223092987,14.182672776966507,-0.071,51.511,London Borough of Tower Hamlets
1467,359.60394176721,Entire home/apt,False,False,2.0,False,0,1,10.0,93.0,0,3.9350219760378087,0.3645613550026373,483.4265924890182,33.60486716905994,792.410075352398,14.18275962395521,-0.071,51.511,London Borough of Tower Hamlets
1493,353.25383946000613,Entire home/apt,False,False,2.0,False,0,1,9.0,90.0,0,4.184992949369395,0.4344902230901254,352.03671763804573,24.471444721210965,724.2153675012788,12.962193178421124,-0.181,51.49100000000001,Royal Borough of Kensington and Chelsea
433,714.0337260989205,Entire home/apt,False,False,2.0,False,0,1,9.0,100.0,1,1.426608494030278,0.1423163865398678,590.5457671330145,41.05113862185058,1527.5297517587069,27.34012093170207,-0.136,51.52,London Borough of Camden
483,268.1154307486065,Private room,False,True,2.0,False,0,1,8.0,80.0,1,9.52327699514574,0.287527707201317,117.417637227526,8.162157737372535,299.0813322529376,5.353034716865882,-0.165,51.426,London Borough of Wandsworth
1493,353.25383946000613,Entire home/apt,False,False,2.0,False,0,1,9.0,90.0,0,4.184992949369395,0.4344902230901254,352.03671763804573,24.471444721210965,724.2153675012788,12.962193178421124,-0.181,51.49100000000001,Royal Borough of Kensington and Chelsea
1901,422.6345868905666,Entire home/apt,False,False,2.0,False,1,0,8.0,84.0,1,8.37906545407164,0.9145455108058932,163.53946713732336,11.368265948616466,341.2397087181063,6.107596197265778,-0.00685,51.50731,London Borough of Tower Hamlets
71,268.1154307486065,Private room,False,True,2.0,False,0,1,9.0,86.0,1,9.523278900165163,0.2875335711338572,117.4176121112398,8.16215599144156,299.0830245814968,5.353065006598316,-0.165,51.426,London Borough of Wandsworth
4965,360.7798866389144,Entire home/apt,False,False,2.0,False,0,1,9.0,96.0,0,3.9350243383162367,0.3645632420560812,483.4262313522276,33.604842065033665,792.4091382310105,14.182742851115249,-0.071,51.511,London Borough of Tower Hamlets
1317,344.0814694607117,Entire home/apt,False,False,2.0,False,0,1,9.0,91.0,0,3.93502673784039,0.3645650511862616,483.42598057278855,33.60482463237716,792.4080153033627,14.182722752666985,-0.071,51.511,London Borough of Tower Hamlets
4684,532.7030268820997,Entire home/apt,False,False,4.0,False,0,1,2.0,20.0,1,3.838302776178675,0.1669155937969142,272.9071862737662,18.97084249543046,513.9675671693449,9.19912389608388,-0.122,51.474,London Borough of Lambeth
1373,369.7170676638679,Entire home/apt,False,False,2.0,False,0,1,10.0,90.0,0,3.9350155248705208,0.3645515333883088,483.4326097700945,33.60528545372701,792.405223092987,14.182672776966507,-0.071,51.511,London Borough of Tower Hamlets
4965,360.7798866389144,Entire home/apt,False,False,2.0,False,0,1,9.0,96.0,0,3.9350243383162367,0.3645632420560812,483.4262313522276,33.604842065033665,792.4091382310105,14.182742851115249,-0.071,51.511,London Borough of Tower Hamlets
1492,353.25383946000613,Entire home/apt,False,False,2.0,False,0,1,8.0,77.0,0,4.185028030857168,0.4345001106575242,352.03010980401007,24.47098538490532,724.2024835255357,12.961962577704842,-0.181,51.49100000000001,Royal Borough of Kensington and Chelsea
1483,353.25383946000613,Entire home/apt,False,False,2.0,False,0,1,9.0,70.0,0,4.1850164660276645,0.4344985934045747,352.03215328765305,24.471127435420232,724.2065434749488,12.96203524372513,-0.181,51.49100000000001,Royal Borough of Kensington and Chelsea
4965,360.7798866389144,Entire home/apt,False,False,2.0,False,0,1,9.0,96.0,0,3.9350243383162367,0.3645632420560812,483.4262313522276,33.604842065033665,792.4091382310105,14.182742851115249,-0.071,51.511,London Borough of Tower Hamlets
107,189.32712434441072,Private room,False,True,6.0,False,0,1,7.0,78.0,1,5.172808120521458,0.3203890410530856,245.92790750420323,17.09540764460811,540.6376525427112,9.676471953316245,-0.06,51.528,London Borough of Tower Hamlets
3012,148.87462075777887,Private room,False,True,2.0,False,0,1,8.0,83.0,1,6.3850394401742285,1.140835143291112,204.9617481843472,14.247690196376125,422.5732571540216,7.563324995662124,-0.036,51.514,London Borough of Tower Hamlets
484,268.1154307486065,Private room,False,True,2.0,False,0,1,7.0,76.0,1,9.5233097620805,0.2875510182420163,117.41723387925968,8.162129699062017,299.1005052747009,5.353377880547658,-0.165,51.426,London Borough of Wandsworth
200,376.3023589454127,Private room,False,True,2.0,False,0,1,7.0,70.0,1,1.4265899294226507,0.1423408753715114,590.5479487609099,41.05129027531106,1527.5518228962294,27.340515966606155,-0.136,51.52,London Borough of Camden
1493,353.25383946000613,Entire home/apt,False,False,2.0,False,0,1,9.0,90.0,0,4.184992949369395,0.4344902230901254,352.03671763804573,24.471444721210965,724.2153675012788,12.962193178421124,-0.181,51.49100000000001,Royal Borough of Kensington and Chelsea
1485,353.25383946000613,Entire home/apt,False,False,2.0,False,0,1,7.0,76.0,0,4.185011548057564,0.4344912137629979,352.03354320688,24.471224054124544,724.2089887671192,12.962079010194213,-0.181,51.49100000000001,Royal Borough of Kensington and Chelsea
63,293.75102895176275,Private room,False,True,2.0,False,0,1,9.0,86.0,1,9.504509021659857,0.3413939073290762,117.62541230943452,8.176600993364364,286.47405054454595,5.127386341683263,-0.1639999999999999,51.426,London Borough of Wandsworth
817,1572.238293468802,Private room,False,True,2.0,False,1,0,10.0,100.0,0,3.327604605711977,0.5638446878073015,316.7463277458688,22.01827213390055,732.1184487576222,13.103644562286298,-0.1104,51.53626,London Borough of Islington
1373,369.7170676638679,Entire home/apt,False,False,2.0,False,0,1,10.0,90.0,0,3.9350155248705208,0.3645515333883088,483.4326097700945,33.60528545372701,792.405223092987,14.182672776966507,-0.071,51.511,London Borough of Tower Hamlets
1483,353.25383946000613,Entire home/apt,False,False,2.0,False,0,1,9.0,70.0,0,4.1850164660276645,0.4344985934045747,352.03215328765305,24.471127435420232,724.2065434749488,12.96203524372513,-0.181,51.49100000000001,Royal Borough of Kensington and Chelsea
1483,353.25383946000613,Entire home/apt,False,False,2.0,False,0,1,9.0,70.0,0,4.1850164660276645,0.4344985934045747,352.03215328765305,24.471127435420232,724.2065434749488,12.96203524372513,-0.181,51.49100000000001,Royal Borough of Kensington and Chelsea
62,293.75102895176275,Private room,False,True,2.0,False,0,1,8.0,82.0,1,9.504498818718714,0.3414107900049699,117.6255301675482,8.176609186141336,286.469061605313,5.127297048363907,-0.1639999999999999,51.426,London Borough of Wandsworth
1484,353.25383946000613,Entire home/apt,False,False,2.0,False,0,1,8.0,80.0,0,4.185002016230517,0.4344890877699983,352.0352952611351,24.47134584624652,724.2124296814144,12.962140596564517,-0.181,51.49100000000001,Royal Borough of Kensington and Chelsea
1259,359.60394176721,Entire home/apt,False,False,2.0,False,0,1,9.0,92.0,0,3.935028452493092,0.364567577230854,483.4244723244489,33.60471978815489,792.4091712378088,14.182743441879426,-0.071,51.511,London Borough of Tower Hamlets
4965,360.7798866389144,Entire home/apt,False,False,2.0,False,0,1,9.0,96.0,0,3.9350243383162367,0.3645632420560812,483.4262313522276,33.604842065033665,792.4091382310105,14.182742851115249,-0.071,51.511,London Borough of Tower Hamlets
1317,344.0814694607117,Entire home/apt,False,False,2.0,False,0,1,9.0,91.0,0,3.93502673784039,0.3645650511862616,483.42598057278855,33.60482463237716,792.4080153033627,14.182722752666985,-0.071,51.511,London Borough of Tower Hamlets
4686,700.863143535831,Entire home/apt,False,False,4.0,False,0,1,10.0,75.0,2,3.8383172203354574,0.1669030112775915,272.9062808304819,18.97077955453773,513.9661340816265,9.199098246310786,-0.122,51.474,London Borough of Lambeth
4609,470.6131376561067,Entire home/apt,False,False,4.0,False,1,0,10.0,94.0,1,7.40975934363534,0.4730211415675256,164.1068171272363,11.40770465833086,380.9942536638631,6.819133281993843,-0.23379,51.50234,London Borough of Hammersmith and Fulham
1490,353.25383946000613,Entire home/apt,False,False,2.0,False,0,1,10.0,90.0,0,4.185001270627941,0.4344823977907617,352.03593693119853,24.47139045123429,724.2133939041784,12.962157854471895,-0.181,51.49100000000001,Royal Borough of Kensington and Chelsea
1467,359.60394176721,Entire home/apt,False,False,2.0,False,0,1,10.0,93.0,0,3.9350219760378087,0.3645613550026373,483.4265924890182,33.60486716905994,792.410075352398,14.18275962395521,-0.071,51.511,London Borough of Tower Hamlets
1412,369.7170676638679,Entire home/apt,False,False,2.0,False,0,1,9.0,90.0,0,3.935020189475922,0.3645609101042149,483.4258071422481,33.60481257654414,792.4123437427209,14.182800224189462,-0.071,51.511,London Borough of Tower Hamlets
5091,360.7798866389144,Entire home/apt,False,False,2.0,False,0,1,10.0,90.0,0,3.9350278690773792,0.3645666968444838,483.4250080199261,33.60475702643602,792.4087447369003,14.182735808256316,-0.071,51.511,London Borough of Tower Hamlets
199,376.3023589454127,Private room,False,True,2.0,False,0,1,9.0,84.0,1,1.4266116766837378,0.1423209166241567,590.5442015370076,41.05102979116838,1527.5349223559454,27.3402134763832,-0.136,51.52,London Borough of Camden
1412,369.7170676638679,Entire home/apt,False,False,2.0,False,0,1,9.0,90.0,0,3.935020189475922,0.3645609101042149,483.4258071422481,33.60481257654414,792.4123437427209,14.182800224189462,-0.071,51.511,London Borough of Tower Hamlets
1483,353.25383946000613,Entire home/apt,False,False,2.0,False,0,1,9.0,70.0,0,4.1850164660276645,0.4344985934045747,352.03215328765305,24.471127435420232,724.2065434749488,12.96203524372513,-0.181,51.49100000000001,Royal Borough of Kensington and Chelsea
68,268.1154307486065,Private room,False,True,2.0,False,0,1,8.0,78.0,1,9.523294739569868,0.2875418696337674,117.41741823139134,8.162142514097418,299.09190854655947,5.353224014093186,-0.165,51.426,London Borough of Wandsworth
1317,344.0814694607117,Entire home/apt,False,False,2.0,False,0,1,9.0,91.0,0,3.93502673784039,0.3645650511862616,483.42598057278855,33.60482463237716,792.4080153033627,14.182722752666985,-0.071,51.511,London Borough of Tower Hamlets
5091,360.7798866389144,Entire home/apt,False,False,2.0,False,0,1,10.0,90.0,0,3.9350278690773792,0.3645666968444838,483.4250080199261,33.60475702643602,792.4087447369003,14.182735808256316,-0.071,51.511,London Borough of Tower Hamlets
1293,378.8894376631624,Entire home/apt,False,False,2.0,False,0,1,7.0,80.0,0,4.185013803660901,0.4344800749297678,352.034029099943,24.47125783044569,724.2094161973369,12.962086660450336,-0.181,51.49100000000001,Royal Borough of Kensington and Chelsea
901,144.1708412709612,Private room,False,True,2.0,False,0,0,10.0,96.0,1,10.16726639380919,2.1920934783033093,112.33279578606034,7.808690584611247,245.64982161199552,4.396703777448843,-0.23861,51.44885,London Borough of Wandsworth
200,376.3023589454127,Private room,False,True,2.0,False,0,1,7.0,70.0,1,1.4265899294226507,0.1423408753715114,590.5479487609099,41.05129027531106,1527.5518228962294,27.340515966606155,-0.136,51.52,London Borough of Camden
1486,353.25383946000613,Entire home/apt,False,False,2.0,False,0,1,8.0,100.0,0,4.18503097466839,0.4344959094430688,352.02994446355126,24.47097389144541,724.2019404164317,12.961952856998211,-0.181,51.49100000000001,Royal Borough of Kensington and Chelsea
1955,359.60394176721,Entire home/apt,False,False,2.0,False,0,1,10.0,100.0,0,3.9682741444642486,0.4075147058818544,463.5237806832197,32.221345125762646,829.6381957180266,14.849078110835343,-0.07057,51.511390000000006,London Borough of Tower Hamlets
1467,359.60394176721,Entire home/apt,False,False,2.0,False,0,1,10.0,93.0,0,3.9350219760378087,0.3645613550026373,483.4265924890182,33.60486716905994,792.410075352398,14.18275962395521,-0.071,51.511,London Borough of Tower Hamlets
1259,359.60394176721,Entire home/apt,False,False,2.0,False,0,1,9.0,92.0,0,3.935028452493092,0.364567577230854,483.4244723244489,33.60471978815489,792.4091712378088,14.182743441879426,-0.071,51.511,London Borough of Tower Hamlets
197,376.3023589454127,Private room,False,True,2.0,False,0,1,9.0,82.0,1,1.426607927987838,0.1423155902987533,590.5460442938881,41.05115788838347,1527.528842279423,27.340104653607604,-0.136,51.52,London Borough of Camden
4689,651.7086478985865,Entire home/apt,False,False,4.0,False,0,1,6.0,60.0,2,3.8383031440198696,0.1669148449205097,272.90715923601664,18.97084061593108,513.9675838296155,9.199124194273695,-0.122,51.474,London Borough of Lambeth
1575,333.73315458971285,Entire home/apt,False,False,2.0,False,0,1,9.0,100.0,0,3.9350143045386576,0.3645493176496757,483.43413381094297,33.60539139574812,792.4037374677036,14.182646186862549,-0.071,51.511,London Borough of Tower Hamlets
1467,359.60394176721,Entire home/apt,False,False,2.0,False,0,1,10.0,93.0,0,3.9350219760378087,0.3645613550026373,483.4265924890182,33.60486716905994,792.410075352398,14.18275962395521,-0.071,51.511,London Borough of Tower Hamlets
2222,534.5845386768268,Entire home/apt,False,False,4.0,False,1,0,10.0,100.0,1,3.829216339621196,0.9267101119502,295.4950428102059,20.541012466082385,629.4076804170377,11.26530077606118,-0.13043,51.54269,London Borough of Camden
1467,359.60394176721,Entire home/apt,False,False,2.0,False,0,1,10.0,93.0,0,3.9350219760378087,0.3645613550026373,483.4265924890182,33.60486716905994,792.410075352398,14.18275962395521,-0.071,51.511,London Borough of Tower Hamlets
1467,359.60394176721,Entire home/apt,False,False,2.0,False,0,1,10.0,93.0,0,3.9350219760378087,0.3645613550026373,483.4265924890182,33.60486716905994,792.410075352398,14.18275962395521,-0.071,51.511,London Borough of Tower Hamlets
199,376.3023589454127,Private room,False,True,2.0,False,0,1,9.0,84.0,1,1.4266116766837378,0.1423209166241567,590.5442015370076,41.05102979116838,1527.5349223559454,27.3402134763832,-0.136,51.52,London Borough of Camden
1575,333.73315458971285,Entire home/apt,False,False,2.0,False,0,1,9.0,100.0,0,3.9350143045386576,0.3645493176496757,483.43413381094297,33.60539139574812,792.4037374677036,14.182646186862549,-0.071,51.511,London Borough of Tower Hamlets
1389,359.60394176721,Entire home/apt,False,False,2.0,False,0,1,10.0,95.0,0,3.93500771200998,0.3645473153605198,483.43162375157385,33.60521691173546,792.4115335119782,14.182785722470944,-0.071,51.511,London Borough of Tower Hamlets
67,293.75102895176275,Private room,False,True,2.0,False,0,1,9.0,84.0,1,9.50451857010954,0.3413962403710837,117.62529603922582,8.176592910968855,286.47588826825665,5.127419233735566,-0.1639999999999999,51.426,London Borough of Wandsworth
1575,333.73315458971285,Entire home/apt,False,False,2.0,False,0,1,9.0,100.0,0,3.9350143045386576,0.3645493176496757,483.43413381094297,33.60539139574812,792.4037374677036,14.182646186862549,-0.071,51.511,London Borough of Tower Hamlets
1293,378.8894376631624,Entire home/apt,False,False,2.0,False,0,1,7.0,80.0,0,4.185013803660901,0.4344800749297678,352.034029099943,24.47125783044569,724.2094161973369,12.962086660450336,-0.181,51.49100000000001,Royal Borough of Kensington and Chelsea
63,293.75102895176275,Private room,False,True,2.0,False,0,1,9.0,86.0,1,9.504509021659857,0.3413939073290762,117.62541230943452,8.176600993364364,286.47405054454595,5.127386341683263,-0.1639999999999999,51.426,London Borough of Wandsworth
1373,369.7170676638679,Entire home/apt,False,False,2.0,False,0,1,10.0,90.0,0,3.9350155248705208,0.3645515333883088,483.4326097700945,33.60528545372701,792.405223092987,14.182672776966507,-0.071,51.511,London Borough of Tower Hamlets
195,409.699193301818,Private room,False,True,2.0,False,0,1,8.0,76.0,1,1.4265923947247965,0.1423245717589549,590.5494409384186,41.051394002387205,1527.5355203023912,27.34022417858269,-0.136,51.52,London Borough of Camden
5091,360.7798866389144,Entire home/apt,False,False,2.0,False,0,1,10.0,90.0,0,3.9350278690773792,0.3645666968444838,483.4250080199261,33.60475702643602,792.4087447369003,14.182735808256316,-0.071,51.511,London Borough of Tower Hamlets
194,440.7441379148145,Private room,False,True,2.0,False,0,1,8.0,80.0,1,1.426611953447417,0.1423164194981613,590.544733118047,41.051066743438895,1527.5303518588885,27.340131672449687,-0.136,51.52,London Borough of Camden
4876,371.1282015099132,Entire home/apt,False,False,2.0,False,0,1,10.0,95.0,0,3.935028437038272,0.3645674139495256,483.4246373406673,33.60473125907558,792.4089376830748,14.182739261656645,-0.071,51.511,London Borough of Tower Hamlets
1594,1158.540887603189,Entire home/apt,False,False,2.0,False,0,1,10.0,90.0,1,0.2812138914347169,0.1828883068469717,1217.54542418084,84.63632925369808,2393.816456921464,42.845143503869146,-0.12575,51.5106,City of Westminster
2626,567.0406171358686,Entire home/apt,False,False,4.0,True,0,0,9.0,94.0,2,2.7806588098365967,0.4022480715238016,367.5563162751098,25.550272528408,840.384835771258,15.041424242441972,-0.11168,51.53128,London Borough of Islington
433,714.0337260989205,Entire home/apt,False,False,2.0,False,0,1,9.0,100.0,1,1.426608494030278,0.1423163865398678,590.5457671330145,41.05113862185058,1527.5297517587069,27.34012093170207,-0.136,51.52,London Borough of Camden
1317,344.0814694607117,Entire home/apt,False,False,2.0,False,0,1,9.0,91.0,0,3.93502673784039,0.3645650511862616,483.42598057278855,33.60482463237716,792.4080153033627,14.182722752666985,-0.071,51.511,London Borough of Tower Hamlets
4685,532.7030268820997,Entire home/apt,False,False,2.0,False,0,1,10.0,100.0,1,3.838316593449824,0.1669039612594322,272.9063238742292,18.97078254667643,513.9661462267178,9.199098463686758,-0.122,51.474,London Borough of Lambeth
1483,353.25383946000613,Entire home/apt,False,False,2.0,False,0,1,9.0,70.0,0,4.1850164660276645,0.4344985934045747,352.03215328765305,24.471127435420232,724.2065434749488,12.96203524372513,-0.181,51.49100000000001,Royal Borough of Kensington and Chelsea
5091,360.7798866389144,Entire home/apt,False,False,2.0,False,0,1,10.0,90.0,0,3.9350278690773792,0.3645666968444838,483.4250080199261,33.60475702643602,792.4087447369003,14.182735808256316,-0.071,51.511,London Borough of Tower Hamlets
1412,369.7170676638679,Entire home/apt,False,False,2.0,False,0,1,9.0,90.0,0,3.935020189475922,0.3645609101042149,483.4258071422481,33.60481257654414,792.4123437427209,14.182800224189462,-0.071,51.511,London Borough of Tower Hamlets
2406,348.07968202450667,Entire home/apt,False,False,2.0,False,0,0,8.0,72.0,1,3.3853431400399816,0.5026484956276528,407.9782582824107,28.360159309515616,786.5017121494128,14.077010217574056,-0.16801,51.49139,Royal Borough of Kensington and Chelsea
456,997.4364401796844,Entire home/apt,False,False,4.0,False,0,1,9.0,90.0,2,1.4265987691849185,0.1423096938987438,590.5495750942785,41.05140332808406,1527.5213064029413,27.33996977454937,-0.136,51.52,London Borough of Camden
2257,108.18692819680614,Private room,False,True,2.0,False,1,0,10.0,100.0,1,4.9936921219044645,2.367721114644936,229.3873523361441,15.945609168559727,432.0494286281962,7.732931953415445,-0.07826,51.47563,London Borough of Southwark
4876,371.1282015099132,Entire home/apt,False,False,2.0,False,0,1,10.0,95.0,0,3.935028437038272,0.3645674139495256,483.4246373406673,33.60473125907558,792.4089376830748,14.182739261656645,-0.071,51.511,London Borough of Tower Hamlets
1259,359.60394176721,Entire home/apt,False,False,2.0,False,0,1,9.0,92.0,0,3.935028452493092,0.364567577230854,483.4244723244489,33.60471978815489,792.4091712378088,14.182743441879426,-0.071,51.511,London Borough of Tower Hamlets
484,268.1154307486065,Private room,False,True,2.0,False,0,1,7.0,76.0,1,9.5233097620805,0.2875510182420163,117.41723387925968,8.162129699062017,299.1005052747009,5.353377880547658,-0.165,51.426,London Borough of Wandsworth
199,376.3023589454127,Private room,False,True,2.0,False,0,1,9.0,84.0,1,1.4266116766837378,0.1423209166241567,590.5442015370076,41.05102979116838,1527.5349223559454,27.3402134763832,-0.136,51.52,London Borough of Camden
3268,195.2068487029328,Private room,False,True,2.0,False,0,1,9.0,93.0,1,2.1804278822766348,0.5531799095188346,450.3610951298584,31.306355535861552,973.9001561129209,17.431115834486732,-0.118,51.527,London Borough of Camden
1487,353.25383946000613,Entire home/apt,False,False,2.0,False,0,1,10.0,60.0,0,4.185001714432458,0.4344939213775508,352.0349716407835,24.471323350134185,724.2120163937046,12.96213319943464,-0.181,51.49100000000001,Royal Borough of Kensington and Chelsea
4965,360.7798866389144,Entire home/apt,False,False,2.0,False,0,1,9.0,96.0,0,3.9350243383162367,0.3645632420560812,483.4262313522276,33.604842065033665,792.4091382310105,14.182742851115249,-0.071,51.511,London Borough of Tower Hamlets
650,144.4060302453021,Private room,False,True,2.0,True,0,0,10.0,99.0,1,5.090683070077935,0.8644242859962249,254.2794181927628,17.67595371242998,465.8286367226609,8.337520920155047,-0.05986,51.49071,London Borough of Southwark
4688,584.444601237094,Entire home/apt,False,False,5.0,False,0,1,8.0,60.0,2,3.838332792083083,0.1668864259907863,272.90527667655573,18.97070975188345,513.9649636226302,9.199077297134204,-0.122,51.474,London Borough of Lambeth
1484,353.25383946000613,Entire home/apt,False,False,2.0,False,0,1,8.0,80.0,0,4.185002016230517,0.4344890877699983,352.0352952611351,24.47134584624652,724.2124296814144,12.962140596564517,-0.181,51.49100000000001,Royal Borough of Kensington and Chelsea
1484,353.25383946000613,Entire home/apt,False,False,2.0,False,0,1,8.0,80.0,0,4.185002016230517,0.4344890877699983,352.0352952611351,24.47134584624652,724.2124296814144,12.962140596564517,-0.181,51.49100000000001,Royal Borough of Kensington and Chelsea
1488,353.25383946000613,Entire home/apt,False,False,2.0,False,0,1,9.0,80.0,0,4.185010724886019,0.4345029901196403,352.0327694127409,24.471170264677163,724.2080102864783,12.96206149709568,-0.181,51.49100000000001,Royal Borough of Kensington and Chelsea
68,268.1154307486065,Private room,False,True,2.0,False,0,1,8.0,78.0,1,9.523294739569868,0.2875418696337674,117.41741823139134,8.162142514097418,299.09190854655947,5.353224014093186,-0.165,51.426,London Borough of Wandsworth
1485,353.25383946000613,Entire home/apt,False,False,2.0,False,0,1,7.0,76.0,0,4.185011548057564,0.4344912137629979,352.03354320688,24.471224054124544,724.2089887671192,12.962079010194213,-0.181,51.49100000000001,Royal Borough of Kensington and Chelsea
200,376.3023589454127,Private room,False,True,2.0,False,0,1,7.0,70.0,1,1.4265899294226507,0.1423408753715114,590.5479487609099,41.05129027531106,1527.5518228962294,27.340515966606155,-0.136,51.52,London Borough of Camden
2843,235.42416331522367,Private room,False,True,2.0,False,0,1,9.0,83.0,1,8.652987667838618,0.7015956519903372,129.08377063677744,8.973116153160001,290.3949744180846,5.197564047055693,-0.1689999999999999,51.435,London Borough of Wandsworth
1486,353.25383946000613,Entire home/apt,False,False,2.0,False,0,1,8.0,100.0,0,4.18503097466839,0.4344959094430688,352.02994446355126,24.47097389144541,724.2019404164317,12.961952856998211,-0.181,51.49100000000001,Royal Borough of Kensington and Chelsea
1317,344.0814694607117,Entire home/apt,False,False,2.0,False,0,1,9.0,91.0,0,3.93502673784039,0.3645650511862616,483.42598057278855,33.60482463237716,792.4080153033627,14.182722752666985,-0.071,51.511,London Borough of Tower Hamlets
4711,148.639431783438,Private room,False,True,2.0,False,0,1,9.0,83.0,1,4.680691783602808,0.8973208684751706,322.07861589784886,22.38894027222501,596.007616153295,10.66749782325716,-0.06023,51.51095,London Borough of Tower Hamlets
1389,359.60394176721,Entire home/apt,False,False,2.0,False,0,1,10.0,95.0,0,3.93500771200998,0.3645473153605198,483.43162375157385,33.60521691173546,792.4115335119782,14.182785722470944,-0.071,51.511,London Borough of Tower Hamlets
1493,353.25383946000613,Entire home/apt,False,False,2.0,False,0,1,9.0,90.0,0,4.184992949369395,0.4344902230901254,352.03671763804573,24.471444721210965,724.2153675012788,12.962193178421124,-0.181,51.49100000000001,Royal Borough of Kensington and Chelsea
1412,369.7170676638679,Entire home/apt,False,False,2.0,False,0,1,9.0,90.0,0,3.935020189475922,0.3645609101042149,483.4258071422481,33.60481257654414,792.4123437427209,14.182800224189462,-0.071,51.511,London Borough of Tower Hamlets
1259,359.60394176721,Entire home/apt,False,False,2.0,False,0,1,9.0,92.0,0,3.935028452493092,0.364567577230854,483.4244723244489,33.60471978815489,792.4091712378088,14.182743441879426,-0.071,51.511,London Borough of Tower Hamlets
198,376.3023589454127,Private room,False,True,2.0,False,0,1,9.0,84.0,1,1.4266091415297688,0.1423332007622191,590.5432789998072,41.05096566201091,1527.5471129295904,27.340431666410137,-0.136,51.52,London Borough of Camden
1757,881.4882758296291,Entire home/apt,False,False,4.0,False,0,1,10.0,93.0,2,4.300325694424775,0.3913837082376395,290.902363265148,20.22175740552169,742.7344280095338,13.29365209321755,-0.18837,51.51551,City of Westminster
230,136.64479409205296,Private room,False,True,3.0,False,0,1,7.0,76.0,1,5.172796231897584,0.3203806270014105,245.92885858731523,17.09547375810319,540.6402681812775,9.676518768688997,-0.06,51.528,London Borough of Tower Hamlets
1484,353.25383946000613,Entire home/apt,False,False,2.0,False,0,1,8.0,80.0,0,4.185002016230517,0.4344890877699983,352.0352952611351,24.47134584624652,724.2124296814144,12.962140596564517,-0.181,51.49100000000001,Royal Borough of Kensington and Chelsea
433,714.0337260989205,Entire home/apt,False,False,2.0,False,0,1,9.0,100.0,1,1.426608494030278,0.1423163865398678,590.5457671330145,41.05113862185058,1527.5297517587069,27.34012093170207,-0.136,51.52,London Borough of Camden
2639,639.2436322585197,Entire home/apt,False,False,2.0,True,0,1,10.0,100.0,1,3.974126952744988,0.1573979731483681,411.6221328559003,28.61345923741649,814.5427361421957,14.578895687319427,-0.071,51.514,London Borough of Tower Hamlets
4965,360.7798866389144,Entire home/apt,False,False,2.0,False,0,1,9.0,96.0,0,3.9350243383162367,0.3645632420560812,483.4262313522276,33.604842065033665,792.4091382310105,14.182742851115249,-0.071,51.511,London Borough of Tower Hamlets
1484,353.25383946000613,Entire home/apt,False,False,2.0,False,0,1,8.0,80.0,0,4.185002016230517,0.4344890877699983,352.0352952611351,24.47134584624652,724.2124296814144,12.962140596564517,-0.181,51.49100000000001,Royal Borough of Kensington and Chelsea
1486,353.25383946000613,Entire home/apt,False,False,2.0,False,0,1,8.0,100.0,0,4.18503097466839,0.4344959094430688,352.02994446355126,24.47097389144541,724.2019404164317,12.961952856998211,-0.181,51.49100000000001,Royal Borough of Kensington and Chelsea
4136,517.4157435499424,Entire home/apt,False,False,6.0,False,0,1,10.0,80.0,2,5.939775307304215,0.3776629081531402,206.7874753216797,14.374603607616324,489.5586357353403,8.76224655444718,-0.2,51.48,London Borough of Hammersmith and Fulham
69,268.1154307486065,Private room,False,True,2.0,False,0,1,9.0,87.0,1,9.523273118238029,0.2875466134208701,117.4176769453841,8.162160498315698,299.08184286868004,5.3530438559979565,-0.165,51.426,London Borough of Wandsworth
4138,517.4157435499424,Entire home/apt,False,False,5.0,False,0,1,10.0,20.0,2,5.939780223010478,0.3776627225202749,206.7871999193536,14.374584463326928,489.5578092478432,8.762231761761086,-0.2,51.48,London Borough of Hammersmith and Fulham
71,268.1154307486065,Private room,False,True,2.0,False,0,1,9.0,86.0,1,9.523278900165163,0.2875335711338572,117.4176121112398,8.16215599144156,299.0830245814968,5.353065006598316,-0.165,51.426,London Borough of Wandsworth
1486,353.25383946000613,Entire home/apt,False,False,2.0,False,0,1,8.0,100.0,0,4.18503097466839,0.4344959094430688,352.02994446355126,24.47097389144541,724.2019404164317,12.961952856998211,-0.181,51.49100000000001,Royal Borough of Kensington and Chelsea
1260,369.7170676638679,Entire home/apt,False,False,2.0,False,0,1,10.0,89.0,0,3.935020320745124,0.3645587247752559,483.4282550546191,33.60498274047667,792.4086552797338,14.182734207128908,-0.071,51.511,London Borough of Tower Hamlets
483,268.1154307486065,Private room,False,True,2.0,False,0,1,8.0,80.0,1,9.52327699514574,0.287527707201317,117.417637227526,8.162157737372535,299.0813322529376,5.353034716865882,-0.165,51.426,London Borough of Wandsworth
1492,353.25383946000613,Entire home/apt,False,False,2.0,False,0,1,8.0,77.0,0,4.185028030857168,0.4345001106575242,352.03010980401007,24.47098538490532,724.2024835255357,12.961962577704842,-0.181,51.49100000000001,Royal Borough of Kensington and Chelsea
5091,360.7798866389144,Entire home/apt,False,False,2.0,False,0,1,10.0,90.0,0,3.9350278690773792,0.3645666968444838,483.4250080199261,33.60475702643602,792.4087447369003,14.182735808256316,-0.071,51.511,London Borough of Tower Hamlets
456,997.4364401796844,Entire home/apt,False,False,4.0,False,0,1,9.0,90.0,2,1.4265987691849185,0.1423096938987438,590.5495750942785,41.05140332808406,1527.5213064029413,27.33996977454937,-0.136,51.52,London Borough of Camden
433,714.0337260989205,Entire home/apt,False,False,2.0,False,0,1,9.0,100.0,1,1.426608494030278,0.1423163865398678,590.5457671330145,41.05113862185058,1527.5297517587069,27.34012093170207,-0.136,51.52,London Borough of Camden
1484,353.25383946000613,Entire home/apt,False,False,2.0,False,0,1,8.0,80.0,0,4.185002016230517,0.4344890877699983,352.0352952611351,24.47134584624652,724.2124296814144,12.962140596564517,-0.181,51.49100000000001,Royal Borough of Kensington and Chelsea
743,246.2428561349044,Entire home/apt,False,False,2.0,True,0,1,9.0,96.0,0,3.840192503797897,0.4925670058456749,322.8910339367247,22.44541461746449,920.8704524516414,16.481976539882197,-0.08,51.526,London Borough of Hackney
1484,353.25383946000613,Entire home/apt,False,False,2.0,False,0,1,8.0,80.0,0,4.185002016230517,0.4344890877699983,352.0352952611351,24.47134584624652,724.2124296814144,12.962140596564517,-0.181,51.49100000000001,Royal Borough of Kensington and Chelsea
60,293.75102895176275,Private room,False,True,2.0,False,0,1,8.0,76.0,1,9.50450633974499,0.3413801615197919,117.62544927878372,8.176603563247957,286.4755790091257,5.127413698535986,-0.1639999999999999,51.426,London Borough of Wandsworth
1412,369.7170676638679,Entire home/apt,False,False,2.0,False,0,1,9.0,90.0,0,3.935020189475922,0.3645609101042149,483.4258071422481,33.60481257654414,792.4123437427209,14.182800224189462,-0.071,51.511,London Borough of Tower Hamlets
1885,386.6506738164115,Entire home/apt,False,False,2.0,False,0,0,9.0,94.0,1,6.267986671666508,0.7268205875116271,200.3524265901344,13.927278282096667,422.5559187234449,7.56301466796593,-0.04298,51.52812,London Borough of Tower Hamlets
1293,378.8894376631624,Entire home/apt,False,False,2.0,False,0,1,7.0,80.0,0,4.185013803660901,0.4344800749297678,352.034029099943,24.47125783044569,724.2094161973369,12.962086660450336,-0.181,51.49100000000001,Royal Borough of Kensington and Chelsea
1389,359.60394176721,Entire home/apt,False,False,2.0,False,0,1,10.0,95.0,0,3.93500771200998,0.3645473153605198,483.43162375157385,33.60521691173546,792.4115335119782,14.182785722470944,-0.071,51.511,London Borough of Tower Hamlets
484,268.1154307486065,Private room,False,True,2.0,False,0,1,7.0,76.0,1,9.5233097620805,0.2875510182420163,117.41723387925968,8.162129699062017,299.1005052747009,5.353377880547658,-0.165,51.426,London Borough of Wandsworth
194,440.7441379148145,Private room,False,True,2.0,False,0,1,8.0,80.0,1,1.426611953447417,0.1423164194981613,590.544733118047,41.051066743438895,1527.5303518588885,27.340131672449687,-0.136,51.52,London Borough of Camden
1488,353.25383946000613,Entire home/apt,False,False,2.0,False,0,1,9.0,80.0,0,4.185010724886019,0.4345029901196403,352.0327694127409,24.471170264677163,724.2080102864783,12.96206149709568,-0.181,51.49100000000001,Royal Borough of Kensington and Chelsea
4688,584.444601237094,Entire home/apt,False,False,5.0,False,0,1,8.0,60.0,2,3.838332792083083,0.1668864259907863,272.90527667655573,18.97070975188345,513.9649636226302,9.199077297134204,-0.122,51.474,London Borough of Lambeth
1412,369.7170676638679,Entire home/apt,False,False,2.0,False,0,1,9.0,90.0,0,3.935020189475922,0.3645609101042149,483.4258071422481,33.60481257654414,792.4123437427209,14.182800224189462,-0.071,51.511,London Borough of Tower Hamlets
197,376.3023589454127,Private room,False,True,2.0,False,0,1,9.0,82.0,1,1.426607927987838,0.1423155902987533,590.5460442938881,41.05115788838347,1527.528842279423,27.340104653607604,-0.136,51.52,London Borough of Camden
1467,359.60394176721,Entire home/apt,False,False,2.0,False,0,1,10.0,93.0,0,3.9350219760378087,0.3645613550026373,483.4265924890182,33.60486716905994,792.410075352398,14.18275962395521,-0.071,51.511,London Borough of Tower Hamlets
1292,378.8894376631624,Entire home/apt,False,False,2.0,False,0,1,10.0,87.0,0,4.18499620484728,0.4344780546206165,352.03711666160075,24.47147245889393,724.2155649197266,12.96219671186735,-0.181,51.49100000000001,Royal Borough of Kensington and Chelsea
1926,199.6754392154096,Entire home/apt,False,False,2.0,False,0,1,8.0,100.0,0,6.029983102094025,0.3331698347116845,207.1388394513344,14.399028298124604,478.0576963912391,8.556399779853185,-0.208,51.488,London Borough of Hammersmith and Fulham
4688,584.444601237094,Entire home/apt,False,False,5.0,False,0,1,8.0,60.0,2,3.838332792083083,0.1668864259907863,272.90527667655573,18.97070975188345,513.9649636226302,9.199077297134204,-0.122,51.474,London Borough of Lambeth
883,404.7602248406595,Entire home/apt,False,False,2.0,False,0,1,10.0,100.0,1,4.484452272219892,0.3123762414931645,272.39671986624165,18.93535798529872,563.0148285861304,10.076984413667793,-0.1415799999999999,51.54766,London Borough of Camden
62,293.75102895176275,Private room,False,True,2.0,False,0,1,8.0,82.0,1,9.504498818718714,0.3414107900049699,117.6255301675482,8.176609186141336,286.469061605313,5.127297048363907,-0.1639999999999999,51.426,London Borough of Wandsworth
198,376.3023589454127,Private room,False,True,2.0,False,0,1,9.0,84.0,1,1.4266091415297688,0.1423332007622191,590.5432789998072,41.05096566201091,1527.5471129295904,27.340431666410137,-0.136,51.52,London Borough of Camden
66,293.75102895176275,Private room,False,True,2.0,False,0,1,8.0,82.0,1,9.504517474645644,0.3413844063555099,117.62531318838433,8.176594103073722,286.4774843970736,5.127447801660236,-0.1639999999999999,51.426,London Borough of Wandsworth
963,966.6266845410288,Entire home/apt,False,False,5.0,False,0,0,9.0,87.0,1,7.043148674844019,0.5296638228838427,174.49821474182204,12.130051219245324,410.9007740375917,7.354407886447707,-0.22354,51.48797,London Borough of Hammersmith and Fulham
4876,371.1282015099132,Entire home/apt,False,False,2.0,False,0,1,10.0,95.0,0,3.935028437038272,0.3645674139495256,483.4246373406673,33.60473125907558,792.4089376830748,14.182739261656645,-0.071,51.511,London Borough of Tower Hamlets
197,376.3023589454127,Private room,False,True,2.0,False,0,1,9.0,82.0,1,1.426607927987838,0.1423155902987533,590.5460442938881,41.05115788838347,1527.528842279423,27.340104653607604,-0.136,51.52,London Borough of Camden
4842,532.7030268820997,Entire home/apt,False,False,6.0,False,0,1,7.0,80.0,2,3.8383181203708334,0.1669015016293132,272.9062176781655,18.97077516457401,513.9661347236353,9.199098257801625,-0.122,51.474,London Borough of Lambeth
69,268.1154307486065,Private room,False,True,2.0,False,0,1,9.0,87.0,1,9.523273118238029,0.2875466134208701,117.4176769453841,8.162160498315698,299.08184286868004,5.3530438559979565,-0.165,51.426,London Borough of Wandsworth
744,245.0669112632,Entire home/apt,False,False,2.0,True,0,1,10.0,95.0,0,3.840192483965099,0.49256287132694,322.8905896032651,22.4453837301134,920.880830850882,16.48216229514489,-0.08,51.526,London Borough of Hackney
1259,359.60394176721,Entire home/apt,False,False,2.0,False,0,1,9.0,92.0,0,3.935028452493092,0.364567577230854,483.4244723244489,33.60471978815489,792.4091712378088,14.182743441879426,-0.071,51.511,London Borough of Tower Hamlets
1487,353.25383946000613,Entire home/apt,False,False,2.0,False,0,1,10.0,60.0,0,4.185001714432458,0.4344939213775508,352.0349716407835,24.471323350134185,724.2120163937046,12.96213319943464,-0.181,51.49100000000001,Royal Borough of Kensington and Chelsea
1485,353.25383946000613,Entire home/apt,False,False,2.0,False,0,1,7.0,76.0,0,4.185011548057564,0.4344912137629979,352.03354320688,24.471224054124544,724.2089887671192,12.962079010194213,-0.181,51.49100000000001,Royal Borough of Kensington and Chelsea
4960,345.2574143324161,Entire home/apt,False,False,2.0,False,0,1,10.0,94.0,0,3.935032848381165,0.3645703948946772,483.42454812446687,33.60472505730966,792.4063252083831,14.182692502911737,-0.071,51.511,London Borough of Tower Hamlets
1467,359.60394176721,Entire home/apt,False,False,2.0,False,0,1,10.0,93.0,0,3.9350219760378087,0.3645613550026373,483.4265924890182,33.60486716905994,792.410075352398,14.18275962395521,-0.071,51.511,London Borough of Tower Hamlets
433,714.0337260989205,Entire home/apt,False,False,2.0,False,0,1,9.0,100.0,1,1.426608494030278,0.1423163865398678,590.5457671330145,41.05113862185058,1527.5297517587069,27.34012093170207,-0.136,51.52,London Borough of Camden
456,997.4364401796844,Entire home/apt,False,False,4.0,False,0,1,9.0,90.0,2,1.4265987691849185,0.1423096938987438,590.5495750942785,41.05140332808406,1527.5213064029413,27.33996977454937,-0.136,51.52,London Borough of Camden
65,293.75102895176275,Private room,False,True,2.0,False,0,1,8.0,80.0,1,9.50451248267244,0.3414050430232744,117.62536677572383,8.176597828138613,286.4731091772396,5.127369492848753,-0.1639999999999999,51.426,London Borough of Wandsworth
1487,353.25383946000613,Entire home/apt,False,False,2.0,False,0,1,10.0,60.0,0,4.185001714432458,0.4344939213775508,352.0349716407835,24.471323350134185,724.2120163937046,12.96213319943464,-0.181,51.49100000000001,Royal Borough of Kensington and Chelsea
1485,353.25383946000613,Entire home/apt,False,False,2.0,False,0,1,7.0,76.0,0,4.185011548057564,0.4344912137629979,352.03354320688,24.471224054124544,724.2089887671192,12.962079010194213,-0.181,51.49100000000001,Royal Borough of Kensington and Chelsea
1493,353.25383946000613,Entire home/apt,False,False,2.0,False,0,1,9.0,90.0,0,4.184992949369395,0.4344902230901254,352.03671763804573,24.471444721210965,724.2153675012788,12.962193178421124,-0.181,51.49100000000001,Royal Borough of Kensington and Chelsea
4876,371.1282015099132,Entire home/apt,False,False,2.0,False,0,1,10.0,95.0,0,3.935028437038272,0.3645674139495256,483.4246373406673,33.60473125907558,792.4089376830748,14.182739261656645,-0.071,51.511,London Borough of Tower Hamlets
1373,369.7170676638679,Entire home/apt,False,False,2.0,False,0,1,10.0,90.0,0,3.9350155248705208,0.3645515333883088,483.4326097700945,33.60528545372701,792.405223092987,14.182672776966507,-0.071,51.511,London Borough of Tower Hamlets
4876,371.1282015099132,Entire home/apt,False,False,2.0,False,0,1,10.0,95.0,0,3.935028437038272,0.3645674139495256,483.4246373406673,33.60473125907558,792.4089376830748,14.182739261656645,-0.071,51.511,London Borough of Tower Hamlets
1483,353.25383946000613,Entire home/apt,False,False,2.0,False,0,1,9.0,70.0,0,4.1850164660276645,0.4344985934045747,352.03215328765305,24.471127435420232,724.2065434749488,12.96203524372513,-0.181,51.49100000000001,Royal Borough of Kensington and Chelsea
4842,532.7030268820997,Entire home/apt,False,False,6.0,False,0,1,7.0,80.0,2,3.8383181203708334,0.1669015016293132,272.9062176781655,18.97077516457401,513.9661347236353,9.199098257801625,-0.122,51.474,London Borough of Lambeth
1412,369.7170676638679,Entire home/apt,False,False,2.0,False,0,1,9.0,90.0,0,3.935020189475922,0.3645609101042149,483.4258071422481,33.60481257654414,792.4123437427209,14.182800224189462,-0.071,51.511,London Borough of Tower Hamlets
1389,359.60394176721,Entire home/apt,False,False,2.0,False,0,1,10.0,95.0,0,3.93500771200998,0.3645473153605198,483.43162375157385,33.60521691173546,792.4115335119782,14.182785722470944,-0.071,51.511,London Borough of Tower Hamlets
62,293.75102895176275,Private room,False,True,2.0,False,0,1,8.0,82.0,1,9.504498818718714,0.3414107900049699,117.6255301675482,8.176609186141336,286.469061605313,5.127297048363907,-0.1639999999999999,51.426,London Borough of Wandsworth
200,376.3023589454127,Private room,False,True,2.0,False,0,1,7.0,70.0,1,1.4265899294226507,0.1423408753715114,590.5479487609099,41.05129027531106,1527.5518228962294,27.340515966606155,-0.136,51.52,London Borough of Camden
1317,344.0814694607117,Entire home/apt,False,False,2.0,False,0,1,9.0,91.0,0,3.93502673784039,0.3645650511862616,483.42598057278855,33.60482463237716,792.4080153033627,14.182722752666985,-0.071,51.511,London Borough of Tower Hamlets
197,376.3023589454127,Private room,False,True,2.0,False,0,1,9.0,82.0,1,1.426607927987838,0.1423155902987533,590.5460442938881,41.05115788838347,1527.528842279423,27.340104653607604,-0.136,51.52,London Borough of Camden
68,268.1154307486065,Private room,False,True,2.0,False,0,1,8.0,78.0,1,9.523294739569868,0.2875418696337674,117.41741823139134,8.162142514097418,299.09190854655947,5.353224014093186,-0.165,51.426,London Borough of Wandsworth
65,293.75102895176275,Private room,False,True,2.0,False,0,1,8.0,80.0,1,9.50451248267244,0.3414050430232744,117.62536677572383,8.176597828138613,286.4731091772396,5.127369492848753,-0.1639999999999999,51.426,London Borough of Wandsworth
1292,378.8894376631624,Entire home/apt,False,False,2.0,False,0,1,10.0,87.0,0,4.18499620484728,0.4344780546206165,352.03711666160075,24.47147245889393,724.2155649197266,12.96219671186735,-0.181,51.49100000000001,Royal Borough of Kensington and Chelsea
1493,353.25383946000613,Entire home/apt,False,False,2.0,False,0,1,9.0,90.0,0,4.184992949369395,0.4344902230901254,352.03671763804573,24.471444721210965,724.2153675012788,12.962193178421124,-0.181,51.49100000000001,Royal Borough of Kensington and Chelsea
63,293.75102895176275,Private room,False,True,2.0,False,0,1,9.0,86.0,1,9.504509021659857,0.3413939073290762,117.62541230943452,8.176600993364364,286.47405054454595,5.127386341683263,-0.1639999999999999,51.426,London Borough of Wandsworth
1259,359.60394176721,Entire home/apt,False,False,2.0,False,0,1,9.0,92.0,0,3.935028452493092,0.364567577230854,483.4244723244489,33.60471978815489,792.4091712378088,14.182743441879426,-0.071,51.511,London Borough of Tower Hamlets
199,376.3023589454127,Private room,False,True,2.0,False,0,1,9.0,84.0,1,1.4266116766837378,0.1423209166241567,590.5442015370076,41.05102979116838,1527.5349223559454,27.3402134763832,-0.136,51.52,London Borough of Camden
1373,369.7170676638679,Entire home/apt,False,False,2.0,False,0,1,10.0,90.0,0,3.9350155248705208,0.3645515333883088,483.4326097700945,33.60528545372701,792.405223092987,14.182672776966507,-0.071,51.511,London Borough of Tower Hamlets
72,268.1154307486065,Private room,False,True,2.0,False,0,1,8.0,86.0,1,9.52327700258897,0.2875339652323594,117.41763482529036,8.16215757038377,299.0821388250627,5.353049153101521,-0.165,51.426,London Borough of Wandsworth
5091,360.7798866389144,Entire home/apt,False,False,2.0,False,0,1,10.0,90.0,0,3.9350278690773792,0.3645666968444838,483.4250080199261,33.60475702643602,792.4087447369003,14.182735808256316,-0.071,51.511,London Borough of Tower Hamlets
1484,353.25383946000613,Entire home/apt,False,False,2.0,False,0,1,8.0,80.0,0,4.185002016230517,0.4344890877699983,352.0352952611351,24.47134584624652,724.2124296814144,12.962140596564517,-0.181,51.49100000000001,Royal Borough of Kensington and Chelsea
1492,353.25383946000613,Entire home/apt,False,False,2.0,False,0,1,8.0,77.0,0,4.185028030857168,0.4345001106575242,352.03010980401007,24.47098538490532,724.2024835255357,12.961962577704842,-0.181,51.49100000000001,Royal Borough of Kensington and Chelsea
1293,378.8894376631624,Entire home/apt,False,False,2.0,False,0,1,7.0,80.0,0,4.185013803660901,0.4344800749297678,352.034029099943,24.47125783044569,724.2094161973369,12.962086660450336,-0.181,51.49100000000001,Royal Borough of Kensington and Chelsea
1488,353.25383946000613,Entire home/apt,False,False,2.0,False,0,1,9.0,80.0,0,4.185010724886019,0.4345029901196403,352.0327694127409,24.471170264677163,724.2080102864783,12.96206149709568,-0.181,51.49100000000001,Royal Borough of Kensington and Chelsea
1292,378.8894376631624,Entire home/apt,False,False,2.0,False,0,1,10.0,87.0,0,4.18499620484728,0.4344780546206165,352.03711666160075,24.47147245889393,724.2155649197266,12.96219671186735,-0.181,51.49100000000001,Royal Borough of Kensington and Chelsea
5091,360.7798866389144,Entire home/apt,False,False,2.0,False,0,1,10.0,90.0,0,3.9350278690773792,0.3645666968444838,483.4250080199261,33.60475702643602,792.4087447369003,14.182735808256316,-0.071,51.511,London Borough of Tower Hamlets
4686,700.863143535831,Entire home/apt,False,False,4.0,False,0,1,10.0,75.0,2,3.8383172203354574,0.1669030112775915,272.9062808304819,18.97077955453773,513.9661340816265,9.199098246310786,-0.122,51.474,London Borough of Lambeth
1293,378.8894376631624,Entire home/apt,False,False,2.0,False,0,1,7.0,80.0,0,4.185013803660901,0.4344800749297678,352.034029099943,24.47125783044569,724.2094161973369,12.962086660450336,-0.181,51.49100000000001,Royal Borough of Kensington and Chelsea
68,268.1154307486065,Private room,False,True,2.0,False,0,1,8.0,78.0,1,9.523294739569868,0.2875418696337674,117.41741823139134,8.162142514097418,299.09190854655947,5.353224014093186,-0.165,51.426,London Borough of Wandsworth
4965,360.7798866389144,Entire home/apt,False,False,2.0,False,0,1,9.0,96.0,0,3.9350243383162367,0.3645632420560812,483.4262313522276,33.604842065033665,792.4091382310105,14.182742851115249,-0.071,51.511,London Borough of Tower Hamlets
1260,369.7170676638679,Entire home/apt,False,False,2.0,False,0,1,10.0,89.0,0,3.935020320745124,0.3645587247752559,483.4282550546191,33.60498274047667,792.4086552797338,14.182734207128908,-0.071,51.511,London Borough of Tower Hamlets
4876,371.1282015099132,Entire home/apt,False,False,2.0,False,0,1,10.0,95.0,0,3.935028437038272,0.3645674139495256,483.4246373406673,33.60473125907558,792.4089376830748,14.182739261656645,-0.071,51.511,London Borough of Tower Hamlets
1486,353.25383946000613,Entire home/apt,False,False,2.0,False,0,1,8.0,100.0,0,4.18503097466839,0.4344959094430688,352.02994446355126,24.47097389144541,724.2019404164317,12.961952856998211,-0.181,51.49100000000001,Royal Borough of Kensington and Chelsea
1490,353.25383946000613,Entire home/apt,False,False,2.0,False,0,1,10.0,90.0,0,4.185001270627941,0.4344823977907617,352.03593693119853,24.47139045123429,724.2133939041784,12.962157854471895,-0.181,51.49100000000001,Royal Borough of Kensington and Chelsea
1486,353.25383946000613,Entire home/apt,False,False,2.0,False,0,1,8.0,100.0,0,4.18503097466839,0.4344959094430688,352.02994446355126,24.47097389144541,724.2019404164317,12.961952856998211,-0.181,51.49100000000001,Royal Borough of Kensington and Chelsea
1467,359.60394176721,Entire home/apt,False,False,2.0,False,0,1,10.0,93.0,0,3.9350219760378087,0.3645613550026373,483.4265924890182,33.60486716905994,792.410075352398,14.18275962395521,-0.071,51.511,London Borough of Tower Hamlets
1389,359.60394176721,Entire home/apt,False,False,2.0,False,0,1,10.0,95.0,0,3.93500771200998,0.3645473153605198,483.43162375157385,33.60521691173546,792.4115335119782,14.182785722470944,-0.071,51.511,London Borough of Tower Hamlets
1260,369.7170676638679,Entire home/apt,False,False,2.0,False,0,1,10.0,89.0,0,3.935020320745124,0.3645587247752559,483.4282550546191,33.60498274047667,792.4086552797338,14.182734207128908,-0.071,51.511,London Borough of Tower Hamlets
1492,353.25383946000613,Entire home/apt,False,False,2.0,False,0,1,8.0,77.0,0,4.185028030857168,0.4345001106575242,352.03010980401007,24.47098538490532,724.2024835255357,12.961962577704842,-0.181,51.49100000000001,Royal Borough of Kensington and Chelsea
5091,360.7798866389144,Entire home/apt,False,False,2.0,False,0,1,10.0,90.0,0,3.9350278690773792,0.3645666968444838,483.4250080199261,33.60475702643602,792.4087447369003,14.182735808256316,-0.071,51.511,London Borough of Tower Hamlets
1485,353.25383946000613,Entire home/apt,False,False,2.0,False,0,1,7.0,76.0,0,4.185011548057564,0.4344912137629979,352.03354320688,24.471224054124544,724.2089887671192,12.962079010194213,-0.181,51.49100000000001,Royal Borough of Kensington and Chelsea
1373,369.7170676638679,Entire home/apt,False,False,2.0,False,0,1,10.0,90.0,0,3.9350155248705208,0.3645515333883088,483.4326097700945,33.60528545372701,792.405223092987,14.182672776966507,-0.071,51.511,London Borough of Tower Hamlets
744,245.0669112632,Entire home/apt,False,False,2.0,True,0,1,10.0,95.0,0,3.840192483965099,0.49256287132694,322.8905896032651,22.4453837301134,920.880830850882,16.48216229514489,-0.08,51.526,London Borough of Hackney
1490,353.25383946000613,Entire home/apt,False,False,2.0,False,0,1,10.0,90.0,0,4.185001270627941,0.4344823977907617,352.03593693119853,24.47139045123429,724.2133939041784,12.962157854471895,-0.181,51.49100000000001,Royal Borough of Kensington and Chelsea
1575,333.73315458971285,Entire home/apt,False,False,2.0,False,0,1,9.0,100.0,0,3.9350143045386576,0.3645493176496757,483.43413381094297,33.60539139574812,792.4037374677036,14.182646186862549,-0.071,51.511,London Borough of Tower Hamlets
1373,369.7170676638679,Entire home/apt,False,False,2.0,False,0,1,10.0,90.0,0,3.9350155248705208,0.3645515333883088,483.4326097700945,33.60528545372701,792.405223092987,14.182672776966507,-0.071,51.511,London Borough of Tower Hamlets
1412,369.7170676638679,Entire home/apt,False,False,2.0,False,0,1,9.0,90.0,0,3.935020189475922,0.3645609101042149,483.4258071422481,33.60481257654414,792.4123437427209,14.182800224189462,-0.071,51.511,London Borough of Tower Hamlets
1259,359.60394176721,Entire home/apt,False,False,2.0,False,0,1,9.0,92.0,0,3.935028452493092,0.364567577230854,483.4244723244489,33.60471978815489,792.4091712378088,14.182743441879426,-0.071,51.511,London Borough of Tower Hamlets
4684,532.7030268820997,Entire home/apt,False,False,4.0,False,0,1,2.0,20.0,1,3.838302776178675,0.1669155937969142,272.9071862737662,18.97084249543046,513.9675671693449,9.19912389608388,-0.122,51.474,London Borough of Lambeth
71,268.1154307486065,Private room,False,True,2.0,False,0,1,9.0,86.0,1,9.523278900165163,0.2875335711338572,117.4176121112398,8.16215599144156,299.0830245814968,5.353065006598316,-0.165,51.426,London Borough of Wandsworth
1293,378.8894376631624,Entire home/apt,False,False,2.0,False,0,1,7.0,80.0,0,4.185013803660901,0.4344800749297678,352.034029099943,24.47125783044569,724.2094161973369,12.962086660450336,-0.181,51.49100000000001,Royal Borough of Kensington and Chelsea
494,293.9862179261036,Private room,False,True,2.0,False,0,1,9.0,80.0,1,9.504498914219624,0.341377448339851,117.62553999482677,8.176609869273783,286.4742902723464,5.127390632393181,-0.1639999999999999,51.426,London Borough of Wandsworth
5091,360.7798866389144,Entire home/apt,False,False,2.0,False,0,1,10.0,90.0,0,3.9350278690773792,0.3645666968444838,483.4250080199261,33.60475702643602,792.4087447369003,14.182735808256316,-0.071,51.511,London Borough of Tower Hamlets
1317,344.0814694607117,Entire home/apt,False,False,2.0,False,0,1,9.0,91.0,0,3.93502673784039,0.3645650511862616,483.42598057278855,33.60482463237716,792.4080153033627,14.182722752666985,-0.071,51.511,London Borough of Tower Hamlets
1490,353.25383946000613,Entire home/apt,False,False,2.0,False,0,1,10.0,90.0,0,4.185001270627941,0.4344823977907617,352.03593693119853,24.47139045123429,724.2133939041784,12.962157854471895,-0.181,51.49100000000001,Royal Borough of Kensington and Chelsea
1484,353.25383946000613,Entire home/apt,False,False,2.0,False,0,1,8.0,80.0,0,4.185002016230517,0.4344890877699983,352.0352952611351,24.47134584624652,724.2124296814144,12.962140596564517,-0.181,51.49100000000001,Royal Borough of Kensington and Chelsea
5091,360.7798866389144,Entire home/apt,False,False,2.0,False,0,1,10.0,90.0,0,3.9350278690773792,0.3645666968444838,483.4250080199261,33.60475702643602,792.4087447369003,14.182735808256316,-0.071,51.511,London Borough of Tower Hamlets
4842,532.7030268820997,Entire home/apt,False,False,6.0,False,0,1,7.0,80.0,2,3.8383181203708334,0.1669015016293132,272.9062176781655,18.97077516457401,513.9661347236353,9.199098257801625,-0.122,51.474,London Borough of Lambeth
1483,353.25383946000613,Entire home/apt,False,False,2.0,False,0,1,9.0,70.0,0,4.1850164660276645,0.4344985934045747,352.03215328765305,24.471127435420232,724.2065434749488,12.96203524372513,-0.181,51.49100000000001,Royal Borough of Kensington and Chelsea
4688,584.444601237094,Entire home/apt,False,False,5.0,False,0,1,8.0,60.0,2,3.838332792083083,0.1668864259907863,272.90527667655573,18.97070975188345,513.9649636226302,9.199077297134204,-0.122,51.474,London Borough of Lambeth
1259,359.60394176721,Entire home/apt,False,False,2.0,False,0,1,9.0,92.0,0,3.935028452493092,0.364567577230854,483.4244723244489,33.60471978815489,792.4091712378088,14.182743441879426,-0.071,51.511,London Borough of Tower Hamlets
1487,353.25383946000613,Entire home/apt,False,False,2.0,False,0,1,10.0,60.0,0,4.185001714432458,0.4344939213775508,352.0349716407835,24.471323350134185,724.2120163937046,12.96213319943464,-0.181,51.49100000000001,Royal Borough of Kensington and Chelsea
433,714.0337260989205,Entire home/apt,False,False,2.0,False,0,1,9.0,100.0,1,1.426608494030278,0.1423163865398678,590.5457671330145,41.05113862185058,1527.5297517587069,27.34012093170207,-0.136,51.52,London Borough of Camden
1317,344.0814694607117,Entire home/apt,False,False,2.0,False,0,1,9.0,91.0,0,3.93502673784039,0.3645650511862616,483.42598057278855,33.60482463237716,792.4080153033627,14.182722752666985,-0.071,51.511,London Borough of Tower Hamlets
4965,360.7798866389144,Entire home/apt,False,False,2.0,False,0,1,9.0,96.0,0,3.9350243383162367,0.3645632420560812,483.4262313522276,33.604842065033665,792.4091382310105,14.182742851115249,-0.071,51.511,London Borough of Tower Hamlets
70,268.1154307486065,Private room,False,True,2.0,False,0,1,8.0,83.0,1,9.523278643586218,0.2875333512821565,117.4176152834318,8.162156211952995,299.08286977124584,5.353062235764571,-0.165,51.426,London Borough of Wandsworth
1492,353.25383946000613,Entire home/apt,False,False,2.0,False,0,1,8.0,77.0,0,4.185028030857168,0.4345001106575242,352.03010980401007,24.47098538490532,724.2024835255357,12.961962577704842,-0.181,51.49100000000001,Royal Borough of Kensington and Chelsea
1260,369.7170676638679,Entire home/apt,False,False,2.0,False,0,1,10.0,89.0,0,3.935020320745124,0.3645587247752559,483.4282550546191,33.60498274047667,792.4086552797338,14.182734207128908,-0.071,51.511,London Borough of Tower Hamlets
1485,353.25383946000613,Entire home/apt,False,False,2.0,False,0,1,7.0,76.0,0,4.185011548057564,0.4344912137629979,352.03354320688,24.471224054124544,724.2089887671192,12.962079010194213,-0.181,51.49100000000001,Royal Borough of Kensington and Chelsea
1483,353.25383946000613,Entire home/apt,False,False,2.0,False,0,1,9.0,70.0,0,4.1850164660276645,0.4344985934045747,352.03215328765305,24.471127435420232,724.2065434749488,12.96203524372513,-0.181,51.49100000000001,Royal Borough of Kensington and Chelsea
5091,360.7798866389144,Entire home/apt,False,False,2.0,False,0,1,10.0,90.0,0,3.9350278690773792,0.3645666968444838,483.4250080199261,33.60475702643602,792.4087447369003,14.182735808256316,-0.071,51.511,London Borough of Tower Hamlets
4960,345.2574143324161,Entire home/apt,False,False,2.0,False,0,1,10.0,94.0,0,3.935032848381165,0.3645703948946772,483.42454812446687,33.60472505730966,792.4063252083831,14.182692502911737,-0.071,51.511,London Borough of Tower Hamlets
1490,353.25383946000613,Entire home/apt,False,False,2.0,False,0,1,10.0,90.0,0,4.185001270627941,0.4344823977907617,352.03593693119853,24.47139045123429,724.2133939041784,12.962157854471895,-0.181,51.49100000000001,Royal Borough of Kensington and Chelsea
1467,359.60394176721,Entire home/apt,False,False,2.0,False,0,1,10.0,93.0,0,3.9350219760378087,0.3645613550026373,483.4265924890182,33.60486716905994,792.410075352398,14.18275962395521,-0.071,51.511,London Borough of Tower Hamlets
3709,298.6899974129213,Private room,False,True,2.0,False,1,0,8.0,85.0,1,4.863257708083965,0.620365402947451,245.5164788435509,17.06680763437785,539.3533572197036,9.653485304838451,-0.19175,51.52576,City of Westminster
1373,369.7170676638679,Entire home/apt,False,False,2.0,False,0,1,10.0,90.0,0,3.9350155248705208,0.3645515333883088,483.4326097700945,33.60528545372701,792.405223092987,14.182672776966507,-0.071,51.511,London Borough of Tower Hamlets
1486,353.25383946000613,Entire home/apt,False,False,2.0,False,0,1,8.0,100.0,0,4.18503097466839,0.4344959094430688,352.02994446355126,24.47097389144541,724.2019404164317,12.961952856998211,-0.181,51.49100000000001,Royal Borough of Kensington and Chelsea
1293,378.8894376631624,Entire home/apt,False,False,2.0,False,0,1,7.0,80.0,0,4.185013803660901,0.4344800749297678,352.034029099943,24.47125783044569,724.2094161973369,12.962086660450336,-0.181,51.49100000000001,Royal Borough of Kensington and Chelsea
1412,369.7170676638679,Entire home/apt,False,False,2.0,False,0,1,9.0,90.0,0,3.935020189475922,0.3645609101042149,483.4258071422481,33.60481257654414,792.4123437427209,14.182800224189462,-0.071,51.511,London Borough of Tower Hamlets
62,293.75102895176275,Private room,False,True,2.0,False,0,1,8.0,82.0,1,9.504498818718714,0.3414107900049699,117.6255301675482,8.176609186141336,286.469061605313,5.127297048363907,-0.1639999999999999,51.426,London Borough of Wandsworth
195,409.699193301818,Private room,False,True,2.0,False,0,1,8.0,76.0,1,1.4265923947247965,0.1423245717589549,590.5494409384186,41.051394002387205,1527.5355203023912,27.34022417858269,-0.136,51.52,London Borough of Camden
199,376.3023589454127,Private room,False,True,2.0,False,0,1,9.0,84.0,1,1.4266116766837378,0.1423209166241567,590.5442015370076,41.05102979116838,1527.5349223559454,27.3402134763832,-0.136,51.52,London Borough of Camden
1412,369.7170676638679,Entire home/apt,False,False,2.0,False,0,1,9.0,90.0,0,3.935020189475922,0.3645609101042149,483.4258071422481,33.60481257654414,792.4123437427209,14.182800224189462,-0.071,51.511,London Borough of Tower Hamlets
1260,369.7170676638679,Entire home/apt,False,False,2.0,False,0,1,10.0,89.0,0,3.935020320745124,0.3645587247752559,483.4282550546191,33.60498274047667,792.4086552797338,14.182734207128908,-0.071,51.511,London Borough of Tower Hamlets
194,440.7441379148145,Private room,False,True,2.0,False,0,1,8.0,80.0,1,1.426611953447417,0.1423164194981613,590.544733118047,41.051066743438895,1527.5303518588885,27.340131672449687,-0.136,51.52,London Borough of Camden
1488,353.25383946000613,Entire home/apt,False,False,2.0,False,0,1,9.0,80.0,0,4.185010724886019,0.4345029901196403,352.0327694127409,24.471170264677163,724.2080102864783,12.96206149709568,-0.181,51.49100000000001,Royal Borough of Kensington and Chelsea
1486,353.25383946000613,Entire home/apt,False,False,2.0,False,0,1,8.0,100.0,0,4.18503097466839,0.4344959094430688,352.02994446355126,24.47097389144541,724.2019404164317,12.961952856998211,-0.181,51.49100000000001,Royal Borough of Kensington and Chelsea
3932,219.90169100872552,Private room,False,True,2.0,True,1,0,10.0,93.0,1,3.092015587470484,0.3380875071728294,380.9859296163022,26.483817309507018,855.8834241634339,15.31882196934379,-0.17054,51.51549,City of Westminster
1412,369.7170676638679,Entire home/apt,False,False,2.0,False,0,1,9.0,90.0,0,3.935020189475922,0.3645609101042149,483.4258071422481,33.60481257654414,792.4123437427209,14.182800224189462,-0.071,51.511,London Borough of Tower Hamlets
1493,353.25383946000613,Entire home/apt,False,False,2.0,False,0,1,9.0,90.0,0,4.184992949369395,0.4344902230901254,352.03671763804573,24.471444721210965,724.2153675012788,12.962193178421124,-0.181,51.49100000000001,Royal Borough of Kensington and Chelsea
1570,231.89632870011053,Private room,False,True,2.0,False,1,0,9.0,87.0,1,1.461614365618034,0.0911002024631085,622.0363569967828,43.24017229498539,1359.3503401926737,24.33000250674575,-0.13315,51.52098,London Borough of Camden
1317,344.0814694607117,Entire home/apt,False,False,2.0,False,0,1,9.0,91.0,0,3.93502673784039,0.3645650511862616,483.42598057278855,33.60482463237716,792.4080153033627,14.182722752666985,-0.071,51.511,London Borough of Tower Hamlets
5091,360.7798866389144,Entire home/apt,False,False,2.0,False,0,1,10.0,90.0,0,3.9350278690773792,0.3645666968444838,483.4250080199261,33.60475702643602,792.4087447369003,14.182735808256316,-0.071,51.511,London Borough of Tower Hamlets
1490,353.25383946000613,Entire home/apt,False,False,2.0,False,0,1,10.0,90.0,0,4.185001270627941,0.4344823977907617,352.03593693119853,24.47139045123429,724.2133939041784,12.962157854471895,-0.181,51.49100000000001,Royal Borough of Kensington and Chelsea
1317,344.0814694607117,Entire home/apt,False,False,2.0,False,0,1,9.0,91.0,0,3.93502673784039,0.3645650511862616,483.42598057278855,33.60482463237716,792.4080153033627,14.182722752666985,-0.071,51.511,London Borough of Tower Hamlets
1260,369.7170676638679,Entire home/apt,False,False,2.0,False,0,1,10.0,89.0,0,3.935020320745124,0.3645587247752559,483.4282550546191,33.60498274047667,792.4086552797338,14.182734207128908,-0.071,51.511,London Borough of Tower Hamlets
70,268.1154307486065,Private room,False,True,2.0,False,0,1,8.0,83.0,1,9.523278643586218,0.2875333512821565,117.4176152834318,8.162156211952995,299.08286977124584,5.353062235764571,-0.165,51.426,London Borough of Wandsworth
1389,359.60394176721,Entire home/apt,False,False,2.0,False,0,1,10.0,95.0,0,3.93500771200998,0.3645473153605198,483.43162375157385,33.60521691173546,792.4115335119782,14.182785722470944,-0.071,51.511,London Borough of Tower Hamlets
4630,126.76685716973589,Private room,False,True,2.0,False,1,0,8.0,74.0,1,5.83930380044828,0.3498104214798457,224.22624469305805,15.586840454786358,459.9155277713506,8.23168657314804,-0.04513,51.5189,London Borough of Tower Hamlets
494,293.9862179261036,Private room,False,True,2.0,False,0,1,9.0,80.0,1,9.504498914219624,0.341377448339851,117.62553999482677,8.176609869273783,286.4742902723464,5.127390632393181,-0.1639999999999999,51.426,London Borough of Wandsworth
4960,345.2574143324161,Entire home/apt,False,False,2.0,False,0,1,10.0,94.0,0,3.935032848381165,0.3645703948946772,483.42454812446687,33.60472505730966,792.4063252083831,14.182692502911737,-0.071,51.511,London Borough of Tower Hamlets
1389,359.60394176721,Entire home/apt,False,False,2.0,False,0,1,10.0,95.0,0,3.93500771200998,0.3645473153605198,483.43162375157385,33.60521691173546,792.4115335119782,14.182785722470944,-0.071,51.511,London Borough of Tower Hamlets
199,376.3023589454127,Private room,False,True,2.0,False,0,1,9.0,84.0,1,1.4266116766837378,0.1423209166241567,590.5442015370076,41.05102979116838,1527.5349223559454,27.3402134763832,-0.136,51.52,London Borough of Camden
4876,371.1282015099132,Entire home/apt,False,False,2.0,False,0,1,10.0,95.0,0,3.935028437038272,0.3645674139495256,483.4246373406673,33.60473125907558,792.4089376830748,14.182739261656645,-0.071,51.511,London Borough of Tower Hamlets
1488,353.25383946000613,Entire home/apt,False,False,2.0,False,0,1,9.0,80.0,0,4.185010724886019,0.4345029901196403,352.0327694127409,24.471170264677163,724.2080102864783,12.96206149709568,-0.181,51.49100000000001,Royal Borough of Kensington and Chelsea
5091,360.7798866389144,Entire home/apt,False,False,2.0,False,0,1,10.0,90.0,0,3.9350278690773792,0.3645666968444838,483.4250080199261,33.60475702643602,792.4087447369003,14.182735808256316,-0.071,51.511,London Borough of Tower Hamlets
4842,532.7030268820997,Entire home/apt,False,False,6.0,False,0,1,7.0,80.0,2,3.8383181203708334,0.1669015016293132,272.9062176781655,18.97077516457401,513.9661347236353,9.199098257801625,-0.122,51.474,London Borough of Lambeth
1292,378.8894376631624,Entire home/apt,False,False,2.0,False,0,1,10.0,87.0,0,4.18499620484728,0.4344780546206165,352.03711666160075,24.47147245889393,724.2155649197266,12.96219671186735,-0.181,51.49100000000001,Royal Borough of Kensington and Chelsea
1317,344.0814694607117,Entire home/apt,False,False,2.0,False,0,1,9.0,91.0,0,3.93502673784039,0.3645650511862616,483.42598057278855,33.60482463237716,792.4080153033627,14.182722752666985,-0.071,51.511,London Borough of Tower Hamlets
1317,344.0814694607117,Entire home/apt,False,False,2.0,False,0,1,9.0,91.0,0,3.93502673784039,0.3645650511862616,483.42598057278855,33.60482463237716,792.4080153033627,14.182722752666985,-0.071,51.511,London Borough of Tower Hamlets
1317,344.0814694607117,Entire home/apt,False,False,2.0,False,0,1,9.0,91.0,0,3.93502673784039,0.3645650511862616,483.42598057278855,33.60482463237716,792.4080153033627,14.182722752666985,-0.071,51.511,London Borough of Tower Hamlets
1493,353.25383946000613,Entire home/apt,False,False,2.0,False,0,1,9.0,90.0,0,4.184992949369395,0.4344902230901254,352.03671763804573,24.471444721210965,724.2153675012788,12.962193178421124,-0.181,51.49100000000001,Royal Borough of Kensington and Chelsea
1493,353.25383946000613,Entire home/apt,False,False,2.0,False,0,1,9.0,90.0,0,4.184992949369395,0.4344902230901254,352.03671763804573,24.471444721210965,724.2153675012788,12.962193178421124,-0.181,51.49100000000001,Royal Borough of Kensington and Chelsea
4876,371.1282015099132,Entire home/apt,False,False,2.0,False,0,1,10.0,95.0,0,3.935028437038272,0.3645674139495256,483.4246373406673,33.60473125907558,792.4089376830748,14.182739261656645,-0.071,51.511,London Borough of Tower Hamlets
2517,276.8174227992192,Private room,False,True,2.0,True,0,0,10.0,98.0,1,2.92392070701848,0.513852251869269,535.0789492243659,37.19542386169718,900.974520932594,16.125874033103955,-0.16689,51.49902,City of Westminster
1490,353.25383946000613,Entire home/apt,False,False,2.0,False,0,1,10.0,90.0,0,4.185001270627941,0.4344823977907617,352.03593693119853,24.47139045123429,724.2133939041784,12.962157854471895,-0.181,51.49100000000001,Royal Borough of Kensington and Chelsea
1259,359.60394176721,Entire home/apt,False,False,2.0,False,0,1,9.0,92.0,0,3.935028452493092,0.364567577230854,483.4244723244489,33.60471978815489,792.4091712378088,14.182743441879426,-0.071,51.511,London Borough of Tower Hamlets
1486,353.25383946000613,Entire home/apt,False,False,2.0,False,0,1,8.0,100.0,0,4.18503097466839,0.4344959094430688,352.02994446355126,24.47097389144541,724.2019404164317,12.961952856998211,-0.181,51.49100000000001,Royal Borough of Kensington and Chelsea
1389,359.60394176721,Entire home/apt,False,False,2.0,False,0,1,10.0,95.0,0,3.93500771200998,0.3645473153605198,483.43162375157385,33.60521691173546,792.4115335119782,14.182785722470944,-0.071,51.511,London Borough of Tower Hamlets
1575,333.73315458971285,Entire home/apt,False,False,2.0,False,0,1,9.0,100.0,0,3.9350143045386576,0.3645493176496757,483.43413381094297,33.60539139574812,792.4037374677036,14.182646186862549,-0.071,51.511,London Borough of Tower Hamlets
1373,369.7170676638679,Entire home/apt,False,False,2.0,False,0,1,10.0,90.0,0,3.9350155248705208,0.3645515333883088,483.4326097700945,33.60528545372701,792.405223092987,14.182672776966507,-0.071,51.511,London Borough of Tower Hamlets
1389,359.60394176721,Entire home/apt,False,False,2.0,False,0,1,10.0,95.0,0,3.93500771200998,0.3645473153605198,483.43162375157385,33.60521691173546,792.4115335119782,14.182785722470944,-0.071,51.511,London Borough of Tower Hamlets
194,440.7441379148145,Private room,False,True,2.0,False,0,1,8.0,80.0,1,1.426611953447417,0.1423164194981613,590.544733118047,41.051066743438895,1527.5303518588885,27.340131672449687,-0.136,51.52,London Borough of Camden
1484,353.25383946000613,Entire home/apt,False,False,2.0,False,0,1,8.0,80.0,0,4.185002016230517,0.4344890877699983,352.0352952611351,24.47134584624652,724.2124296814144,12.962140596564517,-0.181,51.49100000000001,Royal Borough of Kensington and Chelsea
62,293.75102895176275,Private room,False,True,2.0,False,0,1,8.0,82.0,1,9.504498818718714,0.3414107900049699,117.6255301675482,8.176609186141336,286.469061605313,5.127297048363907,-0.1639999999999999,51.426,London Borough of Wandsworth
1484,353.25383946000613,Entire home/apt,False,False,2.0,False,0,1,8.0,80.0,0,4.185002016230517,0.4344890877699983,352.0352952611351,24.47134584624652,724.2124296814144,12.962140596564517,-0.181,51.49100000000001,Royal Borough of Kensington and Chelsea
66,293.75102895176275,Private room,False,True,2.0,False,0,1,8.0,82.0,1,9.504517474645644,0.3413844063555099,117.62531318838433,8.176594103073722,286.4774843970736,5.127447801660236,-0.1639999999999999,51.426,London Borough of Wandsworth
1292,378.8894376631624,Entire home/apt,False,False,2.0,False,0,1,10.0,87.0,0,4.18499620484728,0.4344780546206165,352.03711666160075,24.47147245889393,724.2155649197266,12.96219671186735,-0.181,51.49100000000001,Royal Borough of Kensington and Chelsea
65,293.75102895176275,Private room,False,True,2.0,False,0,1,8.0,80.0,1,9.50451248267244,0.3414050430232744,117.62536677572383,8.176597828138613,286.4731091772396,5.127369492848753,-0.1639999999999999,51.426,London Borough of Wandsworth
4965,360.7798866389144,Entire home/apt,False,False,2.0,False,0,1,9.0,96.0,0,3.9350243383162367,0.3645632420560812,483.4262313522276,33.604842065033665,792.4091382310105,14.182742851115249,-0.071,51.511,London Borough of Tower Hamlets
1260,369.7170676638679,Entire home/apt,False,False,2.0,False,0,1,10.0,89.0,0,3.935020320745124,0.3645587247752559,483.4282550546191,33.60498274047667,792.4086552797338,14.182734207128908,-0.071,51.511,London Borough of Tower Hamlets
4876,371.1282015099132,Entire home/apt,False,False,2.0,False,0,1,10.0,95.0,0,3.935028437038272,0.3645674139495256,483.4246373406673,33.60473125907558,792.4089376830748,14.182739261656645,-0.071,51.511,London Borough of Tower Hamlets
456,997.4364401796844,Entire home/apt,False,False,4.0,False,0,1,9.0,90.0,2,1.4265987691849185,0.1423096938987438,590.5495750942785,41.05140332808406,1527.5213064029413,27.33996977454937,-0.136,51.52,London Borough of Camden
1487,353.25383946000613,Entire home/apt,False,False,2.0,False,0,1,10.0,60.0,0,4.185001714432458,0.4344939213775508,352.0349716407835,24.471323350134185,724.2120163937046,12.96213319943464,-0.181,51.49100000000001,Royal Borough of Kensington and Chelsea
1412,369.7170676638679,Entire home/apt,False,False,2.0,False,0,1,9.0,90.0,0,3.935020189475922,0.3645609101042149,483.4258071422481,33.60481257654414,792.4123437427209,14.182800224189462,-0.071,51.511,London Borough of Tower Hamlets
402,251.4170135704038,Private room,False,True,2.0,True,0,1,10.0,95.0,1,4.297330886924019,1.6469567068029058,261.00036261382377,18.14315276194342,481.4037581751642,8.616288455482666,-0.0870799999999999,51.47909,London Borough of Southwark
198,376.3023589454127,Private room,False,True,2.0,False,0,1,9.0,84.0,1,1.4266091415297688,0.1423332007622191,590.5432789998072,41.05096566201091,1527.5471129295904,27.340431666410137,-0.136,51.52,London Borough of Camden
200,376.3023589454127,Private room,False,True,2.0,False,0,1,7.0,70.0,1,1.4265899294226507,0.1423408753715114,590.5479487609099,41.05129027531106,1527.5518228962294,27.340515966606155,-0.136,51.52,London Borough of Camden
200,376.3023589454127,Private room,False,True,2.0,False,0,1,7.0,70.0,1,1.4265899294226507,0.1423408753715114,590.5479487609099,41.05129027531106,1527.5518228962294,27.340515966606155,-0.136,51.52,London Borough of Camden
1412,369.7170676638679,Entire home/apt,False,False,2.0,False,0,1,9.0,90.0,0,3.935020189475922,0.3645609101042149,483.4258071422481,33.60481257654414,792.4123437427209,14.182800224189462,-0.071,51.511,London Borough of Tower Hamlets
194,440.7441379148145,Private room,False,True,2.0,False,0,1,8.0,80.0,1,1.426611953447417,0.1423164194981613,590.544733118047,41.051066743438895,1527.5303518588885,27.340131672449687,-0.136,51.52,London Borough of Camden
1412,369.7170676638679,Entire home/apt,False,False,2.0,False,0,1,9.0,90.0,0,3.935020189475922,0.3645609101042149,483.4258071422481,33.60481257654414,792.4123437427209,14.182800224189462,-0.071,51.511,London Borough of Tower Hamlets
1873,399.58606740516007,Entire home/apt,False,False,3.0,False,1,0,9.0,87.0,0,6.377493584113904,0.5229997433698858,181.18593278099925,12.594940573415018,407.38327946974925,7.29145086269698,-0.19997,51.54357,London Borough of Camden
1484,353.25383946000613,Entire home/apt,False,False,2.0,False,0,1,8.0,80.0,0,4.185002016230517,0.4344890877699983,352.0352952611351,24.47134584624652,724.2124296814144,12.962140596564517,-0.181,51.49100000000001,Royal Borough of Kensington and Chelsea
1484,353.25383946000613,Entire home/apt,False,False,2.0,False,0,1,8.0,80.0,0,4.185002016230517,0.4344890877699983,352.0352952611351,24.47134584624652,724.2124296814144,12.962140596564517,-0.181,51.49100000000001,Royal Borough of Kensington and Chelsea
494,293.9862179261036,Private room,False,True,2.0,False,0,1,9.0,80.0,1,9.504498914219624,0.341377448339851,117.62553999482677,8.176609869273783,286.4742902723464,5.127390632393181,-0.1639999999999999,51.426,London Borough of Wandsworth
1484,353.25383946000613,Entire home/apt,False,False,2.0,False,0,1,8.0,80.0,0,4.185002016230517,0.4344890877699983,352.0352952611351,24.47134584624652,724.2124296814144,12.962140596564517,-0.181,51.49100000000001,Royal Borough of Kensington and Chelsea
1373,369.7170676638679,Entire home/apt,False,False,2.0,False,0,1,10.0,90.0,0,3.9350155248705208,0.3645515333883088,483.4326097700945,33.60528545372701,792.405223092987,14.182672776966507,-0.071,51.511,London Borough of Tower Hamlets
484,268.1154307486065,Private room,False,True,2.0,False,0,1,7.0,76.0,1,9.5233097620805,0.2875510182420163,117.41723387925968,8.162129699062017,299.1005052747009,5.353377880547658,-0.165,51.426,London Borough of Wandsworth
1575,333.73315458971285,Entire home/apt,False,False,2.0,False,0,1,9.0,100.0,0,3.9350143045386576,0.3645493176496757,483.43413381094297,33.60539139574812,792.4037374677036,14.182646186862549,-0.071,51.511,London Borough of Tower Hamlets
4883,154.98953409064185,Private room,False,True,2.0,False,0,1,8.0,76.0,1,4.22130502248184,0.5070771362579041,395.13459592077714,27.46734626544056,708.8680028150471,12.687502092357883,-0.067,51.512,London Borough of Tower Hamlets
200,376.3023589454127,Private room,False,True,2.0,False,0,1,7.0,70.0,1,1.4265899294226507,0.1423408753715114,590.5479487609099,41.05129027531106,1527.5518228962294,27.340515966606155,-0.136,51.52,London Borough of Camden
4965,360.7798866389144,Entire home/apt,False,False,2.0,False,0,1,9.0,96.0,0,3.9350243383162367,0.3645632420560812,483.4262313522276,33.604842065033665,792.4091382310105,14.182742851115249,-0.071,51.511,London Borough of Tower Hamlets
4876,371.1282015099132,Entire home/apt,False,False,2.0,False,0,1,10.0,95.0,0,3.935028437038272,0.3645674139495256,483.4246373406673,33.60473125907558,792.4089376830748,14.182739261656645,-0.071,51.511,London Borough of Tower Hamlets
1292,378.8894376631624,Entire home/apt,False,False,2.0,False,0,1,10.0,87.0,0,4.18499620484728,0.4344780546206165,352.03711666160075,24.47147245889393,724.2155649197266,12.96219671186735,-0.181,51.49100000000001,Royal Borough of Kensington and Chelsea
60,293.75102895176275,Private room,False,True,2.0,False,0,1,8.0,76.0,1,9.50450633974499,0.3413801615197919,117.62544927878372,8.176603563247957,286.4755790091257,5.127413698535986,-0.1639999999999999,51.426,London Borough of Wandsworth
458,321.03294997530514,Private room,False,True,2.0,False,0,0,10.0,98.0,1,5.589292705446145,0.561430149607857,208.5829908929912,14.4994168951172,448.506722735827,8.02748884213933,-0.1597,51.55437,London Borough of Camden
263,563.2775935464146,Entire home/apt,False,False,2.0,True,0,1,10.0,96.0,1,3.974111399846936,0.1573774580309824,411.6228809667545,28.6135112415186,814.5478472588775,14.57898716740223,-0.071,51.514,London Borough of Tower Hamlets
1260,369.7170676638679,Entire home/apt,False,False,2.0,False,0,1,10.0,89.0,0,3.935020320745124,0.3645587247752559,483.4282550546191,33.60498274047667,792.4086552797338,14.182734207128908,-0.071,51.511,London Borough of Tower Hamlets
3103,174.745407935276,Private room,False,True,3.0,False,0,1,9.0,86.0,1,1.849488919603249,0.5769339349894113,542.8644249796303,37.73662263451715,805.8104412896578,14.422602824935046,-0.114,51.494,London Borough of Lambeth
1467,359.60394176721,Entire home/apt,False,False,2.0,False,0,1,10.0,93.0,0,3.9350219760378087,0.3645613550026373,483.4265924890182,33.60486716905994,792.410075352398,14.18275962395521,-0.071,51.511,London Borough of Tower Hamlets
4876,371.1282015099132,Entire home/apt,False,False,2.0,False,0,1,10.0,95.0,0,3.935028437038272,0.3645674139495256,483.4246373406673,33.60473125907558,792.4089376830748,14.182739261656645,-0.071,51.511,London Borough of Tower Hamlets
1486,353.25383946000613,Entire home/apt,False,False,2.0,False,0,1,8.0,100.0,0,4.18503097466839,0.4344959094430688,352.02994446355126,24.47097389144541,724.2019404164317,12.961952856998211,-0.181,51.49100000000001,Royal Borough of Kensington and Chelsea
1373,369.7170676638679,Entire home/apt,False,False,2.0,False,0,1,10.0,90.0,0,3.9350155248705208,0.3645515333883088,483.4326097700945,33.60528545372701,792.405223092987,14.182672776966507,-0.071,51.511,London Borough of Tower Hamlets
62,293.75102895176275,Private room,False,True,2.0,False,0,1,8.0,82.0,1,9.504498818718714,0.3414107900049699,117.6255301675482,8.176609186141336,286.469061605313,5.127297048363907,-0.1639999999999999,51.426,London Borough of Wandsworth
1490,353.25383946000613,Entire home/apt,False,False,2.0,False,0,1,10.0,90.0,0,4.185001270627941,0.4344823977907617,352.03593693119853,24.47139045123429,724.2133939041784,12.962157854471895,-0.181,51.49100000000001,Royal Borough of Kensington and Chelsea
1484,353.25383946000613,Entire home/apt,False,False,2.0,False,0,1,8.0,80.0,0,4.185002016230517,0.4344890877699983,352.0352952611351,24.47134584624652,724.2124296814144,12.962140596564517,-0.181,51.49100000000001,Royal Borough of Kensington and Chelsea
67,293.75102895176275,Private room,False,True,2.0,False,0,1,9.0,84.0,1,9.50451857010954,0.3413962403710837,117.62529603922582,8.176592910968855,286.47588826825665,5.127419233735566,-0.1639999999999999,51.426,London Borough of Wandsworth
1389,359.60394176721,Entire home/apt,False,False,2.0,False,0,1,10.0,95.0,0,3.93500771200998,0.3645473153605198,483.43162375157385,33.60521691173546,792.4115335119782,14.182785722470944,-0.071,51.511,London Borough of Tower Hamlets
1483,353.25383946000613,Entire home/apt,False,False,2.0,False,0,1,9.0,70.0,0,4.1850164660276645,0.4344985934045747,352.03215328765305,24.471127435420232,724.2065434749488,12.96203524372513,-0.181,51.49100000000001,Royal Borough of Kensington and Chelsea
1373,369.7170676638679,Entire home/apt,False,False,2.0,False,0,1,10.0,90.0,0,3.9350155248705208,0.3645515333883088,483.4326097700945,33.60528545372701,792.405223092987,14.182672776966507,-0.071,51.511,London Borough of Tower Hamlets
1412,369.7170676638679,Entire home/apt,False,False,2.0,False,0,1,9.0,90.0,0,3.935020189475922,0.3645609101042149,483.4258071422481,33.60481257654414,792.4123437427209,14.182800224189462,-0.071,51.511,London Borough of Tower Hamlets
3757,245.77247818622263,Entire home/apt,False,False,2.0,True,0,1,9.0,94.0,0,3.840179944568976,0.492551596833637,322.8914982893202,22.445446896423768,920.87721251265,16.482097533195265,-0.08,51.526,London Borough of Hackney
1488,353.25383946000613,Entire home/apt,False,False,2.0,False,0,1,9.0,80.0,0,4.185010724886019,0.4345029901196403,352.0327694127409,24.471170264677163,724.2080102864783,12.96206149709568,-0.181,51.49100000000001,Royal Borough of Kensington and Chelsea
433,714.0337260989205,Entire home/apt,False,False,2.0,False,0,1,9.0,100.0,1,1.426608494030278,0.1423163865398678,590.5457671330145,41.05113862185058,1527.5297517587069,27.34012093170207,-0.136,51.52,London Borough of Camden
456,997.4364401796844,Entire home/apt,False,False,4.0,False,0,1,9.0,90.0,2,1.4265987691849185,0.1423096938987438,590.5495750942785,41.05140332808406,1527.5213064029413,27.33996977454937,-0.136,51.52,London Borough of Camden
1467,359.60394176721,Entire home/apt,False,False,2.0,False,0,1,10.0,93.0,0,3.9350219760378087,0.3645613550026373,483.4265924890182,33.60486716905994,792.410075352398,14.18275962395521,-0.071,51.511,London Borough of Tower Hamlets
1293,378.8894376631624,Entire home/apt,False,False,2.0,False,0,1,7.0,80.0,0,4.185013803660901,0.4344800749297678,352.034029099943,24.47125783044569,724.2094161973369,12.962086660450336,-0.181,51.49100000000001,Royal Borough of Kensington and Chelsea
1492,353.25383946000613,Entire home/apt,False,False,2.0,False,0,1,8.0,77.0,0,4.185028030857168,0.4345001106575242,352.03010980401007,24.47098538490532,724.2024835255357,12.961962577704842,-0.181,51.49100000000001,Royal Borough of Kensington and Chelsea
1467,359.60394176721,Entire home/apt,False,False,2.0,False,0,1,10.0,93.0,0,3.9350219760378087,0.3645613550026373,483.4265924890182,33.60486716905994,792.410075352398,14.18275962395521,-0.071,51.511,London Borough of Tower Hamlets
1293,378.8894376631624,Entire home/apt,False,False,2.0,False,0,1,7.0,80.0,0,4.185013803660901,0.4344800749297678,352.034029099943,24.47125783044569,724.2094161973369,12.962086660450336,-0.181,51.49100000000001,Royal Borough of Kensington and Chelsea
5091,360.7798866389144,Entire home/apt,False,False,2.0,False,0,1,10.0,90.0,0,3.9350278690773792,0.3645666968444838,483.4250080199261,33.60475702643602,792.4087447369003,14.182735808256316,-0.071,51.511,London Borough of Tower Hamlets
1260,369.7170676638679,Entire home/apt,False,False,2.0,False,0,1,10.0,89.0,0,3.935020320745124,0.3645587247752559,483.4282550546191,33.60498274047667,792.4086552797338,14.182734207128908,-0.071,51.511,London Borough of Tower Hamlets
1260,369.7170676638679,Entire home/apt,False,False,2.0,False,0,1,10.0,89.0,0,3.935020320745124,0.3645587247752559,483.4282550546191,33.60498274047667,792.4086552797338,14.182734207128908,-0.071,51.511,London Borough of Tower Hamlets
4960,345.2574143324161,Entire home/apt,False,False,2.0,False,0,1,10.0,94.0,0,3.935032848381165,0.3645703948946772,483.42454812446687,33.60472505730966,792.4063252083831,14.182692502911737,-0.071,51.511,London Borough of Tower Hamlets
4965,360.7798866389144,Entire home/apt,False,False,2.0,False,0,1,9.0,96.0,0,3.9350243383162367,0.3645632420560812,483.4262313522276,33.604842065033665,792.4091382310105,14.182742851115249,-0.071,51.511,London Borough of Tower Hamlets
1483,353.25383946000613,Entire home/apt,False,False,2.0,False,0,1,9.0,70.0,0,4.1850164660276645,0.4344985934045747,352.03215328765305,24.471127435420232,724.2065434749488,12.96203524372513,-0.181,51.49100000000001,Royal Borough of Kensington and Chelsea
4685,532.7030268820997,Entire home/apt,False,False,2.0,False,0,1,10.0,100.0,1,3.838316593449824,0.1669039612594322,272.9063238742292,18.97078254667643,513.9661462267178,9.199098463686758,-0.122,51.474,London Borough of Lambeth
1488,353.25383946000613,Entire home/apt,False,False,2.0,False,0,1,9.0,80.0,0,4.185010724886019,0.4345029901196403,352.0327694127409,24.471170264677163,724.2080102864783,12.96206149709568,-0.181,51.49100000000001,Royal Borough of Kensington and Chelsea
4876,371.1282015099132,Entire home/apt,False,False,2.0,False,0,1,10.0,95.0,0,3.935028437038272,0.3645674139495256,483.4246373406673,33.60473125907558,792.4089376830748,14.182739261656645,-0.071,51.511,London Borough of Tower Hamlets
1467,359.60394176721,Entire home/apt,False,False,2.0,False,0,1,10.0,93.0,0,3.9350219760378087,0.3645613550026373,483.4265924890182,33.60486716905994,792.410075352398,14.18275962395521,-0.071,51.511,London Borough of Tower Hamlets
1373,369.7170676638679,Entire home/apt,False,False,2.0,False,0,1,10.0,90.0,0,3.9350155248705208,0.3645515333883088,483.4326097700945,33.60528545372701,792.405223092987,14.182672776966507,-0.071,51.511,London Borough of Tower Hamlets
65,293.75102895176275,Private room,False,True,2.0,False,0,1,8.0,80.0,1,9.50451248267244,0.3414050430232744,117.62536677572383,8.176597828138613,286.4731091772396,5.127369492848753,-0.1639999999999999,51.426,London Borough of Wandsworth
1389,359.60394176721,Entire home/apt,False,False,2.0,False,0,1,10.0,95.0,0,3.93500771200998,0.3645473153605198,483.43162375157385,33.60521691173546,792.4115335119782,14.182785722470944,-0.071,51.511,London Borough of Tower Hamlets
1373,369.7170676638679,Entire home/apt,False,False,2.0,False,0,1,10.0,90.0,0,3.9350155248705208,0.3645515333883088,483.4326097700945,33.60528545372701,792.405223092987,14.182672776966507,-0.071,51.511,London Borough of Tower Hamlets
720,105.8350384533973,Private room,False,True,2.0,False,0,0,9.0,88.0,1,16.59536320479732,5.779247493730553,72.07085408058647,5.009926048273457,146.9641414255805,2.6304020557197205,0.10895,51.48689,Royal Borough of Greenwich
1412,369.7170676638679,Entire home/apt,False,False,2.0,False,0,1,9.0,90.0,0,3.935020189475922,0.3645609101042149,483.4258071422481,33.60481257654414,792.4123437427209,14.182800224189462,-0.071,51.511,London Borough of Tower Hamlets
1412,369.7170676638679,Entire home/apt,False,False,2.0,False,0,1,9.0,90.0,0,3.935020189475922,0.3645609101042149,483.4258071422481,33.60481257654414,792.4123437427209,14.182800224189462,-0.071,51.511,London Borough of Tower Hamlets
1373,369.7170676638679,Entire home/apt,False,False,2.0,False,0,1,10.0,90.0,0,3.9350155248705208,0.3645515333883088,483.4326097700945,33.60528545372701,792.405223092987,14.182672776966507,-0.071,51.511,London Borough of Tower Hamlets
1493,353.25383946000613,Entire home/apt,False,False,2.0,False,0,1,9.0,90.0,0,4.184992949369395,0.4344902230901254,352.03671763804573,24.471444721210965,724.2153675012788,12.962193178421124,-0.181,51.49100000000001,Royal Borough of Kensington and Chelsea
4965,360.7798866389144,Entire home/apt,False,False,2.0,False,0,1,9.0,96.0,0,3.9350243383162367,0.3645632420560812,483.4262313522276,33.604842065033665,792.4091382310105,14.182742851115249,-0.071,51.511,London Borough of Tower Hamlets
1575,333.73315458971285,Entire home/apt,False,False,2.0,False,0,1,9.0,100.0,0,3.9350143045386576,0.3645493176496757,483.43413381094297,33.60539139574812,792.4037374677036,14.182646186862549,-0.071,51.511,London Borough of Tower Hamlets
1467,359.60394176721,Entire home/apt,False,False,2.0,False,0,1,10.0,93.0,0,3.9350219760378087,0.3645613550026373,483.4265924890182,33.60486716905994,792.410075352398,14.18275962395521,-0.071,51.511,London Borough of Tower Hamlets
1487,353.25383946000613,Entire home/apt,False,False,2.0,False,0,1,10.0,60.0,0,4.185001714432458,0.4344939213775508,352.0349716407835,24.471323350134185,724.2120163937046,12.96213319943464,-0.181,51.49100000000001,Royal Borough of Kensington and Chelsea
1389,359.60394176721,Entire home/apt,False,False,2.0,False,0,1,10.0,95.0,0,3.93500771200998,0.3645473153605198,483.43162375157385,33.60521691173546,792.4115335119782,14.182785722470944,-0.071,51.511,London Borough of Tower Hamlets
4876,371.1282015099132,Entire home/apt,False,False,2.0,False,0,1,10.0,95.0,0,3.935028437038272,0.3645674139495256,483.4246373406673,33.60473125907558,792.4089376830748,14.182739261656645,-0.071,51.511,London Borough of Tower Hamlets
1485,353.25383946000613,Entire home/apt,False,False,2.0,False,0,1,7.0,76.0,0,4.185011548057564,0.4344912137629979,352.03354320688,24.471224054124544,724.2089887671192,12.962079010194213,-0.181,51.49100000000001,Royal Borough of Kensington and Chelsea
4965,360.7798866389144,Entire home/apt,False,False,2.0,False,0,1,9.0,96.0,0,3.9350243383162367,0.3645632420560812,483.4262313522276,33.604842065033665,792.4091382310105,14.182742851115249,-0.071,51.511,London Borough of Tower Hamlets
3134,195.2068487029328,Private room,False,True,2.0,False,0,1,9.0,87.0,1,2.551972563472908,0.1707711549677733,426.1407691141813,29.62270624723321,1130.9349670221263,20.241765326453447,-0.122,51.531000000000006,London Borough of Islington
1484,353.25383946000613,Entire home/apt,False,False,2.0,False,0,1,8.0,80.0,0,4.185002016230517,0.4344890877699983,352.0352952611351,24.47134584624652,724.2124296814144,12.962140596564517,-0.181,51.49100000000001,Royal Borough of Kensington and Chelsea
1389,359.60394176721,Entire home/apt,False,False,2.0,False,0,1,10.0,95.0,0,3.93500771200998,0.3645473153605198,483.43162375157385,33.60521691173546,792.4115335119782,14.182785722470944,-0.071,51.511,London Borough of Tower Hamlets
1317,344.0814694607117,Entire home/apt,False,False,2.0,False,0,1,9.0,91.0,0,3.93502673784039,0.3645650511862616,483.42598057278855,33.60482463237716,792.4080153033627,14.182722752666985,-0.071,51.511,London Borough of Tower Hamlets
1292,378.8894376631624,Entire home/apt,False,False,2.0,False,0,1,10.0,87.0,0,4.18499620484728,0.4344780546206165,352.03711666160075,24.47147245889393,724.2155649197266,12.96219671186735,-0.181,51.49100000000001,Royal Borough of Kensington and Chelsea
1488,353.25383946000613,Entire home/apt,False,False,2.0,False,0,1,9.0,80.0,0,4.185010724886019,0.4345029901196403,352.0327694127409,24.471170264677163,724.2080102864783,12.96206149709568,-0.181,51.49100000000001,Royal Borough of Kensington and Chelsea
484,268.1154307486065,Private room,False,True,2.0,False,0,1,7.0,76.0,1,9.5233097620805,0.2875510182420163,117.41723387925968,8.162129699062017,299.1005052747009,5.353377880547658,-0.165,51.426,London Borough of Wandsworth
1467,359.60394176721,Entire home/apt,False,False,2.0,False,0,1,10.0,93.0,0,3.9350219760378087,0.3645613550026373,483.4265924890182,33.60486716905994,792.410075352398,14.18275962395521,-0.071,51.511,London Borough of Tower Hamlets
69,268.1154307486065,Private room,False,True,2.0,False,0,1,9.0,87.0,1,9.523273118238029,0.2875466134208701,117.4176769453841,8.162160498315698,299.08184286868004,5.3530438559979565,-0.165,51.426,London Borough of Wandsworth
1488,353.25383946000613,Entire home/apt,False,False,2.0,False,0,1,9.0,80.0,0,4.185010724886019,0.4345029901196403,352.0327694127409,24.471170264677163,724.2080102864783,12.96206149709568,-0.181,51.49100000000001,Royal Borough of Kensington and Chelsea
4876,371.1282015099132,Entire home/apt,False,False,2.0,False,0,1,10.0,95.0,0,3.935028437038272,0.3645674139495256,483.4246373406673,33.60473125907558,792.4089376830748,14.182739261656645,-0.071,51.511,London Borough of Tower Hamlets
1483,353.25383946000613,Entire home/apt,False,False,2.0,False,0,1,9.0,70.0,0,4.1850164660276645,0.4344985934045747,352.03215328765305,24.471127435420232,724.2065434749488,12.96203524372513,-0.181,51.49100000000001,Royal Borough of Kensington and Chelsea
1575,333.73315458971285,Entire home/apt,False,False,2.0,False,0,1,9.0,100.0,0,3.9350143045386576,0.3645493176496757,483.43413381094297,33.60539139574812,792.4037374677036,14.182646186862549,-0.071,51.511,London Borough of Tower Hamlets
70,268.1154307486065,Private room,False,True,2.0,False,0,1,8.0,83.0,1,9.523278643586218,0.2875333512821565,117.4176152834318,8.162156211952995,299.08286977124584,5.353062235764571,-0.165,51.426,London Borough of Wandsworth
1486,353.25383946000613,Entire home/apt,False,False,2.0,False,0,1,8.0,100.0,0,4.18503097466839,0.4344959094430688,352.02994446355126,24.47097389144541,724.2019404164317,12.961952856998211,-0.181,51.49100000000001,Royal Borough of Kensington and Chelsea
199,376.3023589454127,Private room,False,True,2.0,False,0,1,9.0,84.0,1,1.4266116766837378,0.1423209166241567,590.5442015370076,41.05102979116838,1527.5349223559454,27.3402134763832,-0.136,51.52,London Borough of Camden
1484,353.25383946000613,Entire home/apt,False,False,2.0,False,0,1,8.0,80.0,0,4.185002016230517,0.4344890877699983,352.0352952611351,24.47134584624652,724.2124296814144,12.962140596564517,-0.181,51.49100000000001,Royal Borough of Kensington and Chelsea
4960,345.2574143324161,Entire home/apt,False,False,2.0,False,0,1,10.0,94.0,0,3.935032848381165,0.3645703948946772,483.42454812446687,33.60472505730966,792.4063252083831,14.182692502911737,-0.071,51.511,London Borough of Tower Hamlets
5091,360.7798866389144,Entire home/apt,False,False,2.0,False,0,1,10.0,90.0,0,3.9350278690773792,0.3645666968444838,483.4250080199261,33.60475702643602,792.4087447369003,14.182735808256316,-0.071,51.511,London Borough of Tower Hamlets
195,409.699193301818,Private room,False,True,2.0,False,0,1,8.0,76.0,1,1.4265923947247965,0.1423245717589549,590.5494409384186,41.051394002387205,1527.5355203023912,27.34022417858269,-0.136,51.52,London Borough of Camden
5112,181.09551024247983,Private room,False,True,4.0,False,1,0,10.0,90.0,1,6.821290615137092,0.1243618163431984,184.7159001226728,12.840322365544615,443.0265480484132,7.929403264095275,-0.22559,51.50483,London Borough of Hammersmith and Fulham
63,293.75102895176275,Private room,False,True,2.0,False,0,1,9.0,86.0,1,9.504509021659857,0.3413939073290762,117.62541230943452,8.176600993364364,286.47405054454595,5.127386341683263,-0.1639999999999999,51.426,London Borough of Wandsworth
69,268.1154307486065,Private room,False,True,2.0,False,0,1,9.0,87.0,1,9.523273118238029,0.2875466134208701,117.4176769453841,8.162160498315698,299.08184286868004,5.3530438559979565,-0.165,51.426,London Borough of Wandsworth
3151,337.73136715350785,Entire home/apt,False,False,2.0,False,0,0,9.0,92.0,1,5.880469044254867,0.6090318885507809,196.19085172227207,13.637990988386631,419.8940696932727,7.515372208430819,-0.14506,51.56003,London Borough of Camden
1389,359.60394176721,Entire home/apt,False,False,2.0,False,0,1,10.0,95.0,0,3.93500771200998,0.3645473153605198,483.43162375157385,33.60521691173546,792.4115335119782,14.182785722470944,-0.071,51.511,London Borough of Tower Hamlets
381,882.6642207013335,Entire home/apt,False,False,2.0,False,1,0,10.0,100.0,1,2.376180583525054,0.3409515356150364,578.2130262742305,40.19384172335758,1014.2680383932474,18.15363058880176,-0.094,51.504,London Borough of Southwark
200,376.3023589454127,Private room,False,True,2.0,False,0,1,7.0,70.0,1,1.4265899294226507,0.1423408753715114,590.5479487609099,41.05129027531106,1527.5518228962294,27.340515966606155,-0.136,51.52,London Borough of Camden
5174,271.64326536371976,Private room,False,True,2.0,False,1,0,10.0,97.0,1,4.454953552282518,0.4506257907566482,331.68507462022933,23.05672267051744,687.8907115182512,12.312045129759532,-0.0644,51.51555,London Borough of Tower Hamlets
67,293.75102895176275,Private room,False,True,2.0,False,0,1,9.0,84.0,1,9.50451857010954,0.3413962403710837,117.62529603922582,8.176592910968855,286.47588826825665,5.127419233735566,-0.1639999999999999,51.426,London Borough of Wandsworth
66,293.75102895176275,Private room,False,True,2.0,False,0,1,8.0,82.0,1,9.504517474645644,0.3413844063555099,117.62531318838433,8.176594103073722,286.4774843970736,5.127447801660236,-0.1639999999999999,51.426,London Borough of Wandsworth
3752,258.7078717749712,Private room,False,True,2.0,False,0,0,10.0,100.0,1,2.5803500710762326,0.4473113199554913,394.67205852534136,27.435193487798948,685.0778659005931,12.261700094410504,-0.13333,51.48542,City of Westminster
195,409.699193301818,Private room,False,True,2.0,False,0,1,8.0,76.0,1,1.4265923947247965,0.1423245717589549,590.5494409384186,41.051394002387205,1527.5355203023912,27.34022417858269,-0.136,51.52,London Borough of Camden
247,337.73136715350785,Private room,False,True,2.0,False,1,0,9.0,90.0,1,6.68407496299468,0.3047778336013224,187.8380374078637,13.057354300449587,396.24858883257104,7.092159301791506,-0.036,51.527,London Borough of Tower Hamlets
4876,371.1282015099132,Entire home/apt,False,False,2.0,False,0,1,10.0,95.0,0,3.935028437038272,0.3645674139495256,483.4246373406673,33.60473125907558,792.4089376830748,14.182739261656645,-0.071,51.511,London Borough of Tower Hamlets
1487,353.25383946000613,Entire home/apt,False,False,2.0,False,0,1,10.0,60.0,0,4.185001714432458,0.4344939213775508,352.0349716407835,24.471323350134185,724.2120163937046,12.96213319943464,-0.181,51.49100000000001,Royal Borough of Kensington and Chelsea
1260,369.7170676638679,Entire home/apt,False,False,2.0,False,0,1,10.0,89.0,0,3.935020320745124,0.3645587247752559,483.4282550546191,33.60498274047667,792.4086552797338,14.182734207128908,-0.071,51.511,London Borough of Tower Hamlets
194,440.7441379148145,Private room,False,True,2.0,False,0,1,8.0,80.0,1,1.426611953447417,0.1423164194981613,590.544733118047,41.051066743438895,1527.5303518588885,27.340131672449687,-0.136,51.52,London Borough of Camden
4965,360.7798866389144,Entire home/apt,False,False,2.0,False,0,1,9.0,96.0,0,3.9350243383162367,0.3645632420560812,483.4262313522276,33.604842065033665,792.4091382310105,14.182742851115249,-0.071,51.511,London Borough of Tower Hamlets
5091,360.7798866389144,Entire home/apt,False,False,2.0,False,0,1,10.0,90.0,0,3.9350278690773792,0.3645666968444838,483.4250080199261,33.60475702643602,792.4087447369003,14.182735808256316,-0.071,51.511,London Borough of Tower Hamlets
1745,99.2497471718526,Private room,False,True,2.0,False,0,0,10.0,100.0,1,7.691438615496438,2.4561394587686665,175.38786978512937,12.19189460978513,337.0048688698617,6.031799942925008,-0.0251699999999999,51.48192,Royal Borough of Greenwich
4686,700.863143535831,Entire home/apt,False,False,4.0,False,0,1,10.0,75.0,2,3.8383172203354574,0.1669030112775915,272.9062808304819,18.97077955453773,513.9661340816265,9.199098246310786,-0.122,51.474,London Borough of Lambeth
1470,194.50128177991016,Private room,False,True,2.0,False,0,1,9.0,94.0,1,2.180434404436116,0.5531975486591352,450.35950958582254,31.306245318514087,973.897066729047,17.43106053989845,-0.118,51.527,London Borough of Camden
4965,360.7798866389144,Entire home/apt,False,False,2.0,False,0,1,9.0,96.0,0,3.9350243383162367,0.3645632420560812,483.4262313522276,33.604842065033665,792.4091382310105,14.182742851115249,-0.071,51.511,London Borough of Tower Hamlets
1488,353.25383946000613,Entire home/apt,False,False,2.0,False,0,1,9.0,80.0,0,4.185010724886019,0.4345029901196403,352.0327694127409,24.471170264677163,724.2080102864783,12.96206149709568,-0.181,51.49100000000001,Royal Borough of Kensington and Chelsea
1389,359.60394176721,Entire home/apt,False,False,2.0,False,0,1,10.0,95.0,0,3.93500771200998,0.3645473153605198,483.43162375157385,33.60521691173546,792.4115335119782,14.182785722470944,-0.071,51.511,London Borough of Tower Hamlets
69,268.1154307486065,Private room,False,True,2.0,False,0,1,9.0,87.0,1,9.523273118238029,0.2875466134208701,117.4176769453841,8.162160498315698,299.08184286868004,5.3530438559979565,-0.165,51.426,London Borough of Wandsworth
195,409.699193301818,Private room,False,True,2.0,False,0,1,8.0,76.0,1,1.4265923947247965,0.1423245717589549,590.5494409384186,41.051394002387205,1527.5355203023912,27.34022417858269,-0.136,51.52,London Borough of Camden
195,409.699193301818,Private room,False,True,2.0,False,0,1,8.0,76.0,1,1.4265923947247965,0.1423245717589549,590.5494409384186,41.051394002387205,1527.5355203023912,27.34022417858269,-0.136,51.52,London Borough of Camden
744,245.0669112632,Entire home/apt,False,False,2.0,True,0,1,10.0,95.0,0,3.840192483965099,0.49256287132694,322.8905896032651,22.4453837301134,920.880830850882,16.48216229514489,-0.08,51.526,London Borough of Hackney
1485,353.25383946000613,Entire home/apt,False,False,2.0,False,0,1,7.0,76.0,0,4.185011548057564,0.4344912137629979,352.03354320688,24.471224054124544,724.2089887671192,12.962079010194213,-0.181,51.49100000000001,Royal Borough of Kensington and Chelsea
433,714.0337260989205,Entire home/apt,False,False,2.0,False,0,1,9.0,100.0,1,1.426608494030278,0.1423163865398678,590.5457671330145,41.05113862185058,1527.5297517587069,27.34012093170207,-0.136,51.52,London Borough of Camden
63,293.75102895176275,Private room,False,True,2.0,False,0,1,9.0,86.0,1,9.504509021659857,0.3413939073290762,117.62541230943452,8.176600993364364,286.47405054454595,5.127386341683263,-0.1639999999999999,51.426,London Borough of Wandsworth
3022,365.9540440744138,Entire home/apt,False,False,4.0,False,0,1,9.0,92.0,1,5.486438057946258,0.3988134600698434,237.48602969897016,16.508579806193868,554.4228325980869,9.923202656495892,-0.205,51.518,Royal Borough of Kensington and Chelsea
1259,359.60394176721,Entire home/apt,False,False,2.0,False,0,1,9.0,92.0,0,3.935028452493092,0.364567577230854,483.4244723244489,33.60471978815489,792.4091712378088,14.182743441879426,-0.071,51.511,London Borough of Tower Hamlets
195,409.699193301818,Private room,False,True,2.0,False,0,1,8.0,76.0,1,1.4265923947247965,0.1423245717589549,590.5494409384186,41.051394002387205,1527.5355203023912,27.34022417858269,-0.136,51.52,London Borough of Camden
494,293.9862179261036,Private room,False,True,2.0,False,0,1,9.0,80.0,1,9.504498914219624,0.341377448339851,117.62553999482677,8.176609869273783,286.4742902723464,5.127390632393181,-0.1639999999999999,51.426,London Borough of Wandsworth
1595,1158.540887603189,Entire home/apt,False,False,2.0,False,0,1,10.0,87.0,1,0.2963882549379335,0.2003002647733741,1287.8121955003778,89.5208464757113,2412.558263523719,43.18058918562708,-0.1254299999999999,51.51065,City of Westminster
1492,353.25383946000613,Entire home/apt,False,False,2.0,False,0,1,8.0,77.0,0,4.185028030857168,0.4345001106575242,352.03010980401007,24.47098538490532,724.2024835255357,12.961962577704842,-0.181,51.49100000000001,Royal Borough of Kensington and Chelsea
372,592.6762153390249,Entire home/apt,False,False,3.0,True,0,0,10.0,97.0,1,4.371016885275282,0.3247290305766243,335.6195449986634,23.33022304575979,706.4186873147822,12.643663612681772,-0.18724,51.49593,Royal Borough of Kensington and Chelsea
72,268.1154307486065,Private room,False,True,2.0,False,0,1,8.0,86.0,1,9.52327700258897,0.2875339652323594,117.41763482529036,8.16215757038377,299.0821388250627,5.353049153101521,-0.165,51.426,London Borough of Wandsworth
1259,359.60394176721,Entire home/apt,False,False,2.0,False,0,1,9.0,92.0,0,3.935028452493092,0.364567577230854,483.4244723244489,33.60471978815489,792.4091712378088,14.182743441879426,-0.071,51.511,London Borough of Tower Hamlets
316,686.986994049719,Entire home/apt,False,False,4.0,False,0,0,9.0,87.0,2,2.309169287561469,0.7660151519029914,426.4805878600937,29.646328373105824,940.6021507665006,16.835139558471525,-0.11408,51.52731,London Borough of Islington
1412,369.7170676638679,Entire home/apt,False,False,2.0,False,0,1,9.0,90.0,0,3.935020189475922,0.3645609101042149,483.4258071422481,33.60481257654414,792.4123437427209,14.182800224189462,-0.071,51.511,London Borough of Tower Hamlets
4689,651.7086478985865,Entire home/apt,False,False,4.0,False,0,1,6.0,60.0,2,3.8383031440198696,0.1669148449205097,272.90715923601664,18.97084061593108,513.9675838296155,9.199124194273695,-0.122,51.474,London Borough of Lambeth
1373,369.7170676638679,Entire home/apt,False,False,2.0,False,0,1,10.0,90.0,0,3.9350155248705208,0.3645515333883088,483.4326097700945,33.60528545372701,792.405223092987,14.182672776966507,-0.071,51.511,London Borough of Tower Hamlets
1292,378.8894376631624,Entire home/apt,False,False,2.0,False,0,1,10.0,87.0,0,4.18499620484728,0.4344780546206165,352.03711666160075,24.47147245889393,724.2155649197266,12.96219671186735,-0.181,51.49100000000001,Royal Borough of Kensington and Chelsea
3759,711.4466473811708,Entire home/apt,False,False,6.0,False,0,1,10.0,95.0,2,3.7877801671018014,0.8782836608254438,277.1105249141141,19.26303295178952,529.4511852209822,9.476253679974937,-0.13421,51.474540000000005,London Borough of Lambeth
4876,371.1282015099132,Entire home/apt,False,False,2.0,False,0,1,10.0,95.0,0,3.935028437038272,0.3645674139495256,483.4246373406673,33.60473125907558,792.4089376830748,14.182739261656645,-0.071,51.511,London Borough of Tower Hamlets
706,101.8368258896023,Private room,False,True,2.0,False,1,0,9.0,94.0,1,7.996822355373138,0.5801630194551731,155.09616449928805,10.781339064519177,320.616044231235,5.73846853839254,-0.01771,51.53006,London Borough of Tower Hamlets
71,268.1154307486065,Private room,False,True,2.0,False,0,1,9.0,86.0,1,9.523278900165163,0.2875335711338572,117.4176121112398,8.16215599144156,299.0830245814968,5.353065006598316,-0.165,51.426,London Borough of Wandsworth
483,268.1154307486065,Private room,False,True,2.0,False,0,1,8.0,80.0,1,9.52327699514574,0.287527707201317,117.417637227526,8.162157737372535,299.0813322529376,5.353034716865882,-0.165,51.426,London Borough of Wandsworth
1575,333.73315458971285,Entire home/apt,False,False,2.0,False,0,1,9.0,100.0,0,3.9350143045386576,0.3645493176496757,483.43413381094297,33.60539139574812,792.4037374677036,14.182646186862549,-0.071,51.511,London Borough of Tower Hamlets
4965,360.7798866389144,Entire home/apt,False,False,2.0,False,0,1,9.0,96.0,0,3.9350243383162367,0.3645632420560812,483.4262313522276,33.604842065033665,792.4091382310105,14.182742851115249,-0.071,51.511,London Borough of Tower Hamlets
1292,378.8894376631624,Entire home/apt,False,False,2.0,False,0,1,10.0,87.0,0,4.18499620484728,0.4344780546206165,352.03711666160075,24.47147245889393,724.2155649197266,12.96219671186735,-0.181,51.49100000000001,Royal Borough of Kensington and Chelsea
2639,639.2436322585197,Entire home/apt,False,False,2.0,True,0,1,10.0,100.0,1,3.974126952744988,0.1573979731483681,411.6221328559003,28.61345923741649,814.5427361421957,14.578895687319427,-0.071,51.514,London Borough of Tower Hamlets
1485,353.25383946000613,Entire home/apt,False,False,2.0,False,0,1,7.0,76.0,0,4.185011548057564,0.4344912137629979,352.03354320688,24.471224054124544,724.2089887671192,12.962079010194213,-0.181,51.49100000000001,Royal Borough of Kensington and Chelsea
1487,353.25383946000613,Entire home/apt,False,False,2.0,False,0,1,10.0,60.0,0,4.185001714432458,0.4344939213775508,352.0349716407835,24.471323350134185,724.2120163937046,12.96213319943464,-0.181,51.49100000000001,Royal Borough of Kensington and Chelsea
1373,369.7170676638679,Entire home/apt,False,False,2.0,False,0,1,10.0,90.0,0,3.9350155248705208,0.3645515333883088,483.4326097700945,33.60528545372701,792.405223092987,14.182672776966507,-0.071,51.511,London Borough of Tower Hamlets
197,376.3023589454127,Private room,False,True,2.0,False,0,1,9.0,82.0,1,1.426607927987838,0.1423155902987533,590.5460442938881,41.05115788838347,1527.528842279423,27.340104653607604,-0.136,51.52,London Borough of Camden
1317,344.0814694607117,Entire home/apt,False,False,2.0,False,0,1,9.0,91.0,0,3.93502673784039,0.3645650511862616,483.42598057278855,33.60482463237716,792.4080153033627,14.182722752666985,-0.071,51.511,London Borough of Tower Hamlets
200,376.3023589454127,Private room,False,True,2.0,False,0,1,7.0,70.0,1,1.4265899294226507,0.1423408753715114,590.5479487609099,41.05129027531106,1527.5518228962294,27.340515966606155,-0.136,51.52,London Borough of Camden
1467,359.60394176721,Entire home/apt,False,False,2.0,False,0,1,10.0,93.0,0,3.9350219760378087,0.3645613550026373,483.4265924890182,33.60486716905994,792.410075352398,14.18275962395521,-0.071,51.511,London Borough of Tower Hamlets
5091,360.7798866389144,Entire home/apt,False,False,2.0,False,0,1,10.0,90.0,0,3.9350278690773792,0.3645666968444838,483.4250080199261,33.60475702643602,792.4087447369003,14.182735808256316,-0.071,51.511,London Borough of Tower Hamlets
1483,353.25383946000613,Entire home/apt,False,False,2.0,False,0,1,9.0,70.0,0,4.1850164660276645,0.4344985934045747,352.03215328765305,24.471127435420232,724.2065434749488,12.96203524372513,-0.181,51.49100000000001,Royal Borough of Kensington and Chelsea
946,167.45454973070864,Private room,False,True,2.0,False,0,0,9.0,91.0,1,3.4486392213718164,1.0300021069100929,310.9110315327842,21.612637944181703,690.9964705071419,12.367632804070444,-0.11873,51.53883,London Borough of Islington
1259,359.60394176721,Entire home/apt,False,False,2.0,False,0,1,9.0,92.0,0,3.935028452493092,0.364567577230854,483.4244723244489,33.60471978815489,792.4091712378088,14.182743441879426,-0.071,51.511,London Borough of Tower Hamlets
551,670.0533878971754,Entire home/apt,False,False,5.0,False,1,0,7.0,71.0,2,0.3245137095219671,0.0366521426963346,1095.2270522257393,76.13350233901981,2810.7074220495488,50.30676537330445,-0.12759,51.51124,City of Westminster
1487,353.25383946000613,Entire home/apt,False,False,2.0,False,0,1,10.0,60.0,0,4.185001714432458,0.4344939213775508,352.0349716407835,24.471323350134185,724.2120163937046,12.96213319943464,-0.181,51.49100000000001,Royal Borough of Kensington and Chelsea
4876,371.1282015099132,Entire home/apt,False,False,2.0,False,0,1,10.0,95.0,0,3.935028437038272,0.3645674139495256,483.4246373406673,33.60473125907558,792.4089376830748,14.182739261656645,-0.071,51.511,London Borough of Tower Hamlets
1292,378.8894376631624,Entire home/apt,False,False,2.0,False,0,1,10.0,87.0,0,4.18499620484728,0.4344780546206165,352.03711666160075,24.47147245889393,724.2155649197266,12.96219671186735,-0.181,51.49100000000001,Royal Borough of Kensington and Chelsea
1292,378.8894376631624,Entire home/apt,False,False,2.0,False,0,1,10.0,87.0,0,4.18499620484728,0.4344780546206165,352.03711666160075,24.47147245889393,724.2155649197266,12.96219671186735,-0.181,51.49100000000001,Royal Borough of Kensington and Chelsea
72,268.1154307486065,Private room,False,True,2.0,False,0,1,8.0,86.0,1,9.52327700258897,0.2875339652323594,117.41763482529036,8.16215757038377,299.0821388250627,5.353049153101521,-0.165,51.426,London Borough of Wandsworth
66,293.75102895176275,Private room,False,True,2.0,False,0,1,8.0,82.0,1,9.504517474645644,0.3413844063555099,117.62531318838433,8.176594103073722,286.4774843970736,5.127447801660236,-0.1639999999999999,51.426,London Borough of Wandsworth
1486,353.25383946000613,Entire home/apt,False,False,2.0,False,0,1,8.0,100.0,0,4.18503097466839,0.4344959094430688,352.02994446355126,24.47097389144541,724.2019404164317,12.961952856998211,-0.181,51.49100000000001,Royal Borough of Kensington and Chelsea
1575,333.73315458971285,Entire home/apt,False,False,2.0,False,0,1,9.0,100.0,0,3.9350143045386576,0.3645493176496757,483.43413381094297,33.60539139574812,792.4037374677036,14.182646186862549,-0.071,51.511,London Borough of Tower Hamlets
4965,360.7798866389144,Entire home/apt,False,False,2.0,False,0,1,9.0,96.0,0,3.9350243383162367,0.3645632420560812,483.4262313522276,33.604842065033665,792.4091382310105,14.182742851115249,-0.071,51.511,London Borough of Tower Hamlets
1373,369.7170676638679,Entire home/apt,False,False,2.0,False,0,1,10.0,90.0,0,3.9350155248705208,0.3645515333883088,483.4326097700945,33.60528545372701,792.405223092987,14.182672776966507,-0.071,51.511,London Borough of Tower Hamlets
1389,359.60394176721,Entire home/apt,False,False,2.0,False,0,1,10.0,95.0,0,3.93500771200998,0.3645473153605198,483.43162375157385,33.60521691173546,792.4115335119782,14.182785722470944,-0.071,51.511,London Borough of Tower Hamlets
4965,360.7798866389144,Entire home/apt,False,False,2.0,False,0,1,9.0,96.0,0,3.9350243383162367,0.3645632420560812,483.4262313522276,33.604842065033665,792.4091382310105,14.182742851115249,-0.071,51.511,London Borough of Tower Hamlets
4689,651.7086478985865,Entire home/apt,False,False,4.0,False,0,1,6.0,60.0,2,3.8383031440198696,0.1669148449205097,272.90715923601664,18.97084061593108,513.9675838296155,9.199124194273695,-0.122,51.474,London Borough of Lambeth
1575,333.73315458971285,Entire home/apt,False,False,2.0,False,0,1,9.0,100.0,0,3.9350143045386576,0.3645493176496757,483.43413381094297,33.60539139574812,792.4037374677036,14.182646186862549,-0.071,51.511,London Borough of Tower Hamlets
4211,194.0309038312284,Private room,False,True,2.0,False,1,0,3.0,67.0,1,3.267240344274696,0.2067415573743676,357.72589689270336,24.866921751486423,815.8847762649204,14.602915867095462,-0.17159,51.51861,City of Westminster
3530,612.4320891836591,Entire home/apt,False,False,4.0,False,0,1,9.0,93.0,0,4.717379109749021,0.4523770684755249,292.6664225624608,20.344384044779005,661.9793920348778,11.848277659856072,-0.192,51.495,Royal Borough of Kensington and Chelsea
1490,353.25383946000613,Entire home/apt,False,False,2.0,False,0,1,10.0,90.0,0,4.185001270627941,0.4344823977907617,352.03593693119853,24.47139045123429,724.2133939041784,12.962157854471895,-0.181,51.49100000000001,Royal Borough of Kensington and Chelsea
1493,353.25383946000613,Entire home/apt,False,False,2.0,False,0,1,9.0,90.0,0,4.184992949369395,0.4344902230901254,352.03671763804573,24.471444721210965,724.2153675012788,12.962193178421124,-0.181,51.49100000000001,Royal Borough of Kensington and Chelsea
4686,700.863143535831,Entire home/apt,False,False,4.0,False,0,1,10.0,75.0,2,3.8383172203354574,0.1669030112775915,272.9062808304819,18.97077955453773,513.9661340816265,9.199098246310786,-0.122,51.474,London Borough of Lambeth
1351,144.1708412709612,Private room,False,True,2.0,False,0,0,10.0,100.0,1,8.350640928555295,0.8087549886322033,166.69776211768703,11.58781134588015,340.79105292082363,6.099566040249004,-0.008,51.5,London Borough of Tower Hamlets
5091,360.7798866389144,Entire home/apt,False,False,2.0,False,0,1,10.0,90.0,0,3.9350278690773792,0.3645666968444838,483.4250080199261,33.60475702643602,792.4087447369003,14.182735808256316,-0.071,51.511,London Borough of Tower Hamlets
456,997.4364401796844,Entire home/apt,False,False,4.0,False,0,1,9.0,90.0,2,1.4265987691849185,0.1423096938987438,590.5495750942785,41.05140332808406,1527.5213064029413,27.33996977454937,-0.136,51.52,London Borough of Camden
483,268.1154307486065,Private room,False,True,2.0,False,0,1,8.0,80.0,1,9.52327699514574,0.287527707201317,117.417637227526,8.162157737372535,299.0813322529376,5.353034716865882,-0.165,51.426,London Borough of Wandsworth
65,293.75102895176275,Private room,False,True,2.0,False,0,1,8.0,80.0,1,9.50451248267244,0.3414050430232744,117.62536677572383,8.176597828138613,286.4731091772396,5.127369492848753,-0.1639999999999999,51.426,London Borough of Wandsworth
199,376.3023589454127,Private room,False,True,2.0,False,0,1,9.0,84.0,1,1.4266116766837378,0.1423209166241567,590.5442015370076,41.05102979116838,1527.5349223559454,27.3402134763832,-0.136,51.52,London Borough of Camden
5091,360.7798866389144,Entire home/apt,False,False,2.0,False,0,1,10.0,90.0,0,3.9350278690773792,0.3645666968444838,483.4250080199261,33.60475702643602,792.4087447369003,14.182735808256316,-0.071,51.511,London Borough of Tower Hamlets
1492,353.25383946000613,Entire home/apt,False,False,2.0,False,0,1,8.0,77.0,0,4.185028030857168,0.4345001106575242,352.03010980401007,24.47098538490532,724.2024835255357,12.961962577704842,-0.181,51.49100000000001,Royal Borough of Kensington and Chelsea
4960,345.2574143324161,Entire home/apt,False,False,2.0,False,0,1,10.0,94.0,0,3.935032848381165,0.3645703948946772,483.42454812446687,33.60472505730966,792.4063252083831,14.182692502911737,-0.071,51.511,London Borough of Tower Hamlets
197,376.3023589454127,Private room,False,True,2.0,False,0,1,9.0,82.0,1,1.426607927987838,0.1423155902987533,590.5460442938881,41.05115788838347,1527.528842279423,27.340104653607604,-0.136,51.52,London Borough of Camden
4917,215.9034784449305,Private room,False,True,2.0,False,0,1,8.0,80.0,1,4.459692788680817,0.9353447029366758,364.5637679814877,25.342248829532863,620.4232719516463,11.10449551929888,-0.06331,51.50718,London Borough of Tower Hamlets
1485,353.25383946000613,Entire home/apt,False,False,2.0,False,0,1,7.0,76.0,0,4.185011548057564,0.4344912137629979,352.03354320688,24.471224054124544,724.2089887671192,12.962079010194213,-0.181,51.49100000000001,Royal Borough of Kensington and Chelsea
65,293.75102895176275,Private room,False,True,2.0,False,0,1,8.0,80.0,1,9.50451248267244,0.3414050430232744,117.62536677572383,8.176597828138613,286.4731091772396,5.127369492848753,-0.1639999999999999,51.426,London Borough of Wandsworth
1412,369.7170676638679,Entire home/apt,False,False,2.0,False,0,1,9.0,90.0,0,3.935020189475922,0.3645609101042149,483.4258071422481,33.60481257654414,792.4123437427209,14.182800224189462,-0.071,51.511,London Borough of Tower Hamlets
1260,369.7170676638679,Entire home/apt,False,False,2.0,False,0,1,10.0,89.0,0,3.935020320745124,0.3645587247752559,483.4282550546191,33.60498274047667,792.4086552797338,14.182734207128908,-0.071,51.511,London Borough of Tower Hamlets
1492,353.25383946000613,Entire home/apt,False,False,2.0,False,0,1,8.0,77.0,0,4.185028030857168,0.4345001106575242,352.03010980401007,24.47098538490532,724.2024835255357,12.961962577704842,-0.181,51.49100000000001,Royal Borough of Kensington and Chelsea
1292,378.8894376631624,Entire home/apt,False,False,2.0,False,0,1,10.0,87.0,0,4.18499620484728,0.4344780546206165,352.03711666160075,24.47147245889393,724.2155649197266,12.96219671186735,-0.181,51.49100000000001,Royal Borough of Kensington and Chelsea
1487,353.25383946000613,Entire home/apt,False,False,2.0,False,0,1,10.0,60.0,0,4.185001714432458,0.4344939213775508,352.0349716407835,24.471323350134185,724.2120163937046,12.96213319943464,-0.181,51.49100000000001,Royal Borough of Kensington and Chelsea
5091,360.7798866389144,Entire home/apt,False,False,2.0,False,0,1,10.0,90.0,0,3.9350278690773792,0.3645666968444838,483.4250080199261,33.60475702643602,792.4087447369003,14.182735808256316,-0.071,51.511,London Borough of Tower Hamlets
1259,359.60394176721,Entire home/apt,False,False,2.0,False,0,1,9.0,92.0,0,3.935028452493092,0.364567577230854,483.4244723244489,33.60471978815489,792.4091712378088,14.182743441879426,-0.071,51.511,London Borough of Tower Hamlets
483,268.1154307486065,Private room,False,True,2.0,False,0,1,8.0,80.0,1,9.52327699514574,0.287527707201317,117.417637227526,8.162157737372535,299.0813322529376,5.353034716865882,-0.165,51.426,London Borough of Wandsworth
1260,369.7170676638679,Entire home/apt,False,False,2.0,False,0,1,10.0,89.0,0,3.935020320745124,0.3645587247752559,483.4282550546191,33.60498274047667,792.4086552797338,14.182734207128908,-0.071,51.511,London Borough of Tower Hamlets
1260,369.7170676638679,Entire home/apt,False,False,2.0,False,0,1,10.0,89.0,0,3.935020320745124,0.3645587247752559,483.4282550546191,33.60498274047667,792.4086552797338,14.182734207128908,-0.071,51.511,London Borough of Tower Hamlets
1412,369.7170676638679,Entire home/apt,False,False,2.0,False,0,1,9.0,90.0,0,3.935020189475922,0.3645609101042149,483.4258071422481,33.60481257654414,792.4123437427209,14.182800224189462,-0.071,51.511,London Borough of Tower Hamlets
70,268.1154307486065,Private room,False,True,2.0,False,0,1,8.0,83.0,1,9.523278643586218,0.2875333512821565,117.4176152834318,8.162156211952995,299.08286977124584,5.353062235764571,-0.165,51.426,London Borough of Wandsworth
1487,353.25383946000613,Entire home/apt,False,False,2.0,False,0,1,10.0,60.0,0,4.185001714432458,0.4344939213775508,352.0349716407835,24.471323350134185,724.2120163937046,12.96213319943464,-0.181,51.49100000000001,Royal Borough of Kensington and Chelsea
4876,371.1282015099132,Entire home/apt,False,False,2.0,False,0,1,10.0,95.0,0,3.935028437038272,0.3645674139495256,483.4246373406673,33.60473125907558,792.4089376830748,14.182739261656645,-0.071,51.511,London Borough of Tower Hamlets
4965,360.7798866389144,Entire home/apt,False,False,2.0,False,0,1,9.0,96.0,0,3.9350243383162367,0.3645632420560812,483.4262313522276,33.604842065033665,792.4091382310105,14.182742851115249,-0.071,51.511,London Borough of Tower Hamlets
1493,353.25383946000613,Entire home/apt,False,False,2.0,False,0,1,9.0,90.0,0,4.184992949369395,0.4344902230901254,352.03671763804573,24.471444721210965,724.2153675012788,12.962193178421124,-0.181,51.49100000000001,Royal Borough of Kensington and Chelsea
1488,353.25383946000613,Entire home/apt,False,False,2.0,False,0,1,9.0,80.0,0,4.185010724886019,0.4345029901196403,352.0327694127409,24.471170264677163,724.2080102864783,12.96206149709568,-0.181,51.49100000000001,Royal Borough of Kensington and Chelsea
1259,359.60394176721,Entire home/apt,False,False,2.0,False,0,1,9.0,92.0,0,3.935028452493092,0.364567577230854,483.4244723244489,33.60471978815489,792.4091712378088,14.182743441879426,-0.071,51.511,London Borough of Tower Hamlets
4684,532.7030268820997,Entire home/apt,False,False,4.0,False,0,1,2.0,20.0,1,3.838302776178675,0.1669155937969142,272.9071862737662,18.97084249543046,513.9675671693449,9.19912389608388,-0.122,51.474,London Borough of Lambeth
1373,369.7170676638679,Entire home/apt,False,False,2.0,False,0,1,10.0,90.0,0,3.9350155248705208,0.3645515333883088,483.4326097700945,33.60528545372701,792.405223092987,14.182672776966507,-0.071,51.511,London Borough of Tower Hamlets
1389,359.60394176721,Entire home/apt,False,False,2.0,False,0,1,10.0,95.0,0,3.93500771200998,0.3645473153605198,483.43162375157385,33.60521691173546,792.4115335119782,14.182785722470944,-0.071,51.511,London Borough of Tower Hamlets
1467,359.60394176721,Entire home/apt,False,False,2.0,False,0,1,10.0,93.0,0,3.9350219760378087,0.3645613550026373,483.4265924890182,33.60486716905994,792.410075352398,14.18275962395521,-0.071,51.511,London Borough of Tower Hamlets
1483,353.25383946000613,Entire home/apt,False,False,2.0,False,0,1,9.0,70.0,0,4.1850164660276645,0.4344985934045747,352.03215328765305,24.471127435420232,724.2065434749488,12.96203524372513,-0.181,51.49100000000001,Royal Borough of Kensington and Chelsea
1389,359.60394176721,Entire home/apt,False,False,2.0,False,0,1,10.0,95.0,0,3.93500771200998,0.3645473153605198,483.43162375157385,33.60521691173546,792.4115335119782,14.182785722470944,-0.071,51.511,London Borough of Tower Hamlets
1493,353.25383946000613,Entire home/apt,False,False,2.0,False,0,1,9.0,90.0,0,4.184992949369395,0.4344902230901254,352.03671763804573,24.471444721210965,724.2153675012788,12.962193178421124,-0.181,51.49100000000001,Royal Borough of Kensington and Chelsea
1493,353.25383946000613,Entire home/apt,False,False,2.0,False,0,1,9.0,90.0,0,4.184992949369395,0.4344902230901254,352.03671763804573,24.471444721210965,724.2153675012788,12.962193178421124,-0.181,51.49100000000001,Royal Borough of Kensington and Chelsea
1292,378.8894376631624,Entire home/apt,False,False,2.0,False,0,1,10.0,87.0,0,4.18499620484728,0.4344780546206165,352.03711666160075,24.47147245889393,724.2155649197266,12.96219671186735,-0.181,51.49100000000001,Royal Borough of Kensington and Chelsea
1490,353.25383946000613,Entire home/apt,False,False,2.0,False,0,1,10.0,90.0,0,4.185001270627941,0.4344823977907617,352.03593693119853,24.47139045123429,724.2133939041784,12.962157854471895,-0.181,51.49100000000001,Royal Borough of Kensington and Chelsea
4689,651.7086478985865,Entire home/apt,False,False,4.0,False,0,1,6.0,60.0,2,3.8383031440198696,0.1669148449205097,272.90715923601664,18.97084061593108,513.9675838296155,9.199124194273695,-0.122,51.474,London Borough of Lambeth
67,293.75102895176275,Private room,False,True,2.0,False,0,1,9.0,84.0,1,9.50451857010954,0.3413962403710837,117.62529603922582,8.176592910968855,286.47588826825665,5.127419233735566,-0.1639999999999999,51.426,London Borough of Wandsworth
199,376.3023589454127,Private room,False,True,2.0,False,0,1,9.0,84.0,1,1.4266116766837378,0.1423209166241567,590.5442015370076,41.05102979116838,1527.5349223559454,27.3402134763832,-0.136,51.52,London Borough of Camden
198,376.3023589454127,Private room,False,True,2.0,False,0,1,9.0,84.0,1,1.4266091415297688,0.1423332007622191,590.5432789998072,41.05096566201091,1527.5471129295904,27.340431666410137,-0.136,51.52,London Borough of Camden
60,293.75102895176275,Private room,False,True,2.0,False,0,1,8.0,76.0,1,9.50450633974499,0.3413801615197919,117.62544927878372,8.176603563247957,286.4755790091257,5.127413698535986,-0.1639999999999999,51.426,London Borough of Wandsworth
4876,371.1282015099132,Entire home/apt,False,False,2.0,False,0,1,10.0,95.0,0,3.935028437038272,0.3645674139495256,483.4246373406673,33.60473125907558,792.4089376830748,14.182739261656645,-0.071,51.511,London Borough of Tower Hamlets
194,440.7441379148145,Private room,False,True,2.0,False,0,1,8.0,80.0,1,1.426611953447417,0.1423164194981613,590.544733118047,41.051066743438895,1527.5303518588885,27.340131672449687,-0.136,51.52,London Borough of Camden
2033,384.0635950986618,Entire home/apt,False,False,4.0,False,0,0,10.0,100.0,1,7.232297440500859,0.5768579613906479,184.295857449556,12.811123561724678,391.12954785000494,7.000537387811395,-0.02426,51.49981,London Borough of Tower Hamlets
1488,353.25383946000613,Entire home/apt,False,False,2.0,False,0,1,9.0,80.0,0,4.185010724886019,0.4345029901196403,352.0327694127409,24.471170264677163,724.2080102864783,12.96206149709568,-0.181,51.49100000000001,Royal Borough of Kensington and Chelsea
2032,118.53524306780498,Private room,False,True,2.0,False,0,0,10.0,97.0,1,10.216067023403044,6.123285886935718,117.64257427797344,8.177793988706512,241.41000831472044,4.320818507036348,-0.018,51.44706,London Borough of Lewisham
199,376.3023589454127,Private room,False,True,2.0,False,0,1,9.0,84.0,1,1.4266116766837378,0.1423209166241567,590.5442015370076,41.05102979116838,1527.5349223559454,27.3402134763832,-0.136,51.52,London Borough of Camden
1389,359.60394176721,Entire home/apt,False,False,2.0,False,0,1,10.0,95.0,0,3.93500771200998,0.3645473153605198,483.43162375157385,33.60521691173546,792.4115335119782,14.182785722470944,-0.071,51.511,London Borough of Tower Hamlets
1317,344.0814694607117,Entire home/apt,False,False,2.0,False,0,1,9.0,91.0,0,3.93502673784039,0.3645650511862616,483.42598057278855,33.60482463237716,792.4080153033627,14.182722752666985,-0.071,51.511,London Borough of Tower Hamlets
42,125.59091229803148,Private room,False,True,2.0,False,1,0,9.0,89.0,1,5.317800247968163,0.1032622719299984,241.4347368982197,16.783069838355896,525.6756850199001,9.40867880494785,-0.057,51.527,London Borough of Tower Hamlets
744,245.0669112632,Entire home/apt,False,False,2.0,True,0,1,10.0,95.0,0,3.840192483965099,0.49256287132694,322.8905896032651,22.4453837301134,920.880830850882,16.48216229514489,-0.08,51.526,London Borough of Hackney
1486,353.25383946000613,Entire home/apt,False,False,2.0,False,0,1,8.0,100.0,0,4.18503097466839,0.4344959094430688,352.02994446355126,24.47097389144541,724.2019404164317,12.961952856998211,-0.181,51.49100000000001,Royal Borough of Kensington and Chelsea
1488,353.25383946000613,Entire home/apt,False,False,2.0,False,0,1,9.0,80.0,0,4.185010724886019,0.4345029901196403,352.0327694127409,24.471170264677163,724.2080102864783,12.96206149709568,-0.181,51.49100000000001,Royal Borough of Kensington and Chelsea
1492,353.25383946000613,Entire home/apt,False,False,2.0,False,0,1,8.0,77.0,0,4.185028030857168,0.4345001106575242,352.03010980401007,24.47098538490532,724.2024835255357,12.961962577704842,-0.181,51.49100000000001,Royal Borough of Kensington and Chelsea
1317,344.0814694607117,Entire home/apt,False,False,2.0,False,0,1,9.0,91.0,0,3.93502673784039,0.3645650511862616,483.42598057278855,33.60482463237716,792.4080153033627,14.182722752666985,-0.071,51.511,London Borough of Tower Hamlets
198,376.3023589454127,Private room,False,True,2.0,False,0,1,9.0,84.0,1,1.4266091415297688,0.1423332007622191,590.5432789998072,41.05096566201091,1527.5471129295904,27.340431666410137,-0.136,51.52,London Borough of Camden
1317,344.0814694607117,Entire home/apt,False,False,2.0,False,0,1,9.0,91.0,0,3.93502673784039,0.3645650511862616,483.42598057278855,33.60482463237716,792.4080153033627,14.182722752666985,-0.071,51.511,London Borough of Tower Hamlets
1575,333.73315458971285,Entire home/apt,False,False,2.0,False,0,1,9.0,100.0,0,3.9350143045386576,0.3645493176496757,483.43413381094297,33.60539139574812,792.4037374677036,14.182646186862549,-0.071,51.511,London Borough of Tower Hamlets
1490,353.25383946000613,Entire home/apt,False,False,2.0,False,0,1,10.0,90.0,0,4.185001270627941,0.4344823977907617,352.03593693119853,24.47139045123429,724.2133939041784,12.962157854471895,-0.181,51.49100000000001,Royal Borough of Kensington and Chelsea
4688,584.444601237094,Entire home/apt,False,False,5.0,False,0,1,8.0,60.0,2,3.838332792083083,0.1668864259907863,272.90527667655573,18.97070975188345,513.9649636226302,9.199077297134204,-0.122,51.474,London Borough of Lambeth
199,376.3023589454127,Private room,False,True,2.0,False,0,1,9.0,84.0,1,1.4266116766837378,0.1423209166241567,590.5442015370076,41.05102979116838,1527.5349223559454,27.3402134763832,-0.136,51.52,London Borough of Camden
1260,369.7170676638679,Entire home/apt,False,False,2.0,False,0,1,10.0,89.0,0,3.935020320745124,0.3645587247752559,483.4282550546191,33.60498274047667,792.4086552797338,14.182734207128908,-0.071,51.511,London Borough of Tower Hamlets
3757,245.77247818622263,Entire home/apt,False,False,2.0,True,0,1,9.0,94.0,0,3.840179944568976,0.492551596833637,322.8914982893202,22.445446896423768,920.87721251265,16.482097533195265,-0.08,51.526,London Borough of Hackney
198,376.3023589454127,Private room,False,True,2.0,False,0,1,9.0,84.0,1,1.4266091415297688,0.1423332007622191,590.5432789998072,41.05096566201091,1527.5471129295904,27.340431666410137,-0.136,51.52,London Borough of Camden
1487,353.25383946000613,Entire home/apt,False,False,2.0,False,0,1,10.0,60.0,0,4.185001714432458,0.4344939213775508,352.0349716407835,24.471323350134185,724.2120163937046,12.96213319943464,-0.181,51.49100000000001,Royal Borough of Kensington and Chelsea
199,376.3023589454127,Private room,False,True,2.0,False,0,1,9.0,84.0,1,1.4266116766837378,0.1423209166241567,590.5442015370076,41.05102979116838,1527.5349223559454,27.3402134763832,-0.136,51.52,London Borough of Camden
1317,344.0814694607117,Entire home/apt,False,False,2.0,False,0,1,9.0,91.0,0,3.93502673784039,0.3645650511862616,483.42598057278855,33.60482463237716,792.4080153033627,14.182722752666985,-0.071,51.511,London Borough of Tower Hamlets
199,376.3023589454127,Private room,False,True,2.0,False,0,1,9.0,84.0,1,1.4266116766837378,0.1423209166241567,590.5442015370076,41.05102979116838,1527.5349223559454,27.3402134763832,-0.136,51.52,London Borough of Camden
4965,360.7798866389144,Entire home/apt,False,False,2.0,False,0,1,9.0,96.0,0,3.9350243383162367,0.3645632420560812,483.4262313522276,33.604842065033665,792.4091382310105,14.182742851115249,-0.071,51.511,London Borough of Tower Hamlets
4689,651.7086478985865,Entire home/apt,False,False,4.0,False,0,1,6.0,60.0,2,3.8383031440198696,0.1669148449205097,272.90715923601664,18.97084061593108,513.9675838296155,9.199124194273695,-0.122,51.474,London Borough of Lambeth
1486,353.25383946000613,Entire home/apt,False,False,2.0,False,0,1,8.0,100.0,0,4.18503097466839,0.4344959094430688,352.02994446355126,24.47097389144541,724.2019404164317,12.961952856998211,-0.181,51.49100000000001,Royal Borough of Kensington and Chelsea
1389,359.60394176721,Entire home/apt,False,False,2.0,False,0,1,10.0,95.0,0,3.93500771200998,0.3645473153605198,483.43162375157385,33.60521691173546,792.4115335119782,14.182785722470944,-0.071,51.511,London Borough of Tower Hamlets
4876,371.1282015099132,Entire home/apt,False,False,2.0,False,0,1,10.0,95.0,0,3.935028437038272,0.3645674139495256,483.4246373406673,33.60473125907558,792.4089376830748,14.182739261656645,-0.071,51.511,London Borough of Tower Hamlets
1493,353.25383946000613,Entire home/apt,False,False,2.0,False,0,1,9.0,90.0,0,4.184992949369395,0.4344902230901254,352.03671763804573,24.471444721210965,724.2153675012788,12.962193178421124,-0.181,51.49100000000001,Royal Borough of Kensington and Chelsea
483,268.1154307486065,Private room,False,True,2.0,False,0,1,8.0,80.0,1,9.52327699514574,0.287527707201317,117.417637227526,8.162157737372535,299.0813322529376,5.353034716865882,-0.165,51.426,London Borough of Wandsworth
1389,359.60394176721,Entire home/apt,False,False,2.0,False,0,1,10.0,95.0,0,3.93500771200998,0.3645473153605198,483.43162375157385,33.60521691173546,792.4115335119782,14.182785722470944,-0.071,51.511,London Borough of Tower Hamlets
1492,353.25383946000613,Entire home/apt,False,False,2.0,False,0,1,8.0,77.0,0,4.185028030857168,0.4345001106575242,352.03010980401007,24.47098538490532,724.2024835255357,12.961962577704842,-0.181,51.49100000000001,Royal Borough of Kensington and Chelsea
1493,353.25383946000613,Entire home/apt,False,False,2.0,False,0,1,9.0,90.0,0,4.184992949369395,0.4344902230901254,352.03671763804573,24.471444721210965,724.2153675012788,12.962193178421124,-0.181,51.49100000000001,Royal Borough of Kensington and Chelsea
4965,360.7798866389144,Entire home/apt,False,False,2.0,False,0,1,9.0,96.0,0,3.9350243383162367,0.3645632420560812,483.4262313522276,33.604842065033665,792.4091382310105,14.182742851115249,-0.071,51.511,London Borough of Tower Hamlets
4960,345.2574143324161,Entire home/apt,False,False,2.0,False,0,1,10.0,94.0,0,3.935032848381165,0.3645703948946772,483.42454812446687,33.60472505730966,792.4063252083831,14.182692502911737,-0.071,51.511,London Borough of Tower Hamlets
1484,353.25383946000613,Entire home/apt,False,False,2.0,False,0,1,8.0,80.0,0,4.185002016230517,0.4344890877699983,352.0352952611351,24.47134584624652,724.2124296814144,12.962140596564517,-0.181,51.49100000000001,Royal Borough of Kensington and Chelsea
1373,369.7170676638679,Entire home/apt,False,False,2.0,False,0,1,10.0,90.0,0,3.9350155248705208,0.3645515333883088,483.4326097700945,33.60528545372701,792.405223092987,14.182672776966507,-0.071,51.511,London Borough of Tower Hamlets
1487,353.25383946000613,Entire home/apt,False,False,2.0,False,0,1,10.0,60.0,0,4.185001714432458,0.4344939213775508,352.0349716407835,24.471323350134185,724.2120163937046,12.96213319943464,-0.181,51.49100000000001,Royal Borough of Kensington and Chelsea
1485,353.25383946000613,Entire home/apt,False,False,2.0,False,0,1,7.0,76.0,0,4.185011548057564,0.4344912137629979,352.03354320688,24.471224054124544,724.2089887671192,12.962079010194213,-0.181,51.49100000000001,Royal Borough of Kensington and Chelsea
1575,333.73315458971285,Entire home/apt,False,False,2.0,False,0,1,9.0,100.0,0,3.9350143045386576,0.3645493176496757,483.43413381094297,33.60539139574812,792.4037374677036,14.182646186862549,-0.071,51.511,London Borough of Tower Hamlets
2428,166.27860485900422,Private room,False,True,4.0,False,0,1,8.0,82.0,1,5.235774479328269,0.254252189135033,243.37637400396548,16.91804060339627,532.796611944623,9.536130989131882,-0.059,51.528,London Borough of Tower Hamlets
195,409.699193301818,Private room,False,True,2.0,False,0,1,8.0,76.0,1,1.4265923947247965,0.1423245717589549,590.5494409384186,41.051394002387205,1527.5355203023912,27.34022417858269,-0.136,51.52,London Borough of Camden
1483,353.25383946000613,Entire home/apt,False,False,2.0,False,0,1,9.0,70.0,0,4.1850164660276645,0.4344985934045747,352.03215328765305,24.471127435420232,724.2065434749488,12.96203524372513,-0.181,51.49100000000001,Royal Borough of Kensington and Chelsea
1485,353.25383946000613,Entire home/apt,False,False,2.0,False,0,1,7.0,76.0,0,4.185011548057564,0.4344912137629979,352.03354320688,24.471224054124544,724.2089887671192,12.962079010194213,-0.181,51.49100000000001,Royal Borough of Kensington and Chelsea
1259,359.60394176721,Entire home/apt,False,False,2.0,False,0,1,9.0,92.0,0,3.935028452493092,0.364567577230854,483.4244723244489,33.60471978815489,792.4091712378088,14.182743441879426,-0.071,51.511,London Borough of Tower Hamlets
4689,651.7086478985865,Entire home/apt,False,False,4.0,False,0,1,6.0,60.0,2,3.8383031440198696,0.1669148449205097,272.90715923601664,18.97084061593108,513.9675838296155,9.199124194273695,-0.122,51.474,London Borough of Lambeth
1484,353.25383946000613,Entire home/apt,False,False,2.0,False,0,1,8.0,80.0,0,4.185002016230517,0.4344890877699983,352.0352952611351,24.47134584624652,724.2124296814144,12.962140596564517,-0.181,51.49100000000001,Royal Borough of Kensington and Chelsea
199,376.3023589454127,Private room,False,True,2.0,False,0,1,9.0,84.0,1,1.4266116766837378,0.1423209166241567,590.5442015370076,41.05102979116838,1527.5349223559454,27.3402134763832,-0.136,51.52,London Borough of Camden
1412,369.7170676638679,Entire home/apt,False,False,2.0,False,0,1,9.0,90.0,0,3.935020189475922,0.3645609101042149,483.4258071422481,33.60481257654414,792.4123437427209,14.182800224189462,-0.071,51.511,London Borough of Tower Hamlets
1492,353.25383946000613,Entire home/apt,False,False,2.0,False,0,1,8.0,77.0,0,4.185028030857168,0.4345001106575242,352.03010980401007,24.47098538490532,724.2024835255357,12.961962577704842,-0.181,51.49100000000001,Royal Borough of Kensington and Chelsea
1292,378.8894376631624,Entire home/apt,False,False,2.0,False,0,1,10.0,87.0,0,4.18499620484728,0.4344780546206165,352.03711666160075,24.47147245889393,724.2155649197266,12.96219671186735,-0.181,51.49100000000001,Royal Borough of Kensington and Chelsea
197,376.3023589454127,Private room,False,True,2.0,False,0,1,9.0,82.0,1,1.426607927987838,0.1423155902987533,590.5460442938881,41.05115788838347,1527.528842279423,27.340104653607604,-0.136,51.52,London Borough of Camden
1487,353.25383946000613,Entire home/apt,False,False,2.0,False,0,1,10.0,60.0,0,4.185001714432458,0.4344939213775508,352.0349716407835,24.471323350134185,724.2120163937046,12.96213319943464,-0.181,51.49100000000001,Royal Borough of Kensington and Chelsea
67,293.75102895176275,Private room,False,True,2.0,False,0,1,9.0,84.0,1,9.50451857010954,0.3413962403710837,117.62529603922582,8.176592910968855,286.47588826825665,5.127419233735566,-0.1639999999999999,51.426,London Borough of Wandsworth
3268,195.2068487029328,Private room,False,True,2.0,False,0,1,9.0,93.0,1,2.1804278822766348,0.5531799095188346,450.3610951298584,31.306355535861552,973.9001561129209,17.431115834486732,-0.118,51.527,London Borough of Camden
1487,353.25383946000613,Entire home/apt,False,False,2.0,False,0,1,10.0,60.0,0,4.185001714432458,0.4344939213775508,352.0349716407835,24.471323350134185,724.2120163937046,12.96213319943464,-0.181,51.49100000000001,Royal Borough of Kensington and Chelsea
1493,353.25383946000613,Entire home/apt,False,False,2.0,False,0,1,9.0,90.0,0,4.184992949369395,0.4344902230901254,352.03671763804573,24.471444721210965,724.2153675012788,12.962193178421124,-0.181,51.49100000000001,Royal Borough of Kensington and Chelsea
1575,333.73315458971285,Entire home/apt,False,False,2.0,False,0,1,9.0,100.0,0,3.9350143045386576,0.3645493176496757,483.43413381094297,33.60539139574812,792.4037374677036,14.182646186862549,-0.071,51.511,London Borough of Tower Hamlets
1317,344.0814694607117,Entire home/apt,False,False,2.0,False,0,1,9.0,91.0,0,3.93502673784039,0.3645650511862616,483.42598057278855,33.60482463237716,792.4080153033627,14.182722752666985,-0.071,51.511,London Borough of Tower Hamlets
1260,369.7170676638679,Entire home/apt,False,False,2.0,False,0,1,10.0,89.0,0,3.935020320745124,0.3645587247752559,483.4282550546191,33.60498274047667,792.4086552797338,14.182734207128908,-0.071,51.511,London Borough of Tower Hamlets
5091,360.7798866389144,Entire home/apt,False,False,2.0,False,0,1,10.0,90.0,0,3.9350278690773792,0.3645666968444838,483.4250080199261,33.60475702643602,792.4087447369003,14.182735808256316,-0.071,51.511,London Borough of Tower Hamlets
107,189.32712434441072,Private room,False,True,6.0,False,0,1,7.0,78.0,1,5.172808120521458,0.3203890410530856,245.92790750420323,17.09540764460811,540.6376525427112,9.676471953316245,-0.06,51.528,London Borough of Tower Hamlets
1389,359.60394176721,Entire home/apt,False,False,2.0,False,0,1,10.0,95.0,0,3.93500771200998,0.3645473153605198,483.43162375157385,33.60521691173546,792.4115335119782,14.182785722470944,-0.071,51.511,London Borough of Tower Hamlets
1259,359.60394176721,Entire home/apt,False,False,2.0,False,0,1,9.0,92.0,0,3.935028452493092,0.364567577230854,483.4244723244489,33.60471978815489,792.4091712378088,14.182743441879426,-0.071,51.511,London Borough of Tower Hamlets
433,714.0337260989205,Entire home/apt,False,False,2.0,False,0,1,9.0,100.0,1,1.426608494030278,0.1423163865398678,590.5457671330145,41.05113862185058,1527.5297517587069,27.34012093170207,-0.136,51.52,London Borough of Camden
572,148.16905383475623,Private room,False,True,2.0,False,0,1,8.0,86.0,1,5.452662425701343,0.4458142846460285,238.55614818060343,16.58296791390074,502.704848814297,8.997540862108808,-0.0525799999999999,51.52301,London Borough of Tower Hamlets
483,268.1154307486065,Private room,False,True,2.0,False,0,1,8.0,80.0,1,9.52327699514574,0.287527707201317,117.417637227526,8.162157737372535,299.0813322529376,5.353034716865882,-0.165,51.426,London Borough of Wandsworth
1487,353.25383946000613,Entire home/apt,False,False,2.0,False,0,1,10.0,60.0,0,4.185001714432458,0.4344939213775508,352.0349716407835,24.471323350134185,724.2120163937046,12.96213319943464,-0.181,51.49100000000001,Royal Borough of Kensington and Chelsea
199,376.3023589454127,Private room,False,True,2.0,False,0,1,9.0,84.0,1,1.4266116766837378,0.1423209166241567,590.5442015370076,41.05102979116838,1527.5349223559454,27.3402134763832,-0.136,51.52,London Borough of Camden
1293,378.8894376631624,Entire home/apt,False,False,2.0,False,0,1,7.0,80.0,0,4.185013803660901,0.4344800749297678,352.034029099943,24.47125783044569,724.2094161973369,12.962086660450336,-0.181,51.49100000000001,Royal Borough of Kensington and Chelsea
1487,353.25383946000613,Entire home/apt,False,False,2.0,False,0,1,10.0,60.0,0,4.185001714432458,0.4344939213775508,352.0349716407835,24.471323350134185,724.2120163937046,12.96213319943464,-0.181,51.49100000000001,Royal Borough of Kensington and Chelsea
1484,353.25383946000613,Entire home/apt,False,False,2.0,False,0,1,8.0,80.0,0,4.185002016230517,0.4344890877699983,352.0352952611351,24.47134584624652,724.2124296814144,12.962140596564517,-0.181,51.49100000000001,Royal Borough of Kensington and Chelsea
67,293.75102895176275,Private room,False,True,2.0,False,0,1,9.0,84.0,1,9.50451857010954,0.3413962403710837,117.62529603922582,8.176592910968855,286.47588826825665,5.127419233735566,-0.1639999999999999,51.426,London Borough of Wandsworth
1483,353.25383946000613,Entire home/apt,False,False,2.0,False,0,1,9.0,70.0,0,4.1850164660276645,0.4344985934045747,352.03215328765305,24.471127435420232,724.2065434749488,12.96203524372513,-0.181,51.49100000000001,Royal Borough of Kensington and Chelsea
1293,378.8894376631624,Entire home/apt,False,False,2.0,False,0,1,7.0,80.0,0,4.185013803660901,0.4344800749297678,352.034029099943,24.47125783044569,724.2094161973369,12.962086660450336,-0.181,51.49100000000001,Royal Borough of Kensington and Chelsea
1485,353.25383946000613,Entire home/apt,False,False,2.0,False,0,1,7.0,76.0,0,4.185011548057564,0.4344912137629979,352.03354320688,24.471224054124544,724.2089887671192,12.962079010194213,-0.181,51.49100000000001,Royal Borough of Kensington and Chelsea
1292,378.8894376631624,Entire home/apt,False,False,2.0,False,0,1,10.0,87.0,0,4.18499620484728,0.4344780546206165,352.03711666160075,24.47147245889393,724.2155649197266,12.96219671186735,-0.181,51.49100000000001,Royal Borough of Kensington and Chelsea
4876,371.1282015099132,Entire home/apt,False,False,2.0,False,0,1,10.0,95.0,0,3.935028437038272,0.3645674139495256,483.4246373406673,33.60473125907558,792.4089376830748,14.182739261656645,-0.071,51.511,London Borough of Tower Hamlets
1412,369.7170676638679,Entire home/apt,False,False,2.0,False,0,1,9.0,90.0,0,3.935020189475922,0.3645609101042149,483.4258071422481,33.60481257654414,792.4123437427209,14.182800224189462,-0.071,51.511,London Borough of Tower Hamlets
1575,333.73315458971285,Entire home/apt,False,False,2.0,False,0,1,9.0,100.0,0,3.9350143045386576,0.3645493176496757,483.43413381094297,33.60539139574812,792.4037374677036,14.182646186862549,-0.071,51.511,London Borough of Tower Hamlets
433,714.0337260989205,Entire home/apt,False,False,2.0,False,0,1,9.0,100.0,1,1.426608494030278,0.1423163865398678,590.5457671330145,41.05113862185058,1527.5297517587069,27.34012093170207,-0.136,51.52,London Borough of Camden
132,128.88355793880382,Private room,False,True,2.0,False,0,0,9.0,95.0,1,7.771005637715522,2.6220688639000422,143.01116265334005,9.941263470663316,300.6139674732116,5.38046621678805,-0.11475,51.43894,London Borough of Lambeth
680,350.66676074225643,Entire home/apt,False,False,2.0,False,0,0,9.0,97.0,1,5.917701872287732,0.668771288965946,195.875898848021,13.616097386197255,431.65562653230216,7.725883582074393,-0.19463,51.54112,London Borough of Camden
1317,344.0814694607117,Entire home/apt,False,False,2.0,False,0,1,9.0,91.0,0,3.93502673784039,0.3645650511862616,483.42598057278855,33.60482463237716,792.4080153033627,14.182722752666985,-0.071,51.511,London Borough of Tower Hamlets
1558,180.3899433194572,Private room,False,True,2.0,False,1,0,10.0,100.0,1,7.286610831922016,0.4937656946668163,153.09823041513565,10.642454877025903,336.0091388111191,6.013978109870685,-0.14515,51.44377,London Borough of Wandsworth
1293,378.8894376631624,Entire home/apt,False,False,2.0,False,0,1,7.0,80.0,0,4.185013803660901,0.4344800749297678,352.034029099943,24.47125783044569,724.2094161973369,12.962086660450336,-0.181,51.49100000000001,Royal Borough of Kensington and Chelsea
1373,369.7170676638679,Entire home/apt,False,False,2.0,False,0,1,10.0,90.0,0,3.9350155248705208,0.3645515333883088,483.4326097700945,33.60528545372701,792.405223092987,14.182672776966507,-0.071,51.511,London Borough of Tower Hamlets
4687,584.444601237094,Entire home/apt,False,False,4.0,False,0,1,8.0,87.0,2,3.83830320711688,0.1669156498500482,272.90716326666563,18.97084089611721,513.9674708911498,9.199122172871943,-0.122,51.474,London Borough of Lambeth
5091,360.7798866389144,Entire home/apt,False,False,2.0,False,0,1,10.0,90.0,0,3.9350278690773792,0.3645666968444838,483.4250080199261,33.60475702643602,792.4087447369003,14.182735808256316,-0.071,51.511,London Borough of Tower Hamlets
1484,353.25383946000613,Entire home/apt,False,False,2.0,False,0,1,8.0,80.0,0,4.185002016230517,0.4344890877699983,352.0352952611351,24.47134584624652,724.2124296814144,12.962140596564517,-0.181,51.49100000000001,Royal Borough of Kensington and Chelsea
195,409.699193301818,Private room,False,True,2.0,False,0,1,8.0,76.0,1,1.4265923947247965,0.1423245717589549,590.5494409384186,41.051394002387205,1527.5355203023912,27.34022417858269,-0.136,51.52,London Borough of Camden
4965,360.7798866389144,Entire home/apt,False,False,2.0,False,0,1,9.0,96.0,0,3.9350243383162367,0.3645632420560812,483.4262313522276,33.604842065033665,792.4091382310105,14.182742851115249,-0.071,51.511,London Borough of Tower Hamlets
1400,194.50128177991016,Private room,False,True,2.0,False,0,1,10.0,95.0,1,2.18043114771659,0.5531878865323704,450.3603218210724,31.30630178015295,973.89867618416,17.431089346340595,-0.118,51.527,London Borough of Camden
484,268.1154307486065,Private room,False,True,2.0,False,0,1,7.0,76.0,1,9.5233097620805,0.2875510182420163,117.41723387925968,8.162129699062017,299.1005052747009,5.353377880547658,-0.165,51.426,London Borough of Wandsworth
1492,353.25383946000613,Entire home/apt,False,False,2.0,False,0,1,8.0,77.0,0,4.185028030857168,0.4345001106575242,352.03010980401007,24.47098538490532,724.2024835255357,12.961962577704842,-0.181,51.49100000000001,Royal Borough of Kensington and Chelsea
1293,378.8894376631624,Entire home/apt,False,False,2.0,False,0,1,7.0,80.0,0,4.185013803660901,0.4344800749297678,352.034029099943,24.47125783044569,724.2094161973369,12.962086660450336,-0.181,51.49100000000001,Royal Borough of Kensington and Chelsea
5091,360.7798866389144,Entire home/apt,False,False,2.0,False,0,1,10.0,90.0,0,3.9350278690773792,0.3645666968444838,483.4250080199261,33.60475702643602,792.4087447369003,14.182735808256316,-0.071,51.511,London Borough of Tower Hamlets
1292,378.8894376631624,Entire home/apt,False,False,2.0,False,0,1,10.0,87.0,0,4.18499620484728,0.4344780546206165,352.03711666160075,24.47147245889393,724.2155649197266,12.96219671186735,-0.181,51.49100000000001,Royal Borough of Kensington and Chelsea
1487,353.25383946000613,Entire home/apt,False,False,2.0,False,0,1,10.0,60.0,0,4.185001714432458,0.4344939213775508,352.0349716407835,24.471323350134185,724.2120163937046,12.96213319943464,-0.181,51.49100000000001,Royal Borough of Kensington and Chelsea
1486,353.25383946000613,Entire home/apt,False,False,2.0,False,0,1,8.0,100.0,0,4.18503097466839,0.4344959094430688,352.02994446355126,24.47097389144541,724.2019404164317,12.961952856998211,-0.181,51.49100000000001,Royal Borough of Kensington and Chelsea
4965,360.7798866389144,Entire home/apt,False,False,2.0,False,0,1,9.0,96.0,0,3.9350243383162367,0.3645632420560812,483.4262313522276,33.604842065033665,792.4091382310105,14.182742851115249,-0.071,51.511,London Borough of Tower Hamlets
4687,584.444601237094,Entire home/apt,False,False,4.0,False,0,1,8.0,87.0,2,3.83830320711688,0.1669156498500482,272.90716326666563,18.97084089611721,513.9674708911498,9.199122172871943,-0.122,51.474,London Borough of Lambeth
1400,194.50128177991016,Private room,False,True,2.0,False,0,1,10.0,95.0,1,2.18043114771659,0.5531878865323704,450.3603218210724,31.30630178015295,973.89867618416,17.431089346340595,-0.118,51.527,London Borough of Camden
5091,360.7798866389144,Entire home/apt,False,False,2.0,False,0,1,10.0,90.0,0,3.9350278690773792,0.3645666968444838,483.4250080199261,33.60475702643602,792.4087447369003,14.182735808256316,-0.071,51.511,London Borough of Tower Hamlets
4960,345.2574143324161,Entire home/apt,False,False,2.0,False,0,1,10.0,94.0,0,3.935032848381165,0.3645703948946772,483.42454812446687,33.60472505730966,792.4063252083831,14.182692502911737,-0.071,51.511,London Borough of Tower Hamlets
1484,353.25383946000613,Entire home/apt,False,False,2.0,False,0,1,8.0,80.0,0,4.185002016230517,0.4344890877699983,352.0352952611351,24.47134584624652,724.2124296814144,12.962140596564517,-0.181,51.49100000000001,Royal Borough of Kensington and Chelsea
5091,360.7798866389144,Entire home/apt,False,False,2.0,False,0,1,10.0,90.0,0,3.9350278690773792,0.3645666968444838,483.4250080199261,33.60475702643602,792.4087447369003,14.182735808256316,-0.071,51.511,London Borough of Tower Hamlets
4965,360.7798866389144,Entire home/apt,False,False,2.0,False,0,1,9.0,96.0,0,3.9350243383162367,0.3645632420560812,483.4262313522276,33.604842065033665,792.4091382310105,14.182742851115249,-0.071,51.511,London Borough of Tower Hamlets
642,451.0924527858134,Entire home/apt,False,False,4.0,False,1,0,10.0,93.0,2,5.878014185741186,0.4765030130813867,213.82649380462635,14.863913225240127,455.4086390243821,8.151021117548254,-0.05025,51.52994,London Borough of Tower Hamlets
1575,333.73315458971285,Entire home/apt,False,False,2.0,False,0,1,9.0,100.0,0,3.9350143045386576,0.3645493176496757,483.43413381094297,33.60539139574812,792.4037374677036,14.182646186862549,-0.071,51.511,London Borough of Tower Hamlets
4965,360.7798866389144,Entire home/apt,False,False,2.0,False,0,1,9.0,96.0,0,3.9350243383162367,0.3645632420560812,483.4262313522276,33.604842065033665,792.4091382310105,14.182742851115249,-0.071,51.511,London Borough of Tower Hamlets
197,376.3023589454127,Private room,False,True,2.0,False,0,1,9.0,82.0,1,1.426607927987838,0.1423155902987533,590.5460442938881,41.05115788838347,1527.528842279423,27.340104653607604,-0.136,51.52,London Borough of Camden
195,409.699193301818,Private room,False,True,2.0,False,0,1,8.0,76.0,1,1.4265923947247965,0.1423245717589549,590.5494409384186,41.051394002387205,1527.5355203023912,27.34022417858269,-0.136,51.52,London Borough of Camden
71,268.1154307486065,Private room,False,True,2.0,False,0,1,9.0,86.0,1,9.523278900165163,0.2875335711338572,117.4176121112398,8.16215599144156,299.0830245814968,5.353065006598316,-0.165,51.426,London Borough of Wandsworth
1488,353.25383946000613,Entire home/apt,False,False,2.0,False,0,1,9.0,80.0,0,4.185010724886019,0.4345029901196403,352.0327694127409,24.471170264677163,724.2080102864783,12.96206149709568,-0.181,51.49100000000001,Royal Borough of Kensington and Chelsea
1490,353.25383946000613,Entire home/apt,False,False,2.0,False,0,1,10.0,90.0,0,4.185001270627941,0.4344823977907617,352.03593693119853,24.47139045123429,724.2133939041784,12.962157854471895,-0.181,51.49100000000001,Royal Borough of Kensington and Chelsea
72,268.1154307486065,Private room,False,True,2.0,False,0,1,8.0,86.0,1,9.52327700258897,0.2875339652323594,117.41763482529036,8.16215757038377,299.0821388250627,5.353049153101521,-0.165,51.426,London Borough of Wandsworth
1487,353.25383946000613,Entire home/apt,False,False,2.0,False,0,1,10.0,60.0,0,4.185001714432458,0.4344939213775508,352.0349716407835,24.471323350134185,724.2120163937046,12.96213319943464,-0.181,51.49100000000001,Royal Borough of Kensington and Chelsea
484,268.1154307486065,Private room,False,True,2.0,False,0,1,7.0,76.0,1,9.5233097620805,0.2875510182420163,117.41723387925968,8.162129699062017,299.1005052747009,5.353377880547658,-0.165,51.426,London Borough of Wandsworth
1486,353.25383946000613,Entire home/apt,False,False,2.0,False,0,1,8.0,100.0,0,4.18503097466839,0.4344959094430688,352.02994446355126,24.47097389144541,724.2019404164317,12.961952856998211,-0.181,51.49100000000001,Royal Borough of Kensington and Chelsea
198,376.3023589454127,Private room,False,True,2.0,False,0,1,9.0,84.0,1,1.4266091415297688,0.1423332007622191,590.5432789998072,41.05096566201091,1527.5471129295904,27.340431666410137,-0.136,51.52,London Borough of Camden
195,409.699193301818,Private room,False,True,2.0,False,0,1,8.0,76.0,1,1.4265923947247965,0.1423245717589549,590.5494409384186,41.051394002387205,1527.5355203023912,27.34022417858269,-0.136,51.52,London Borough of Camden
494,293.9862179261036,Private room,False,True,2.0,False,0,1,9.0,80.0,1,9.504498914219624,0.341377448339851,117.62553999482677,8.176609869273783,286.4742902723464,5.127390632393181,-0.1639999999999999,51.426,London Borough of Wandsworth
4842,532.7030268820997,Entire home/apt,False,False,6.0,False,0,1,7.0,80.0,2,3.8383181203708334,0.1669015016293132,272.9062176781655,18.97077516457401,513.9661347236353,9.199098257801625,-0.122,51.474,London Borough of Lambeth
1292,378.8894376631624,Entire home/apt,False,False,2.0,False,0,1,10.0,87.0,0,4.18499620484728,0.4344780546206165,352.03711666160075,24.47147245889393,724.2155649197266,12.96219671186735,-0.181,51.49100000000001,Royal Borough of Kensington and Chelsea
1389,359.60394176721,Entire home/apt,False,False,2.0,False,0,1,10.0,95.0,0,3.93500771200998,0.3645473153605198,483.43162375157385,33.60521691173546,792.4115335119782,14.182785722470944,-0.071,51.511,London Borough of Tower Hamlets
494,293.9862179261036,Private room,False,True,2.0,False,0,1,9.0,80.0,1,9.504498914219624,0.341377448339851,117.62553999482677,8.176609869273783,286.4742902723464,5.127390632393181,-0.1639999999999999,51.426,London Borough of Wandsworth
1292,378.8894376631624,Entire home/apt,False,False,2.0,False,0,1,10.0,87.0,0,4.18499620484728,0.4344780546206165,352.03711666160075,24.47147245889393,724.2155649197266,12.96219671186735,-0.181,51.49100000000001,Royal Borough of Kensington and Chelsea
4965,360.7798866389144,Entire home/apt,False,False,2.0,False,0,1,9.0,96.0,0,3.9350243383162367,0.3645632420560812,483.4262313522276,33.604842065033665,792.4091382310105,14.182742851115249,-0.071,51.511,London Borough of Tower Hamlets
1293,378.8894376631624,Entire home/apt,False,False,2.0,False,0,1,7.0,80.0,0,4.185013803660901,0.4344800749297678,352.034029099943,24.47125783044569,724.2094161973369,12.962086660450336,-0.181,51.49100000000001,Royal Borough of Kensington and Chelsea
1467,359.60394176721,Entire home/apt,False,False,2.0,False,0,1,10.0,93.0,0,3.9350219760378087,0.3645613550026373,483.4265924890182,33.60486716905994,792.410075352398,14.18275962395521,-0.071,51.511,London Borough of Tower Hamlets
3265,231.4259507514288,Private room,False,True,3.0,False,1,0,9.0,91.0,1,7.221473180349808,0.2871176919469797,163.40928332107714,11.35921636400427,390.75585373319217,6.993848914259006,-0.2116,51.47016,London Borough of Hammersmith and Fulham
483,268.1154307486065,Private room,False,True,2.0,False,0,1,8.0,80.0,1,9.52327699514574,0.287527707201317,117.417637227526,8.162157737372535,299.0813322529376,5.353034716865882,-0.165,51.426,London Borough of Wandsworth
1486,353.25383946000613,Entire home/apt,False,False,2.0,False,0,1,8.0,100.0,0,4.18503097466839,0.4344959094430688,352.02994446355126,24.47097389144541,724.2019404164317,12.961952856998211,-0.181,51.49100000000001,Royal Borough of Kensington and Chelsea
3990,258.7078717749712,Private room,False,True,2.0,True,1,0,8.0,84.0,1,6.449975296632459,1.1320381590114938,205.4489132792369,14.28155494142228,428.3910150856509,7.66745272556001,-0.0347899999999999,51.50485,London Borough of Southwark
1317,344.0814694607117,Entire home/apt,False,False,2.0,False,0,1,9.0,91.0,0,3.93502673784039,0.3645650511862616,483.42598057278855,33.60482463237716,792.4080153033627,14.182722752666985,-0.071,51.511,London Borough of Tower Hamlets
1484,353.25383946000613,Entire home/apt,False,False,2.0,False,0,1,8.0,80.0,0,4.185002016230517,0.4344890877699983,352.0352952611351,24.47134584624652,724.2124296814144,12.962140596564517,-0.181,51.49100000000001,Royal Borough of Kensington and Chelsea
5091,360.7798866389144,Entire home/apt,False,False,2.0,False,0,1,10.0,90.0,0,3.9350278690773792,0.3645666968444838,483.4250080199261,33.60475702643602,792.4087447369003,14.182735808256316,-0.071,51.511,London Borough of Tower Hamlets
1260,369.7170676638679,Entire home/apt,False,False,2.0,False,0,1,10.0,89.0,0,3.935020320745124,0.3645587247752559,483.4282550546191,33.60498274047667,792.4086552797338,14.182734207128908,-0.071,51.511,London Borough of Tower Hamlets
200,376.3023589454127,Private room,False,True,2.0,False,0,1,7.0,70.0,1,1.4265899294226507,0.1423408753715114,590.5479487609099,41.05129027531106,1527.5518228962294,27.340515966606155,-0.136,51.52,London Borough of Camden
433,714.0337260989205,Entire home/apt,False,False,2.0,False,0,1,9.0,100.0,1,1.426608494030278,0.1423163865398678,590.5457671330145,41.05113862185058,1527.5297517587069,27.34012093170207,-0.136,51.52,London Borough of Camden
5091,360.7798866389144,Entire home/apt,False,False,2.0,False,0,1,10.0,90.0,0,3.9350278690773792,0.3645666968444838,483.4250080199261,33.60475702643602,792.4087447369003,14.182735808256316,-0.071,51.511,London Borough of Tower Hamlets
456,997.4364401796844,Entire home/apt,False,False,4.0,False,0,1,9.0,90.0,2,1.4265987691849185,0.1423096938987438,590.5495750942785,41.05140332808406,1527.5213064029413,27.33996977454937,-0.136,51.52,London Borough of Camden
1292,378.8894376631624,Entire home/apt,False,False,2.0,False,0,1,10.0,87.0,0,4.18499620484728,0.4344780546206165,352.03711666160075,24.47147245889393,724.2155649197266,12.96219671186735,-0.181,51.49100000000001,Royal Borough of Kensington and Chelsea
194,440.7441379148145,Private room,False,True,2.0,False,0,1,8.0,80.0,1,1.426611953447417,0.1423164194981613,590.544733118047,41.051066743438895,1527.5303518588885,27.340131672449687,-0.136,51.52,London Borough of Camden
5179,233.0722735718149,Private room,False,True,2.0,False,1,0,10.0,100.0,1,9.742564244361178,2.0518723255036098,114.7305007713035,7.97536440601779,245.84050307184376,4.400116643329642,-0.14048,51.42114,London Borough of Wandsworth
1488,353.25383946000613,Entire home/apt,False,False,2.0,False,0,1,9.0,80.0,0,4.185010724886019,0.4345029901196403,352.0327694127409,24.471170264677163,724.2080102864783,12.96206149709568,-0.181,51.49100000000001,Royal Borough of Kensington and Chelsea
4876,371.1282015099132,Entire home/apt,False,False,2.0,False,0,1,10.0,95.0,0,3.935028437038272,0.3645674139495256,483.4246373406673,33.60473125907558,792.4089376830748,14.182739261656645,-0.071,51.511,London Borough of Tower Hamlets
1488,353.25383946000613,Entire home/apt,False,False,2.0,False,0,1,9.0,80.0,0,4.185010724886019,0.4345029901196403,352.0327694127409,24.471170264677163,724.2080102864783,12.96206149709568,-0.181,51.49100000000001,Royal Borough of Kensington and Chelsea
1293,378.8894376631624,Entire home/apt,False,False,2.0,False,0,1,7.0,80.0,0,4.185013803660901,0.4344800749297678,352.034029099943,24.47125783044569,724.2094161973369,12.962086660450336,-0.181,51.49100000000001,Royal Borough of Kensington and Chelsea
1483,353.25383946000613,Entire home/apt,False,False,2.0,False,0,1,9.0,70.0,0,4.1850164660276645,0.4344985934045747,352.03215328765305,24.471127435420232,724.2065434749488,12.96203524372513,-0.181,51.49100000000001,Royal Borough of Kensington and Chelsea
1224,291.3991392083539,Private room,False,True,2.0,False,1,0,9.0,94.0,1,7.004226298828802,0.3017012981353623,182.23547921824567,12.667898638112767,428.5587578984614,7.670455029627988,-0.2239999999999999,51.49,London Borough of Hammersmith and Fulham
60,293.75102895176275,Private room,False,True,2.0,False,0,1,8.0,76.0,1,9.50450633974499,0.3413801615197919,117.62544927878372,8.176603563247957,286.4755790091257,5.127413698535986,-0.1639999999999999,51.426,London Borough of Wandsworth
743,246.2428561349044,Entire home/apt,False,False,2.0,True,0,1,9.0,96.0,0,3.840192503797897,0.4925670058456749,322.8910339367247,22.44541461746449,920.8704524516414,16.481976539882197,-0.08,51.526,London Borough of Hackney
1575,333.73315458971285,Entire home/apt,False,False,2.0,False,0,1,9.0,100.0,0,3.9350143045386576,0.3645493176496757,483.43413381094297,33.60539139574812,792.4037374677036,14.182646186862549,-0.071,51.511,London Borough of Tower Hamlets
5091,360.7798866389144,Entire home/apt,False,False,2.0,False,0,1,10.0,90.0,0,3.9350278690773792,0.3645666968444838,483.4250080199261,33.60475702643602,792.4087447369003,14.182735808256316,-0.071,51.511,London Borough of Tower Hamlets
1492,353.25383946000613,Entire home/apt,False,False,2.0,False,0,1,8.0,77.0,0,4.185028030857168,0.4345001106575242,352.03010980401007,24.47098538490532,724.2024835255357,12.961962577704842,-0.181,51.49100000000001,Royal Borough of Kensington and Chelsea
4136,517.4157435499424,Entire home/apt,False,False,6.0,False,0,1,10.0,80.0,2,5.939775307304215,0.3776629081531402,206.7874753216797,14.374603607616324,489.5586357353403,8.76224655444718,-0.2,51.48,London Borough of Hammersmith and Fulham
4960,345.2574143324161,Entire home/apt,False,False,2.0,False,0,1,10.0,94.0,0,3.935032848381165,0.3645703948946772,483.42454812446687,33.60472505730966,792.4063252083831,14.182692502911737,-0.071,51.511,London Borough of Tower Hamlets
304,232.13151767445143,Private room,False,True,2.0,False,0,1,9.0,94.0,1,1.902865166492832,0.2385769563104079,548.7999421654321,38.14922357477898,945.4525117044676,16.921952567811434,-0.10222,51.501740000000005,London Borough of Southwark
1373,369.7170676638679,Entire home/apt,False,False,2.0,False,0,1,10.0,90.0,0,3.9350155248705208,0.3645515333883088,483.4326097700945,33.60528545372701,792.405223092987,14.182672776966507,-0.071,51.511,London Borough of Tower Hamlets
1389,359.60394176721,Entire home/apt,False,False,2.0,False,0,1,10.0,95.0,0,3.93500771200998,0.3645473153605198,483.43162375157385,33.60521691173546,792.4115335119782,14.182785722470944,-0.071,51.511,London Borough of Tower Hamlets
62,293.75102895176275,Private room,False,True,2.0,False,0,1,8.0,82.0,1,9.504498818718714,0.3414107900049699,117.6255301675482,8.176609186141336,286.469061605313,5.127297048363907,-0.1639999999999999,51.426,London Borough of Wandsworth
3024,413.697405865613,Entire home/apt,False,False,4.0,False,0,1,9.0,90.0,1,5.486455625438064,0.3988036059841532,237.4855038877781,16.508543255007936,554.4198907915276,9.923150003284391,-0.205,51.518,Royal Borough of Kensington and Chelsea
1447,210.0237540864084,Private room,False,True,2.0,False,0,1,9.0,92.0,1,2.097241955573312,0.1442559620185354,467.6025863755849,32.50487881139342,1058.1870163849746,18.93970376878933,-0.138,51.526,London Borough of Camden
4960,345.2574143324161,Entire home/apt,False,False,2.0,False,0,1,10.0,94.0,0,3.935032848381165,0.3645703948946772,483.42454812446687,33.60472505730966,792.4063252083831,14.182692502911737,-0.071,51.511,London Borough of Tower Hamlets
456,997.4364401796844,Entire home/apt,False,False,4.0,False,0,1,9.0,90.0,2,1.4265987691849185,0.1423096938987438,590.5495750942785,41.05140332808406,1527.5213064029413,27.33996977454937,-0.136,51.52,London Borough of Camden
4138,517.4157435499424,Entire home/apt,False,False,5.0,False,0,1,10.0,20.0,2,5.939780223010478,0.3776627225202749,206.7871999193536,14.374584463326928,489.5578092478432,8.762231761761086,-0.2,51.48,London Borough of Hammersmith and Fulham
1317,344.0814694607117,Entire home/apt,False,False,2.0,False,0,1,9.0,91.0,0,3.93502673784039,0.3645650511862616,483.42598057278855,33.60482463237716,792.4080153033627,14.182722752666985,-0.071,51.511,London Borough of Tower Hamlets
1292,378.8894376631624,Entire home/apt,False,False,2.0,False,0,1,10.0,87.0,0,4.18499620484728,0.4344780546206165,352.03711666160075,24.47147245889393,724.2155649197266,12.96219671186735,-0.181,51.49100000000001,Royal Borough of Kensington and Chelsea
1293,378.8894376631624,Entire home/apt,False,False,2.0,False,0,1,7.0,80.0,0,4.185013803660901,0.4344800749297678,352.034029099943,24.47125783044569,724.2094161973369,12.962086660450336,-0.181,51.49100000000001,Royal Borough of Kensington and Chelsea
1487,353.25383946000613,Entire home/apt,False,False,2.0,False,0,1,10.0,60.0,0,4.185001714432458,0.4344939213775508,352.0349716407835,24.471323350134185,724.2120163937046,12.96213319943464,-0.181,51.49100000000001,Royal Borough of Kensington and Chelsea
1259,359.60394176721,Entire home/apt,False,False,2.0,False,0,1,9.0,92.0,0,3.935028452493092,0.364567577230854,483.4244723244489,33.60471978815489,792.4091712378088,14.182743441879426,-0.071,51.511,London Borough of Tower Hamlets
1292,378.8894376631624,Entire home/apt,False,False,2.0,False,0,1,10.0,87.0,0,4.18499620484728,0.4344780546206165,352.03711666160075,24.47147245889393,724.2155649197266,12.96219671186735,-0.181,51.49100000000001,Royal Borough of Kensington and Chelsea
1490,353.25383946000613,Entire home/apt,False,False,2.0,False,0,1,10.0,90.0,0,4.185001270627941,0.4344823977907617,352.03593693119853,24.47139045123429,724.2133939041784,12.962157854471895,-0.181,51.49100000000001,Royal Borough of Kensington and Chelsea
1317,344.0814694607117,Entire home/apt,False,False,2.0,False,0,1,9.0,91.0,0,3.93502673784039,0.3645650511862616,483.42598057278855,33.60482463237716,792.4080153033627,14.182722752666985,-0.071,51.511,London Borough of Tower Hamlets
1259,359.60394176721,Entire home/apt,False,False,2.0,False,0,1,9.0,92.0,0,3.935028452493092,0.364567577230854,483.4244723244489,33.60471978815489,792.4091712378088,14.182743441879426,-0.071,51.511,London Borough of Tower Hamlets
483,268.1154307486065,Private room,False,True,2.0,False,0,1,8.0,80.0,1,9.52327699514574,0.287527707201317,117.417637227526,8.162157737372535,299.0813322529376,5.353034716865882,-0.165,51.426,London Borough of Wandsworth
1259,359.60394176721,Entire home/apt,False,False,2.0,False,0,1,9.0,92.0,0,3.935028452493092,0.364567577230854,483.4244723244489,33.60471978815489,792.4091712378088,14.182743441879426,-0.071,51.511,London Borough of Tower Hamlets
1493,353.25383946000613,Entire home/apt,False,False,2.0,False,0,1,9.0,90.0,0,4.184992949369395,0.4344902230901254,352.03671763804573,24.471444721210965,724.2153675012788,12.962193178421124,-0.181,51.49100000000001,Royal Borough of Kensington and Chelsea
1493,353.25383946000613,Entire home/apt,False,False,2.0,False,0,1,9.0,90.0,0,4.184992949369395,0.4344902230901254,352.03671763804573,24.471444721210965,724.2153675012788,12.962193178421124,-0.181,51.49100000000001,Royal Borough of Kensington and Chelsea
65,293.75102895176275,Private room,False,True,2.0,False,0,1,8.0,80.0,1,9.50451248267244,0.3414050430232744,117.62536677572383,8.176597828138613,286.4731091772396,5.127369492848753,-0.1639999999999999,51.426,London Borough of Wandsworth
463,135.46884922034857,Private room,False,True,2.0,True,1,0,10.0,98.0,1,8.558337417597492,3.4717017707858258,159.04232233432106,11.055651880435365,307.4722474822101,5.50321747882639,-0.01856,51.47241,Royal Borough of Greenwich
3023,394.4119099696606,Entire home/apt,False,False,4.0,False,0,1,9.0,89.0,1,5.486442382926963,0.3988070819318531,237.4859668878767,16.50857543994988,554.4233559650414,9.923212023852445,-0.205,51.518,Royal Borough of Kensington and Chelsea
195,409.699193301818,Private room,False,True,2.0,False,0,1,8.0,76.0,1,1.4265923947247965,0.1423245717589549,590.5494409384186,41.051394002387205,1527.5355203023912,27.34022417858269,-0.136,51.52,London Borough of Camden
4842,532.7030268820997,Entire home/apt,False,False,6.0,False,0,1,7.0,80.0,2,3.8383181203708334,0.1669015016293132,272.9062176781655,18.97077516457401,513.9661347236353,9.199098257801625,-0.122,51.474,London Borough of Lambeth
1492,353.25383946000613,Entire home/apt,False,False,2.0,False,0,1,8.0,77.0,0,4.185028030857168,0.4345001106575242,352.03010980401007,24.47098538490532,724.2024835255357,12.961962577704842,-0.181,51.49100000000001,Royal Borough of Kensington and Chelsea
1317,344.0814694607117,Entire home/apt,False,False,2.0,False,0,1,9.0,91.0,0,3.93502673784039,0.3645650511862616,483.42598057278855,33.60482463237716,792.4080153033627,14.182722752666985,-0.071,51.511,London Borough of Tower Hamlets
1484,353.25383946000613,Entire home/apt,False,False,2.0,False,0,1,8.0,80.0,0,4.185002016230517,0.4344890877699983,352.0352952611351,24.47134584624652,724.2124296814144,12.962140596564517,-0.181,51.49100000000001,Royal Borough of Kensington and Chelsea
318,979.3268891554364,Entire home/apt,False,False,4.0,False,0,1,9.0,93.0,2,2.334978474612861,0.2083302162176965,510.33109075751776,35.47510373570821,877.9067716782133,15.713001515556702,-0.096,51.501000000000005,London Borough of Southwark
494,293.9862179261036,Private room,False,True,2.0,False,0,1,9.0,80.0,1,9.504498914219624,0.341377448339851,117.62553999482677,8.176609869273783,286.4742902723464,5.127390632393181,-0.1639999999999999,51.426,London Borough of Wandsworth
1483,353.25383946000613,Entire home/apt,False,False,2.0,False,0,1,9.0,70.0,0,4.1850164660276645,0.4344985934045747,352.03215328765305,24.471127435420232,724.2065434749488,12.96203524372513,-0.181,51.49100000000001,Royal Borough of Kensington and Chelsea
1490,353.25383946000613,Entire home/apt,False,False,2.0,False,0,1,10.0,90.0,0,4.185001270627941,0.4344823977907617,352.03593693119853,24.47139045123429,724.2133939041784,12.962157854471895,-0.181,51.49100000000001,Royal Borough of Kensington and Chelsea
4136,517.4157435499424,Entire home/apt,False,False,6.0,False,0,1,10.0,80.0,2,5.939775307304215,0.3776629081531402,206.7874753216797,14.374603607616324,489.5586357353403,8.76224655444718,-0.2,51.48,London Borough of Hammersmith and Fulham
1293,378.8894376631624,Entire home/apt,False,False,2.0,False,0,1,7.0,80.0,0,4.185013803660901,0.4344800749297678,352.034029099943,24.47125783044569,724.2094161973369,12.962086660450336,-0.181,51.49100000000001,Royal Borough of Kensington and Chelsea
199,376.3023589454127,Private room,False,True,2.0,False,0,1,9.0,84.0,1,1.4266116766837378,0.1423209166241567,590.5442015370076,41.05102979116838,1527.5349223559454,27.3402134763832,-0.136,51.52,London Borough of Camden
1490,353.25383946000613,Entire home/apt,False,False,2.0,False,0,1,10.0,90.0,0,4.185001270627941,0.4344823977907617,352.03593693119853,24.47139045123429,724.2133939041784,12.962157854471895,-0.181,51.49100000000001,Royal Borough of Kensington and Chelsea
1484,353.25383946000613,Entire home/apt,False,False,2.0,False,0,1,8.0,80.0,0,4.185002016230517,0.4344890877699983,352.0352952611351,24.47134584624652,724.2124296814144,12.962140596564517,-0.181,51.49100000000001,Royal Borough of Kensington and Chelsea
1317,344.0814694607117,Entire home/apt,False,False,2.0,False,0,1,9.0,91.0,0,3.93502673784039,0.3645650511862616,483.42598057278855,33.60482463237716,792.4080153033627,14.182722752666985,-0.071,51.511,London Borough of Tower Hamlets
1485,353.25383946000613,Entire home/apt,False,False,2.0,False,0,1,7.0,76.0,0,4.185011548057564,0.4344912137629979,352.03354320688,24.471224054124544,724.2089887671192,12.962079010194213,-0.181,51.49100000000001,Royal Borough of Kensington and Chelsea
1293,378.8894376631624,Entire home/apt,False,False,2.0,False,0,1,7.0,80.0,0,4.185013803660901,0.4344800749297678,352.034029099943,24.47125783044569,724.2094161973369,12.962086660450336,-0.181,51.49100000000001,Royal Borough of Kensington and Chelsea
1493,353.25383946000613,Entire home/apt,False,False,2.0,False,0,1,9.0,90.0,0,4.184992949369395,0.4344902230901254,352.03671763804573,24.471444721210965,724.2153675012788,12.962193178421124,-0.181,51.49100000000001,Royal Borough of Kensington and Chelsea
1317,344.0814694607117,Entire home/apt,False,False,2.0,False,0,1,9.0,91.0,0,3.93502673784039,0.3645650511862616,483.42598057278855,33.60482463237716,792.4080153033627,14.182722752666985,-0.071,51.511,London Borough of Tower Hamlets
1292,378.8894376631624,Entire home/apt,False,False,2.0,False,0,1,10.0,87.0,0,4.18499620484728,0.4344780546206165,352.03711666160075,24.47147245889393,724.2155649197266,12.96219671186735,-0.181,51.49100000000001,Royal Borough of Kensington and Chelsea
70,268.1154307486065,Private room,False,True,2.0,False,0,1,8.0,83.0,1,9.523278643586218,0.2875333512821565,117.4176152834318,8.162156211952995,299.08286977124584,5.353062235764571,-0.165,51.426,London Borough of Wandsworth
198,376.3023589454127,Private room,False,True,2.0,False,0,1,9.0,84.0,1,1.4266091415297688,0.1423332007622191,590.5432789998072,41.05096566201091,1527.5471129295904,27.340431666410137,-0.136,51.52,London Borough of Camden
1575,333.73315458971285,Entire home/apt,False,False,2.0,False,0,1,9.0,100.0,0,3.9350143045386576,0.3645493176496757,483.43413381094297,33.60539139574812,792.4037374677036,14.182646186862549,-0.071,51.511,London Borough of Tower Hamlets
3024,413.697405865613,Entire home/apt,False,False,4.0,False,0,1,9.0,90.0,1,5.486455625438064,0.3988036059841532,237.4855038877781,16.508543255007936,554.4198907915276,9.923150003284391,-0.205,51.518,Royal Borough of Kensington and Chelsea
1485,353.25383946000613,Entire home/apt,False,False,2.0,False,0,1,7.0,76.0,0,4.185011548057564,0.4344912137629979,352.03354320688,24.471224054124544,724.2089887671192,12.962079010194213,-0.181,51.49100000000001,Royal Borough of Kensington and Chelsea
1484,353.25383946000613,Entire home/apt,False,False,2.0,False,0,1,8.0,80.0,0,4.185002016230517,0.4344890877699983,352.0352952611351,24.47134584624652,724.2124296814144,12.962140596564517,-0.181,51.49100000000001,Royal Borough of Kensington and Chelsea
246,960.041393259484,Entire home/apt,False,False,2.0,False,1,0,10.0,98.0,1,2.3761569006535743,0.3409667618549267,578.2140363698818,40.19391193904434,1014.2699587751666,18.153664960291973,-0.094,51.504,London Borough of Southwark
1467,359.60394176721,Entire home/apt,False,False,2.0,False,0,1,10.0,93.0,0,3.9350219760378087,0.3645613550026373,483.4265924890182,33.60486716905994,792.410075352398,14.18275962395521,-0.071,51.511,London Borough of Tower Hamlets
69,268.1154307486065,Private room,False,True,2.0,False,0,1,9.0,87.0,1,9.523273118238029,0.2875466134208701,117.4176769453841,8.162160498315698,299.08184286868004,5.3530438559979565,-0.165,51.426,London Borough of Wandsworth
494,293.9862179261036,Private room,False,True,2.0,False,0,1,9.0,80.0,1,9.504498914219624,0.341377448339851,117.62553999482677,8.176609869273783,286.4742902723464,5.127390632393181,-0.1639999999999999,51.426,London Borough of Wandsworth
1492,353.25383946000613,Entire home/apt,False,False,2.0,False,0,1,8.0,77.0,0,4.185028030857168,0.4345001106575242,352.03010980401007,24.47098538490532,724.2024835255357,12.961962577704842,-0.181,51.49100000000001,Royal Borough of Kensington and Chelsea
60,293.75102895176275,Private room,False,True,2.0,False,0,1,8.0,76.0,1,9.50450633974499,0.3413801615197919,117.62544927878372,8.176603563247957,286.4755790091257,5.127413698535986,-0.1639999999999999,51.426,London Borough of Wandsworth
3919,388.0618076624568,Entire home/apt,False,False,3.0,False,1,0,7.0,90.0,1,4.770622964918599,0.0872574810739798,247.59005330198133,17.21094987918473,536.2760097975537,9.598406148066823,-0.18673,51.53008,City of Westminster
1485,353.25383946000613,Entire home/apt,False,False,2.0,False,0,1,7.0,76.0,0,4.185011548057564,0.4344912137629979,352.03354320688,24.471224054124544,724.2089887671192,12.962079010194213,-0.181,51.49100000000001,Royal Borough of Kensington and Chelsea
1235,386.6506738164115,Entire home/apt,False,False,2.0,False,1,0,8.0,81.0,1,7.600140517423975,0.5185289654451471,176.94889783790256,12.300407755680826,380.5215477701517,6.810672670156778,-0.0191,51.49896,London Borough of Tower Hamlets
1493,353.25383946000613,Entire home/apt,False,False,2.0,False,0,1,9.0,90.0,0,4.184992949369395,0.4344902230901254,352.03671763804573,24.471444721210965,724.2153675012788,12.962193178421124,-0.181,51.49100000000001,Royal Borough of Kensington and Chelsea
1492,353.25383946000613,Entire home/apt,False,False,2.0,False,0,1,8.0,77.0,0,4.185028030857168,0.4345001106575242,352.03010980401007,24.47098538490532,724.2024835255357,12.961962577704842,-0.181,51.49100000000001,Royal Borough of Kensington and Chelsea
1389,359.60394176721,Entire home/apt,False,False,2.0,False,0,1,10.0,95.0,0,3.93500771200998,0.3645473153605198,483.43162375157385,33.60521691173546,792.4115335119782,14.182785722470944,-0.071,51.511,London Borough of Tower Hamlets
197,376.3023589454127,Private room,False,True,2.0,False,0,1,9.0,82.0,1,1.426607927987838,0.1423155902987533,590.5460442938881,41.05115788838347,1527.528842279423,27.340104653607604,-0.136,51.52,London Borough of Camden
67,293.75102895176275,Private room,False,True,2.0,False,0,1,9.0,84.0,1,9.50451857010954,0.3413962403710837,117.62529603922582,8.176592910968855,286.47588826825665,5.127419233735566,-0.1639999999999999,51.426,London Borough of Wandsworth
494,293.9862179261036,Private room,False,True,2.0,False,0,1,9.0,80.0,1,9.504498914219624,0.341377448339851,117.62553999482677,8.176609869273783,286.4742902723464,5.127390632393181,-0.1639999999999999,51.426,London Borough of Wandsworth
197,376.3023589454127,Private room,False,True,2.0,False,0,1,9.0,82.0,1,1.426607927987838,0.1423155902987533,590.5460442938881,41.05115788838347,1527.528842279423,27.340104653607604,-0.136,51.52,London Borough of Camden
1467,359.60394176721,Entire home/apt,False,False,2.0,False,0,1,10.0,93.0,0,3.9350219760378087,0.3645613550026373,483.4265924890182,33.60486716905994,792.410075352398,14.18275962395521,-0.071,51.511,London Borough of Tower Hamlets
1485,353.25383946000613,Entire home/apt,False,False,2.0,False,0,1,7.0,76.0,0,4.185011548057564,0.4344912137629979,352.03354320688,24.471224054124544,724.2089887671192,12.962079010194213,-0.181,51.49100000000001,Royal Borough of Kensington and Chelsea
1389,359.60394176721,Entire home/apt,False,False,2.0,False,0,1,10.0,95.0,0,3.93500771200998,0.3645473153605198,483.43162375157385,33.60521691173546,792.4115335119782,14.182785722470944,-0.071,51.511,London Borough of Tower Hamlets
3559,204.37921870222723,Private room,False,True,2.0,False,0,1,8.0,77.0,1,1.892725793085512,0.3178310255592615,549.4161042852787,38.1920554059479,1053.8940160353393,18.86286654281469,-0.14056,51.493390000000005,City of Westminster
1575,333.73315458971285,Entire home/apt,False,False,2.0,False,0,1,9.0,100.0,0,3.9350143045386576,0.3645493176496757,483.43413381094297,33.60539139574812,792.4037374677036,14.182646186862549,-0.071,51.511,London Borough of Tower Hamlets
4960,345.2574143324161,Entire home/apt,False,False,2.0,False,0,1,10.0,94.0,0,3.935032848381165,0.3645703948946772,483.42454812446687,33.60472505730966,792.4063252083831,14.182692502911737,-0.071,51.511,London Borough of Tower Hamlets
5091,360.7798866389144,Entire home/apt,False,False,2.0,False,0,1,10.0,90.0,0,3.9350278690773792,0.3645666968444838,483.4250080199261,33.60475702643602,792.4087447369003,14.182735808256316,-0.071,51.511,London Borough of Tower Hamlets
1575,333.73315458971285,Entire home/apt,False,False,2.0,False,0,1,9.0,100.0,0,3.9350143045386576,0.3645493176496757,483.43413381094297,33.60539139574812,792.4037374677036,14.182646186862549,-0.071,51.511,London Borough of Tower Hamlets
4113,517.4157435499424,Entire home/apt,False,False,5.0,False,0,1,9.0,92.0,2,5.939761862522508,0.377642085785679,206.78797773248056,14.374638532149833,489.5618564754846,8.762304200083827,-0.2,51.48,London Borough of Hammersmith and Fulham
5091,360.7798866389144,Entire home/apt,False,False,2.0,False,0,1,10.0,90.0,0,3.9350278690773792,0.3645666968444838,483.4250080199261,33.60475702643602,792.4087447369003,14.182735808256316,-0.071,51.511,London Borough of Tower Hamlets
263,563.2775935464146,Entire home/apt,False,False,2.0,True,0,1,10.0,96.0,1,3.974111399846936,0.1573774580309824,411.6228809667545,28.6135112415186,814.5478472588775,14.57898716740223,-0.071,51.514,London Borough of Tower Hamlets
1948,203.6736517792046,Private room,False,True,2.0,False,0,0,10.0,99.0,1,7.278509755666888,3.2137371625448385,167.68838731884043,11.656673565742082,328.4913083381354,5.879422043752324,-0.04283,51.4698,London Borough of Lewisham
62,293.75102895176275,Private room,False,True,2.0,False,0,1,8.0,82.0,1,9.504498818718714,0.3414107900049699,117.6255301675482,8.176609186141336,286.469061605313,5.127297048363907,-0.1639999999999999,51.426,London Borough of Wandsworth
4876,371.1282015099132,Entire home/apt,False,False,2.0,False,0,1,10.0,95.0,0,3.935028437038272,0.3645674139495256,483.4246373406673,33.60473125907558,792.4089376830748,14.182739261656645,-0.071,51.511,London Borough of Tower Hamlets
5143,129.11874691314472,Private room,False,True,2.0,False,0,0,10.0,100.0,1,7.52837695935526,2.6387049195426293,152.96926481398836,10.633489975294664,331.1291480187649,5.926634777765406,-0.05899,51.56079,London Borough of Hackney
1487,353.25383946000613,Entire home/apt,False,False,2.0,False,0,1,10.0,60.0,0,4.185001714432458,0.4344939213775508,352.0349716407835,24.471323350134185,724.2120163937046,12.96213319943464,-0.181,51.49100000000001,Royal Borough of Kensington and Chelsea
1492,353.25383946000613,Entire home/apt,False,False,2.0,False,0,1,8.0,77.0,0,4.185028030857168,0.4345001106575242,352.03010980401007,24.47098538490532,724.2024835255357,12.961962577704842,-0.181,51.49100000000001,Royal Borough of Kensington and Chelsea
1575,333.73315458971285,Entire home/apt,False,False,2.0,False,0,1,9.0,100.0,0,3.9350143045386576,0.3645493176496757,483.43413381094297,33.60539139574812,792.4037374677036,14.182646186862549,-0.071,51.511,London Borough of Tower Hamlets
63,293.75102895176275,Private room,False,True,2.0,False,0,1,9.0,86.0,1,9.504509021659857,0.3413939073290762,117.62541230943452,8.176600993364364,286.47405054454595,5.127386341683263,-0.1639999999999999,51.426,London Borough of Wandsworth
483,268.1154307486065,Private room,False,True,2.0,False,0,1,8.0,80.0,1,9.52327699514574,0.287527707201317,117.417637227526,8.162157737372535,299.0813322529376,5.353034716865882,-0.165,51.426,London Borough of Wandsworth
1487,353.25383946000613,Entire home/apt,False,False,2.0,False,0,1,10.0,60.0,0,4.185001714432458,0.4344939213775508,352.0349716407835,24.471323350134185,724.2120163937046,12.96213319943464,-0.181,51.49100000000001,Royal Borough of Kensington and Chelsea
4965,360.7798866389144,Entire home/apt,False,False,2.0,False,0,1,9.0,96.0,0,3.9350243383162367,0.3645632420560812,483.4262313522276,33.604842065033665,792.4091382310105,14.182742851115249,-0.071,51.511,London Borough of Tower Hamlets
1492,353.25383946000613,Entire home/apt,False,False,2.0,False,0,1,8.0,77.0,0,4.185028030857168,0.4345001106575242,352.03010980401007,24.47098538490532,724.2024835255357,12.961962577704842,-0.181,51.49100000000001,Royal Borough of Kensington and Chelsea
484,268.1154307486065,Private room,False,True,2.0,False,0,1,7.0,76.0,1,9.5233097620805,0.2875510182420163,117.41723387925968,8.162129699062017,299.1005052747009,5.353377880547658,-0.165,51.426,London Borough of Wandsworth
1493,353.25383946000613,Entire home/apt,False,False,2.0,False,0,1,9.0,90.0,0,4.184992949369395,0.4344902230901254,352.03671763804573,24.471444721210965,724.2153675012788,12.962193178421124,-0.181,51.49100000000001,Royal Borough of Kensington and Chelsea
1492,353.25383946000613,Entire home/apt,False,False,2.0,False,0,1,8.0,77.0,0,4.185028030857168,0.4345001106575242,352.03010980401007,24.47098538490532,724.2024835255357,12.961962577704842,-0.181,51.49100000000001,Royal Borough of Kensington and Chelsea
4136,517.4157435499424,Entire home/apt,False,False,6.0,False,0,1,10.0,80.0,2,5.939775307304215,0.3776629081531402,206.7874753216797,14.374603607616324,489.5586357353403,8.76224655444718,-0.2,51.48,London Borough of Hammersmith and Fulham
1490,353.25383946000613,Entire home/apt,False,False,2.0,False,0,1,10.0,90.0,0,4.185001270627941,0.4344823977907617,352.03593693119853,24.47139045123429,724.2133939041784,12.962157854471895,-0.181,51.49100000000001,Royal Borough of Kensington and Chelsea
1317,344.0814694607117,Entire home/apt,False,False,2.0,False,0,1,9.0,91.0,0,3.93502673784039,0.3645650511862616,483.42598057278855,33.60482463237716,792.4080153033627,14.182722752666985,-0.071,51.511,London Borough of Tower Hamlets
1575,333.73315458971285,Entire home/apt,False,False,2.0,False,0,1,9.0,100.0,0,3.9350143045386576,0.3645493176496757,483.43413381094297,33.60539139574812,792.4037374677036,14.182646186862549,-0.071,51.511,London Borough of Tower Hamlets
69,268.1154307486065,Private room,False,True,2.0,False,0,1,9.0,87.0,1,9.523273118238029,0.2875466134208701,117.4176769453841,8.162160498315698,299.08184286868004,5.3530438559979565,-0.165,51.426,London Borough of Wandsworth
1389,359.60394176721,Entire home/apt,False,False,2.0,False,0,1,10.0,95.0,0,3.93500771200998,0.3645473153605198,483.43162375157385,33.60521691173546,792.4115335119782,14.182785722470944,-0.071,51.511,London Borough of Tower Hamlets
1487,353.25383946000613,Entire home/apt,False,False,2.0,False,0,1,10.0,60.0,0,4.185001714432458,0.4344939213775508,352.0349716407835,24.471323350134185,724.2120163937046,12.96213319943464,-0.181,51.49100000000001,Royal Borough of Kensington and Chelsea
4965,360.7798866389144,Entire home/apt,False,False,2.0,False,0,1,9.0,96.0,0,3.9350243383162367,0.3645632420560812,483.4262313522276,33.604842065033665,792.4091382310105,14.182742851115249,-0.071,51.511,London Borough of Tower Hamlets
244,376.3023589454127,Private room,False,True,2.0,False,0,1,8.0,71.0,1,1.45665503252898,0.2002586425049781,575.9889832889035,40.03923982461761,1479.725994007153,26.484516962998672,-0.1369999999999999,51.52,London Borough of Camden
12,159.6933135774595,Private room,False,True,2.0,False,0,0,10.0,98.0,1,5.502306364285009,0.7306343033203792,197.2479413583301,13.711473410242291,415.4599840137468,7.436009800883476,-0.12619,51.45888,London Borough of Lambeth
199,376.3023589454127,Private room,False,True,2.0,False,0,1,9.0,84.0,1,1.4266116766837378,0.1423209166241567,590.5442015370076,41.05102979116838,1527.5349223559454,27.3402134763832,-0.136,51.52,London Borough of Camden
1483,353.25383946000613,Entire home/apt,False,False,2.0,False,0,1,9.0,70.0,0,4.1850164660276645,0.4344985934045747,352.03215328765305,24.471127435420232,724.2065434749488,12.96203524372513,-0.181,51.49100000000001,Royal Borough of Kensington and Chelsea
67,293.75102895176275,Private room,False,True,2.0,False,0,1,9.0,84.0,1,9.50451857010954,0.3413962403710837,117.62529603922582,8.176592910968855,286.47588826825665,5.127419233735566,-0.1639999999999999,51.426,London Borough of Wandsworth
1467,359.60394176721,Entire home/apt,False,False,2.0,False,0,1,10.0,93.0,0,3.9350219760378087,0.3645613550026373,483.4265924890182,33.60486716905994,792.410075352398,14.18275962395521,-0.071,51.511,London Borough of Tower Hamlets
1293,378.8894376631624,Entire home/apt,False,False,2.0,False,0,1,7.0,80.0,0,4.185013803660901,0.4344800749297678,352.034029099943,24.47125783044569,724.2094161973369,12.962086660450336,-0.181,51.49100000000001,Royal Borough of Kensington and Chelsea
4965,360.7798866389144,Entire home/apt,False,False,2.0,False,0,1,9.0,96.0,0,3.9350243383162367,0.3645632420560812,483.4262313522276,33.604842065033665,792.4091382310105,14.182742851115249,-0.071,51.511,London Borough of Tower Hamlets
1260,369.7170676638679,Entire home/apt,False,False,2.0,False,0,1,10.0,89.0,0,3.935020320745124,0.3645587247752559,483.4282550546191,33.60498274047667,792.4086552797338,14.182734207128908,-0.071,51.511,London Borough of Tower Hamlets
1259,359.60394176721,Entire home/apt,False,False,2.0,False,0,1,9.0,92.0,0,3.935028452493092,0.364567577230854,483.4244723244489,33.60471978815489,792.4091712378088,14.182743441879426,-0.071,51.511,London Borough of Tower Hamlets
1488,353.25383946000613,Entire home/apt,False,False,2.0,False,0,1,9.0,80.0,0,4.185010724886019,0.4345029901196403,352.0327694127409,24.471170264677163,724.2080102864783,12.96206149709568,-0.181,51.49100000000001,Royal Borough of Kensington and Chelsea
1484,353.25383946000613,Entire home/apt,False,False,2.0,False,0,1,8.0,80.0,0,4.185002016230517,0.4344890877699983,352.0352952611351,24.47134584624652,724.2124296814144,12.962140596564517,-0.181,51.49100000000001,Royal Borough of Kensington and Chelsea
198,376.3023589454127,Private room,False,True,2.0,False,0,1,9.0,84.0,1,1.4266091415297688,0.1423332007622191,590.5432789998072,41.05096566201091,1527.5471129295904,27.340431666410137,-0.136,51.52,London Borough of Camden
1389,359.60394176721,Entire home/apt,False,False,2.0,False,0,1,10.0,95.0,0,3.93500771200998,0.3645473153605198,483.43162375157385,33.60521691173546,792.4115335119782,14.182785722470944,-0.071,51.511,London Borough of Tower Hamlets
4965,360.7798866389144,Entire home/apt,False,False,2.0,False,0,1,9.0,96.0,0,3.9350243383162367,0.3645632420560812,483.4262313522276,33.604842065033665,792.4091382310105,14.182742851115249,-0.071,51.511,London Borough of Tower Hamlets
4876,371.1282015099132,Entire home/apt,False,False,2.0,False,0,1,10.0,95.0,0,3.935028437038272,0.3645674139495256,483.4246373406673,33.60473125907558,792.4089376830748,14.182739261656645,-0.071,51.511,London Borough of Tower Hamlets
1490,353.25383946000613,Entire home/apt,False,False,2.0,False,0,1,10.0,90.0,0,4.185001270627941,0.4344823977907617,352.03593693119853,24.47139045123429,724.2133939041784,12.962157854471895,-0.181,51.49100000000001,Royal Borough of Kensington and Chelsea
5091,360.7798866389144,Entire home/apt,False,False,2.0,False,0,1,10.0,90.0,0,3.9350278690773792,0.3645666968444838,483.4250080199261,33.60475702643602,792.4087447369003,14.182735808256316,-0.071,51.511,London Borough of Tower Hamlets
744,245.0669112632,Entire home/apt,False,False,2.0,True,0,1,10.0,95.0,0,3.840192483965099,0.49256287132694,322.8905896032651,22.4453837301134,920.880830850882,16.48216229514489,-0.08,51.526,London Borough of Hackney
1484,353.25383946000613,Entire home/apt,False,False,2.0,False,0,1,8.0,80.0,0,4.185002016230517,0.4344890877699983,352.0352952611351,24.47134584624652,724.2124296814144,12.962140596564517,-0.181,51.49100000000001,Royal Borough of Kensington and Chelsea
1485,353.25383946000613,Entire home/apt,False,False,2.0,False,0,1,7.0,76.0,0,4.185011548057564,0.4344912137629979,352.03354320688,24.471224054124544,724.2089887671192,12.962079010194213,-0.181,51.49100000000001,Royal Borough of Kensington and Chelsea
1292,378.8894376631624,Entire home/apt,False,False,2.0,False,0,1,10.0,87.0,0,4.18499620484728,0.4344780546206165,352.03711666160075,24.47147245889393,724.2155649197266,12.96219671186735,-0.181,51.49100000000001,Royal Borough of Kensington and Chelsea
494,293.9862179261036,Private room,False,True,2.0,False,0,1,9.0,80.0,1,9.504498914219624,0.341377448339851,117.62553999482677,8.176609869273783,286.4742902723464,5.127390632393181,-0.1639999999999999,51.426,London Borough of Wandsworth
1260,369.7170676638679,Entire home/apt,False,False,2.0,False,0,1,10.0,89.0,0,3.935020320745124,0.3645587247752559,483.4282550546191,33.60498274047667,792.4086552797338,14.182734207128908,-0.071,51.511,London Borough of Tower Hamlets
4876,371.1282015099132,Entire home/apt,False,False,2.0,False,0,1,10.0,95.0,0,3.935028437038272,0.3645674139495256,483.4246373406673,33.60473125907558,792.4089376830748,14.182739261656645,-0.071,51.511,London Borough of Tower Hamlets
71,268.1154307486065,Private room,False,True,2.0,False,0,1,9.0,86.0,1,9.523278900165163,0.2875335711338572,117.4176121112398,8.16215599144156,299.0830245814968,5.353065006598316,-0.165,51.426,London Borough of Wandsworth
1483,353.25383946000613,Entire home/apt,False,False,2.0,False,0,1,9.0,70.0,0,4.1850164660276645,0.4344985934045747,352.03215328765305,24.471127435420232,724.2065434749488,12.96203524372513,-0.181,51.49100000000001,Royal Borough of Kensington and Chelsea
1484,353.25383946000613,Entire home/apt,False,False,2.0,False,0,1,8.0,80.0,0,4.185002016230517,0.4344890877699983,352.0352952611351,24.47134584624652,724.2124296814144,12.962140596564517,-0.181,51.49100000000001,Royal Borough of Kensington and Chelsea
1412,369.7170676638679,Entire home/apt,False,False,2.0,False,0,1,9.0,90.0,0,3.935020189475922,0.3645609101042149,483.4258071422481,33.60481257654414,792.4123437427209,14.182800224189462,-0.071,51.511,London Borough of Tower Hamlets
4876,371.1282015099132,Entire home/apt,False,False,2.0,False,0,1,10.0,95.0,0,3.935028437038272,0.3645674139495256,483.4246373406673,33.60473125907558,792.4089376830748,14.182739261656645,-0.071,51.511,London Borough of Tower Hamlets
200,376.3023589454127,Private room,False,True,2.0,False,0,1,7.0,70.0,1,1.4265899294226507,0.1423408753715114,590.5479487609099,41.05129027531106,1527.5518228962294,27.340515966606155,-0.136,51.52,London Borough of Camden
70,268.1154307486065,Private room,False,True,2.0,False,0,1,8.0,83.0,1,9.523278643586218,0.2875333512821565,117.4176152834318,8.162156211952995,299.08286977124584,5.353062235764571,-0.165,51.426,London Borough of Wandsworth
4876,371.1282015099132,Entire home/apt,False,False,2.0,False,0,1,10.0,95.0,0,3.935028437038272,0.3645674139495256,483.4246373406673,33.60473125907558,792.4089376830748,14.182739261656645,-0.071,51.511,London Borough of Tower Hamlets
4729,530.3511371386909,Entire home/apt,False,False,4.0,False,0,1,9.0,93.0,1,4.388505954031904,1.0433336215883418,293.76517029552605,20.420762283369186,719.3547046735257,12.875195783204438,-0.071,51.526,London Borough of Tower Hamlets
4965,360.7798866389144,Entire home/apt,False,False,2.0,False,0,1,9.0,96.0,0,3.9350243383162367,0.3645632420560812,483.4262313522276,33.604842065033665,792.4091382310105,14.182742851115249,-0.071,51.511,London Borough of Tower Hamlets
4876,371.1282015099132,Entire home/apt,False,False,2.0,False,0,1,10.0,95.0,0,3.935028437038272,0.3645674139495256,483.4246373406673,33.60473125907558,792.4089376830748,14.182739261656645,-0.071,51.511,London Borough of Tower Hamlets
1292,378.8894376631624,Entire home/apt,False,False,2.0,False,0,1,10.0,87.0,0,4.18499620484728,0.4344780546206165,352.03711666160075,24.47147245889393,724.2155649197266,12.96219671186735,-0.181,51.49100000000001,Royal Borough of Kensington and Chelsea
195,409.699193301818,Private room,False,True,2.0,False,0,1,8.0,76.0,1,1.4265923947247965,0.1423245717589549,590.5494409384186,41.051394002387205,1527.5355203023912,27.34022417858269,-0.136,51.52,London Borough of Camden
4965,360.7798866389144,Entire home/apt,False,False,2.0,False,0,1,9.0,96.0,0,3.9350243383162367,0.3645632420560812,483.4262313522276,33.604842065033665,792.4091382310105,14.182742851115249,-0.071,51.511,London Borough of Tower Hamlets
483,268.1154307486065,Private room,False,True,2.0,False,0,1,8.0,80.0,1,9.52327699514574,0.287527707201317,117.417637227526,8.162157737372535,299.0813322529376,5.353034716865882,-0.165,51.426,London Borough of Wandsworth
1575,333.73315458971285,Entire home/apt,False,False,2.0,False,0,1,9.0,100.0,0,3.9350143045386576,0.3645493176496757,483.43413381094297,33.60539139574812,792.4037374677036,14.182646186862549,-0.071,51.511,London Borough of Tower Hamlets
1389,359.60394176721,Entire home/apt,False,False,2.0,False,0,1,10.0,95.0,0,3.93500771200998,0.3645473153605198,483.43162375157385,33.60521691173546,792.4115335119782,14.182785722470944,-0.071,51.511,London Borough of Tower Hamlets
1389,359.60394176721,Entire home/apt,False,False,2.0,False,0,1,10.0,95.0,0,3.93500771200998,0.3645473153605198,483.43162375157385,33.60521691173546,792.4115335119782,14.182785722470944,-0.071,51.511,London Borough of Tower Hamlets
4960,345.2574143324161,Entire home/apt,False,False,2.0,False,0,1,10.0,94.0,0,3.935032848381165,0.3645703948946772,483.42454812446687,33.60472505730966,792.4063252083831,14.182692502911737,-0.071,51.511,London Borough of Tower Hamlets
1412,369.7170676638679,Entire home/apt,False,False,2.0,False,0,1,9.0,90.0,0,3.935020189475922,0.3645609101042149,483.4258071422481,33.60481257654414,792.4123437427209,14.182800224189462,-0.071,51.511,London Borough of Tower Hamlets
4842,532.7030268820997,Entire home/apt,False,False,6.0,False,0,1,7.0,80.0,2,3.8383181203708334,0.1669015016293132,272.9062176781655,18.97077516457401,513.9661347236353,9.199098257801625,-0.122,51.474,London Borough of Lambeth
1373,369.7170676638679,Entire home/apt,False,False,2.0,False,0,1,10.0,90.0,0,3.9350155248705208,0.3645515333883088,483.4326097700945,33.60528545372701,792.405223092987,14.182672776966507,-0.071,51.511,London Borough of Tower Hamlets
5091,360.7798866389144,Entire home/apt,False,False,2.0,False,0,1,10.0,90.0,0,3.9350278690773792,0.3645666968444838,483.4250080199261,33.60475702643602,792.4087447369003,14.182735808256316,-0.071,51.511,London Borough of Tower Hamlets
3293,672.6404666149251,Entire home/apt,False,False,4.0,False,0,1,10.0,90.0,2,3.986936906139544,0.5168636363954706,296.8569386547627,20.63568315583238,637.069269426966,11.402429869500615,-0.17755,51.52591,City of Westminster
1575,333.73315458971285,Entire home/apt,False,False,2.0,False,0,1,9.0,100.0,0,3.9350143045386576,0.3645493176496757,483.43413381094297,33.60539139574812,792.4037374677036,14.182646186862549,-0.071,51.511,London Borough of Tower Hamlets
1467,359.60394176721,Entire home/apt,False,False,2.0,False,0,1,10.0,93.0,0,3.9350219760378087,0.3645613550026373,483.4265924890182,33.60486716905994,792.410075352398,14.18275962395521,-0.071,51.511,London Borough of Tower Hamlets
1412,369.7170676638679,Entire home/apt,False,False,2.0,False,0,1,9.0,90.0,0,3.935020189475922,0.3645609101042149,483.4258071422481,33.60481257654414,792.4123437427209,14.182800224189462,-0.071,51.511,London Borough of Tower Hamlets
3758,613.1376561066817,Entire home/apt,False,False,6.0,False,0,1,9.0,85.0,2,3.264475179504736,0.8286831822423374,316.0596928321572,21.970541464079275,578.2783820037307,10.350175424058406,-0.129,51.479,London Borough of Lambeth
62,293.75102895176275,Private room,False,True,2.0,False,0,1,8.0,82.0,1,9.504498818718714,0.3414107900049699,117.6255301675482,8.176609186141336,286.469061605313,5.127297048363907,-0.1639999999999999,51.426,London Borough of Wandsworth
1486,353.25383946000613,Entire home/apt,False,False,2.0,False,0,1,8.0,100.0,0,4.18503097466839,0.4344959094430688,352.02994446355126,24.47097389144541,724.2019404164317,12.961952856998211,-0.181,51.49100000000001,Royal Borough of Kensington and Chelsea
1412,369.7170676638679,Entire home/apt,False,False,2.0,False,0,1,9.0,90.0,0,3.935020189475922,0.3645609101042149,483.4258071422481,33.60481257654414,792.4123437427209,14.182800224189462,-0.071,51.511,London Borough of Tower Hamlets
563,468.4964368870387,Entire home/apt,False,False,4.0,True,0,1,9.0,95.0,1,7.523485836209796,0.797154609010418,177.7443449558214,12.355702386040411,365.7754583005264,6.546743362786445,-0.0208199999999999,51.49658,London Borough of Tower Hamlets
4960,345.2574143324161,Entire home/apt,False,False,2.0,False,0,1,10.0,94.0,0,3.935032848381165,0.3645703948946772,483.42454812446687,33.60472505730966,792.4063252083831,14.182692502911737,-0.071,51.511,London Borough of Tower Hamlets
799,245.0669112632,Entire home/apt,False,False,2.0,True,0,1,9.0,95.0,0,3.840185512604456,0.4925526862242009,322.89067064855345,22.445389363887365,920.8886951934688,16.48230305317407,-0.08,51.526,London Borough of Hackney
1317,344.0814694607117,Entire home/apt,False,False,2.0,False,0,1,9.0,91.0,0,3.93502673784039,0.3645650511862616,483.42598057278855,33.60482463237716,792.4080153033627,14.182722752666985,-0.071,51.511,London Borough of Tower Hamlets
1485,353.25383946000613,Entire home/apt,False,False,2.0,False,0,1,7.0,76.0,0,4.185011548057564,0.4344912137629979,352.03354320688,24.471224054124544,724.2089887671192,12.962079010194213,-0.181,51.49100000000001,Royal Borough of Kensington and Chelsea
1490,353.25383946000613,Entire home/apt,False,False,2.0,False,0,1,10.0,90.0,0,4.185001270627941,0.4344823977907617,352.03593693119853,24.47139045123429,724.2133939041784,12.962157854471895,-0.181,51.49100000000001,Royal Borough of Kensington and Chelsea
1575,333.73315458971285,Entire home/apt,False,False,2.0,False,0,1,9.0,100.0,0,3.9350143045386576,0.3645493176496757,483.43413381094297,33.60539139574812,792.4037374677036,14.182646186862549,-0.071,51.511,London Borough of Tower Hamlets
4960,345.2574143324161,Entire home/apt,False,False,2.0,False,0,1,10.0,94.0,0,3.935032848381165,0.3645703948946772,483.42454812446687,33.60472505730966,792.4063252083831,14.182692502911737,-0.071,51.511,London Borough of Tower Hamlets
197,376.3023589454127,Private room,False,True,2.0,False,0,1,9.0,82.0,1,1.426607927987838,0.1423155902987533,590.5460442938881,41.05115788838347,1527.528842279423,27.340104653607604,-0.136,51.52,London Borough of Camden
4689,651.7086478985865,Entire home/apt,False,False,4.0,False,0,1,6.0,60.0,2,3.8383031440198696,0.1669148449205097,272.90715923601664,18.97084061593108,513.9675838296155,9.199124194273695,-0.122,51.474,London Borough of Lambeth
1492,353.25383946000613,Entire home/apt,False,False,2.0,False,0,1,8.0,77.0,0,4.185028030857168,0.4345001106575242,352.03010980401007,24.47098538490532,724.2024835255357,12.961962577704842,-0.181,51.49100000000001,Royal Borough of Kensington and Chelsea
1485,353.25383946000613,Entire home/apt,False,False,2.0,False,0,1,7.0,76.0,0,4.185011548057564,0.4344912137629979,352.03354320688,24.471224054124544,724.2089887671192,12.962079010194213,-0.181,51.49100000000001,Royal Borough of Kensington and Chelsea
1492,353.25383946000613,Entire home/apt,False,False,2.0,False,0,1,8.0,77.0,0,4.185028030857168,0.4345001106575242,352.03010980401007,24.47098538490532,724.2024835255357,12.961962577704842,-0.181,51.49100000000001,Royal Borough of Kensington and Chelsea
1485,353.25383946000613,Entire home/apt,False,False,2.0,False,0,1,7.0,76.0,0,4.185011548057564,0.4344912137629979,352.03354320688,24.471224054124544,724.2089887671192,12.962079010194213,-0.181,51.49100000000001,Royal Borough of Kensington and Chelsea
1412,369.7170676638679,Entire home/apt,False,False,2.0,False,0,1,9.0,90.0,0,3.935020189475922,0.3645609101042149,483.4258071422481,33.60481257654414,792.4123437427209,14.182800224189462,-0.071,51.511,London Borough of Tower Hamlets
198,376.3023589454127,Private room,False,True,2.0,False,0,1,9.0,84.0,1,1.4266091415297688,0.1423332007622191,590.5432789998072,41.05096566201091,1527.5471129295904,27.340431666410137,-0.136,51.52,London Borough of Camden
2332,302.92339895105715,Private room,False,True,2.0,False,1,0,10.0,100.0,1,7.535363728114435,0.2030172262117885,181.6790934172399,12.629222091915167,428.6213312421865,7.671574983450541,-0.01949,51.50187,London Borough of Tower Hamlets
1317,344.0814694607117,Entire home/apt,False,False,2.0,False,0,1,9.0,91.0,0,3.93502673784039,0.3645650511862616,483.42598057278855,33.60482463237716,792.4080153033627,14.182722752666985,-0.071,51.511,London Borough of Tower Hamlets
799,245.0669112632,Entire home/apt,False,False,2.0,True,0,1,9.0,95.0,0,3.840185512604456,0.4925526862242009,322.89067064855345,22.445389363887365,920.8886951934688,16.48230305317407,-0.08,51.526,London Borough of Hackney
2843,235.42416331522367,Private room,False,True,2.0,False,0,1,9.0,83.0,1,8.652987667838618,0.7015956519903372,129.08377063677744,8.973116153160001,290.3949744180846,5.197564047055693,-0.1689999999999999,51.435,London Borough of Wandsworth
456,997.4364401796844,Entire home/apt,False,False,4.0,False,0,1,9.0,90.0,2,1.4265987691849185,0.1423096938987438,590.5495750942785,41.05140332808406,1527.5213064029413,27.33996977454937,-0.136,51.52,London Borough of Camden
1259,359.60394176721,Entire home/apt,False,False,2.0,False,0,1,9.0,92.0,0,3.935028452493092,0.364567577230854,483.4244723244489,33.60471978815489,792.4091712378088,14.182743441879426,-0.071,51.511,London Borough of Tower Hamlets
1292,378.8894376631624,Entire home/apt,False,False,2.0,False,0,1,10.0,87.0,0,4.18499620484728,0.4344780546206165,352.03711666160075,24.47147245889393,724.2155649197266,12.96219671186735,-0.181,51.49100000000001,Royal Borough of Kensington and Chelsea
1487,353.25383946000613,Entire home/apt,False,False,2.0,False,0,1,10.0,60.0,0,4.185001714432458,0.4344939213775508,352.0349716407835,24.471323350134185,724.2120163937046,12.96213319943464,-0.181,51.49100000000001,Royal Borough of Kensington and Chelsea
1389,359.60394176721,Entire home/apt,False,False,2.0,False,0,1,10.0,95.0,0,3.93500771200998,0.3645473153605198,483.43162375157385,33.60521691173546,792.4115335119782,14.182785722470944,-0.071,51.511,London Borough of Tower Hamlets
1131,274.7007220301512,Entire home/apt,False,False,2.0,False,0,0,9.0,91.0,1,9.080836027556048,3.5114189269522176,150.1245087014466,10.43573988712071,288.06962215825627,5.155944293385222,-0.01169,51.47048,London Borough of Lewisham
1467,359.60394176721,Entire home/apt,False,False,2.0,False,0,1,10.0,93.0,0,3.9350219760378087,0.3645613550026373,483.4265924890182,33.60486716905994,792.410075352398,14.18275962395521,-0.071,51.511,London Borough of Tower Hamlets
1575,333.73315458971285,Entire home/apt,False,False,2.0,False,0,1,9.0,100.0,0,3.9350143045386576,0.3645493176496757,483.43413381094297,33.60539139574812,792.4037374677036,14.182646186862549,-0.071,51.511,London Borough of Tower Hamlets
70,268.1154307486065,Private room,False,True,2.0,False,0,1,8.0,83.0,1,9.523278643586218,0.2875333512821565,117.4176152834318,8.162156211952995,299.08286977124584,5.353062235764571,-0.165,51.426,London Borough of Wandsworth
744,245.0669112632,Entire home/apt,False,False,2.0,True,0,1,10.0,95.0,0,3.840192483965099,0.49256287132694,322.8905896032651,22.4453837301134,920.880830850882,16.48216229514489,-0.08,51.526,London Borough of Hackney
494,293.9862179261036,Private room,False,True,2.0,False,0,1,9.0,80.0,1,9.504498914219624,0.341377448339851,117.62553999482677,8.176609869273783,286.4742902723464,5.127390632393181,-0.1639999999999999,51.426,London Borough of Wandsworth
483,268.1154307486065,Private room,False,True,2.0,False,0,1,8.0,80.0,1,9.52327699514574,0.287527707201317,117.417637227526,8.162157737372535,299.0813322529376,5.353034716865882,-0.165,51.426,London Borough of Wandsworth
1317,344.0814694607117,Entire home/apt,False,False,2.0,False,0,1,9.0,91.0,0,3.93502673784039,0.3645650511862616,483.42598057278855,33.60482463237716,792.4080153033627,14.182722752666985,-0.071,51.511,London Borough of Tower Hamlets
456,997.4364401796844,Entire home/apt,False,False,4.0,False,0,1,9.0,90.0,2,1.4265987691849185,0.1423096938987438,590.5495750942785,41.05140332808406,1527.5213064029413,27.33996977454937,-0.136,51.52,London Borough of Camden
1373,369.7170676638679,Entire home/apt,False,False,2.0,False,0,1,10.0,90.0,0,3.9350155248705208,0.3645515333883088,483.4326097700945,33.60528545372701,792.405223092987,14.182672776966507,-0.071,51.511,London Borough of Tower Hamlets
1575,333.73315458971285,Entire home/apt,False,False,2.0,False,0,1,9.0,100.0,0,3.9350143045386576,0.3645493176496757,483.43413381094297,33.60539139574812,792.4037374677036,14.182646186862549,-0.071,51.511,London Borough of Tower Hamlets
1389,359.60394176721,Entire home/apt,False,False,2.0,False,0,1,10.0,95.0,0,3.93500771200998,0.3645473153605198,483.43162375157385,33.60521691173546,792.4115335119782,14.182785722470944,-0.071,51.511,London Borough of Tower Hamlets
62,293.75102895176275,Private room,False,True,2.0,False,0,1,8.0,82.0,1,9.504498818718714,0.3414107900049699,117.6255301675482,8.176609186141336,286.469061605313,5.127297048363907,-0.1639999999999999,51.426,London Borough of Wandsworth
1412,369.7170676638679,Entire home/apt,False,False,2.0,False,0,1,9.0,90.0,0,3.935020189475922,0.3645609101042149,483.4258071422481,33.60481257654414,792.4123437427209,14.182800224189462,-0.071,51.511,London Borough of Tower Hamlets
1389,359.60394176721,Entire home/apt,False,False,2.0,False,0,1,10.0,95.0,0,3.93500771200998,0.3645473153605198,483.43162375157385,33.60521691173546,792.4115335119782,14.182785722470944,-0.071,51.511,London Borough of Tower Hamlets
1317,344.0814694607117,Entire home/apt,False,False,2.0,False,0,1,9.0,91.0,0,3.93502673784039,0.3645650511862616,483.42598057278855,33.60482463237716,792.4080153033627,14.182722752666985,-0.071,51.511,London Borough of Tower Hamlets
744,245.0669112632,Entire home/apt,False,False,2.0,True,0,1,10.0,95.0,0,3.840192483965099,0.49256287132694,322.8905896032651,22.4453837301134,920.880830850882,16.48216229514489,-0.08,51.526,London Borough of Hackney
1259,359.60394176721,Entire home/apt,False,False,2.0,False,0,1,9.0,92.0,0,3.935028452493092,0.364567577230854,483.4244723244489,33.60471978815489,792.4091712378088,14.182743441879426,-0.071,51.511,London Borough of Tower Hamlets
1486,353.25383946000613,Entire home/apt,False,False,2.0,False,0,1,8.0,100.0,0,4.18503097466839,0.4344959094430688,352.02994446355126,24.47097389144541,724.2019404164317,12.961952856998211,-0.181,51.49100000000001,Royal Borough of Kensington and Chelsea
4138,517.4157435499424,Entire home/apt,False,False,5.0,False,0,1,10.0,20.0,2,5.939780223010478,0.3776627225202749,206.7871999193536,14.374584463326928,489.5578092478432,8.762231761761086,-0.2,51.48,London Borough of Hammersmith and Fulham
456,997.4364401796844,Entire home/apt,False,False,4.0,False,0,1,9.0,90.0,2,1.4265987691849185,0.1423096938987438,590.5495750942785,41.05140332808406,1527.5213064029413,27.33996977454937,-0.136,51.52,London Borough of Camden
1260,369.7170676638679,Entire home/apt,False,False,2.0,False,0,1,10.0,89.0,0,3.935020320745124,0.3645587247752559,483.4282550546191,33.60498274047667,792.4086552797338,14.182734207128908,-0.071,51.511,London Borough of Tower Hamlets
1493,353.25383946000613,Entire home/apt,False,False,2.0,False,0,1,9.0,90.0,0,4.184992949369395,0.4344902230901254,352.03671763804573,24.471444721210965,724.2153675012788,12.962193178421124,-0.181,51.49100000000001,Royal Borough of Kensington and Chelsea
533,257.76711587760764,Entire home/apt,False,False,4.0,False,0,0,10.0,98.0,1,10.358660516704289,5.232082252483457,118.93324841614584,8.26751377997515,241.4372420011732,4.321305942570861,-0.00648,51.45396,London Borough of Lewisham
62,293.75102895176275,Private room,False,True,2.0,False,0,1,8.0,82.0,1,9.504498818718714,0.3414107900049699,117.6255301675482,8.176609186141336,286.469061605313,5.127297048363907,-0.1639999999999999,51.426,London Borough of Wandsworth
4960,345.2574143324161,Entire home/apt,False,False,2.0,False,0,1,10.0,94.0,0,3.935032848381165,0.3645703948946772,483.42454812446687,33.60472505730966,792.4063252083831,14.182692502911737,-0.071,51.511,London Borough of Tower Hamlets
3142,333.73315458971285,Entire home/apt,False,False,3.0,False,0,1,8.0,81.0,1,5.795106209221611,0.2196960471863739,217.9901451919484,15.15334486591349,506.90614507665015,9.072736744709715,-0.205,51.489,London Borough of Hammersmith and Fulham
1412,369.7170676638679,Entire home/apt,False,False,2.0,False,0,1,9.0,90.0,0,3.935020189475922,0.3645609101042149,483.4258071422481,33.60481257654414,792.4123437427209,14.182800224189462,-0.071,51.511,London Borough of Tower Hamlets
200,376.3023589454127,Private room,False,True,2.0,False,0,1,7.0,70.0,1,1.4265899294226507,0.1423408753715114,590.5479487609099,41.05129027531106,1527.5518228962294,27.340515966606155,-0.136,51.52,London Borough of Camden
1484,353.25383946000613,Entire home/apt,False,False,2.0,False,0,1,8.0,80.0,0,4.185002016230517,0.4344890877699983,352.0352952611351,24.47134584624652,724.2124296814144,12.962140596564517,-0.181,51.49100000000001,Royal Borough of Kensington and Chelsea
4965,360.7798866389144,Entire home/apt,False,False,2.0,False,0,1,9.0,96.0,0,3.9350243383162367,0.3645632420560812,483.4262313522276,33.604842065033665,792.4091382310105,14.182742851115249,-0.071,51.511,London Borough of Tower Hamlets
4876,371.1282015099132,Entire home/apt,False,False,2.0,False,0,1,10.0,95.0,0,3.935028437038272,0.3645674139495256,483.4246373406673,33.60473125907558,792.4089376830748,14.182739261656645,-0.071,51.511,London Borough of Tower Hamlets
4965,360.7798866389144,Entire home/apt,False,False,2.0,False,0,1,9.0,96.0,0,3.9350243383162367,0.3645632420560812,483.4262313522276,33.604842065033665,792.4091382310105,14.182742851115249,-0.071,51.511,London Borough of Tower Hamlets
3391,349.0204379218702,Entire home/apt,False,False,2.0,True,0,1,10.0,100.0,1,6.169126940654023,0.7022085506021063,207.63055192501344,14.433209149199175,486.2417819592777,8.702880651265318,-0.21629,51.50615,Royal Borough of Kensington and Chelsea
1293,378.8894376631624,Entire home/apt,False,False,2.0,False,0,1,7.0,80.0,0,4.185013803660901,0.4344800749297678,352.034029099943,24.47125783044569,724.2094161973369,12.962086660450336,-0.181,51.49100000000001,Royal Borough of Kensington and Chelsea
2333,141.8189515275524,Private room,False,True,2.0,False,1,0,10.0,100.0,1,3.80247481713862,1.150987781202976,290.5153483587939,20.19485449053409,524.9118477764147,9.395007449227949,-0.09233,51.48214,London Borough of Southwark
69,268.1154307486065,Private room,False,True,2.0,False,0,1,9.0,87.0,1,9.523273118238029,0.2875466134208701,117.4176769453841,8.162160498315698,299.08184286868004,5.3530438559979565,-0.165,51.426,London Borough of Wandsworth
1259,359.60394176721,Entire home/apt,False,False,2.0,False,0,1,9.0,92.0,0,3.935028452493092,0.364567577230854,483.4244723244489,33.60471978815489,792.4091712378088,14.182743441879426,-0.071,51.511,London Borough of Tower Hamlets
200,376.3023589454127,Private room,False,True,2.0,False,0,1,7.0,70.0,1,1.4265899294226507,0.1423408753715114,590.5479487609099,41.05129027531106,1527.5518228962294,27.340515966606155,-0.136,51.52,London Borough of Camden
1389,359.60394176721,Entire home/apt,False,False,2.0,False,0,1,10.0,95.0,0,3.93500771200998,0.3645473153605198,483.43162375157385,33.60521691173546,792.4115335119782,14.182785722470944,-0.071,51.511,London Borough of Tower Hamlets
1259,359.60394176721,Entire home/apt,False,False,2.0,False,0,1,9.0,92.0,0,3.935028452493092,0.364567577230854,483.4244723244489,33.60471978815489,792.4091712378088,14.182743441879426,-0.071,51.511,London Borough of Tower Hamlets
1389,359.60394176721,Entire home/apt,False,False,2.0,False,0,1,10.0,95.0,0,3.93500771200998,0.3645473153605198,483.43162375157385,33.60521691173546,792.4115335119782,14.182785722470944,-0.071,51.511,London Borough of Tower Hamlets
1492,353.25383946000613,Entire home/apt,False,False,2.0,False,0,1,8.0,77.0,0,4.185028030857168,0.4345001106575242,352.03010980401007,24.47098538490532,724.2024835255357,12.961962577704842,-0.181,51.49100000000001,Royal Borough of Kensington and Chelsea
4876,371.1282015099132,Entire home/apt,False,False,2.0,False,0,1,10.0,95.0,0,3.935028437038272,0.3645674139495256,483.4246373406673,33.60473125907558,792.4089376830748,14.182739261656645,-0.071,51.511,London Borough of Tower Hamlets
1292,378.8894376631624,Entire home/apt,False,False,2.0,False,0,1,10.0,87.0,0,4.18499620484728,0.4344780546206165,352.03711666160075,24.47147245889393,724.2155649197266,12.96219671186735,-0.181,51.49100000000001,Royal Borough of Kensington and Chelsea
1293,378.8894376631624,Entire home/apt,False,False,2.0,False,0,1,7.0,80.0,0,4.185013803660901,0.4344800749297678,352.034029099943,24.47125783044569,724.2094161973369,12.962086660450336,-0.181,51.49100000000001,Royal Borough of Kensington and Chelsea
1485,353.25383946000613,Entire home/apt,False,False,2.0,False,0,1,7.0,76.0,0,4.185011548057564,0.4344912137629979,352.03354320688,24.471224054124544,724.2089887671192,12.962079010194213,-0.181,51.49100000000001,Royal Borough of Kensington and Chelsea
1486,353.25383946000613,Entire home/apt,False,False,2.0,False,0,1,8.0,100.0,0,4.18503097466839,0.4344959094430688,352.02994446355126,24.47097389144541,724.2019404164317,12.961952856998211,-0.181,51.49100000000001,Royal Borough of Kensington and Chelsea
1486,353.25383946000613,Entire home/apt,False,False,2.0,False,0,1,8.0,100.0,0,4.18503097466839,0.4344959094430688,352.02994446355126,24.47097389144541,724.2019404164317,12.961952856998211,-0.181,51.49100000000001,Royal Borough of Kensington and Chelsea
5181,399.82125637950094,Entire home/apt,False,False,4.0,False,0,1,6.0,80.0,1,3.715839259805098,0.1829693512635427,422.2137834147253,29.34972616120699,1048.6696866215198,18.76936014937363,-0.07527,51.51558,London Borough of Tower Hamlets
1317,344.0814694607117,Entire home/apt,False,False,2.0,False,0,1,9.0,91.0,0,3.93502673784039,0.3645650511862616,483.42598057278855,33.60482463237716,792.4080153033627,14.182722752666985,-0.071,51.511,London Borough of Tower Hamlets
1575,333.73315458971285,Entire home/apt,False,False,2.0,False,0,1,9.0,100.0,0,3.9350143045386576,0.3645493176496757,483.43413381094297,33.60539139574812,792.4037374677036,14.182646186862549,-0.071,51.511,London Borough of Tower Hamlets
1259,359.60394176721,Entire home/apt,False,False,2.0,False,0,1,9.0,92.0,0,3.935028452493092,0.364567577230854,483.4244723244489,33.60471978815489,792.4091712378088,14.182743441879426,-0.071,51.511,London Borough of Tower Hamlets
194,440.7441379148145,Private room,False,True,2.0,False,0,1,8.0,80.0,1,1.426611953447417,0.1423164194981613,590.544733118047,41.051066743438895,1527.5303518588885,27.340131672449687,-0.136,51.52,London Borough of Camden
1487,353.25383946000613,Entire home/apt,False,False,2.0,False,0,1,10.0,60.0,0,4.185001714432458,0.4344939213775508,352.0349716407835,24.471323350134185,724.2120163937046,12.96213319943464,-0.181,51.49100000000001,Royal Borough of Kensington and Chelsea
1488,353.25383946000613,Entire home/apt,False,False,2.0,False,0,1,9.0,80.0,0,4.185010724886019,0.4345029901196403,352.0327694127409,24.471170264677163,724.2080102864783,12.96206149709568,-0.181,51.49100000000001,Royal Borough of Kensington and Chelsea
4113,517.4157435499424,Entire home/apt,False,False,5.0,False,0,1,9.0,92.0,2,5.939761862522508,0.377642085785679,206.78797773248056,14.374638532149833,489.5618564754846,8.762304200083827,-0.2,51.48,London Borough of Hammersmith and Fulham
200,376.3023589454127,Private room,False,True,2.0,False,0,1,7.0,70.0,1,1.4265899294226507,0.1423408753715114,590.5479487609099,41.05129027531106,1527.5518228962294,27.340515966606155,-0.136,51.52,London Borough of Camden
1484,353.25383946000613,Entire home/apt,False,False,2.0,False,0,1,8.0,80.0,0,4.185002016230517,0.4344890877699983,352.0352952611351,24.47134584624652,724.2124296814144,12.962140596564517,-0.181,51.49100000000001,Royal Borough of Kensington and Chelsea
1493,353.25383946000613,Entire home/apt,False,False,2.0,False,0,1,9.0,90.0,0,4.184992949369395,0.4344902230901254,352.03671763804573,24.471444721210965,724.2153675012788,12.962193178421124,-0.181,51.49100000000001,Royal Borough of Kensington and Chelsea
1317,344.0814694607117,Entire home/apt,False,False,2.0,False,0,1,9.0,91.0,0,3.93502673784039,0.3645650511862616,483.42598057278855,33.60482463237716,792.4080153033627,14.182722752666985,-0.071,51.511,London Borough of Tower Hamlets
4138,517.4157435499424,Entire home/apt,False,False,5.0,False,0,1,10.0,20.0,2,5.939780223010478,0.3776627225202749,206.7871999193536,14.374584463326928,489.5578092478432,8.762231761761086,-0.2,51.48,London Borough of Hammersmith and Fulham
4113,517.4157435499424,Entire home/apt,False,False,5.0,False,0,1,9.0,92.0,2,5.939761862522508,0.377642085785679,206.78797773248056,14.374638532149833,489.5618564754846,8.762304200083827,-0.2,51.48,London Borough of Hammersmith and Fulham
71,268.1154307486065,Private room,False,True,2.0,False,0,1,9.0,86.0,1,9.523278900165163,0.2875335711338572,117.4176121112398,8.16215599144156,299.0830245814968,5.353065006598316,-0.165,51.426,London Borough of Wandsworth
2451,289.9880053623086,Private room,False,True,2.0,False,0,0,10.0,100.0,1,4.004179281082555,0.7295190174579911,346.4694083543593,24.08443934774962,596.7986573336109,10.681656082045174,-0.0736,51.49556,London Borough of Southwark
1293,378.8894376631624,Entire home/apt,False,False,2.0,False,0,1,7.0,80.0,0,4.185013803660901,0.4344800749297678,352.034029099943,24.47125783044569,724.2094161973369,12.962086660450336,-0.181,51.49100000000001,Royal Borough of Kensington and Chelsea
1492,353.25383946000613,Entire home/apt,False,False,2.0,False,0,1,8.0,77.0,0,4.185028030857168,0.4345001106575242,352.03010980401007,24.47098538490532,724.2024835255357,12.961962577704842,-0.181,51.49100000000001,Royal Borough of Kensington and Chelsea
1373,369.7170676638679,Entire home/apt,False,False,2.0,False,0,1,10.0,90.0,0,3.9350155248705208,0.3645515333883088,483.4326097700945,33.60528545372701,792.405223092987,14.182672776966507,-0.071,51.511,London Borough of Tower Hamlets
1493,353.25383946000613,Entire home/apt,False,False,2.0,False,0,1,9.0,90.0,0,4.184992949369395,0.4344902230901254,352.03671763804573,24.471444721210965,724.2153675012788,12.962193178421124,-0.181,51.49100000000001,Royal Borough of Kensington and Chelsea
3285,525.1769797031915,Entire home/apt,False,False,5.0,False,0,1,9.0,75.0,3,8.28048493748921,1.8640419127492671,143.14855202260674,9.950813941358106,302.00385005481843,5.4053426932155935,-0.03112,51.55218,London Borough of Hackney
1492,353.25383946000613,Entire home/apt,False,False,2.0,False,0,1,8.0,77.0,0,4.185028030857168,0.4345001106575242,352.03010980401007,24.47098538490532,724.2024835255357,12.961962577704842,-0.181,51.49100000000001,Royal Borough of Kensington and Chelsea
5290,124.17977845198617,Private room,False,True,2.0,True,1,0,10.0,95.0,1,9.94980335039769,2.7388897539379777,112.4888286761456,7.819537039123238,240.2403421856728,4.299883521396259,-0.13039,51.41892,London Borough of Lambeth
433,714.0337260989205,Entire home/apt,False,False,2.0,False,0,1,9.0,100.0,1,1.426608494030278,0.1423163865398678,590.5457671330145,41.05113862185058,1527.5297517587069,27.34012093170207,-0.136,51.52,London Borough of Camden
1490,353.25383946000613,Entire home/apt,False,False,2.0,False,0,1,10.0,90.0,0,4.185001270627941,0.4344823977907617,352.03593693119853,24.47139045123429,724.2133939041784,12.962157854471895,-0.181,51.49100000000001,Royal Borough of Kensington and Chelsea
1493,353.25383946000613,Entire home/apt,False,False,2.0,False,0,1,9.0,90.0,0,4.184992949369395,0.4344902230901254,352.03671763804573,24.471444721210965,724.2153675012788,12.962193178421124,-0.181,51.49100000000001,Royal Borough of Kensington and Chelsea
1487,353.25383946000613,Entire home/apt,False,False,2.0,False,0,1,10.0,60.0,0,4.185001714432458,0.4344939213775508,352.0349716407835,24.471323350134185,724.2120163937046,12.96213319943464,-0.181,51.49100000000001,Royal Borough of Kensington and Chelsea
1389,359.60394176721,Entire home/apt,False,False,2.0,False,0,1,10.0,95.0,0,3.93500771200998,0.3645473153605198,483.43162375157385,33.60521691173546,792.4115335119782,14.182785722470944,-0.071,51.511,London Borough of Tower Hamlets
1488,353.25383946000613,Entire home/apt,False,False,2.0,False,0,1,9.0,80.0,0,4.185010724886019,0.4345029901196403,352.0327694127409,24.471170264677163,724.2080102864783,12.96206149709568,-0.181,51.49100000000001,Royal Borough of Kensington and Chelsea
1485,353.25383946000613,Entire home/apt,False,False,2.0,False,0,1,7.0,76.0,0,4.185011548057564,0.4344912137629979,352.03354320688,24.471224054124544,724.2089887671192,12.962079010194213,-0.181,51.49100000000001,Royal Borough of Kensington and Chelsea
1485,353.25383946000613,Entire home/apt,False,False,2.0,False,0,1,7.0,76.0,0,4.185011548057564,0.4344912137629979,352.03354320688,24.471224054124544,724.2089887671192,12.962079010194213,-0.181,51.49100000000001,Royal Borough of Kensington and Chelsea
1493,353.25383946000613,Entire home/apt,False,False,2.0,False,0,1,9.0,90.0,0,4.184992949369395,0.4344902230901254,352.03671763804573,24.471444721210965,724.2153675012788,12.962193178421124,-0.181,51.49100000000001,Royal Borough of Kensington and Chelsea
1487,353.25383946000613,Entire home/apt,False,False,2.0,False,0,1,10.0,60.0,0,4.185001714432458,0.4344939213775508,352.0349716407835,24.471323350134185,724.2120163937046,12.96213319943464,-0.181,51.49100000000001,Royal Borough of Kensington and Chelsea
69,268.1154307486065,Private room,False,True,2.0,False,0,1,9.0,87.0,1,9.523273118238029,0.2875466134208701,117.4176769453841,8.162160498315698,299.08184286868004,5.3530438559979565,-0.165,51.426,London Borough of Wandsworth
69,268.1154307486065,Private room,False,True,2.0,False,0,1,9.0,87.0,1,9.523273118238029,0.2875466134208701,117.4176769453841,8.162160498315698,299.08184286868004,5.3530438559979565,-0.165,51.426,London Borough of Wandsworth
197,376.3023589454127,Private room,False,True,2.0,False,0,1,9.0,82.0,1,1.426607927987838,0.1423155902987533,590.5460442938881,41.05115788838347,1527.528842279423,27.340104653607604,-0.136,51.52,London Borough of Camden
1486,353.25383946000613,Entire home/apt,False,False,2.0,False,0,1,8.0,100.0,0,4.18503097466839,0.4344959094430688,352.02994446355126,24.47097389144541,724.2019404164317,12.961952856998211,-0.181,51.49100000000001,Royal Borough of Kensington and Chelsea
62,293.75102895176275,Private room,False,True,2.0,False,0,1,8.0,82.0,1,9.504498818718714,0.3414107900049699,117.6255301675482,8.176609186141336,286.469061605313,5.127297048363907,-0.1639999999999999,51.426,London Borough of Wandsworth
1484,353.25383946000613,Entire home/apt,False,False,2.0,False,0,1,8.0,80.0,0,4.185002016230517,0.4344890877699983,352.0352952611351,24.47134584624652,724.2124296814144,12.962140596564517,-0.181,51.49100000000001,Royal Borough of Kensington and Chelsea
1373,369.7170676638679,Entire home/apt,False,False,2.0,False,0,1,10.0,90.0,0,3.9350155248705208,0.3645515333883088,483.4326097700945,33.60528545372701,792.405223092987,14.182672776966507,-0.071,51.511,London Borough of Tower Hamlets
483,268.1154307486065,Private room,False,True,2.0,False,0,1,8.0,80.0,1,9.52327699514574,0.287527707201317,117.417637227526,8.162157737372535,299.0813322529376,5.353034716865882,-0.165,51.426,London Borough of Wandsworth
70,268.1154307486065,Private room,False,True,2.0,False,0,1,8.0,83.0,1,9.523278643586218,0.2875333512821565,117.4176152834318,8.162156211952995,299.08286977124584,5.353062235764571,-0.165,51.426,London Borough of Wandsworth
65,293.75102895176275,Private room,False,True,2.0,False,0,1,8.0,80.0,1,9.50451248267244,0.3414050430232744,117.62536677572383,8.176597828138613,286.4731091772396,5.127369492848753,-0.1639999999999999,51.426,London Borough of Wandsworth
1492,353.25383946000613,Entire home/apt,False,False,2.0,False,0,1,8.0,77.0,0,4.185028030857168,0.4345001106575242,352.03010980401007,24.47098538490532,724.2024835255357,12.961962577704842,-0.181,51.49100000000001,Royal Borough of Kensington and Chelsea
4688,584.444601237094,Entire home/apt,False,False,5.0,False,0,1,8.0,60.0,2,3.838332792083083,0.1668864259907863,272.90527667655573,18.97070975188345,513.9649636226302,9.199077297134204,-0.122,51.474,London Borough of Lambeth
4960,345.2574143324161,Entire home/apt,False,False,2.0,False,0,1,10.0,94.0,0,3.935032848381165,0.3645703948946772,483.42454812446687,33.60472505730966,792.4063252083831,14.182692502911737,-0.071,51.511,London Borough of Tower Hamlets
1292,378.8894376631624,Entire home/apt,False,False,2.0,False,0,1,10.0,87.0,0,4.18499620484728,0.4344780546206165,352.03711666160075,24.47147245889393,724.2155649197266,12.96219671186735,-0.181,51.49100000000001,Royal Borough of Kensington and Chelsea
1373,369.7170676638679,Entire home/apt,False,False,2.0,False,0,1,10.0,90.0,0,3.9350155248705208,0.3645515333883088,483.4326097700945,33.60528545372701,792.405223092987,14.182672776966507,-0.071,51.511,London Borough of Tower Hamlets
3012,148.87462075777887,Private room,False,True,2.0,False,0,1,8.0,83.0,1,6.3850394401742285,1.140835143291112,204.9617481843472,14.247690196376125,422.5732571540216,7.563324995662124,-0.036,51.514,London Borough of Tower Hamlets
4965,360.7798866389144,Entire home/apt,False,False,2.0,False,0,1,9.0,96.0,0,3.9350243383162367,0.3645632420560812,483.4262313522276,33.604842065033665,792.4091382310105,14.182742851115249,-0.071,51.511,London Borough of Tower Hamlets
1260,369.7170676638679,Entire home/apt,False,False,2.0,False,0,1,10.0,89.0,0,3.935020320745124,0.3645587247752559,483.4282550546191,33.60498274047667,792.4086552797338,14.182734207128908,-0.071,51.511,London Borough of Tower Hamlets
1487,353.25383946000613,Entire home/apt,False,False,2.0,False,0,1,10.0,60.0,0,4.185001714432458,0.4344939213775508,352.0349716407835,24.471323350134185,724.2120163937046,12.96213319943464,-0.181,51.49100000000001,Royal Borough of Kensington and Chelsea
4688,584.444601237094,Entire home/apt,False,False,5.0,False,0,1,8.0,60.0,2,3.838332792083083,0.1668864259907863,272.90527667655573,18.97070975188345,513.9649636226302,9.199077297134204,-0.122,51.474,London Borough of Lambeth
483,268.1154307486065,Private room,False,True,2.0,False,0,1,8.0,80.0,1,9.52327699514574,0.287527707201317,117.417637227526,8.162157737372535,299.0813322529376,5.353034716865882,-0.165,51.426,London Borough of Wandsworth
1488,353.25383946000613,Entire home/apt,False,False,2.0,False,0,1,9.0,80.0,0,4.185010724886019,0.4345029901196403,352.0327694127409,24.471170264677163,724.2080102864783,12.96206149709568,-0.181,51.49100000000001,Royal Borough of Kensington and Chelsea
1259,359.60394176721,Entire home/apt,False,False,2.0,False,0,1,9.0,92.0,0,3.935028452493092,0.364567577230854,483.4244723244489,33.60471978815489,792.4091712378088,14.182743441879426,-0.071,51.511,London Borough of Tower Hamlets
1487,353.25383946000613,Entire home/apt,False,False,2.0,False,0,1,10.0,60.0,0,4.185001714432458,0.4344939213775508,352.0349716407835,24.471323350134185,724.2120163937046,12.96213319943464,-0.181,51.49100000000001,Royal Borough of Kensington and Chelsea
1260,369.7170676638679,Entire home/apt,False,False,2.0,False,0,1,10.0,89.0,0,3.935020320745124,0.3645587247752559,483.4282550546191,33.60498274047667,792.4086552797338,14.182734207128908,-0.071,51.511,London Borough of Tower Hamlets
1293,378.8894376631624,Entire home/apt,False,False,2.0,False,0,1,7.0,80.0,0,4.185013803660901,0.4344800749297678,352.034029099943,24.47125783044569,724.2094161973369,12.962086660450336,-0.181,51.49100000000001,Royal Borough of Kensington and Chelsea
4842,532.7030268820997,Entire home/apt,False,False,6.0,False,0,1,7.0,80.0,2,3.8383181203708334,0.1669015016293132,272.9062176781655,18.97077516457401,513.9661347236353,9.199098257801625,-0.122,51.474,London Borough of Lambeth
1373,369.7170676638679,Entire home/apt,False,False,2.0,False,0,1,10.0,90.0,0,3.9350155248705208,0.3645515333883088,483.4326097700945,33.60528545372701,792.405223092987,14.182672776966507,-0.071,51.511,London Borough of Tower Hamlets
198,376.3023589454127,Private room,False,True,2.0,False,0,1,9.0,84.0,1,1.4266091415297688,0.1423332007622191,590.5432789998072,41.05096566201091,1527.5471129295904,27.340431666410137,-0.136,51.52,London Borough of Camden
456,997.4364401796844,Entire home/apt,False,False,4.0,False,0,1,9.0,90.0,2,1.4265987691849185,0.1423096938987438,590.5495750942785,41.05140332808406,1527.5213064029413,27.33996977454937,-0.136,51.52,London Borough of Camden
1260,369.7170676638679,Entire home/apt,False,False,2.0,False,0,1,10.0,89.0,0,3.935020320745124,0.3645587247752559,483.4282550546191,33.60498274047667,792.4086552797338,14.182734207128908,-0.071,51.511,London Borough of Tower Hamlets
195,409.699193301818,Private room,False,True,2.0,False,0,1,8.0,76.0,1,1.4265923947247965,0.1423245717589549,590.5494409384186,41.051394002387205,1527.5355203023912,27.34022417858269,-0.136,51.52,London Borough of Camden
429,154.51915614196005,Private room,False,True,2.0,False,0,0,10.0,96.0,1,8.137979178862834,0.702651577779453,136.6513082417752,9.499165195484029,300.7821405968504,5.383476222670065,-0.14894,51.43642,London Borough of Wandsworth
69,268.1154307486065,Private room,False,True,2.0,False,0,1,9.0,87.0,1,9.523273118238029,0.2875466134208701,117.4176769453841,8.162160498315698,299.08184286868004,5.3530438559979565,-0.165,51.426,London Borough of Wandsworth
3438,207.20148639431784,Entire home/apt,False,False,2.0,False,0,0,10.0,94.0,1,6.527947966242229,0.9487012717162112,182.59457811324447,12.692861002315494,374.5903872501223,6.70451523152343,-0.14868,51.56549,London Borough of Camden
60,293.75102895176275,Private room,False,True,2.0,False,0,1,8.0,76.0,1,9.50450633974499,0.3413801615197919,117.62544927878372,8.176603563247957,286.4755790091257,5.127413698535986,-0.1639999999999999,51.426,London Borough of Wandsworth
231,191.91420306216045,Private room,False,True,4.0,False,0,1,7.0,74.0,1,5.172788304553944,0.320391780033382,245.9291367211949,17.09549309227352,540.6412164091137,9.676535740315034,-0.06,51.528,London Borough of Tower Hamlets
1575,333.73315458971285,Entire home/apt,False,False,2.0,False,0,1,9.0,100.0,0,3.9350143045386576,0.3645493176496757,483.43413381094297,33.60539139574812,792.4037374677036,14.182646186862549,-0.071,51.511,London Borough of Tower Hamlets
62,293.75102895176275,Private room,False,True,2.0,False,0,1,8.0,82.0,1,9.504498818718714,0.3414107900049699,117.6255301675482,8.176609186141336,286.469061605313,5.127297048363907,-0.1639999999999999,51.426,London Borough of Wandsworth
263,563.2775935464146,Entire home/apt,False,False,2.0,True,0,1,10.0,96.0,1,3.974111399846936,0.1573774580309824,411.6228809667545,28.6135112415186,814.5478472588775,14.57898716740223,-0.071,51.514,London Borough of Tower Hamlets
4876,371.1282015099132,Entire home/apt,False,False,2.0,False,0,1,10.0,95.0,0,3.935028437038272,0.3645674139495256,483.4246373406673,33.60473125907558,792.4089376830748,14.182739261656645,-0.071,51.511,London Borough of Tower Hamlets
62,293.75102895176275,Private room,False,True,2.0,False,0,1,8.0,82.0,1,9.504498818718714,0.3414107900049699,117.6255301675482,8.176609186141336,286.469061605313,5.127297048363907,-0.1639999999999999,51.426,London Borough of Wandsworth
1487,353.25383946000613,Entire home/apt,False,False,2.0,False,0,1,10.0,60.0,0,4.185001714432458,0.4344939213775508,352.0349716407835,24.471323350134185,724.2120163937046,12.96213319943464,-0.181,51.49100000000001,Royal Borough of Kensington and Chelsea
456,997.4364401796844,Entire home/apt,False,False,4.0,False,0,1,9.0,90.0,2,1.4265987691849185,0.1423096938987438,590.5495750942785,41.05140332808406,1527.5213064029413,27.33996977454937,-0.136,51.52,London Borough of Camden
1412,369.7170676638679,Entire home/apt,False,False,2.0,False,0,1,9.0,90.0,0,3.935020189475922,0.3645609101042149,483.4258071422481,33.60481257654414,792.4123437427209,14.182800224189462,-0.071,51.511,London Borough of Tower Hamlets
1317,344.0814694607117,Entire home/apt,False,False,2.0,False,0,1,9.0,91.0,0,3.93502673784039,0.3645650511862616,483.42598057278855,33.60482463237716,792.4080153033627,14.182722752666985,-0.071,51.511,London Borough of Tower Hamlets
1488,353.25383946000613,Entire home/apt,False,False,2.0,False,0,1,9.0,80.0,0,4.185010724886019,0.4345029901196403,352.0327694127409,24.471170264677163,724.2080102864783,12.96206149709568,-0.181,51.49100000000001,Royal Borough of Kensington and Chelsea
1259,359.60394176721,Entire home/apt,False,False,2.0,False,0,1,9.0,92.0,0,3.935028452493092,0.364567577230854,483.4244723244489,33.60471978815489,792.4091712378088,14.182743441879426,-0.071,51.511,London Borough of Tower Hamlets
1485,353.25383946000613,Entire home/apt,False,False,2.0,False,0,1,7.0,76.0,0,4.185011548057564,0.4344912137629979,352.03354320688,24.471224054124544,724.2089887671192,12.962079010194213,-0.181,51.49100000000001,Royal Borough of Kensington and Chelsea
1486,353.25383946000613,Entire home/apt,False,False,2.0,False,0,1,8.0,100.0,0,4.18503097466839,0.4344959094430688,352.02994446355126,24.47097389144541,724.2019404164317,12.961952856998211,-0.181,51.49100000000001,Royal Borough of Kensington and Chelsea
1317,344.0814694607117,Entire home/apt,False,False,2.0,False,0,1,9.0,91.0,0,3.93502673784039,0.3645650511862616,483.42598057278855,33.60482463237716,792.4080153033627,14.182722752666985,-0.071,51.511,London Borough of Tower Hamlets
1490,353.25383946000613,Entire home/apt,False,False,2.0,False,0,1,10.0,90.0,0,4.185001270627941,0.4344823977907617,352.03593693119853,24.47139045123429,724.2133939041784,12.962157854471895,-0.181,51.49100000000001,Royal Borough of Kensington and Chelsea
72,268.1154307486065,Private room,False,True,2.0,False,0,1,8.0,86.0,1,9.52327700258897,0.2875339652323594,117.41763482529036,8.16215757038377,299.0821388250627,5.353049153101521,-0.165,51.426,London Borough of Wandsworth
484,268.1154307486065,Private room,False,True,2.0,False,0,1,7.0,76.0,1,9.5233097620805,0.2875510182420163,117.41723387925968,8.162129699062017,299.1005052747009,5.353377880547658,-0.165,51.426,London Borough of Wandsworth
1483,353.25383946000613,Entire home/apt,False,False,2.0,False,0,1,9.0,70.0,0,4.1850164660276645,0.4344985934045747,352.03215328765305,24.471127435420232,724.2065434749488,12.96203524372513,-0.181,51.49100000000001,Royal Borough of Kensington and Chelsea
1292,378.8894376631624,Entire home/apt,False,False,2.0,False,0,1,10.0,87.0,0,4.18499620484728,0.4344780546206165,352.03711666160075,24.47147245889393,724.2155649197266,12.96219671186735,-0.181,51.49100000000001,Royal Borough of Kensington and Chelsea
1317,344.0814694607117,Entire home/apt,False,False,2.0,False,0,1,9.0,91.0,0,3.93502673784039,0.3645650511862616,483.42598057278855,33.60482463237716,792.4080153033627,14.182722752666985,-0.071,51.511,London Borough of Tower Hamlets
1317,344.0814694607117,Entire home/apt,False,False,2.0,False,0,1,9.0,91.0,0,3.93502673784039,0.3645650511862616,483.42598057278855,33.60482463237716,792.4080153033627,14.182722752666985,-0.071,51.511,London Borough of Tower Hamlets
1487,353.25383946000613,Entire home/apt,False,False,2.0,False,0,1,10.0,60.0,0,4.185001714432458,0.4344939213775508,352.0349716407835,24.471323350134185,724.2120163937046,12.96213319943464,-0.181,51.49100000000001,Royal Borough of Kensington and Chelsea
4685,532.7030268820997,Entire home/apt,False,False,2.0,False,0,1,10.0,100.0,1,3.838316593449824,0.1669039612594322,272.9063238742292,18.97078254667643,513.9661462267178,9.199098463686758,-0.122,51.474,London Borough of Lambeth
5091,360.7798866389144,Entire home/apt,False,False,2.0,False,0,1,10.0,90.0,0,3.9350278690773792,0.3645666968444838,483.4250080199261,33.60475702643602,792.4087447369003,14.182735808256316,-0.071,51.511,London Borough of Tower Hamlets
5091,360.7798866389144,Entire home/apt,False,False,2.0,False,0,1,10.0,90.0,0,3.9350278690773792,0.3645666968444838,483.4250080199261,33.60475702643602,792.4087447369003,14.182735808256316,-0.071,51.511,London Borough of Tower Hamlets
1808,943.1077871069403,Entire home/apt,False,False,5.0,False,0,0,10.0,90.0,3,3.7344110456437134,0.1650493834812486,466.389912480332,32.42058112110804,872.3262701006546,15.613120260992364,-0.17532,51.49296,Royal Borough of Kensington and Chelsea
1260,369.7170676638679,Entire home/apt,False,False,2.0,False,0,1,10.0,89.0,0,3.935020320745124,0.3645587247752559,483.4282550546191,33.60498274047667,792.4086552797338,14.182734207128908,-0.071,51.511,London Borough of Tower Hamlets
1373,369.7170676638679,Entire home/apt,False,False,2.0,False,0,1,10.0,90.0,0,3.9350155248705208,0.3645515333883088,483.4326097700945,33.60528545372701,792.405223092987,14.182672776966507,-0.071,51.511,London Borough of Tower Hamlets
456,997.4364401796844,Entire home/apt,False,False,4.0,False,0,1,9.0,90.0,2,1.4265987691849185,0.1423096938987438,590.5495750942785,41.05140332808406,1527.5213064029413,27.33996977454937,-0.136,51.52,London Borough of Camden
195,409.699193301818,Private room,False,True,2.0,False,0,1,8.0,76.0,1,1.4265923947247965,0.1423245717589549,590.5494409384186,41.051394002387205,1527.5355203023912,27.34022417858269,-0.136,51.52,London Borough of Camden
195,409.699193301818,Private room,False,True,2.0,False,0,1,8.0,76.0,1,1.4265923947247965,0.1423245717589549,590.5494409384186,41.051394002387205,1527.5355203023912,27.34022417858269,-0.136,51.52,London Borough of Camden
70,268.1154307486065,Private room,False,True,2.0,False,0,1,8.0,83.0,1,9.523278643586218,0.2875333512821565,117.4176152834318,8.162156211952995,299.08286977124584,5.353062235764571,-0.165,51.426,London Borough of Wandsworth
1259,359.60394176721,Entire home/apt,False,False,2.0,False,0,1,9.0,92.0,0,3.935028452493092,0.364567577230854,483.4244723244489,33.60471978815489,792.4091712378088,14.182743441879426,-0.071,51.511,London Borough of Tower Hamlets
1492,353.25383946000613,Entire home/apt,False,False,2.0,False,0,1,8.0,77.0,0,4.185028030857168,0.4345001106575242,352.03010980401007,24.47098538490532,724.2024835255357,12.961962577704842,-0.181,51.49100000000001,Royal Borough of Kensington and Chelsea
4684,532.7030268820997,Entire home/apt,False,False,4.0,False,0,1,2.0,20.0,1,3.838302776178675,0.1669155937969142,272.9071862737662,18.97084249543046,513.9675671693449,9.19912389608388,-0.122,51.474,London Borough of Lambeth
799,245.0669112632,Entire home/apt,False,False,2.0,True,0,1,9.0,95.0,0,3.840185512604456,0.4925526862242009,322.89067064855345,22.445389363887365,920.8886951934688,16.48230305317407,-0.08,51.526,London Borough of Hackney
200,376.3023589454127,Private room,False,True,2.0,False,0,1,7.0,70.0,1,1.4265899294226507,0.1423408753715114,590.5479487609099,41.05129027531106,1527.5518228962294,27.340515966606155,-0.136,51.52,London Borough of Camden
3266,75.02528281474164,Private room,False,True,2.0,False,1,0,8.0,79.0,1,7.3813627662485155,2.8182242720229755,159.06469411139616,11.057207029880232,343.5624281264658,6.149168827482536,-0.04753,51.55205,London Borough of Hackney
4687,584.444601237094,Entire home/apt,False,False,4.0,False,0,1,8.0,87.0,2,3.83830320711688,0.1669156498500482,272.90716326666563,18.97084089611721,513.9674708911498,9.199122172871943,-0.122,51.474,London Borough of Lambeth
2843,235.42416331522367,Private room,False,True,2.0,False,0,1,9.0,83.0,1,8.652987667838618,0.7015956519903372,129.08377063677744,8.973116153160001,290.3949744180846,5.197564047055693,-0.1689999999999999,51.435,London Borough of Wandsworth
483,268.1154307486065,Private room,False,True,2.0,False,0,1,8.0,80.0,1,9.52327699514574,0.287527707201317,117.417637227526,8.162157737372535,299.0813322529376,5.353034716865882,-0.165,51.426,London Borough of Wandsworth
1467,359.60394176721,Entire home/apt,False,False,2.0,False,0,1,10.0,93.0,0,3.9350219760378087,0.3645613550026373,483.4265924890182,33.60486716905994,792.410075352398,14.18275962395521,-0.071,51.511,London Borough of Tower Hamlets
199,376.3023589454127,Private room,False,True,2.0,False,0,1,9.0,84.0,1,1.4266116766837378,0.1423209166241567,590.5442015370076,41.05102979116838,1527.5349223559454,27.3402134763832,-0.136,51.52,London Borough of Camden
65,293.75102895176275,Private room,False,True,2.0,False,0,1,8.0,80.0,1,9.50451248267244,0.3414050430232744,117.62536677572383,8.176597828138613,286.4731091772396,5.127369492848753,-0.1639999999999999,51.426,London Borough of Wandsworth
1493,353.25383946000613,Entire home/apt,False,False,2.0,False,0,1,9.0,90.0,0,4.184992949369395,0.4344902230901254,352.03671763804573,24.471444721210965,724.2153675012788,12.962193178421124,-0.181,51.49100000000001,Royal Borough of Kensington and Chelsea
62,293.75102895176275,Private room,False,True,2.0,False,0,1,8.0,82.0,1,9.504498818718714,0.3414107900049699,117.6255301675482,8.176609186141336,286.469061605313,5.127297048363907,-0.1639999999999999,51.426,London Borough of Wandsworth
1412,369.7170676638679,Entire home/apt,False,False,2.0,False,0,1,9.0,90.0,0,3.935020189475922,0.3645609101042149,483.4258071422481,33.60481257654414,792.4123437427209,14.182800224189462,-0.071,51.511,London Borough of Tower Hamlets
1259,359.60394176721,Entire home/apt,False,False,2.0,False,0,1,9.0,92.0,0,3.935028452493092,0.364567577230854,483.4244723244489,33.60471978815489,792.4091712378088,14.182743441879426,-0.071,51.511,London Borough of Tower Hamlets
1292,378.8894376631624,Entire home/apt,False,False,2.0,False,0,1,10.0,87.0,0,4.18499620484728,0.4344780546206165,352.03711666160075,24.47147245889393,724.2155649197266,12.96219671186735,-0.181,51.49100000000001,Royal Borough of Kensington and Chelsea
1467,359.60394176721,Entire home/apt,False,False,2.0,False,0,1,10.0,93.0,0,3.9350219760378087,0.3645613550026373,483.4265924890182,33.60486716905994,792.410075352398,14.18275962395521,-0.071,51.511,London Borough of Tower Hamlets
1490,353.25383946000613,Entire home/apt,False,False,2.0,False,0,1,10.0,90.0,0,4.185001270627941,0.4344823977907617,352.03593693119853,24.47139045123429,724.2133939041784,12.962157854471895,-0.181,51.49100000000001,Royal Borough of Kensington and Chelsea
1467,359.60394176721,Entire home/apt,False,False,2.0,False,0,1,10.0,93.0,0,3.9350219760378087,0.3645613550026373,483.4265924890182,33.60486716905994,792.410075352398,14.18275962395521,-0.071,51.511,London Borough of Tower Hamlets
1486,353.25383946000613,Entire home/apt,False,False,2.0,False,0,1,8.0,100.0,0,4.18503097466839,0.4344959094430688,352.02994446355126,24.47097389144541,724.2019404164317,12.961952856998211,-0.181,51.49100000000001,Royal Borough of Kensington and Chelsea
63,293.75102895176275,Private room,False,True,2.0,False,0,1,9.0,86.0,1,9.504509021659857,0.3413939073290762,117.62541230943452,8.176600993364364,286.47405054454595,5.127386341683263,-0.1639999999999999,51.426,London Borough of Wandsworth
4883,154.98953409064185,Private room,False,True,2.0,False,0,1,8.0,76.0,1,4.22130502248184,0.5070771362579041,395.13459592077714,27.46734626544056,708.8680028150471,12.687502092357883,-0.067,51.512,London Borough of Tower Hamlets
194,440.7441379148145,Private room,False,True,2.0,False,0,1,8.0,80.0,1,1.426611953447417,0.1423164194981613,590.544733118047,41.051066743438895,1527.5303518588885,27.340131672449687,-0.136,51.52,London Borough of Camden
65,293.75102895176275,Private room,False,True,2.0,False,0,1,8.0,80.0,1,9.50451248267244,0.3414050430232744,117.62536677572383,8.176597828138613,286.4731091772396,5.127369492848753,-0.1639999999999999,51.426,London Borough of Wandsworth
1483,353.25383946000613,Entire home/apt,False,False,2.0,False,0,1,9.0,70.0,0,4.1850164660276645,0.4344985934045747,352.03215328765305,24.471127435420232,724.2065434749488,12.96203524372513,-0.181,51.49100000000001,Royal Borough of Kensington and Chelsea
2299,206.2607304969543,Private room,False,True,2.0,False,0,0,10.0,100.0,1,4.257147249870712,1.648775771647769,274.89212453566967,19.10882329265268,574.5112880752938,10.282751006664268,-0.16754,51.47935,London Borough of Wandsworth
62,293.75102895176275,Private room,False,True,2.0,False,0,1,8.0,82.0,1,9.504498818718714,0.3414107900049699,117.6255301675482,8.176609186141336,286.469061605313,5.127297048363907,-0.1639999999999999,51.426,London Borough of Wandsworth
1259,359.60394176721,Entire home/apt,False,False,2.0,False,0,1,9.0,92.0,0,3.935028452493092,0.364567577230854,483.4244723244489,33.60471978815489,792.4091712378088,14.182743441879426,-0.071,51.511,London Borough of Tower Hamlets
194,440.7441379148145,Private room,False,True,2.0,False,0,1,8.0,80.0,1,1.426611953447417,0.1423164194981613,590.544733118047,41.051066743438895,1527.5303518588885,27.340131672449687,-0.136,51.52,London Borough of Camden
1575,333.73315458971285,Entire home/apt,False,False,2.0,False,0,1,9.0,100.0,0,3.9350143045386576,0.3645493176496757,483.43413381094297,33.60539139574812,792.4037374677036,14.182646186862549,-0.071,51.511,London Borough of Tower Hamlets
195,409.699193301818,Private room,False,True,2.0,False,0,1,8.0,76.0,1,1.4265923947247965,0.1423245717589549,590.5494409384186,41.051394002387205,1527.5355203023912,27.34022417858269,-0.136,51.52,London Borough of Camden
1487,353.25383946000613,Entire home/apt,False,False,2.0,False,0,1,10.0,60.0,0,4.185001714432458,0.4344939213775508,352.0349716407835,24.471323350134185,724.2120163937046,12.96213319943464,-0.181,51.49100000000001,Royal Borough of Kensington and Chelsea
1412,369.7170676638679,Entire home/apt,False,False,2.0,False,0,1,9.0,90.0,0,3.935020189475922,0.3645609101042149,483.4258071422481,33.60481257654414,792.4123437427209,14.182800224189462,-0.071,51.511,London Borough of Tower Hamlets
5031,873.4918507020391,Entire home/apt,False,False,4.0,False,0,1,10.0,93.0,2,4.178774090650198,0.4189845572735386,394.5217333846127,27.42474380119741,726.272222917328,12.999007306426858,-0.06773,51.51267,London Borough of Tower Hamlets
63,293.75102895176275,Private room,False,True,2.0,False,0,1,9.0,86.0,1,9.504509021659857,0.3413939073290762,117.62541230943452,8.176600993364364,286.47405054454595,5.127386341683263,-0.1639999999999999,51.426,London Borough of Wandsworth
5091,360.7798866389144,Entire home/apt,False,False,2.0,False,0,1,10.0,90.0,0,3.9350278690773792,0.3645666968444838,483.4250080199261,33.60475702643602,792.4087447369003,14.182735808256316,-0.071,51.511,London Borough of Tower Hamlets
67,293.75102895176275,Private room,False,True,2.0,False,0,1,9.0,84.0,1,9.50451857010954,0.3413962403710837,117.62529603922582,8.176592910968855,286.47588826825665,5.127419233735566,-0.1639999999999999,51.426,London Borough of Wandsworth
4138,517.4157435499424,Entire home/apt,False,False,5.0,False,0,1,10.0,20.0,2,5.939780223010478,0.3776627225202749,206.7871999193536,14.374584463326928,489.5578092478432,8.762231761761086,-0.2,51.48,London Borough of Hammersmith and Fulham
409,252.59295844210823,Entire home/apt,False,False,2.0,True,0,1,10.0,94.0,0,3.840187665921696,0.4925579037934435,322.8908699354316,22.44540321709522,920.8810414805018,16.48216606504808,-0.08,51.526,London Borough of Hackney
60,293.75102895176275,Private room,False,True,2.0,False,0,1,8.0,76.0,1,9.50450633974499,0.3413801615197919,117.62544927878372,8.176603563247957,286.4755790091257,5.127413698535986,-0.1639999999999999,51.426,London Borough of Wandsworth
1373,369.7170676638679,Entire home/apt,False,False,2.0,False,0,1,10.0,90.0,0,3.9350155248705208,0.3645515333883088,483.4326097700945,33.60528545372701,792.405223092987,14.182672776966507,-0.071,51.511,London Borough of Tower Hamlets
5091,360.7798866389144,Entire home/apt,False,False,2.0,False,0,1,10.0,90.0,0,3.9350278690773792,0.3645666968444838,483.4250080199261,33.60475702643602,792.4087447369003,14.182735808256316,-0.071,51.511,London Borough of Tower Hamlets
1373,369.7170676638679,Entire home/apt,False,False,2.0,False,0,1,10.0,90.0,0,3.9350155248705208,0.3645515333883088,483.4326097700945,33.60528545372701,792.405223092987,14.182672776966507,-0.071,51.511,London Borough of Tower Hamlets
199,376.3023589454127,Private room,False,True,2.0,False,0,1,9.0,84.0,1,1.4266116766837378,0.1423209166241567,590.5442015370076,41.05102979116838,1527.5349223559454,27.3402134763832,-0.136,51.52,London Borough of Camden
1412,369.7170676638679,Entire home/apt,False,False,2.0,False,0,1,9.0,90.0,0,3.935020189475922,0.3645609101042149,483.4258071422481,33.60481257654414,792.4123437427209,14.182800224189462,-0.071,51.511,London Borough of Tower Hamlets
1490,353.25383946000613,Entire home/apt,False,False,2.0,False,0,1,10.0,90.0,0,4.185001270627941,0.4344823977907617,352.03593693119853,24.47139045123429,724.2133939041784,12.962157854471895,-0.181,51.49100000000001,Royal Borough of Kensington and Chelsea
553,502.5988381664668,Entire home/apt,False,False,4.0,False,0,1,9.0,88.0,1,3.737154369937776,0.1460065379565611,467.6759611859103,32.50997938052398,843.8107982560224,15.102743001394517,-0.1443299999999999,51.54023,London Borough of Camden
65,293.75102895176275,Private room,False,True,2.0,False,0,1,8.0,80.0,1,9.50451248267244,0.3414050430232744,117.62536677572383,8.176597828138613,286.4731091772396,5.127369492848753,-0.1639999999999999,51.426,London Borough of Wandsworth
4960,345.2574143324161,Entire home/apt,False,False,2.0,False,0,1,10.0,94.0,0,3.935032848381165,0.3645703948946772,483.42454812446687,33.60472505730966,792.4063252083831,14.182692502911737,-0.071,51.511,London Borough of Tower Hamlets
69,268.1154307486065,Private room,False,True,2.0,False,0,1,9.0,87.0,1,9.523273118238029,0.2875466134208701,117.4176769453841,8.162160498315698,299.08184286868004,5.3530438559979565,-0.165,51.426,London Borough of Wandsworth
1373,369.7170676638679,Entire home/apt,False,False,2.0,False,0,1,10.0,90.0,0,3.9350155248705208,0.3645515333883088,483.4326097700945,33.60528545372701,792.405223092987,14.182672776966507,-0.071,51.511,London Borough of Tower Hamlets
1373,369.7170676638679,Entire home/apt,False,False,2.0,False,0,1,10.0,90.0,0,3.9350155248705208,0.3645515333883088,483.4326097700945,33.60528545372701,792.405223092987,14.182672776966507,-0.071,51.511,London Borough of Tower Hamlets
4960,345.2574143324161,Entire home/apt,False,False,2.0,False,0,1,10.0,94.0,0,3.935032848381165,0.3645703948946772,483.42454812446687,33.60472505730966,792.4063252083831,14.182692502911737,-0.071,51.511,London Borough of Tower Hamlets
1259,359.60394176721,Entire home/apt,False,False,2.0,False,0,1,9.0,92.0,0,3.935028452493092,0.364567577230854,483.4244723244489,33.60471978815489,792.4091712378088,14.182743441879426,-0.071,51.511,London Borough of Tower Hamlets
195,409.699193301818,Private room,False,True,2.0,False,0,1,8.0,76.0,1,1.4265923947247965,0.1423245717589549,590.5494409384186,41.051394002387205,1527.5355203023912,27.34022417858269,-0.136,51.52,London Borough of Camden
4138,517.4157435499424,Entire home/apt,False,False,5.0,False,0,1,10.0,20.0,2,5.939780223010478,0.3776627225202749,206.7871999193536,14.374584463326928,489.5578092478432,8.762231761761086,-0.2,51.48,London Borough of Hammersmith and Fulham
1467,359.60394176721,Entire home/apt,False,False,2.0,False,0,1,10.0,93.0,0,3.9350219760378087,0.3645613550026373,483.4265924890182,33.60486716905994,792.410075352398,14.18275962395521,-0.071,51.511,London Borough of Tower Hamlets
1575,333.73315458971285,Entire home/apt,False,False,2.0,False,0,1,9.0,100.0,0,3.9350143045386576,0.3645493176496757,483.43413381094297,33.60539139574812,792.4037374677036,14.182646186862549,-0.071,51.511,London Borough of Tower Hamlets
2030,117.35929819610055,Private room,False,True,2.0,True,0,0,10.0,97.0,1,7.016242122236564,1.8939530746747384,158.43931755184033,11.013734667082993,325.1880047246232,5.820298664869802,-0.104,51.447,London Borough of Lambeth
1493,353.25383946000613,Entire home/apt,False,False,2.0,False,0,1,9.0,90.0,0,4.184992949369395,0.4344902230901254,352.03671763804573,24.471444721210965,724.2153675012788,12.962193178421124,-0.181,51.49100000000001,Royal Borough of Kensington and Chelsea
1486,353.25383946000613,Entire home/apt,False,False,2.0,False,0,1,8.0,100.0,0,4.18503097466839,0.4344959094430688,352.02994446355126,24.47097389144541,724.2019404164317,12.961952856998211,-0.181,51.49100000000001,Royal Borough of Kensington and Chelsea
1492,353.25383946000613,Entire home/apt,False,False,2.0,False,0,1,8.0,77.0,0,4.185028030857168,0.4345001106575242,352.03010980401007,24.47098538490532,724.2024835255357,12.961962577704842,-0.181,51.49100000000001,Royal Borough of Kensington and Chelsea
192,464.02784637456193,Entire home/apt,False,False,6.0,False,0,0,9.0,93.0,3,5.603147822960604,0.498137688223196,222.8293544743242,15.48973716965548,483.96679073993306,8.66216227246855,-0.05601,51.531690000000005,London Borough of Tower Hamlets
1484,353.25383946000613,Entire home/apt,False,False,2.0,False,0,1,8.0,80.0,0,4.185002016230517,0.4344890877699983,352.0352952611351,24.47134584624652,724.2124296814144,12.962140596564517,-0.181,51.49100000000001,Royal Borough of Kensington and Chelsea
4689,651.7086478985865,Entire home/apt,False,False,4.0,False,0,1,6.0,60.0,2,3.8383031440198696,0.1669148449205097,272.90715923601664,18.97084061593108,513.9675838296155,9.199124194273695,-0.122,51.474,London Borough of Lambeth
194,440.7441379148145,Private room,False,True,2.0,False,0,1,8.0,80.0,1,1.426611953447417,0.1423164194981613,590.544733118047,41.051066743438895,1527.5303518588885,27.340131672449687,-0.136,51.52,London Borough of Camden
1389,359.60394176721,Entire home/apt,False,False,2.0,False,0,1,10.0,95.0,0,3.93500771200998,0.3645473153605198,483.43162375157385,33.60521691173546,792.4115335119782,14.182785722470944,-0.071,51.511,London Borough of Tower Hamlets
1575,333.73315458971285,Entire home/apt,False,False,2.0,False,0,1,9.0,100.0,0,3.9350143045386576,0.3645493176496757,483.43413381094297,33.60539139574812,792.4037374677036,14.182646186862549,-0.071,51.511,London Borough of Tower Hamlets
1260,369.7170676638679,Entire home/apt,False,False,2.0,False,0,1,10.0,89.0,0,3.935020320745124,0.3645587247752559,483.4282550546191,33.60498274047667,792.4086552797338,14.182734207128908,-0.071,51.511,London Borough of Tower Hamlets
5091,360.7798866389144,Entire home/apt,False,False,2.0,False,0,1,10.0,90.0,0,3.9350278690773792,0.3645666968444838,483.4250080199261,33.60475702643602,792.4087447369003,14.182735808256316,-0.071,51.511,London Borough of Tower Hamlets
4965,360.7798866389144,Entire home/apt,False,False,2.0,False,0,1,9.0,96.0,0,3.9350243383162367,0.3645632420560812,483.4262313522276,33.604842065033665,792.4091382310105,14.182742851115249,-0.071,51.511,London Borough of Tower Hamlets
2523,341.494390742962,Private room,False,True,2.0,False,0,1,9.0,91.0,1,4.113501317001919,0.7740627718241885,283.8010097868853,19.728114639349325,656.6171370479684,11.75230263898336,-0.0819999999999999,51.532,London Borough of Hackney
1485,353.25383946000613,Entire home/apt,False,False,2.0,False,0,1,7.0,76.0,0,4.185011548057564,0.4344912137629979,352.03354320688,24.471224054124544,724.2089887671192,12.962079010194213,-0.181,51.49100000000001,Royal Borough of Kensington and Chelsea
200,376.3023589454127,Private room,False,True,2.0,False,0,1,7.0,70.0,1,1.4265899294226507,0.1423408753715114,590.5479487609099,41.05129027531106,1527.5518228962294,27.340515966606155,-0.136,51.52,London Borough of Camden
1389,359.60394176721,Entire home/apt,False,False,2.0,False,0,1,10.0,95.0,0,3.93500771200998,0.3645473153605198,483.43162375157385,33.60521691173546,792.4115335119782,14.182785722470944,-0.071,51.511,London Borough of Tower Hamlets
1373,369.7170676638679,Entire home/apt,False,False,2.0,False,0,1,10.0,90.0,0,3.9350155248705208,0.3645515333883088,483.4326097700945,33.60528545372701,792.405223092987,14.182672776966507,-0.071,51.511,London Borough of Tower Hamlets
200,376.3023589454127,Private room,False,True,2.0,False,0,1,7.0,70.0,1,1.4265899294226507,0.1423408753715114,590.5479487609099,41.05129027531106,1527.5518228962294,27.340515966606155,-0.136,51.52,London Borough of Camden
456,997.4364401796844,Entire home/apt,False,False,4.0,False,0,1,9.0,90.0,2,1.4265987691849185,0.1423096938987438,590.5495750942785,41.05140332808406,1527.5213064029413,27.33996977454937,-0.136,51.52,London Borough of Camden
1260,369.7170676638679,Entire home/apt,False,False,2.0,False,0,1,10.0,89.0,0,3.935020320745124,0.3645587247752559,483.4282550546191,33.60498274047667,792.4086552797338,14.182734207128908,-0.071,51.511,London Borough of Tower Hamlets
433,714.0337260989205,Entire home/apt,False,False,2.0,False,0,1,9.0,100.0,1,1.426608494030278,0.1423163865398678,590.5457671330145,41.05113862185058,1527.5297517587069,27.34012093170207,-0.136,51.52,London Borough of Camden
1317,344.0814694607117,Entire home/apt,False,False,2.0,False,0,1,9.0,91.0,0,3.93502673784039,0.3645650511862616,483.42598057278855,33.60482463237716,792.4080153033627,14.182722752666985,-0.071,51.511,London Borough of Tower Hamlets
1373,369.7170676638679,Entire home/apt,False,False,2.0,False,0,1,10.0,90.0,0,3.9350155248705208,0.3645515333883088,483.4326097700945,33.60528545372701,792.405223092987,14.182672776966507,-0.071,51.511,London Borough of Tower Hamlets
67,293.75102895176275,Private room,False,True,2.0,False,0,1,9.0,84.0,1,9.50451857010954,0.3413962403710837,117.62529603922582,8.176592910968855,286.47588826825665,5.127419233735566,-0.1639999999999999,51.426,London Borough of Wandsworth
69,268.1154307486065,Private room,False,True,2.0,False,0,1,9.0,87.0,1,9.523273118238029,0.2875466134208701,117.4176769453841,8.162160498315698,299.08184286868004,5.3530438559979565,-0.165,51.426,London Borough of Wandsworth
1412,369.7170676638679,Entire home/apt,False,False,2.0,False,0,1,9.0,90.0,0,3.935020189475922,0.3645609101042149,483.4258071422481,33.60481257654414,792.4123437427209,14.182800224189462,-0.071,51.511,London Borough of Tower Hamlets
1467,359.60394176721,Entire home/apt,False,False,2.0,False,0,1,10.0,93.0,0,3.9350219760378087,0.3645613550026373,483.4265924890182,33.60486716905994,792.410075352398,14.18275962395521,-0.071,51.511,London Borough of Tower Hamlets
3477,169.57125049977657,Private room,False,True,2.0,False,0,1,9.0,80.0,1,4.059661613411183,0.5131370956694608,367.44829157657,25.54276331045886,1039.0468718979398,18.59712853297262,-0.07201,51.51981,London Borough of Tower Hamlets
1467,359.60394176721,Entire home/apt,False,False,2.0,False,0,1,10.0,93.0,0,3.9350219760378087,0.3645613550026373,483.4265924890182,33.60486716905994,792.410075352398,14.18275962395521,-0.071,51.511,London Borough of Tower Hamlets
3728,324.79597356475927,Private room,False,True,2.0,False,1,0,9.0,100.0,1,4.888747732290661,0.5951086113248798,243.94515195773496,16.957578576445506,535.0251027539604,9.576017091613569,-0.19187,51.52616,City of Westminster
1373,369.7170676638679,Entire home/apt,False,False,2.0,False,0,1,10.0,90.0,0,3.9350155248705208,0.3645515333883088,483.4326097700945,33.60528545372701,792.405223092987,14.182672776966507,-0.071,51.511,London Borough of Tower Hamlets
70,268.1154307486065,Private room,False,True,2.0,False,0,1,8.0,83.0,1,9.523278643586218,0.2875333512821565,117.4176152834318,8.162156211952995,299.08286977124584,5.353062235764571,-0.165,51.426,London Borough of Wandsworth
4965,360.7798866389144,Entire home/apt,False,False,2.0,False,0,1,9.0,96.0,0,3.9350243383162367,0.3645632420560812,483.4262313522276,33.604842065033665,792.4091382310105,14.182742851115249,-0.071,51.511,London Borough of Tower Hamlets
4876,371.1282015099132,Entire home/apt,False,False,2.0,False,0,1,10.0,95.0,0,3.935028437038272,0.3645674139495256,483.4246373406673,33.60473125907558,792.4089376830748,14.182739261656645,-0.071,51.511,London Borough of Tower Hamlets
1389,359.60394176721,Entire home/apt,False,False,2.0,False,0,1,10.0,95.0,0,3.93500771200998,0.3645473153605198,483.43162375157385,33.60521691173546,792.4115335119782,14.182785722470944,-0.071,51.511,London Borough of Tower Hamlets
1487,353.25383946000613,Entire home/apt,False,False,2.0,False,0,1,10.0,60.0,0,4.185001714432458,0.4344939213775508,352.0349716407835,24.471323350134185,724.2120163937046,12.96213319943464,-0.181,51.49100000000001,Royal Borough of Kensington and Chelsea
1467,359.60394176721,Entire home/apt,False,False,2.0,False,0,1,10.0,93.0,0,3.9350219760378087,0.3645613550026373,483.4265924890182,33.60486716905994,792.410075352398,14.18275962395521,-0.071,51.511,London Borough of Tower Hamlets
4965,360.7798866389144,Entire home/apt,False,False,2.0,False,0,1,9.0,96.0,0,3.9350243383162367,0.3645632420560812,483.4262313522276,33.604842065033665,792.4091382310105,14.182742851115249,-0.071,51.511,London Borough of Tower Hamlets
1449,210.0237540864084,Private room,False,True,2.0,False,0,1,9.0,90.0,1,2.097238862603072,0.1442385110813064,467.6021052629619,32.50484536737929,1058.1827619904932,18.939627622541128,-0.138,51.526,London Borough of Camden
195,409.699193301818,Private room,False,True,2.0,False,0,1,8.0,76.0,1,1.4265923947247965,0.1423245717589549,590.5494409384186,41.051394002387205,1527.5355203023912,27.34022417858269,-0.136,51.52,London Borough of Camden
1412,369.7170676638679,Entire home/apt,False,False,2.0,False,0,1,9.0,90.0,0,3.935020189475922,0.3645609101042149,483.4258071422481,33.60481257654414,792.4123437427209,14.182800224189462,-0.071,51.511,London Borough of Tower Hamlets
433,714.0337260989205,Entire home/apt,False,False,2.0,False,0,1,9.0,100.0,1,1.426608494030278,0.1423163865398678,590.5457671330145,41.05113862185058,1527.5297517587069,27.34012093170207,-0.136,51.52,London Borough of Camden
1487,353.25383946000613,Entire home/apt,False,False,2.0,False,0,1,10.0,60.0,0,4.185001714432458,0.4344939213775508,352.0349716407835,24.471323350134185,724.2120163937046,12.96213319943464,-0.181,51.49100000000001,Royal Borough of Kensington and Chelsea
1260,369.7170676638679,Entire home/apt,False,False,2.0,False,0,1,10.0,89.0,0,3.935020320745124,0.3645587247752559,483.4282550546191,33.60498274047667,792.4086552797338,14.182734207128908,-0.071,51.511,London Borough of Tower Hamlets
1260,369.7170676638679,Entire home/apt,False,False,2.0,False,0,1,10.0,89.0,0,3.935020320745124,0.3645587247752559,483.4282550546191,33.60498274047667,792.4086552797338,14.182734207128908,-0.071,51.511,London Borough of Tower Hamlets
69,268.1154307486065,Private room,False,True,2.0,False,0,1,9.0,87.0,1,9.523273118238029,0.2875466134208701,117.4176769453841,8.162160498315698,299.08184286868004,5.3530438559979565,-0.165,51.426,London Borough of Wandsworth
1487,353.25383946000613,Entire home/apt,False,False,2.0,False,0,1,10.0,60.0,0,4.185001714432458,0.4344939213775508,352.0349716407835,24.471323350134185,724.2120163937046,12.96213319943464,-0.181,51.49100000000001,Royal Borough of Kensington and Chelsea
1292,378.8894376631624,Entire home/apt,False,False,2.0,False,0,1,10.0,87.0,0,4.18499620484728,0.4344780546206165,352.03711666160075,24.47147245889393,724.2155649197266,12.96219671186735,-0.181,51.49100000000001,Royal Borough of Kensington and Chelsea
200,376.3023589454127,Private room,False,True,2.0,False,0,1,7.0,70.0,1,1.4265899294226507,0.1423408753715114,590.5479487609099,41.05129027531106,1527.5518228962294,27.340515966606155,-0.136,51.52,London Borough of Camden
1487,353.25383946000613,Entire home/apt,False,False,2.0,False,0,1,10.0,60.0,0,4.185001714432458,0.4344939213775508,352.0349716407835,24.471323350134185,724.2120163937046,12.96213319943464,-0.181,51.49100000000001,Royal Borough of Kensington and Chelsea
483,268.1154307486065,Private room,False,True,2.0,False,0,1,8.0,80.0,1,9.52327699514574,0.287527707201317,117.417637227526,8.162157737372535,299.0813322529376,5.353034716865882,-0.165,51.426,London Borough of Wandsworth
1487,353.25383946000613,Entire home/apt,False,False,2.0,False,0,1,10.0,60.0,0,4.185001714432458,0.4344939213775508,352.0349716407835,24.471323350134185,724.2120163937046,12.96213319943464,-0.181,51.49100000000001,Royal Borough of Kensington and Chelsea
71,268.1154307486065,Private room,False,True,2.0,False,0,1,9.0,86.0,1,9.523278900165163,0.2875335711338572,117.4176121112398,8.16215599144156,299.0830245814968,5.353065006598316,-0.165,51.426,London Borough of Wandsworth
4960,345.2574143324161,Entire home/apt,False,False,2.0,False,0,1,10.0,94.0,0,3.935032848381165,0.3645703948946772,483.42454812446687,33.60472505730966,792.4063252083831,14.182692502911737,-0.071,51.511,London Borough of Tower Hamlets
1492,353.25383946000613,Entire home/apt,False,False,2.0,False,0,1,8.0,77.0,0,4.185028030857168,0.4345001106575242,352.03010980401007,24.47098538490532,724.2024835255357,12.961962577704842,-0.181,51.49100000000001,Royal Borough of Kensington and Chelsea
4965,360.7798866389144,Entire home/apt,False,False,2.0,False,0,1,9.0,96.0,0,3.9350243383162367,0.3645632420560812,483.4262313522276,33.604842065033665,792.4091382310105,14.182742851115249,-0.071,51.511,London Borough of Tower Hamlets
296,563.2775935464146,Entire home/apt,False,False,2.0,True,0,1,10.0,100.0,1,3.974117570373979,0.1573854161252514,411.6225589880016,28.613488859520203,814.5458541798134,14.578951494759798,-0.071,51.514,London Borough of Tower Hamlets
1487,353.25383946000613,Entire home/apt,False,False,2.0,False,0,1,10.0,60.0,0,4.185001714432458,0.4344939213775508,352.0349716407835,24.471323350134185,724.2120163937046,12.96213319943464,-0.181,51.49100000000001,Royal Borough of Kensington and Chelsea
1488,353.25383946000613,Entire home/apt,False,False,2.0,False,0,1,9.0,80.0,0,4.185010724886019,0.4345029901196403,352.0327694127409,24.471170264677163,724.2080102864783,12.96206149709568,-0.181,51.49100000000001,Royal Borough of Kensington and Chelsea
1260,369.7170676638679,Entire home/apt,False,False,2.0,False,0,1,10.0,89.0,0,3.935020320745124,0.3645587247752559,483.4282550546191,33.60498274047667,792.4086552797338,14.182734207128908,-0.071,51.511,London Borough of Tower Hamlets
1493,353.25383946000613,Entire home/apt,False,False,2.0,False,0,1,9.0,90.0,0,4.184992949369395,0.4344902230901254,352.03671763804573,24.471444721210965,724.2153675012788,12.962193178421124,-0.181,51.49100000000001,Royal Borough of Kensington and Chelsea
195,409.699193301818,Private room,False,True,2.0,False,0,1,8.0,76.0,1,1.4265923947247965,0.1423245717589549,590.5494409384186,41.051394002387205,1527.5355203023912,27.34022417858269,-0.136,51.52,London Borough of Camden
4965,360.7798866389144,Entire home/apt,False,False,2.0,False,0,1,9.0,96.0,0,3.9350243383162367,0.3645632420560812,483.4262313522276,33.604842065033665,792.4091382310105,14.182742851115249,-0.071,51.511,London Borough of Tower Hamlets
1373,369.7170676638679,Entire home/apt,False,False,2.0,False,0,1,10.0,90.0,0,3.9350155248705208,0.3645515333883088,483.4326097700945,33.60528545372701,792.405223092987,14.182672776966507,-0.071,51.511,London Borough of Tower Hamlets
70,268.1154307486065,Private room,False,True,2.0,False,0,1,8.0,83.0,1,9.523278643586218,0.2875333512821565,117.4176152834318,8.162156211952995,299.08286977124584,5.353062235764571,-0.165,51.426,London Borough of Wandsworth
1486,353.25383946000613,Entire home/apt,False,False,2.0,False,0,1,8.0,100.0,0,4.18503097466839,0.4344959094430688,352.02994446355126,24.47097389144541,724.2019404164317,12.961952856998211,-0.181,51.49100000000001,Royal Borough of Kensington and Chelsea
1260,369.7170676638679,Entire home/apt,False,False,2.0,False,0,1,10.0,89.0,0,3.935020320745124,0.3645587247752559,483.4282550546191,33.60498274047667,792.4086552797338,14.182734207128908,-0.071,51.511,London Borough of Tower Hamlets
3496,1287.189256567652,Entire home/apt,False,False,5.0,False,0,1,10.0,100.0,3,3.547260266276827,0.9485039620247856,304.9225208601817,21.19635322004776,671.9608202126205,12.026927832225146,-0.1212,51.53996,London Borough of Islington
1484,353.25383946000613,Entire home/apt,False,False,2.0,False,0,1,8.0,80.0,0,4.185002016230517,0.4344890877699983,352.0352952611351,24.47134584624652,724.2124296814144,12.962140596564517,-0.181,51.49100000000001,Royal Borough of Kensington and Chelsea
1292,378.8894376631624,Entire home/apt,False,False,2.0,False,0,1,10.0,87.0,0,4.18499620484728,0.4344780546206165,352.03711666160075,24.47147245889393,724.2155649197266,12.96219671186735,-0.181,51.49100000000001,Royal Borough of Kensington and Chelsea
3789,148.87462075777887,Private room,False,True,2.0,False,0,1,8.0,77.0,1,6.247276027051709,0.4326525599317276,205.344226984096,14.274277788908762,425.904633520366,7.6229508279053295,-0.04016,51.52181,London Borough of Tower Hamlets
456,997.4364401796844,Entire home/apt,False,False,4.0,False,0,1,9.0,90.0,2,1.4265987691849185,0.1423096938987438,590.5495750942785,41.05140332808406,1527.5213064029413,27.33996977454937,-0.136,51.52,London Borough of Camden
72,268.1154307486065,Private room,False,True,2.0,False,0,1,8.0,86.0,1,9.52327700258897,0.2875339652323594,117.41763482529036,8.16215757038377,299.0821388250627,5.353049153101521,-0.165,51.426,London Borough of Wandsworth
4720,543.0513417530987,Private room,False,True,2.0,False,0,1,10.0,89.0,1,4.226493632031692,0.4823153080164015,389.6124771867229,27.083482263267605,709.9349774655814,12.706599079466043,-0.06698,51.51234,London Borough of Tower Hamlets
4965,360.7798866389144,Entire home/apt,False,False,2.0,False,0,1,9.0,96.0,0,3.9350243383162367,0.3645632420560812,483.4262313522276,33.604842065033665,792.4091382310105,14.182742851115249,-0.071,51.511,London Borough of Tower Hamlets
197,376.3023589454127,Private room,False,True,2.0,False,0,1,9.0,82.0,1,1.426607927987838,0.1423155902987533,590.5460442938881,41.05115788838347,1527.528842279423,27.340104653607604,-0.136,51.52,London Borough of Camden
2674,522.5899009854418,Entire home/apt,False,False,2.0,False,0,1,10.0,100.0,1,4.104015380028167,0.7860076479932598,324.42276836739666,22.5518914494815,928.4128552538014,16.61697240787707,-0.074,51.524,London Borough of Tower Hamlets
1292,378.8894376631624,Entire home/apt,False,False,2.0,False,0,1,10.0,87.0,0,4.18499620484728,0.4344780546206165,352.03711666160075,24.47147245889393,724.2155649197266,12.96219671186735,-0.181,51.49100000000001,Royal Borough of Kensington and Chelsea
660,2061.90173804652,Entire home/apt,False,False,4.0,False,1,0,10.0,100.0,2,1.9863329452899807,0.3000044938651928,520.7117134083561,36.19670128688446,987.9226360586138,17.682093792222886,-0.14822,51.49601,City of Westminster
1412,369.7170676638679,Entire home/apt,False,False,2.0,False,0,1,9.0,90.0,0,3.935020189475922,0.3645609101042149,483.4258071422481,33.60481257654414,792.4123437427209,14.182800224189462,-0.071,51.511,London Borough of Tower Hamlets
195,409.699193301818,Private room,False,True,2.0,False,0,1,8.0,76.0,1,1.4265923947247965,0.1423245717589549,590.5494409384186,41.051394002387205,1527.5355203023912,27.34022417858269,-0.136,51.52,London Borough of Camden
1412,369.7170676638679,Entire home/apt,False,False,2.0,False,0,1,9.0,90.0,0,3.935020189475922,0.3645609101042149,483.4258071422481,33.60481257654414,792.4123437427209,14.182800224189462,-0.071,51.511,London Borough of Tower Hamlets
1493,353.25383946000613,Entire home/apt,False,False,2.0,False,0,1,9.0,90.0,0,4.184992949369395,0.4344902230901254,352.03671763804573,24.471444721210965,724.2153675012788,12.962193178421124,-0.181,51.49100000000001,Royal Borough of Kensington and Chelsea
4689,651.7086478985865,Entire home/apt,False,False,4.0,False,0,1,6.0,60.0,2,3.8383031440198696,0.1669148449205097,272.90715923601664,18.97084061593108,513.9675838296155,9.199124194273695,-0.122,51.474,London Borough of Lambeth
1293,378.8894376631624,Entire home/apt,False,False,2.0,False,0,1,7.0,80.0,0,4.185013803660901,0.4344800749297678,352.034029099943,24.47125783044569,724.2094161973369,12.962086660450336,-0.181,51.49100000000001,Royal Borough of Kensington and Chelsea
66,293.75102895176275,Private room,False,True,2.0,False,0,1,8.0,82.0,1,9.504517474645644,0.3413844063555099,117.62531318838433,8.176594103073722,286.4774843970736,5.127447801660236,-0.1639999999999999,51.426,London Borough of Wandsworth
1259,359.60394176721,Entire home/apt,False,False,2.0,False,0,1,9.0,92.0,0,3.935028452493092,0.364567577230854,483.4244723244489,33.60471978815489,792.4091712378088,14.182743441879426,-0.071,51.511,London Borough of Tower Hamlets
1484,353.25383946000613,Entire home/apt,False,False,2.0,False,0,1,8.0,80.0,0,4.185002016230517,0.4344890877699983,352.0352952611351,24.47134584624652,724.2124296814144,12.962140596564517,-0.181,51.49100000000001,Royal Borough of Kensington and Chelsea
318,979.3268891554364,Entire home/apt,False,False,4.0,False,0,1,9.0,93.0,2,2.334978474612861,0.2083302162176965,510.33109075751776,35.47510373570821,877.9067716782133,15.713001515556702,-0.096,51.501000000000005,London Borough of Southwark
1293,378.8894376631624,Entire home/apt,False,False,2.0,False,0,1,7.0,80.0,0,4.185013803660901,0.4344800749297678,352.034029099943,24.47125783044569,724.2094161973369,12.962086660450336,-0.181,51.49100000000001,Royal Borough of Kensington and Chelsea
4876,371.1282015099132,Entire home/apt,False,False,2.0,False,0,1,10.0,95.0,0,3.935028437038272,0.3645674139495256,483.4246373406673,33.60473125907558,792.4089376830748,14.182739261656645,-0.071,51.511,London Borough of Tower Hamlets
1485,353.25383946000613,Entire home/apt,False,False,2.0,False,0,1,7.0,76.0,0,4.185011548057564,0.4344912137629979,352.03354320688,24.471224054124544,724.2089887671192,12.962079010194213,-0.181,51.49100000000001,Royal Borough of Kensington and Chelsea
4876,371.1282015099132,Entire home/apt,False,False,2.0,False,0,1,10.0,95.0,0,3.935028437038272,0.3645674139495256,483.4246373406673,33.60473125907558,792.4089376830748,14.182739261656645,-0.071,51.511,London Borough of Tower Hamlets
197,376.3023589454127,Private room,False,True,2.0,False,0,1,9.0,82.0,1,1.426607927987838,0.1423155902987533,590.5460442938881,41.05115788838347,1527.528842279423,27.340104653607604,-0.136,51.52,London Borough of Camden
1484,353.25383946000613,Entire home/apt,False,False,2.0,False,0,1,8.0,80.0,0,4.185002016230517,0.4344890877699983,352.0352952611351,24.47134584624652,724.2124296814144,12.962140596564517,-0.181,51.49100000000001,Royal Borough of Kensington and Chelsea
5091,360.7798866389144,Entire home/apt,False,False,2.0,False,0,1,10.0,90.0,0,3.9350278690773792,0.3645666968444838,483.4250080199261,33.60475702643602,792.4087447369003,14.182735808256316,-0.071,51.511,London Borough of Tower Hamlets
1412,369.7170676638679,Entire home/apt,False,False,2.0,False,0,1,9.0,90.0,0,3.935020189475922,0.3645609101042149,483.4258071422481,33.60481257654414,792.4123437427209,14.182800224189462,-0.071,51.511,London Borough of Tower Hamlets
4960,345.2574143324161,Entire home/apt,False,False,2.0,False,0,1,10.0,94.0,0,3.935032848381165,0.3645703948946772,483.42454812446687,33.60472505730966,792.4063252083831,14.182692502911737,-0.071,51.511,London Borough of Tower Hamlets
1389,359.60394176721,Entire home/apt,False,False,2.0,False,0,1,10.0,95.0,0,3.93500771200998,0.3645473153605198,483.43162375157385,33.60521691173546,792.4115335119782,14.182785722470944,-0.071,51.511,London Borough of Tower Hamlets
1483,353.25383946000613,Entire home/apt,False,False,2.0,False,0,1,9.0,70.0,0,4.1850164660276645,0.4344985934045747,352.03215328765305,24.471127435420232,724.2065434749488,12.96203524372513,-0.181,51.49100000000001,Royal Borough of Kensington and Chelsea
130,508.9489404736706,Entire home/apt,False,False,4.0,False,0,1,10.0,91.0,1,2.3270831556589164,0.4828983511159577,448.91041967555566,31.2055134293149,848.9131660323845,15.19406649403559,-0.14668,51.49117,City of Westminster
4965,360.7798866389144,Entire home/apt,False,False,2.0,False,0,1,9.0,96.0,0,3.9350243383162367,0.3645632420560812,483.4262313522276,33.604842065033665,792.4091382310105,14.182742851115249,-0.071,51.511,London Borough of Tower Hamlets
1490,353.25383946000613,Entire home/apt,False,False,2.0,False,0,1,10.0,90.0,0,4.185001270627941,0.4344823977907617,352.03593693119853,24.47139045123429,724.2133939041784,12.962157854471895,-0.181,51.49100000000001,Royal Borough of Kensington and Chelsea
1259,359.60394176721,Entire home/apt,False,False,2.0,False,0,1,9.0,92.0,0,3.935028452493092,0.364567577230854,483.4244723244489,33.60471978815489,792.4091712378088,14.182743441879426,-0.071,51.511,London Borough of Tower Hamlets
3537,495.7783579105812,Entire home/apt,False,False,6.0,False,0,0,9.0,89.0,2,2.2162962280989427,0.6760609094995342,454.05353064461184,31.5630311241132,724.4253322447946,12.96595118147966,-0.115,51.49,London Borough of Lambeth
433,714.0337260989205,Entire home/apt,False,False,2.0,False,0,1,9.0,100.0,1,1.426608494030278,0.1423163865398678,590.5457671330145,41.05113862185058,1527.5297517587069,27.34012093170207,-0.136,51.52,London Borough of Camden
1487,353.25383946000613,Entire home/apt,False,False,2.0,False,0,1,10.0,60.0,0,4.185001714432458,0.4344939213775508,352.0349716407835,24.471323350134185,724.2120163937046,12.96213319943464,-0.181,51.49100000000001,Royal Borough of Kensington and Chelsea
1487,353.25383946000613,Entire home/apt,False,False,2.0,False,0,1,10.0,60.0,0,4.185001714432458,0.4344939213775508,352.0349716407835,24.471323350134185,724.2120163937046,12.96213319943464,-0.181,51.49100000000001,Royal Borough of Kensington and Chelsea
72,268.1154307486065,Private room,False,True,2.0,False,0,1,8.0,86.0,1,9.52327700258897,0.2875339652323594,117.41763482529036,8.16215757038377,299.0821388250627,5.353049153101521,-0.165,51.426,London Borough of Wandsworth
1490,353.25383946000613,Entire home/apt,False,False,2.0,False,0,1,10.0,90.0,0,4.185001270627941,0.4344823977907617,352.03593693119853,24.47139045123429,724.2133939041784,12.962157854471895,-0.181,51.49100000000001,Royal Borough of Kensington and Chelsea
65,293.75102895176275,Private room,False,True,2.0,False,0,1,8.0,80.0,1,9.50451248267244,0.3414050430232744,117.62536677572383,8.176597828138613,286.4731091772396,5.127369492848753,-0.1639999999999999,51.426,London Borough of Wandsworth
194,440.7441379148145,Private room,False,True,2.0,False,0,1,8.0,80.0,1,1.426611953447417,0.1423164194981613,590.544733118047,41.051066743438895,1527.5303518588885,27.340131672449687,-0.136,51.52,London Borough of Camden
65,293.75102895176275,Private room,False,True,2.0,False,0,1,8.0,80.0,1,9.50451248267244,0.3414050430232744,117.62536677572383,8.176597828138613,286.4731091772396,5.127369492848753,-0.1639999999999999,51.426,London Borough of Wandsworth
1412,369.7170676638679,Entire home/apt,False,False,2.0,False,0,1,9.0,90.0,0,3.935020189475922,0.3645609101042149,483.4258071422481,33.60481257654414,792.4123437427209,14.182800224189462,-0.071,51.511,London Borough of Tower Hamlets
1485,353.25383946000613,Entire home/apt,False,False,2.0,False,0,1,7.0,76.0,0,4.185011548057564,0.4344912137629979,352.03354320688,24.471224054124544,724.2089887671192,12.962079010194213,-0.181,51.49100000000001,Royal Borough of Kensington and Chelsea
1412,369.7170676638679,Entire home/apt,False,False,2.0,False,0,1,9.0,90.0,0,3.935020189475922,0.3645609101042149,483.4258071422481,33.60481257654414,792.4123437427209,14.182800224189462,-0.071,51.511,London Borough of Tower Hamlets
66,293.75102895176275,Private room,False,True,2.0,False,0,1,8.0,82.0,1,9.504517474645644,0.3413844063555099,117.62531318838433,8.176594103073722,286.4774843970736,5.127447801660236,-0.1639999999999999,51.426,London Borough of Wandsworth
1373,369.7170676638679,Entire home/apt,False,False,2.0,False,0,1,10.0,90.0,0,3.9350155248705208,0.3645515333883088,483.4326097700945,33.60528545372701,792.405223092987,14.182672776966507,-0.071,51.511,London Borough of Tower Hamlets
1467,359.60394176721,Entire home/apt,False,False,2.0,False,0,1,10.0,93.0,0,3.9350219760378087,0.3645613550026373,483.4265924890182,33.60486716905994,792.410075352398,14.18275962395521,-0.071,51.511,London Borough of Tower Hamlets
1389,359.60394176721,Entire home/apt,False,False,2.0,False,0,1,10.0,95.0,0,3.93500771200998,0.3645473153605198,483.43162375157385,33.60521691173546,792.4115335119782,14.182785722470944,-0.071,51.511,London Borough of Tower Hamlets
4960,345.2574143324161,Entire home/apt,False,False,2.0,False,0,1,10.0,94.0,0,3.935032848381165,0.3645703948946772,483.42454812446687,33.60472505730966,792.4063252083831,14.182692502911737,-0.071,51.511,London Borough of Tower Hamlets
5165,633.8342858486794,Entire home/apt,False,False,5.0,False,1,0,10.0,100.0,2,8.845317426078994,0.3405355224838944,127.93481627595057,8.89324785613458,285.57800324536964,5.111348656334221,-0.2023599999999999,51.44402,London Borough of Wandsworth
67,293.75102895176275,Private room,False,True,2.0,False,0,1,9.0,84.0,1,9.50451857010954,0.3413962403710837,117.62529603922582,8.176592910968855,286.47588826825665,5.127419233735566,-0.1639999999999999,51.426,London Borough of Wandsworth
484,268.1154307486065,Private room,False,True,2.0,False,0,1,7.0,76.0,1,9.5233097620805,0.2875510182420163,117.41723387925968,8.162129699062017,299.1005052747009,5.353377880547658,-0.165,51.426,London Borough of Wandsworth
4684,532.7030268820997,Entire home/apt,False,False,4.0,False,0,1,2.0,20.0,1,3.838302776178675,0.1669155937969142,272.9071862737662,18.97084249543046,513.9675671693449,9.19912389608388,-0.122,51.474,London Borough of Lambeth
1259,359.60394176721,Entire home/apt,False,False,2.0,False,0,1,9.0,92.0,0,3.935028452493092,0.364567577230854,483.4244723244489,33.60471978815489,792.4091712378088,14.182743441879426,-0.071,51.511,London Borough of Tower Hamlets
456,997.4364401796844,Entire home/apt,False,False,4.0,False,0,1,9.0,90.0,2,1.4265987691849185,0.1423096938987438,590.5495750942785,41.05140332808406,1527.5213064029413,27.33996977454937,-0.136,51.52,London Borough of Camden
1260,369.7170676638679,Entire home/apt,False,False,2.0,False,0,1,10.0,89.0,0,3.935020320745124,0.3645587247752559,483.4282550546191,33.60498274047667,792.4086552797338,14.182734207128908,-0.071,51.511,London Borough of Tower Hamlets
1486,353.25383946000613,Entire home/apt,False,False,2.0,False,0,1,8.0,100.0,0,4.18503097466839,0.4344959094430688,352.02994446355126,24.47097389144541,724.2019404164317,12.961952856998211,-0.181,51.49100000000001,Royal Borough of Kensington and Chelsea
1259,359.60394176721,Entire home/apt,False,False,2.0,False,0,1,9.0,92.0,0,3.935028452493092,0.364567577230854,483.4244723244489,33.60471978815489,792.4091712378088,14.182743441879426,-0.071,51.511,London Borough of Tower Hamlets
1486,353.25383946000613,Entire home/apt,False,False,2.0,False,0,1,8.0,100.0,0,4.18503097466839,0.4344959094430688,352.02994446355126,24.47097389144541,724.2019404164317,12.961952856998211,-0.181,51.49100000000001,Royal Borough of Kensington and Chelsea
198,376.3023589454127,Private room,False,True,2.0,False,0,1,9.0,84.0,1,1.4266091415297688,0.1423332007622191,590.5432789998072,41.05096566201091,1527.5471129295904,27.340431666410137,-0.136,51.52,London Borough of Camden
1483,353.25383946000613,Entire home/apt,False,False,2.0,False,0,1,9.0,70.0,0,4.1850164660276645,0.4344985934045747,352.03215328765305,24.471127435420232,724.2065434749488,12.96203524372513,-0.181,51.49100000000001,Royal Borough of Kensington and Chelsea
1467,359.60394176721,Entire home/apt,False,False,2.0,False,0,1,10.0,93.0,0,3.9350219760378087,0.3645613550026373,483.4265924890182,33.60486716905994,792.410075352398,14.18275962395521,-0.071,51.511,London Borough of Tower Hamlets
200,376.3023589454127,Private room,False,True,2.0,False,0,1,7.0,70.0,1,1.4265899294226507,0.1423408753715114,590.5479487609099,41.05129027531106,1527.5518228962294,27.340515966606155,-0.136,51.52,London Borough of Camden
1259,359.60394176721,Entire home/apt,False,False,2.0,False,0,1,9.0,92.0,0,3.935028452493092,0.364567577230854,483.4244723244489,33.60471978815489,792.4091712378088,14.182743441879426,-0.071,51.511,London Borough of Tower Hamlets
1467,359.60394176721,Entire home/apt,False,False,2.0,False,0,1,10.0,93.0,0,3.9350219760378087,0.3645613550026373,483.4265924890182,33.60486716905994,792.410075352398,14.18275962395521,-0.071,51.511,London Borough of Tower Hamlets
1373,369.7170676638679,Entire home/apt,False,False,2.0,False,0,1,10.0,90.0,0,3.9350155248705208,0.3645515333883088,483.4326097700945,33.60528545372701,792.405223092987,14.182672776966507,-0.071,51.511,London Borough of Tower Hamlets
1293,378.8894376631624,Entire home/apt,False,False,2.0,False,0,1,7.0,80.0,0,4.185013803660901,0.4344800749297678,352.034029099943,24.47125783044569,724.2094161973369,12.962086660450336,-0.181,51.49100000000001,Royal Borough of Kensington and Chelsea
1259,359.60394176721,Entire home/apt,False,False,2.0,False,0,1,9.0,92.0,0,3.935028452493092,0.364567577230854,483.4244723244489,33.60471978815489,792.4091712378088,14.182743441879426,-0.071,51.511,London Borough of Tower Hamlets
1317,344.0814694607117,Entire home/apt,False,False,2.0,False,0,1,9.0,91.0,0,3.93502673784039,0.3645650511862616,483.42598057278855,33.60482463237716,792.4080153033627,14.182722752666985,-0.071,51.511,London Borough of Tower Hamlets
195,409.699193301818,Private room,False,True,2.0,False,0,1,8.0,76.0,1,1.4265923947247965,0.1423245717589549,590.5494409384186,41.051394002387205,1527.5355203023912,27.34022417858269,-0.136,51.52,London Borough of Camden
198,376.3023589454127,Private room,False,True,2.0,False,0,1,9.0,84.0,1,1.4266091415297688,0.1423332007622191,590.5432789998072,41.05096566201091,1527.5471129295904,27.340431666410137,-0.136,51.52,London Borough of Camden
4688,584.444601237094,Entire home/apt,False,False,5.0,False,0,1,8.0,60.0,2,3.838332792083083,0.1668864259907863,272.90527667655573,18.97070975188345,513.9649636226302,9.199077297134204,-0.122,51.474,London Borough of Lambeth
1485,353.25383946000613,Entire home/apt,False,False,2.0,False,0,1,7.0,76.0,0,4.185011548057564,0.4344912137629979,352.03354320688,24.471224054124544,724.2089887671192,12.962079010194213,-0.181,51.49100000000001,Royal Borough of Kensington and Chelsea
4960,345.2574143324161,Entire home/apt,False,False,2.0,False,0,1,10.0,94.0,0,3.935032848381165,0.3645703948946772,483.42454812446687,33.60472505730966,792.4063252083831,14.182692502911737,-0.071,51.511,London Borough of Tower Hamlets
4960,345.2574143324161,Entire home/apt,False,False,2.0,False,0,1,10.0,94.0,0,3.935032848381165,0.3645703948946772,483.42454812446687,33.60472505730966,792.4063252083831,14.182692502911737,-0.071,51.511,London Borough of Tower Hamlets
4876,371.1282015099132,Entire home/apt,False,False,2.0,False,0,1,10.0,95.0,0,3.935028437038272,0.3645674139495256,483.4246373406673,33.60473125907558,792.4089376830748,14.182739261656645,-0.071,51.511,London Borough of Tower Hamlets
60,293.75102895176275,Private room,False,True,2.0,False,0,1,8.0,76.0,1,9.50450633974499,0.3413801615197919,117.62544927878372,8.176603563247957,286.4755790091257,5.127413698535986,-0.1639999999999999,51.426,London Borough of Wandsworth
4960,345.2574143324161,Entire home/apt,False,False,2.0,False,0,1,10.0,94.0,0,3.935032848381165,0.3645703948946772,483.42454812446687,33.60472505730966,792.4063252083831,14.182692502911737,-0.071,51.511,London Borough of Tower Hamlets
1260,369.7170676638679,Entire home/apt,False,False,2.0,False,0,1,10.0,89.0,0,3.935020320745124,0.3645587247752559,483.4282550546191,33.60498274047667,792.4086552797338,14.182734207128908,-0.071,51.511,London Borough of Tower Hamlets
1492,353.25383946000613,Entire home/apt,False,False,2.0,False,0,1,8.0,77.0,0,4.185028030857168,0.4345001106575242,352.03010980401007,24.47098538490532,724.2024835255357,12.961962577704842,-0.181,51.49100000000001,Royal Borough of Kensington and Chelsea
4876,371.1282015099132,Entire home/apt,False,False,2.0,False,0,1,10.0,95.0,0,3.935028437038272,0.3645674139495256,483.4246373406673,33.60473125907558,792.4089376830748,14.182739261656645,-0.071,51.511,London Borough of Tower Hamlets
1492,353.25383946000613,Entire home/apt,False,False,2.0,False,0,1,8.0,77.0,0,4.185028030857168,0.4345001106575242,352.03010980401007,24.47098538490532,724.2024835255357,12.961962577704842,-0.181,51.49100000000001,Royal Borough of Kensington and Chelsea
1293,378.8894376631624,Entire home/apt,False,False,2.0,False,0,1,7.0,80.0,0,4.185013803660901,0.4344800749297678,352.034029099943,24.47125783044569,724.2094161973369,12.962086660450336,-0.181,51.49100000000001,Royal Borough of Kensington and Chelsea
4817,362.19102048495967,Entire home/apt,False,False,3.0,True,1,0,10.0,98.0,0,3.1246913887434986,0.2474986951368658,649.7067717323287,45.16365070132056,1004.9945959733346,17.98765212787707,-0.08272,51.50562,London Borough of Southwark
4965,360.7798866389144,Entire home/apt,False,False,2.0,False,0,1,9.0,96.0,0,3.9350243383162367,0.3645632420560812,483.4262313522276,33.604842065033665,792.4091382310105,14.182742851115249,-0.071,51.511,London Borough of Tower Hamlets
1412,369.7170676638679,Entire home/apt,False,False,2.0,False,0,1,9.0,90.0,0,3.935020189475922,0.3645609101042149,483.4258071422481,33.60481257654414,792.4123437427209,14.182800224189462,-0.071,51.511,London Borough of Tower Hamlets
4960,345.2574143324161,Entire home/apt,False,False,2.0,False,0,1,10.0,94.0,0,3.935032848381165,0.3645703948946772,483.42454812446687,33.60472505730966,792.4063252083831,14.182692502911737,-0.071,51.511,London Borough of Tower Hamlets
4687,584.444601237094,Entire home/apt,False,False,4.0,False,0,1,8.0,87.0,2,3.83830320711688,0.1669156498500482,272.90716326666563,18.97084089611721,513.9674708911498,9.199122172871943,-0.122,51.474,London Borough of Lambeth
1485,353.25383946000613,Entire home/apt,False,False,2.0,False,0,1,7.0,76.0,0,4.185011548057564,0.4344912137629979,352.03354320688,24.471224054124544,724.2089887671192,12.962079010194213,-0.181,51.49100000000001,Royal Borough of Kensington and Chelsea
1484,353.25383946000613,Entire home/apt,False,False,2.0,False,0,1,8.0,80.0,0,4.185002016230517,0.4344890877699983,352.0352952611351,24.47134584624652,724.2124296814144,12.962140596564517,-0.181,51.49100000000001,Royal Borough of Kensington and Chelsea
2959,499.3061925256944,Entire home/apt,False,False,4.0,False,0,1,9.0,91.0,1,1.5071639971789346,0.3781033027654179,590.323729509653,41.035703920997285,1220.9922348797795,21.853633501965,-0.1185099999999999,51.52065,London Borough of Camden
1259,359.60394176721,Entire home/apt,False,False,2.0,False,0,1,9.0,92.0,0,3.935028452493092,0.364567577230854,483.4244723244489,33.60471978815489,792.4091712378088,14.182743441879426,-0.071,51.511,London Borough of Tower Hamlets
69,268.1154307486065,Private room,False,True,2.0,False,0,1,9.0,87.0,1,9.523273118238029,0.2875466134208701,117.4176769453841,8.162160498315698,299.08184286868004,5.3530438559979565,-0.165,51.426,London Borough of Wandsworth
194,440.7441379148145,Private room,False,True,2.0,False,0,1,8.0,80.0,1,1.426611953447417,0.1423164194981613,590.544733118047,41.051066743438895,1527.5303518588885,27.340131672449687,-0.136,51.52,London Borough of Camden
1259,359.60394176721,Entire home/apt,False,False,2.0,False,0,1,9.0,92.0,0,3.935028452493092,0.364567577230854,483.4244723244489,33.60471978815489,792.4091712378088,14.182743441879426,-0.071,51.511,London Borough of Tower Hamlets
4138,517.4157435499424,Entire home/apt,False,False,5.0,False,0,1,10.0,20.0,2,5.939780223010478,0.3776627225202749,206.7871999193536,14.374584463326928,489.5578092478432,8.762231761761086,-0.2,51.48,London Borough of Hammersmith and Fulham
5091,360.7798866389144,Entire home/apt,False,False,2.0,False,0,1,10.0,90.0,0,3.9350278690773792,0.3645666968444838,483.4250080199261,33.60475702643602,792.4087447369003,14.182735808256316,-0.071,51.511,London Borough of Tower Hamlets
1487,353.25383946000613,Entire home/apt,False,False,2.0,False,0,1,10.0,60.0,0,4.185001714432458,0.4344939213775508,352.0349716407835,24.471323350134185,724.2120163937046,12.96213319943464,-0.181,51.49100000000001,Royal Borough of Kensington and Chelsea
4965,360.7798866389144,Entire home/apt,False,False,2.0,False,0,1,9.0,96.0,0,3.9350243383162367,0.3645632420560812,483.4262313522276,33.604842065033665,792.4091382310105,14.182742851115249,-0.071,51.511,London Borough of Tower Hamlets
1483,353.25383946000613,Entire home/apt,False,False,2.0,False,0,1,9.0,70.0,0,4.1850164660276645,0.4344985934045747,352.03215328765305,24.471127435420232,724.2065434749488,12.96203524372513,-0.181,51.49100000000001,Royal Borough of Kensington and Chelsea
4965,360.7798866389144,Entire home/apt,False,False,2.0,False,0,1,9.0,96.0,0,3.9350243383162367,0.3645632420560812,483.4262313522276,33.604842065033665,792.4091382310105,14.182742851115249,-0.071,51.511,London Borough of Tower Hamlets
1485,353.25383946000613,Entire home/apt,False,False,2.0,False,0,1,7.0,76.0,0,4.185011548057564,0.4344912137629979,352.03354320688,24.471224054124544,724.2089887671192,12.962079010194213,-0.181,51.49100000000001,Royal Borough of Kensington and Chelsea
1292,378.8894376631624,Entire home/apt,False,False,2.0,False,0,1,10.0,87.0,0,4.18499620484728,0.4344780546206165,352.03711666160075,24.47147245889393,724.2155649197266,12.96219671186735,-0.181,51.49100000000001,Royal Borough of Kensington and Chelsea
1483,353.25383946000613,Entire home/apt,False,False,2.0,False,0,1,9.0,70.0,0,4.1850164660276645,0.4344985934045747,352.03215328765305,24.471127435420232,724.2065434749488,12.96203524372513,-0.181,51.49100000000001,Royal Borough of Kensington and Chelsea
1260,369.7170676638679,Entire home/apt,False,False,2.0,False,0,1,10.0,89.0,0,3.935020320745124,0.3645587247752559,483.4282550546191,33.60498274047667,792.4086552797338,14.182734207128908,-0.071,51.511,London Borough of Tower Hamlets
199,376.3023589454127,Private room,False,True,2.0,False,0,1,9.0,84.0,1,1.4266116766837378,0.1423209166241567,590.5442015370076,41.05102979116838,1527.5349223559454,27.3402134763832,-0.136,51.52,London Borough of Camden
456,997.4364401796844,Entire home/apt,False,False,4.0,False,0,1,9.0,90.0,2,1.4265987691849185,0.1423096938987438,590.5495750942785,41.05140332808406,1527.5213064029413,27.33996977454937,-0.136,51.52,London Borough of Camden
494,293.9862179261036,Private room,False,True,2.0,False,0,1,9.0,80.0,1,9.504498914219624,0.341377448339851,117.62553999482677,8.176609869273783,286.4742902723464,5.127390632393181,-0.1639999999999999,51.426,London Borough of Wandsworth
1493,353.25383946000613,Entire home/apt,False,False,2.0,False,0,1,9.0,90.0,0,4.184992949369395,0.4344902230901254,352.03671763804573,24.471444721210965,724.2153675012788,12.962193178421124,-0.181,51.49100000000001,Royal Borough of Kensington and Chelsea
4965,360.7798866389144,Entire home/apt,False,False,2.0,False,0,1,9.0,96.0,0,3.9350243383162367,0.3645632420560812,483.4262313522276,33.604842065033665,792.4091382310105,14.182742851115249,-0.071,51.511,London Borough of Tower Hamlets
1389,359.60394176721,Entire home/apt,False,False,2.0,False,0,1,10.0,95.0,0,3.93500771200998,0.3645473153605198,483.43162375157385,33.60521691173546,792.4115335119782,14.182785722470944,-0.071,51.511,London Borough of Tower Hamlets
1373,369.7170676638679,Entire home/apt,False,False,2.0,False,0,1,10.0,90.0,0,3.9350155248705208,0.3645515333883088,483.4326097700945,33.60528545372701,792.405223092987,14.182672776966507,-0.071,51.511,London Borough of Tower Hamlets
4960,345.2574143324161,Entire home/apt,False,False,2.0,False,0,1,10.0,94.0,0,3.935032848381165,0.3645703948946772,483.42454812446687,33.60472505730966,792.4063252083831,14.182692502911737,-0.071,51.511,London Borough of Tower Hamlets
4113,517.4157435499424,Entire home/apt,False,False,5.0,False,0,1,9.0,92.0,2,5.939761862522508,0.377642085785679,206.78797773248056,14.374638532149833,489.5618564754846,8.762304200083827,-0.2,51.48,London Borough of Hammersmith and Fulham
1492,353.25383946000613,Entire home/apt,False,False,2.0,False,0,1,8.0,77.0,0,4.185028030857168,0.4345001106575242,352.03010980401007,24.47098538490532,724.2024835255357,12.961962577704842,-0.181,51.49100000000001,Royal Borough of Kensington and Chelsea
456,997.4364401796844,Entire home/apt,False,False,4.0,False,0,1,9.0,90.0,2,1.4265987691849185,0.1423096938987438,590.5495750942785,41.05140332808406,1527.5213064029413,27.33996977454937,-0.136,51.52,London Borough of Camden
199,376.3023589454127,Private room,False,True,2.0,False,0,1,9.0,84.0,1,1.4266116766837378,0.1423209166241567,590.5442015370076,41.05102979116838,1527.5349223559454,27.3402134763832,-0.136,51.52,London Borough of Camden
4684,532.7030268820997,Entire home/apt,False,False,4.0,False,0,1,2.0,20.0,1,3.838302776178675,0.1669155937969142,272.9071862737662,18.97084249543046,513.9675671693449,9.19912389608388,-0.122,51.474,London Borough of Lambeth
1467,359.60394176721,Entire home/apt,False,False,2.0,False,0,1,10.0,93.0,0,3.9350219760378087,0.3645613550026373,483.4265924890182,33.60486716905994,792.410075352398,14.18275962395521,-0.071,51.511,London Borough of Tower Hamlets
4960,345.2574143324161,Entire home/apt,False,False,2.0,False,0,1,10.0,94.0,0,3.935032848381165,0.3645703948946772,483.42454812446687,33.60472505730966,792.4063252083831,14.182692502911737,-0.071,51.511,London Borough of Tower Hamlets
1292,378.8894376631624,Entire home/apt,False,False,2.0,False,0,1,10.0,87.0,0,4.18499620484728,0.4344780546206165,352.03711666160075,24.47147245889393,724.2155649197266,12.96219671186735,-0.181,51.49100000000001,Royal Borough of Kensington and Chelsea
4965,360.7798866389144,Entire home/apt,False,False,2.0,False,0,1,9.0,96.0,0,3.9350243383162367,0.3645632420560812,483.4262313522276,33.604842065033665,792.4091382310105,14.182742851115249,-0.071,51.511,London Borough of Tower Hamlets
1486,353.25383946000613,Entire home/apt,False,False,2.0,False,0,1,8.0,100.0,0,4.18503097466839,0.4344959094430688,352.02994446355126,24.47097389144541,724.2019404164317,12.961952856998211,-0.181,51.49100000000001,Royal Borough of Kensington and Chelsea
4960,345.2574143324161,Entire home/apt,False,False,2.0,False,0,1,10.0,94.0,0,3.935032848381165,0.3645703948946772,483.42454812446687,33.60472505730966,792.4063252083831,14.182692502911737,-0.071,51.511,London Borough of Tower Hamlets
922,438.1570591970648,Entire home/apt,False,False,2.0,False,1,0,10.0,100.0,1,3.0645742473871804,0.4558763876643075,674.5394114767358,46.88986430444765,1025.7908102329454,18.359868127025187,-0.08346,51.51004,City of London
66,293.75102895176275,Private room,False,True,2.0,False,0,1,8.0,82.0,1,9.504517474645644,0.3413844063555099,117.62531318838433,8.176594103073722,286.4774843970736,5.127447801660236,-0.1639999999999999,51.426,London Borough of Wandsworth
66,293.75102895176275,Private room,False,True,2.0,False,0,1,8.0,82.0,1,9.504517474645644,0.3413844063555099,117.62531318838433,8.176594103073722,286.4774843970736,5.127447801660236,-0.1639999999999999,51.426,London Borough of Wandsworth
4960,345.2574143324161,Entire home/apt,False,False,2.0,False,0,1,10.0,94.0,0,3.935032848381165,0.3645703948946772,483.42454812446687,33.60472505730966,792.4063252083831,14.182692502911737,-0.071,51.511,London Borough of Tower Hamlets
66,293.75102895176275,Private room,False,True,2.0,False,0,1,8.0,82.0,1,9.504517474645644,0.3413844063555099,117.62531318838433,8.176594103073722,286.4774843970736,5.127447801660236,-0.1639999999999999,51.426,London Borough of Wandsworth
1292,378.8894376631624,Entire home/apt,False,False,2.0,False,0,1,10.0,87.0,0,4.18499620484728,0.4344780546206165,352.03711666160075,24.47147245889393,724.2155649197266,12.96219671186735,-0.181,51.49100000000001,Royal Borough of Kensington and Chelsea
2585,319.62181612925986,Entire home/apt,False,False,4.0,False,0,1,9.0,98.0,1,11.000548950998828,5.768340892189652,110.72595029270587,7.696992489793248,225.5609095329941,4.037147254903945,-0.0011,51.4488,London Borough of Lewisham
1317,344.0814694607117,Entire home/apt,False,False,2.0,False,0,1,9.0,91.0,0,3.93502673784039,0.3645650511862616,483.42598057278855,33.60482463237716,792.4080153033627,14.182722752666985,-0.071,51.511,London Borough of Tower Hamlets
2428,166.27860485900422,Private room,False,True,4.0,False,0,1,8.0,82.0,1,5.235774479328269,0.254252189135033,243.37637400396548,16.91804060339627,532.796611944623,9.536130989131882,-0.059,51.528,London Borough of Tower Hamlets
4685,532.7030268820997,Entire home/apt,False,False,2.0,False,0,1,10.0,100.0,1,3.838316593449824,0.1669039612594322,272.9063238742292,18.97078254667643,513.9661462267178,9.199098463686758,-0.122,51.474,London Borough of Lambeth
4295,232.83708459747407,Private room,False,True,2.0,False,1,0,10.0,100.0,1,7.959807194779735,1.0912793109042378,154.15054426316576,10.715605315236475,321.5013713554099,5.754314351288289,-0.0224,51.53692,London Borough of Tower Hamlets
1493,353.25383946000613,Entire home/apt,False,False,2.0,False,0,1,9.0,90.0,0,4.184992949369395,0.4344902230901254,352.03671763804573,24.471444721210965,724.2153675012788,12.962193178421124,-0.181,51.49100000000001,Royal Borough of Kensington and Chelsea
66,293.75102895176275,Private room,False,True,2.0,False,0,1,8.0,82.0,1,9.504517474645644,0.3413844063555099,117.62531318838433,8.176594103073722,286.4774843970736,5.127447801660236,-0.1639999999999999,51.426,London Borough of Wandsworth
1483,353.25383946000613,Entire home/apt,False,False,2.0,False,0,1,9.0,70.0,0,4.1850164660276645,0.4344985934045747,352.03215328765305,24.471127435420232,724.2065434749488,12.96203524372513,-0.181,51.49100000000001,Royal Borough of Kensington and Chelsea
3757,245.77247818622263,Entire home/apt,False,False,2.0,True,0,1,9.0,94.0,0,3.840179944568976,0.492551596833637,322.8914982893202,22.445446896423768,920.87721251265,16.482097533195265,-0.08,51.526,London Borough of Hackney
5091,360.7798866389144,Entire home/apt,False,False,2.0,False,0,1,10.0,90.0,0,3.9350278690773792,0.3645666968444838,483.4250080199261,33.60475702643602,792.4087447369003,14.182735808256316,-0.071,51.511,London Borough of Tower Hamlets
1259,359.60394176721,Entire home/apt,False,False,2.0,False,0,1,9.0,92.0,0,3.935028452493092,0.364567577230854,483.4244723244489,33.60471978815489,792.4091712378088,14.182743441879426,-0.071,51.511,London Borough of Tower Hamlets
1373,369.7170676638679,Entire home/apt,False,False,2.0,False,0,1,10.0,90.0,0,3.9350155248705208,0.3645515333883088,483.4326097700945,33.60528545372701,792.405223092987,14.182672776966507,-0.071,51.511,London Borough of Tower Hamlets
1389,359.60394176721,Entire home/apt,False,False,2.0,False,0,1,10.0,95.0,0,3.93500771200998,0.3645473153605198,483.43162375157385,33.60521691173546,792.4115335119782,14.182785722470944,-0.071,51.511,London Borough of Tower Hamlets
1389,359.60394176721,Entire home/apt,False,False,2.0,False,0,1,10.0,95.0,0,3.93500771200998,0.3645473153605198,483.43162375157385,33.60521691173546,792.4115335119782,14.182785722470944,-0.071,51.511,London Borough of Tower Hamlets
70,268.1154307486065,Private room,False,True,2.0,False,0,1,8.0,83.0,1,9.523278643586218,0.2875333512821565,117.4176152834318,8.162156211952995,299.08286977124584,5.353062235764571,-0.165,51.426,London Borough of Wandsworth
1259,359.60394176721,Entire home/apt,False,False,2.0,False,0,1,9.0,92.0,0,3.935028452493092,0.364567577230854,483.4244723244489,33.60471978815489,792.4091712378088,14.182743441879426,-0.071,51.511,London Borough of Tower Hamlets
4965,360.7798866389144,Entire home/apt,False,False,2.0,False,0,1,9.0,96.0,0,3.9350243383162367,0.3645632420560812,483.4262313522276,33.604842065033665,792.4091382310105,14.182742851115249,-0.071,51.511,London Borough of Tower Hamlets
60,293.75102895176275,Private room,False,True,2.0,False,0,1,8.0,76.0,1,9.50450633974499,0.3413801615197919,117.62544927878372,8.176603563247957,286.4755790091257,5.127413698535986,-0.1639999999999999,51.426,London Borough of Wandsworth
3527,562.8072155977328,Entire home/apt,False,False,4.0,False,0,1,10.0,100.0,0,4.717381699666996,0.4523752650757945,292.6661702173648,20.344366503287564,661.9792616323693,11.848275325878388,-0.192,51.495,Royal Borough of Kensington and Chelsea
1130,603.0245302100237,Entire home/apt,False,False,2.0,False,0,0,10.0,80.0,1,0.3397148813043958,0.1873333081963598,1004.0207184975116,69.79339449734442,1918.3380077008087,34.33490775419301,-0.1228099999999999,51.509170000000005,City of Westminster
1260,369.7170676638679,Entire home/apt,False,False,2.0,False,0,1,10.0,89.0,0,3.935020320745124,0.3645587247752559,483.4282550546191,33.60498274047667,792.4086552797338,14.182734207128908,-0.071,51.511,London Borough of Tower Hamlets
1486,353.25383946000613,Entire home/apt,False,False,2.0,False,0,1,8.0,100.0,0,4.18503097466839,0.4344959094430688,352.02994446355126,24.47097389144541,724.2019404164317,12.961952856998211,-0.181,51.49100000000001,Royal Borough of Kensington and Chelsea
3508,181.09551024247983,Private room,False,True,2.0,False,1,0,10.0,99.0,1,2.8302760481188223,0.1366019951950482,371.59876879488667,25.831279163282804,633.0640814975561,11.330743984352925,-0.1042,51.48746,London Borough of Southwark
68,268.1154307486065,Private room,False,True,2.0,False,0,1,8.0,78.0,1,9.523294739569868,0.2875418696337674,117.41741823139134,8.162142514097418,299.09190854655947,5.353224014093186,-0.165,51.426,London Borough of Wandsworth
1467,359.60394176721,Entire home/apt,False,False,2.0,False,0,1,10.0,93.0,0,3.9350219760378087,0.3645613550026373,483.4265924890182,33.60486716905994,792.410075352398,14.18275962395521,-0.071,51.511,London Borough of Tower Hamlets
60,293.75102895176275,Private room,False,True,2.0,False,0,1,8.0,76.0,1,9.50450633974499,0.3413801615197919,117.62544927878372,8.176603563247957,286.4755790091257,5.127413698535986,-0.1639999999999999,51.426,London Borough of Wandsworth
72,268.1154307486065,Private room,False,True,2.0,False,0,1,8.0,86.0,1,9.52327700258897,0.2875339652323594,117.41763482529036,8.16215757038377,299.0821388250627,5.353049153101521,-0.165,51.426,London Borough of Wandsworth
1389,359.60394176721,Entire home/apt,False,False,2.0,False,0,1,10.0,95.0,0,3.93500771200998,0.3645473153605198,483.43162375157385,33.60521691173546,792.4115335119782,14.182785722470944,-0.071,51.511,London Borough of Tower Hamlets
1138,190.73825819045604,Private room,False,True,2.0,False,0,0,10.0,98.0,1,4.983609267513354,0.1685442000079742,227.0309442348907,15.781806054562605,491.3324590513356,8.79399490102763,-0.11406,51.55232,London Borough of Islington
1292,378.8894376631624,Entire home/apt,False,False,2.0,False,0,1,10.0,87.0,0,4.18499620484728,0.4344780546206165,352.03711666160075,24.47147245889393,724.2155649197266,12.96219671186735,-0.181,51.49100000000001,Royal Borough of Kensington and Chelsea
3929,100.89606999223876,Private room,False,True,2.0,False,0,1,8.0,83.0,1,5.454053907693422,1.1330853588990724,250.68954650277027,17.426407735500902,492.6559885573566,8.81768377301826,-0.04917,51.51191,London Borough of Tower Hamlets
3268,195.2068487029328,Private room,False,True,2.0,False,0,1,9.0,93.0,1,2.1804278822766348,0.5531799095188346,450.3610951298584,31.306355535861552,973.9001561129209,17.431115834486732,-0.118,51.527,London Borough of Camden
65,293.75102895176275,Private room,False,True,2.0,False,0,1,8.0,80.0,1,9.50451248267244,0.3414050430232744,117.62536677572383,8.176597828138613,286.4731091772396,5.127369492848753,-0.1639999999999999,51.426,London Borough of Wandsworth
1293,378.8894376631624,Entire home/apt,False,False,2.0,False,0,1,7.0,80.0,0,4.185013803660901,0.4344800749297678,352.034029099943,24.47125783044569,724.2094161973369,12.962086660450336,-0.181,51.49100000000001,Royal Borough of Kensington and Chelsea
1317,344.0814694607117,Entire home/apt,False,False,2.0,False,0,1,9.0,91.0,0,3.93502673784039,0.3645650511862616,483.42598057278855,33.60482463237716,792.4080153033627,14.182722752666985,-0.071,51.511,London Borough of Tower Hamlets
1575,333.73315458971285,Entire home/apt,False,False,2.0,False,0,1,9.0,100.0,0,3.9350143045386576,0.3645493176496757,483.43413381094297,33.60539139574812,792.4037374677036,14.182646186862549,-0.071,51.511,London Borough of Tower Hamlets
60,293.75102895176275,Private room,False,True,2.0,False,0,1,8.0,76.0,1,9.50450633974499,0.3413801615197919,117.62544927878372,8.176603563247957,286.4755790091257,5.127413698535986,-0.1639999999999999,51.426,London Borough of Wandsworth
1259,359.60394176721,Entire home/apt,False,False,2.0,False,0,1,9.0,92.0,0,3.935028452493092,0.364567577230854,483.4244723244489,33.60471978815489,792.4091712378088,14.182743441879426,-0.071,51.511,London Borough of Tower Hamlets
198,376.3023589454127,Private room,False,True,2.0,False,0,1,9.0,84.0,1,1.4266091415297688,0.1423332007622191,590.5432789998072,41.05096566201091,1527.5471129295904,27.340431666410137,-0.136,51.52,London Borough of Camden
1490,353.25383946000613,Entire home/apt,False,False,2.0,False,0,1,10.0,90.0,0,4.185001270627941,0.4344823977907617,352.03593693119853,24.47139045123429,724.2133939041784,12.962157854471895,-0.181,51.49100000000001,Royal Borough of Kensington and Chelsea
4965,360.7798866389144,Entire home/apt,False,False,2.0,False,0,1,9.0,96.0,0,3.9350243383162367,0.3645632420560812,483.4262313522276,33.604842065033665,792.4091382310105,14.182742851115249,-0.071,51.511,London Borough of Tower Hamlets
1389,359.60394176721,Entire home/apt,False,False,2.0,False,0,1,10.0,95.0,0,3.93500771200998,0.3645473153605198,483.43162375157385,33.60521691173546,792.4115335119782,14.182785722470944,-0.071,51.511,London Borough of Tower Hamlets
1485,353.25383946000613,Entire home/apt,False,False,2.0,False,0,1,7.0,76.0,0,4.185011548057564,0.4344912137629979,352.03354320688,24.471224054124544,724.2089887671192,12.962079010194213,-0.181,51.49100000000001,Royal Borough of Kensington and Chelsea
195,409.699193301818,Private room,False,True,2.0,False,0,1,8.0,76.0,1,1.4265923947247965,0.1423245717589549,590.5494409384186,41.051394002387205,1527.5355203023912,27.34022417858269,-0.136,51.52,London Borough of Camden
1483,353.25383946000613,Entire home/apt,False,False,2.0,False,0,1,9.0,70.0,0,4.1850164660276645,0.4344985934045747,352.03215328765305,24.471127435420232,724.2065434749488,12.96203524372513,-0.181,51.49100000000001,Royal Borough of Kensington and Chelsea
1828,109.59806204285142,Private room,False,True,2.0,False,0,1,8.0,81.0,1,7.326287183730135,0.7228213209170677,181.76015616353047,12.634857079447467,376.1992803266556,6.733311614198106,-0.02336,51.49783,London Borough of Tower Hamlets
1293,378.8894376631624,Entire home/apt,False,False,2.0,False,0,1,7.0,80.0,0,4.185013803660901,0.4344800749297678,352.034029099943,24.47125783044569,724.2094161973369,12.962086660450336,-0.181,51.49100000000001,Royal Borough of Kensington and Chelsea
1412,369.7170676638679,Entire home/apt,False,False,2.0,False,0,1,9.0,90.0,0,3.935020189475922,0.3645609101042149,483.4258071422481,33.60481257654414,792.4123437427209,14.182800224189462,-0.071,51.511,London Borough of Tower Hamlets
5090,125.59091229803148,Private room,False,True,2.0,False,0,0,10.0,96.0,1,5.893068855546586,1.011218067719707,227.82005997307868,15.836660566033082,452.7487815252253,8.103414302948202,-0.04271,51.5062,London Borough of Southwark
5091,360.7798866389144,Entire home/apt,False,False,2.0,False,0,1,10.0,90.0,0,3.9350278690773792,0.3645666968444838,483.4250080199261,33.60475702643602,792.4087447369003,14.182735808256316,-0.071,51.511,London Borough of Tower Hamlets
4686,700.863143535831,Entire home/apt,False,False,4.0,False,0,1,10.0,75.0,2,3.8383172203354574,0.1669030112775915,272.9062808304819,18.97077955453773,513.9661340816265,9.199098246310786,-0.122,51.474,London Borough of Lambeth
4960,345.2574143324161,Entire home/apt,False,False,2.0,False,0,1,10.0,94.0,0,3.935032848381165,0.3645703948946772,483.42454812446687,33.60472505730966,792.4063252083831,14.182692502911737,-0.071,51.511,London Borough of Tower Hamlets
4965,360.7798866389144,Entire home/apt,False,False,2.0,False,0,1,9.0,96.0,0,3.9350243383162367,0.3645632420560812,483.4262313522276,33.604842065033665,792.4091382310105,14.182742851115249,-0.071,51.511,London Borough of Tower Hamlets
3642,932.7594722359416,Entire home/apt,False,False,6.0,False,0,1,9.0,85.0,2,3.468353954750228,0.112914508184333,353.3239660919884,24.56092637981315,861.3388928723364,15.41646535342111,-0.17643,51.51464,City of Westminster
1260,369.7170676638679,Entire home/apt,False,False,2.0,False,0,1,10.0,89.0,0,3.935020320745124,0.3645587247752559,483.4282550546191,33.60498274047667,792.4086552797338,14.182734207128908,-0.071,51.511,London Borough of Tower Hamlets
456,997.4364401796844,Entire home/apt,False,False,4.0,False,0,1,9.0,90.0,2,1.4265987691849185,0.1423096938987438,590.5495750942785,41.05140332808406,1527.5213064029413,27.33996977454937,-0.136,51.52,London Borough of Camden
1317,344.0814694607117,Entire home/apt,False,False,2.0,False,0,1,9.0,91.0,0,3.93502673784039,0.3645650511862616,483.42598057278855,33.60482463237716,792.4080153033627,14.182722752666985,-0.071,51.511,London Borough of Tower Hamlets
1260,369.7170676638679,Entire home/apt,False,False,2.0,False,0,1,10.0,89.0,0,3.935020320745124,0.3645587247752559,483.4282550546191,33.60498274047667,792.4086552797338,14.182734207128908,-0.071,51.511,London Borough of Tower Hamlets
4960,345.2574143324161,Entire home/apt,False,False,2.0,False,0,1,10.0,94.0,0,3.935032848381165,0.3645703948946772,483.42454812446687,33.60472505730966,792.4063252083831,14.182692502911737,-0.071,51.511,London Borough of Tower Hamlets
1492,353.25383946000613,Entire home/apt,False,False,2.0,False,0,1,8.0,77.0,0,4.185028030857168,0.4345001106575242,352.03010980401007,24.47098538490532,724.2024835255357,12.961962577704842,-0.181,51.49100000000001,Royal Borough of Kensington and Chelsea
1467,359.60394176721,Entire home/apt,False,False,2.0,False,0,1,10.0,93.0,0,3.9350219760378087,0.3645613550026373,483.4265924890182,33.60486716905994,792.410075352398,14.18275962395521,-0.071,51.511,London Borough of Tower Hamlets
1260,369.7170676638679,Entire home/apt,False,False,2.0,False,0,1,10.0,89.0,0,3.935020320745124,0.3645587247752559,483.4282550546191,33.60498274047667,792.4086552797338,14.182734207128908,-0.071,51.511,London Borough of Tower Hamlets
1575,333.73315458971285,Entire home/apt,False,False,2.0,False,0,1,9.0,100.0,0,3.9350143045386576,0.3645493176496757,483.43413381094297,33.60539139574812,792.4037374677036,14.182646186862549,-0.071,51.511,London Borough of Tower Hamlets
68,268.1154307486065,Private room,False,True,2.0,False,0,1,8.0,78.0,1,9.523294739569868,0.2875418696337674,117.41741823139134,8.162142514097418,299.09190854655947,5.353224014093186,-0.165,51.426,London Borough of Wandsworth
4965,360.7798866389144,Entire home/apt,False,False,2.0,False,0,1,9.0,96.0,0,3.9350243383162367,0.3645632420560812,483.4262313522276,33.604842065033665,792.4091382310105,14.182742851115249,-0.071,51.511,London Borough of Tower Hamlets
1373,369.7170676638679,Entire home/apt,False,False,2.0,False,0,1,10.0,90.0,0,3.9350155248705208,0.3645515333883088,483.4326097700945,33.60528545372701,792.405223092987,14.182672776966507,-0.071,51.511,London Borough of Tower Hamlets
107,189.32712434441072,Private room,False,True,6.0,False,0,1,7.0,78.0,1,5.172808120521458,0.3203890410530856,245.92790750420323,17.09540764460811,540.6376525427112,9.676471953316245,-0.06,51.528,London Borough of Tower Hamlets
1575,333.73315458971285,Entire home/apt,False,False,2.0,False,0,1,9.0,100.0,0,3.9350143045386576,0.3645493176496757,483.43413381094297,33.60539139574812,792.4037374677036,14.182646186862549,-0.071,51.511,London Borough of Tower Hamlets
466,199.6754392154096,Private room,False,True,2.0,False,0,0,10.0,97.0,1,4.697779571720154,0.1026800512839985,251.77812003554297,17.502078725762807,543.8387520983406,9.733766057646822,-0.18497,51.53063,City of Westminster
4876,371.1282015099132,Entire home/apt,False,False,2.0,False,0,1,10.0,95.0,0,3.935028437038272,0.3645674139495256,483.4246373406673,33.60473125907558,792.4089376830748,14.182739261656645,-0.071,51.511,London Borough of Tower Hamlets
1575,333.73315458971285,Entire home/apt,False,False,2.0,False,0,1,9.0,100.0,0,3.9350143045386576,0.3645493176496757,483.43413381094297,33.60539139574812,792.4037374677036,14.182646186862549,-0.071,51.511,London Borough of Tower Hamlets
1486,353.25383946000613,Entire home/apt,False,False,2.0,False,0,1,8.0,100.0,0,4.18503097466839,0.4344959094430688,352.02994446355126,24.47097389144541,724.2019404164317,12.961952856998211,-0.181,51.49100000000001,Royal Borough of Kensington and Chelsea
1485,353.25383946000613,Entire home/apt,False,False,2.0,False,0,1,7.0,76.0,0,4.185011548057564,0.4344912137629979,352.03354320688,24.471224054124544,724.2089887671192,12.962079010194213,-0.181,51.49100000000001,Royal Borough of Kensington and Chelsea
1373,369.7170676638679,Entire home/apt,False,False,2.0,False,0,1,10.0,90.0,0,3.9350155248705208,0.3645515333883088,483.4326097700945,33.60528545372701,792.405223092987,14.182672776966507,-0.071,51.511,London Borough of Tower Hamlets
4960,345.2574143324161,Entire home/apt,False,False,2.0,False,0,1,10.0,94.0,0,3.935032848381165,0.3645703948946772,483.42454812446687,33.60472505730966,792.4063252083831,14.182692502911737,-0.071,51.511,London Borough of Tower Hamlets
4960,345.2574143324161,Entire home/apt,False,False,2.0,False,0,1,10.0,94.0,0,3.935032848381165,0.3645703948946772,483.42454812446687,33.60472505730966,792.4063252083831,14.182692502911737,-0.071,51.511,London Borough of Tower Hamlets
1292,378.8894376631624,Entire home/apt,False,False,2.0,False,0,1,10.0,87.0,0,4.18499620484728,0.4344780546206165,352.03711666160075,24.47147245889393,724.2155649197266,12.96219671186735,-0.181,51.49100000000001,Royal Borough of Kensington and Chelsea
1486,353.25383946000613,Entire home/apt,False,False,2.0,False,0,1,8.0,100.0,0,4.18503097466839,0.4344959094430688,352.02994446355126,24.47097389144541,724.2019404164317,12.961952856998211,-0.181,51.49100000000001,Royal Borough of Kensington and Chelsea
961,158.51736870575508,Private room,False,True,2.0,False,1,0,10.0,100.0,1,4.149909364426977,0.5723313261615754,439.3297498464004,30.53952371753318,709.4179799325834,12.697345724461156,-0.0677799999999999,51.50962,London Borough of Tower Hamlets
1493,353.25383946000613,Entire home/apt,False,False,2.0,False,0,1,9.0,90.0,0,4.184992949369395,0.4344902230901254,352.03671763804573,24.471444721210965,724.2153675012788,12.962193178421124,-0.181,51.49100000000001,Royal Borough of Kensington and Chelsea
1259,359.60394176721,Entire home/apt,False,False,2.0,False,0,1,9.0,92.0,0,3.935028452493092,0.364567577230854,483.4244723244489,33.60471978815489,792.4091712378088,14.182743441879426,-0.071,51.511,London Borough of Tower Hamlets
4208,210.964509983772,Entire home/apt,False,False,2.0,False,1,0,8.0,80.0,1,7.008005952165382,0.962850115712393,188.6335983852217,13.11265684562269,399.1287553404407,7.143709263772889,-0.02665,51.51066,London Borough of Tower Hamlets
4876,371.1282015099132,Entire home/apt,False,False,2.0,False,0,1,10.0,95.0,0,3.935028437038272,0.3645674139495256,483.4246373406673,33.60473125907558,792.4089376830748,14.182739261656645,-0.071,51.511,London Borough of Tower Hamlets
1412,369.7170676638679,Entire home/apt,False,False,2.0,False,0,1,9.0,90.0,0,3.935020189475922,0.3645609101042149,483.4258071422481,33.60481257654414,792.4123437427209,14.182800224189462,-0.071,51.511,London Borough of Tower Hamlets
1260,369.7170676638679,Entire home/apt,False,False,2.0,False,0,1,10.0,89.0,0,3.935020320745124,0.3645587247752559,483.4282550546191,33.60498274047667,792.4086552797338,14.182734207128908,-0.071,51.511,London Borough of Tower Hamlets
433,714.0337260989205,Entire home/apt,False,False,2.0,False,0,1,9.0,100.0,1,1.426608494030278,0.1423163865398678,590.5457671330145,41.05113862185058,1527.5297517587069,27.34012093170207,-0.136,51.52,London Borough of Camden
5091,360.7798866389144,Entire home/apt,False,False,2.0,False,0,1,10.0,90.0,0,3.9350278690773792,0.3645666968444838,483.4250080199261,33.60475702643602,792.4087447369003,14.182735808256316,-0.071,51.511,London Borough of Tower Hamlets
1259,359.60394176721,Entire home/apt,False,False,2.0,False,0,1,9.0,92.0,0,3.935028452493092,0.364567577230854,483.4244723244489,33.60471978815489,792.4091712378088,14.182743441879426,-0.071,51.511,London Borough of Tower Hamlets
1490,353.25383946000613,Entire home/apt,False,False,2.0,False,0,1,10.0,90.0,0,4.185001270627941,0.4344823977907617,352.03593693119853,24.47139045123429,724.2133939041784,12.962157854471895,-0.181,51.49100000000001,Royal Borough of Kensington and Chelsea
1260,369.7170676638679,Entire home/apt,False,False,2.0,False,0,1,10.0,89.0,0,3.935020320745124,0.3645587247752559,483.4282550546191,33.60498274047667,792.4086552797338,14.182734207128908,-0.071,51.511,London Borough of Tower Hamlets
4688,584.444601237094,Entire home/apt,False,False,5.0,False,0,1,8.0,60.0,2,3.838332792083083,0.1668864259907863,272.90527667655573,18.97070975188345,513.9649636226302,9.199077297134204,-0.122,51.474,London Borough of Lambeth
60,293.75102895176275,Private room,False,True,2.0,False,0,1,8.0,76.0,1,9.50450633974499,0.3413801615197919,117.62544927878372,8.176603563247957,286.4755790091257,5.127413698535986,-0.1639999999999999,51.426,London Borough of Wandsworth
198,376.3023589454127,Private room,False,True,2.0,False,0,1,9.0,84.0,1,1.4266091415297688,0.1423332007622191,590.5432789998072,41.05096566201091,1527.5471129295904,27.340431666410137,-0.136,51.52,London Borough of Camden
1412,369.7170676638679,Entire home/apt,False,False,2.0,False,0,1,9.0,90.0,0,3.935020189475922,0.3645609101042149,483.4258071422481,33.60481257654414,792.4123437427209,14.182800224189462,-0.071,51.511,London Borough of Tower Hamlets
1710,157.34142383405066,Private room,False,True,3.0,False,0,0,6.0,70.0,1,2.4716747734339206,0.5770490694678426,403.1170347817459,28.02223671163398,896.1418902500461,16.039378364442186,-0.1117099999999999,51.52823,London Borough of Islington
1485,353.25383946000613,Entire home/apt,False,False,2.0,False,0,1,7.0,76.0,0,4.185011548057564,0.4344912137629979,352.03354320688,24.471224054124544,724.2089887671192,12.962079010194213,-0.181,51.49100000000001,Royal Borough of Kensington and Chelsea
1485,353.25383946000613,Entire home/apt,False,False,2.0,False,0,1,7.0,76.0,0,4.185011548057564,0.4344912137629979,352.03354320688,24.471224054124544,724.2089887671192,12.962079010194213,-0.181,51.49100000000001,Royal Borough of Kensington and Chelsea
1575,333.73315458971285,Entire home/apt,False,False,2.0,False,0,1,9.0,100.0,0,3.9350143045386576,0.3645493176496757,483.43413381094297,33.60539139574812,792.4037374677036,14.182646186862549,-0.071,51.511,London Borough of Tower Hamlets
1292,378.8894376631624,Entire home/apt,False,False,2.0,False,0,1,10.0,87.0,0,4.18499620484728,0.4344780546206165,352.03711666160075,24.47147245889393,724.2155649197266,12.96219671186735,-0.181,51.49100000000001,Royal Borough of Kensington and Chelsea
1449,210.0237540864084,Private room,False,True,2.0,False,0,1,9.0,90.0,1,2.097238862603072,0.1442385110813064,467.6021052629619,32.50484536737929,1058.1827619904932,18.939627622541128,-0.138,51.526,London Borough of Camden
1490,353.25383946000613,Entire home/apt,False,False,2.0,False,0,1,10.0,90.0,0,4.185001270627941,0.4344823977907617,352.03593693119853,24.47139045123429,724.2133939041784,12.962157854471895,-0.181,51.49100000000001,Royal Borough of Kensington and Chelsea
1317,344.0814694607117,Entire home/apt,False,False,2.0,False,0,1,9.0,91.0,0,3.93502673784039,0.3645650511862616,483.42598057278855,33.60482463237716,792.4080153033627,14.182722752666985,-0.071,51.511,London Borough of Tower Hamlets
4965,360.7798866389144,Entire home/apt,False,False,2.0,False,0,1,9.0,96.0,0,3.9350243383162367,0.3645632420560812,483.4262313522276,33.604842065033665,792.4091382310105,14.182742851115249,-0.071,51.511,London Borough of Tower Hamlets
456,997.4364401796844,Entire home/apt,False,False,4.0,False,0,1,9.0,90.0,2,1.4265987691849185,0.1423096938987438,590.5495750942785,41.05140332808406,1527.5213064029413,27.33996977454937,-0.136,51.52,London Borough of Camden
1412,369.7170676638679,Entire home/apt,False,False,2.0,False,0,1,9.0,90.0,0,3.935020189475922,0.3645609101042149,483.4258071422481,33.60481257654414,792.4123437427209,14.182800224189462,-0.071,51.511,London Borough of Tower Hamlets
199,376.3023589454127,Private room,False,True,2.0,False,0,1,9.0,84.0,1,1.4266116766837378,0.1423209166241567,590.5442015370076,41.05102979116838,1527.5349223559454,27.3402134763832,-0.136,51.52,London Borough of Camden
1467,359.60394176721,Entire home/apt,False,False,2.0,False,0,1,10.0,93.0,0,3.9350219760378087,0.3645613550026373,483.4265924890182,33.60486716905994,792.410075352398,14.18275962395521,-0.071,51.511,London Borough of Tower Hamlets
1293,378.8894376631624,Entire home/apt,False,False,2.0,False,0,1,7.0,80.0,0,4.185013803660901,0.4344800749297678,352.034029099943,24.47125783044569,724.2094161973369,12.962086660450336,-0.181,51.49100000000001,Royal Borough of Kensington and Chelsea
1490,353.25383946000613,Entire home/apt,False,False,2.0,False,0,1,10.0,90.0,0,4.185001270627941,0.4344823977907617,352.03593693119853,24.47139045123429,724.2133939041784,12.962157854471895,-0.181,51.49100000000001,Royal Borough of Kensington and Chelsea
4876,371.1282015099132,Entire home/apt,False,False,2.0,False,0,1,10.0,95.0,0,3.935028437038272,0.3645674139495256,483.4246373406673,33.60473125907558,792.4089376830748,14.182739261656645,-0.071,51.511,London Borough of Tower Hamlets
198,376.3023589454127,Private room,False,True,2.0,False,0,1,9.0,84.0,1,1.4266091415297688,0.1423332007622191,590.5432789998072,41.05096566201091,1527.5471129295904,27.340431666410137,-0.136,51.52,London Borough of Camden
3961,231.6611397257697,Private room,False,True,2.0,False,1,0,9.0,80.0,1,7.01163004695068,2.282434866229957,180.4640361248888,12.544758722405378,350.0788375292909,6.26580120135846,-0.03795,51.47925,London Borough of Lewisham
1560,762.7178437874833,Entire home/apt,False,False,5.0,False,0,1,9.0,100.0,1,7.553696166116727,0.7015307252061277,177.32724711539623,12.326708289021829,369.2290593718888,6.60855680428059,-0.02016,51.49738,London Borough of Tower Hamlets
4876,371.1282015099132,Entire home/apt,False,False,2.0,False,0,1,10.0,95.0,0,3.935028437038272,0.3645674139495256,483.4246373406673,33.60473125907558,792.4089376830748,14.182739261656645,-0.071,51.511,London Borough of Tower Hamlets
199,376.3023589454127,Private room,False,True,2.0,False,0,1,9.0,84.0,1,1.4266116766837378,0.1423209166241567,590.5442015370076,41.05102979116838,1527.5349223559454,27.3402134763832,-0.136,51.52,London Borough of Camden
4960,345.2574143324161,Entire home/apt,False,False,2.0,False,0,1,10.0,94.0,0,3.935032848381165,0.3645703948946772,483.42454812446687,33.60472505730966,792.4063252083831,14.182692502911737,-0.071,51.511,London Borough of Tower Hamlets
62,293.75102895176275,Private room,False,True,2.0,False,0,1,8.0,82.0,1,9.504498818718714,0.3414107900049699,117.6255301675482,8.176609186141336,286.469061605313,5.127297048363907,-0.1639999999999999,51.426,London Borough of Wandsworth
4960,345.2574143324161,Entire home/apt,False,False,2.0,False,0,1,10.0,94.0,0,3.935032848381165,0.3645703948946772,483.42454812446687,33.60472505730966,792.4063252083831,14.182692502911737,-0.071,51.511,London Borough of Tower Hamlets
5091,360.7798866389144,Entire home/apt,False,False,2.0,False,0,1,10.0,90.0,0,3.9350278690773792,0.3645666968444838,483.4250080199261,33.60475702643602,792.4087447369003,14.182735808256316,-0.071,51.511,London Borough of Tower Hamlets
1259,359.60394176721,Entire home/apt,False,False,2.0,False,0,1,9.0,92.0,0,3.935028452493092,0.364567577230854,483.4244723244489,33.60471978815489,792.4091712378088,14.182743441879426,-0.071,51.511,London Borough of Tower Hamlets
4689,651.7086478985865,Entire home/apt,False,False,4.0,False,0,1,6.0,60.0,2,3.8383031440198696,0.1669148449205097,272.90715923601664,18.97084061593108,513.9675838296155,9.199124194273695,-0.122,51.474,London Borough of Lambeth
4666,148.639431783438,Private room,False,True,2.0,False,0,1,8.0,85.0,1,4.9320726350523865,0.8969288284742315,292.4951174059421,20.33247595548556,556.7156169267158,9.964239500945473,-0.05665,51.51141,London Borough of Tower Hamlets
3757,245.77247818622263,Entire home/apt,False,False,2.0,True,0,1,9.0,94.0,0,3.840179944568976,0.492551596833637,322.8914982893202,22.445446896423768,920.87721251265,16.482097533195265,-0.08,51.526,London Borough of Hackney
67,293.75102895176275,Private room,False,True,2.0,False,0,1,9.0,84.0,1,9.50451857010954,0.3413962403710837,117.62529603922582,8.176592910968855,286.47588826825665,5.127419233735566,-0.1639999999999999,51.426,London Borough of Wandsworth
1487,353.25383946000613,Entire home/apt,False,False,2.0,False,0,1,10.0,60.0,0,4.185001714432458,0.4344939213775508,352.0349716407835,24.471323350134185,724.2120163937046,12.96213319943464,-0.181,51.49100000000001,Royal Borough of Kensington and Chelsea
1292,378.8894376631624,Entire home/apt,False,False,2.0,False,0,1,10.0,87.0,0,4.18499620484728,0.4344780546206165,352.03711666160075,24.47147245889393,724.2155649197266,12.96219671186735,-0.181,51.49100000000001,Royal Borough of Kensington and Chelsea
68,268.1154307486065,Private room,False,True,2.0,False,0,1,8.0,78.0,1,9.523294739569868,0.2875418696337674,117.41741823139134,8.162142514097418,299.09190854655947,5.353224014093186,-0.165,51.426,London Borough of Wandsworth
4876,371.1282015099132,Entire home/apt,False,False,2.0,False,0,1,10.0,95.0,0,3.935028437038272,0.3645674139495256,483.4246373406673,33.60473125907558,792.4089376830748,14.182739261656645,-0.071,51.511,London Borough of Tower Hamlets
1490,353.25383946000613,Entire home/apt,False,False,2.0,False,0,1,10.0,90.0,0,4.185001270627941,0.4344823977907617,352.03593693119853,24.47139045123429,724.2133939041784,12.962157854471895,-0.181,51.49100000000001,Royal Borough of Kensington and Chelsea
1485,353.25383946000613,Entire home/apt,False,False,2.0,False,0,1,7.0,76.0,0,4.185011548057564,0.4344912137629979,352.03354320688,24.471224054124544,724.2089887671192,12.962079010194213,-0.181,51.49100000000001,Royal Borough of Kensington and Chelsea
4876,371.1282015099132,Entire home/apt,False,False,2.0,False,0,1,10.0,95.0,0,3.935028437038272,0.3645674139495256,483.4246373406673,33.60473125907558,792.4089376830748,14.182739261656645,-0.071,51.511,London Borough of Tower Hamlets
1486,353.25383946000613,Entire home/apt,False,False,2.0,False,0,1,8.0,100.0,0,4.18503097466839,0.4344959094430688,352.02994446355126,24.47097389144541,724.2019404164317,12.961952856998211,-0.181,51.49100000000001,Royal Borough of Kensington and Chelsea
1260,369.7170676638679,Entire home/apt,False,False,2.0,False,0,1,10.0,89.0,0,3.935020320745124,0.3645587247752559,483.4282550546191,33.60498274047667,792.4086552797338,14.182734207128908,-0.071,51.511,London Borough of Tower Hamlets
1293,378.8894376631624,Entire home/apt,False,False,2.0,False,0,1,7.0,80.0,0,4.185013803660901,0.4344800749297678,352.034029099943,24.47125783044569,724.2094161973369,12.962086660450336,-0.181,51.49100000000001,Royal Borough of Kensington and Chelsea
1467,359.60394176721,Entire home/apt,False,False,2.0,False,0,1,10.0,93.0,0,3.9350219760378087,0.3645613550026373,483.4265924890182,33.60486716905994,792.410075352398,14.18275962395521,-0.071,51.511,London Borough of Tower Hamlets
483,268.1154307486065,Private room,False,True,2.0,False,0,1,8.0,80.0,1,9.52327699514574,0.287527707201317,117.417637227526,8.162157737372535,299.0813322529376,5.353034716865882,-0.165,51.426,London Borough of Wandsworth
433,714.0337260989205,Entire home/apt,False,False,2.0,False,0,1,9.0,100.0,1,1.426608494030278,0.1423163865398678,590.5457671330145,41.05113862185058,1527.5297517587069,27.34012093170207,-0.136,51.52,London Borough of Camden
1490,353.25383946000613,Entire home/apt,False,False,2.0,False,0,1,10.0,90.0,0,4.185001270627941,0.4344823977907617,352.03593693119853,24.47139045123429,724.2133939041784,12.962157854471895,-0.181,51.49100000000001,Royal Borough of Kensington and Chelsea
1373,369.7170676638679,Entire home/apt,False,False,2.0,False,0,1,10.0,90.0,0,3.9350155248705208,0.3645515333883088,483.4326097700945,33.60528545372701,792.405223092987,14.182672776966507,-0.071,51.511,London Borough of Tower Hamlets
433,714.0337260989205,Entire home/apt,False,False,2.0,False,0,1,9.0,100.0,1,1.426608494030278,0.1423163865398678,590.5457671330145,41.05113862185058,1527.5297517587069,27.34012093170207,-0.136,51.52,London Borough of Camden
1467,359.60394176721,Entire home/apt,False,False,2.0,False,0,1,10.0,93.0,0,3.9350219760378087,0.3645613550026373,483.4265924890182,33.60486716905994,792.410075352398,14.18275962395521,-0.071,51.511,London Borough of Tower Hamlets
1292,378.8894376631624,Entire home/apt,False,False,2.0,False,0,1,10.0,87.0,0,4.18499620484728,0.4344780546206165,352.03711666160075,24.47147245889393,724.2155649197266,12.96219671186735,-0.181,51.49100000000001,Royal Borough of Kensington and Chelsea
1259,359.60394176721,Entire home/apt,False,False,2.0,False,0,1,9.0,92.0,0,3.935028452493092,0.364567577230854,483.4244723244489,33.60471978815489,792.4091712378088,14.182743441879426,-0.071,51.511,London Borough of Tower Hamlets
1487,353.25383946000613,Entire home/apt,False,False,2.0,False,0,1,10.0,60.0,0,4.185001714432458,0.4344939213775508,352.0349716407835,24.471323350134185,724.2120163937046,12.96213319943464,-0.181,51.49100000000001,Royal Borough of Kensington and Chelsea
4876,371.1282015099132,Entire home/apt,False,False,2.0,False,0,1,10.0,95.0,0,3.935028437038272,0.3645674139495256,483.4246373406673,33.60473125907558,792.4089376830748,14.182739261656645,-0.071,51.511,London Borough of Tower Hamlets
456,997.4364401796844,Entire home/apt,False,False,4.0,False,0,1,9.0,90.0,2,1.4265987691849185,0.1423096938987438,590.5495750942785,41.05140332808406,1527.5213064029413,27.33996977454937,-0.136,51.52,London Borough of Camden
1492,353.25383946000613,Entire home/apt,False,False,2.0,False,0,1,8.0,77.0,0,4.185028030857168,0.4345001106575242,352.03010980401007,24.47098538490532,724.2024835255357,12.961962577704842,-0.181,51.49100000000001,Royal Borough of Kensington and Chelsea
1484,353.25383946000613,Entire home/apt,False,False,2.0,False,0,1,8.0,80.0,0,4.185002016230517,0.4344890877699983,352.0352952611351,24.47134584624652,724.2124296814144,12.962140596564517,-0.181,51.49100000000001,Royal Borough of Kensington and Chelsea
1259,359.60394176721,Entire home/apt,False,False,2.0,False,0,1,9.0,92.0,0,3.935028452493092,0.364567577230854,483.4244723244489,33.60471978815489,792.4091712378088,14.182743441879426,-0.071,51.511,London Borough of Tower Hamlets
5241,165.57303793598155,Private room,False,True,2.0,True,0,0,10.0,94.0,1,5.397808361555438,1.420931626410501,209.0049323504397,14.528747690838784,467.9352111454282,8.375224931748782,-0.0851799999999999,51.54902,London Borough of Islington
1400,194.50128177991016,Private room,False,True,2.0,False,0,1,10.0,95.0,1,2.18043114771659,0.5531878865323704,450.3603218210724,31.30630178015295,973.89867618416,17.431089346340595,-0.118,51.527,London Borough of Camden
1492,353.25383946000613,Entire home/apt,False,False,2.0,False,0,1,8.0,77.0,0,4.185028030857168,0.4345001106575242,352.03010980401007,24.47098538490532,724.2024835255357,12.961962577704842,-0.181,51.49100000000001,Royal Borough of Kensington and Chelsea
1259,359.60394176721,Entire home/apt,False,False,2.0,False,0,1,9.0,92.0,0,3.935028452493092,0.364567577230854,483.4244723244489,33.60471978815489,792.4091712378088,14.182743441879426,-0.071,51.511,London Borough of Tower Hamlets
