Unnamed: 0,realSum,room_type,room_shared,room_private,person_capacity,host_is_superhost,multi,biz,cleanliness_rating,guest_satisfaction_overall,bedrooms,dist,metro_dist,attr_index,attr_index_norm,rest_index,rest_index_norm,lng,lat,district
762,482.5706030384938,Private room,False,True,2.0,False,0,1,10.0,97.0,1,1.8352773181682045,0.1216737595239255,305.81658389116507,14.870353599847054,700.8362642248172,32.3312110176788,2.367,48.843,Paris 13e Arrondissement
702,185.9446360331811,Private room,False,True,3.0,False,1,0,6.0,68.0,1,2.0155743860831574,0.4168126075406982,358.38126463552175,17.42631501824362,769.1627582308395,35.48327150394701,2.3465700000000003,48.8389,Paris 5e Arrondissement
1967,475.1141765308976,Entire home/apt,False,False,5.0,True,0,0,10.0,96.0,2,1.7061281789012033,0.1335331202501693,304.88158725980594,14.824889320748555,809.824244817262,37.35908069109322,2.37414,48.86259,Paris 11e Arrondissement
1709,246.29508807903807,Entire home/apt,False,False,2.0,False,0,0,10.0,100.0,1,3.5213134257471435,0.2475246666584006,367.4320922237579,17.866412166984976,947.5277499307164,43.71166446702199,2.33065,48.88469,Paris 18e Arrondissement
649,166.37151645074098,Private room,False,True,2.0,False,0,1,9.0,88.0,1,2.178959753095907,0.1125114339061788,318.5581239836807,15.489911912125384,743.1044954179343,34.281143079999026,2.351,48.837,Paris 5e Arrondissement
1476,342.9956193494268,Private room,False,True,2.0,False,0,1,9.0,95.0,1,2.1954761567433554,0.1898970585149546,443.2693305612272,21.5540033883799,1200.8355338263154,55.39734317916416,2.342,48.875,Paris 9e Arrondissement
1214,280.3150340199459,Entire home/apt,False,False,2.0,False,0,0,7.0,70.0,0,5.070055469291347,0.4884441501611095,315.20556081766864,15.326893284717777,651.7066669716551,30.064748140272645,2.29469,48.88133,Paris 17e Arrondissement
164,339.50041942399105,Entire home/apt,False,False,2.0,False,0,1,9.0,90.0,0,0.8832564381459221,0.1847954926683755,459.56088475215967,22.346181393992744,1114.335676482717,51.406903067067056,2.357,48.864,Paris 3e Arrondissement
1563,289.8685804828036,Entire home/apt,False,False,3.0,False,0,0,9.0,100.0,1,2.4126383601543138,0.3698032108551038,287.3382099759928,13.971841326338067,740.6725121367458,34.1689500205509,2.3662400000000003,48.87636,Paris 10e Arrondissement
726,413.59865784322864,Entire home/apt,False,False,2.0,False,0,1,10.0,60.0,0,0.4428981587912567,0.1449300444996761,669.1994359658307,32.539871170530056,1357.677162088449,62.63281320055095,2.34844,48.85936,Quartier Les Halles
1668,348.1219125733992,Entire home/apt,False,False,2.0,False,0,1,10.0,87.0,0,2.6518176862269587,0.3546682031578225,404.1699773144621,19.652794497394307,1022.1847254298954,47.15576482543515,2.34208,48.87936,Paris 9e Arrondissement
1240,301.2862335725604,Entire home/apt,False,False,3.0,False,0,0,9.0,93.0,1,1.7175410636862154,0.1812671207193865,644.5842947705605,31.342958142379512,1121.8734567132565,51.75463844504157,2.32978,48.85356,Paris 7e Arrondissement
2248,171.03178301798863,Private room,False,True,2.0,False,0,0,10.0,95.0,1,4.34432465619203,0.1549394527381941,163.22655870874962,7.936903270586247,385.192922824921,17.769847689237178,2.4011400000000003,48.83405,Paris 12e Arrondissement
2380,417.0938577686644,Entire home/apt,False,False,4.0,False,0,0,10.0,96.0,2,2.4241321682417443,0.2200661211628669,243.64999429513043,11.847498666255223,640.1904683101258,29.53347904354683,2.38579,48.85685,Paris 11e Arrondissement
3528,127.45829061422312,Private room,False,True,2.0,False,0,1,9.0,76.0,1,4.247298059886044,0.3993610339474266,166.88329481033313,8.114712329074797,392.8894668350538,18.12490721055589,2.408,48.868,Paris 20e Arrondissement
848,475.1141765308976,Entire home/apt,False,False,4.0,False,0,0,10.0,100.0,1,1.4477067591470525,0.1596432620594118,341.33561442225425,16.59746903878293,945.41348249231,43.61412838022354,2.3681,48.86475,Paris 11e Arrondissement
288,184.08052940628204,Entire home/apt,False,False,2.0,False,0,0,8.0,90.0,1,1.4589621721083743,0.130432809832437,462.0318176630774,22.46633068622316,1163.7560578016848,53.6867804914538,2.34858,48.8694,Paris 2e Arrondissement
167,413.3656445148663,Entire home/apt,False,False,2.0,False,0,1,8.0,75.0,0,0.3653599162272471,0.1132471816285037,696.5526485006882,33.86992311640443,1310.0686076103414,60.436519572993184,2.3487400000000003,48.85852,Paris 4e Arrondissement
1513,264.0041010345792,Private room,False,True,2.0,False,0,1,8.0,80.0,1,1.8423212827933544,0.0260139819377807,365.1695975626709,17.756398199789185,977.2417834517844,45.082442117945405,2.356,48.873000000000005,Paris 10e Arrondissement
164,339.50041942399105,Entire home/apt,False,False,2.0,False,0,1,9.0,90.0,0,0.8832564381459221,0.1847954926683755,459.56088475215967,22.346181393992744,1114.335676482717,51.406903067067056,2.357,48.864,Paris 3e Arrondissement
2357,564.35828129369,Entire home/apt,False,False,6.0,False,0,1,10.0,80.0,1,2.0163838818146966,0.2978839603981945,274.5605731683142,13.350527808663625,811.0326103955349,37.41482541278061,2.37829,48.84987,Paris 12e Arrondissement
3165,295.6939136918632,Entire home/apt,False,False,4.0,False,0,0,10.0,100.0,1,4.228552307096809,0.2080997122152724,280.936957571611,13.66057996332152,643.3305223945137,29.678337060164388,2.3432,48.89408,Quartier de Clignancourt
2832,336.23823282691774,Entire home/apt,False,False,2.0,False,0,0,9.0,91.0,0,6.6112896654723725,0.1005211755042572,211.370703226646,10.277915793955618,401.6350121401452,18.52835960758093,2.26348,48.8484,Quartier d'Auteuil
718,339.50041942399105,Entire home/apt,False,False,2.0,False,0,1,10.0,100.0,0,0.8832491447142591,0.1848116962474188,459.5608901432437,22.3461816561346,1114.3372487116694,51.406975597654615,2.357,48.864,Paris 3e Arrondissement
1542,541.0569484574518,Entire home/apt,False,False,6.0,False,0,0,9.0,91.0,2,2.612947900569788,0.2089899397910035,283.6265107747052,13.791359683135031,734.4272105379686,33.880839695548744,2.3647400000000003,48.8787,Paris 10e Arrondissement
3523,127.45829061422312,Private room,False,True,2.0,False,0,1,8.0,78.0,1,4.306832892141431,0.4294167759829778,164.96002087757776,8.021192994428057,387.4526427669831,17.874093839182738,2.40877,48.86817,Paris 20e Arrondissement
766,1063.9388573026376,Private room,False,True,4.0,False,0,1,10.0,80.0,1,2.41020855604203,0.2355314452525484,254.7833188497552,12.388857381216374,607.9569805450759,28.04647309370447,2.372,48.839,Paris 13e Arrondissement
3556,200.8574890483736,Entire home/apt,False,False,2.0,True,0,0,9.0,93.0,1,2.891213591760823,0.2406744368359716,235.1679249511785,11.435057428444932,602.4516720816821,27.79250037748912,2.382,48.874,Paris 19e Arrondissement
1381,229.75114176530897,Entire home/apt,False,False,2.0,False,0,0,9.0,91.0,0,3.394765288673746,0.104946901949807,388.7548543664195,18.90323302461267,1028.374085826659,47.4412944523496,2.33301,48.88419,Paris 18e Arrondissement
1285,579.5041476372448,Entire home/apt,False,False,4.0,True,0,0,8.0,92.0,1,3.9509070917431153,0.2774408374906607,498.445776103078,24.23696205971875,1014.941446952738,46.8216155000377,2.30285,48.86996,Paris 8e Arrondissement
3104,579.9701742939696,Entire home/apt,False,False,5.0,False,0,0,7.0,87.0,1,5.417631541076111,0.4968889110970615,328.39158330042085,15.968064585499292,529.1079440023533,24.40898318466965,2.27893,48.85501,Paris 16e Arrondissement
2738,312.7038866623171,Entire home/apt,False,False,3.0,False,0,0,9.0,92.0,1,4.8788126492559405,0.2699935764555839,253.97422779317995,12.3495152698349,520.034086512635,23.990384981038,2.293,48.8373,Paris 15e Arrondissement
176,489.7940162177277,Entire home/apt,False,False,4.0,False,0,1,8.0,85.0,1,1.2742766401211492,0.1916405400790093,432.2330590685247,21.01736388560263,1082.007483923628,49.915528164251285,2.354,48.868,Paris 3e Arrondissement
142,339.50041942399105,Entire home/apt,False,False,2.0,False,0,1,10.0,90.0,0,0.8832630567275269,0.1847833828027619,459.5605630964967,22.34616575346277,1114.3339843210786,51.40682500370504,2.357,48.864,Paris 3e Arrondissement
3342,206.4498089290708,Entire home/apt,False,False,2.0,False,0,0,10.0,97.0,1,3.630394273596436,0.2823714691634669,193.2702661590931,9.397780727107577,457.5036991900922,21.10571241093567,2.40118,48.86329,Paris 20e Arrondissement
3262,336.23823282691774,Entire home/apt,False,False,4.0,False,1,0,10.0,96.0,1,4.890726350917675,0.4267680890015363,275.0320833295896,13.373455024496304,579.8609036715853,26.750335555544265,2.3057,48.88775,Paris 17e Arrondissement
2066,519.1536955913879,Entire home/apt,False,False,4.0,False,0,0,9.0,88.0,2,2.534880949473083,0.2126469265531733,272.4954955811187,13.25011326102207,643.9409160637672,29.706495943389875,2.35574,48.83385,Paris 13e Arrondissement
2477,579.5041476372448,Entire home/apt,False,False,4.0,False,0,0,8.0,92.0,1,3.012861929444475,0.2184424718431531,255.19402259059743,12.408827880439784,597.2202922909149,27.55116462966506,2.34758,48.82968,Paris 13e Arrondissement
1339,322.2574331251748,Private room,False,True,2.0,False,1,0,10.0,100.0,1,1.63450743291341,0.2081117051983166,375.7473648620125,18.2707429028681,1004.3898503136584,46.33484574378251,2.357,48.871,Paris 10e Arrondissement
1951,317.5971665579271,Private room,False,True,2.0,False,1,0,10.0,96.0,1,2.7815534384268568,0.1951085598393684,251.01167872933976,12.205461106467888,615.6409396279643,28.40095204298495,2.35814,48.8318,Paris 13e Arrondissement
491,334.1411128716563,Entire home/apt,False,False,3.0,False,0,1,8.0,94.0,0,0.5598821431646737,0.2788155720949994,618.0288494822546,30.05169768680188,1346.358543071733,62.11065891353938,2.34918,48.86102,Quartier Les Halles
2789,405.90921800727006,Entire home/apt,False,False,4.0,False,1,0,8.0,87.0,2,4.386626613285286,0.2693251370701714,272.00205377944104,13.226119617582174,568.0911032768195,26.2073672195378,2.30051,48.83737,Paris 15e Arrondissement
392,554.8047348308323,Entire home/apt,False,False,4.0,True,0,0,9.0,100.0,1,1.2432980205638977,0.2166803617961345,415.3022553821976,20.19410232685447,1057.6446686365766,48.79161468796788,2.3573,48.867340000000006,Paris 3e Arrondissement
1063,312.9368999906795,Entire home/apt,False,False,2.0,False,0,0,8.0,73.0,1,2.3831907882598133,0.1752397821019825,430.02528548247415,20.910010734654293,997.4658688851404,46.01542633574786,2.32717,48.84335,Paris 6e Arrondissement
143,529.4062820393327,Entire home/apt,False,False,4.0,False,0,1,8.0,100.0,1,0.8832601532626411,0.1847989867187197,459.5594472142771,22.34611149360881,1114.3336566211908,51.40680988614512,2.357,48.864,Paris 3e Arrondissement
2767,399.8508714698481,Entire home/apt,False,False,4.0,True,0,0,10.0,97.0,1,4.451058467324521,0.180416055179394,272.8172340781029,13.265757818802305,575.8589841057345,26.56571767464392,2.29902,48.83797,Paris 15e Arrondissement
3085,527.5421754124336,Entire home/apt,False,False,5.0,False,0,1,9.0,89.0,1,3.8532924932539534,0.169681749823594,309.9487812142536,15.07128199475887,662.4578869568699,30.560726986949387,2.34804,48.891090000000005,Quartier de Clignancourt
2586,260.74191443750584,Entire home/apt,False,False,4.0,False,0,0,10.0,96.0,1,3.960377233543369,0.1515585412530702,265.3950469803305,12.904853432180232,571.0659617937725,26.344604379440955,2.31251,48.83282,Paris
330,442.49231056016407,Private room,False,True,2.0,False,0,1,10.0,92.0,1,1.9628022018734304,0.0618022637440039,511.1947710165751,24.856882863208668,1322.404080972169,61.00558372195718,2.33945,48.87189,Paris 2e Arrondissement
136,463.23049678441606,Private room,False,True,4.0,False,1,0,9.0,89.0,1,1.1770924765789952,0.1528927416645667,437.1154960083228,21.25477273635872,1065.5605227596195,49.156791496163365,2.35604,48.86693,Paris 3e Arrondissement
3458,268.6643676018268,Private room,False,True,2.0,False,0,1,9.0,95.0,1,3.7287799414804064,0.131947921491202,220.8855802311218,10.740577379260497,521.5978573023248,24.062525373830976,2.37182,48.88766,Quartier de la Villette
1957,417.0938577686644,Entire home/apt,False,False,2.0,False,0,1,9.0,86.0,0,2.022957391709572,0.2829543526333745,271.28159139760584,13.191087081946073,802.5026248019519,37.02131728787081,2.379,48.851000000000006,Paris 11e Arrondissement
802,581.8342809208687,Entire home/apt,False,False,3.0,False,0,0,10.0,97.0,1,0.1470951892549353,0.1068335424884561,665.285132643936,32.34953788724956,1265.3085479637152,58.371633653883926,2.35272,48.857890000000005,Paris 4e Arrondissement
308,271.22751421381304,Entire home/apt,False,False,2.0,False,1,0,9.0,92.0,0,2.065589925985136,0.2728100713199274,456.2497086207127,22.18517521414635,1338.5946296039697,61.75249148205393,2.343,48.874,Paris 9e Arrondissement
1442,324.35455308043623,Private room,False,True,2.0,False,0,0,9.0,88.0,0,3.4384256844059453,0.1615228522081192,368.1082074928371,17.899288321042864,900.8129193584168,41.55660040714675,2.3271,48.88246,Paris 8e Arrondissement
757,339.50041942399105,Entire home/apt,False,False,2.0,False,0,1,9.0,80.0,0,0.8832410045100441,0.1848106498817382,459.5632327329539,22.34629556472937,1114.3409874695517,51.40714807527343,2.357,48.864,Paris 3e Arrondissement
159,357.4424457078945,Entire home/apt,False,False,2.0,False,0,1,6.0,80.0,0,0.8832486127005152,0.1848117954848922,459.561022769795,22.346188105110283,1114.3374757390388,51.40698607095653,2.357,48.864,Paris 3e Arrondissement
3214,447.6186037841365,Entire home/apt,False,False,2.0,False,0,0,10.0,100.0,1,7.043743019176237,0.3016825652262827,178.67574442697398,8.688121048041578,350.50479469728003,16.169603455951787,2.26104,48.83782,Quartier d'Auteuil
2693,176.15807624196106,Entire home/apt,False,False,2.0,False,0,0,9.0,87.0,0,3.5624331804187928,0.3102099238239025,202.17504162398936,9.830776080745348,502.7652228793327,23.193732035600924,2.36495,48.82555,Paris 13e Arrondissement
1780,382.3748718426694,Entire home/apt,False,False,2.0,True,1,0,10.0,100.0,1,1.8705932811508703,0.1615282036099304,374.4688328795457,18.20857419237475,1028.5797788431676,47.4507835508182,2.3541,48.87337,Paris 10e Arrondissement
3002,236.27551495945568,Private room,False,True,2.0,False,0,0,10.0,100.0,1,6.960535088454128,0.364090112739845,183.1424765054097,8.905316219725783,364.1358361932439,16.798435183836478,2.26161,48.83917,Quartier d'Auteuil
2335,122.09898406188834,Shared room,True,False,2.0,False,0,1,8.0,87.0,1,4.324944164784165,0.0438476600025972,194.5968705289827,9.462286960930332,453.0409523250678,20.89983549220747,2.3769,48.89206,Quartier de la Villette
3159,168.00260974927767,Entire home/apt,False,False,2.0,False,1,0,9.0,90.0,0,4.453805994980877,0.455811780063836,263.4408632878638,12.809831108222888,573.6042199291005,26.46170014571297,2.33912,48.89561,Paris 18e Arrondissement
755,498.4155093671358,Entire home/apt,False,False,4.0,True,0,1,10.0,93.0,1,0.6941802745849281,0.1414636411505065,836.2173880086268,40.66113121731206,1634.5859754400572,75.40726243232466,2.34528,48.85273,Paris 5e Arrondissement
39,312.7038866623171,Entire home/apt,False,False,2.0,False,0,0,9.0,93.0,0,0.5760833588541148,0.0930511773002772,512.0525790866068,24.89859384290725,1115.5995855706765,51.46521014036781,2.36003,48.85463,Paris 4e Arrondissement
1477,384.70500512629326,Private room,False,True,2.0,False,0,1,10.0,94.0,1,2.1954706429376367,0.1899304626720619,443.2661760763057,21.55385000132152,1200.8218517744297,55.39671199420805,2.342,48.875,Paris 9e Arrondissement
3336,220.1975953024513,Private room,False,True,4.0,False,0,0,9.0,85.0,2,3.7807050849836994,0.0120133704929824,216.1888170937904,10.512196930632824,513.4319950904583,23.685815109550965,2.3736,48.88767,Quartier de la Villette
2698,230.9162084071209,Entire home/apt,False,False,2.0,False,1,0,10.0,86.0,0,4.978234598277675,0.3117925950015782,258.62136087946874,12.57548245362653,515.4739783300739,23.780016557713186,2.29028,48.83908,Paris 15e Arrondissement
210,389.1322583651785,Entire home/apt,False,False,3.0,False,1,0,10.0,100.0,1,1.501330736970878,0.2042245683547269,485.31584712289856,23.598518309573297,1222.0866610788803,56.377707230853446,2.34601,48.86932,Paris 2e Arrondissement
3014,218.56650200391465,Private room,False,True,2.0,False,0,1,9.0,80.0,1,3.837323789642047,0.2151539323287678,354.75478832952336,17.24997734451284,733.8222237936313,33.85293024637704,2.34409,48.89061,Quartier de Clignancourt
3368,289.8685804828036,Entire home/apt,False,False,2.0,False,0,0,10.0,89.0,1,3.747445509950471,0.0925275565640548,185.66641519483508,9.028042921785364,458.1765210676396,21.13675125297441,2.40081,48.868,Paris 20e Arrondissement
455,370.7242054245503,Entire home/apt,False,False,3.0,False,0,1,9.0,93.0,1,0.8620319586684798,0.2562213519423076,794.9935747987619,38.656620306344266,1453.2794595145192,67.04317009792983,2.34121,48.85509,Paris 6e Arrondissement
2162,175.92506291359865,Entire home/apt,False,False,2.0,False,0,0,10.0,100.0,1,4.317048721778051,0.1903594728923315,163.77104729094074,7.963379067435586,393.9507003695408,18.17386438799373,2.4029,48.83626,Paris 12e Arrondissement
2427,236.27551495945568,Entire home/apt,False,False,2.0,False,0,0,9.0,94.0,1,2.351943616512104,0.3144093050169564,256.2459594054927,12.45997838445482,652.7487596628761,30.112822305979687,2.38393,48.86149,Paris 11e Arrondissement
284,449.2496970826732,Private room,False,True,3.0,False,1,0,9.0,90.0,1,1.4172938214818234,0.0376063898710563,914.6936022639392,44.47704283435228,1370.9583073938238,63.24550340130629,2.3338400000000004,48.85394,Quartier de Saint-Germain-des-Prés
1525,127.9243172709479,Shared room,True,False,4.0,False,0,1,10.0,92.0,1,1.7129734312598914,0.060341883755237,352.0236406354748,17.117175089556113,993.8041322584464,45.846501887039786,2.36029,48.87115,Paris 10e Arrondissement
2446,141.90511697269085,Private room,False,True,2.0,False,0,0,9.0,92.0,1,3.397393862861281,0.2287976785456273,277.59490643786427,13.498072484246189,605.9834762603871,27.95543073940629,2.3288,48.83041,Paris
176,489.7940162177277,Entire home/apt,False,False,4.0,False,0,1,8.0,85.0,1,1.2742766401211492,0.1916405400790093,432.2330590685247,21.01736388560263,1082.007483923628,49.915528164251285,2.354,48.868,Paris 3e Arrondissement
2756,375.1514586634356,Entire home/apt,False,False,4.0,False,1,0,9.0,86.0,2,5.846624151896943,0.4035059591600321,205.93728289467973,10.013715335743411,404.8516195924197,18.676749209559578,2.28229,48.832,Paris 15e Arrondissement
3045,207.38186224252027,Entire home/apt,False,False,2.0,False,0,0,10.0,100.0,2,3.644568333470144,0.1939108942092545,299.06846071509653,14.54222562036778,641.1141379892451,29.57609007957715,2.35224,48.88935,Paris 18e Arrondissement
2040,247.46015472085003,Private room,False,True,2.0,True,1,0,10.0,96.0,1,2.0921930582707087,0.2948004279599469,264.4088161710401,12.856897887459246,802.6198780174573,37.02672645210291,2.381,48.854,Paris 11e Arrondissement
292,252.81946127318483,Entire home/apt,False,False,2.0,True,1,0,10.0,97.0,1,3.0416796062304146,0.1707758318355176,415.93897741617394,20.225062981994785,1008.101274634384,46.50606240167371,2.329,48.879,Paris 9e Arrondissement
1561,620.9805200857489,Entire home/apt,False,False,4.0,False,1,0,10.0,90.0,1,2.3016621482469124,0.0483147428607745,386.6912434317928,18.802889793058785,1032.1223093243902,47.61420874208118,2.34768,48.877,Paris 9e Arrondissement
16,484.2016963370305,Entire home/apt,False,False,2.0,False,0,0,10.0,96.0,1,0.8232881307325709,0.2392971865645957,494.1253057909204,24.02687887704122,1209.1472006702434,55.78077975109571,2.3538,48.86394,Paris 3e Arrondissement
838,336.00521949855533,Entire home/apt,False,False,4.0,False,0,0,10.0,100.0,1,1.9767986427721769,0.2921670702240188,329.29716622083674,16.012098620767173,736.795294377006,33.99008492473528,2.35467,48.83883,Paris 5e Arrondissement
3252,578.3390809954329,Private room,False,True,2.0,False,1,0,10.0,100.0,1,3.265147997536934,0.2126812134016971,544.978780655652,26.49963278527472,1040.0600352986924,47.980394549774125,2.34158,48.885,Quartier de Clignancourt
1512,283.8102339453817,Entire home/apt,False,False,4.0,False,0,0,10.0,85.0,0,2.4673893733983845,0.2059592670487859,276.31999780297605,13.436079959291972,716.6878492883815,33.06248159800707,2.369,48.876000000000005,Paris 10e Arrondissement
935,266.5672476465654,Entire home/apt,False,False,2.0,False,0,1,9.0,86.0,0,3.904617644880674,0.3491587365909518,329.1566250653208,16.005264796874233,640.4618020790929,29.54599630298174,2.30356,48.84315,Paris 15e Arrondissement
3298,232.3142883772952,Private room,False,True,3.0,False,1,0,9.0,95.0,1,4.2054173264766295,0.1974390737703481,164.68835928508625,8.007983429765325,393.84537542023264,18.16900550249461,2.4100200000000003,48.85491,Quartier de Charonne
57,277.9849007363221,Entire home/apt,False,False,2.0,True,0,0,10.0,93.0,1,0.8711148935758506,0.0522671478685203,751.5526374788344,36.54430157451903,1349.1134959831763,62.23775131510363,2.34484,48.85072,Paris 5e Arrondissement
3035,283.34420728865695,Entire home/apt,False,False,4.0,True,0,0,9.0,93.0,1,3.857114525093606,0.0627348853896401,328.2853454350581,15.962898761581126,771.0842997702888,35.57191669564508,2.3258400000000004,48.88638,Quartier des Batignolles
1549,279.8490073632212,Private room,False,True,2.0,False,0,1,10.0,80.0,1,2.816501381701664,0.194320558095326,351.14998845912424,17.074693689037193,829.1262641015234,38.24952784744438,2.35079,48.88187,Paris 10e Arrondissement
2212,297.55802031876226,Private room,False,True,3.0,False,1,0,8.0,100.0,1,2.8845104860178137,0.2521760423151268,214.3731716400672,10.423911038594916,587.1525370082529,27.086715603360567,2.39066,48.84969,Paris 11e Arrondissement
861,553.8726815173828,Entire home/apt,False,False,4.0,False,0,0,9.0,91.0,1,1.4733973137578484,0.2503867862936332,440.37691389155736,21.413359417772377,995.5572009459496,45.92737503324727,2.34881,48.84357,Paris 5e Arrondissement
1479,216.2363687202908,Private room,False,True,2.0,True,0,1,10.0,100.0,1,2.879953699799075,0.2154608969627722,416.5205370848672,20.25334136311736,1081.9972578573424,49.91505641196928,2.336,48.88,Paris 9e Arrondissement
1129,950.4613663901577,Entire home/apt,False,False,6.0,False,1,0,10.0,96.0,2,1.0770733697598562,0.1618170894037298,714.0793661977317,34.72216103719845,1701.900838382912,78.51265401881572,2.33887,48.8534,Paris 6e Arrondissement
2646,237.2075682729052,Entire home/apt,False,False,2.0,False,0,0,8.0,93.0,1,4.0178541682085145,0.2817087310426354,224.33794288233693,10.90844876388346,489.8481193237194,22.59783592960294,2.329,48.824,Paris
156,339.50041942399105,Entire home/apt,False,False,2.0,False,0,1,9.0,83.0,0,0.8832510281775344,0.1848187563040043,459.559515571686,22.346114817492783,1114.3356774046829,51.40690310959948,2.357,48.864,Paris 3e Arrondissement
2495,218.79951533227705,Entire home/apt,False,False,4.0,False,0,0,9.0,89.0,1,2.9892272182498854,0.1957890316620425,243.26887653627423,11.828966787554394,597.4405836769573,27.56132718495948,2.35475,48.82971,Paris 13e Arrondissement
2700,264.7031410196664,Entire home/apt,False,False,2.0,False,0,0,8.0,70.0,0,3.1616602941710803,0.2313471417974027,231.72466833691487,11.267628825530004,560.9310473326216,25.87705714363684,2.35563,48.82819,Paris 13e Arrondissement
2784,371.8892720663622,Private room,False,True,6.0,False,0,0,10.0,87.0,3,3.193468748834137,0.2997704235665743,286.7739924642166,13.944406208854955,599.1272210307093,27.6391356988422,2.3336900000000003,48.830740000000006,Paris
236,593.018920682263,Private room,False,True,2.0,True,0,1,10.0,100.0,1,2.422508456740778,0.2594085041351938,591.2651201801417,28.75030940592747,1200.9193874055588,55.40121154029713,2.3280000000000003,48.871,Paris 9e Arrondissement
1454,229.5181284369466,Entire home/apt,False,False,3.0,False,0,0,8.0,91.0,0,3.384575417762712,0.1008708286235153,611.024781415302,29.711124368416865,1014.648807169871,46.808115344502085,2.33924,48.88568,Quartier de Clignancourt
1541,255.38260788517104,Entire home/apt,False,False,3.0,False,0,0,8.0,88.0,1,2.106258842842363,0.2229381855187749,282.0149586889809,13.712997845937153,758.6169713489177,34.99676976533619,2.37359,48.8696,Paris 11e Arrondissement
415,237.4405816012676,Private room,False,True,2.0,False,1,0,10.0,93.0,1,1.4091696108644884,0.1731279948266984,462.27712662127226,22.47825885212951,1157.622844483049,53.403841060172255,2.349,48.869,Paris 2e Arrondissement
1907,915.5093671358002,Entire home/apt,False,False,4.0,False,1,0,10.0,95.0,2,1.2974688071772358,0.1214919447933317,372.7998893312835,18.12742169114325,1001.9935098487308,46.224296970557326,2.37,48.854,Paris 11e Arrondissement
868,693.2146518780875,Entire home/apt,False,False,5.0,True,0,0,9.0,94.0,2,1.1513645956430043,0.1428398101297559,392.284052721497,19.074840550915688,975.4982134629794,45.00200716885711,2.3673,48.85269,Paris 4e Arrondissement
174,373.98639202162366,Entire home/apt,False,False,2.0,False,0,1,10.0,76.0,0,2.67826270510784,0.0883802628746731,525.2116572348497,25.53845497346658,1071.3454059873434,49.42366164814535,2.32692,48.8736,Paris 8e Arrondissement
3232,347.88889924503684,Entire home/apt,False,False,2.0,False,0,0,10.0,60.0,0,5.7996786969869945,0.0619204711133427,285.9961827475112,13.90658515489628,503.9371947756118,23.24779783187832,2.27714,48.87185,Paris 16e Arrondissement
3229,939.5097399571256,Entire home/apt,False,False,4.0,False,0,0,10.0,100.0,1,6.838021894422796,0.3252938024601278,204.7703750837796,9.956974358698544,375.4778123376862,17.321666989612176,2.25993,48.8509,Quartier d'Auteuil
3462,229.9841550936713,Entire home/apt,False,False,4.0,False,0,0,10.0,100.0,1,3.8368147359571454,0.2740270377991232,190.74761954385968,9.275116852249408,459.68697947338586,21.2064322211869,2.3917900000000003,48.879540000000006,Paris 19e Arrondissement
2060,368.6270854692888,Entire home/apt,False,False,3.0,False,0,0,9.0,85.0,1,2.3795849567057346,0.1655498635247188,253.55212170132728,12.32899033046558,660.8822245437965,30.488038005841872,2.38273,48.864740000000005,Paris 11e Arrondissement
3332,274.72271413924875,Entire home/apt,False,False,2.0,True,0,0,10.0,99.0,1,3.202185323263799,0.1729135319656086,218.41793394226443,10.62058789926644,552.0197627515497,25.4659588073544,2.38577,48.87541,Paris 19e Arrondissement
3526,556.6688414577314,Entire home/apt,False,False,6.0,False,0,0,10.0,91.0,3,2.7467007285930856,0.3665167042428734,234.9141509989159,11.42271765158731,592.6482602316474,27.340246130104724,2.38472,48.86943,Quartier de Belleville
1617,202.0225556901855,Private room,False,True,2.0,False,1,0,10.0,100.0,1,1.7477615105651507,0.2738131927308361,402.6404453941394,19.57842089669532,1079.1178054628033,49.782220558952766,2.35157,48.87227,Paris 10e Arrondissement
3451,221.3626619442632,Entire home/apt,False,False,2.0,False,0,0,9.0,93.0,1,3.910380825232989,0.2565805143933419,174.59894642484602,8.489886449134518,424.4094517211309,19.57899760890733,2.406,48.855,Quartier de Charonne
3552,176.39108957032343,Private room,False,True,2.0,False,1,0,9.0,88.0,1,2.687241210312359,0.2257565398836096,247.0073407154688,12.010749879751804,632.0602163141984,29.158411561560893,2.37879,48.87357,Paris 19e Arrondissement
399,497.9494827104111,Entire home/apt,False,False,3.0,False,0,0,8.0,40.0,1,1.6035382955827886,0.1972153117842094,502.7028238002347,24.44396131313616,1312.3365099768637,60.54114319725815,2.34367,48.869690000000006,Paris 2e Arrondissement
3221,219.0325286606394,Private room,False,True,2.0,False,1,0,10.0,100.0,1,7.620912132650453,0.9102044926142048,175.55981687540864,8.536608844570717,318.76015906219817,14.705149394727693,2.249,48.853,Quartier d'Auteuil
238,548.9794016217728,Private room,False,True,2.0,True,0,1,10.0,100.0,1,2.422507907176543,0.2594016134348894,591.2668560174632,28.750393811143283,1200.9609610955667,55.40312943155511,2.3280000000000003,48.871,Paris 9e Arrondissement
142,339.50041942399105,Entire home/apt,False,False,2.0,False,0,1,10.0,90.0,0,0.8832630567275269,0.1847833828027619,459.5605630964967,22.34616575346277,1114.3339843210786,51.40682500370504,2.357,48.864,Paris 3e Arrondissement
1786,688.5543853108398,Entire home/apt,False,False,6.0,False,0,1,10.0,100.0,0,1.5875353401154024,0.2171120579664001,383.17756923876766,18.63203713026292,1028.550072089721,47.449413109014095,2.35651,48.87063,Paris 10e Arrondissement
2601,585.0964675179421,Entire home/apt,False,False,4.0,False,0,1,8.0,89.0,0,4.904325636665689,0.0734776363720726,462.8216964362044,22.50473859892677,615.3345846926936,28.38681917548915,2.28589,48.856840000000005,Paris 16e Arrondissement
2487,225.09087519806133,Entire home/apt,False,False,4.0,False,0,0,9.0,90.0,1,5.937631054108873,0.3685515453561936,206.44221554658577,10.038267722610122,398.5409312778825,18.38562244289636,2.28029,48.83278,Paris 15e Arrondissement
449,466.9587100382142,Entire home/apt,False,False,4.0,False,0,1,10.0,100.0,1,1.4864629657450203,0.1931232210611872,476.41483104765007,23.16570575653015,1195.8632967587798,55.167962289409225,2.34695,48.86938,Paris 2e Arrondissement
319,1047.3949109889086,Entire home/apt,False,False,6.0,False,0,1,10.0,99.0,2,1.1714036653301334,0.1511490826583904,506.28990998282,24.618383639255505,1268.0199054527452,58.49671489696024,2.34796,48.866620000000005,Paris 2e Arrondissement
1822,417.0938577686644,Entire home/apt,False,False,2.0,True,0,1,10.0,99.0,1,2.951402547265475,0.1407563084845177,418.2251919708504,20.33623033073887,1049.6903258399402,48.424662307514986,2.337,48.881,Paris 9e Arrondissement
1116,1356.1375710690652,Entire home/apt,False,False,6.0,True,0,0,10.0,96.0,1,2.1779604845974365,0.1898298777654654,447.0765352542459,21.73912899305389,939.8824621642738,43.35896951573955,2.33117,48.84311,Paris 6e Arrondissement
2386,241.86783484015285,Entire home/apt,False,False,3.0,True,0,0,10.0,94.0,1,2.9951588759758683,0.2170751736501734,209.92824114864308,10.20777597066236,551.8592567971144,25.458554293422488,2.39311,48.85251,Paris 11e Arrondissement
2744,310.60676670705567,Entire home/apt,False,False,3.0,False,0,0,10.0,100.0,1,4.739792921708576,0.1120997479390912,258.18635293212907,12.554330160597232,544.721565154674,25.12927593490873,2.29524,48.837140000000005,Paris 15e Arrondissement
2356,235.3434616460061,Entire home/apt,False,False,2.0,False,1,0,10.0,100.0,1,1.74354996100002,0.1399452345561603,300.22838695343427,14.598627117939802,778.1771298626256,35.8991254862483,2.3757,48.86064,Paris 11e Arrondissement
3493,365.1318855438531,Entire home/apt,False,False,5.0,False,0,0,10.0,100.0,0,2.7456532027702574,0.3076321544330011,246.458667545938,11.984070607039191,619.1272942446817,28.56178571063231,2.3784400000000003,48.87453,Paris 19e Arrondissement
648,166.37151645074098,Private room,False,True,2.0,False,0,1,9.0,84.0,1,2.178949817096206,0.1125091788419698,318.5587751449721,15.489943574890466,743.1073499875021,34.28127476794922,2.351,48.837,Paris 5e Arrondissement
163,339.50041942399105,Entire home/apt,False,False,2.0,False,0,1,10.0,94.0,0,0.8832532927946304,0.1847929888128445,459.5620464009273,22.346237879248427,1114.3373390653271,51.406979765879534,2.357,48.864,Paris 3e Arrondissement
1654,475.34718985926,Entire home/apt,False,False,2.0,True,0,0,10.0,96.0,1,2.709005093234066,0.2796239973595394,268.5108891614112,13.05636148450508,681.9656733847704,31.46066666142654,2.36807,48.87874,Paris 10e Arrondissement
238,548.9794016217728,Private room,False,True,2.0,True,0,1,10.0,100.0,1,2.422507907176543,0.2594016134348894,591.2668560174632,28.750393811143283,1200.9609610955667,55.40312943155511,2.3280000000000003,48.871,Paris 9e Arrondissement
717,339.50041942399105,Entire home/apt,False,False,2.0,False,0,1,7.0,70.0,0,0.883243176637164,0.1848157963145404,459.5620131787948,22.346236263819826,1114.3394862864852,51.40707882219825,2.357,48.864,Paris 3e Arrondissement
425,152.15770342063567,Private room,False,True,2.0,False,0,0,9.0,86.0,1,1.3797743276741403,0.0895941676978281,424.871774224168,20.65942087547557,1111.546581997238,51.2782356350842,2.35345,48.86897,Paris 2e Arrondissement
286,660.1267592506291,Entire home/apt,False,False,5.0,False,0,0,8.0,84.0,1,0.7418508577043601,0.1208461280990202,657.0174748388328,31.947522426086167,1348.9706056554485,62.2311594511063,2.34582,48.86143,Quartier Les Halles
718,339.50041942399105,Entire home/apt,False,False,2.0,False,0,1,10.0,100.0,0,0.8832491447142591,0.1848116962474188,459.5608901432437,22.3461816561346,1114.3372487116694,51.406975597654615,2.357,48.864,Paris 3e Arrondissement
2904,509.1341224718054,Entire home/apt,False,False,4.0,False,1,0,9.0,94.0,2,5.838568705294144,0.4767875673807513,287.7854678374478,13.993589272330803,490.5675738557616,22.63102604472749,2.27474,48.86703,Paris 16e Arrondissement
981,470.45390996365,Private room,False,True,2.0,False,0,1,9.0,91.0,1,1.189812744760712,0.185532206893326,731.4002030946234,35.56438798913419,1588.2735676553457,73.27076307397527,2.337,48.854,Quartier de Saint-Germain-des-Prés
600,212.74116879485507,Entire home/apt,False,False,2.0,False,0,0,9.0,91.0,1,1.3451669417594598,0.1375872081625159,419.1923892007059,20.383260366277632,1073.3899045307412,49.51797913313601,2.35468,48.8686,Paris 3e Arrondissement
157,339.50041942399105,Entire home/apt,False,False,2.0,False,0,1,9.0,95.0,0,0.8832427584032104,0.1848125991373836,459.56251744508575,22.34626078380484,1114.3400036164817,51.40710268783726,2.357,48.864,Paris 3e Arrondissement
3269,285.208313915556,Private room,False,True,2.0,True,1,0,9.0,91.0,1,3.550890498921904,0.2791880285466865,613.5669942034118,29.834739649852025,934.9781195200616,43.13272075404283,2.34097,48.88755,Quartier de Clignancourt
524,359.0735390064312,Entire home/apt,False,False,4.0,False,0,1,10.0,100.0,1,0.5408273264071971,0.1039585644731919,520.7164011490287,25.31987281985188,1194.577047415292,55.10862460802988,2.36008,48.85607,Paris 4e Arrondissement
2272,279.61599403485883,Private room,False,True,2.0,False,1,0,10.0,100.0,1,1.4557022864241111,0.1995581004746276,333.58504322673133,16.220596951560765,917.6240059988428,42.3321350324979,2.37259,48.85666,Paris 11e Arrondissement
1256,500.7456426507596,Entire home/apt,False,False,6.0,False,1,0,8.0,84.0,2,4.747144981372099,0.1820909587121663,407.7069772865358,19.824781377890307,788.2434182182518,36.36350683978818,2.29621,48.87736,Paris 17e Arrondissement
1253,308.04362009506946,Entire home/apt,False,False,2.0,False,0,1,10.0,90.0,1,3.705632481544445,0.2378972455243585,339.738015167746,16.51978565901617,667.1452511026249,30.77696602458072,2.30635,48.84339,Paris 15e Arrondissement
2415,359.0735390064312,Entire home/apt,False,False,3.0,False,0,0,8.0,84.0,1,4.176494003460438,0.068808150105815,164.28292924266557,7.988269364510636,404.598869580628,18.665089262175155,2.40764,48.84661,Paris 12e Arrondissement
2896,289.8685804828036,Entire home/apt,False,False,6.0,False,0,0,8.0,86.0,1,4.430306581714572,0.128047484663019,255.3707918344601,12.417423297759438,555.5554337091274,25.629067552797192,2.344,48.896,Quartier de Clignancourt
160,339.50041942399105,Entire home/apt,False,False,2.0,False,0,1,9.0,85.0,0,0.883252441716496,0.1848017348781371,459.5612096942036,22.346197194323228,1114.3368107800427,51.40695539484754,2.357,48.864,Paris 3e Arrondissement
475,550.3774815919471,Entire home/apt,False,False,3.0,False,0,1,10.0,100.0,1,1.8909747669970207,0.2990389963350019,1207.078120304675,58.694261256797056,1067.630121987725,49.25226693426717,2.32725,48.85908,Paris 7e Arrondissement
716,339.50041942399105,Entire home/apt,False,False,2.0,False,0,1,10.0,100.0,0,0.8832652151924608,0.1847963495617585,459.55839210258506,22.346060188726167,1114.3316727037804,51.406718363409055,2.357,48.864,Paris 3e Arrondissement
1274,455.3080436200951,Entire home/apt,False,False,3.0,False,1,0,9.0,92.0,1,3.957373989576682,0.2949658017347255,406.446568951932,19.763493931090423,773.5748803114124,35.686812983325986,2.30897,48.87738,Paris 8e Arrondissement
1105,491.6581228446268,Private room,False,True,2.0,True,1,0,10.0,100.0,1,4.756802908071591,0.16461041314344,551.2382520341612,26.804000035612184,814.2140452437416,37.56159242052119,2.2945,48.87539,Paris 17e Arrondissement
63,405.4431913505453,Private room,False,True,2.0,False,0,1,10.0,88.0,1,2.70777112225185,0.2650678703279854,562.9140462260251,27.37173637607777,1015.8007628689264,46.86125774692951,2.321,48.869,Paris 8e Arrondissement
969,394.02553826078855,Entire home/apt,False,False,2.0,False,0,1,8.0,76.0,1,3.371657297309547,0.2583743767041107,539.0825222543986,26.21292679233252,933.6125357788547,43.06972319191168,2.3068,48.85741,Paris 7e Arrondissement
789,526.6101220989841,Private room,False,True,2.0,False,1,0,10.0,100.0,1,0.6366629393775223,0.2442906412962788,584.4111344912722,28.4170338540756,1341.3248010730392,61.87844065789827,2.35,48.862,Quartier Les Halles
720,339.50041942399105,Entire home/apt,False,False,2.0,False,0,1,8.0,77.0,0,0.883249920873949,0.1848146906740136,459.5603132922274,22.34615360671204,1114.3365923622853,51.40694531872712,2.357,48.864,Paris 3e Arrondissement
686,669.6803057134869,Entire home/apt,False,False,4.0,False,0,1,10.0,98.0,1,0.7993290259130121,0.3546910114965127,485.832605069199,23.62364570223868,1061.4992634230814,48.969436133277895,2.363,48.859,Paris 3e Arrondissement
773,498.1824960387734,Private room,False,True,2.0,False,1,0,10.0,100.0,1,0.8696028467711414,0.2812844256379596,460.7471296569415,22.403862638631853,1032.6587792440353,47.63895735036826,2.36373,48.85951,Paris 3e Arrondissement
1738,459.9683101873428,Entire home/apt,False,False,2.0,False,0,1,9.0,87.0,1,2.609716093060334,0.3670643763392752,256.9723840467372,12.495300835387669,654.1462450774508,30.17729156668884,2.3748,48.87499,Paris 19e Arrondissement
1132,356.9764190511697,Entire home/apt,False,False,4.0,True,0,1,8.0,100.0,0,5.7171859713262,0.5725626475462035,260.3628245368234,12.660161250429002,519.3189102442399,23.957392232191168,2.28651,48.88369,Paris 17e Arrondissement
249,364.8988722154907,Entire home/apt,False,False,3.0,False,0,1,9.0,94.0,0,0.809719131964294,0.4802405338342876,464.6088269098405,22.591637947987223,1088.1094774222502,50.19702735243994,2.36084,48.86152,Paris 3e Arrondissement
3432,323.4224997669867,Entire home/apt,False,False,2.0,False,0,0,8.0,90.0,1,4.270251109820073,0.1944809850160692,168.24751903451696,8.181047831044534,398.238291163361,18.371660948743614,2.40488,48.87367,Paris 20e Arrondissement
3273,272.1595675272626,Entire home/apt,False,False,2.0,True,0,0,10.0,99.0,1,4.249130127826063,0.271915039888699,295.7078276850266,14.378814595234326,703.5472453288016,32.456274897235325,2.32097,48.88853,Paris 17e Arrondissement
400,484.2016963370305,Entire home/apt,False,False,2.0,False,0,1,10.0,86.0,0,1.0944666171387452,0.2904647939748788,746.1503495806485,36.2816149331602,1624.5200019303743,74.94289560336227,2.33813,48.85459,Paris 6e Arrondissement
757,339.50041942399105,Entire home/apt,False,False,2.0,False,0,1,9.0,80.0,0,0.8832410045100441,0.1848106498817382,459.5632327329539,22.34629556472937,1114.3409874695517,51.40714807527343,2.357,48.864,Paris 3e Arrondissement
2712,181.9834094510206,Private room,False,True,2.0,False,0,0,10.0,100.0,1,3.749860623678351,0.8440863824050284,220.44118727569244,10.718968739531306,479.6032304488328,22.12521531766444,2.34228,48.82355,Paris 13e Arrondissement
864,625.873799981359,Entire home/apt,False,False,2.0,True,0,0,9.0,94.0,1,0.712651453806097,0.2997887803812676,512.1139587320555,24.90157843262453,1097.0509765959112,50.60951955833026,2.36228,48.8578,Paris 3e Arrondissement
1348,241.16879485506573,Private room,False,True,2.0,True,1,0,10.0,96.0,1,2.919340671875416,0.2378459895678872,260.38568188023214,12.661272690412137,655.512156143753,30.24030422908988,2.36794,48.88084,Paris 10e Arrondissement
2699,271.46052754217544,Private room,False,True,2.0,False,0,1,10.0,100.0,1,4.099330766319048,0.1347340371116536,225.1512360834923,10.947995204850296,500.0525057783535,23.06858807045518,2.32543,48.8244,Paris
857,490.9590828595396,Entire home/apt,False,False,2.0,False,0,1,10.0,60.0,0,0.5380180381808197,0.0376011555406136,561.4796513990949,27.301988823453765,1075.4381406751522,49.61246904237641,2.35791,48.85313,Paris 4e Arrondissement
3542,181.51738279429583,Entire home/apt,False,False,2.0,False,0,0,10.0,96.0,0,3.528811687327252,0.1484756354099375,186.76865731109905,9.081639524732582,479.5054375306383,22.12070390232311,2.40018,48.851290000000006,Quartier de Charonne
647,231.61524839220803,Private room,False,True,2.0,False,0,1,10.0,92.0,1,2.178979915488608,0.1124913991522669,318.5553796212581,15.489778467303294,743.0979164959924,34.280839578989685,2.351,48.837,Paris 5e Arrondissement
3296,521.9498555317365,Entire home/apt,False,False,4.0,True,0,0,10.0,100.0,2,3.31297840416287,0.4168524331450517,205.8706157088102,10.010473638989192,507.9116856512672,23.43115036334412,2.39157,48.8718,Quartier de Belleville
2299,417.0938577686644,Entire home/apt,False,False,4.0,False,0,0,10.0,100.0,2,2.6223316975469664,0.2207770351995776,245.2763212824861,11.926578934117869,637.8315146759039,29.42465501199745,2.38062,48.87134,Quartier de Belleville
720,339.50041942399105,Entire home/apt,False,False,2.0,False,0,1,8.0,77.0,0,0.883249920873949,0.1848146906740136,459.5603132922274,22.34615360671204,1114.3365923622853,51.40694531872712,2.357,48.864,Paris 3e Arrondissement
2681,219.4985553173641,Entire home/apt,False,False,2.0,False,0,0,9.0,100.0,1,4.60239056456903,0.1186775311494788,260.8948116929829,12.68602916452971,545.8219611721128,25.180039769000818,2.29772,48.83669,Paris 15e Arrondissement
648,166.37151645074098,Private room,False,True,2.0,False,0,1,9.0,84.0,1,2.178949817096206,0.1125091788419698,318.5587751449721,15.489943574890466,743.1073499875021,34.28127476794922,2.351,48.837,Paris 5e Arrondissement
1891,266.5672476465654,Entire home/apt,False,False,4.0,False,0,0,9.0,92.0,0,4.5129552438129705,0.397300023244944,184.3506135755078,8.964061972493187,435.5205269755396,20.091577418231186,2.38443,48.89137,Paris 19e Arrondissement
2096,200.3914623916488,Private room,False,True,4.0,False,1,0,9.0,93.0,2,2.470043688131224,0.3115517788869253,238.8224745103113,11.612760166148032,651.5604845277003,30.05800440327751,2.38238,48.84602,Paris 12e Arrondissement
2674,336.00521949855533,Private room,False,True,3.0,False,0,0,10.0,100.0,1,4.468309934015027,0.1648700685136259,271.53833613375537,13.203571313385927,572.2804120629208,26.40062980210617,2.29885,48.83785,Paris 15e Arrondissement
590,312.7038866623171,Entire home/apt,False,False,2.0,True,1,0,10.0,97.0,0,1.0933607421117433,0.2887028269683229,578.8836611165317,28.14826005982845,1360.1830648710495,62.74841633895826,2.3451,48.86501,Paris 2e Arrondissement
1747,428.7445241867835,Entire home/apt,False,False,3.0,False,0,0,9.0,90.0,2,2.0176732207710635,0.2669225438438687,365.2572675839002,17.760661160937985,1009.1865187856534,46.556127244849606,2.35393,48.8747,Paris 10e Arrondissement
3416,442.02628390343926,Entire home/apt,False,False,4.0,False,1,0,6.0,80.0,1,3.263046800011587,0.1385701293681248,212.1376275552062,10.315207545125244,535.7354038746927,24.71472336191463,2.38798,48.87449,Quartier de Belleville
1107,510.0661757852549,Entire home/apt,False,False,4.0,False,0,1,9.0,86.0,1,1.8901181754070449,0.2063383093115789,530.5496511246411,25.79801531399824,965.1912989860192,44.52652517126906,2.33058,48.8479,Paris 6e Arrondissement
2572,204.8187156305341,Private room,False,True,2.0,False,0,1,9.0,88.0,1,4.394080477167519,0.4749067973918086,248.91364393636448,12.10344401230197,519.6790624240127,23.97400689201559,2.30545,48.83232,Paris 15e Arrondissement
1476,342.9956193494268,Private room,False,True,2.0,False,0,1,9.0,95.0,1,2.1954761567433554,0.1898970585149546,443.2693305612272,21.5540033883799,1200.8355338263154,55.39734317916416,2.342,48.875,Paris 9e Arrondissement
236,593.018920682263,Private room,False,True,2.0,True,0,1,10.0,100.0,1,2.422508456740778,0.2594085041351938,591.2651201801417,28.75030940592747,1200.9193874055588,55.40121154029713,2.3280000000000003,48.871,Paris 9e Arrondissement
258,262.8390343927673,Entire home/apt,False,False,2.0,False,0,0,10.0,90.0,0,1.092997018833398,0.0421949949151236,469.63423014000887,22.83599854499465,1146.2199199232475,52.87779756188184,2.35211,48.86639,Paris 2e Arrondissement
296,327.61673967750954,Entire home/apt,False,False,2.0,False,0,1,10.0,93.0,0,1.8319792045070165,0.121923249000165,548.3418795628173,26.663163713861,1308.9672948317198,60.38571344657011,2.33815,48.86994,Paris 2e Arrondissement
143,529.4062820393327,Entire home/apt,False,False,4.0,False,0,1,8.0,100.0,1,0.8832601532626411,0.1847989867187197,459.5594472142771,22.34611149360881,1114.3336566211908,51.40680988614512,2.357,48.864,Paris 3e Arrondissement
2880,260.74191443750584,Private room,False,True,2.0,False,1,0,10.0,97.0,1,3.715520047037679,0.4296626987436066,359.7552827882614,17.493126750700615,848.4661241578665,39.14172068684549,2.3319,48.88703,Paris 18e Arrondissement
1885,741.681424177463,Entire home/apt,False,False,2.0,True,0,0,9.0,96.0,1,3.6414998528956457,0.366654930802246,374.9878670656371,18.233812267365263,928.1798650840076,42.819101425329805,2.33292,48.8866,Paris 18e Arrondissement
1396,242.56687482524,Entire home/apt,False,False,2.0,False,1,0,9.0,85.0,0,4.098545007167192,0.4376155836912184,314.75465942718847,15.304968171861605,741.8298485128947,34.22234064615886,2.31869,48.8858,Quartier des Batignolles
2089,438.0650573212788,Entire home/apt,False,False,4.0,False,0,0,9.0,82.0,1,2.557008596736187,0.4250198936315723,234.3780464934892,11.396649531079484,612.1793418627603,28.241260466623785,2.38222,48.84429,Quartier de Bercy
2358,266.5672476465654,Entire home/apt,False,False,3.0,False,0,1,8.0,80.0,0,2.592676664207872,0.2706994573190106,233.2675482778747,11.3426514747018,610.3432064086813,28.15655525678632,2.38808,48.85601,Paris 11e Arrondissement
3373,370.9572187529127,Entire home/apt,False,False,2.0,False,0,0,9.0,92.0,1,3.425581306148274,0.3296045924304997,218.1867156715456,10.60934489406186,533.2946201036389,24.60212431534881,2.38032,48.881440000000005,Paris 19e Arrondissement
2766,475.5802031876224,Private room,False,True,2.0,False,0,0,8.0,80.0,1,4.506363161688196,0.566884597094209,251.31324082812336,12.220124585420423,521.3170369160847,24.04957047462119,2.30195,48.83378,Paris 15e Arrondissement
1099,347.65588591667444,Entire home/apt,False,False,2.0,True,0,0,10.0,98.0,0,4.56115067242978,0.2235276505867931,326.67386070642294,15.8845401996266,684.6331157157028,31.58372199586225,2.30417,48.88219,Paris 17e Arrondissement
2987,434.80287072420543,Entire home/apt,False,False,2.0,False,0,0,10.0,80.0,1,4.417258450067494,0.3696335057549749,264.8706126819279,12.879352776336436,577.6590053323447,26.64875685096024,2.34048,48.89547,Paris 18e Arrondissement
946,258.6447944822444,Private room,False,True,2.0,False,1,0,10.0,94.0,1,2.7495683639959343,0.1336268237123237,419.172480736103,20.38229231574058,961.8924999284015,44.374343878888695,2.32015,48.84436,Paris 15e Arrondissement
132,357.4424457078945,Entire home/apt,False,False,2.0,False,0,1,10.0,70.0,0,0.8832741272747135,0.1847850574999443,459.55734652132935,22.34600934726168,1114.3288726533287,51.4065891905528,2.357,48.864,Paris 3e Arrondissement
2214,392.8604716189767,Entire home/apt,False,False,4.0,True,0,1,10.0,97.0,0,1.6305560136472732,0.1969495425715197,313.30122022246246,15.234294584984289,840.6237448659266,38.779933443931,2.37279,48.86291,Paris 11e Arrondissement
1020,303.6163668561842,Private room,False,True,3.0,False,1,0,10.0,100.0,1,4.851667312508377,0.2347700549442345,361.6801077641564,17.58672150493265,734.0361394606853,33.862798674888175,2.296,48.879,Paris 17e Arrondissement
132,357.4424457078945,Entire home/apt,False,False,2.0,False,0,1,10.0,70.0,0,0.8832741272747135,0.1847850574999443,459.55734652132935,22.34600934726168,1114.3288726533287,51.4065891905528,2.357,48.864,Paris 3e Arrondissement
2673,307.1115667816199,Entire home/apt,False,False,2.0,False,0,1,10.0,93.0,0,3.118168848821498,0.2867323193298992,236.69854692449152,11.509484033049736,576.0396483753424,26.574052138658143,2.35402,48.82853,Paris 13e Arrondissement
1568,198.29434243638727,Entire home/apt,False,False,2.0,False,0,0,7.0,79.0,0,2.878233119650254,0.2209673538597291,249.4343633303583,12.128764030649116,622.9699701235616,28.73905730894212,2.37316,48.87868,Paris 19e Arrondissement
685,751.0019573119582,Entire home/apt,False,False,4.0,False,0,1,10.0,98.0,1,0.7993146124391147,0.3547055341302311,485.8373560555888,23.62387671929689,1061.5058554932575,48.96974024084593,2.363,48.859,Paris 3e Arrondissement
1239,278.2179140646845,Entire home/apt,False,False,2.0,False,0,0,10.0,100.0,1,3.335869217430665,0.1434629863317841,346.0271890684537,16.82559719665252,699.1925061782232,32.2553806262175,2.31338,48.84155,Paris 15e Arrondissement
1621,674.5735856090969,Private room,False,True,4.0,False,0,1,10.0,100.0,2,2.1954460199897663,0.1899207994482621,443.2706313036564,21.55406663707498,1200.8402815554482,55.3975622029794,2.342,48.875,Paris 9e Arrondissement
2189,240.93578152670327,Entire home/apt,False,False,2.0,False,0,0,6.0,88.0,0,2.8735521316250208,0.3006609747686957,214.5555760984712,10.432780468630863,645.3799262145105,29.77288083700226,2.39031,48.84924,Paris 11e Arrondissement
3498,231.84826172057043,Entire home/apt,False,False,2.0,False,1,0,6.0,67.0,1,3.773806349156768,0.1739056472838336,242.79118930396243,11.805739211193996,558.7328719414965,25.77565018733023,2.36167,48.89,Quartier de la Chapelle
583,315.96607325939044,Entire home/apt,False,False,4.0,True,0,0,10.0,94.0,1,3.631213334496544,0.2674819288595672,375.4454340340856,18.2560614944342,814.6817261856615,37.58316763286966,2.31822,48.87998,Paris 8e Arrondissement
1695,645.446919563799,Entire home/apt,False,False,6.0,False,0,0,9.0,96.0,2,2.6386997053931145,0.3151102627579603,406.6049915163518,19.77119723978985,1024.5939026882436,47.26690578987255,2.3416200000000003,48.87914,Paris 9e Arrondissement
690,166.37151645074098,Private room,False,True,2.0,False,0,1,10.0,88.0,1,2.1789542825306314,0.1125290598811606,318.5595733960147,15.48998238990538,743.1066714460169,34.281243465248345,2.351,48.837,Paris 5e Arrondissement
3063,897.8003541802591,Entire home/apt,False,False,2.0,False,0,1,10.0,100.0,0,4.269557678203087,0.1790302709292969,321.6275520145728,15.639163073026754,690.2558037643597,31.843109706041297,2.312,48.88399999999999,Paris 17e Arrondissement
523,382.3748718426694,Entire home/apt,False,False,4.0,False,0,0,10.0,100.0,1,1.431796562813405,0.1675499260483893,448.1962025535204,21.7935728967904,1128.4998410691287,52.06032900620412,2.3502400000000003,48.86934,Paris 2e Arrondissement
1036,370.7242054245503,Entire home/apt,False,False,2.0,False,0,1,10.0,97.0,0,2.45279481227662,0.0738055270555274,468.5524247208201,22.78339567792681,869.3269033788773,40.10407707365962,2.32179,48.84823,Paris 7e Arrondissement
1023,229.5181284369466,Private room,False,True,2.0,False,1,0,9.0,89.0,1,2.273251101835514,0.1526462589223554,423.7200823329571,20.60341977363056,983.5384842232088,45.3729236066299,2.331,48.842,Paris 6e Arrondissement
2595,222.2947152577128,Entire home/apt,False,False,2.0,False,0,0,7.0,79.0,1,2.957868814980777,0.2337933100161935,259.94750027623127,12.639966078097215,614.8381307892071,28.36391659933332,2.34745,48.83019,Paris 13e Arrondissement
1781,266.5672476465654,Entire home/apt,False,False,2.0,False,0,1,10.0,100.0,0,1.7518566102168511,0.2891195713299419,338.9449352877847,16.48122209226027,897.0325563267627,41.38220344577513,2.36648,48.86946,Paris 10e Arrondissement
1540,560.8630813682543,Private room,False,True,3.0,False,1,0,10.0,100.0,1,1.7281096143318213,0.1647650267771757,357.1782001842917,17.367815921937048,972.7912003626896,44.87712634256327,2.35897,48.87156,Paris 10e Arrondissement
175,373.98639202162366,Entire home/apt,False,False,2.0,False,0,1,6.0,50.0,0,2.5530684954671594,0.1872773024442633,553.9563976469697,26.936170063424413,1136.3474711979063,52.42235848246537,2.3267900000000004,48.87187,Paris 9e Arrondissement
3496,318.76223319973906,Entire home/apt,False,False,4.0,False,0,0,9.0,100.0,1,3.521266706643135,0.4623717217933547,283.1144523843755,13.766460806720008,628.7267693724452,29.00463188149644,2.35551,48.88819,Paris 18e Arrondissement
1452,251.1883679746481,Entire home/apt,False,False,4.0,False,1,0,9.0,89.0,1,2.6366800888946647,0.1452791196532483,287.819812680098,13.995259292798758,738.9580409595598,34.08985746749268,2.3634,48.87922,Paris 10e Arrondissement
1679,473.94910988908566,Entire home/apt,False,False,3.0,False,0,1,7.0,67.0,0,1.9559105655382083,0.236943520190042,323.462561040167,15.728390520153065,942.281077438714,43.46962323123177,2.36314,48.87277,Paris 10e Arrondissement
117,622.1455867275608,Entire home/apt,False,False,4.0,False,0,0,9.0,91.0,1,1.2596825868174883,0.2125012918529672,455.1132330442966,22.129914006713232,1123.8245237857288,51.84464571842307,2.35133,48.86786,Paris 2e Arrondissement
2123,195.4981824960388,Entire home/apt,False,False,2.0,False,0,0,9.0,95.0,1,2.567891394506104,0.1671352382300291,261.81561021511675,12.730803059536072,606.8797627612684,27.99677852557478,2.35964,48.83392,Paris 13e Arrondissement
1345,336.00521949855533,Entire home/apt,False,False,2.0,True,0,0,10.0,96.0,1,2.809764525722545,0.3194340016052878,301.49751181384136,14.660338406439864,735.6584096876041,33.93763778312442,2.35912,48.88149,Paris 10e Arrondissement
1759,618.8834001304875,Entire home/apt,False,False,4.0,False,0,1,8.0,100.0,1,1.86130290584438,0.1419936340106879,527.4178338093309,25.645730469611383,1384.4953885515508,63.87000051969957,2.33921,48.87073,Paris 2e Arrondissement
2660,341.8305527076149,Entire home/apt,False,False,4.0,False,0,1,9.0,93.0,1,3.60962303730441,0.384970809807221,269.0257892757691,13.08139853995734,599.8093654533303,27.67060461162269,2.32291,48.83075,Paris
1957,417.0938577686644,Entire home/apt,False,False,2.0,False,0,1,9.0,86.0,0,2.022957391709572,0.2829543526333745,271.28159139760584,13.191087081946073,802.5026248019519,37.02131728787081,2.379,48.851000000000006,Paris 11e Arrondissement
1138,1924.2240656165527,Entire home/apt,False,False,4.0,False,0,0,10.0,98.0,2,3.2885330795986696,0.169102444547275,551.99798699181,26.84094220309916,943.1064853520348,43.50770122288756,2.31224,48.86925,Paris 8e Arrondissement
941,381.67583185758224,Private room,False,True,2.0,False,0,1,10.0,90.0,1,5.298668914355193,0.262720661570931,338.61649739014985,16.465251775636894,650.5462210881635,30.01121406584049,2.28643,48.87548,Chaillot
3121,278.2179140646845,Entire home/apt,False,False,4.0,False,1,0,10.0,100.0,1,4.451677726859141,0.1092383350778806,247.6747954206194,12.043204913259745,536.5007401146524,24.75003010720839,2.34622,48.89638,Quartier de Clignancourt
3064,642.6507596234504,Entire home/apt,False,False,2.0,False,0,1,10.0,100.0,0,4.269558891301896,0.179015566511539,321.6282828805754,15.639198611439204,690.2547643052869,31.84306175337055,2.312,48.88399999999999,Paris 17e Arrondissement
1752,207.84788889924505,Private room,False,True,2.0,False,1,0,10.0,100.0,1,3.057554036633897,0.0945255047908685,281.8546945775679,13.705204991881454,680.8897357939644,31.41103115158505,2.36043,48.8836,Paris 10e Arrondissement
2039,735.8560909684035,Entire home/apt,False,False,2.0,True,0,0,9.0,99.0,1,2.0837035800946704,0.2490418982748458,277.1612378050264,13.476985315481798,770.0363248685835,35.52357116985277,2.37611,48.86723,Paris 11e Arrondissement
239,637.0584397427533,Private room,False,True,2.0,True,0,1,10.0,100.0,1,2.422500759161798,0.2594208326932993,591.2656699348166,28.750336137788462,1200.8806852505652,55.39942611964496,2.3280000000000003,48.871,Paris 9e Arrondissement
993,492.3571628297139,Entire home/apt,False,False,3.0,False,0,1,8.0,77.0,1,3.347323668501272,0.14195643744649,389.4736239890809,18.93818324971102,718.8748356676824,33.163372379108665,2.30957,48.84683,Paris 15e Arrondissement
2084,194.3331158542269,Private room,False,True,2.0,False,1,0,10.0,93.0,1,2.930617343536408,0.232537038916023,214.7019809778685,10.439899416523357,552.9568287509234,25.509187846874426,2.39255,48.85431,Paris 11e Arrondissement
1554,306.64554012489515,Private room,False,True,2.0,False,1,0,10.0,80.0,1,1.996629394779931,0.2856856746865249,329.7542704226284,16.03432534577381,899.2753008569771,41.48566648039038,2.36101,48.87368,Paris 10e Arrondissement
227,327.61673967750954,Entire home/apt,False,False,2.0,True,0,0,9.0,94.0,1,1.326905920873418,0.1735873643983649,391.6842020928165,19.045672770535457,1039.371152201589,47.94861476622712,2.35927,48.8677,Paris 3e Arrondissement
1928,494.6872961133377,Entire home/apt,False,False,2.0,True,0,0,10.0,98.0,1,2.403237758716989,0.2687487876791694,241.8634464918821,11.760627649584697,852.9499306071956,39.34856913330257,2.38491,48.85246,Paris 11e Arrondissement
3211,516.1245223226769,Entire home/apt,False,False,6.0,False,0,0,10.0,93.0,1,6.346385953584882,0.2413826226486654,226.1438044822396,10.996258915318853,421.1099207860164,19.42678255331152,2.267,48.849,Quartier d'Auteuil
2682,207.84788889924505,Private room,False,True,2.0,False,1,0,8.0,80.0,1,4.090874442120132,0.2889102475855411,219.385476954454,10.6676347484963,476.442022958686,21.979381445115543,2.3293,48.82318,Paris
1058,454.1429769782832,Private room,False,True,2.0,False,1,0,10.0,100.0,1,2.378147169023822,0.0921142821396521,410.6775964933343,19.96922795254472,1065.3640333336512,49.147726980786494,2.32966,48.84155,Paris
2278,122.09898406188834,Private room,False,True,2.0,False,0,0,9.0,90.0,1,4.381593066218586,0.1522877612367762,193.8577939049435,9.426349306415316,446.59931291636985,20.60266764623025,2.37598,48.89288,Quartier de la Villette
2171,234.8774349892814,Entire home/apt,False,False,2.0,False,0,0,9.0,100.0,1,3.327730653825601,0.1508837888042096,194.4814045948189,9.456672421496584,510.7007975268684,23.55981859757386,2.39721,48.850640000000006,Paris 11e Arrondissement
2655,312.7038866623171,Private room,False,True,2.0,False,0,0,9.0,96.0,2,4.6626376982983695,0.2562638909376888,329.2356974903944,16.00910969928561,591.4970835472633,27.287139665440503,2.29097,48.84671,Quartier de Grenelle
997,492.3571628297139,Entire home/apt,False,False,3.0,False,1,0,9.0,87.0,1,3.2370185453041183,0.1931384066856352,395.8959988016173,19.250471691357973,732.1592539684318,33.77621357077232,2.31113,48.84689,Paris 15e Arrondissement
2980,278.45092739304687,Entire home/apt,False,False,2.0,False,0,0,9.0,97.0,1,4.375519878811568,0.6013229321211937,275.4952435106762,13.395976221935936,597.8318048417148,27.579375129505184,2.33699,48.89453,Paris 18e Arrondissement
221,532.9014819647684,Entire home/apt,False,False,4.0,False,0,1,10.0,95.0,1,1.3741150915195577,0.1949957717537973,471.8648487777135,22.94446253823866,1185.0064124996698,54.66710890339893,2.34846,48.8686,Paris 2e Arrondissement
142,339.50041942399105,Entire home/apt,False,False,2.0,False,0,1,10.0,90.0,0,0.8832630567275269,0.1847833828027619,459.5605630964967,22.34616575346277,1114.3339843210786,51.40682500370504,2.357,48.864,Paris 3e Arrondissement
3142,195.7311958244012,Entire home/apt,False,False,2.0,False,1,0,7.0,84.0,0,4.8575634540828965,0.2567329428423929,349.20661774909223,16.980197147135964,725.717873428121,33.47905766699741,2.29646,48.8796,Paris 17e Arrondissement
1680,254.91658122844623,Private room,False,True,2.0,False,0,1,8.0,80.0,1,3.461687174947427,0.2381658466343395,433.5524147198277,21.08151764995772,1150.620220727346,53.08079369821323,2.33564,48.88559,Paris 18e Arrondissement
2637,516.8235623077641,Entire home/apt,False,False,2.0,False,1,0,10.0,100.0,2,5.704736362795115,0.1784988196655598,224.44298876096565,10.91355662736012,439.9365505000226,20.295298880314792,2.28073,48.83722,Paris 15e Arrondissement
788,482.5706030384938,Private room,False,True,2.0,False,1,0,10.0,100.0,1,0.6366643843814717,0.2442885441635643,584.4104973615014,28.417002873594228,1341.323948640851,61.87840133321381,2.35,48.862,Quartier Les Halles
1963,294.76186037841364,Private room,False,True,3.0,False,1,0,7.0,72.0,1,5.94352365056985,0.8058152911440195,124.64746857403166,6.060992211205008,279.42224049031256,12.890399486272736,2.43028,48.84107,Vignerons
3244,510.2991891136173,Entire home/apt,False,False,5.0,True,0,0,10.0,95.0,2,3.453555399362992,0.1759394775402817,322.0372654261861,15.65908541741949,690.9708816586234,31.87609791666006,2.35136,48.88762,Paris 18e Arrondissement
1708,295.4609003635008,Entire home/apt,False,False,3.0,False,0,0,9.0,95.0,1,2.951285679411507,0.1327609591151677,365.0622302622168,17.75117745700769,826.7495543768161,38.139884686038805,2.349,48.883,Paris 9e Arrondissement
161,339.50041942399105,Entire home/apt,False,False,2.0,False,0,1,10.0,100.0,0,0.8832549545799299,0.1847986059889844,459.560908145242,22.34618253148307,1114.33601481457,51.40691867510433,2.357,48.864,Paris 3e Arrondissement
760,1263.398266380837,Entire home/apt,False,False,4.0,True,0,0,10.0,97.0,2,0.6155053786521248,0.1931598690146619,725.8888970862685,35.296400334251594,1165.62460616078,53.77298098417725,2.35669,48.85168,Paris 4e Arrondissement
1127,195.4981824960388,Entire home/apt,False,False,2.0,False,0,0,10.0,94.0,0,2.7002093309671467,0.1655266032656479,427.2525326448287,20.77518542656884,892.9889150520233,41.19566084516072,2.32114,48.84412,Paris 15e Arrondissement
3087,310.839780035418,Entire home/apt,False,False,4.0,False,0,0,10.0,100.0,1,3.6288502228713138,0.1718422023799137,341.6060306010337,16.610618045113473,709.6825079601438,32.73930886809042,2.3485,48.88909,Quartier de Clignancourt
3433,277.28586075123496,Entire home/apt,False,False,4.0,False,0,0,9.0,87.0,1,4.3510496949576165,0.3324881772370243,181.2041143901443,8.811063221108803,437.2902189331113,20.173217434647608,2.39063,48.88669,Paris 19e Arrondissement
158,405.4431913505453,Entire home/apt,False,False,3.0,False,0,1,10.0,100.0,1,0.8832473744913911,0.1848043216463049,459.562272462845,22.3462488715256,1114.3388022937634,51.40704726801913,2.357,48.864,Paris 3e Arrondissement
293,683.4280920868674,Private room,False,True,2.0,False,0,1,10.0,94.0,1,1.2786976604955231,0.0410043186596421,367.06487482891833,17.848556194493888,1001.0214252841638,46.179452442971694,2.36561,48.86433,Paris 3e Arrondissement
132,357.4424457078945,Entire home/apt,False,False,2.0,False,0,1,10.0,70.0,0,0.8832741272747135,0.1847850574999443,459.55734652132935,22.34600934726168,1114.3288726533287,51.4065891905528,2.357,48.864,Paris 3e Arrondissement
681,913.1792338521764,Entire home/apt,False,False,3.0,False,0,1,10.0,97.0,1,0.7993211850604609,0.3546989203638389,485.8351689664975,23.623770371931,1061.5028607097786,48.96960208450108,2.363,48.859,Paris 3e Arrondissement
774,1738.5124429117343,Entire home/apt,False,False,6.0,False,0,1,10.0,96.0,3,0.7735364945017287,0.104998556658886,799.6340102882461,38.882261819004896,1504.545773104825,69.40820468217755,2.34401,48.85267,Paris 5e Arrondissement
1596,410.1034579177929,Private room,False,True,2.0,False,1,0,10.0,100.0,1,2.6541053676931194,0.1059305668817108,342.9268658935739,16.674843757131168,832.554422034912,38.407676766391816,2.3564,48.880320000000005,Paris 10e Arrondissement
499,550.3774815919471,Entire home/apt,False,False,4.0,False,0,0,10.0,100.0,1,0.8416893911465012,0.3242311491299726,460.463767535293,22.39008413488918,1086.802114341226,50.13671564511688,2.35852,48.86311,Paris 3e Arrondissement
987,529.639295367695,Entire home/apt,False,False,2.0,False,0,1,8.0,80.0,1,1.1898653134575612,0.1593015359106749,707.6438676888099,34.40923445486172,1564.6438958598808,72.18067121643892,2.3373,48.8533,Quartier de Saint-Germain-des-Prés
1778,231.61524839220803,Entire home/apt,False,False,2.0,False,0,0,9.0,100.0,1,3.95116086215401,0.086848822038347,319.503132509694,15.535863020328492,680.0566130219162,31.37259725550732,2.34479,48.89172,Quartier de Clignancourt
728,231.61524839220803,Entire home/apt,False,False,2.0,False,0,1,10.0,80.0,0,0.8832512112456741,0.1848005667001746,459.56168716436815,22.346220411344653,1114.3374806972006,51.40698629968809,2.357,48.864,Paris 3e Arrondissement
1114,480.9395097399572,Entire home/apt,False,False,5.0,False,0,0,10.0,96.0,2,2.232659091133206,0.295561823564597,419.936987674127,20.41946652111984,873.8990680034077,40.31500168876464,2.33278,48.84141,Paris 6e Arrondissement
1816,1182.309628110728,Entire home/apt,False,False,5.0,False,0,0,10.0,95.0,3,2.228340751997973,0.2490922693707727,366.23822119198593,17.808360101367168,973.730827950514,44.92047355413141,2.35169,48.8766,Paris 10e Arrondissement
1499,204.58570230217168,Entire home/apt,False,False,2.0,False,0,0,7.0,79.0,1,3.3861525767224734,0.1342455467760378,328.7302388435985,15.984531735879182,705.9516592792655,32.56719611917335,2.3512,48.88701,Paris 18e Arrondissement
1735,283.8102339453817,Entire home/apt,False,False,3.0,False,0,0,9.0,95.0,1,1.971874688658314,0.0118429469493473,298.5768293238267,14.518320008265432,813.8583840643932,37.54518494101807,2.3707,48.86977,Paris 11e Arrondissement
157,339.50041942399105,Entire home/apt,False,False,2.0,False,0,1,9.0,95.0,0,0.8832427584032104,0.1848125991373836,459.56251744508575,22.34626078380484,1114.3400036164817,51.40710268783726,2.357,48.864,Paris 3e Arrondissement
1247,281.4801006617579,Entire home/apt,False,False,3.0,False,0,0,10.0,100.0,1,3.429653737407712,0.1214576971843749,523.6654753565878,25.463271767353685,955.4731857675876,44.07820594865244,2.306,48.856,Paris 7e Arrondissement
36,711.1566781619908,Entire home/apt,False,False,6.0,False,0,1,9.0,84.0,2,0.8551872014115026,0.4455778049906819,453.8380453297427,22.06790791149001,1069.2422641969622,49.32663881343213,2.361,48.862,Paris 3e Arrondissement
2926,555.7367881442818,Entire home/apt,False,False,4.0,False,1,0,9.0,91.0,1,3.5359757990817977,0.3687249506555077,502.888840221283,24.45300637511799,815.2930542260281,37.61136962081327,2.3448,48.88794,Quartier de Clignancourt
2811,261.90698107931775,Private room,False,True,2.0,False,0,0,10.0,98.0,1,4.843084643155112,0.2908692925609673,404.2925974263676,19.65875690924028,770.1716029507987,35.529811863215016,2.2947,48.87734,Paris 17e Arrondissement
2338,124.66213067387454,Shared room,True,False,6.0,False,0,1,10.0,100.0,1,4.435557705144838,0.4303115903582157,186.24093410802948,9.055978945660517,467.64214123049527,21.573422382195982,2.38427,48.89062,Paris 19e Arrondissement
441,283.5772206170193,Entire home/apt,False,False,2.0,False,0,0,10.0,90.0,0,1.825166384816102,0.2069324776115773,516.1752068149443,25.099056915579364,1428.5463328517171,65.9021732944232,2.34111,48.87108,Paris 2e Arrondissement
304,744.7105974461739,Entire home/apt,False,False,6.0,False,0,1,9.0,80.0,1,1.2481384293950883,0.237886513131566,430.4113986826163,20.92878551705041,1073.0507483661534,49.50233306844875,2.35495,48.8677,Paris 3e Arrondissement
2626,274.72271413924875,Entire home/apt,False,False,2.0,False,0,0,10.0,95.0,0,3.861310415500992,0.2196710189899119,245.09645394748136,11.917832871891452,536.2626858778465,24.739048110190385,2.32396,48.82749,Paris
1185,203.4206356603597,Private room,False,True,2.0,False,1,0,10.0,92.0,1,5.338644476336227,0.2921080793654939,327.9250157899787,15.94537770642231,647.9517973025766,29.891527247159843,2.28668,48.87673,Paris 17e Arrondissement
1887,194.3331158542269,Private room,False,True,2.0,False,0,0,9.0,90.0,1,1.7293124914096771,0.1094196909335109,302.470922613467,14.70767057725992,797.6592256712836,36.797879992556645,2.37465,48.86232,Paris 11e Arrondissement
366,287.3054338708174,Private room,False,True,2.0,False,0,1,8.0,88.0,1,2.1982631858113058,0.0418552125272581,657.4660113016902,31.969332544164946,1516.3029049608483,69.95058858895243,2.33166,48.87062,Paris 2e Arrondissement
2952,530.1053220244198,Entire home/apt,False,False,4.0,False,0,1,10.0,97.0,1,3.345183355298116,0.0794082656768539,398.6634269585937,19.38503808645921,1020.3856904298636,47.07277114605049,2.334,48.88399999999999,Paris 18e Arrondissement
234,460.90036350079225,Private room,False,True,2.0,True,0,1,10.0,100.0,1,2.422492509809315,0.2594138696596882,591.2706635039883,28.750578950452063,1200.9541865626852,55.40281690655702,2.3280000000000003,48.871,Paris 9e Arrondissement
2765,259.1108211389692,Private room,False,True,2.0,False,1,0,10.0,94.0,1,2.653628622949798,0.262289550367887,295.38234609604655,14.362988029333978,638.8699432631126,29.47256014404277,2.34367,48.83346,Paris 13e Arrondissement
3350,220.1975953024513,Entire home/apt,False,False,4.0,True,0,0,10.0,98.0,1,3.388053314365977,0.4668059980816813,200.95017524586112,9.77121686416011,490.2064922666745,22.614368509084287,2.39516,48.86864,Paris 20e Arrondissement
17,435.5019107092926,Entire home/apt,False,False,4.0,False,0,1,9.0,80.0,1,1.2422882194751153,0.0695355718445172,506.934848885067,24.64974384021218,1279.390418392216,59.02126317163021,2.34713,48.86711,Paris 2e Arrondissement
1854,602.5724671451208,Entire home/apt,False,False,4.0,False,0,1,10.0,93.0,0,1.2816635909481844,0.2080888026474503,424.6925863238631,20.650707850810768,1108.365167042548,51.13146954507792,2.355,48.868,Paris 3e Arrondissement
2574,382.3748718426694,Entire home/apt,False,False,4.0,False,0,1,7.0,84.0,1,4.713940098441228,0.0881619637974661,290.7635219797513,14.13839737126406,560.2849997864373,25.84725346393393,2.29231,48.84217,Paris 15e Arrondissement
1197,417.5598844253892,Private room,False,True,3.0,False,1,0,10.0,100.0,1,4.995108247184584,0.3792451148496671,367.6627147877483,17.877626205906623,710.3377344620957,32.76953599442558,2.29295,48.87808,Paris 17e Arrondissement
604,387.96719172336657,Entire home/apt,False,False,3.0,False,0,0,9.0,88.0,0,3.453495161606952,0.1185896453986355,518.1815044993909,25.196613286181208,967.7294130951926,44.643614293278745,2.3113,48.87131,Paris 8e Arrondissement
2715,219.96458197408893,Entire home/apt,False,False,2.0,False,0,0,10.0,100.0,1,5.513389693166106,0.5828163900559975,202.8178491748077,9.862032644584025,406.5288341187898,18.754123026443853,2.29169,48.82766,Paris 15e Arrondissement
3483,193.8670891975021,Entire home/apt,False,False,2.0,False,0,0,10.0,96.0,1,3.376261185692,0.3111674093283409,201.7863162654513,9.81187428195753,494.4858815760679,22.81178671623405,2.39583,48.86726,Paris 20e Arrondissement
124,324.35455308043623,Private room,False,True,2.0,False,0,1,9.0,92.0,1,1.1898166246119009,0.1855240943569785,731.3976797195545,35.56426528983822,1588.225697607479,73.26855471704799,2.337,48.854,Quartier de Saint-Germain-des-Prés
156,339.50041942399105,Entire home/apt,False,False,2.0,False,0,1,9.0,83.0,0,0.8832510281775344,0.1848187563040043,459.559515571686,22.346114817492783,1114.3356774046829,51.40690310959948,2.357,48.864,Paris 3e Arrondissement
1698,236.74154161618048,Entire home/apt,False,False,2.0,False,0,0,10.0,93.0,0,3.115596189582026,0.1000511242282861,260.40549260405004,12.662235988296416,635.8854727858934,29.334879562000204,2.36526,48.88335,Paris 10e Arrondissement
1011,394.02553826078855,Entire home/apt,False,False,3.0,False,0,0,9.0,95.0,1,4.720550923981582,0.133351855468879,365.595310346803,17.77709851483251,747.9384577599644,34.504145034249426,2.29801,48.87891,Paris 17e Arrondissement
690,166.37151645074098,Private room,False,True,2.0,False,0,1,10.0,88.0,1,2.1789542825306314,0.1125290598811606,318.5595733960147,15.48998238990538,743.1066714460169,34.281243465248345,2.351,48.837,Paris 5e Arrondissement
150,1362.4289309348496,Entire home/apt,False,False,6.0,False,0,0,9.0,91.0,2,0.6224711784125724,0.147636874354634,1675.3939285377894,81.4661514408263,1254.8152097642271,57.887551495289046,2.34441,48.85552,Paris 1er Arrondissement
1969,278.2179140646845,Entire home/apt,False,False,2.0,False,1,0,9.0,87.0,1,1.449466909910442,0.0750030485288131,335.6950430095618,16.32319584422728,900.5849939373551,41.54608567601652,2.36996,48.86297,Paris 11e Arrondissement
1252,370.7242054245503,Entire home/apt,False,False,2.0,False,0,0,10.0,100.0,1,4.34819425135448,0.1336434539969042,381.168830877792,18.534362081587613,744.3259496279759,34.33749161078883,2.30327,48.87812,Paris 8e Arrondissement
2251,331.57796625967006,Private room,False,True,2.0,False,0,1,9.0,100.0,1,4.209479612471107,0.1225825151124144,199.79958140101087,9.715269154899124,466.594731026573,21.52510290722912,2.37533,48.89138,Quartier de la Villette
163,339.50041942399105,Entire home/apt,False,False,2.0,False,0,1,10.0,94.0,0,0.8832532927946304,0.1847929888128445,459.5620464009273,22.346237879248427,1114.3373390653271,51.406979765879534,2.357,48.864,Paris 3e Arrondissement
2812,193.8670891975021,Entire home/apt,False,False,2.0,False,0,0,9.0,92.0,1,6.99673355110811,0.1549069051338317,190.4594045847884,9.261102378934645,360.46128917177833,16.628919761747422,2.259,48.845,Quartier d'Auteuil
234,460.90036350079225,Private room,False,True,2.0,True,0,1,10.0,100.0,1,2.422492509809315,0.2594138696596882,591.2706635039883,28.750578950452063,1200.9541865626852,55.40281690655702,2.3280000000000003,48.871,Paris 9e Arrondissement
3038,224.8578618696989,Private room,False,True,3.0,False,1,0,9.0,92.0,1,4.789668982048167,0.2801821055973391,255.35732528208945,12.416768485672485,558.5741739751646,25.76832908010524,2.31829,48.89317,Paris 17e Arrondissement
990,797.3716096560723,Entire home/apt,False,False,4.0,True,0,1,10.0,97.0,1,3.364217712103403,0.2461657485423169,543.6190603170452,26.433516285068222,967.185960947973,44.61854357855309,2.30693,48.85793,Paris 7e Arrondissement
2927,585.7955075030292,Entire home/apt,False,False,4.0,False,1,0,10.0,90.0,1,5.5043973643356505,0.3426039054308868,321.9029741782637,15.65255549573715,546.7075214654118,25.220892730203097,2.27771,48.8563,Paris 16e Arrondissement
160,339.50041942399105,Entire home/apt,False,False,2.0,False,0,1,9.0,85.0,0,0.883252441716496,0.1848017348781371,459.5612096942036,22.346197194323228,1114.3368107800427,51.40695539484754,2.357,48.864,Paris 3e Arrondissement
1653,952.7914996737812,Entire home/apt,False,False,5.0,False,0,1,10.0,100.0,1,2.2235730460230454,0.2007428198626073,434.7592192792651,21.14019860929748,1182.1565307934604,54.53563721518543,2.34249,48.87539,Paris 9e Arrondissement
1199,667.5831857582253,Entire home/apt,False,False,4.0,False,0,0,10.0,97.0,2,1.8615046391243857,0.1863596557696293,614.8697099935216,29.898084299748223,1038.0282461132902,47.88666337710239,2.32787,48.85326,Paris 7e Arrondissement
647,231.61524839220803,Private room,False,True,2.0,False,0,1,10.0,92.0,1,2.178979915488608,0.1124913991522669,318.5553796212581,15.489778467303294,743.0979164959924,34.280839578989685,2.351,48.837,Paris 5e Arrondissement
3099,417.5598844253892,Entire home/apt,False,False,2.0,False,0,0,10.0,100.0,1,5.570161370883974,0.3647708967509958,306.5080876112571,14.903978018452936,548.9268727645991,25.323276580524755,2.281,48.873000000000005,Paris 16e Arrondissement
3153,176.15807624196106,Entire home/apt,False,False,2.0,False,0,0,10.0,92.0,1,4.147265734496951,0.2515828690778733,302.3749495257249,14.703003878898976,677.6321075005228,31.260749162554536,2.32756,48.88997,Paris 18e Arrondissement
156,339.50041942399105,Entire home/apt,False,False,2.0,False,0,1,9.0,83.0,0,0.8832510281775344,0.1848187563040043,459.559515571686,22.346114817492783,1114.3356774046829,51.40690310959948,2.357,48.864,Paris 3e Arrondissement
1479,216.2363687202908,Private room,False,True,2.0,True,0,1,10.0,100.0,1,2.879953699799075,0.2154608969627722,416.5205370848672,20.25334136311736,1081.9972578573424,49.91505641196928,2.336,48.88,Paris 9e Arrondissement
3167,432.705750768944,Entire home/apt,False,False,2.0,False,0,0,10.0,90.0,1,5.044503722785468,0.3299394148351739,328.5361988741532,15.975096528273886,567.6279140681214,26.185999221316287,2.28487,48.8493,Quartier de Grenelle
21,287.07242054245506,Private room,False,True,2.0,False,1,0,10.0,94.0,1,2.261277593049277,0.111836209516521,421.3494471904058,20.488147467670505,1123.713538863152,51.83952572515961,2.34349,48.87597,Paris 9e Arrondissement
508,391.4623916488024,Entire home/apt,False,False,4.0,False,0,0,10.0,100.0,1,0.31364137248911,0.1367661215178193,729.7364429968221,35.48348753355776,1277.7037376785067,58.94345265745154,2.34893,48.85784,Paris 4e Arrondissement
601,480.70649641159474,Entire home/apt,False,False,4.0,False,0,0,9.0,88.0,1,1.1627656122733554,0.153270814107461,446.0751584606211,21.690436973744752,1072.6662142777118,49.48459361432583,2.35548,48.86687,Paris 3e Arrondissement
2598,183.1484760928325,Private room,False,True,2.0,False,0,0,10.0,95.0,0,6.523640109606216,0.4541345209389354,201.13167071177807,9.780042094370367,387.8251527386509,17.891278592762095,2.26703,48.84096,Quartier d'Auteuil
2864,600.7083605182216,Entire home/apt,False,False,3.0,False,1,0,8.0,84.0,1,4.4772678712541865,0.2936997823537092,307.8866489578723,14.971010664042051,656.6437923438423,30.292509245650766,2.30928,48.88485,Paris 17e Arrondissement
2588,174.52698294342437,Entire home/apt,False,False,2.0,False,0,0,9.0,78.0,1,3.3622047596371125,0.3772352948503353,292.80113799259846,14.237476597858686,672.6608933476414,31.03141546223774,2.32356,48.83325,Paris
143,529.4062820393327,Entire home/apt,False,False,4.0,False,0,1,8.0,100.0,1,0.8832601532626411,0.1847989867187197,459.5594472142771,22.34611149360881,1114.3336566211908,51.40680988614512,2.357,48.864,Paris 3e Arrondissement
1999,168.70164973436482,Entire home/apt,False,False,2.0,False,0,0,10.0,100.0,0,2.741646705567736,0.1126676701653486,221.3868807838153,10.764953155039231,600.51460557518,27.70313898286113,2.38756,48.8476,Paris 12e Arrondissement
3499,322.4904464535372,Entire home/apt,False,False,5.0,False,0,0,10.0,96.0,3,4.386332847128015,0.408023040027179,176.99474528521017,8.606382342700591,419.4672017464509,19.35100009366711,2.3933,48.88557,Paris 19e Arrondissement
2280,260.74191443750584,Entire home/apt,False,False,2.0,False,0,0,9.0,100.0,1,3.264771345243372,0.2151556729844187,197.45581381686827,9.601303285917789,503.1941937479367,23.21352146200655,2.39203,48.84277,Paris 12e Arrondissement
648,166.37151645074098,Private room,False,True,2.0,False,0,1,9.0,84.0,1,2.178949817096206,0.1125091788419698,318.5587751449721,15.489943574890466,743.1073499875021,34.28127476794922,2.351,48.837,Paris 5e Arrondissement
2204,515.6584956659522,Entire home/apt,False,False,4.0,False,0,1,9.0,89.0,1,3.1656706056086192,0.1540732072996566,201.0443378959374,9.77579552985808,540.4307259254301,24.931329516258344,2.39456,48.84953,Paris 11e Arrondissement
716,339.50041942399105,Entire home/apt,False,False,2.0,False,0,1,10.0,100.0,0,0.8832652151924608,0.1847963495617585,459.55839210258506,22.346060188726167,1114.3316727037804,51.406718363409055,2.357,48.864,Paris 3e Arrondissement
124,324.35455308043623,Private room,False,True,2.0,False,0,1,9.0,92.0,1,1.1898166246119009,0.1855240943569785,731.3976797195545,35.56426528983822,1588.225697607479,73.26855471704799,2.337,48.854,Quartier de Saint-Germain-des-Prés
2286,219.4985553173641,Entire home/apt,False,False,2.0,False,0,0,8.0,93.0,0,1.6139061571935571,0.1366870730703521,319.1579630386784,15.51907912973445,928.5697224854374,42.837086456293314,2.3709,48.86477,Paris 11e Arrondissement
1514,207.84788889924505,Entire home/apt,False,False,2.0,False,0,0,9.0,81.0,1,2.5647205210979287,0.2596717927726432,257.28198014974447,12.510354968379,663.3411400412573,30.60147351122483,2.37551,48.87408,Paris 19e Arrondissement
135,529.4062820393327,Entire home/apt,False,False,5.0,False,0,1,9.0,80.0,1,0.8832443062899539,0.1848090374417433,459.56253129814127,22.34626145741067,1114.33968200377,51.40708785109296,2.357,48.864,Paris 3e Arrondissement
2188,192.4690092273278,Private room,False,True,2.0,True,0,0,10.0,97.0,1,4.242262813198056,0.0965118410002307,196.13552749927,9.537104267846509,468.8414646960721,21.628749970141094,2.37775,48.89098,Quartier de la Villette
1270,235.11044831764377,Private room,False,True,2.0,True,1,0,10.0,99.0,1,2.549527406114537,0.0820882291945066,380.4423386308686,18.49903634332372,824.9186987335289,38.05542304618417,2.32955,48.839490000000005,Paris
164,339.50041942399105,Entire home/apt,False,False,2.0,False,0,1,9.0,90.0,0,0.8832564381459221,0.1847954926683755,459.56088475215967,22.346181393992744,1114.335676482717,51.406903067067056,2.357,48.864,Paris 3e Arrondissement
163,339.50041942399105,Entire home/apt,False,False,2.0,False,0,1,10.0,94.0,0,0.8832532927946304,0.1847929888128445,459.5620464009273,22.346237879248427,1114.3373390653271,51.406979765879534,2.357,48.864,Paris 3e Arrondissement
2725,219.96458197408893,Entire home/apt,False,False,2.0,False,0,0,9.0,90.0,0,3.5934880216506992,0.7078097537288403,236.74062073988765,11.511529875378736,507.5628774304733,23.41505902679825,2.3383,48.82568,Quartier du Parc-de-Montsouris
122,353.2482057973716,Entire home/apt,False,False,2.0,False,0,1,8.0,93.0,0,3.691717956891887,0.1401904730719242,515.9475727538548,25.0879881928283,958.8960486629958,44.23611059515133,2.30809,48.87189,Paris 8e Arrondissement
1411,433.4047907540311,Entire home/apt,False,False,4.0,False,0,1,8.0,72.0,1,2.5928969327534164,0.3484159261645118,398.9733852887463,19.4001098327718,1059.5774627570709,48.88077898746734,2.3433900000000003,48.87906,Paris 9e Arrondissement
3317,171.264796346351,Private room,False,True,2.0,False,1,0,9.0,77.0,1,3.263796409760656,0.5437323427371362,207.3759844848952,10.08367230504492,510.7261769125308,23.560989407811903,2.3918,48.87064,Quartier de Belleville
974,324.35455308043623,Private room,False,True,2.0,False,0,1,9.0,89.0,1,1.1898090145683622,0.1855344098515267,731.399620176081,35.56435964467774,1588.2653674500484,73.27038477938439,2.337,48.854,Quartier de Saint-Germain-des-Prés
2968,159.6141299282319,Private room,False,True,2.0,False,0,0,9.0,82.0,1,4.170686180295791,0.3823797647263756,319.89602698564966,15.5549675427535,751.6255585380989,34.67423959040538,2.3151200000000003,48.8847,Quartier des Batignolles
132,357.4424457078945,Entire home/apt,False,False,2.0,False,0,1,10.0,70.0,0,0.8832741272747135,0.1847850574999443,459.55734652132935,22.34600934726168,1114.3288726533287,51.4065891905528,2.357,48.864,Paris 3e Arrondissement
1647,741.681424177463,Entire home/apt,False,False,6.0,False,0,1,9.0,94.0,2,1.90115487241294,0.3404086089875044,317.0408480763018,15.416134260945809,866.1589668846916,39.95793277646431,2.36641,48.8711,Paris 10e Arrondissement
1718,249.5572746761115,Private room,False,True,2.0,False,0,1,10.0,85.0,1,3.250567651981319,0.3019233782905762,386.55289205070176,18.79616244710628,932.4584751562008,43.01648368445056,2.32989,48.88162,Paris 9e Arrondissement
2954,530.1053220244198,Entire home/apt,False,False,4.0,False,0,1,10.0,97.0,1,3.345158375286928,0.0793972334651278,398.666143384769,19.38517017287926,1020.3887754524912,47.072913465337685,2.334,48.88399999999999,Paris 18e Arrondissement
1195,324.35455308043623,Entire home/apt,False,False,2.0,True,0,0,10.0,100.0,0,3.952639626607471,0.1705368116491248,368.4359119167862,17.915222972455005,687.3964499250822,31.71120104624307,2.3008,48.84713,Paris 15e Arrondissement
2362,257.0137011837077,Entire home/apt,False,False,2.0,False,0,0,10.0,100.0,0,2.993431481085564,0.192758324981385,209.4279732265817,10.183450406623097,556.815316251025,25.68718887213936,2.39284,48.85156,Paris 11e Arrondissement
2360,152.15770342063567,Private room,False,True,2.0,False,1,0,8.0,80.0,1,4.321055032038707,0.2008304411897125,163.46686744212707,7.9485883001977395,397.1143784973934,18.319812236820816,2.40381,48.8372,Paris 12e Arrondissement
1059,279.8490073632212,Private room,False,True,2.0,False,1,0,9.0,87.0,1,4.541276368633863,0.1886282619674878,354.50015882047603,17.237595966144433,712.105323605604,32.8510790031261,2.30174,48.87973,Paris 17e Arrondissement
3512,206.6828222574332,Entire home/apt,False,False,2.0,False,0,0,9.0,91.0,1,3.102317052882709,0.4132625997642262,215.44208401780224,10.475886980585786,521.9873277155161,24.080492552124696,2.39277,48.865590000000005,Paris 20e Arrondissement
2190,169.16767639108957,Entire home/apt,False,False,2.0,False,0,1,10.0,80.0,1,2.652394941615811,0.3003162415763952,228.73794368589105,11.122399122480578,604.9130873360045,27.90605120248481,2.3888,48.85476,Paris 11e Arrondissement
852,764.9827570137012,Entire home/apt,False,False,6.0,False,1,0,9.0,93.0,2,2.162960171114412,0.4738593798662939,340.2528859812271,16.544821289711166,813.0716770185726,37.508892310619366,2.3460400000000003,48.83762,Paris 5e Arrondissement
1630,347.1898592599497,Private room,False,True,2.0,False,0,0,10.0,100.0,1,2.411488230140841,0.1732969099725012,405.726848919202,19.72849749223348,1054.1951909786214,48.6324822404147,2.34374,48.87743,Paris 9e Arrondissement
1701,264.23711436294155,Entire home/apt,False,False,4.0,False,0,0,10.0,100.0,1,2.5791754106794973,0.1628776019181533,334.39305306614085,16.259886488679037,856.5389916685348,39.514140888722274,2.35671,48.87962,Paris 10e Arrondissement
717,339.50041942399105,Entire home/apt,False,False,2.0,False,0,1,7.0,70.0,0,0.883243176637164,0.1848157963145404,459.5620131787948,22.346236263819826,1114.3394862864852,51.40707882219825,2.357,48.864,Paris 3e Arrondissement
765,570.6496411594743,Private room,False,True,2.0,False,0,1,10.0,80.0,1,2.410223777973463,0.2355166639370085,254.78217303576247,12.388801665927769,607.9541542423557,28.046342709769856,2.372,48.839,Paris 13e Arrondissement
3555,223.92580855624945,Entire home/apt,False,False,2.0,False,1,0,9.0,89.0,1,4.205204937656776,0.2530289458143351,172.65891932083986,8.395552490319107,406.5859349394757,18.75675722044481,2.401,48.877,Paris 19e Arrondissement
3152,188.04175598844253,Entire home/apt,False,False,3.0,False,0,0,9.0,90.0,1,4.866140001151163,0.3828102945975573,243.92955196186952,11.86109217810165,526.5787700806185,24.29230649435246,2.32353,48.89587,Paris 17e Arrondissement
527,327.84975300587195,Entire home/apt,False,False,2.0,False,0,1,10.0,100.0,1,0.5143081285102612,0.0702578211470466,567.6871990050081,27.6038312765781,1342.9312260304714,61.95254878690648,2.35429,48.86108,Paris 3e Arrondissement
3400,247.69316804921243,Private room,False,True,2.0,False,0,0,9.0,94.0,1,2.826476645492352,0.3700314399753791,242.65721721451604,11.799224808615724,606.5172797561746,27.98005633934349,2.37973,48.87472,Paris 19e Arrondissement
3426,200.6244757200112,Entire home/apt,False,False,2.0,False,1,0,9.0,95.0,1,3.0517733925315205,0.2602876462223183,237.2108270093179,11.53439368937576,579.4116564874284,26.72961073542363,2.37726,48.87875,Paris 19e Arrondissement
1320,660.8257992357163,Entire home/apt,False,False,4.0,False,1,0,10.0,98.0,3,3.8556280969335592,0.1768208041669391,350.65792686292974,17.050767158189142,792.6203019877315,36.565422693710815,2.317,48.882,Quartier des Batignolles
2126,237.2075682729052,Entire home/apt,False,False,4.0,False,0,0,10.0,100.0,2,3.542033763496224,0.1884060324079241,188.8856951291428,9.184580642372438,478.4904019025471,22.07387794202755,2.39212,48.83813,Paris 12e Arrondissement
238,548.9794016217728,Private room,False,True,2.0,True,0,1,10.0,100.0,1,2.422507907176543,0.2594016134348894,591.2668560174632,28.750393811143283,1200.9609610955667,55.40312943155511,2.3280000000000003,48.871,Paris 9e Arrondissement
2952,530.1053220244198,Entire home/apt,False,False,4.0,False,0,1,10.0,97.0,1,3.345183355298116,0.0794082656768539,398.6634269585937,19.38503808645921,1020.3856904298636,47.07277114605049,2.334,48.88399999999999,Paris 18e Arrondissement
1037,345.0927393046882,Private room,False,True,2.0,False,0,0,9.0,85.0,0,1.1949602818385656,0.0655077169461613,673.5322415293076,32.75055415569876,1435.981459398036,66.24517301858569,2.338,48.852,Paris 6e Arrondissement
568,224.3918352129742,Entire home/apt,False,False,2.0,False,0,0,8.0,89.0,0,0.6978094668860733,0.0560461705638085,846.7047376982667,41.171079357553175,1469.6712137939455,67.79935994370535,2.34456,48.85337,Paris 5e Arrondissement
300,889.6448876875758,Entire home/apt,False,False,4.0,False,0,1,8.0,80.0,2,1.7252673922067874,0.1566472694756366,763.3307559054155,37.11701343832843,1291.6495613454126,59.586806020863456,2.333,48.865,Paris 1er Arrondissement
3536,127.45829061422312,Private room,False,True,3.0,False,0,1,8.0,82.0,1,4.247317079536242,0.3993759169324987,166.88268644429314,8.114682747231925,392.8877337091345,18.12482725741608,2.408,48.868,Paris 20e Arrondissement
417,377.7146052754218,Entire home/apt,False,False,4.0,False,0,1,9.0,94.0,0,2.9538135333324336,0.057249661133927,472.6708890026737,22.983656302711303,974.4719717229248,44.954664244487255,2.32226,48.87393,Paris 8e Arrondissement
796,248.3922080342996,Entire home/apt,False,False,3.0,False,0,0,7.0,84.0,1,1.987866424695407,0.6138237717232107,434.1483863303891,21.110496812800218,828.749566523253,38.23214990980814,2.33813,48.84151,Paris 5e Arrondissement
3265,236.27551495945568,Entire home/apt,False,False,4.0,True,0,0,10.0,96.0,1,4.077446181355328,0.3088862034670496,310.5088310570952,15.098514459037386,728.6429903766056,33.614000132364055,2.32162,48.88696,Quartier des Batignolles
2804,232.0812750489328,Private room,False,True,2.0,False,0,1,7.0,83.0,1,4.736713898038286,0.1020079256982983,249.4807807399989,12.131021080563688,541.0012242277512,24.957647933182688,2.32787,48.89589,Paris 17e Arrondissement
1049,315.2670332743033,Entire home/apt,False,False,4.0,False,0,0,9.0,91.0,1,5.380376081723711,0.5752323031688117,294.5105639322346,14.320597558310547,604.7410463589918,27.89811455106504,2.28972,48.88134,Paris 17e Arrondissement
716,339.50041942399105,Entire home/apt,False,False,2.0,False,0,1,10.0,100.0,0,0.8832652151924608,0.1847963495617585,459.55839210258506,22.346060188726167,1114.3316727037804,51.406718363409055,2.357,48.864,Paris 3e Arrondissement
706,1128.9495759157423,Entire home/apt,False,False,4.0,False,0,0,9.0,91.0,2,0.7630102595914683,0.1275689501205318,800.1890266335312,38.9092495290992,1663.1041710389698,76.72287329154828,2.34466,48.85225,Paris 5e Arrondissement
2447,591.154814055364,Entire home/apt,False,False,5.0,False,0,0,7.0,80.0,3,5.1364167834105485,0.4182456573410771,368.5649780030051,17.921498820270067,562.4841718082178,25.948706397136533,2.28281,48.85431,Paris 16e Arrondissement
3525,127.45829061422312,Private room,False,True,2.0,False,0,1,9.0,79.0,1,4.247300093225308,0.3993469987937248,166.88319243516767,8.114707351074943,392.8891909856882,18.12489448498145,2.408,48.868,Paris 20e Arrondissement
1830,495.8523627551496,Entire home/apt,False,False,3.0,False,0,0,10.0,100.0,1,2.049935889070144,0.327761073234422,315.8869812644746,15.360027403427887,899.9952751149904,41.51888057168583,2.3636,48.87356,Paris 10e Arrondissement
3202,301.2862335725604,Entire home/apt,False,False,4.0,False,0,0,8.0,92.0,2,4.782859164220673,0.1022467092826282,246.41459605659145,11.981927627669284,532.8328114336838,24.58082000459853,2.3274,48.89621,Paris 17e Arrondissement
127,336.00521949855533,Private room,False,True,2.0,False,1,0,10.0,100.0,1,1.0488065765408046,0.0386980258361736,468.74612517608335,22.79281437663035,1141.2907237063134,52.650402246924045,2.353,48.86600000000001,Paris 3e Arrondissement
160,339.50041942399105,Entire home/apt,False,False,2.0,False,0,1,9.0,85.0,0,0.883252441716496,0.1848017348781371,459.5612096942036,22.346197194323228,1114.3368107800427,51.40695539484754,2.357,48.864,Paris 3e Arrondissement
1324,1251.9806132910803,Entire home/apt,False,False,4.0,False,0,0,10.0,100.0,2,2.3190546463620523,0.2646635704839916,361.07270609525966,17.557186554673557,961.6447016557356,44.36291236677617,2.35187,48.87742,Paris 10e Arrondissement
715,529.639295367695,Entire home/apt,False,False,4.0,False,0,1,8.0,90.0,1,0.8832380150207845,0.1848229599004406,459.5625426783957,22.346262010776368,1114.3410479949655,51.40715086745191,2.357,48.864,Paris 3e Arrondissement
720,339.50041942399105,Entire home/apt,False,False,2.0,False,0,1,8.0,77.0,0,0.883249920873949,0.1848146906740136,459.5603132922274,22.34615360671204,1114.3365923622853,51.40694531872712,2.357,48.864,Paris 3e Arrondissement
142,339.50041942399105,Entire home/apt,False,False,2.0,False,0,1,10.0,90.0,0,0.8832630567275269,0.1847833828027619,459.5605630964967,22.34616575346277,1114.3339843210786,51.40682500370504,2.357,48.864,Paris 3e Arrondissement
2539,486.7648429490167,Entire home/apt,False,False,2.0,False,0,1,10.0,100.0,0,4.908765620742583,0.1378550825576357,451.6667785779571,21.962329908008897,608.5772798571817,28.07508894733185,2.28583,48.85626,Paris 16e Arrondissement
1028,345.3257526330506,Entire home/apt,False,False,2.0,False,0,0,8.0,84.0,1,3.0976166105874414,0.2887832880542225,370.5009251535435,18.015634391051822,748.4820445827388,34.529221961872445,2.31667,48.84209,Paris 15e Arrondissement
3178,428.97753751514585,Entire home/apt,False,False,4.0,False,0,0,10.0,100.0,2,7.121027678566622,0.1393768921711413,181.63350911912457,8.831942570987747,349.55173716452856,16.125636689709378,2.25843,48.841440000000006,Quartier d'Auteuil
3041,228.12004846677232,Private room,False,True,2.0,False,0,1,8.0,70.0,1,3.8295530612408295,0.2083176096196267,343.7257742584435,16.713690734388997,729.638838528943,33.65994092966341,2.34526,48.89066,Quartier de Clignancourt
3351,127.45829061422312,Private room,False,True,2.0,False,1,0,10.0,93.0,1,3.891931191044428,0.3872250536832901,179.26571464755648,8.716808392860537,432.7181757146735,19.962298420288725,2.4053400000000003,48.86119,Quartier de Charonne
893,333.6750862149315,Entire home/apt,False,False,2.0,True,1,0,10.0,99.0,1,1.488831925490156,0.2444333159396379,402.6773683289759,19.58021627708305,821.8429019824262,37.913529370180704,2.3555200000000003,48.8433,Paris 5e Arrondissement
1102,361.6366856184174,Private room,False,True,2.0,False,1,0,9.0,95.0,1,2.683494941853329,0.0782530398523867,458.5172967005084,22.29543684919673,965.5414915282456,44.542680369790446,2.32287,48.84264,Paris 15e Arrondissement
3340,133.2836238232827,Private room,False,True,2.0,False,0,1,9.0,91.0,1,3.638720524468543,0.1991323602257403,190.13119450314457,9.245143139880376,462.7861666713372,21.349404953043297,2.39896,48.86847,Paris 20e Arrondissement
3073,642.6507596234504,Entire home/apt,False,False,2.0,False,0,1,10.0,100.0,0,4.235455241556894,0.1973535176833086,323.0015400540063,15.705973341222048,699.0744341700259,32.24993368916934,2.31262,48.88397,Paris 17e Arrondissement
2592,226.2559418398733,Entire home/apt,False,False,2.0,False,0,0,9.0,85.0,0,3.195734828844843,0.2583394058123993,223.71160447288645,10.877993013239768,547.349351471786,25.25050184496047,2.3603400000000003,48.82826,Paris 13e Arrondissement
2416,308.04362009506946,Entire home/apt,False,False,2.0,False,0,0,9.0,93.0,0,2.0589694047156715,0.3581938783962149,289.2199250326317,14.06333985761568,734.9958846952836,33.90707396041058,2.38,48.861,Paris 11e Arrondissement
1551,118.13775747972784,Shared room,True,False,2.0,False,0,1,9.0,77.0,1,1.7421130633785689,0.0606187817993471,349.3028767410695,16.984877747611105,971.2871342510476,44.8077402657828,2.36041,48.8714,Paris 10e Arrondissement
255,428.5115108584211,Entire home/apt,False,False,2.0,True,0,1,9.0,95.0,1,0.8175258068376818,0.0941502652530599,784.1374705781935,38.12874145025811,1489.682444393546,68.72252467171032,2.343,48.853,Paris 6e Arrondissement
3032,1850.358840525678,Entire home/apt,False,False,4.0,False,1,0,10.0,100.0,2,4.512795292866903,0.192209759796587,573.9524160863283,27.908477912132007,746.4461242098806,34.43530020789061,2.29199,48.86296,Chaillot
3318,132.81759716655793,Private room,False,True,2.0,False,0,0,9.0,95.0,1,3.615301891063562,0.0478877308860127,201.2458448706994,9.785593821139146,489.8688997698872,22.598794580038696,2.38835,48.87906,Paris 19e Arrondissement
3,211.3430888246808,Private room,False,True,2.0,False,0,0,10.0,94.0,1,3.302318644783816,0.2347397125169523,444.5552840586748,21.61653297057813,902.8563701215022,41.65086955558847,2.31714,48.87475,Paris 8e Arrondissement
846,224.3918352129742,Entire home/apt,False,False,2.0,False,0,1,8.0,80.0,0,0.4995848560399352,0.0601132444753836,562.5606593619912,27.35455291415147,1089.5279404963896,50.2624643614987,2.3580400000000004,48.85374,Paris 4e Arrondissement
2530,278.2179140646845,Private room,False,True,2.0,True,0,0,10.0,100.0,1,3.64255833901986,0.1280687564447836,253.67687188034336,12.33505631697949,566.7644569064287,26.146165929113163,2.32835,48.82803,Paris
1684,441.5602572467145,Entire home/apt,False,False,2.0,False,1,0,7.0,70.0,1,2.4717345473128094,0.026937417338375,455.0042160711246,22.124613048476025,1087.6851022576711,50.17744993657685,2.33687,48.87618,Paris 9e Arrondissement
1496,308.2766334234318,Entire home/apt,False,False,3.0,False,0,0,9.0,88.0,1,3.587481804554064,0.105027921621141,362.9088726931538,17.64647028883701,829.637254168256,38.273101010704906,2.3218,48.88156,Paris 8e Arrondissement
1304,370.7242054245503,Entire home/apt,False,False,2.0,True,1,0,10.0,100.0,1,2.9119904285733744,0.2120623046742067,416.6699500851586,20.26060658110677,1037.3237568712034,47.85416364569824,2.34011,48.8814,Paris 9e Arrondissement
2419,189.43983595861684,Entire home/apt,False,False,2.0,True,0,0,10.0,98.0,1,3.9739983873713536,0.1792063819947288,172.55843081674143,8.39066622950993,424.1033608740447,19.56487692441525,2.3998,48.83886,Paris 12e Arrondissement
1890,310.37375337869327,Private room,False,True,2.0,False,1,0,10.0,100.0,1,2.476419364821552,0.2219539728700188,265.50858961999097,12.910374451279091,609.2869150985151,28.10782607568023,2.36108,48.83498,Paris 13e Arrondissement
10,207.1488489141579,Entire home/apt,False,False,2.0,False,0,0,10.0,95.0,1,1.4252839411318254,0.2073953576464992,374.3678824491595,18.20366547036629,1018.1555138423796,46.96988789993824,2.36075,48.86825,Paris 10e Arrondissement
487,762.1865970733526,Entire home/apt,False,False,4.0,False,1,0,10.0,100.0,0,1.855103742277319,0.1658478532218089,560.7300674435883,27.265540249183108,1636.988422621278,75.51809292261157,2.34225,48.87175,Paris 9e Arrondissement
1739,219.96458197408893,Private room,False,True,2.0,False,1,0,10.0,100.0,1,2.822008981064296,0.2891051225956861,304.3433251604832,14.798716287080854,738.8939627587285,34.08690139067637,2.3585700000000003,48.88166,Paris 10e Arrondissement
2187,230.21716842203367,Private room,False,True,2.0,False,0,0,10.0,100.0,1,4.122248818113375,0.2490136066429731,166.9471110327723,8.117815397525183,405.4832633956612,18.70588841101514,2.4042,48.84167,Paris 12e Arrondissement
3474,206.6828222574332,Entire home/apt,False,False,2.0,False,0,0,10.0,100.0,0,4.361494478937904,0.2066837005491484,183.8632988358908,8.94036625789093,447.0613849027845,20.623984104382792,2.38852,48.88791,Paris 19e Arrondissement
1420,264.0041010345792,Private room,False,True,2.0,False,0,1,9.0,97.0,1,1.95260102863912,0.1361068080352168,357.53388387391965,17.385111067174652,953.2198841168072,43.97425588944931,2.356,48.874,Paris 10e Arrondissement
1046,457.6381769037189,Private room,False,True,2.0,False,0,1,10.0,100.0,1,1.2462763445919367,0.1235998313153891,654.0420504981406,31.80284220144724,1258.4007578042283,58.05296118684309,2.338,48.851000000000006,Paris 6e Arrondissement
528,254.2175412433592,Entire home/apt,False,False,2.0,False,0,0,10.0,100.0,1,1.1357717781220733,0.004750441048422,678.5540590371587,32.99474039669812,1471.3907873105154,67.87868787957656,2.33895,48.85193,Paris 6e Arrondissement
2023,307.1115667816199,Entire home/apt,False,False,2.0,False,0,1,10.0,94.0,1,3.0461889323302938,0.0702412184574968,206.59081239532983,10.045493255171278,531.9117603511831,24.53832977053604,2.39023,48.84478,Paris 12e Arrondissement
632,459.9683101873428,Entire home/apt,False,False,2.0,False,0,0,9.0,95.0,0,0.2330181934217845,0.3103901763738144,607.214629237792,29.525855442095445,1297.3943239062526,59.85182531293221,2.35562,48.85746,Paris 4e Arrondissement
163,339.50041942399105,Entire home/apt,False,False,2.0,False,0,1,10.0,94.0,0,0.8832532927946304,0.1847929888128445,459.5620464009273,22.346237879248427,1114.3373390653271,51.406979765879534,2.357,48.864,Paris 3e Arrondissement
3069,642.6507596234504,Entire home/apt,False,False,2.0,False,0,1,10.0,90.0,0,4.269568817138992,0.1790309015460241,321.6268295689439,15.639127944055586,690.2534408838422,31.84300070085347,2.312,48.88399999999999,Paris 17e Arrondissement
1280,234.64442166091905,Entire home/apt,False,False,2.0,True,0,0,10.0,96.0,0,4.453182999137512,0.0489487129577901,345.3722787450892,16.793752134619893,633.1019881515481,29.20647092553071,2.29379,48.84703,Quartier de Grenelle
155,357.4424457078945,Entire home/apt,False,False,2.0,False,0,1,9.0,80.0,0,0.8832305743347776,0.1848218228539546,459.56470604793566,22.34636720477735,1114.3444837656205,51.40730936756345,2.357,48.864,Paris 3e Arrondissement
3210,289.8685804828036,Entire home/apt,False,False,4.0,False,0,0,10.0,95.0,1,4.516679692078103,0.0098126854772625,275.31979130924253,13.387444845900037,634.7152815969328,29.28089591390351,2.31981,48.8909,Paris 17e Arrondissement
1782,324.5875664087986,Entire home/apt,False,False,4.0,False,0,0,10.0,100.0,1,1.5812185144735085,0.2450718001490616,380.4465259825925,18.49923995360537,1014.3652364142298,46.79503356433875,2.35701,48.87051,Paris 10e Arrondissement
241,1121.2601360797837,Private room,False,True,4.0,True,0,1,10.0,100.0,2,2.422491386663256,0.2594270551372274,591.2682576839851,28.7504619672797,1200.883608826573,55.39956099102314,2.3280000000000003,48.871,Paris 9e Arrondissement
11,345.0927393046882,Entire home/apt,False,False,2.0,False,0,1,9.0,94.0,0,1.7710303604787752,0.2106695015906832,623.1990891216973,30.303100964728163,1358.6482035053089,62.67760960530053,2.33543,48.86767,Paris 2e Arrondissement
1813,382.3748718426694,Entire home/apt,False,False,2.0,True,0,1,10.0,98.0,1,2.951431525091033,0.1407306607202073,418.2269582474101,20.33631621606485,1049.6842816462154,48.424383474765136,2.337,48.881,Paris 9e Arrondissement
858,359.0735390064312,Entire home/apt,False,False,4.0,False,0,0,9.0,89.0,1,0.9687235476055353,0.2216279539530828,591.8900206458809,28.78069523645378,1169.9516566527216,53.97259791281015,2.34857,48.8483,Paris 5e Arrondissement
2908,232.0812750489328,Private room,False,True,2.0,False,0,0,10.0,97.0,1,4.194575095579828,0.230238999530116,289.39158132643064,14.071686657367184,633.3057336957756,29.21587018256205,2.3421,48.893640000000005,Quartier de Clignancourt
157,339.50041942399105,Entire home/apt,False,False,2.0,False,0,1,9.0,95.0,0,0.8832427584032104,0.1848125991373836,459.56251744508575,22.34626078380484,1114.3400036164817,51.40710268783726,2.357,48.864,Paris 3e Arrondissement
253,358.8405256780688,Entire home/apt,False,False,2.0,False,0,0,9.0,92.0,1,1.372423569429529,0.1129798926386401,486.820849308891,23.67169915015916,1228.0387814933283,56.65229242420813,2.34721,48.86836,Paris 2e Arrondissement
908,579.5041476372448,Entire home/apt,False,False,4.0,False,0,0,9.0,85.0,1,3.0012008927035585,0.3035709959004345,583.4974541549551,28.372606081371497,877.7981611152375,40.49487594557922,2.31225,48.86042,Quartier des Invalides
1715,370.7242054245503,Entire home/apt,False,False,3.0,False,0,1,9.0,90.0,1,3.042875423710871,0.0418384039160904,423.2254789234481,20.579369646925507,910.0060937818984,41.98070297914575,2.34478,48.88343,Quartier de Clignancourt
163,339.50041942399105,Entire home/apt,False,False,2.0,False,0,1,10.0,94.0,0,0.8832532927946304,0.1847929888128445,459.5620464009273,22.346237879248427,1114.3373390653271,51.406979765879534,2.357,48.864,Paris 3e Arrondissement
428,520.0857489048374,Entire home/apt,False,False,4.0,False,0,0,9.0,94.0,2,0.9366453504371048,0.1950101337822062,446.2639061300352,21.69961484287671,1091.7583714473462,50.365359341991045,2.35792,48.86427,Paris 3e Arrondissement
2394,359.0735390064312,Entire home/apt,False,False,4.0,False,1,0,10.0,100.0,2,2.2514899372183748,0.2219182424248589,270.46948238868123,13.151598222412453,714.6132329464344,32.96677470874328,2.37542,48.87022,Paris 11e Arrondissement
147,530.5713486811446,Entire home/apt,False,False,4.0,False,0,1,9.0,96.0,1,0.884517418004898,0.1743042073715203,685.6986389056059,33.342146111634655,1408.254496429478,64.9660635655277,2.34388,48.86196,Quartier Les Halles
2955,530.1053220244198,Entire home/apt,False,False,4.0,False,0,1,9.0,93.0,1,3.345181908073067,0.0794156174849209,398.6650285513428,19.385115964022955,1020.3858142338536,47.07277685741722,2.334,48.88399999999999,Paris 18e Arrondissement
135,529.4062820393327,Entire home/apt,False,False,5.0,False,0,1,9.0,80.0,1,0.8832443062899539,0.1848090374417433,459.56253129814127,22.34626145741067,1114.33968200377,51.40708785109296,2.357,48.864,Paris 3e Arrondissement
1713,155.8859166744338,Entire home/apt,False,False,2.0,False,0,1,9.0,88.0,0,2.081839902736331,0.1792066235581108,293.08229887796386,14.251148066327245,781.8110565079745,36.06676699567204,2.37023,48.87132,Paris 10e Arrondissement
3190,972.1316059278593,Entire home/apt,False,False,6.0,False,0,1,10.0,100.0,3,5.380940507453369,0.3380892777926124,324.6721205359125,15.787205438470863,625.8522386125048,28.872023074959813,2.28549,48.87591,Chaillot
3367,199.4594090781993,Private room,False,True,2.0,False,0,0,8.0,80.0,1,4.270262171027202,0.3689605732779864,180.658820721278,8.784548276861418,428.36094455149424,19.76128918691897,2.392,48.88494,Paris 19e Arrondissement
3090,451.34681703793456,Entire home/apt,False,False,3.0,False,0,0,9.0,90.0,0,5.591559380631254,0.3174900413122147,314.5637310975938,15.29568426797001,530.7542225643334,24.484929853382827,2.27806,48.86665,Paris 16e Arrondissement
3223,246.5281014074005,Entire home/apt,False,False,2.0,False,0,0,9.0,93.0,0,4.296449155038856,0.1998222084559268,254.30771046853425,12.36573088914123,550.6415445328174,25.40237838731502,2.34863,48.89512,Quartier de Clignancourt
1076,426.4143909031597,Private room,False,True,2.0,False,0,1,10.0,80.0,1,1.6099576689628683,0.1666995266840863,653.3894971237142,31.771111746227888,1337.4011381507692,61.69743293843833,2.33146,48.85304,Quartier de Saint-Germain-des-Prés
691,231.61524839220803,Private room,False,True,2.0,False,0,1,10.0,92.0,1,2.1789669478048164,0.112527138509676,318.5584659286632,15.489928539224987,743.1028854394009,34.28106880793527,2.351,48.837,Paris 5e Arrondissement
1957,417.0938577686644,Entire home/apt,False,False,2.0,False,0,1,9.0,86.0,0,2.022957391709572,0.2829543526333745,271.28159139760584,13.191087081946073,802.5026248019519,37.02131728787081,2.379,48.851000000000006,Paris 11e Arrondissement
359,531.7364153229565,Entire home/apt,False,False,4.0,False,0,1,9.0,96.0,1,1.4277898584837,0.1516356756509263,483.38272638140376,23.50452017313653,1219.401518247009,56.25383533103694,2.34691,48.86882,Paris 2e Arrondissement
1410,168.70164973436482,Private room,False,True,2.0,False,1,0,10.0,100.0,1,3.855612104019365,0.1768146477275551,350.65974745414417,17.050855684569154,792.6214714244871,36.56547664255515,2.317,48.882,Quartier des Batignolles
1813,382.3748718426694,Entire home/apt,False,False,2.0,True,0,1,10.0,98.0,1,2.951431525091033,0.1407306607202073,418.2269582474101,20.33631621606485,1049.6842816462154,48.424383474765136,2.337,48.881,Paris 9e Arrondissement
716,339.50041942399105,Entire home/apt,False,False,2.0,False,0,1,10.0,100.0,0,0.8832652151924608,0.1847963495617585,459.55839210258506,22.346060188726167,1114.3316727037804,51.406718363409055,2.357,48.864,Paris 3e Arrondissement
168,413.3656445148663,Entire home/apt,False,False,2.0,False,0,1,8.0,60.0,0,0.4782601108838973,0.1227709267009504,676.8649721943661,32.91260842630728,1363.9735380152297,62.92327970339458,2.3478,48.85937,Quartier Les Halles
716,339.50041942399105,Entire home/apt,False,False,2.0,False,0,1,10.0,100.0,0,0.8832652151924608,0.1847963495617585,459.55839210258506,22.346060188726167,1114.3316727037804,51.406718363409055,2.357,48.864,Paris 3e Arrondissement
1607,175.92506291359865,Entire home/apt,False,False,2.0,False,0,0,10.0,100.0,1,3.35291426473259,0.2698385185922622,228.54031100742228,11.11278921913812,559.2428133664222,25.79917497429907,2.37482,48.88298,Quartier de la Villette
154,529.4062820393327,Entire home/apt,False,False,4.0,False,0,1,10.0,100.0,1,0.8832463051313603,0.1848095504074043,459.5619247948728,22.3462319661452,1114.3387374690792,51.407044277505285,2.357,48.864,Paris 3e Arrondissement
2868,458.1042035604437,Entire home/apt,False,False,2.0,False,0,0,10.0,100.0,1,5.192876373675636,0.3894855162018062,299.12177180109103,14.544817875795664,615.7913994804729,28.407893106810363,2.29368,48.88233,Paris 17e Arrondissement
979,366.0639388573027,Private room,False,True,4.0,False,0,1,9.0,86.0,2,1.1898152181580963,0.1855279410571007,731.3990815101238,35.564333452006444,1588.2518165928625,73.2697596467457,2.337,48.854,Quartier de Saint-Germain-des-Prés
3521,127.45829061422312,Private room,False,True,2.0,False,0,1,8.0,82.0,1,4.247324811199984,0.399361415790083,166.88239003318353,8.114668334220195,392.8869100680042,18.124789260930243,2.408,48.868,Paris 20e Arrondissement
2805,254.4505545717215,Entire home/apt,False,False,4.0,False,0,0,10.0,96.0,1,4.1926372010038175,0.2833730433662957,297.7023460083862,14.475798193547906,678.5380802338119,31.30254379720952,2.32432,48.88929,Paris 17e Arrondissement
1849,260.74191443750584,Entire home/apt,False,False,3.0,False,1,0,8.0,88.0,2,3.665015184999328,0.2619144077788125,351.95397718351944,17.11378769914588,851.7498165566972,39.29320507383161,2.32961,48.88579,Paris 18e Arrondissement
2573,382.3748718426694,Entire home/apt,False,False,4.0,False,0,0,9.0,97.0,1,3.4825295437646573,0.3109639981564803,276.5524591615687,13.447383409734684,610.4770357065155,28.16272911434692,2.32534,48.83099,Paris
3403,289.8685804828036,Private room,False,True,2.0,True,0,0,10.0,100.0,1,3.4847677671850508,0.191078134321572,189.51722544684336,9.21528884993182,487.45856083054014,22.487600024548115,2.39995,48.85305,Quartier de Charonne
753,533.3675086214931,Entire home/apt,False,False,4.0,True,0,0,9.0,94.0,1,1.089977581386249,0.1023546186434231,392.0868814535188,19.06525308369184,987.8263133282718,45.57073116123306,2.366,48.861,Paris 3e Arrondissement
1070,520.3187622331998,Entire home/apt,False,False,2.0,False,0,1,10.0,92.0,1,5.055670920602993,0.1586569769742842,380.183790627069,18.486464427863424,650.7847754241726,30.022219133600824,2.28701,48.87025,Chaillot
665,333.4420728865691,Entire home/apt,False,False,3.0,False,0,0,9.0,94.0,1,1.235494712495716,0.1739908236774781,445.5557289433304,21.665179675745964,925.3998701735112,42.69085377795849,2.35367,48.84547,Paris 5e Arrondissement
757,339.50041942399105,Entire home/apt,False,False,2.0,False,0,1,9.0,80.0,0,0.8832410045100441,0.1848106498817382,459.5632327329539,22.34629556472937,1114.3409874695517,51.40714807527343,2.357,48.864,Paris 3e Arrondissement
1363,318.76223319973906,Private room,False,True,3.0,False,0,0,10.0,92.0,2,2.814462658714805,0.2706058469212624,369.7301898364072,17.97815733028593,869.4942280831565,40.1117961524212,2.34825,48.88171,Paris 9e Arrondissement
2117,240.93578152670327,Entire home/apt,False,False,3.0,False,0,0,9.0,88.0,1,4.115568320284941,0.3071062206796621,166.3273597433036,8.087679946068956,418.9959462884773,19.329259980558337,2.40591,48.84475,Paris 12e Arrondissement
164,339.50041942399105,Entire home/apt,False,False,2.0,False,0,1,9.0,90.0,0,0.8832564381459221,0.1847954926683755,459.56088475215967,22.346181393992744,1114.335676482717,51.406903067067056,2.357,48.864,Paris 3e Arrondissement
690,166.37151645074098,Private room,False,True,2.0,False,0,1,10.0,88.0,1,2.1789542825306314,0.1125290598811606,318.5595733960147,15.48998238990538,743.1066714460169,34.281243465248345,2.351,48.837,Paris 5e Arrondissement
1855,243.0329014819648,Private room,False,True,2.0,False,1,0,9.0,100.0,1,2.552435607465773,0.3338619570191862,279.7799297132397,13.60431939968584,719.3024423837307,33.18309887397609,2.3666,48.87763,Paris 10e Arrondissement
155,357.4424457078945,Entire home/apt,False,False,2.0,False,0,1,9.0,80.0,0,0.8832305743347776,0.1848218228539546,459.56470604793566,22.34636720477735,1114.3444837656205,51.40730936756345,2.357,48.864,Paris 3e Arrondissement
157,339.50041942399105,Entire home/apt,False,False,2.0,False,0,1,9.0,95.0,0,0.8832427584032104,0.1848125991373836,459.56251744508575,22.34626078380484,1114.3400036164817,51.40710268783726,2.357,48.864,Paris 3e Arrondissement
1433,463.69652344114087,Entire home/apt,False,False,2.0,True,0,0,10.0,99.0,1,3.0242268006358657,0.2509356388614941,431.3595211955664,20.97488804309446,1021.9358308651414,47.144282738812365,2.34134,48.88271,Quartier de Clignancourt
2462,190.6049026004288,Private room,False,True,2.0,False,1,0,9.0,94.0,0,2.824184204144326,0.0953896309593609,380.01738126185074,18.47837276039518,680.9479591926397,31.4137171327262,2.3331,48.83472,Paris
1064,534.0665486065803,Entire home/apt,False,False,3.0,False,0,1,4.0,40.0,1,3.33552261069859,0.3513274555727007,553.2828927535068,26.90342083907043,903.16512475582,41.665113126796726,2.30765,48.86042,Paris 7e Arrondissement
1117,480.9395097399572,Entire home/apt,False,False,4.0,False,1,0,10.0,100.0,1,2.8880807993029234,0.0442628155378046,402.80262877470943,19.586307075353147,809.8772540996687,37.36152613289306,2.31825,48.84405,Paris 15e Arrondissement
1744,273.55764749743685,Entire home/apt,False,False,2.0,False,0,0,9.0,100.0,0,3.895332374810281,0.2014908912009865,325.3408131413875,15.819720664971973,765.1082212447155,35.29622625876074,2.32362,48.88587,Quartier des Batignolles
1477,384.70500512629326,Private room,False,True,2.0,False,0,1,10.0,94.0,1,2.1954706429376367,0.1899304626720619,443.2661760763057,21.55385000132152,1200.8218517744297,55.39671199420805,2.342,48.875,Paris 9e Arrondissement
3302,586.9605741448411,Private room,False,True,5.0,False,0,0,10.0,100.0,1,3.1272467365565184,0.1496788809411094,212.85501987612344,10.350090798826267,523.3615598563432,24.14388908509592,2.39537,48.85711,Paris 20e Arrondissement
538,637.2914530711157,Entire home/apt,False,False,2.0,True,0,0,9.0,96.0,1,0.9583285614835156,0.3642189114472287,780.3426786539072,37.94421941736515,1360.4863869322585,62.7624092929018,2.3397900000000003,48.85546,Paris 6e Arrondissement
2184,95.30245130021436,Shared room,True,False,6.0,False,0,1,8.0,92.0,1,4.306586974485051,0.0202691538787423,195.0014593747121,9.481960122934822,455.5081803143568,21.013654472220804,2.37703,48.89184,Quartier de la Villette
362,321.3253798117252,Entire home/apt,False,False,3.0,True,0,0,10.0,95.0,0,1.000660115459937,0.0330873370020442,456.6969761914482,22.20692363225356,1128.0318393735588,52.03873899674186,2.3558,48.86534,Paris 3e Arrondissement
1751,565.5233479355019,Entire home/apt,False,False,4.0,False,0,0,8.0,88.0,1,2.063064949431248,0.1479129159123569,341.60247099851904,16.6104449591827,907.18517402337,41.85056737310971,2.35799,48.8748,Paris 10e Arrondissement
613,706.7294249231056,Entire home/apt,False,False,4.0,False,0,1,10.0,94.0,1,0.6366816638757737,0.2442746760749522,584.4072631014974,28.41684560746667,1341.3191710611725,61.87818093232329,2.35,48.862,Quartier Les Halles
1380,385.8700717681052,Private room,False,True,2.0,False,0,0,10.0,99.0,1,3.3623018625584944,0.3213174463794602,413.9676654438004,20.129207794183127,855.268601601531,39.45553483274643,2.31907,48.87709,Paris 8e Arrondissement
1556,275.6547674526983,Private room,False,True,2.0,False,1,0,10.0,98.0,1,3.6661353781106456,0.1837129133307039,346.51342395760054,16.849240403447247,840.0900937907952,38.75531487551408,2.325,48.88399999999999,Quartier des Batignolles
704,907.5869139714792,Entire home/apt,False,False,5.0,False,1,0,10.0,87.0,1,0.7459603184323174,0.0854674146305025,814.484045029197,39.60434583668048,1500.5921491901984,69.22581479227978,2.34425,48.85288,Paris 5e Arrondissement
38,428.5115108584211,Private room,False,True,3.0,False,0,1,9.0,82.0,1,2.707752367447614,0.2650393721355569,562.914674501536,27.371766926020115,1015.8136070584884,46.86185027934297,2.321,48.869,Paris 8e Arrondissement
2125,312.9368999906795,Entire home/apt,False,False,2.0,False,0,1,2.0,40.0,0,1.7427211823387487,0.1339899961070995,300.8106260553405,14.626938536551704,819.8518599514646,37.82167795875397,2.37467,48.85053,Paris 12e Arrondissement
158,405.4431913505453,Entire home/apt,False,False,3.0,False,0,1,10.0,100.0,1,0.8832473744913911,0.1848043216463049,459.562272462845,22.3462488715256,1114.3388022937634,51.40704726801913,2.357,48.864,Paris 3e Arrondissement
241,1121.2601360797837,Private room,False,True,4.0,True,0,1,10.0,100.0,2,2.422491386663256,0.2594270551372274,591.2682576839851,28.7504619672797,1200.883608826573,55.39956099102314,2.3280000000000003,48.871,Paris 9e Arrondissement
3188,200.3914623916488,Private room,False,True,2.0,False,1,0,10.0,92.0,1,4.128351014098094,0.3072963889857164,306.77521249453525,14.91696698530072,681.5187352868467,31.44004836483797,2.33078,48.89076,Paris 18e Arrondissement
2921,696.0108118184361,Entire home/apt,False,False,4.0,False,0,1,9.0,93.0,0,5.032562821678932,0.1241767456665972,428.82886552944063,20.85183472755504,598.8823514591365,27.62783929454,2.28416,48.85767,Paris 16e Arrondissement
3123,357.20943237953213,Private room,False,True,2.0,False,1,0,10.0,100.0,1,5.623723827823588,0.1868558173019708,313.4741398091711,15.24270281244527,519.3932956271892,23.960823803351985,2.27712,48.86489,Paris 16e Arrondissement
1237,359.0735390064312,Entire home/apt,False,False,3.0,False,0,0,8.0,92.0,1,3.979230465918999,0.347220333114142,470.0369185965596,22.855579300437324,728.6216742435295,33.61301676944215,2.2989,48.85224,Quartier de Grenelle
939,363.9668189020412,Entire home/apt,False,False,4.0,False,0,0,9.0,94.0,1,3.595195226063211,0.1460346178582247,329.68615049533446,16.031013009362333,655.1978225263604,30.22580328638379,2.3094900000000003,48.84137,Paris 15e Arrondissement
2818,264.470127691304,Entire home/apt,False,False,2.0,False,0,0,10.0,95.0,0,3.5706010870485274,0.4050751029621593,562.7062729030683,27.36163338316068,829.7047524071328,38.27621486185081,2.34333,48.88808,Quartier de Clignancourt
238,548.9794016217728,Private room,False,True,2.0,True,0,1,10.0,100.0,1,2.422507907176543,0.2594016134348894,591.2668560174632,28.750393811143283,1200.9609610955667,55.40312943155511,2.3280000000000003,48.871,Paris 9e Arrondissement
3359,293.130767079877,Entire home/apt,False,False,2.0,False,0,1,9.0,91.0,1,2.330849843902148,0.3467779558226863,350.8425613498772,17.05974502352496,907.0005183053656,41.842048774274055,2.35391,48.87752,Paris 10e Arrondissement
3383,415.9287911268525,Private room,False,True,2.0,False,1,0,10.0,80.0,1,3.4140786670162804,0.2991431038429519,270.6078202902232,13.15832491292091,624.3199381925343,28.80133448370185,2.359,48.887,Paris 18e Arrondissement
2186,212.74116879485507,Private room,False,True,2.0,True,0,0,10.0,97.0,1,2.171983490364571,0.2338352954989913,279.77467107580185,13.604063698058546,708.7181282454063,32.69481978319292,2.38092,48.86258,Paris 11e Arrondissement
521,318.29620654301425,Private room,False,True,4.0,False,0,0,10.0,100.0,1,1.2974180714246235,0.3875298747476914,650.369214455245,31.62425028214322,1407.8074061210934,64.94543824711566,2.34076,48.86515,Quartier Les Halles
2801,765.6817969987884,Entire home/apt,False,False,2.0,True,0,0,10.0,99.0,1,4.9255314945288005,0.1146816487695223,449.3836457462804,21.851312408269457,607.0587370267293,28.005035025757103,2.2856,48.85648,Paris 16e Arrondissement
2344,148.42949016683755,Private room,False,True,2.0,False,0,0,10.0,96.0,1,3.158937549268804,0.3013686518505604,201.09822454992457,9.778415772321408,523.5761352189388,24.153787946900604,2.39303,48.84653,Paris 12e Arrondissement
1761,119.76885077826452,Shared room,True,False,2.0,False,1,0,6.0,80.0,1,3.071700614782493,0.1832957570674989,257.82807468085844,12.536908854611337,638.2651275098797,29.44465858308941,2.3667,48.88262,Paris 10e Arrondissement
3093,695.7777984900737,Entire home/apt,False,False,3.0,False,1,0,7.0,87.0,1,5.387809681741806,0.2145098904646566,260.15912042803046,12.650256123346129,535.8862657875502,24.72168297372142,2.29575,48.88715,Paris 17e Arrondissement
1834,285.208313915556,Entire home/apt,False,False,4.0,False,0,0,9.0,90.0,1,3.1930375496952013,0.2212955793993841,447.554824484089,21.762385841587967,856.8136286733862,39.52681053413073,2.34578,48.88492,Quartier de Clignancourt
567,345.0927393046882,Entire home/apt,False,False,2.0,False,0,1,9.0,92.0,0,1.8332787766191136,0.1180977968406763,597.5680975036008,29.0567921359975,1345.5513741304517,62.07342232819181,2.33567,48.86861,Paris 2e Arrondissement
1560,219.4985553173641,Private room,False,True,2.0,True,1,0,10.0,98.0,1,3.4259381656117096,0.2361407120746365,421.5689183486859,20.49881926867968,1100.949295084627,50.7893580799744,2.33528,48.88515,Paris 18e Arrondissement
727,339.50041942399105,Entire home/apt,False,False,2.0,False,0,1,10.0,100.0,0,0.8832681221836163,0.1847937072548945,459.5579239113096,22.3460374228914,1114.3306507270995,51.40667121724181,2.357,48.864,Paris 3e Arrondissement
14,382.1418585143071,Private room,False,True,2.0,False,1,0,10.0,90.0,1,1.5507103326617762,0.1877025140125134,475.0846360782351,23.101024929544725,1205.1387353890032,55.59585990108173,2.34653,48.8699,Paris 2e Arrondissement
3543,127.45829061422312,Private room,False,True,2.0,False,0,1,8.0,79.0,1,4.247310058939061,0.3993570707003908,166.88287910140642,8.114692115198048,392.8882960544996,18.124853199718995,2.408,48.868,Paris 20e Arrondissement
2261,422.91919097772393,Entire home/apt,False,False,4.0,False,0,0,10.0,100.0,1,2.471566981769888,0.3750560578089226,239.2081901540624,11.631515617335769,642.2069634599538,29.626504666696235,2.38186,48.84538,Paris 12e Arrondissement
161,339.50041942399105,Entire home/apt,False,False,2.0,False,0,1,10.0,100.0,0,0.8832549545799299,0.1847986059889844,459.560908145242,22.34618253148307,1114.33601481457,51.40691867510433,2.357,48.864,Paris 3e Arrondissement
237,569.9506011743872,Private room,False,True,2.0,True,0,1,10.0,100.0,1,2.4224900733208603,0.2594088116652906,591.2727941755295,28.750682554510483,1200.9930833258627,55.40461130493848,2.3280000000000003,48.871,Paris 9e Arrondissement
255,428.5115108584211,Entire home/apt,False,False,2.0,True,0,1,9.0,95.0,1,0.8175258068376818,0.0941502652530599,784.1374705781935,38.12874145025811,1489.682444393546,68.72252467171032,2.343,48.853,Paris 6e Arrondissement
591,256.08164787025817,Private room,False,True,2.0,True,1,0,10.0,99.0,1,2.065589187860277,0.2728167914147824,456.2483164416712,22.18510751933936,1338.6413170327685,61.75464528200612,2.343,48.874,Paris 9e Arrondissement
717,339.50041942399105,Entire home/apt,False,False,2.0,False,0,1,7.0,70.0,0,0.883243176637164,0.1848157963145404,459.5620131787948,22.346236263819826,1114.3394862864852,51.40707882219825,2.357,48.864,Paris 3e Arrondissement
1123,447.6186037841365,Private room,False,True,2.0,True,0,1,10.0,100.0,1,4.864002343666924,0.1594640598817765,301.219168619224,14.646803948388545,626.1504810824143,28.885781695512563,2.30087,48.88383,Paris 17e Arrondissement
157,339.50041942399105,Entire home/apt,False,False,2.0,False,0,1,9.0,95.0,0,0.8832427584032104,0.1848125991373836,459.56251744508575,22.34626078380484,1114.3400036164817,51.40710268783726,2.357,48.864,Paris 3e Arrondissement
1209,234.17839500419424,Entire home/apt,False,False,2.0,False,1,0,10.0,90.0,0,5.310442345870923,0.3346799778916277,349.43303435703785,16.9912066711395,610.3645936300929,28.15754189917889,2.28221,48.867340000000006,Paris 16e Arrondissement
2994,312.9368999906795,Entire home/apt,False,False,2.0,False,0,0,9.0,94.0,0,3.3117395098147884,0.1641370122137911,564.4315386592849,27.44552455584404,1037.7335764553532,47.87306957869669,2.34082,48.8853,Quartier de Clignancourt
1870,546.8822816665113,Entire home/apt,False,False,6.0,False,0,1,8.0,80.0,2,1.9832526357117533,0.2767486564374448,419.8380729554327,20.414656785740227,1149.301388323032,53.019952884263645,2.347,48.874,Paris 9e Arrondissement
3519,254.91658122844623,Entire home/apt,False,False,3.0,False,0,0,9.0,86.0,2,4.391958759996301,0.197090382032995,166.2626582312664,8.08453383034758,390.0624437191164,17.994490042411304,2.404,48.877,Paris 20e Arrondissement
1760,203.1876223319974,Entire home/apt,False,False,2.0,False,0,0,4.0,60.0,0,2.618829348652369,0.1206300749119406,261.9870098725772,12.739137380326982,667.5394346203894,30.795150629378004,2.37211,48.87636,Paris 19e Arrondissement
1323,617.4853201603132,Entire home/apt,False,False,4.0,True,0,0,10.0,98.0,1,2.237043445792681,0.2400983123218053,274.4688781923481,13.34606913379846,721.4755176888817,33.283347904790524,2.374,48.871,Paris 10e Arrondissement
3299,157.28399664460807,Private room,False,True,2.0,False,0,0,10.0,100.0,1,4.138687046682338,0.1852872267010821,174.70496956217391,8.495041831886397,412.4392444747428,19.026784037544285,2.40035,48.87656,Paris 19e Arrondissement
1787,582.9993475626806,Private room,False,True,4.0,False,1,0,10.0,100.0,1,3.302712329533327,0.1587930931862876,382.8927576333545,18.618188145266927,918.2929286242128,42.36299399294177,2.3273900000000003,48.88112,Paris 9e Arrondissement
742,623.5436666977351,Entire home/apt,False,False,4.0,False,1,0,10.0,100.0,0,0.3656658525097071,0.2582807152804925,722.7927139962894,35.14584820665919,1217.347512720957,56.15907926676888,2.35398,48.85338,Paris 4e Arrondissement
650,166.37151645074098,Private room,False,True,2.0,False,0,1,9.0,86.0,1,2.178976974335204,0.1124999968096987,318.5561080395824,15.48981388669721,743.0990586509681,34.28089226926189,2.351,48.837,Paris 5e Arrondissement
1615,296.15994034858795,Entire home/apt,False,False,3.0,False,0,0,9.0,91.0,0,2.566327948258859,0.2128465304984163,326.4648895726708,15.87437896307259,845.5801786779443,39.00858529266025,2.35737,48.87945,Paris 10e Arrondissement
171,339.50041942399105,Entire home/apt,False,False,2.0,False,0,1,8.0,73.0,0,0.8832579334944693,0.1848025408168789,459.5596170918517,22.346119753918213,1114.3342777158557,51.40683853869022,2.357,48.864,Paris 3e Arrondissement
915,336.00521949855533,Private room,False,True,2.0,False,0,0,10.0,96.0,1,3.910820869062507,0.4353496313758547,433.64412974248745,21.08597729959482,812.2108778641292,37.469181638488365,2.30791,48.87561,Paris 8e Arrondissement
690,166.37151645074098,Private room,False,True,2.0,False,0,1,10.0,88.0,1,2.1789542825306314,0.1125290598811606,318.5595733960147,15.48998238990538,743.1066714460169,34.281243465248345,2.351,48.837,Paris 5e Arrondissement
229,497.9494827104111,Entire home/apt,False,False,4.0,False,0,0,9.0,93.0,1,0.5650971154804806,0.2413962371646123,649.3665558889859,31.57549593654666,1364.6742522756372,62.95560528609169,2.34781,48.86047,Quartier Les Halles
120,364.8988722154907,Entire home/apt,False,False,2.0,False,0,1,9.0,82.0,0,3.566319260248217,0.1484119483374909,2056.552198559088,100.0,1003.3989942373244,46.28913524258929,2.30837,48.86968,Paris 8e Arrondissement
2611,243.2659148103272,Private room,False,True,2.0,False,0,0,9.0,90.0,3,4.039984579575211,0.4275497014782098,236.61138604455203,11.505245828933129,513.2590577729658,23.677837107854856,2.3214,48.82669,Paris
2120,336.00521949855533,Entire home/apt,False,False,3.0,False,0,0,8.0,88.0,2,1.9610121923707289,0.2026540949697125,292.8397966179258,14.239356376322585,818.661236330753,37.76675171493804,2.37252,48.86844,Paris 11e Arrondissement
1027,388.200205051729,Entire home/apt,False,False,2.0,True,0,0,10.0,98.0,1,2.2388263738710057,0.0552141183890431,447.1214074218519,21.741310905462303,987.9728647566984,45.57749192034225,2.32896,48.84395,Paris 6e Arrondissement
154,529.4062820393327,Entire home/apt,False,False,4.0,False,0,1,10.0,100.0,1,0.8832463051313603,0.1848095504074043,459.5619247948728,22.3462319661452,1114.3387374690792,51.407044277505285,2.357,48.864,Paris 3e Arrondissement
353,255.8486345418958,Private room,False,True,2.0,False,0,0,6.0,75.0,1,0.8992850348323537,0.3785411789111322,442.0277855851532,21.49363317375837,1122.9050579086534,51.80222861358308,2.36232,48.86162,Paris 3e Arrondissement
2026,200.3914623916488,Private room,False,True,2.0,False,0,0,10.0,97.0,1,3.982087274075114,0.256652710650647,170.29976742260072,8.280838557947632,425.0361224303638,19.60790738994045,2.40468,48.84615,Paris 12e Arrondissement
3529,127.45829061422312,Private room,False,True,2.0,False,0,1,8.0,78.0,1,4.247306098367855,0.3993618272734034,166.8830245553799,8.114699187908071,392.8887024838479,18.124871949252512,2.408,48.868,Paris 20e Arrondissement
674,469.2888433218381,Entire home/apt,False,False,4.0,False,0,1,10.0,88.0,1,0.5745086802376809,0.160914786500407,542.0658479065055,26.35799121881277,1198.5055108413646,55.289853785923626,2.35548,48.86141,Paris 3e Arrondissement
1994,225.5569018547861,Entire home/apt,False,False,2.0,True,0,0,10.0,94.0,1,3.091774202072288,0.2652789481978105,207.6977408613831,10.09931773221732,520.6606789087267,24.01929114930331,2.38674,48.84013,Quartier de Bercy
142,339.50041942399105,Entire home/apt,False,False,2.0,False,0,1,10.0,90.0,0,0.8832630567275269,0.1847833828027619,459.5605630964967,22.34616575346277,1114.3339843210786,51.40682500370504,2.357,48.864,Paris 3e Arrondissement
2376,134.4486904650946,Private room,False,True,2.0,False,1,0,8.0,90.0,1,4.861549184051111,0.1529026597262199,177.54849292688985,8.633308361989947,467.9542947559781,21.58782275217893,2.38309,48.89545,Paris 19e Arrondissement
101,382.1418585143071,Entire home/apt,False,False,2.0,False,0,1,9.0,76.0,0,1.2339922691557317,0.0714122843513866,510.2557129408973,24.81122109608524,1290.816819365543,59.54838969161683,2.347,48.867,Paris 2e Arrondissement
132,357.4424457078945,Entire home/apt,False,False,2.0,False,0,1,10.0,70.0,0,0.8832741272747135,0.1847850574999443,459.55734652132935,22.34600934726168,1114.3288726533287,51.4065891905528,2.357,48.864,Paris 3e Arrondissement
1347,452.0458570230217,Entire home/apt,False,False,5.0,False,0,0,10.0,96.0,2,2.5236099777491603,0.2807259260234803,387.8973916376183,18.861538837156505,1015.5890413724678,46.85149054062413,2.34572,48.87879,Paris 9e Arrondissement
135,529.4062820393327,Entire home/apt,False,False,5.0,False,0,1,9.0,80.0,1,0.8832443062899539,0.1848090374417433,459.56253129814127,22.34626145741067,1114.33968200377,51.40708785109296,2.357,48.864,Paris 3e Arrondissement
1310,249.7902880044739,Entire home/apt,False,False,3.0,False,0,0,9.0,97.0,1,1.893675457004395,0.3219239776975591,317.3494782596792,15.431141426024992,862.8953763355905,39.807375734677954,2.36658,48.87095,Paris 10e Arrondissement
1073,317.5971665579271,Entire home/apt,False,False,2.0,False,0,1,8.0,70.0,0,3.89682603671227,0.623868780182036,711.1783557612076,34.58109919405356,917.0175989678456,42.30416006219088,2.29968,48.8582,Paris 7e Arrondissement
106,480.70649641159474,Entire home/apt,False,False,4.0,False,0,1,9.0,81.0,1,1.2743110396000998,0.1916066781562818,432.2281939490245,21.017127318813632,1082.005669308417,49.915444451820434,2.354,48.868,Paris 3e Arrondissement
445,531.7364153229565,Entire home/apt,False,False,4.0,False,0,1,7.0,80.0,1,1.6304207166108038,0.1179724080033287,479.45113959449975,23.31334648011485,1191.663542335361,54.97421782523516,2.34732,48.87079,Paris 9e Arrondissement
1111,351.1510858421102,Entire home/apt,False,False,2.0,False,0,0,7.0,90.0,0,1.7483860459414329,0.1920565608218181,642.2737730406196,31.23060885547302,1094.8266472805306,50.50690606051431,2.32932,48.85367,Paris 7e Arrondissement
2955,530.1053220244198,Entire home/apt,False,False,4.0,False,0,1,9.0,93.0,1,3.345181908073067,0.0794156174849209,398.6650285513428,19.385115964022955,1020.3858142338536,47.07277685741722,2.334,48.88399999999999,Paris 18e Arrondissement
2969,337.40329946872964,Entire home/apt,False,False,3.0,False,0,1,9.0,80.0,1,5.413847825062818,0.3050023322949405,315.3679725561685,15.334790567296531,651.2934769820541,30.045686722611908,2.28593,48.87727,Paris 17e Arrondissement
3507,4188.414577313823,Entire home/apt,False,False,4.0,False,0,0,9.0,90.0,3,3.869352055011883,0.34787853335099,194.7019047003416,9.467394255140151,465.880648909326,21.492160634126005,2.38782,48.88257,Paris 19e Arrondissement
22,305.71348681144565,Private room,False,True,2.0,False,0,0,9.0,83.0,1,2.052144496976536,0.0822512143176998,677.9480147096447,32.965271447262325,1008.8183385755968,46.539142233269125,2.32478,48.85609,Paris 7e Arrondissement
1101,335.5391928418306,Private room,False,True,2.0,True,0,1,10.0,96.0,1,2.660366110735249,0.2052007402308472,426.7175339028636,20.749171073889634,936.6339465815114,43.2091079173009,2.321,48.845,Paris 6e Arrondissement
1848,203.1876223319974,Private room,False,True,2.0,True,1,0,10.0,96.0,1,2.8943862377588263,0.1690021764322064,416.7792121827472,20.265919458536537,1043.9785179347548,48.161163290552366,2.33839,48.88082,Paris 9e Arrondissement
716,339.50041942399105,Entire home/apt,False,False,2.0,False,0,1,10.0,100.0,0,0.8832652151924608,0.1847963495617585,459.55839210258506,22.346060188726167,1114.3316727037804,51.406718363409055,2.357,48.864,Paris 3e Arrondissement
1025,504.24084257619535,Entire home/apt,False,False,4.0,False,0,0,10.0,96.0,1,4.174230466145194,0.135339830876827,467.30525182199614,22.722751805152868,913.1305503427188,42.124841445632185,2.30155,48.87297,Paris 8e Arrondissement
1122,229.5181284369466,Private room,False,True,2.0,True,0,1,10.0,100.0,1,5.015065397849208,0.0524008157416028,291.79881218278763,14.18873843256859,616.8261511338651,28.455628613325167,2.29882,48.88431,Paris 17e Arrondissement
1955,303.3833535278218,Private room,False,True,2.0,False,1,0,10.0,90.0,1,3.438532139203051,0.223595982614393,200.84994241187744,9.76634303532883,485.7931599245627,22.410771197518528,2.374,48.82899999999999,Paris 13e Arrondissement
3528,127.45829061422312,Private room,False,True,2.0,False,0,1,9.0,76.0,1,4.247298059886044,0.3993610339474266,166.88329481033313,8.114712329074797,392.8894668350538,18.12490721055589,2.408,48.868,Paris 20e Arrondissement
716,339.50041942399105,Entire home/apt,False,False,2.0,False,0,1,10.0,100.0,0,0.8832652151924608,0.1847963495617585,459.55839210258506,22.346060188726167,1114.3316727037804,51.406718363409055,2.357,48.864,Paris 3e Arrondissement
2404,275.6547674526983,Entire home/apt,False,False,4.0,False,0,0,8.0,83.0,0,2.489433626091533,0.1691466045735098,236.31248274178645,11.490711634130047,693.2392896179466,31.98074486509984,2.38552,48.85076,Paris 11e Arrondissement
195,331.34495293130766,Entire home/apt,False,False,2.0,True,0,1,10.0,95.0,0,1.2184497737057645,0.1832404900282757,381.7585360936101,18.563036540530657,1049.467231357365,48.41437043884152,2.36378,48.86476,Paris 3e Arrondissement
3023,111.38037095721876,Shared room,True,False,2.0,False,0,0,9.0,90.0,1,4.394431721285807,0.1396997153472843,277.9654890073998,13.516092088601242,613.0402294556986,28.28097521862877,2.3288900000000003,48.89283,Paris 18e Arrondissement
1425,321.09236648336287,Entire home/apt,False,False,3.0,False,0,0,10.0,100.0,1,1.9605121486471413,0.2552083906503541,321.1518466918924,15.616031867166107,974.7854953399572,44.96912781998802,2.36368,48.87266,Paris 10e Arrondissement
447,826.0322490446454,Entire home/apt,False,False,6.0,False,0,1,10.0,80.0,1,3.0979540254056204,0.2603368329608879,469.3877149282488,22.824011724921096,924.1919089908426,42.63512771198327,2.31906,48.87338,Paris 8e Arrondissement
132,357.4424457078945,Entire home/apt,False,False,2.0,False,0,1,10.0,70.0,0,0.8832741272747135,0.1847850574999443,459.55734652132935,22.34600934726168,1114.3288726533287,51.4065891905528,2.357,48.864,Paris 3e Arrondissement
2809,347.88889924503684,Entire home/apt,False,False,3.0,True,0,0,10.0,97.0,1,3.799297012755071,0.2545420617855589,334.2643493545191,16.253628261355075,798.1624322022161,36.82109408316174,2.324,48.885,Quartier des Batignolles
187,742.6134774909125,Entire home/apt,False,False,3.0,False,1,0,10.0,93.0,0,1.7427776627945977,0.2858242876847888,773.7042851662025,37.62142705195103,1079.5452672062388,49.801940365895526,2.32899,48.85677,Paris 7e Arrondissement
1399,456.7061235902694,Entire home/apt,False,False,4.0,False,0,0,9.0,88.0,2,1.6809792535169386,0.1463420252722822,383.4240333010563,18.64402146318972,1034.8928059172097,47.742018209910704,2.35522,48.8716,Paris 10e Arrondissement
1177,311.5388200205052,Private room,False,True,2.0,False,1,0,10.0,100.0,1,3.950758432676548,0.3315972853004511,321.88953860019603,15.651902189777928,634.175281725192,29.255984460695423,2.3033,48.842490000000005,Paris 15e Arrondissement
2216,292.8977537515146,Entire home/apt,False,False,2.0,False,0,1,10.0,98.0,0,2.004973755746308,0.1749464374254218,281.7716447567451,13.701166688312938,747.0280298304492,34.462144871004305,2.37823,48.86309,Paris 11e Arrondissement
2563,475.34718985926,Entire home/apt,False,False,2.0,False,0,0,9.0,100.0,1,4.348826644343936,0.1298316460292599,436.5144840512577,21.22554848630145,677.726313264892,31.265095094125687,2.29398,48.851420000000005,Quartier de Grenelle
349,364.8988722154907,Entire home/apt,False,False,3.0,False,1,0,10.0,93.0,0,0.8834827983636725,0.4106540758397126,446.4205233374995,21.70723036596307,1065.112588863905,49.13612726110079,2.3618900000000003,48.861740000000005,Paris 3e Arrondissement
1628,234.8774349892814,Entire home/apt,False,False,2.0,False,0,0,8.0,88.0,0,1.742379448374098,0.1263798733206856,343.3257418130532,16.69423912768188,927.0757151082668,42.76816441238809,2.36276,48.87078,Paris 10e Arrondissement
155,357.4424457078945,Entire home/apt,False,False,2.0,False,0,1,9.0,80.0,0,0.8832305743347776,0.1848218228539546,459.56470604793566,22.34636720477735,1114.3444837656205,51.40730936756345,2.357,48.864,Paris 3e Arrondissement
1534,744.2445707894492,Private room,False,True,4.0,False,1,0,10.0,90.0,2,1.991412722314088,0.2351281498875696,463.4997817246477,22.53771054531931,1348.8667827263962,62.226369857303865,2.3435,48.87341,Paris 9e Arrondissement
3455,297.7910336471246,Private room,False,True,2.0,False,0,1,9.0,91.0,1,3.693302648772598,0.1240925987520031,218.6594918711234,10.63233367109894,524.5835663147709,24.200263092391463,2.37399,48.88669,Quartier de la Villette
728,231.61524839220803,Entire home/apt,False,False,2.0,False,0,1,10.0,80.0,0,0.8832512112456741,0.1848005667001746,459.56168716436815,22.346220411344653,1114.3374806972006,51.40698629968809,2.357,48.864,Paris 3e Arrondissement
200,261.440954422593,Private room,False,True,2.0,False,1,0,10.0,98.0,1,1.275862292540224,0.0202562836962632,365.8104784028708,17.787561077184126,1041.0451299442038,48.02583926272951,2.366,48.864,Paris 3e Arrondissement
341,573.2127877714605,Entire home/apt,False,False,6.0,False,0,1,10.0,94.0,1,2.2837155813522294,0.04489968806649,460.4227196232045,22.38808817718301,1162.1627954934063,53.61327958614256,2.339,48.875,Paris 9e Arrondissement
2522,372.58831205144935,Private room,False,True,2.0,True,1,0,10.0,94.0,1,3.5247914540983825,0.0340339226797481,288.66469486778044,14.036341750529443,659.1201973650051,30.406751583542647,2.319,48.834,Paris
1935,207.84788889924505,Entire home/apt,False,False,3.0,False,0,0,9.0,93.0,1,2.5364678760437407,0.1757781957819403,251.5407833251345,12.231188855861532,660.0742136756645,30.450762580445545,2.37914,48.87131,Quartier de Belleville
729,907.5869139714792,Entire home/apt,False,False,5.0,False,1,0,10.0,90.0,1,0.69326966444927,0.1521370711503335,835.5920456387291,40.630723899163954,1652.979270092734,76.25578800253584,2.34538,48.85266,Paris 5e Arrondissement
2537,533.3675086214931,Entire home/apt,False,False,2.0,False,0,1,10.0,97.0,0,4.913441021812897,0.038081107364139,465.034165302453,22.61232005821572,614.658020010693,28.35560766915384,2.28577,48.85716,Paris 16e Arrondissement
1221,279.61599403485883,Private room,False,True,2.0,False,1,0,6.0,60.0,1,2.310525284148074,0.3175352058738016,387.1866053257184,18.82697680112368,801.4524058425969,36.972868238466624,2.33486,48.83946,Paris
163,339.50041942399105,Entire home/apt,False,False,2.0,False,0,1,10.0,94.0,0,0.8832532927946304,0.1847929888128445,459.5620464009273,22.346237879248427,1114.3373390653271,51.406979765879534,2.357,48.864,Paris 3e Arrondissement
145,324.35455308043623,Private room,False,True,3.0,False,0,1,9.0,89.0,2,1.1898043214309997,0.1855274763781279,731.3936685298136,35.56407024544578,1588.1612453172238,73.26558138261427,2.337,48.854,Quartier de Saint-Germain-des-Prés
2322,183.1484760928325,Entire home/apt,False,False,2.0,False,0,0,10.0,100.0,1,4.341798116220855,0.4329873624964209,161.56760030518086,7.856236297740573,383.6361195692522,17.698028725034874,2.40638,48.84006,Paris 12e Arrondissement
878,637.2914530711157,Entire home/apt,False,False,4.0,True,0,0,10.0,95.0,2,1.06533510110871,0.1604873209430933,486.3314547936894,23.647902306318063,982.4497073053308,45.32269578869294,2.35327,48.846990000000005,Paris 5e Arrondissement
2263,582.9993475626806,Entire home/apt,False,False,4.0,False,0,1,9.0,92.0,1,1.9995082903070944,0.2681297356874788,272.8795925115138,13.268790002155326,801.3392594214871,36.967648530235856,2.37893,48.85157,Paris 11e Arrondissement
1250,312.7038866623171,Entire home/apt,False,False,2.0,False,0,0,10.0,86.0,1,4.987659706412818,0.374140326553304,370.17439984886175,17.999757074399685,713.3168320987804,32.90696871480636,2.293,48.878,Paris 17e Arrondissement
1968,318.52921987137665,Entire home/apt,False,False,3.0,False,0,0,10.0,100.0,1,1.942126541538592,0.0738185203143251,279.76102701952647,13.60340025483134,742.0082057835624,34.23056868293271,2.37912,48.8581,Paris 11e Arrondissement
1945,242.10084816851528,Entire home/apt,False,False,2.0,False,0,0,10.0,96.0,1,4.682292320254886,0.3792982902373352,180.71538982375893,8.787298953577555,420.069145767751,19.37876917493035,2.38596,48.89254,Paris 19e Arrondissement
757,339.50041942399105,Entire home/apt,False,False,2.0,False,0,1,9.0,80.0,0,0.8832410045100441,0.1848106498817382,459.5632327329539,22.34629556472937,1114.3409874695517,51.40714807527343,2.357,48.864,Paris 3e Arrondissement
2509,328.5487929909591,Private room,False,True,2.0,True,1,0,10.0,97.0,1,3.524772649834964,0.0340387096152698,288.6661589085667,14.03641293961899,659.1208236039769,30.406780473406624,2.319,48.834,Paris
2965,354.8792990959083,Entire home/apt,False,False,4.0,True,1,0,9.0,94.0,1,7.474161225794553,0.1881427539743511,165.41922200532915,8.043521682611763,319.93311050655683,14.75926037984202,2.25543,48.83669,Quartier d'Auteuil
720,339.50041942399105,Entire home/apt,False,False,2.0,False,0,1,8.0,77.0,0,0.883249920873949,0.1848146906740136,459.5603132922274,22.34615360671204,1114.3365923622853,51.40694531872712,2.357,48.864,Paris 3e Arrondissement
1856,218.79951533227705,Entire home/apt,False,False,4.0,False,0,0,10.0,96.0,0,4.00807176727173,0.252881644637859,335.0814244503693,16.29335859722609,754.3726158165664,34.800967748010095,2.31604,48.88328,Quartier des Batignolles
467,329.01481964768385,Entire home/apt,False,False,4.0,False,0,0,9.0,85.0,1,2.256355511605986,0.0484614815714416,641.2752073392835,31.182053525730563,1187.0024600585627,54.75919123150058,2.33392,48.87262,Paris 9e Arrondissement
3550,301.2862335725604,Entire home/apt,False,False,2.0,False,0,0,10.0,94.0,0,3.397006927377756,0.0812869429591382,203.8161144720157,9.910573367153937,517.4124505117569,23.86944279941489,2.39723,48.86507,Paris 20e Arrondissement
160,339.50041942399105,Entire home/apt,False,False,2.0,False,0,1,9.0,85.0,0,0.883252441716496,0.1848017348781371,459.5612096942036,22.346197194323228,1114.3368107800427,51.40695539484754,2.357,48.864,Paris 3e Arrondissement
154,529.4062820393327,Entire home/apt,False,False,4.0,False,0,1,10.0,100.0,1,0.8832463051313603,0.1848095504074043,459.5619247948728,22.3462319661452,1114.3387374690792,51.407044277505285,2.357,48.864,Paris 3e Arrondissement
3179,443.1913505452512,Entire home/apt,False,False,6.0,False,0,1,10.0,100.0,1,3.984551778750458,0.0899639866105672,316.48142706678203,15.38893237373323,732.1862129041574,33.77745724933784,2.32471,48.88727,Quartier des Batignolles
2412,873.7999813589338,Entire home/apt,False,False,6.0,False,0,0,9.0,94.0,3,1.8164164730002184,0.1936132407493014,289.863336510603,14.094625787456025,862.1494072090012,39.77296243948253,2.37692,48.85303,Paris 11e Arrondissement
3394,430.37561748532016,Entire home/apt,False,False,4.0,False,1,0,8.0,83.0,1,3.3417941674196445,0.0668762990275134,209.01122752628936,10.163186116682663,523.799386166916,24.16408703368792,2.38855,48.87516,Paris 19e Arrondissement
1302,1518.314847609283,Entire home/apt,False,False,6.0,True,1,0,10.0,99.0,3,1.992460748826549,0.236483138587479,500.5185459919694,24.337750646088875,916.6221640883088,42.28591772915722,2.332,48.845,Paris 6e Arrondissement
809,275.6547674526983,Entire home/apt,False,False,2.0,False,0,0,10.0,100.0,0,0.7187317791970401,0.0962805684068016,749.4566588460458,36.442384461291496,1255.6928046326166,57.92803699286717,2.34932,48.85051,Paris 5e Arrondissement
1424,446.2205238139622,Entire home/apt,False,False,4.0,True,0,0,10.0,100.0,0,1.9547375919146428,0.3109011186994809,310.8973183867345,15.11740468365272,849.4167539407265,39.18557545532459,2.36713,48.87137,Paris 10e Arrondissement
158,405.4431913505453,Entire home/apt,False,False,3.0,False,0,1,10.0,100.0,1,0.8832473744913911,0.1848043216463049,459.562272462845,22.3462488715256,1114.3388022937634,51.40704726801913,2.357,48.864,Paris 3e Arrondissement
132,357.4424457078945,Entire home/apt,False,False,2.0,False,0,1,10.0,70.0,0,0.8832741272747135,0.1847850574999443,459.55734652132935,22.34600934726168,1114.3288726533287,51.4065891905528,2.357,48.864,Paris 3e Arrondissement
2254,237.2075682729052,Entire home/apt,False,False,3.0,False,0,0,9.0,98.0,1,1.955050163926014,0.2622872213886683,291.68222674178446,14.183069457033476,841.8972772976333,38.83868446451768,2.373,48.868,Paris 11e Arrondissement
155,357.4424457078945,Entire home/apt,False,False,2.0,False,0,1,9.0,80.0,0,0.8832305743347776,0.1848218228539546,459.56470604793566,22.34636720477735,1114.3444837656205,51.40730936756345,2.357,48.864,Paris 3e Arrondissement
516,362.33572560350456,Entire home/apt,False,False,2.0,False,0,0,10.0,100.0,0,1.1540739991628666,0.1462411523946074,846.6353520854843,41.16770547709291,1335.3035810492142,61.60066773844256,2.3397,48.86237,Quartier Les Halles
2663,463.69652344114087,Entire home/apt,False,False,4.0,False,0,0,10.0,100.0,1,4.416307338881775,0.3017887527286084,234.8076280870665,11.41753796726303,488.6704561236471,22.54350758021108,2.30982,48.82872,Paris
717,339.50041942399105,Entire home/apt,False,False,2.0,False,0,1,7.0,70.0,0,0.883243176637164,0.1848157963145404,459.5620131787948,22.346236263819826,1114.3394862864852,51.40707882219825,2.357,48.864,Paris 3e Arrondissement
270,720.4772112964862,Private room,False,True,2.0,False,0,1,10.0,100.0,1,2.418460771550007,0.1213063166141452,596.6754469298502,29.013386937025352,1127.7123572952794,52.024000543530335,2.32588,48.86918,Paris 1er Arrondissement
235,504.9398825612825,Private room,False,True,2.0,True,0,1,10.0,100.0,1,2.422477210368025,0.2594209646035098,591.2755568429494,28.7508168894144,1200.9764103226523,55.40384214042373,2.3280000000000003,48.871,Paris 9e Arrondissement
727,339.50041942399105,Entire home/apt,False,False,2.0,False,0,1,10.0,100.0,0,0.8832681221836163,0.1847937072548945,459.5579239113096,22.3460374228914,1114.3306507270995,51.40667121724181,2.357,48.864,Paris 3e Arrondissement
454,544.3191350545252,Entire home/apt,False,False,4.0,False,0,0,10.0,96.0,1,3.9389010206038746,0.1906060246719186,376.9508386987891,18.329261905576605,752.2541199315405,34.70323659310958,2.31277,48.88023,Paris 8e Arrondissement
3508,250.02330133283624,Entire home/apt,False,False,4.0,False,0,0,9.0,95.0,1,3.072739083741507,0.572729963517919,215.3686911825741,10.472318248643091,535.9985481077692,24.726862818963266,2.3907700000000003,48.86817,Paris 20e Arrondissement
1919,307.1115667816199,Entire home/apt,False,False,2.0,False,0,0,10.0,100.0,1,1.933796413973737,0.1356146942503871,297.42760640034186,14.462438960155394,824.3086832353302,38.02728160887124,2.37161,48.86872,Paris 11e Arrondissement
3249,199.4594090781993,Private room,False,True,2.0,False,0,0,9.0,89.0,1,3.1711572462657904,0.199621499946071,329.66010379660776,16.029746486745257,729.9021907322278,33.67208998086267,2.3521,48.885090000000005,Paris 18e Arrondissement
2531,192.00298257060305,Entire home/apt,False,False,2.0,False,0,0,8.0,84.0,0,3.295972515608684,0.1373831744690012,287.7049865696011,13.989675864837276,616.6272787861506,28.446454168211865,2.33,48.831,Paris
2490,166.37151645074098,Private room,False,True,2.0,False,0,1,10.0,87.0,1,2.1789547383302192,0.1125216185345271,318.5591073068775,15.489959726287235,743.106297964691,34.28122623568393,2.351,48.837,Paris 5e Arrondissement
529,553.8726815173828,Entire home/apt,False,False,2.0,True,0,0,10.0,99.0,1,0.3369527244285271,0.1185337623598409,745.4330678801012,36.24673705838271,1263.8311392784435,58.30347734633939,2.34845,48.85764,Paris 4e Arrondissement
757,339.50041942399105,Entire home/apt,False,False,2.0,False,0,1,9.0,80.0,0,0.8832410045100441,0.1848106498817382,459.5632327329539,22.34629556472937,1114.3409874695517,51.40714807527343,2.357,48.864,Paris 3e Arrondissement
2213,440.3951906049026,Entire home/apt,False,False,3.0,False,0,0,10.0,100.0,1,1.5907200627946818,0.1280245182660362,318.95991959275096,15.50944925279448,863.8062671464792,39.84939725172014,2.37193,48.863240000000005,Paris 11e Arrondissement
163,339.50041942399105,Entire home/apt,False,False,2.0,False,0,1,10.0,94.0,0,0.8832532927946304,0.1847929888128445,459.5620464009273,22.346237879248427,1114.3373390653271,51.406979765879534,2.357,48.864,Paris 3e Arrondissement
145,324.35455308043623,Private room,False,True,3.0,False,0,1,9.0,89.0,2,1.1898043214309997,0.1855274763781279,731.3936685298136,35.56407024544578,1588.1612453172238,73.26558138261427,2.337,48.854,Quartier de Saint-Germain-des-Prés
2882,210.4110355112313,Entire home/apt,False,False,2.0,False,0,0,8.0,88.0,1,5.977827311985933,0.5556613605303052,278.70387882748014,13.551996347223886,467.8255624206667,21.58188402938416,2.27179,48.86275,Paris 16e Arrondissement
1128,1047.8609376456334,Entire home/apt,False,False,2.0,False,1,0,9.0,96.0,1,4.104558764869542,0.1976393690312781,485.27392869203953,23.596480022828693,956.2689677791476,44.11491722838092,2.30072,48.87017,Paris 8e Arrondissement
1872,243.0329014819648,Private room,False,True,2.0,False,1,0,10.0,100.0,1,2.4013817160085056,0.1269034112579702,383.3729021453064,18.64153520702828,992.1638433801936,45.77083153640317,2.34732,48.87787,Paris 9e Arrondissement
1368,287.3054338708174,Entire home/apt,False,False,2.0,False,0,0,10.0,99.0,1,2.036853647482165,0.2595556776342949,404.9872750208412,19.69253565771845,1126.3980046580598,51.96336639168234,2.3480000000000003,48.87462,Paris 9e Arrondissement
715,529.639295367695,Entire home/apt,False,False,4.0,False,0,1,8.0,90.0,1,0.8832380150207845,0.1848229599004406,459.5625426783957,22.346262010776368,1114.3410479949655,51.40715086745191,2.357,48.864,Paris 3e Arrondissement
2747,246.5281014074005,Entire home/apt,False,False,2.0,False,0,0,8.0,80.0,1,5.761574249408722,0.4185779162711638,234.2524920700896,11.390544438124026,447.7984925312583,20.657988598007684,2.27776,48.84117,Paris 15e Arrondissement
37,697.4088917886103,Private room,False,True,4.0,False,0,1,10.0,92.0,1,2.707759398134474,0.2650604154327874,562.9163176045469,27.371846822023336,1015.8066789818038,46.86153067101123,2.321,48.869,Paris 8e Arrondissement
143,529.4062820393327,Entire home/apt,False,False,4.0,False,0,1,8.0,100.0,1,0.8832601532626411,0.1847989867187197,459.5594472142771,22.34611149360881,1114.3336566211908,51.40680988614512,2.357,48.864,Paris 3e Arrondissement
133,282.4121539752074,Private room,False,True,3.0,False,0,1,9.0,90.0,2,1.1898197364465306,0.1855254837492282,731.399901116951,35.56437330544794,1588.2637750734648,73.27031131933963,2.337,48.854,Quartier de Saint-Germain-des-Prés
101,382.1418585143071,Entire home/apt,False,False,2.0,False,0,1,9.0,76.0,0,1.2339922691557317,0.0714122843513866,510.2557129408973,24.81122109608524,1290.816819365543,59.54838969161683,2.347,48.867,Paris 2e Arrondissement
2956,530.1053220244198,Entire home/apt,False,False,4.0,False,0,1,10.0,95.0,1,3.3451615626253868,0.0793932811506399,398.6648283702132,19.38510623020099,1020.388418855705,47.07289701469646,2.334,48.88399999999999,Paris 18e Arrondissement
3022,952.3254730170568,Entire home/apt,False,False,6.0,False,0,0,9.0,92.0,3,5.548816923236148,0.5956677332828482,294.5884651939536,14.324385512818754,835.7588803979412,38.5555059025554,2.27751,48.851420000000005,Paris 16e Arrondissement
992,492.3571628297139,Entire home/apt,False,False,3.0,False,0,1,10.0,89.0,1,3.362821145460029,0.123877696564205,386.9384410899286,18.81490979713692,714.4145686997149,32.957609863814106,2.30943,48.84667,Paris 15e Arrondissement
1422,157.75002330133285,Private room,False,True,2.0,False,0,1,9.0,87.0,1,3.494818713426212,0.2349403385107713,448.0177625718917,21.784896239725537,1042.904647870712,48.11162316054134,2.336,48.886,Paris 18e Arrondissement
3290,498.6485226954982,Entire home/apt,False,False,4.0,False,0,0,10.0,96.0,1,3.594665916396924,0.2363071594466302,192.0927655469013,9.340524674330664,470.73664336955017,21.71617898136128,2.3987700000000003,48.86768,Paris 20e Arrondissement
2630,231.61524839220803,Entire home/apt,False,False,2.0,False,0,0,9.0,84.0,0,5.7397335207934015,0.3469514582425412,263.6464517762422,12.819827863399947,470.7765135669184,21.71801828653173,2.27546,48.84853,Quartier d'Auteuil
335,515.4254823375898,Private room,False,True,2.0,False,0,1,10.0,100.0,1,1.3849325837165487,0.3430910381265627,672.6265508193189,32.70651487915507,1350.8705723605767,62.31880934539083,2.33934,48.86534,Quartier Les Halles
7,247.9261813775748,Entire home/apt,False,False,4.0,False,0,0,7.0,82.0,1,1.1979198573657852,0.1036045915111318,406.9322274623907,19.787109111429583,1070.7695448139975,49.39709582947596,2.35915,48.86648,Paris 3e Arrondissement
1385,167.3035697641905,Entire home/apt,False,False,2.0,False,0,0,8.0,85.0,1,2.534899591486506,0.2814229734739122,263.47439285795946,12.811461486003678,686.8854932585987,31.68762942381392,2.37303,48.87503,Paris 10e Arrondissement
158,405.4431913505453,Entire home/apt,False,False,3.0,False,0,1,10.0,100.0,1,0.8832473744913911,0.1848043216463049,459.562272462845,22.3462488715256,1114.3388022937634,51.40704726801913,2.357,48.864,Paris 3e Arrondissement
2955,530.1053220244198,Entire home/apt,False,False,4.0,False,0,1,9.0,93.0,1,3.345181908073067,0.0794156174849209,398.6650285513428,19.385115964022955,1020.3858142338536,47.07277685741722,2.334,48.88399999999999,Paris 18e Arrondissement
689,231.61524839220803,Private room,False,True,2.0,False,0,1,10.0,89.0,1,2.178961142752524,0.1125176528112546,318.558374220522,15.489924079909963,743.1042859635362,34.28113341737925,2.351,48.837,Paris 5e Arrondissement
151,403.11305806692144,Entire home/apt,False,False,2.0,True,0,1,10.0,96.0,1,0.8175294201675678,0.0941584675247372,784.1346768038433,38.12860560277745,1489.6168979142049,68.71950085978274,2.343,48.853,Paris 6e Arrondissement
1326,264.23711436294155,Private room,False,True,2.0,False,0,1,9.0,91.0,1,4.02731677560556,0.257889323685629,333.7960705956805,16.230858172700543,749.5197223644665,34.577092457510254,2.3158,48.88337,Quartier des Batignolles
860,151.45866343554852,Entire home/apt,False,False,4.0,False,1,0,8.0,82.0,1,1.278747992710774,0.24400995440254,364.859522525612,17.741320778594815,879.6220089847897,40.57901430049135,2.3680000000000003,48.851000000000006,Paris 4e Arrondissement
3238,614.922173548327,Entire home/apt,False,False,2.0,False,0,0,10.0,98.0,1,4.049592259289397,0.2524277206003045,333.19118860751905,16.20144574210018,744.7939503771069,34.359081576589645,2.31535,48.88337,Quartier des Batignolles
3536,127.45829061422312,Private room,False,True,3.0,False,0,1,8.0,82.0,1,4.247317079536242,0.3993759169324987,166.88268644429314,8.114682747231925,392.8877337091345,18.12482725741608,2.408,48.868,Paris 20e Arrondissement
2593,236.27551495945568,Entire home/apt,False,False,4.0,False,0,0,6.0,90.0,1,5.213047480554415,0.4407108643884077,239.90834975591312,11.665560928820751,487.188563420112,22.475144414448607,2.28835,48.83675,Paris 15e Arrondissement
727,339.50041942399105,Entire home/apt,False,False,2.0,False,0,1,10.0,100.0,0,0.8832681221836163,0.1847937072548945,459.5579239113096,22.3460374228914,1114.3306507270995,51.40667121724181,2.357,48.864,Paris 3e Arrondissement
1589,261.2079410942306,Private room,False,True,2.0,False,0,1,10.0,100.0,1,2.6541132119209254,0.3230570043339635,356.7103021079574,17.34506434399693,878.9140591465296,40.546354923716606,2.3506,48.8804,Paris 10e Arrondissement
2534,463.69652344114087,Entire home/apt,False,False,2.0,False,0,1,10.0,91.0,0,4.912407827050616,0.0679319109755134,460.6960903726176,22.40138084972517,613.408577442767,28.297967970154005,2.28578,48.85689,Paris 16e Arrondissement
979,366.0639388573027,Private room,False,True,4.0,False,0,1,9.0,86.0,2,1.1898152181580963,0.1855279410571007,731.3990815101238,35.564333452006444,1588.2518165928625,73.2697596467457,2.337,48.854,Quartier de Saint-Germain-des-Prés
1799,201.090502376736,Entire home/apt,False,False,2.0,False,0,0,10.0,90.0,0,4.095852992658992,0.2881683869260196,308.3349211009035,14.99280792955008,725.2517665639266,33.45755507052472,2.32194,48.8873,Quartier des Batignolles
979,366.0639388573027,Private room,False,True,4.0,False,0,1,9.0,86.0,2,1.1898152181580963,0.1855279410571007,731.3990815101238,35.564333452006444,1588.2518165928625,73.2697596467457,2.337,48.854,Quartier de Saint-Germain-des-Prés
1192,1182.309628110728,Entire home/apt,False,False,4.0,False,0,0,10.0,94.0,2,3.994919918320402,0.3403387373345617,457.5114841782555,22.246529142260936,879.9794756478053,40.5955050711659,2.30463,48.87341,Paris 8e Arrondissement
1034,591.154814055364,Private room,False,True,2.0,False,1,0,10.0,60.0,1,4.201944496352004,0.1943962545901218,460.4498135619003,22.38940562191964,882.8449373915887,40.72769550284087,2.30157,48.87356,Paris 8e Arrondissement
1922,258.6447944822444,Private room,False,True,2.0,False,1,0,10.0,90.0,0,2.3821855010412167,0.1900165930137495,253.45069357717367,12.32405838056299,656.3125119401668,30.27722650817842,2.38294,48.86446,Paris 11e Arrondissement
1616,359.0735390064312,Entire home/apt,False,False,2.0,False,0,0,9.0,91.0,1,2.808622399589196,0.2610623306438567,402.7062065682825,19.581618538563543,985.6215392558564,45.46901979237231,2.343,48.881,Paris 9e Arrondissement
627,1007.7826451673036,Entire home/apt,False,False,4.0,True,0,0,10.0,95.0,2,2.09187294772636,0.1870712154308884,318.96803927325374,15.509844072848573,730.155854661769,33.68379208940388,2.3537,48.83776,Paris 5e Arrondissement
1478,438.0650573212788,Private room,False,True,2.0,False,0,1,10.0,100.0,1,2.1954806098521704,0.1899088737117038,443.2673496231721,21.55390706512312,1200.8271577729524,55.39695677229197,2.342,48.875,Paris 9e Arrondissement
156,339.50041942399105,Entire home/apt,False,False,2.0,False,0,1,9.0,83.0,0,0.8832510281775344,0.1848187563040043,459.559515571686,22.346114817492783,1114.3356774046829,51.40690310959948,2.357,48.864,Paris 3e Arrondissement
695,374.219405349986,Entire home/apt,False,False,2.0,False,0,1,8.0,67.0,0,1.061678598908504,0.2076203765507822,680.1470698145718,33.07220066143291,1371.7229361942657,63.28077751076553,2.342,48.85017,Paris 6e Arrondissement
1601,218.10047534718987,Private room,False,True,2.0,False,1,0,10.0,92.0,1,2.905843188690844,0.0783025157092111,273.7433349148784,13.310789539243164,692.5720896303973,31.94996537395534,2.364,48.88163,Paris 10e Arrondissement
2872,260.2758877807811,Entire home/apt,False,False,2.0,False,0,0,10.0,96.0,1,4.00974122441904,0.2305205327792974,334.2325506801711,16.252082048505713,711.4499361465223,32.820844451463245,2.33752,48.89121,Paris 18e Arrondissement
216,308.04362009506946,Private room,False,True,2.0,False,0,1,10.0,91.0,1,2.7077728655421964,0.2650612826388568,562.9123128528634,27.37165209068191,1015.8014540376612,46.86128963215487,2.321,48.869,Paris 8e Arrondissement
717,339.50041942399105,Entire home/apt,False,False,2.0,False,0,1,7.0,70.0,0,0.883243176637164,0.1848157963145404,459.5620131787948,22.346236263819826,1114.3394862864852,51.40707882219825,2.357,48.864,Paris 3e Arrondissement
1692,276.5868207661478,Entire home/apt,False,False,2.0,False,0,0,10.0,100.0,0,2.896813154408369,0.2200703248298973,415.7913763929976,20.217885871524167,1058.051874283106,48.81040003392895,2.33657,48.88034,Paris 9e Arrondissement
1644,359.0735390064312,Entire home/apt,False,False,4.0,False,0,0,10.0,97.0,1,1.4910639187554355,0.081002456443963,403.58955416420935,19.62457137956343,1062.64067512847,49.02209211669191,2.35496,48.8699,Paris 10e Arrondissement
483,363.50079224531646,Private room,False,True,2.0,False,0,1,10.0,100.0,1,3.0975369471875904,0.1786927321320394,460.7365321665924,22.403347334894047,930.195446752334,42.91208490744757,2.31986,48.87405,Paris 8e Arrondissement
650,166.37151645074098,Private room,False,True,2.0,False,0,1,9.0,86.0,1,2.178976974335204,0.1124999968096987,318.5561080395824,15.48981388669721,743.0990586509681,34.28089226926189,2.351,48.837,Paris 5e Arrondissement
394,264.470127691304,Entire home/apt,False,False,2.0,False,0,1,10.0,96.0,1,1.4121775399724863,0.1245638881845384,489.07931340652254,23.78151713091422,1215.7167499249465,56.083848376518176,2.34662,48.86861,Paris 2e Arrondissement
1344,207.1488489141579,Entire home/apt,False,False,2.0,False,0,0,9.0,95.0,0,3.3484668552978967,0.1616097917627791,413.76171094475256,20.119193241710686,813.5241405401663,37.52976550788553,2.34726,48.88647,Quartier de Clignancourt
1938,217.6344486904651,Entire home/apt,False,False,3.0,False,0,0,8.0,92.0,1,3.3151330634821528,0.2323378157354306,196.25556313493163,9.54294100934744,511.89560288229154,23.61493775456264,2.39125,48.84096,Paris 12e Arrondissement
3333,235.57647497436847,Entire home/apt,False,False,2.0,True,0,1,10.0,98.0,1,3.042514158857528,0.5087975715395242,216.78127714340823,10.541005343569438,533.3480545347358,24.604589370249062,2.39112,48.86696,Paris 20e Arrondissement
3207,336.23823282691774,Entire home/apt,False,False,3.0,False,0,0,10.0,100.0,2,5.359294621172211,0.0620436905045298,269.82843730928454,13.120427358874643,567.9108054819528,26.199049661857902,2.29429,48.8855,Paris 17e Arrondissement
717,339.50041942399105,Entire home/apt,False,False,2.0,False,0,1,7.0,70.0,0,0.883243176637164,0.1848157963145404,459.5620131787948,22.346236263819826,1114.3394862864852,51.40707882219825,2.357,48.864,Paris 3e Arrondissement
160,339.50041942399105,Entire home/apt,False,False,2.0,False,0,1,9.0,85.0,0,0.883252441716496,0.1848017348781371,459.5612096942036,22.346197194323228,1114.3368107800427,51.40695539484754,2.357,48.864,Paris 3e Arrondissement
1893,266.5672476465654,Entire home/apt,False,False,3.0,False,0,0,9.0,94.0,2,1.9075213064567884,0.0556558599151914,304.5880207634782,14.810614628546071,826.8983195202495,38.146747568983,2.37023,48.86927,Paris 11e Arrondissement
2259,155.8859166744338,Entire home/apt,False,False,2.0,False,0,0,10.0,90.0,1,1.8981032614756923,0.1065902301770817,283.0536244128641,13.763503042187992,754.4971042584659,34.80671069010623,2.37855,48.85784,Paris 11e Arrondissement
3196,2970.220896635288,Entire home/apt,False,False,6.0,False,0,0,10.0,100.0,3,6.614692019257006,0.6390613175361929,230.90792529460177,11.227914635786348,393.6782974647486,18.16129780683029,2.26261,48.85832,Paris 16e Arrondissement
1578,783.3908099543294,Entire home/apt,False,False,6.0,False,0,1,8.0,84.0,2,2.431614344753668,0.369180073873797,268.7242830190853,13.06673777633096,739.5539301110404,34.11734722349293,2.37265,48.87406,Paris 10e Arrondissement
3267,278.2179140646845,Entire home/apt,False,False,2.0,True,0,0,9.0,89.0,1,7.328975800553906,0.0658170458156362,171.81993362212168,8.35475674979251,341.99834012071085,15.77718087172442,2.25663,48.83861,Quartier d'Auteuil
1877,289.8685804828036,Entire home/apt,False,False,3.0,False,0,0,9.0,98.0,2,1.9248701178262284,0.1225175083756907,362.4652307851577,17.624898168843803,973.7300921765266,44.92043961116176,2.35545,48.87379,Paris 10e Arrondissement
2292,353.2482057973716,Entire home/apt,False,False,3.0,False,0,0,10.0,90.0,1,1.976000117787574,0.1329205004670848,293.7214996137628,14.282229248523675,815.4218994647622,37.61731355210619,2.372,48.869,Paris 11e Arrondissement
158,405.4431913505453,Entire home/apt,False,False,3.0,False,0,1,10.0,100.0,1,0.8832473744913911,0.1848043216463049,459.562272462845,22.3462488715256,1114.3388022937634,51.40704726801913,2.357,48.864,Paris 3e Arrondissement
3227,278.2179140646845,Entire home/apt,False,False,2.0,False,0,0,10.0,100.0,1,3.6806483028514383,0.2551098646713604,361.361630443694,17.571235522097616,734.6410364876378,33.89070398518772,2.34676,48.88944,Quartier de Clignancourt
979,366.0639388573027,Private room,False,True,4.0,False,0,1,9.0,86.0,2,1.1898152181580963,0.1855279410571007,731.3990815101238,35.564333452006444,1588.2518165928625,73.2697596467457,2.337,48.854,Quartier de Saint-Germain-des-Prés
585,463.46351011277847,Entire home/apt,False,False,4.0,True,0,0,10.0,97.0,1,1.3844380475471212,0.2403021096486915,401.72983123061454,19.53414221686589,1048.8527603613968,48.38602345902751,2.3568,48.86873,Paris 3e Arrondissement
715,529.639295367695,Entire home/apt,False,False,4.0,False,0,1,8.0,90.0,1,0.8832380150207845,0.1848229599004406,459.5625426783957,22.346262010776368,1114.3410479949655,51.40715086745191,2.357,48.864,Paris 3e Arrondissement
981,470.45390996365,Private room,False,True,2.0,False,0,1,9.0,91.0,1,1.189812744760712,0.185532206893326,731.4002030946234,35.56438798913419,1588.2735676553457,73.27076307397527,2.337,48.854,Quartier de Saint-Germain-des-Prés
3543,127.45829061422312,Private room,False,True,2.0,False,0,1,8.0,79.0,1,4.247310058939061,0.3993570707003908,166.88287910140642,8.114692115198048,392.8882960544996,18.124853199718995,2.408,48.868,Paris 20e Arrondissement
544,382.3748718426694,Entire home/apt,False,False,2.0,False,0,1,9.0,87.0,0,0.6724754244618487,0.1821548624480118,543.6951989812137,26.43721853314254,1280.5920685214849,59.07669809399654,2.35233,48.86261,Paris 3e Arrondissement
3537,127.45829061422312,Private room,False,True,2.0,False,0,1,8.0,78.0,1,4.247322738957208,0.3993595649694487,166.88245576820563,8.114671530590417,392.8870975666979,18.124797910682176,2.408,48.868,Paris 20e Arrondissement
2034,240.7027681983409,Entire home/apt,False,False,3.0,False,0,0,9.0,100.0,1,2.2710571154685044,0.2955467286839056,257.0902027981682,12.501029780731898,668.5539183738421,30.841951130409672,2.38346,48.85914,Paris 11e Arrondissement
1477,384.70500512629326,Private room,False,True,2.0,False,0,1,10.0,94.0,1,2.1954706429376367,0.1899304626720619,443.2661760763057,21.55385000132152,1200.8218517744297,55.39671199420805,2.342,48.875,Paris 9e Arrondissement
170,339.50041942399105,Entire home/apt,False,False,2.0,False,0,1,8.0,71.0,0,0.883264828358758,0.1848011394646581,459.55791239949184,22.346036863128425,1114.3313474106674,51.406703356879255,2.357,48.864,Paris 3e Arrondissement
790,298.9561002889365,Entire home/apt,False,False,2.0,False,0,0,9.0,91.0,1,0.9839586848262424,0.1819189240074494,577.6254666082579,28.087080260494623,1126.514382109204,51.96873515486244,2.34899,48.84807,Paris 5e Arrondissement
2993,417.5598844253892,Private room,False,True,4.0,True,0,0,10.0,96.0,1,6.466660250440065,0.2292302283953842,224.3821881571827,10.91060019358589,406.3095880388646,18.74400869355798,2.265,48.851000000000006,Quartier d'Auteuil
25,373.98639202162366,Entire home/apt,False,False,2.0,True,0,0,10.0,98.0,1,1.8657365830145067,0.2666505289761781,384.6859084990415,18.705380236328043,1042.6752907377938,48.101042381204834,2.35258,48.87335,Paris 10e Arrondissement
240,681.3309721316059,Private room,False,True,2.0,True,0,1,10.0,100.0,1,2.422514955807607,0.2594091588783851,591.2622409700043,28.75016940412545,1200.889007478846,55.3998100434406,2.3280000000000003,48.871,Paris 9e Arrondissement
2561,240.93578152670327,Entire home/apt,False,False,2.0,False,0,0,9.0,90.0,1,3.885639972907304,0.4811426038291235,281.1092109060572,13.668955794217858,582.1083603784457,26.854015973855628,2.31051,48.83548,Paris 15e Arrondissement
165,320.3933264982757,Private room,False,True,2.0,False,0,0,10.0,97.0,1,1.1330167567878442,0.2566080688609313,399.7287492438835,19.43683945994423,1073.7749451875166,49.53574195643733,2.3625,48.86447,Paris 3e Arrondissement
2029,625.6407866529966,Entire home/apt,False,False,6.0,False,0,1,7.0,57.0,2,2.181477442526649,0.2148651886746626,305.12605236902886,14.83677645443737,695.8405133873974,32.10074538289174,2.355,48.837,Paris 13e Arrondissement
2334,117.20570416627832,Shared room,True,False,2.0,False,0,1,8.0,100.0,1,4.341189536921056,0.1368206079180331,192.3290821046688,9.35201558411321,452.1769114836025,20.85997527349546,2.37881,48.89163,Quartier de la Villette
1012,273.55764749743685,Entire home/apt,False,False,2.0,False,0,1,10.0,93.0,0,5.599925112367227,0.3591422814195276,263.4010592622536,12.807895634587055,539.3131808780288,24.879774557427467,2.28917,48.88447,Paris 17e Arrondissement
718,339.50041942399105,Entire home/apt,False,False,2.0,False,0,1,10.0,100.0,0,0.8832491447142591,0.1848116962474188,459.5608901432437,22.3461816561346,1114.3372487116694,51.406975597654615,2.357,48.864,Paris 3e Arrondissement
1844,231.61524839220803,Entire home/apt,False,False,2.0,False,1,0,10.0,95.0,1,2.7815133768706035,0.24324535838144,346.4537629946786,16.84633938479264,825.590668838168,38.08642259395256,2.3517900000000003,48.88158,Paris 10e Arrondissement
716,339.50041942399105,Entire home/apt,False,False,2.0,False,0,1,10.0,100.0,0,0.8832652151924608,0.1847963495617585,459.55839210258506,22.346060188726167,1114.3316727037804,51.406718363409055,2.357,48.864,Paris 3e Arrondissement
1183,623.5436666977351,Entire home/apt,False,False,4.0,False,0,0,9.0,100.0,0,3.984416192181278,0.2235603482386153,481.7011986038594,23.422755762842325,988.2232539192478,45.5890429562463,2.3036,48.87184,Paris 8e Arrondissement
3524,127.45829061422312,Private room,False,True,2.0,False,0,1,9.0,82.0,1,4.247311299118743,0.3993439390003277,166.88280573751717,8.114688547873603,392.88810131464913,18.124844215915616,2.408,48.868,Paris 20e Arrondissement
3521,127.45829061422312,Private room,False,True,2.0,False,0,1,8.0,82.0,1,4.247324811199984,0.399361415790083,166.88239003318353,8.114668334220195,392.8869100680042,18.124789260930243,2.408,48.868,Paris 20e Arrondissement
2440,475.34718985926,Entire home/apt,False,False,4.0,False,0,0,10.0,95.0,1,2.0226187416775154,0.1596643082317601,280.22252078150336,13.625840422520746,777.2705223448409,35.85730156750441,2.37628,48.86605,Paris 11e Arrondissement
728,231.61524839220803,Entire home/apt,False,False,2.0,False,0,1,10.0,80.0,0,0.8832512112456741,0.1848005667001746,459.56168716436815,22.346220411344653,1114.3374806972006,51.40698629968809,2.357,48.864,Paris 3e Arrondissement
3347,301.2862335725604,Private room,False,True,2.0,False,0,0,10.0,98.0,1,3.3493064309763447,0.1284165426433684,219.0669863495828,10.652148119705927,529.5426378016314,24.42903662321151,2.38335,48.87893,Paris 19e Arrondissement
575,521.4838288750117,Entire home/apt,False,False,2.0,False,0,0,9.0,94.0,1,1.7363662201866883,0.1115592415236012,655.6366499549474,31.88037971583292,1370.4656994657444,63.22277824896371,2.3349,48.86683,Paris 1er Arrondissement
718,339.50041942399105,Entire home/apt,False,False,2.0,False,0,1,10.0,100.0,0,0.8832491447142591,0.1848116962474188,459.5608901432437,22.3461816561346,1114.3372487116694,51.406975597654615,2.357,48.864,Paris 3e Arrondissement
3450,135.8467704352689,Private room,False,True,2.0,False,0,0,9.0,96.0,1,3.717279921909032,0.3565993427451482,188.0675965908784,9.144800541539716,452.6299251596416,20.880873850669,2.39738,48.87241,Paris 20e Arrondissement
3025,510.2991891136173,Entire home/apt,False,False,2.0,True,0,0,10.0,100.0,1,6.447527972191707,0.3588589672280878,235.5464535411612,11.453463408621262,408.5298849523191,18.846436167270685,2.26487,48.85541,Quartier d'Auteuil
727,339.50041942399105,Entire home/apt,False,False,2.0,False,0,1,10.0,100.0,0,0.8832681221836163,0.1847937072548945,459.5579239113096,22.3460374228914,1114.3306507270995,51.40667121724181,2.357,48.864,Paris 3e Arrondissement
145,324.35455308043623,Private room,False,True,3.0,False,0,1,9.0,89.0,2,1.1898043214309997,0.1855274763781279,731.3936685298136,35.56407024544578,1588.1612453172238,73.26558138261427,2.337,48.854,Quartier de Saint-Germain-des-Prés
158,405.4431913505453,Entire home/apt,False,False,3.0,False,0,1,10.0,100.0,1,0.8832473744913911,0.1848043216463049,459.562272462845,22.3462488715256,1114.3388022937634,51.40704726801913,2.357,48.864,Paris 3e Arrondissement
1727,195.4981824960388,Entire home/apt,False,False,2.0,False,0,0,10.0,96.0,1,2.589357891821612,0.1049462527379308,264.6355131960054,12.867921046760728,678.014061612953,31.27836959636829,2.37148,48.87631,Paris 10e Arrondissement
1576,183.1484760928325,Entire home/apt,False,False,2.0,False,0,0,7.0,79.0,0,2.0169469018611546,0.3370090764640873,373.5100464226133,18.16195313128016,983.6804597102746,45.37947326689432,2.35257,48.87471,Paris 10e Arrondissement
689,231.61524839220803,Private room,False,True,2.0,False,0,1,10.0,89.0,1,2.178961142752524,0.1125176528112546,318.558374220522,15.489924079909963,743.1042859635362,34.28113341737925,2.351,48.837,Paris 5e Arrondissement
1095,550.3774815919471,Entire home/apt,False,False,4.0,False,1,0,9.0,91.0,1,4.868871941402616,0.2132573486715629,444.8544051060043,21.63107775322645,698.4148096003573,32.21950366971537,2.29081,48.87233,Chaillot
1974,243.2659148103272,Entire home/apt,False,False,4.0,False,0,0,9.0,95.0,0,4.096542890759651,0.3713354752990092,167.01081726368054,8.120913117629387,416.21037904050456,19.20075526826616,2.40533,48.84417,Paris 12e Arrondissement
1936,206.4498089290708,Private room,False,True,2.0,False,0,0,9.0,94.0,1,1.2986993507283693,0.0552848641565021,371.8960213028426,18.083471042622183,941.0103431197732,43.411001294111365,2.37045,48.85651,Paris 11e Arrondissement
159,357.4424457078945,Entire home/apt,False,False,2.0,False,0,1,6.0,80.0,0,0.8832486127005152,0.1848117954848922,459.561022769795,22.346188105110283,1114.3374757390388,51.40698607095653,2.357,48.864,Paris 3e Arrondissement
64,287.3054338708174,Entire home/apt,False,False,2.0,False,0,1,9.0,92.0,0,1.3052907555668445,0.1543463187388944,481.6730744114959,23.42138822194629,1297.005047094905,59.83386706594297,2.34838,48.86795,Paris 2e Arrondissement
2935,256.7806878553453,Entire home/apt,False,False,4.0,False,0,0,10.0,100.0,1,4.573498867459411,0.0965507145234755,269.81086865981,13.119573082018125,608.5980764215064,28.076048341335763,2.32017,48.89165,Paris 17e Arrondissement
1704,509.8331624568925,Entire home/apt,False,False,4.0,False,0,0,9.0,93.0,2,3.226153510780416,0.0631995497508594,392.8130700291032,19.10056405591482,914.2351861701376,42.17580087204467,2.3273,48.88024,Paris 9e Arrondissement
748,382.3748718426694,Private room,False,True,2.0,False,0,1,7.0,67.0,1,0.9564434525210864,0.1600913280641439,753.9806609158993,36.662364390467296,1297.1127205768798,59.83883429473013,2.34231,48.85141,Paris 6e Arrondissement
778,562.0281480100662,Entire home/apt,False,False,6.0,False,0,0,8.0,94.0,2,1.5704144347478672,0.3434127497951107,429.40914388358345,20.88005080466456,916.3581208186224,42.27373679745348,2.34769,48.84284,Paris 5e Arrondissement
2642,236.0425016310933,Entire home/apt,False,False,2.0,False,0,0,10.0,100.0,0,4.943780082698495,0.1806637205823083,279.97644672280927,13.61387505354706,537.5958381842325,24.80054953461246,2.28874,48.84266,Paris 15e Arrondissement
1533,482.10457638176905,Private room,False,True,2.0,False,1,0,10.0,100.0,1,1.944100986013364,0.2055322435218048,452.6458794735293,22.009938760157567,1303.575560476006,60.136980168764254,2.3447,48.87323,Paris 9e Arrondissement
3034,211.5761021530432,Entire home/apt,False,False,2.0,False,0,0,10.0,92.0,1,4.015169313130076,0.1150003360090874,313.7122693041934,15.254281876433486,724.2550652044448,33.411574912790364,2.32453,48.88752,Quartier des Batignolles
2536,463.69652344114087,Entire home/apt,False,False,2.0,False,0,1,9.0,90.0,0,4.982814239045776,0.1517367626616236,428.284778903539,20.82537847585947,594.4052997744567,27.42130246112636,2.28482,48.85631,Paris 16e Arrondissement
328,312.7038866623171,Entire home/apt,False,False,2.0,False,0,0,9.0,87.0,0,1.2488136261435214,0.0535705549383187,371.3482457117681,18.05683541472719,1003.867325656806,46.310740462984405,2.36539,48.86409,Paris 3e Arrondissement
2032,291.4996737813403,Private room,False,True,2.0,False,1,0,10.0,97.0,1,2.7464459969512403,0.184238051813789,253.6839058384733,12.335398343704355,608.1718419189991,28.0563851498786,2.35783,48.83209,Paris 13e Arrondissement
3118,370.9572187529127,Entire home/apt,False,False,2.0,False,0,0,10.0,96.0,1,5.115648770382577,0.2259545646406524,291.74457231516783,14.186101015066724,615.3196480128473,28.38613011161979,2.29646,48.88375,Paris 17e Arrondissement
2506,216.00335539192844,Private room,False,True,2.0,True,0,0,10.0,97.0,1,5.016842115885052,0.5647181524596407,228.6905740607848,11.12009577101984,471.7360899009839,21.762285780278727,2.29546,48.83193,Paris 15e Arrondissement
261,602.3394538167584,Entire home/apt,False,False,2.0,False,0,0,10.0,97.0,1,0.8848368095877874,0.1988051380048705,694.9056279724392,33.7898366236131,1440.9030574633075,66.47221781309058,2.34363,48.86178,Quartier Les Halles
1412,336.00521949855533,Private room,False,True,5.0,False,1,0,10.0,90.0,3,2.9577598915558223,0.2392799293926452,433.79642524111085,21.09338267927495,970.1921790071156,44.7572274272589,2.32793,48.87754,Paris 9e Arrondissement
241,1121.2601360797837,Private room,False,True,4.0,True,0,1,10.0,100.0,2,2.422491386663256,0.2594270551372274,591.2682576839851,28.7504619672797,1200.883608826573,55.39956099102314,2.3280000000000003,48.871,Paris 9e Arrondissement
52,948.8302730916208,Entire home/apt,False,False,6.0,False,0,1,10.0,95.0,2,1.1648511675162567,0.1959850190783646,479.6528856220061,23.32315639535297,1191.7812578291848,54.979648315444,2.35011,48.8669,Paris 2e Arrondissement
3525,127.45829061422312,Private room,False,True,2.0,False,0,1,9.0,79.0,1,4.247300093225308,0.3993469987937248,166.88319243516767,8.114707351074943,392.8891909856882,18.12489448498145,2.408,48.868,Paris 20e Arrondissement
171,339.50041942399105,Entire home/apt,False,False,2.0,False,0,1,8.0,73.0,0,0.8832579334944693,0.1848025408168789,459.5596170918517,22.346119753918213,1114.3342777158557,51.40683853869022,2.357,48.864,Paris 3e Arrondissement
2181,96.46751794202628,Shared room,True,False,6.0,False,0,1,9.0,93.0,1,4.344540399123763,0.0601008747713648,193.84693613551937,9.425821346588585,450.7471115974177,20.794015270862857,2.37708,48.8922,Quartier de la Villette
3320,241.4018081834281,Entire home/apt,False,False,4.0,False,0,0,9.0,91.0,1,3.5330170143318127,0.2404621824083318,194.9405552174544,9.478998653865355,478.396927054861,22.06956572934728,2.39816,48.86716,Paris 20e Arrondissement
2279,254.91658122844623,Entire home/apt,False,False,3.0,False,0,0,10.0,100.0,1,1.71539042084823,0.2169755147162838,305.82827152866884,14.87092191206942,875.2400069077008,40.37686232710428,2.37387,48.84995,Paris 12e Arrondissement
2936,585.7955075030292,Entire home/apt,False,False,4.0,False,1,0,10.0,80.0,1,5.342083205638132,0.4440898986681154,355.9507487953046,17.30813100901108,555.8911220256989,25.644553637569427,2.27998,48.85852,Paris 16e Arrondissement
2972,556.6688414577314,Entire home/apt,False,False,4.0,False,0,0,10.0,93.0,2,5.1618823883421046,0.116784314824892,365.8435099107344,17.789167236652716,655.6846095231714,30.24825990559422,2.28842,48.87541,Chaillot
727,339.50041942399105,Entire home/apt,False,False,2.0,False,0,1,10.0,100.0,0,0.8832681221836163,0.1847937072548945,459.5579239113096,22.3460374228914,1114.3306507270995,51.40667121724181,2.357,48.864,Paris 3e Arrondissement
1685,195.4981824960388,Entire home/apt,False,False,2.0,False,0,0,8.0,88.0,0,2.5761256056967343,0.1548849842033881,287.92355112718747,14.000303582321882,747.0798692656593,34.46453634502523,2.36404,48.87851,Paris 10e Arrondissement
841,275.6547674526983,Entire home/apt,False,False,4.0,False,0,0,10.0,93.0,1,0.4504948175315557,0.3694244335181968,675.9443320741202,32.86784223360423,1331.1363745077997,61.40842478395767,2.35838,48.85818,Paris 4e Arrondissement
2734,370.7242054245503,Entire home/apt,False,False,2.0,False,0,0,10.0,100.0,0,5.110358428275312,0.320975633832804,383.1760420615923,18.631962871161864,568.7323049862052,26.23694734949009,2.28311,48.85524,Paris 16e Arrondissement
3497,266.5672476465654,Entire home/apt,False,False,4.0,False,0,0,9.0,93.0,1,3.5915911202164863,0.1415359132712723,194.30505440802816,9.44809738085748,470.5793702167885,21.70892360410853,2.40017,48.86461,Paris 20e Arrondissement
154,529.4062820393327,Entire home/apt,False,False,4.0,False,0,1,10.0,100.0,1,0.8832463051313603,0.1848095504074043,459.5619247948728,22.3462319661452,1114.3387374690792,51.407044277505285,2.357,48.864,Paris 3e Arrondissement
238,548.9794016217728,Private room,False,True,2.0,True,0,1,10.0,100.0,1,2.422507907176543,0.2594016134348894,591.2668560174632,28.750393811143283,1200.9609610955667,55.40312943155511,2.3280000000000003,48.871,Paris 9e Arrondissement
1929,178.48820952558486,Private room,False,True,2.0,False,0,0,10.0,95.0,1,5.210611493097343,1.0458364633379698,138.5774566966362,6.738338895250494,318.04404369865694,14.672113323232072,2.42117,48.844,
2451,206.4498089290708,Private room,False,True,2.0,False,1,0,2.0,20.0,1,3.2339926719378167,0.2753965888315741,316.95949207633413,15.412178319539374,718.6130336423828,33.151294841234424,2.32111,48.83631,Paris
2597,168.00260974927767,Entire home/apt,False,False,2.0,False,0,0,9.0,89.0,0,3.242861934338165,0.3636486623330855,301.7114609775462,14.670741700061814,676.6969603323453,31.21760864319176,2.32571,48.833490000000005,Paris
789,526.6101220989841,Private room,False,True,2.0,False,1,0,10.0,100.0,1,0.6366629393775223,0.2442906412962788,584.4111344912722,28.4170338540756,1341.3248010730392,61.87844065789827,2.35,48.862,Quartier Les Halles
3245,288.7035138409917,Private room,False,True,2.0,False,0,0,9.0,89.0,1,3.5145540474500367,0.1629984085226427,337.8075205795627,16.42591521947489,712.9270834255399,32.88898869972775,2.34974,48.88812,Quartier de Clignancourt
154,529.4062820393327,Entire home/apt,False,False,4.0,False,0,1,10.0,100.0,1,0.8832463051313603,0.1848095504074043,459.5619247948728,22.3462319661452,1114.3387374690792,51.407044277505285,2.357,48.864,Paris 3e Arrondissement
775,296.6259670053127,Private room,False,True,2.0,False,1,0,10.0,88.0,1,2.163336047781109,0.1848863293110432,308.635456265122,15.007421473734814,707.1596502911428,32.62292356123953,2.35447,48.837140000000005,Paris 13e Arrondissement
650,166.37151645074098,Private room,False,True,2.0,False,0,1,9.0,86.0,1,2.178976974335204,0.1124999968096987,318.5561080395824,15.48981388669721,743.0990586509681,34.28089226926189,2.351,48.837,Paris 5e Arrondissement
867,457.6381769037189,Entire home/apt,False,False,4.0,False,0,0,9.0,88.0,2,0.8279365773689293,0.245778478872243,476.6457638299854,23.176934879841347,1101.302903837377,50.80567087625288,2.364,48.856,Paris 4e Arrondissement
3100,585.7955075030292,Entire home/apt,False,False,4.0,False,0,1,10.0,100.0,0,5.037229627443827,0.1303955723391503,427.6075617608957,20.792448743119508,599.3861690948517,27.65108157683364,2.2841,48.85776,Paris 16e Arrondissement
306,425.0163109329854,Entire home/apt,False,False,3.0,False,0,1,9.0,90.0,0,1.15256169833704,0.1498850223424359,519.9930619373062,25.2847003981536,1353.9005175417858,62.4585877815624,2.34729,48.86629,Paris 2e Arrondissement
566,515.4254823375898,Entire home/apt,False,False,2.0,False,0,0,10.0,96.0,1,1.7058646847336063,0.0691890362477875,474.55564312977896,23.075302609011032,1276.87374120771,58.90516298494018,2.34528,48.8711,Paris 2e Arrondissement
143,529.4062820393327,Entire home/apt,False,False,4.0,False,0,1,8.0,100.0,1,0.8832601532626411,0.1847989867187197,459.5594472142771,22.34611149360881,1114.3336566211908,51.40680988614512,2.357,48.864,Paris 3e Arrondissement
171,339.50041942399105,Entire home/apt,False,False,2.0,False,0,1,8.0,73.0,0,0.8832579334944693,0.1848025408168789,459.5596170918517,22.346119753918213,1114.3342777158557,51.40683853869022,2.357,48.864,Paris 3e Arrondissement
158,405.4431913505453,Entire home/apt,False,False,3.0,False,0,1,10.0,100.0,1,0.8832473744913911,0.1848043216463049,459.562272462845,22.3462488715256,1114.3388022937634,51.40704726801913,2.357,48.864,Paris 3e Arrondissement
3538,127.45829061422312,Private room,False,True,2.0,False,0,1,9.0,83.0,1,4.247312788402876,0.3993634613911453,166.882801962766,8.114688364326057,392.8880719982729,18.124842863482822,2.408,48.868,Paris 20e Arrondissement
2129,324.35455308043623,Entire home/apt,False,False,2.0,False,0,0,10.0,100.0,1,1.9855590332804764,0.3002720578578705,273.6109577804148,13.304352691466756,811.8318382610355,37.4516956577861,2.37913,48.85258,Paris 11e Arrondissement
2030,192.93503588405247,Entire home/apt,False,False,2.0,False,1,0,9.0,90.0,1,2.018256198777774,0.2827050141346274,284.62308826802365,13.839818336118247,785.3683712685418,36.23087422021387,2.37434,48.86782,Paris 11e Arrondissement
160,339.50041942399105,Entire home/apt,False,False,2.0,False,0,1,9.0,85.0,0,0.883252441716496,0.1848017348781371,459.5612096942036,22.346197194323228,1114.3368107800427,51.40695539484754,2.357,48.864,Paris 3e Arrondissement
143,529.4062820393327,Entire home/apt,False,False,4.0,False,0,1,8.0,100.0,1,0.8832601532626411,0.1847989867187197,459.5594472142771,22.34611149360881,1114.3336566211908,51.40680988614512,2.357,48.864,Paris 3e Arrondissement
1978,547.1152949948737,Private room,False,True,4.0,False,0,1,9.0,88.0,1,1.930943922581524,0.0554682555000096,300.9096804305859,14.631755062741252,824.3999827578812,38.03149346873078,2.37075,48.869240000000005,Paris 11e Arrondissement
2558,283.5772206170193,Private room,False,True,2.0,False,1,0,10.0,100.0,1,2.921191380314926,0.2383624766738114,342.2225675986652,16.640597201395693,703.4251379467496,32.4506417989819,2.33,48.835,Paris
2255,254.6835679000839,Entire home/apt,False,False,2.0,False,0,0,10.0,100.0,1,2.5931977631322853,0.2299554084026497,271.6994403899062,13.211405019540518,691.8058121795876,31.91461520841045,2.35422,48.83326,Paris 13e Arrondissement
438,580.203187622332,Entire home/apt,False,False,3.0,False,0,1,10.0,100.0,1,0.587521336493333,0.0887511065222104,549.1456739437722,26.702248274005782,1244.3095442000256,57.40290064661606,2.35397,48.86179,Paris 3e Arrondissement
313,576.7079876968962,Private room,False,True,2.0,False,1,0,10.0,100.0,1,2.182017854935206,0.1456089598741344,547.702764189825,26.63208668243723,1216.378616186333,56.11438181043808,2.3358,48.8727,Paris 9e Arrondissement
1598,785.7209432379533,Private room,False,True,4.0,False,1,0,8.0,100.0,2,2.178124130088796,0.12000671453494,393.7071643820012,19.144039458752854,1102.3710011889425,50.854944697577,2.34792,48.8759,Paris 9e Arrondissement
2613,203.88666231708456,Private room,False,True,3.0,False,1,0,10.0,100.0,2,3.6900998690239857,0.3667096842199994,198.91954631510745,9.672477384939672,519.395963836918,23.96094689408827,2.36278,48.82404,Paris 13e Arrondissement
2985,440.628203933265,Entire home/apt,False,False,2.0,True,1,0,10.0,100.0,1,5.403666498295633,0.4478799237764717,325.6566734387937,15.835079394870856,588.4760331735827,27.147771567480365,2.28378,48.87367,Paris 16e Arrondissement
909,614.2231335632398,Entire home/apt,False,False,2.0,False,0,0,10.0,99.0,1,2.1384091802330367,0.0773654943431615,491.0164485312862,23.87571046702895,927.228953854756,42.77523367307241,2.32691,48.84766,Paris 6e Arrondissement
1864,614.2231335632398,Entire home/apt,False,False,4.0,False,1,0,8.0,72.0,1,2.2465910503927145,0.0420882851351301,384.8466057290474,18.71319415080678,1049.350276692737,48.4089750474575,2.34849,48.87658,Paris 9e Arrondissement
133,282.4121539752074,Private room,False,True,3.0,False,0,1,9.0,90.0,2,1.1898197364465306,0.1855254837492282,731.399901116951,35.56437330544794,1588.2637750734648,73.27031131933963,2.337,48.854,Quartier de Saint-Germain-des-Prés
3516,359.53956566315594,Entire home/apt,False,False,4.0,False,0,0,8.0,87.0,1,2.559748607775708,0.1675614854796421,243.13859405269125,11.822631792329169,625.9497621764652,28.876522064362263,2.38337,48.86761,Quartier de Belleville
343,479.5414297697829,Private room,False,True,2.0,False,0,1,10.0,100.0,1,1.8011518095617671,0.0551128274090213,576.7320864061069,28.043639583288527,1341.3822328826627,61.881090121190695,2.337,48.869,Paris 2e Arrondissement
1620,426.4143909031597,Private room,False,True,2.0,False,0,1,9.0,67.0,1,2.1954843327387525,0.1899294900104411,443.26444004326737,21.55376558658896,1200.8147846315396,55.39638597042799,2.342,48.875,Paris 9e Arrondissement
3545,266.1012209898406,Entire home/apt,False,False,3.0,False,0,0,10.0,95.0,2,4.41375715272128,0.2892456689860134,181.7607615356528,8.838130228982392,464.2207275980236,21.415584593575616,2.38981,48.88785,Paris 19e Arrondissement
1032,496.085376083512,Private room,False,True,2.0,False,1,0,10.0,100.0,1,4.249877444861239,0.2583359989863603,453.3190240805845,22.04267046555881,861.4684061437506,39.74154627244352,2.30134,48.87421,Paris 8e Arrondissement
839,247.46015472085003,Private room,False,True,2.0,False,1,0,10.0,100.0,1,0.4518748969377055,0.3650843280250545,668.6546697580525,32.513381874116384,1335.417048420005,61.60590225283047,2.35842,48.85815,Paris 4e Arrondissement
105,416.860844440302,Entire home/apt,False,False,2.0,False,0,0,10.0,100.0,1,2.3204752225742364,0.2326133346579169,714.4711690289383,34.74121247831825,1047.5799398072395,48.32730527901209,2.32424,48.86562,Paris 1er Arrondissement
1861,253.518501258272,Entire home/apt,False,False,3.0,False,0,0,9.0,93.0,1,3.656096777957644,0.2633375063069315,370.2303950775725,18.002479846462073,814.896648411596,37.59308249628896,2.3184400000000003,48.88043,Paris 8e Arrondissement
240,681.3309721316059,Private room,False,True,2.0,True,0,1,10.0,100.0,1,2.422514955807607,0.2594091588783851,591.2622409700043,28.75016940412545,1200.889007478846,55.3998100434406,2.3280000000000003,48.871,Paris 9e Arrondissement
1478,438.0650573212788,Private room,False,True,2.0,False,0,1,10.0,100.0,1,2.1954806098521704,0.1899088737117038,443.2673496231721,21.55390706512312,1200.8271577729524,55.39695677229197,2.342,48.875,Paris 9e Arrondissement
3241,224.8578618696989,Private room,False,True,2.0,True,0,0,10.0,98.0,1,5.46181423880245,0.4818118453799164,321.14874583522834,15.615881087785636,522.2673051780271,24.0934085652974,2.27834,48.85477,Paris 16e Arrondissement
2112,336.23823282691774,Entire home/apt,False,False,2.0,False,0,0,10.0,89.0,1,2.404134657632575,0.1940693987242138,288.5955714915868,14.032980621342343,663.2713587769936,30.59825433879447,2.35372,48.83495,Paris 13e Arrondissement
235,504.9398825612825,Private room,False,True,2.0,True,0,1,10.0,100.0,1,2.422477210368025,0.2594209646035098,591.2755568429494,28.7508168894144,1200.9764103226523,55.40384214042373,2.3280000000000003,48.871,Paris 9e Arrondissement
160,339.50041942399105,Entire home/apt,False,False,2.0,False,0,1,9.0,85.0,0,0.883252441716496,0.1848017348781371,459.5612096942036,22.346197194323228,1114.3368107800427,51.40695539484754,2.357,48.864,Paris 3e Arrondissement
1547,223.22676857116227,Private room,False,True,2.0,False,0,1,9.0,89.0,1,3.2249465458810964,0.2255871549108443,529.0713450196719,25.726132572290787,925.2693236665256,42.68483136319427,2.34358,48.88494,Quartier de Clignancourt
504,358.8405256780688,Entire home/apt,False,False,2.0,False,1,0,7.0,100.0,1,1.634715049851566,0.411702036667302,824.1702938823519,40.07534039057225,1094.2254209034472,50.47917008585213,2.33049,48.85732,Paris 7e Arrondissement
3467,201.090502376736,Entire home/apt,False,False,2.0,False,0,0,10.0,100.0,0,3.67641257245008,0.3499440065688688,183.5400278972816,8.9246471850254,451.9997594298744,20.851802836189247,2.40281,48.85504,Quartier de Charonne
1131,442.7253238885264,Private room,False,True,2.0,False,0,1,10.0,95.0,1,3.111946702655516,0.1910164338920633,554.4743599726943,26.96135601912676,867.2836192306626,40.00981561155038,2.31033,48.85606,Quartier des Invalides
1857,295.2278870351384,Entire home/apt,False,False,2.0,True,0,0,10.0,96.0,1,2.666336109616556,0.1833216994633716,414.1061048871127,20.13593942216754,1050.0857302107704,48.44290323311088,2.3398,48.87898,Paris 9e Arrondissement
650,166.37151645074098,Private room,False,True,2.0,False,0,1,9.0,86.0,1,2.178976974335204,0.1124999968096987,318.5561080395824,15.48981388669721,743.0990586509681,34.28089226926189,2.351,48.837,Paris 5e Arrondissement
1417,264.0041010345792,Private room,False,True,2.0,False,0,1,9.0,95.0,1,1.84234058381516,0.0260282079225628,365.1673610210066,17.756289447788348,977.2335337279568,45.08206153894923,2.356,48.873000000000005,Paris 10e Arrondissement
561,854.9259017615808,Entire home/apt,False,False,6.0,False,0,0,9.0,90.0,2,1.14563005032052,0.0948158324822793,458.2976921907117,22.284758563960374,1113.0399291177969,51.34712721981239,2.3530900000000003,48.86687,Paris 3e Arrondissement
268,754.0311305806692,Entire home/apt,False,False,3.0,False,1,0,10.0,100.0,0,1.7176590502444815,0.332988410577325,805.9142495915922,39.18763891119572,1083.246646787673,49.97269363654176,2.32935,48.8572,Paris 7e Arrondissement
1259,338.1023394538168,Private room,False,True,2.0,False,1,0,9.0,88.0,1,4.650856392651762,0.0163169973848515,479.7411030862432,23.32744597595778,785.2483831110806,36.22533888673225,2.29325,48.87104,Chaillot
550,294.0628203933265,Entire home/apt,False,False,2.0,True,0,0,10.0,97.0,1,2.021533740414838,0.2023443312469417,348.40557877559013,16.94124656887866,938.993544222048,43.31796165836321,2.3569400000000003,48.87454,Paris 10e Arrondissement
2907,359.53956566315594,Entire home/apt,False,False,3.0,False,0,0,10.0,100.0,1,3.774983906539304,0.2928068890841402,372.14284852583023,18.09547303426434,843.309336614014,38.90382605329931,2.3343,48.88827,Paris 18e Arrondissement
1437,229.5181284369466,Entire home/apt,False,False,2.0,False,0,0,9.0,86.0,0,3.121711181848256,0.2295602208797907,456.6002449791154,22.20222007002933,1074.5465348400703,49.57133718623523,2.34117,48.883590000000005,Quartier de Clignancourt
378,497.9494827104111,Entire home/apt,False,False,4.0,False,0,0,9.0,91.0,1,2.766345276131065,0.10538666856028,494.71633735658463,24.055617829841854,1054.2437792252156,48.634723729523934,2.32677,48.87461,Paris 8e Arrondissement
2542,251.65439463137287,Entire home/apt,False,False,2.0,False,1,0,9.0,86.0,1,5.767222710252047,0.3264366150050993,208.66799224431315,10.146496276171115,412.53940146964254,19.031404513256376,2.28333,48.83223,Paris 15e Arrondissement
1775,521.4838288750117,Entire home/apt,False,False,4.0,False,0,0,8.0,100.0,2,2.932410859859168,0.0795898836495899,267.15621435346225,12.990490323593235,728.5225315793728,33.60844308717237,2.36558,48.88155,Paris 10e Arrondissement
930,281.4801006617579,Private room,False,True,3.0,True,0,1,10.0,98.0,1,4.995273679486347,0.0684710011040435,287.75302680188537,13.992011824620738,603.4130205989766,27.836849626180687,2.3,48.885,Paris 17e Arrondissement
2296,758.9244104762793,Entire home/apt,False,False,6.0,False,0,1,8.0,83.0,2,1.9590999806960665,0.3029649768204931,287.3696682606172,13.973370987712402,766.5345976220165,35.3620283269459,2.37825,48.8618,Paris 11e Arrondissement
720,339.50041942399105,Entire home/apt,False,False,2.0,False,0,1,8.0,77.0,0,0.883249920873949,0.1848146906740136,459.5603132922274,22.34615360671204,1114.3365923622853,51.40694531872712,2.357,48.864,Paris 3e Arrondissement
241,1121.2601360797837,Private room,False,True,4.0,True,0,1,10.0,100.0,2,2.422491386663256,0.2594270551372274,591.2682576839851,28.7504619672797,1200.883608826573,55.39956099102314,2.3280000000000003,48.871,Paris 9e Arrondissement
676,727.9336378040824,Entire home/apt,False,False,2.0,False,0,1,10.0,97.0,1,0.7993056667287041,0.3547136153629832,485.84254231543486,23.624128901558528,1061.5087251816997,48.96987262626506,2.363,48.859,Paris 3e Arrondissement
289,303.3833535278218,Entire home/apt,False,False,3.0,False,0,0,9.0,94.0,1,3.784139570920168,0.1966244473085952,386.82810101997455,18.809544503222604,783.1922081342117,36.13048274063948,2.31445,48.87938,Paris 8e Arrondissement
1651,399.6178581414857,Entire home/apt,False,False,2.0,False,0,1,10.0,93.0,1,2.24706947514921,0.1387442456687138,425.6593731174625,20.69771792885677,1136.3809832175027,52.42390447006976,2.34318,48.87577,Paris 9e Arrondissement
37,697.4088917886103,Private room,False,True,4.0,False,0,1,10.0,92.0,1,2.707759398134474,0.2650604154327874,562.9163176045469,27.371846822023336,1015.8066789818038,46.86153067101123,2.321,48.869,Paris 8e Arrondissement
134,628.90297325007,Entire home/apt,False,False,6.0,False,0,1,9.0,87.0,0,1.2742817667929762,0.1916363426361999,432.23164412574346,21.017295083907143,1082.005622537615,49.91544229417428,2.354,48.868,Paris 3e Arrondissement
808,774.3032901481965,Entire home/apt,False,False,4.0,False,1,0,10.0,100.0,2,0.2921437963433001,0.1499560792677592,699.8918637032317,34.03229269811907,1377.918757334165,63.56660518682544,2.3497,48.85826,Paris 4e Arrondissement
158,405.4431913505453,Entire home/apt,False,False,3.0,False,0,1,10.0,100.0,1,0.8832473744913911,0.1848043216463049,459.562272462845,22.3462488715256,1114.3388022937634,51.40704726801913,2.357,48.864,Paris 3e Arrondissement
159,357.4424457078945,Entire home/apt,False,False,2.0,False,0,1,6.0,80.0,0,0.8832486127005152,0.1848117954848922,459.561022769795,22.346188105110283,1114.3374757390388,51.40698607095653,2.357,48.864,Paris 3e Arrondissement
235,504.9398825612825,Private room,False,True,2.0,True,0,1,10.0,100.0,1,2.422477210368025,0.2594209646035098,591.2755568429494,28.7508168894144,1200.9764103226523,55.40384214042373,2.3280000000000003,48.871,Paris 9e Arrondissement
135,529.4062820393327,Entire home/apt,False,False,5.0,False,0,1,9.0,80.0,1,0.8832443062899539,0.1848090374417433,459.56253129814127,22.34626145741067,1114.33968200377,51.40708785109296,2.357,48.864,Paris 3e Arrondissement
