Unnamed: 0,realSum,room_type,room_shared,room_private,person_capacity,host_is_superhost,multi,biz,cleanliness_rating,guest_satisfaction_overall,bedrooms,dist,metro_dist,attr_index,attr_index_norm,rest_index,rest_index_norm,lng,lat,district
702,405.67620467890765,Private room,False,True,2.0,False,0,1,10.0,97.0,1,1.835269083234504,0.1216683089595817,305.8176417524885,14.887099746016844,700.8372289046691,41.180871010501136,2.367,48.843,Paris 13e Arrondissement
647,184.5465560630068,Private room,False,True,3.0,False,1,0,6.0,68.0,1,2.01557491202647,0.4168288462653085,358.382526460164,17.4459406202604,769.1629551567331,45.1956590432125,2.3465700000000003,48.8389,Paris 5e Arrondissement
1710,475.1141765308976,Entire home/apt,False,False,5.0,True,0,0,10.0,96.0,2,1.7061546179197238,0.1335280018876892,304.87894710637704,14.841404406965658,809.8128064731102,47.5842254814881,2.37414,48.86259,Paris 11e Arrondissement
1499,248.3922080342996,Entire home/apt,False,False,2.0,False,0,0,10.0,100.0,1,3.5213333711644728,0.2475106673212768,367.4292686222468,17.88633298013748,947.5170425572876,55.675662622527135,2.33065,48.88469,Paris 18e Arrondissement
608,166.37151645074098,Private room,False,True,2.0,False,0,1,9.0,88.0,1,2.178962694756405,0.1125181677038645,318.55828189768226,15.507309814941236,743.1038458973101,43.66443785118472,2.351,48.837,Paris 5e Arrondissement
1318,374.219405349986,Private room,False,True,2.0,False,0,1,10.0,94.0,1,2.195459051631242,0.1899133536456661,443.26973951392426,21.578221546406244,1200.836814708719,70.56061512095759,2.342,48.875,Paris 9e Arrondissement
1087,263.30506104949205,Entire home/apt,False,False,2.0,False,0,0,7.0,70.0,0,5.0700728295330695,0.4884600082316044,315.2037925629623,15.344014404523602,651.7002686125852,38.29360597922,2.29469,48.88133,Paris 17e Arrondissement
144,339.50041942399105,Entire home/apt,False,False,2.0,False,0,1,9.0,83.0,0,0.8832504610369238,0.1848095993575755,459.5607880923189,22.371264301441467,1114.3368787998436,65.47791894534596,2.357,48.864,Paris 3e Arrondissement
1382,289.8685804828036,Entire home/apt,False,False,3.0,False,0,0,9.0,100.0,1,2.4126380317230938,0.369822692979346,287.33927577407286,13.987579117031288,740.6754335524615,43.521745466406855,2.3662400000000003,48.87636,Paris 10e Arrondissement
161,377.48159194705937,Entire home/apt,False,False,2.0,False,0,1,10.0,60.0,0,0.4429174587810903,0.1449318329577996,669.1979079138274,32.57632865079104,1357.681450551609,79.7767332878389,2.34844,48.85936,Quartier Les Halles
1468,301.2862335725604,Entire home/apt,False,False,2.0,False,0,1,10.0,87.0,0,2.651812996414489,0.3546858099461609,404.1689104862012,19.674806365542413,1022.1863437461136,60.06319618079302,2.34208,48.87936,Paris 9e Arrondissement
1105,301.2862335725604,Entire home/apt,False,False,3.0,False,0,0,9.0,93.0,1,1.717558323020485,0.1812694995406653,644.5824055035645,31.378054288396704,1121.8565150758852,65.91976929055883,2.32978,48.85356,Paris 7e Arrondissement
1961,171.03178301798863,Private room,False,True,2.0,False,0,0,10.0,95.0,1,4.344339778448288,0.1549334738765278,163.22617467459173,7.945795179167887,385.1911976472244,22.633656390489044,2.4011400000000003,48.83405,Paris 12e Arrondissement
2059,417.0938577686644,Entire home/apt,False,False,4.0,False,0,0,10.0,96.0,2,2.424139709350833,0.2200539663027046,243.64937713139523,11.860769573737125,640.189803374848,37.617256372383416,2.38579,48.85685,Paris 11e Arrondissement
3108,127.22527728586076,Private room,False,True,2.0,False,0,1,9.0,83.0,1,4.24730771909596,0.3993526146891393,166.88294767196112,8.123805656419684,392.888494054075,23.085945962713275,2.408,48.868,Paris 20e Arrondissement
772,475.1141765308976,Entire home/apt,False,False,4.0,False,0,0,10.0,100.0,1,1.4476796408077397,0.159610877925528,341.3396943922131,16.616301298289745,945.4185289447228,55.55235493448112,2.3681,48.86475,Paris 11e Arrondissement
264,184.08052940628204,Entire home/apt,False,False,2.0,False,0,0,8.0,90.0,1,1.4589462613449982,0.1304510343246123,462.03388147184654,22.491653653773334,1163.7582617861935,68.38189652242512,2.34858,48.8694,Paris 2e Arrondissement
160,377.48159194705937,Entire home/apt,False,False,2.0,False,0,1,8.0,75.0,0,0.3653710958770504,0.11323475855747,696.5541849177177,33.90802299681635,1310.063794364468,76.97874186216967,2.3487400000000003,48.85852,Paris 4e Arrondissement
1346,264.0041010345792,Private room,False,True,2.0,False,0,1,8.0,80.0,1,1.84233133069988,0.0260216452274716,365.1684811370941,17.776278607200897,977.23772684741,57.42203626767183,2.356,48.873000000000005,Paris 10e Arrondissement
152,339.50041942399105,Entire home/apt,False,False,2.0,False,0,1,10.0,94.0,0,0.8832458948155467,0.1848093067737421,459.5620661901694,22.371326518814133,1114.338945693063,65.47804039503434,2.357,48.864,Paris 3e Arrondissement
2040,564.35828129369,Entire home/apt,False,False,6.0,False,0,1,10.0,80.0,1,2.0163792599425325,0.2978771427465618,274.5606537272751,13.365520101935962,811.0352470404608,47.656055523109536,2.37829,48.84987,Paris 12e Arrondissement
2750,312.7038866623171,Entire home/apt,False,False,4.0,False,0,0,10.0,100.0,1,4.2285357241953925,0.2080851185437849,280.9391695300264,13.676024101780277,643.3089547436382,37.80053626232467,2.3432,48.89408,Quartier de Clignancourt
2471,336.23823282691774,Entire home/apt,False,False,2.0,False,0,0,9.0,91.0,0,6.611303928038827,0.1005136145840365,211.3698820480584,10.28941463063144,401.6330117168151,23.59976977096209,2.26348,48.8484,Quartier d'Auteuil
696,339.50041942399105,Entire home/apt,False,False,2.0,False,0,1,9.0,80.0,0,0.8832424240160853,0.1848170193451407,459.5620685846965,22.371326635378907,1114.3396954651828,65.47808445129688,2.357,48.864,Paris 3e Arrondissement
1368,505.1728958896449,Entire home/apt,False,False,6.0,False,0,0,9.0,91.0,2,2.6129861002557475,0.2090080585016632,283.6242772148831,13.806734239050938,734.4149792447264,43.153884070520526,2.3647400000000003,48.8787,Paris 10e Arrondissement
3097,127.22527728586076,Private room,False,True,2.0,False,0,1,8.0,78.0,1,4.306843154111381,0.4294320917944274,164.9597202039799,8.030183591367962,387.4517851018956,22.76648746244032,2.40877,48.86817,Paris 20e Arrondissement
705,909.9170472551032,Private room,False,True,4.0,False,0,1,10.0,80.0,1,2.410223592197209,0.2355228632704812,254.7819990146204,12.40270185553922,607.9537837909298,35.723082790235004,2.372,48.839,Paris 13e Arrondissement
3128,200.3914623916488,Entire home/apt,False,False,2.0,True,0,0,9.0,93.0,1,2.891205536045136,0.2406863935733151,235.1685234921209,11.447924476457125,602.4515471953624,35.399773915982635,2.382,48.874,Paris 19e Arrondissement
1229,229.75114176530897,Entire home/apt,False,False,2.0,False,0,0,9.0,91.0,0,3.394743633497777,0.1049253022715539,388.757261515103,18.92457248705012,1028.4785799067638,60.43292506363835,2.33301,48.88419,Paris 18e Arrondissement
1142,579.5041476372448,Entire home/apt,False,False,4.0,True,0,0,8.0,92.0,1,3.9508960726972746,0.2774567119577801,498.4476449633405,24.26426338982145,1014.9428088062956,59.63756942223325,2.30285,48.86996,Paris 8e Arrondissement
2699,510.0661757852549,Entire home/apt,False,False,5.0,False,0,0,7.0,87.0,1,5.4176549909437215,0.4968732457594694,328.3879888739212,15.985816638127783,529.1048333667148,31.08995497850645,2.27893,48.85501,Paris 16e Arrondissement
2394,289.8685804828036,Entire home/apt,False,False,3.0,False,0,0,9.0,92.0,1,4.878785350655613,0.269969496943513,253.9758310339183,12.363457869901303,520.0370976885065,30.557139029352,2.293,48.8373,Paris 15e Arrondissement
70,594.4170006524373,Entire home/apt,False,False,6.0,False,0,1,9.0,90.0,1,1.2742995190861257,0.1916186925564363,432.22927578432456,21.04077549246716,1082.0050143992598,63.57811356615631,2.354,48.868,Paris 3e Arrondissement
151,339.50041942399105,Entire home/apt,False,False,2.0,False,0,1,10.0,100.0,0,0.8832449646643864,0.1848189435179878,459.561142359345,22.371281547040915,1114.338363169462,65.47800616621731,2.357,48.864,Paris 3e Arrondissement
2908,206.2167956007084,Entire home/apt,False,False,2.0,False,0,0,10.0,97.0,1,3.630388401091521,0.2823593289997278,193.27057094701075,9.408346265342168,457.5044996246853,26.8827525261658,2.40118,48.86329,Paris 20e Arrondissement
2828,336.00521949855533,Entire home/apt,False,False,4.0,False,1,0,10.0,96.0,1,4.890724552011232,0.4267769945759769,275.03184782890366,13.388457672020152,579.8618122994437,34.072411554876126,2.3057,48.88775,Paris 17e Arrondissement
1799,516.8235623077641,Entire home/apt,False,False,4.0,False,0,0,9.0,88.0,2,2.534896605668483,0.2126500205936788,272.4940707085353,13.264919536981292,643.9391864983716,37.83756838837048,2.35574,48.83385,Paris 13e Arrondissement
2152,579.5041476372448,Entire home/apt,False,False,4.0,False,0,0,8.0,92.0,1,3.0128600405727832,0.2184421552048475,255.1941440275193,12.422764935882428,597.2207028132977,35.092411922513094,2.34758,48.82968,Paris 13e Arrondissement
1191,301.053220244198,Private room,False,True,2.0,False,1,0,10.0,100.0,1,1.634518691552556,0.2081033091323338,375.7459588784734,18.29118665925053,1004.3874147478688,59.017339355596455,2.357,48.871,Paris 10e Arrondissement
1698,317.5971665579271,Private room,False,True,2.0,False,1,0,10.0,96.0,1,2.781578121586198,0.1951077432306368,251.01012434138067,12.219088267493047,615.6091816578066,36.172910423653725,2.35814,48.8318,Paris 13e Arrondissement
467,334.1411128716563,Entire home/apt,False,False,3.0,False,0,1,8.0,94.0,0,0.5598823050478954,0.2788045348377517,618.0339769810554,30.085685734216085,1346.3628387620993,79.11165690077222,2.34918,48.86102,Quartier Les Halles
2429,405.67620467890765,Entire home/apt,False,False,4.0,False,1,0,8.0,87.0,2,4.386637561406944,0.2693362990085318,272.00119585423937,13.240926555163243,568.0880123789221,33.38058852403026,2.30051,48.83737,Paris 15e Arrondissement
361,554.8047348308323,Entire home/apt,False,False,4.0,True,0,0,9.0,100.0,1,1.243300899241696,0.216683640312643,415.3014592277504,20.21673508683237,1057.6447126448709,62.146713516401206,2.3573,48.867340000000006,Paris 3e Arrondissement
958,312.9368999906795,Entire home/apt,False,False,2.0,False,0,0,8.0,73.0,1,2.383196631265336,0.1752461838211575,430.0243598176657,20.933440926223263,997.4709030634316,58.61092833207736,2.32717,48.84335,Paris 6e Arrondissement
164,339.50041942399105,Entire home/apt,False,False,2.0,False,0,1,8.0,73.0,0,0.883262774604415,0.1848067494032371,459.5577860809775,22.371118164540984,1114.3316810650142,65.47761352885448,2.357,48.864,Paris 3e Arrondissement
2414,399.6178581414857,Entire home/apt,False,False,4.0,True,0,0,10.0,97.0,1,4.451049309543334,0.1804248896729426,272.81781578587567,13.28067933825054,575.8601486674114,33.83727565304099,2.29902,48.83797,Paris 15e Arrondissement
2684,527.3091620840712,Entire home/apt,False,False,5.0,False,0,1,9.0,89.0,1,3.8532943373479376,0.1697011916941304,309.9513330067499,15.088326443302124,662.4654809851895,38.926164872830334,2.34804,48.891090000000005,Quartier de Clignancourt
2255,260.74191443750584,Entire home/apt,False,False,4.0,False,0,0,10.0,96.0,1,3.9603782268309984,0.1515538721508974,265.3948438879925,12.919331567656243,571.0659270480603,33.55556941090712,2.31251,48.83282,Paris
300,378.4136452605089,Private room,False,True,2.0,False,0,1,10.0,92.0,1,1.9627986881203472,0.0618164624219192,511.1932452575179,24.8847149171269,1322.4288878993066,77.70530903196287,2.33945,48.87189,Paris 2e Arrondissement
131,463.23049678441606,Private room,False,True,4.0,False,1,0,9.0,89.0,1,1.177094012836009,0.1528959557011923,437.1159442779559,21.27865686802654,1065.5608819408333,62.61186395822892,2.35604,48.86693,Paris 3e Arrondissement
3038,333.6750862149315,Private room,False,True,2.0,False,0,1,9.0,95.0,1,3.728795224687787,0.1319530580349347,220.88521841436864,10.75261799846334,521.5961357383455,30.648747383165087,2.37182,48.88766,Quartier de la Villette
1706,391.6954049771647,Entire home/apt,False,False,2.0,False,0,1,9.0,88.0,0,2.0229407941476065,0.2829388003805579,271.2828227083596,13.205956392499353,802.5044517661197,47.15478994342753,2.379,48.851000000000006,Paris 11e Arrondissement
736,581.8342809208687,Entire home/apt,False,False,3.0,False,0,0,10.0,97.0,1,0.1470688958872989,0.1068262234487604,665.297660718936,32.38646593164986,1265.3027069729487,74.34860109604513,2.35272,48.857890000000005,Paris 4e Arrondissement
284,275.6547674526983,Entire home/apt,False,False,2.0,False,1,0,9.0,92.0,0,2.065571322193246,0.272814979451809,456.25392748993,22.21028744166377,1338.49901388697,78.6495821928718,2.343,48.874,Paris 9e Arrondissement
1286,278.2179140646845,Private room,False,True,2.0,False,0,0,9.0,88.0,0,3.43843456243982,0.1615231187231847,368.107412791325,17.919344809767043,900.810821279787,52.93122669005999,2.3271,48.88246,Paris 8e Arrondissement
152,339.50041942399105,Entire home/apt,False,False,2.0,False,0,1,10.0,94.0,0,0.8832458948155467,0.1848093067737421,459.5620661901694,22.371326518814133,1114.338945693063,65.47804039503434,2.357,48.864,Paris 3e Arrondissement
153,339.50041942399105,Entire home/apt,False,False,2.0,False,0,1,9.0,90.0,0,0.8832361750804796,0.184824656040472,459.562836144768,22.37136399994453,1114.3416935067228,65.47820185529247,2.357,48.864,Paris 3e Arrondissement
2779,432.2397241122192,Entire home/apt,False,False,2.0,False,0,0,10.0,100.0,1,7.043735672192622,0.3016816748140515,178.67623501692427,8.697898910267998,350.5057588288637,20.595556068458585,2.26104,48.83782,Quartier d'Auteuil
2358,176.15807624196106,Entire home/apt,False,False,2.0,False,0,0,9.0,87.0,0,3.5624360843084326,0.3102106801772993,202.1749090714855,9.841806444655834,502.7648608594371,29.54223039210338,2.36495,48.82555,Paris 13e Arrondissement
1557,382.3748718426694,Entire home/apt,False,False,2.0,True,1,0,10.0,100.0,1,1.8705707242129377,0.1614974327607702,374.4686262090877,18.22900653534068,1028.6047731493095,60.44034012012985,2.3541,48.87337,Paris 10e Arrondissement
2614,236.0425016310933,Private room,False,True,2.0,False,0,0,10.0,100.0,1,6.9605344565633605,0.364091832535194,183.1427133314573,8.915325569504652,364.1366586932311,21.39650143197597,2.26161,48.83917,Quartier d'Auteuil
2036,122.09898406188834,Shared room,True,False,2.0,False,0,1,8.0,87.0,1,4.32494202978122,0.043833409368105,194.596618967438,9.47289783612462,453.0414121454667,26.62050357275684,2.3769,48.89206,Quartier de la Villette
2747,169.16767639108957,Entire home/apt,False,False,2.0,False,1,0,9.0,90.0,0,4.453811959724829,0.4557970496378411,263.43993348366723,12.824167187939818,573.6033148030482,33.70466514031791,2.33912,48.89561,Paris 18e Arrondissement
694,498.4155093671358,Entire home/apt,False,False,4.0,True,0,1,10.0,93.0,1,0.6942042726063086,0.1414489809507064,836.2029036563551,40.70607556615812,1634.5675769441032,96.04643384782102,2.34528,48.85273,Paris 5e Arrondissement
42,312.7038866623171,Entire home/apt,False,False,2.0,False,0,0,9.0,93.0,0,0.5760928605670635,0.0930472805042513,512.0496091152199,24.92640242114216,1115.5970367288735,65.55196524167263,2.36003,48.85463,Paris 4e Arrondissement
1319,427.5794575449716,Private room,False,True,2.0,False,0,1,10.0,100.0,1,2.1954795950362143,0.1899234770625275,443.2657820165471,21.578028896767524,1200.8204074000153,70.55965103509644,2.342,48.875,Paris 9e Arrondissement
2904,220.1975953024513,Private room,False,True,4.0,False,0,0,9.0,85.0,2,3.7807156134801447,0.0120083059661312,216.18810658036105,10.523964177217602,513.4306627703203,30.168947973020284,2.3736,48.88767,Quartier de la Villette
2363,216.00335539192844,Entire home/apt,False,False,2.0,False,1,0,10.0,86.0,0,4.97823259915044,0.3117974988237358,258.6212890598571,12.589597201176565,515.4740483450172,30.289016363091147,2.29028,48.83908,Paris 15e Arrondissement
197,380.0447385590456,Entire home/apt,False,False,3.0,False,1,0,10.0,100.0,1,1.501320073919438,0.2042117611855939,485.3183268663197,23.6251326091789,1222.098231106161,71.8099261022421,2.34601,48.86932,Paris 2e Arrondissement
2623,198.52735576474976,Private room,False,True,2.0,False,0,1,9.0,80.0,1,3.8373184105653073,0.2151555281100047,354.75500731101977,17.269354210482238,733.820258157051,43.11893853482593,2.34409,48.89061,Quartier de Clignancourt
2930,289.6355671544412,Entire home/apt,False,False,2.0,False,0,0,10.0,89.0,1,3.74743231985794,0.0925256314040788,185.6670098222212,9.038207472037064,458.1821386124778,26.922570279271724,2.40081,48.868,Paris 20e Arrondissement
429,370.7242054245503,Entire home/apt,False,False,3.0,False,0,1,9.0,93.0,1,0.8620271963113894,0.2562248061702077,794.9968521188481,38.70017886293634,1453.3772857138383,85.3997762449276,2.34121,48.85509,Paris 6e Arrondissement
1880,175.92506291359865,Entire home/apt,False,False,2.0,False,0,0,10.0,100.0,1,4.3170410503580925,0.1903575127361658,163.77124252048867,7.972328898229071,393.9502066280601,23.148331701878192,2.4029,48.83626,Paris 12e Arrondissement
2105,236.27551495945568,Entire home/apt,False,False,2.0,False,0,0,9.0,94.0,1,2.351932854231569,0.3144217815109339,256.24685365088266,12.474010485605442,652.750676269121,38.35532744667093,2.38393,48.86149,Paris 11e Arrondissement
260,430.8416441420449,Private room,False,True,3.0,False,1,0,9.0,90.0,1,1.4172889157013964,0.0376102403595915,914.7430735674682,44.52938457094786,1370.960296518711,80.55699212739025,2.3338400000000004,48.85394,Quartier de Saint-Germain-des-Prés
1355,127.9243172709479,Shared room,True,False,4.0,False,0,1,10.0,92.0,1,1.7129633320718178,0.0603666208379016,352.02592349200813,17.13650332982,993.8469293888904,58.39798531723499,2.36029,48.87115,Paris 10e Arrondissement
2124,141.90511697269085,Private room,False,True,2.0,False,0,0,9.0,92.0,1,3.3973945751306056,0.2287985498091496,277.5947344392265,13.513218128568589,605.9838612593181,35.607331054554855,2.3288,48.83041,Paris
100,443.657377201976,Entire home/apt,False,False,4.0,False,0,1,9.0,81.0,1,1.2743077890263204,0.1916087321358711,432.2295847627813,21.04079053343432,1082.007987917822,63.57828828872998,2.354,48.868,Paris 3e Arrondissement
2406,350.6850591853854,Entire home/apt,False,False,4.0,False,1,0,9.0,86.0,2,5.846632227132504,0.4035181229384344,205.93724306551235,10.024955595652946,404.8506861313778,23.788838829446604,2.28229,48.832,Paris 15e Arrondissement
2653,207.1488489141579,Entire home/apt,False,False,2.0,False,0,0,10.0,100.0,2,3.644581062274622,0.1939143168995977,299.06673472559453,14.558467866869735,641.1097840561298,37.67131401116957,2.35224,48.88935,Paris 18e Arrondissement
1774,225.5569018547861,Private room,False,True,2.0,True,1,0,10.0,96.0,1,2.0921906234343064,0.2947950801196839,264.4090286465879,12.871342413904898,802.59956449352,47.160378723242566,2.381,48.854,Paris 11e Arrondissement
268,252.81946127318483,Entire home/apt,False,False,2.0,True,1,0,10.0,97.0,1,3.041695994236045,0.170759860495816,415.9371927417483,20.247682380064173,1008.0002756385404,59.229629388405016,2.329,48.879,Paris 9e Arrondissement
1380,649.1751328175972,Entire home/apt,False,False,4.0,False,1,0,10.0,90.0,1,2.3016474208496214,0.0483039696042428,386.6913406143697,18.824004153776887,1032.1302063967066,60.647492945107615,2.34768,48.877,Paris 9e Arrondissement
20,484.2016963370305,Entire home/apt,False,False,2.0,False,0,0,10.0,96.0,1,0.8232619419926955,0.2393010939948618,494.1296515738344,24.05406492669863,1209.148338601368,71.04899641579664,2.3538,48.86394,Paris 3e Arrondissement
764,336.00521949855533,Entire home/apt,False,False,4.0,False,0,0,10.0,100.0,1,1.9768177724363416,0.2921759761532677,329.2949996000565,16.029969614631383,736.7927821764241,43.29360266961903,2.35467,48.83883,Paris 5e Arrondissement
2819,577.6400410103458,Private room,False,True,2.0,False,1,0,10.0,100.0,1,3.2651546912931058,0.2126742290901696,544.9819205639805,26.52953624493047,1040.0604258152484,61.11346896563144,2.34158,48.885,Quartier de Clignancourt
1458,152.15770342063567,Private room,False,True,2.0,False,0,0,9.0,90.0,1,2.467377963344077,0.2059684091229419,276.3205698783232,13.451192227112063,716.689714943324,42.11235574879608,2.369,48.876000000000005,Paris 10e Arrondissement
853,266.5672476465654,Entire home/apt,False,False,2.0,False,0,1,9.0,86.0,0,3.904608946566367,0.3491477759102306,329.15672719913533,16.023238560749604,640.4624598671468,37.63327754160281,2.30356,48.84315,Paris 15e Arrondissement
2868,217.6344486904651,Private room,False,True,3.0,False,1,0,9.0,95.0,1,4.205432361338759,0.1974443146658162,164.68799561329158,8.016956129859064,393.84374467217697,23.142076046653365,2.4100200000000003,48.85491,Quartier de Charonne
61,284.9753005871936,Entire home/apt,False,False,2.0,True,0,0,10.0,93.0,1,0.8711108211081108,0.0522761377701477,751.545654755811,36.58498921749747,1349.1147880890353,79.27336016878654,2.34484,48.85072,Paris 5e Arrondissement
2643,283.11119396029454,Entire home/apt,False,False,4.0,True,0,0,9.0,93.0,1,3.8570970332855343,0.0627508444969172,328.28697454382745,15.980899294578654,771.090961000807,45.30894777374468,2.3258400000000004,48.88638,Quartier des Batignolles
1375,316.89812657284,Private room,False,True,2.0,False,0,1,10.0,80.0,1,2.816526651277194,0.1942963474468828,351.1469728174936,17.09371630717362,829.11776560081,48.71857593964412,2.35079,48.88187,Paris 10e Arrondissement
1928,307.5775934383447,Private room,False,True,3.0,False,1,0,8.0,100.0,1,2.884520192280019,0.2521750122493559,214.37278281233245,10.43559482791816,587.1503923126168,34.50068514108572,2.39066,48.84969,Paris 11e Arrondissement
784,523.8139621586355,Entire home/apt,False,False,4.0,False,0,0,9.0,91.0,1,1.473382128406164,0.2504018588056632,440.3824163819483,21.437667629312426,995.5485858437568,58.49797386248046,2.34881,48.84357,Paris 5e Arrondissement
1321,262.6060210644049,Private room,False,True,2.0,True,0,1,10.0,100.0,1,2.879951771101939,0.2154585362278705,416.5205491839387,20.27607997509043,1081.9900425135288,63.57723382508429,2.336,48.88,Paris 9e Arrondissement
1016,950.4613663901577,Entire home/apt,False,False,6.0,False,1,0,10.0,96.0,2,1.0770712240480342,0.1618260935092868,714.0815288020083,34.76124819073553,1701.8513977665878,100.0,2.33887,48.8534,Paris 6e Arrondissement
2308,237.2075682729052,Entire home/apt,False,False,2.0,False,0,0,8.0,93.0,1,4.017840294747512,0.2817251086530729,224.33849254730208,10.920722219569486,489.84865849816896,28.783280322889425,2.329,48.824,Paris
152,339.50041942399105,Entire home/apt,False,False,2.0,False,0,1,10.0,94.0,0,0.8832458948155467,0.1848093067737421,459.5620661901694,22.371326518814133,1114.338945693063,65.47804039503434,2.357,48.864,Paris 3e Arrondissement
2166,218.79951533227705,Entire home/apt,False,False,4.0,False,0,0,9.0,89.0,1,2.989218448588505,0.1957849569239293,243.26968857942265,11.842286462974627,597.4440768299377,35.105537276285645,2.35475,48.82971,Paris 13e Arrondissement
2365,252.35343461646008,Entire home/apt,False,False,2.0,False,0,0,8.0,70.0,0,3.1616618274375448,0.2313550808897347,231.7248658916224,11.28028838490933,560.9308415856153,32.96003648272398,2.35563,48.82819,Paris 13e Arrondissement
2424,374.9184453350732,Private room,False,True,6.0,False,0,0,10.0,87.0,3,3.193453819274588,0.2997795826506694,286.7749191489865,13.9601064266991,599.1298268672797,35.204591167803684,2.3336900000000003,48.830740000000006,Paris
214,569.9506011743872,Private room,False,True,2.0,True,0,1,10.0,100.0,1,2.4224863053196355,0.2594262540400842,591.2705719929629,28.78285219813368,1200.908965630167,70.56485467568854,2.3280000000000003,48.871,Paris 9e Arrondissement
1297,229.5181284369466,Entire home/apt,False,False,3.0,False,0,0,8.0,91.0,0,3.384580709349546,0.1008628490050618,611.0233835570194,29.744412408765285,1014.6446639403152,59.62005056798007,2.33924,48.88568,Quartier de Clignancourt
1367,261.90698107931775,Entire home/apt,False,False,3.0,False,0,0,8.0,88.0,1,2.1062636645524857,0.2229509480575197,282.0142574180517,13.728359017886,758.6161898600109,44.57593599861747,2.37359,48.8696,Paris 11e Arrondissement
386,297.55802031876226,Private room,False,True,2.0,False,1,0,10.0,93.0,1,1.4091629180491276,0.173134893963612,462.2778498765432,22.50352995350144,1157.6240563192866,68.02145344995962,2.349,48.869,Paris 2e Arrondissement
1661,915.5093671358002,Entire home/apt,False,False,4.0,False,1,0,10.0,95.0,2,1.2974563146654434,0.1214773512828687,372.8043892117648,18.14799203912593,1002.029994608056,58.87881843990977,2.37,48.854,Paris 11e Arrondissement
791,577.174014353621,Entire home/apt,False,False,5.0,True,0,0,9.0,94.0,2,1.151339612613684,0.1428570989816309,392.2875326199591,19.096424894803,975.4990020182236,57.31986960191781,2.3673,48.85269,Paris 4e Arrondissement
167,355.5783390809954,Entire home/apt,False,False,2.0,False,0,1,10.0,76.0,0,2.678266256813557,0.0883834862924289,525.2105063498298,25.567070463561,1071.344239745783,62.95169138455648,2.32692,48.8736,Paris 8e Arrondissement
2793,347.65588591667444,Entire home/apt,False,False,2.0,False,0,0,10.0,60.0,0,5.799687721696988,0.0619082621857462,285.99550436482866,13.922164777653656,503.9356587440616,29.61102593360372,2.27714,48.87185,Paris 16e Arrondissement
2791,938.8106999720384,Entire home/apt,False,False,4.0,False,0,0,10.0,100.0,1,6.838020842142743,0.325293173479448,204.770412338961,9.968154669083294,375.4779194225592,22.06290866025758,2.25993,48.8509,Quartier d'Auteuil
3042,229.5181284369466,Entire home/apt,False,False,4.0,False,0,0,10.0,100.0,1,3.8368084338019006,0.2740055948260029,190.7481465380848,9.28555549512277,459.6890780534571,27.01111734295525,2.3917900000000003,48.879540000000006,Paris 19e Arrondissement
1793,368.6270854692888,Entire home/apt,False,False,3.0,False,0,0,9.0,85.0,1,2.379580715818713,0.1655520143868363,253.5524187998377,12.342846305027807,660.8835960921922,38.833214049093705,2.38273,48.864740000000005,Paris 11e Arrondissement
2899,272.1595675272626,Entire home/apt,False,False,2.0,True,0,0,10.0,99.0,1,3.202185809809689,0.1729103867675722,218.4177702030989,10.63250345101996,552.0189923896803,32.43638035107639,2.38577,48.87541,Paris 19e Arrondissement
3100,556.2028148010066,Entire home/apt,False,False,6.0,False,0,0,10.0,91.0,3,2.7467182287036005,0.3665200936858684,234.91396221551324,11.435532519293975,592.6456667854518,34.82358492423052,2.38472,48.86943,Quartier de Belleville
1428,202.0225556901855,Private room,False,True,2.0,False,1,0,10.0,100.0,1,1.7477767636895616,0.2738104450839548,402.6408397605537,19.60042039754749,1079.116903829397,63.40840952656431,2.35157,48.87227,Paris 10e Arrondissement
3030,222.5277285860752,Entire home/apt,False,False,2.0,False,0,0,9.0,93.0,1,3.91037382812289,0.2565751616392548,174.5991602627978,8.499428285130644,424.4103831419115,24.93815756762801,2.406,48.855,Quartier de Charonne
3119,151.6916767639109,Private room,False,True,2.0,False,1,0,9.0,88.0,1,2.687260165617662,0.2257760219277287,247.006563442899,12.024196272075766,632.0565279843345,37.1393488769824,2.37879,48.87357,Paris 19e Arrondissement
368,497.9494827104111,Entire home/apt,False,False,3.0,False,0,0,8.0,40.0,1,1.6035249568716423,0.1972255567384999,502.7033686618578,24.471430585370594,1312.3037915596365,77.110363060008,2.34367,48.869690000000006,Paris 2e Arrondissement
2785,218.79951533227705,Private room,False,True,2.0,False,1,0,10.0,100.0,1,7.620939167089046,0.9102146267614422,175.5587734454345,8.546141931490743,318.75851132643885,18.730102507466825,2.249,48.853,Quartier d'Auteuil
216,637.0584397427533,Private room,False,True,2.0,True,0,1,10.0,100.0,1,2.422490347310585,0.259426278330061,591.2688648474517,28.78276909486547,1200.89228531935,70.56387454834965,2.3280000000000003,48.871,Paris 9e Arrondissement
163,339.50041942399105,Entire home/apt,False,False,2.0,False,0,1,8.0,71.0,0,0.8832453496682292,0.1848122823648544,459.56185109903856,22.371316048250364,1114.3388807270726,65.47803657766283,2.357,48.864,Paris 3e Arrondissement
1563,688.5543853108398,Entire home/apt,False,False,6.0,False,0,1,10.0,100.0,0,1.5875019610356145,0.2170882791208865,383.1816191380807,18.65315209501783,1028.5353346561328,60.43625994642797,2.35651,48.87063,Paris 10e Arrondissement
2272,585.0964675179421,Entire home/apt,False,False,4.0,False,0,1,8.0,89.0,0,4.90430618373935,0.0734728066071528,462.82976219001466,22.530396858937703,615.340294429728,36.15711073465435,2.28589,48.856840000000005,Paris 16e Arrondissement
2162,225.09087519806133,Entire home/apt,False,False,4.0,False,0,0,9.0,90.0,1,5.937610988572672,0.3685566193003105,206.4425734387699,10.049554907936786,398.5427508840006,23.418187475535483,2.28029,48.83278,Paris 15e Arrondissement
425,466.9587100382142,Entire home/apt,False,False,4.0,False,0,1,10.0,100.0,1,1.4864573317674306,0.193134609525588,476.4165221184332,23.19179575378385,1195.8659610407717,70.26853006144704,2.34695,48.86938,Paris 2e Arrondissement
292,968.403392674061,Entire home/apt,False,False,6.0,False,0,1,10.0,99.0,2,1.171396749433076,0.1511438333630211,506.2946062298642,24.646250820005143,1268.0406478009786,74.50948123115111,2.34796,48.866620000000005,Paris 2e Arrondissement
1587,370.7242054245503,Entire home/apt,False,False,2.0,True,0,1,10.0,98.0,1,2.951421468120507,0.1407281874011276,418.227601581526,20.35917871056209,1049.690980829561,61.67935591833198,2.337,48.881,Paris 9e Arrondissement
1004,1356.1375710690652,Entire home/apt,False,False,6.0,True,0,0,10.0,96.0,1,2.177967044198761,0.1898277854593549,447.0738743865674,21.763405550088333,939.879611963906,55.22689073777828,2.33117,48.84311,Paris 6e Arrondissement
2067,241.86783484015285,Entire home/apt,False,False,3.0,True,0,0,10.0,94.0,1,2.9951560384134,0.2170757651658008,209.9284226719114,10.219244873943897,551.8588601715028,32.42697105609401,2.39311,48.85251,Paris 11e Arrondissement
2399,310.60676670705567,Entire home/apt,False,False,3.0,False,0,0,10.0,100.0,1,4.739750663354007,0.1120581206173385,258.1888039726805,12.568543972871726,544.7252680265998,32.0078044852486,2.29524,48.837140000000005,Paris 15e Arrondissement
3073,235.3434616460061,Entire home/apt,False,False,2.0,False,1,0,10.0,100.0,1,1.7435434004468848,0.1399311637860074,300.22924234500186,14.61505834604042,778.1793414915198,45.725457728727534,2.3757,48.86064,Paris 11e Arrondissement
3070,364.8988722154907,Entire home/apt,False,False,5.0,False,0,0,10.0,100.0,0,2.7456619090691983,0.3076385943757889,246.45825942565844,11.997505017284102,619.1257577192182,36.37954280448477,2.3784400000000003,48.87453,Paris 19e Arrondissement
606,231.61524839220803,Private room,False,True,2.0,False,0,1,10.0,92.0,1,2.178965546477952,0.1125115097557111,318.55767263690217,15.507280156331769,743.1027925112097,43.66437595470528,2.351,48.837,Paris 5e Arrondissement
144,339.50041942399105,Entire home/apt,False,False,2.0,False,0,1,9.0,83.0,0,0.8832504610369238,0.1848095993575755,459.5607880923189,22.371264301441467,1114.3368787998436,65.47791894534596,2.357,48.864,Paris 3e Arrondissement
1456,475.34718985926,Entire home/apt,False,False,2.0,True,0,0,10.0,96.0,1,2.709008193521941,0.2796252617503594,268.5107306851431,13.071011886949336,681.96519014236,40.07195875252869,2.36807,48.87874,Paris 10e Arrondissement
211,460.90036350079225,Private room,False,True,2.0,True,0,1,10.0,100.0,1,2.422501815791652,0.2594314498666723,591.262908141034,28.782479124404347,1200.8159860423211,70.55939123816587,2.3280000000000003,48.871,Paris 9e Arrondissement
150,339.50041942399105,Entire home/apt,False,False,2.0,False,0,1,8.0,77.0,0,0.8832620364218872,0.1847920497113268,459.55978209331454,22.37121532974893,1114.333537635355,65.47772262006791,2.357,48.864,Paris 3e Arrondissement
397,152.15770342063567,Private room,False,True,2.0,False,0,0,9.0,86.0,1,1.379746982234247,0.0896202075453704,424.87434545829854,20.682739962662207,1111.565688995428,65.31508511578527,2.35345,48.86897,Paris 2e Arrondissement
262,660.1267592506291,Entire home/apt,False,False,5.0,False,0,0,8.0,84.0,1,0.7418617150859571,0.120845947970153,657.0198215190999,31.983503508869862,1348.9738811460136,79.26508054206904,2.34582,48.86143,Quartier Les Halles
146,339.50041942399105,Entire home/apt,False,False,2.0,False,0,1,10.0,100.0,0,0.8832488115202943,0.1848079694055577,459.5614359488339,22.3712958388783,1114.3377834163578,65.4779721001934,2.357,48.864,Paris 3e Arrondissement
2537,508.6680958150806,Entire home/apt,False,False,4.0,False,1,0,9.0,94.0,2,5.8385667990744805,0.4767889940516927,287.7856085444041,14.0093064458857,490.5678605118761,28.82554030015013,2.27474,48.86703,Paris 16e Arrondissement
128,324.35455308043623,Private room,False,True,2.0,False,0,1,9.0,89.0,1,1.189812230393788,0.1855302280176915,731.3988954846362,35.60425176523593,1588.2503198963295,93.32485327336208,2.337,48.854,Quartier de Saint-Germain-des-Prés
564,212.74116879485507,Entire home/apt,False,False,2.0,False,0,0,9.0,91.0,1,1.345148494044659,0.1376097513883236,419.193374944102,20.40619223240577,1073.389228445723,63.07185397352419,2.35468,48.8686,Paris 3e Arrondissement
658,339.50041942399105,Entire home/apt,False,False,2.0,False,0,1,7.0,70.0,0,0.8832507631657492,0.1848106043719541,459.560583154716,22.371254325148016,1114.3366398979083,65.47790490757887,2.357,48.864,Paris 3e Arrondissement
2834,284.9753005871936,Private room,False,True,2.0,True,1,0,9.0,91.0,1,3.5508904166284574,0.2791832354569687,613.5666500839087,29.86821776626376,934.9834594302584,54.939195082324886,2.34097,48.88755,Quartier de Clignancourt
504,359.0735390064312,Entire home/apt,False,False,4.0,False,0,1,10.0,100.0,1,0.540809700746246,0.1039959438253822,520.7227803904227,25.34860947613192,1194.5575468011846,70.19164824665968,2.36008,48.85607,Paris 4e Arrondissement
1981,279.61599403485883,Private room,False,True,2.0,False,1,0,10.0,100.0,1,1.4556851711801029,0.1995450579679081,333.58765369314114,16.238934569343254,917.6337398845752,53.91973359653053,2.37259,48.85666,Paris 11e Arrondissement
1119,500.7456426507596,Entire home/apt,False,False,6.0,False,1,0,8.0,84.0,2,4.747115332681458,0.182080654787613,407.7166363600813,19.847508465569472,788.2596835614607,46.31777396051897,2.29621,48.87736,Paris 17e Arrondissement
1116,308.04362009506946,Entire home/apt,False,False,2.0,False,0,1,10.0,90.0,1,3.705652112609695,0.2379310668750696,339.7389436254987,16.53837729038742,667.1455785055472,39.20116523575858,2.30635,48.84339,Paris 15e Arrondissement
2092,359.0735390064312,Entire home/apt,False,False,3.0,False,0,0,8.0,84.0,1,4.1764951363740375,0.0688054598122179,164.2828941681216,7.997235928019361,404.59894391965935,23.77404657366864,2.40764,48.84661,Paris 12e Arrondissement
2529,266.334234318203,Entire home/apt,False,False,6.0,False,0,0,8.0,86.0,1,4.430295738179916,0.1280569304740589,255.37187755025576,12.431416943876558,555.558063799126,32.64433454814025,2.344,48.896,Quartier de Clignancourt
763,671.7774256687483,Entire home/apt,False,False,5.0,False,0,1,10.0,100.0,1,0.8832488179632244,0.1848048747495349,459.56181215960646,22.37131415269193,1114.3381012576533,65.47799077640073,2.357,48.864,Paris 3e Arrondissement
453,550.3774815919471,Entire home/apt,False,False,3.0,False,0,1,10.0,100.0,1,1.890971793058294,0.2990379393821498,1207.026388463928,58.75763784641358,1067.634628874944,62.73371636771849,2.32725,48.85908,Paris 7e Arrondissement
164,339.50041942399105,Entire home/apt,False,False,2.0,False,0,1,8.0,73.0,0,0.883262774604415,0.1848067494032371,459.5577860809775,22.371118164540984,1114.3316810650142,65.47761352885448,2.357,48.864,Paris 3e Arrondissement
1133,455.3080436200951,Entire home/apt,False,False,3.0,False,1,0,9.0,92.0,1,3.957371883275284,0.2949672864853778,406.4468678363917,19.785696561723128,773.5753854922756,45.454931406318536,2.30897,48.87738,Paris 8e Arrondissement
998,521.7168422033741,Private room,False,True,2.0,True,1,0,10.0,100.0,1,4.756811071769292,0.1646196861166809,551.2247188722156,26.833433562875847,814.1914602075616,47.84151314715608,2.2945,48.87539,Paris 17e Arrondissement
40,697.4088917886103,Private room,False,True,4.0,False,0,1,10.0,92.0,1,2.7077633809973403,0.2650603776942136,562.9150798932745,27.402516397960635,1015.805193432469,59.68824274349414,2.321,48.869,Paris 8e Arrondissement
884,394.02553826078855,Entire home/apt,False,False,2.0,False,0,1,8.0,76.0,1,3.371645173355169,0.2583593369461455,539.08381295437,26.2424183540402,933.6045745348512,54.85817244443672,2.3068,48.85741,Paris 7e Arrondissement
724,449.7157237393979,Private room,False,True,2.0,False,1,0,10.0,100.0,1,0.6366707714010568,0.2442836074968891,584.4093759400785,28.44885148636658,1341.3222733407074,78.81547561091303,2.35,48.862,Quartier Les Halles
151,339.50041942399105,Entire home/apt,False,False,2.0,False,0,1,10.0,100.0,0,0.8832449646643864,0.1848189435179878,459.561142359345,22.371281547040915,1114.338363169462,65.47800616621731,2.357,48.864,Paris 3e Arrondissement
601,1191.6301612452232,Entire home/apt,False,False,6.0,False,0,1,10.0,98.0,2,0.7993094700979969,0.3547103456386881,485.83993851568766,23.65052448849733,1061.507722825135,62.37370220562129,2.363,48.859,Paris 3e Arrondissement
713,498.1824960387734,Private room,False,True,2.0,False,1,0,10.0,100.0,1,0.8695877381268049,0.2812994627690955,460.75556182054976,22.42942548391664,1032.6631224523658,60.67880684574304,2.36373,48.85951,Paris 3e Arrondissement
1522,459.9683101873428,Entire home/apt,False,False,2.0,False,0,1,9.0,87.0,1,2.6097085689682893,0.3670681954063811,256.9727187851583,12.509345355739791,654.1478138603599,38.437422604513294,2.3748,48.87499,Paris 19e Arrondissement
1020,356.9764190511697,Entire home/apt,False,False,4.0,True,0,1,8.0,100.0,0,5.717161138868796,0.5725329157548453,260.3641228155992,12.6744377611056,519.3223924554771,30.515143280841446,2.28651,48.88369,Paris 17e Arrondissement
226,364.8988722154907,Entire home/apt,False,False,3.0,False,0,1,9.0,94.0,0,0.8097165411769748,0.4802555536663795,464.6093044797673,22.617024377932324,1088.0508397705023,63.93336346512969,2.36084,48.86152,Paris 3e Arrondissement
2993,323.1894864386243,Entire home/apt,False,False,2.0,False,0,0,8.0,90.0,1,4.270262209337568,0.1944754601091183,168.2471103629065,8.190212636519071,398.23741261164525,23.400245940055004,2.40488,48.87367,Paris 20e Arrondissement
2839,272.1595675272626,Entire home/apt,False,False,2.0,True,0,0,10.0,99.0,1,4.24914620160009,0.271898398188754,295.70649573224176,14.394892565007378,703.5386776858127,41.33960688983166,2.32097,48.88853,Paris 17e Arrondissement
369,461.13337682915466,Entire home/apt,False,False,2.0,False,0,1,10.0,86.0,0,1.0944706046181951,0.2904623121651794,746.1505693021795,36.32235827565174,1624.6178737042992,95.46179389318918,2.33813,48.85459,Paris 6e Arrondissement
163,339.50041942399105,Entire home/apt,False,False,2.0,False,0,1,8.0,71.0,0,0.8832453496682292,0.1848122823648544,459.56185109903856,22.371316048250364,1114.3388807270726,65.47803657766283,2.357,48.864,Paris 3e Arrondissement
2374,177.09012955541058,Private room,False,True,2.0,False,0,0,10.0,100.0,1,3.74985909986501,0.8440868144262599,220.44078081171224,10.730982925732707,479.6029583531056,28.18124772718165,2.34228,48.82355,Paris 13e Arrondissement
788,625.873799981359,Entire home/apt,False,False,2.0,True,0,0,9.0,94.0,1,0.7126638655058135,0.2998025883553307,512.1068953372945,24.929191095128424,1097.0465014341146,64.46194437856417,2.36228,48.8578,Paris 3e Arrondissement
1199,241.16879485506573,Private room,False,True,2.0,True,1,0,10.0,96.0,1,2.919365540634588,0.2378354705456066,260.38495692465096,12.67545195851356,655.5086225176004,38.51738309101796,2.36794,48.88084,Paris 10e Arrondissement
2364,251.4213813030105,Private room,False,True,2.0,False,0,1,10.0,100.0,1,4.099354952830668,0.1347130308293397,225.1499817387825,10.960225239954951,500.048729325775,29.3826317610345,2.32543,48.8244,Paris
780,443.8903905303383,Entire home/apt,False,False,2.0,False,0,1,10.0,60.0,0,0.5380502819779788,0.0376325827071435,561.4716587432747,27.33225114278301,1075.4260202709852,63.19153491793189,2.35791,48.85313,Paris 4e Arrondissement
3111,181.28436946593345,Entire home/apt,False,False,2.0,False,0,0,10.0,96.0,0,3.52880543336244,0.1484873172470425,186.76886041225217,9.091845187457926,479.5065711410877,28.17558405924069,2.40018,48.851290000000006,Quartier de Charonne
640,231.61524839220803,Private room,False,True,2.0,False,0,1,10.0,92.0,1,2.178951736293288,0.1125238435629748,318.5594721027191,15.507367753721352,743.1072527890807,43.66463803856742,2.351,48.837,Paris 5e Arrondissement
2866,521.7168422033741,Entire home/apt,False,False,4.0,True,0,0,10.0,100.0,2,3.312955950587651,0.4168714155215252,205.87149001962268,10.021754759536512,507.9142335022193,29.8448051439025,2.39157,48.8718,Quartier de Belleville
2007,417.0938577686644,Entire home/apt,False,False,4.0,False,0,0,10.0,100.0,2,2.6223135955418684,0.2207701608637744,245.2775724823444,11.940029574751716,637.835535239751,37.47892066703414,2.38062,48.87134,Quartier de Belleville
144,339.50041942399105,Entire home/apt,False,False,2.0,False,0,1,9.0,83.0,0,0.8832504610369238,0.1848095993575755,459.5607880923189,22.371264301441467,1114.3368787998436,65.47791894534596,2.357,48.864,Paris 3e Arrondissement
2348,16445.614689160222,Entire home/apt,False,False,2.0,False,0,0,9.0,100.0,1,4.602377569341862,0.118665253549537,260.89610931149986,12.70033468445712,545.8262447029595,32.07249736488571,2.29772,48.83669,Paris 15e Arrondissement
611,231.61524839220803,Private room,False,True,2.0,False,0,1,10.0,92.0,1,2.178953696906298,0.1125195220393912,318.5590680134344,15.507348082791143,743.106537231963,43.66459599276256,2.351,48.837,Paris 5e Arrondissement
1651,266.5672476465654,Entire home/apt,False,False,4.0,False,0,0,9.0,92.0,0,4.51296028466721,0.3972858639887346,184.3505710664803,8.974123677021412,435.5194350154214,25.590920311078403,2.38443,48.89137,Paris 19e Arrondissement
1824,197.8283157796626,Private room,False,True,4.0,False,1,0,9.0,93.0,2,2.470039648190433,0.3115684920156363,238.8228467121989,11.6258156993759,651.5666788621697,38.28575630735143,2.38238,48.84602,Paris 12e Arrondissement
2339,336.00521949855533,Private room,False,True,3.0,False,0,0,10.0,100.0,1,4.468309730323669,0.1648658691429067,271.5391069117954,13.2184322211599,572.2850957633227,33.62720720001505,2.29885,48.83785,Paris 15e Arrondissement
555,312.9368999906795,Entire home/apt,False,False,2.0,True,1,0,10.0,97.0,0,1.0933753512175188,0.2887197427081611,578.8787393663059,28.179621961670424,1360.180029085199,79.92354860537303,2.3451,48.86501,Paris 2e Arrondissement
1530,428.7445241867835,Entire home/apt,False,False,3.0,False,0,0,9.0,90.0,2,2.017652585148624,0.2669086216714455,365.2588810139122,17.780679242741435,1009.1670498287676,59.298188499485946,2.35393,48.8747,Paris 10e Arrondissement
2977,427.5794575449716,Entire home/apt,False,False,4.0,False,1,0,6.0,80.0,1,3.2630611326798507,0.1385559717769253,212.13686898890043,10.32675129645221,535.7321724677194,31.47937435493977,2.38798,48.87449,Quartier de Belleville
999,510.0661757852549,Entire home/apt,False,False,4.0,False,0,1,9.0,86.0,1,1.890115341970119,0.2063316892277691,530.5508791593204,25.82703801232703,965.1938685140926,56.71434472955499,2.33058,48.8479,Paris 6e Arrondissement
2238,204.8187156305341,Private room,False,True,2.0,False,0,1,9.0,88.0,1,4.3941169968437785,0.474906659025395,248.9124356297661,12.116973487891244,519.6775266086968,30.53601079922088,2.30545,48.83232,Paris 15e Arrondissement
1432,653.6023860564825,Private room,False,True,4.0,False,0,1,10.0,100.0,2,2.1954819759922253,0.1899152593354498,443.2664196234679,21.578059935257563,1200.823206720591,70.55981552187711,2.342,48.875,Paris 9e Arrondissement
212,504.9398825612825,Private room,False,True,2.0,True,0,1,10.0,100.0,1,2.4224886899048914,0.2594256799703882,591.2696932997416,28.78280942364376,1200.9024770492983,70.5644734096816,2.3280000000000003,48.871,Paris 9e Arrondissement
233,262.8390343927673,Entire home/apt,False,False,2.0,False,0,0,10.0,90.0,0,1.092994271560455,0.0421783281762188,469.6320229357472,22.861528619812685,1146.216568052003,67.35115472221793,2.35211,48.86639,Paris 2e Arrondissement
271,327.61673967750954,Entire home/apt,False,False,2.0,False,0,1,10.0,93.0,0,1.83197708829106,0.1219243215749408,548.3418066393025,26.693094366862013,1308.9682065953164,76.91436563222447,2.33815,48.86994,Paris 2e Arrondissement
763,671.7774256687483,Entire home/apt,False,False,5.0,False,0,1,10.0,100.0,1,0.8832488179632244,0.1848048747495349,459.56181215960646,22.37131415269193,1114.3381012576533,65.47799077640073,2.357,48.864,Paris 3e Arrondissement
2516,237.2075682729052,Private room,False,True,2.0,False,1,0,10.0,97.0,1,3.715519030889785,0.4296640495880152,359.7568869308768,17.512844024842412,848.4730004991825,49.855880578802,2.3319,48.88703,Paris 18e Arrondissement
2858,741.681424177463,Entire home/apt,False,False,2.0,True,0,0,9.0,96.0,1,3.641512358594015,0.3666709903514895,374.98801809669953,18.25429035740483,928.17908404744,54.53937313595822,2.33292,48.8866,Paris 18e Arrondissement
1243,242.56687482524,Entire home/apt,False,False,2.0,False,1,0,9.0,85.0,0,4.098559568437343,0.437630449750108,314.75337479460217,15.322088219341708,741.8295746265348,43.58956226143302,2.31869,48.8858,Quartier des Batignolles
1819,340.89849939416536,Entire home/apt,False,False,4.0,False,0,0,9.0,82.0,1,2.5570202530906947,0.4250119096359401,234.37728372681465,11.40940719131416,612.1775735865949,35.97127072257788,2.38222,48.84429,Quartier de Bercy
2041,242.56687482524,Entire home/apt,False,False,3.0,False,0,1,8.0,80.0,0,2.592677816742965,0.2707060409269481,233.2676269471812,11.35538947321398,610.3420159361743,35.863414205091715,2.38808,48.85601,Paris 11e Arrondissement
2935,370.7242054245503,Entire home/apt,False,False,2.0,False,0,0,9.0,92.0,1,3.425612022897062,0.3296227611889558,218.18521857584813,10.621182916170689,533.2916600607322,31.335970976114226,2.38032,48.881440000000005,Paris 19e Arrondissement
2413,475.1141765308976,Private room,False,True,2.0,False,0,0,8.0,80.0,1,4.506368273792462,0.5668588515231354,251.3137233850629,12.233867366632628,521.3193227674832,30.63248198119018,2.30195,48.83378,Paris 15e Arrondissement
993,347.65588591667444,Entire home/apt,False,False,2.0,True,0,0,10.0,98.0,0,4.561156496448338,0.2235401444505808,326.6749906256948,15.902428460650643,684.6470436051869,40.229543220029576,2.30417,48.88219,Paris 17e Arrondissement
2603,434.56985739584303,Entire home/apt,False,False,2.0,False,0,0,10.0,80.0,1,4.417259290562794,0.3696245535236566,264.87027950687286,12.893795950351157,577.6581347299465,33.94292448142252,2.34048,48.89547,Paris 18e Arrondissement
866,291.4996737813403,Private room,False,True,2.0,False,1,0,10.0,94.0,1,2.749565876962346,0.1336254704117806,419.1724700966096,20.40517459147437,961.8551682330984,56.51816424720644,2.32015,48.84436,Paris 15e Arrondissement
144,339.50041942399105,Entire home/apt,False,False,2.0,False,0,1,9.0,83.0,0,0.8832504610369238,0.1848095993575755,459.5607880923189,22.371264301441467,1114.3368787998436,65.47791894534596,2.357,48.864,Paris 3e Arrondissement
1930,392.8604716189767,Entire home/apt,False,False,4.0,True,0,1,10.0,97.0,0,1.6305749626667867,0.1969632701723853,313.29940550250353,15.251309484161228,840.6214948663766,49.39452974387541,2.37279,48.86291,Paris 11e Arrondissement
916,243.4989281386896,Private room,False,True,2.0,False,1,0,10.0,87.0,1,4.851661383206008,0.2347644018388373,361.680704860729,17.606494833379042,734.0364710318499,43.13164310322025,2.296,48.879,Paris 17e Arrondissement
134,339.50041942399105,Entire home/apt,False,False,2.0,False,0,1,10.0,90.0,0,0.8832533363741372,0.1848135225711892,459.5595267092119,22.371202897736875,1114.335189618918,65.47781968985703,2.357,48.864,Paris 3e Arrondissement
2338,300.3541802591108,Entire home/apt,False,False,2.0,False,0,1,10.0,93.0,0,3.1181532071736666,0.2867234441453147,236.69949799190056,11.522451799198285,576.0431475262442,33.84802858123865,2.35402,48.82853,Paris 13e Arrondissement
1384,198.29434243638727,Entire home/apt,False,False,2.0,False,0,0,7.0,79.0,0,2.878275311971312,0.2210063294195615,249.4323921026893,12.1422847937781,622.9624467557716,36.60498487548982,2.37316,48.87868,Paris 19e Arrondissement
634,913.1792338521764,Entire home/apt,False,False,3.0,False,0,1,10.0,97.0,1,0.7993129731737202,0.3547082757510567,485.8352805661444,23.6502977410832,1061.5080338759456,62.37372048282288,2.363,48.859,Paris 3e Arrondissement
1104,278.2179140646845,Entire home/apt,False,False,2.0,False,0,0,10.0,100.0,1,3.335897502516791,0.1434732831656698,346.02421066332795,16.84434197177832,699.1862782767613,41.08386191616573,2.31338,48.84155,Paris 15e Arrondissement
1318,374.219405349986,Private room,False,True,2.0,False,0,1,10.0,94.0,1,2.195459051631242,0.1899133536456661,443.26973951392426,21.578221546406244,1200.836814708719,70.56061512095759,2.342,48.875,Paris 9e Arrondissement
1911,240.93578152670327,Entire home/apt,False,False,2.0,False,0,0,6.0,88.0,0,2.8735505381647424,0.3006262818408364,214.55576791499777,10.444502481053547,645.9335994552359,37.95475917009688,2.39031,48.84924,Paris 11e Arrondissement
3076,219.4985553173641,Entire home/apt,False,False,2.0,False,1,0,6.0,67.0,1,3.773808758130689,0.1739109743991885,242.79071668183013,11.818970272403876,558.7316644589271,32.83081385320566,2.36167,48.89,Quartier de la Chapelle
549,316.19908658775284,Entire home/apt,False,False,4.0,True,0,0,10.0,94.0,1,3.6311809136194473,0.2675169208842493,375.4474185623532,18.27665381726398,814.6843694054704,47.87047626335739,2.31822,48.87998,Paris 8e Arrondissement
1489,645.446919563799,Entire home/apt,False,False,6.0,False,0,0,9.0,96.0,2,2.638701229103925,0.3151203880229659,406.6043600021534,19.793363227280665,1024.5929289683745,60.20460601395582,2.3416200000000003,48.87914,Paris 9e Arrondissement
606,231.61524839220803,Private room,False,True,2.0,False,0,1,10.0,92.0,1,2.178965546477952,0.1125115097557111,318.55767263690217,15.507280156331769,743.1027925112097,43.66437595470528,2.351,48.837,Paris 5e Arrondissement
2668,642.1847329667257,Entire home/apt,False,False,2.0,False,0,1,10.0,100.0,0,4.269564012918208,0.1790460411605645,321.6262966519807,15.656659739320212,690.255276090073,40.55908036365128,2.312,48.88399999999999,Paris 17e Arrondissement
503,382.3748718426694,Entire home/apt,False,False,4.0,False,0,0,10.0,100.0,1,1.4317775093426257,0.1675686476083105,448.19664335597145,21.818061565167994,1128.498067004807,66.31002380617855,2.3502400000000003,48.86934,Paris 2e Arrondissement
933,370.7242054245503,Entire home/apt,False,False,2.0,False,0,1,10.0,97.0,0,2.452792344927628,0.0738058049812706,468.5526641371301,22.808985797218565,869.3272929965642,51.08126914825933,2.32179,48.84823,Paris 7e Arrondissement
918,199.2263957498369,Private room,False,True,2.0,False,1,0,9.0,89.0,1,2.2732629897356773,0.1526377291472667,423.7182474536685,20.626461501378973,983.559105263178,57.79347753593203,2.331,48.842,Paris 6e Arrondissement
2265,222.2947152577128,Entire home/apt,False,False,2.0,False,0,0,7.0,79.0,1,2.95789017911508,0.2337927284216764,259.94221271087423,12.653899319382948,614.8265518550631,36.12692345888286,2.34745,48.83019,Paris 13e Arrondissement
1558,266.5672476465654,Entire home/apt,False,False,2.0,False,0,1,10.0,100.0,0,1.7518373192449983,0.2891006664893982,338.9483919830884,16.49989350283515,897.0255223704039,52.70880427912853,2.36648,48.86946,Paris 10e Arrondissement
1366,567.8534812191258,Private room,False,True,3.0,False,1,0,10.0,100.0,1,1.728114042609706,0.164759455552787,357.1774013479763,17.38727553590242,972.7907686993248,57.16073506629073,2.35897,48.87156,Paris 10e Arrondissement
168,355.5783390809954,Entire home/apt,False,False,2.0,False,0,1,6.0,50.0,0,2.553076526058928,0.1872877739063461,553.9540335981163,26.96629568400764,1136.3474291587506,66.77124869127985,2.3267900000000004,48.87187,Paris 9e Arrondissement
3074,318.52921987137665,Entire home/apt,False,False,4.0,False,0,0,9.0,100.0,1,3.5212603636697297,0.462378839460089,283.115166687564,13.78195091014122,628.7282853823663,36.94378288301042,2.35551,48.88819,Paris 18e Arrondissement
1296,251.1883679746481,Entire home/apt,False,False,4.0,False,1,0,9.0,89.0,1,2.636696067373289,0.1452767106715413,287.82058085110134,14.011008885990744,738.9617937147203,43.421052783133206,2.3634,48.87922,Paris 10e Arrondissement
1477,457.6381769037189,Entire home/apt,False,False,3.0,False,0,1,7.0,67.0,0,1.9559152641498256,0.2369559512504153,323.4608083518345,15.745963150674951,942.3223249688706,55.37042342272189,2.36314,48.87277,Paris 10e Arrondissement
109,622.1455867275608,Entire home/apt,False,False,4.0,False,0,0,9.0,91.0,1,1.2596886372771172,0.2125038415638906,455.1113635367925,22.15466781344648,1123.820781586676,66.03518868107486,2.35133,48.86786,Paris 2e Arrondissement
1849,195.4981824960388,Entire home/apt,False,False,2.0,False,0,0,9.0,95.0,1,2.567891396499611,0.1671382464902804,261.8154689547962,12.745088802086777,606.8794489412892,35.659955371997995,2.35964,48.83392,Paris 13e Arrondissement
1196,336.00521949855533,Entire home/apt,False,False,2.0,True,0,0,10.0,96.0,1,2.8097653959652376,0.3194396370974248,301.4969496651628,14.67676991119357,735.6573548861948,43.22688548786512,2.35912,48.88149,Paris 10e Arrondissement
464,569.0185478609377,Entire home/apt,False,False,4.0,False,0,1,8.0,100.0,1,1.8613100827577167,0.1419883347391789,527.4185718983676,25.674558350389425,1384.4822450768563,81.35153556260974,2.33921,48.87073,Paris 2e Arrondissement
2324,341.8305527076149,Entire home/apt,False,False,4.0,False,0,1,9.0,93.0,1,3.609615933798845,0.3849621591241774,269.02609407029314,13.096099602871176,599.810119258078,35.244564833641434,2.32291,48.83075,Paris
1703,417.0938577686644,Entire home/apt,False,False,2.0,False,0,1,9.0,86.0,0,2.022956278023166,0.282953325702625,271.2816704158413,13.205900299287862,802.5026397697635,47.15468347136078,2.379,48.851000000000006,Paris 11e Arrondissement
1027,1924.2240656165527,Entire home/apt,False,False,4.0,False,0,0,10.0,98.0,2,3.288529539349397,0.1691032165318955,551.9982844100215,26.871090472579954,943.1051242128746,55.41642034378276,2.31224,48.86925,Paris 8e Arrondissement
861,401.71497809674713,Private room,False,True,2.0,False,0,1,10.0,90.0,1,5.298688969105071,0.2627404859474836,338.6129893118629,16.48356621382396,650.5358485562778,38.225185195957984,2.28643,48.87548,Chaillot
2714,277.9849007363221,Entire home/apt,False,False,4.0,False,1,0,10.0,100.0,1,4.451694357506488,0.1092251683077497,247.67351473366068,12.056663236160658,536.4975874668525,31.52434978582273,2.34622,48.89638,Quartier de Clignancourt
2665,1152.0178954236185,Entire home/apt,False,False,4.0,False,0,1,10.0,100.0,2,4.269567148581649,0.179044494766051,321.6261877391107,15.656654437478409,690.2545196282122,40.55903591430266,2.312,48.88399999999999,Paris 17e Arrondissement
1535,207.84788889924505,Private room,False,True,2.0,False,1,0,10.0,100.0,1,3.057552508172417,0.0945258605182309,281.85501895097644,13.720607342968991,680.8907808662111,40.00882696102451,2.36043,48.8836,Paris 10e Arrondissement
1772,735.8560909684035,Entire home/apt,False,False,2.0,True,0,0,9.0,99.0,1,2.083701380722403,0.2490354010998369,277.1612349742514,13.492115520694345,770.0343026826998,45.2468590203145,2.37611,48.86723,Paris 11e Arrondissement
213,593.018920682263,Private room,False,True,2.0,True,0,1,10.0,100.0,1,2.422501781578931,0.259424895583257,591.2643527704435,28.782549448477184,1200.8533809234752,70.5615885440648,2.3280000000000003,48.871,Paris 9e Arrondissement
899,476.0462298443471,Entire home/apt,False,False,3.0,False,0,1,8.0,77.0,1,3.347330876012179,0.1419744850563827,389.4750671198038,18.959515022000662,718.8718684091643,42.24057807588668,2.30957,48.84683,Paris 15e Arrondissement
1815,194.3331158542269,Private room,False,True,2.0,False,1,0,10.0,93.0,1,2.930642881439973,0.2325231870543626,214.70075473466184,10.451560390577107,552.9529899991328,32.49126161807057,2.39255,48.85431,Paris 11e Arrondissement
256,241.63482151179048,Private room,False,True,2.0,False,1,0,10.0,80.0,1,1.9966066416597,0.2856702490241985,329.7570704672402,16.05246306873715,899.2808397086226,52.84132568147767,2.36101,48.87368,Paris 10e Arrondissement
206,327.61673967750954,Entire home/apt,False,False,2.0,True,0,0,9.0,94.0,1,1.3269135441301845,0.1735887404520331,391.6828818054634,19.06699069690871,1039.3709445377442,61.07295536506625,2.35927,48.8677,Paris 3e Arrondissement
1676,494.6872961133377,Entire home/apt,False,False,2.0,True,0,0,10.0,98.0,1,2.4032401975509954,0.268757158831125,241.86332790137507,11.773825299082995,852.8186249865297,50.11122746120608,2.38491,48.85246,Paris 11e Arrondissement
2777,515.6584956659522,Entire home/apt,False,False,6.0,False,0,0,10.0,93.0,1,6.3464032001451045,0.2413811042459219,226.14258874174865,11.008545014370425,421.1103352905973,24.7442482841474,2.267,48.849,Quartier d'Auteuil
2349,207.84788889924505,Private room,False,True,2.0,False,1,0,8.0,80.0,1,4.090873005072213,0.2889345015836379,219.385052953728,10.679590449365431,476.4413321975074,27.995472038437768,2.3293,48.82318,Paris
952,454.1429769782832,Private room,False,True,2.0,False,1,0,10.0,100.0,1,2.378143312118863,0.0920948915608066,410.6794677824944,19.99173810079697,1065.3809989429606,62.60129411657831,2.32966,48.84155,Paris
1990,122.09898406188834,Private room,False,True,2.0,False,0,0,9.0,90.0,1,4.381588129036004,0.1523090319088721,193.8583722000328,9.436960232261889,446.6000064210156,26.24200955542345,2.37598,48.89288,Quartier de la Villette
1890,226.02292851151088,Entire home/apt,False,False,2.0,False,0,0,9.0,100.0,1,3.3277366390403063,0.1508640897507089,194.4812120641545,9.467279866962622,510.7003214091467,30.00851437906744,2.39721,48.850640000000006,Paris 11e Arrondissement
2318,312.7038866623171,Private room,False,True,2.0,False,0,0,9.0,96.0,2,4.662633167449116,0.2562598849676142,329.2364298748184,16.027118460143633,591.4978968532735,34.756142494551604,2.29097,48.84671,Quartier de Grenelle
901,476.0462298443471,Entire home/apt,False,False,3.0,False,1,0,9.0,87.0,1,3.237027518411753,0.1931242634042285,395.8940769469209,19.271990257305426,732.156457114453,43.0211743560744,2.31113,48.84689,Paris 15e Arrondissement
2599,278.2179140646845,Entire home/apt,False,False,2.0,False,0,0,9.0,97.0,1,4.375523695557187,0.601329692841077,275.4944515081844,13.41097706323925,597.8296341481006,35.12819244574808,2.33699,48.89453,Paris 18e Arrondissement
203,486.5318296206543,Entire home/apt,False,False,4.0,False,0,1,10.0,95.0,1,1.374104219035739,0.1949973718456757,471.8647535806021,22.97021719521817,1185.0053541146872,69.63036582805175,2.34846,48.8686,Paris 2e Arrondissement
127,339.50041942399105,Entire home/apt,False,False,2.0,False,0,1,9.0,86.0,0,0.8832486773055807,0.184814127630235,459.5607203838789,22.37126100541742,1114.3372054125864,65.47793813695947,2.357,48.864,Paris 3e Arrondissement
1049,195.4981824960388,Entire home/apt,False,False,2.0,False,1,0,7.0,84.0,0,4.857571351349902,0.2567448833264209,349.2038809582727,16.999127250250254,725.7135024188701,42.64258932191465,2.29646,48.8796,Paris 17e Arrondissement
1478,254.91658122844623,Private room,False,True,2.0,False,0,1,8.0,80.0,1,3.461692348175049,0.2381684591100492,433.5524580626495,21.10518755988977,1150.638298926661,67.61097358069529,2.33564,48.88559,Paris 18e Arrondissement
2302,516.8235623077641,Entire home/apt,False,False,2.0,False,1,0,10.0,100.0,2,5.704709124490403,0.1784753529791321,224.4442778779103,10.925871813815933,439.9397450025778,25.85065567886417,2.28073,48.83722,Paris 15e Arrondissement
576,706.962438251468,Entire home/apt,False,False,4.0,False,0,1,10.0,94.0,1,0.6366852945921925,0.2442727861733074,584.4069840732747,28.44873505109658,1341.3186639644812,78.81526352563749,2.35,48.862,Quartier Les Halles
1707,294.76186037841364,Private room,False,True,3.0,False,1,0,7.0,72.0,1,5.943497401345554,0.8058487317863242,124.647940858326,6.067819757093551,279.42341592573,16.418790517928255,2.43028,48.84107,Vignerons
2808,510.0661757852549,Entire home/apt,False,False,5.0,True,0,0,10.0,95.0,2,3.4535628845730715,0.1759456214823333,322.03638572131564,15.676622737023536,690.969008352311,40.60101894084872,2.35136,48.88762,Paris 18e Arrondissement
1498,295.4609003635008,Entire home/apt,False,False,3.0,False,0,0,9.0,95.0,1,2.9512894669334138,0.1327575183890359,365.0620611752416,17.77109811931934,826.7485835241274,48.57936389799397,2.349,48.883,Paris 9e Arrondissement
148,357.4424457078945,Entire home/apt,False,False,2.0,False,0,1,10.0,94.0,0,0.8832460713449514,0.1848010791961445,459.56302308561607,22.371373100162025,1114.3397194473891,65.47808586048023,2.357,48.864,Paris 3e Arrondissement
699,1263.398266380837,Entire home/apt,False,False,4.0,True,0,0,10.0,97.0,2,0.6155040621519577,0.1931537494075249,725.9348575810347,35.338264241361266,1165.6316072164136,68.49197343235267,2.35669,48.85168,Paris 4e Arrondissement
1014,195.4981824960388,Entire home/apt,False,False,2.0,False,0,0,10.0,94.0,0,2.700211484725342,0.1655418014488236,427.2508782722955,20.798428779203043,892.9875086339986,52.471532461994286,2.32114,48.84412,Paris 15e Arrondissement
2686,310.60676670705567,Entire home/apt,False,False,4.0,False,0,0,10.0,100.0,1,3.628872056962648,0.1718384486507592,341.6064289069992,16.629285844585276,709.6813261027579,41.70054606613145,2.3485,48.88909,Quartier de Clignancourt
2994,283.34420728865695,Entire home/apt,False,False,4.0,False,0,0,9.0,87.0,1,4.351053004962721,0.3324910627181711,181.20401435746408,8.820950356753855,437.2901556258656,25.69496703412179,2.39063,48.88669,Paris 19e Arrondissement
150,339.50041942399105,Entire home/apt,False,False,2.0,False,0,1,8.0,77.0,0,0.8832620364218872,0.1847920497113268,459.55978209331454,22.37121532974893,1114.333537635355,65.47772262006791,2.357,48.864,Paris 3e Arrondissement
269,683.4280920868674,Private room,False,True,2.0,False,0,1,10.0,94.0,1,1.2786894532874002,0.0409780861738051,367.064926050232,17.868596906508042,1001.0257920493812,58.81981196261143,2.36561,48.86433,Paris 3e Arrondissement
696,339.50041942399105,Entire home/apt,False,False,2.0,False,0,1,9.0,80.0,0,0.8832424240160853,0.1848170193451407,459.5620685846965,22.371326635378907,1114.3396954651828,65.47808445129688,2.357,48.864,Paris 3e Arrondissement
604,733.5259576847795,Entire home/apt,False,False,4.0,False,0,1,10.0,99.0,1,0.7993060077033439,0.3547180789652412,485.8308963920362,23.650084320965,1061.5148708339336,62.37412221930804,2.363,48.859,Paris 3e Arrondissement
714,1738.5124429117343,Entire home/apt,False,False,6.0,False,0,1,10.0,96.0,3,0.7735487486077672,0.1049837660168851,799.6322336749444,38.92582767505524,1504.498714153386,88.40364770554021,2.34401,48.85267,Paris 5e Arrondissement
1409,407.7733246341691,Private room,False,True,2.0,False,1,0,10.0,100.0,1,2.654100755890943,0.1059349404637606,342.9257017233966,16.693507600718668,832.5565621595335,48.92063803291716,2.3564,48.880320000000005,Paris 10e Arrondissement
477,504.24084257619535,Entire home/apt,False,False,4.0,False,0,0,10.0,100.0,1,0.8416797594506849,0.3242200114222803,460.4657326498756,22.41531669755492,1086.8068620534596,63.86026791056626,2.35852,48.86311,Paris 3e Arrondissement
895,502.8427626060211,Entire home/apt,False,False,2.0,False,0,1,8.0,80.0,1,1.1898481975035138,0.1593168324547516,707.6369118152486,34.44752640752847,1564.6634100415913,91.9388973734702,2.3373,48.8533,Quartier de Saint-Germain-des-Prés
1556,231.61524839220803,Entire home/apt,False,False,2.0,False,0,0,9.0,100.0,1,3.951148106526743,0.086860542093868,319.5045079690951,15.553371781238145,680.0584717651831,39.959920863693085,2.34479,48.89172,Quartier de Clignancourt
663,339.50041942399105,Entire home/apt,False,False,2.0,False,0,1,10.0,100.0,0,0.8832561839855001,0.1848061250616898,459.5596553524496,22.371209160046337,1114.3346861933544,65.47779010880406,2.357,48.864,Paris 3e Arrondissement
1003,480.9395097399572,Entire home/apt,False,False,5.0,False,0,0,10.0,96.0,2,2.232635356110909,0.295567397244919,419.9416129342341,20.442616205624013,873.8977068693242,51.34982455084959,2.33278,48.84141,Paris 6e Arrondissement
1590,1182.309628110728,Entire home/apt,False,False,5.0,False,0,0,10.0,95.0,3,2.228353312373184,0.2490952048098491,366.2371965319839,17.828303312488192,973.733830260672,57.2161489269007,2.35169,48.8766,Paris 10e Arrondissement
1336,200.8574890483736,Entire home/apt,False,False,2.0,False,0,0,7.0,79.0,1,3.38615622945218,0.1342362095535539,328.73177920029394,16.002552235365076,705.9536139254034,41.4815074249054,2.3512,48.88701,Paris 18e Arrondissement
1519,283.8102339453817,Entire home/apt,False,False,3.0,False,0,0,9.0,95.0,1,1.9718861524197928,0.0118546711304225,298.57561356335896,14.534560254190223,813.8558213682617,47.82179116439422,2.3707,48.86977,Paris 11e Arrondissement
152,339.50041942399105,Entire home/apt,False,False,2.0,False,0,1,10.0,94.0,0,0.8832458948155467,0.1848093067737421,459.5620661901694,22.371326518814133,1114.338945693063,65.47804039503434,2.357,48.864,Paris 3e Arrondissement
1111,281.4801006617579,Entire home/apt,False,False,3.0,False,0,0,10.0,100.0,1,3.429659808857777,0.1214482388261583,523.6640340770514,25.491788714452703,955.48414338667,56.14380577767204,2.306,48.856,Paris 7e Arrondissement
560,367.2290054991146,Entire home/apt,False,False,4.0,False,0,1,7.0,73.0,0,0.85518564880568,0.4455789152118415,453.8383349594199,22.09269721128542,1069.2424473666497,62.8281910377053,2.361,48.862,Paris 3e Arrondissement
2557,534.0665486065803,Entire home/apt,False,False,4.0,False,1,0,9.0,91.0,1,3.535973392887177,0.3687364106425706,502.9060694842525,24.481297993098604,815.2977018696328,47.906515394915374,2.3448,48.88794,Quartier de Clignancourt
2451,254.91658122844623,Private room,False,True,2.0,False,0,0,10.0,98.0,1,4.843115205566844,0.2908889704572613,404.28336592974495,19.6803780179649,770.1407360822097,45.25311299758006,2.2947,48.87734,Paris 17e Arrondissement
2039,122.09898406188834,Shared room,True,False,6.0,False,0,1,10.0,100.0,1,4.435563655130403,0.4303162966964449,186.24075871204263,9.06613737465155,467.6383288865153,27.478211640582543,2.38427,48.89062,Paris 19e Arrondissement
418,260.0428744524187,Entire home/apt,False,False,2.0,False,0,0,10.0,90.0,0,1.8251831694357987,0.2069102459453947,516.1752618866309,25.12723780779109,1428.509502361385,83.93855681148655,2.34111,48.87108,Paris 2e Arrondissement
280,675.272625594184,Entire home/apt,False,False,6.0,False,0,1,9.0,80.0,1,1.2481260374342538,0.2378968472582365,430.4153286667824,20.952473158049497,1073.0496741825025,63.051901922266026,2.35495,48.8677,Paris 3e Arrondissement
2290,274.72271413924875,Entire home/apt,False,False,2.0,False,0,0,10.0,95.0,0,3.861296492872985,0.2196597593032661,245.09740332248208,11.931259000763058,536.2649136501527,31.510677980105434,2.32396,48.82749,Paris
1062,235.57647497436847,Private room,False,True,2.0,False,1,0,10.0,92.0,1,5.33864272327643,0.2921069680498704,327.9251582923204,15.96328620138021,647.9538825946374,38.07347007176861,2.28668,48.87673,Paris 17e Arrondissement
1647,194.3331158542269,Private room,False,True,2.0,False,0,0,9.0,90.0,1,1.729267100173188,0.1094063136384146,302.47518318781385,14.724389989430884,797.6742303066643,46.87096836736076,2.37465,48.86232,Paris 11e Arrondissement
337,287.3054338708174,Private room,False,True,2.0,False,0,1,8.0,88.0,1,2.198257377683928,0.0418374057734024,657.4748696244092,32.00565509729411,1516.910525428677,89.13295998812725,2.33166,48.87062,Paris 2e Arrondissement
2577,489.5610028893653,Entire home/apt,False,False,4.0,False,0,1,9.0,93.0,1,3.3451785868053787,0.079415789188137,398.66568584229856,19.406911244355047,1020.3862124342176,59.9574212985525,2.334,48.88399999999999,Paris 18e Arrondissement
217,681.3309721316059,Private room,False,True,2.0,True,0,1,10.0,100.0,1,2.42250183269211,0.2594256275139349,591.2641715222019,28.782540625373866,1200.8490090467164,70.56133165461108,2.3280000000000003,48.871,Paris 9e Arrondissement
2412,259.1108211389692,Private room,False,True,2.0,False,1,0,10.0,94.0,1,2.653640722480996,0.2622769079312568,295.3811213433605,14.379053449401372,638.8677569479584,37.53957353658326,2.34367,48.83346,Paris 13e Arrondissement
2912,219.96458197408893,Entire home/apt,False,False,4.0,True,0,0,10.0,98.0,1,3.38806078978825,0.4667956084178895,200.9498295839316,9.782169988029258,490.2056083436775,28.804254530506903,2.39516,48.86864,Paris 20e Arrondissement
21,435.5019107092926,Entire home/apt,False,False,4.0,False,0,1,9.0,80.0,1,1.2423047865701249,0.0695317642585102,506.9295923791597,24.67716173177508,1279.3332612382962,75.17302996708291,2.34713,48.86711,Paris 2e Arrondissement
243,419.4239910522882,Entire home/apt,False,False,4.0,False,0,1,10.0,93.0,1,1.281663815632658,0.2080823048419547,424.6936380724583,20.67394318801432,1108.4764632942995,65.13356364421713,2.355,48.868,Paris 3e Arrondissement
2240,382.3748718426694,Entire home/apt,False,False,4.0,False,0,1,7.0,84.0,1,4.713923653659426,0.08816892086667,290.7675132295978,14.154464561118049,560.2884843491369,32.92229186898618,2.29231,48.84217,Paris 15e Arrondissement
2758,482.5706030384938,Private room,False,True,3.0,False,1,0,10.0,100.0,1,4.995124976515887,0.3792689170293081,367.6552660872917,17.897334460579188,710.3292727872271,41.7386191132447,2.29295,48.87808,Paris 17e Arrondissement
570,387.96719172336657,Entire home/apt,False,False,3.0,False,0,0,9.0,88.0,0,3.4535177049737085,0.1185654510983383,518.177570684724,25.22470952534381,967.7203965672878,56.86280234791761,2.3113,48.87131,Paris 8e Arrondissement
2377,224.6248485413365,Entire home/apt,False,False,2.0,False,0,0,10.0,100.0,1,5.5133950736675015,0.5828201698214832,202.81757986536903,9.873091442334744,406.5281927169013,23.88740833955336,2.29169,48.82766,Paris 15e Arrondissement
3062,193.6340758691397,Entire home/apt,False,False,2.0,False,0,0,10.0,96.0,1,3.3762402313403634,0.3111811135454462,201.78723811158807,9.822934752965471,494.4865354218806,29.05579982311125,2.39583,48.86726,Paris 20e Arrondissement
137,282.4121539752074,Private room,False,True,3.0,False,0,1,9.0,89.0,2,1.1897968981005371,0.1855357250261337,731.3945864492159,35.60404200284373,1588.182282339101,93.32085541800772,2.337,48.854,Quartier de Saint-Germain-des-Prés
143,339.50041942399105,Entire home/apt,False,False,2.0,False,0,1,10.0,95.0,0,0.8832421363211392,0.1848259186580118,459.5610600834257,22.37127754187689,1114.3389038626296,65.47803793709745,2.357,48.864,Paris 3e Arrondissement
1491,236.74154161618048,Entire home/apt,False,False,2.0,False,0,0,10.0,93.0,0,3.115604074244682,0.1000442883134841,260.4053637147083,12.676445354176863,635.8837807159451,37.364236475079,2.36526,48.88335,Paris 10e Arrondissement
913,394.02553826078855,Entire home/apt,False,False,3.0,False,0,0,9.0,95.0,1,4.720564541669122,0.1333728957455091,365.5912827964465,17.79686044950238,747.92980895215,43.94800920536836,2.29801,48.87891,Paris 17e Arrondissement
607,166.37151645074098,Private room,False,True,2.0,False,0,1,9.0,84.0,1,2.1789534642126447,0.1125195553501105,318.5590882435137,15.507349067584588,743.1066067904858,43.66460007998914,2.351,48.837,Paris 5e Arrondissement
142,1362.4289309348496,Entire home/apt,False,False,6.0,False,0,0,9.0,91.0,2,0.6224736711627532,0.1476445245697444,1675.1368926609948,81.54509944674902,1254.8118931520755,73.7321657342597,2.34441,48.85552,Paris 1er Arrondissement
1713,278.2179140646845,Entire home/apt,False,False,2.0,False,1,0,9.0,87.0,1,1.4494670048446627,0.0749820129277101,335.695557198753,16.341546601674665,900.5941149592231,52.91849312702104,2.36996,48.86297,Paris 11e Arrondissement
1115,370.7242054245503,Entire home/apt,False,False,2.0,False,0,0,10.0,100.0,1,4.348209424201216,0.1336650746142985,381.1701748832412,18.55523566650916,744.3293826754561,43.73644982471862,2.30327,48.87812,Paris 8e Arrondissement
1964,411.5015378879672,Private room,False,True,2.0,False,0,1,9.0,100.0,1,4.209501780909346,0.1225662306214518,199.79870387658505,9.726133576502214,466.5922394197438,27.416743907962392,2.37533,48.89138,Quartier de la Villette
146,339.50041942399105,Entire home/apt,False,False,2.0,False,0,1,10.0,100.0,0,0.8832488115202943,0.1848079694055577,459.5614359488339,22.3712958388783,1114.3377834163578,65.4779721001934,2.357,48.864,Paris 3e Arrondissement
2452,193.6340758691397,Entire home/apt,False,False,2.0,False,0,0,9.0,92.0,1,6.996716488495816,0.1548866415647669,190.45980133123487,9.271518947619944,360.46190438812255,21.18057457079814,2.259,48.845,Quartier d'Auteuil
212,504.9398825612825,Private room,False,True,2.0,True,0,1,10.0,100.0,1,2.4224886899048914,0.2594256799703882,591.2696932997416,28.78280942364376,1200.9024770492983,70.5644734096816,2.3280000000000003,48.871,Paris 9e Arrondissement
2647,224.6248485413365,Private room,False,True,3.0,False,1,0,9.0,92.0,1,4.789665686314031,0.2801801416377708,255.35741774067097,12.43071304521864,558.5745296196386,32.82158068281871,2.31829,48.89317,Paris 17e Arrondissement
897,797.3716096560723,Entire home/apt,False,False,4.0,True,0,1,10.0,97.0,1,3.364188009735525,0.2461355907646488,543.6170276349078,26.463093717085123,967.3880722870516,56.84327512711135,2.30693,48.85793,Paris 7e Arrondissement
2559,566.6884145773139,Entire home/apt,False,False,4.0,False,1,0,10.0,90.0,1,5.504355780180302,0.3426478672066632,321.9083271356237,15.670388888225265,546.7594448481203,32.12733177324743,2.27771,48.8563,Paris 16e Arrondissement
151,339.50041942399105,Entire home/apt,False,False,2.0,False,0,1,10.0,100.0,0,0.8832449646643864,0.1848189435179878,459.561142359345,22.371281547040915,1114.338363169462,65.47800616621731,2.357,48.864,Paris 3e Arrondissement
1455,943.9369931960108,Entire home/apt,False,False,5.0,False,0,1,10.0,100.0,1,2.2235979134810617,0.200751757351053,434.7578170171535,21.163864027612902,1182.1519621285124,69.46270183635897,2.34249,48.87539,Paris 9e Arrondissement
1072,654.7674526982944,Entire home/apt,False,False,4.0,False,0,0,10.0,97.0,2,1.8615130661626555,0.1863649944476189,614.868604733506,29.9315964798732,1038.0252733950012,60.99388435190324,2.32787,48.85326,Paris 7e Arrondissement
610,166.37151645074098,Private room,False,True,2.0,False,0,1,9.0,86.0,1,2.178970108405731,0.1125228482503778,318.55796924918235,15.507294595317616,743.1018170395648,43.66431863644317,2.351,48.837,Paris 5e Arrondissement
2695,417.0938577686644,Entire home/apt,False,False,2.0,False,0,0,10.0,100.0,1,5.570140400817223,0.3647794334780136,306.51056136648634,14.920830839326058,548.930465355894,32.25489993287774,2.281,48.873000000000005,Paris 16e Arrondissement
2739,175.92506291359865,Entire home/apt,False,False,2.0,False,0,0,10.0,92.0,1,4.147248083390416,0.2516026483504908,302.37676080976274,14.719598821233747,677.6366065764676,39.81761318677759,2.32756,48.88997,Paris 18e Arrondissement
150,339.50041942399105,Entire home/apt,False,False,2.0,False,0,1,8.0,77.0,0,0.8832620364218872,0.1847920497113268,459.55978209331454,22.37121532974893,1114.333537635355,65.47772262006791,2.357,48.864,Paris 3e Arrondissement
1320,262.6060210644049,Private room,False,True,2.0,True,0,1,10.0,100.0,1,2.8799501973749755,0.2154568574437982,416.5205934779963,20.276082131310226,1081.9881967511851,63.57712536894376,2.336,48.88,Paris 9e Arrondissement
2362,432.2397241122192,Entire home/apt,False,False,2.0,False,0,0,10.0,90.0,1,5.044532761126316,0.3299389373324251,328.5324422021104,15.992848577466123,567.6242764154491,33.35333961357417,2.28487,48.8493,Quartier de Grenelle
24,287.07242054245506,Private room,False,True,2.0,False,1,0,10.0,94.0,1,2.261274270190635,0.1118125756746077,421.34722054013,20.51104071021708,1123.7138902710135,66.02890779686822,2.34349,48.87597,Paris 9e Arrondissement
489,353.2482057973716,Entire home/apt,False,False,4.0,False,0,0,10.0,100.0,1,0.3136680955840523,0.1367391533050092,729.7376389365377,35.52338235628508,1277.6994999119147,75.07703090814476,2.34893,48.85784,Paris 4e Arrondissement
565,480.9395097399572,Entire home/apt,False,False,4.0,False,0,0,9.0,88.0,1,1.1627819471227634,0.1532814176707407,446.06818616117033,21.71444898617304,1072.661872343878,63.02911486582071,2.35548,48.86687,Paris 3e Arrondissement
2268,183.1484760928325,Private room,False,True,2.0,False,0,0,10.0,95.0,0,6.523635986996423,0.4541575583627478,201.13145871297164,9.791011632825503,387.8247389520845,22.78840205796132,2.26703,48.84096,Quartier d'Auteuil
2501,600.4753471898592,Entire home/apt,False,False,3.0,False,1,0,8.0,84.0,1,4.477287031120743,0.2937171584201924,307.8851980031413,14.987747687573073,656.6391667845367,38.583813348584506,2.30928,48.88485,Paris 17e Arrondissement
2256,177.32314288377296,Entire home/apt,False,False,2.0,False,0,0,9.0,78.0,1,3.3622317337909005,0.3772144243932554,292.7990284518015,14.253358037554497,672.6433588955043,39.524212265432986,2.32356,48.83325,Paris
145,339.50041942399105,Entire home/apt,False,False,2.0,False,0,1,9.0,95.0,0,0.883235883792328,0.1848158282651347,459.5639935510068,22.37142034209021,1114.3427353458108,65.4782630732748,2.357,48.864,Paris 3e Arrondissement
1735,217.40143536210272,Entire home/apt,False,False,2.0,False,0,0,10.0,100.0,0,2.7416516074786403,0.1126865955141464,221.3865840881082,10.777024310510672,600.513525865442,35.28589668014032,2.38756,48.8476,Paris 12e Arrondissement
3077,322.2574331251748,Entire home/apt,False,False,5.0,False,0,0,10.0,96.0,3,4.386299212907284,0.408014933343692,176.9959141831191,8.616101458313237,419.4704505974752,24.64788941901533,2.3933,48.88557,Paris 19e Arrondissement
1992,260.74191443750584,Entire home/apt,False,False,2.0,False,0,0,9.0,100.0,1,3.264759143802042,0.2151431139064213,197.4563105258244,9.612106657527397,503.1955802639304,29.56753926484389,2.39203,48.84277,Paris 12e Arrondissement
639,166.37151645074098,Private room,False,True,2.0,False,0,1,10.0,88.0,1,2.178979682530632,0.1125074525906722,318.55632600052394,15.507214602526668,743.0985024458242,43.66412387244998,2.351,48.837,Paris 5e Arrondissement
1922,515.6584956659522,Entire home/apt,False,False,4.0,False,0,1,9.0,89.0,1,3.165648260769709,0.1540902730744734,201.04529602683075,9.786817262299284,540.4363622383862,31.755790367339,2.39456,48.84953,Paris 11e Arrondissement
151,339.50041942399105,Entire home/apt,False,False,2.0,False,0,1,10.0,100.0,0,0.8832449646643864,0.1848189435179878,459.561142359345,22.371281547040915,1114.338363169462,65.47800616621731,2.357,48.864,Paris 3e Arrondissement
139,455.3080436200951,Private room,False,True,5.0,False,0,1,9.0,92.0,2,1.1898289101205928,0.185513495563253,731.3978023521591,35.6041985519153,1588.2202080387694,93.32308391455672,2.337,48.854,Quartier de Saint-Germain-des-Prés
1995,212.04212880976792,Entire home/apt,False,False,2.0,False,0,0,8.0,93.0,0,1.6138969092503752,0.1366806955497227,319.15899609011933,15.536552379400275,928.5778036712,54.56280171640204,2.3709,48.86477,Paris 11e Arrondissement
1347,207.84788889924505,Entire home/apt,False,False,2.0,False,0,0,9.0,81.0,1,2.56469056056452,0.2596623092979882,257.2836733148714,12.524482517460704,663.3488581492717,38.97807170589704,2.37551,48.87408,Paris 19e Arrondissement
144,339.50041942399105,Entire home/apt,False,False,2.0,False,0,1,9.0,83.0,0,0.8832504610369238,0.1848095993575755,459.5607880923189,22.371264301441467,1114.3368787998436,65.47791894534596,2.357,48.864,Paris 3e Arrondissement
1909,192.4690092273278,Private room,False,True,2.0,True,0,0,10.0,97.0,1,4.242276302726643,0.0965005115724062,196.1351303769698,9.547792053092726,468.838074951756,27.5487081637699,2.37775,48.89098,Quartier de la Villette
1129,235.11044831764377,Private room,False,True,2.0,True,1,0,10.0,99.0,1,2.549523613599434,0.0820839014719772,380.44246233239465,18.51981086475868,824.9192383728362,48.47187242407961,2.32955,48.839490000000005,Paris
147,339.50041942399105,Entire home/apt,False,False,2.0,False,0,1,9.0,85.0,0,0.8832500798882593,0.1847962720498365,459.56251956760406,22.37134858907488,1114.3384307529373,65.47801013739102,2.357,48.864,Paris 3e Arrondissement
134,339.50041942399105,Entire home/apt,False,False,2.0,False,0,1,10.0,90.0,0,0.8832533363741372,0.1848135225711892,459.5595267092119,22.371202897736875,1114.335189618918,65.47781968985703,2.357,48.864,Paris 3e Arrondissement
2382,219.96458197408893,Entire home/apt,False,False,2.0,False,0,0,9.0,90.0,0,3.5934856431671496,0.7078076570750674,236.74075324241,11.524460090890877,507.56321789548144,29.824179629407027,2.3383,48.82568,Quartier du Parc-de-Montsouris
117,336.00521949855533,Entire home/apt,False,False,2.0,False,0,1,8.0,93.0,0,3.691736688468492,0.1402040537542458,515.9413108126843,25.11584914834825,958.8867997823388,56.34374429170062,2.30809,48.87189,Paris 8e Arrondissement
1259,413.59865784322864,Entire home/apt,False,False,4.0,False,0,1,8.0,72.0,1,2.592911252848672,0.3484297924757408,398.9729168301642,19.421867145313584,1059.595053160805,62.26131462190864,2.3433900000000003,48.87906,Paris 9e Arrondissement
2885,146.5653835399385,Private room,False,True,2.0,False,1,0,9.0,77.0,1,3.2637754450619783,0.5437460492467112,207.3768712630264,10.095036211181712,510.7286523416639,30.010179091542007,2.3918,48.87064,Quartier de Belleville
139,455.3080436200951,Private room,False,True,5.0,False,0,1,9.0,92.0,2,1.1898289101205928,0.185513495563253,731.3978023521591,35.6041985519153,1588.2202080387694,93.32308391455672,2.337,48.854,Quartier de Saint-Germain-des-Prés
2591,159.6141299282319,Private room,False,True,2.0,False,0,0,9.0,82.0,1,4.170688569841291,0.3823741331026649,319.89608935769337,15.572433831279934,751.6198411045373,44.16483378577707,2.3151200000000003,48.8847,Quartier des Batignolles
163,339.50041942399105,Entire home/apt,False,False,2.0,False,0,1,8.0,71.0,0,0.8832453496682292,0.1848122823648544,459.56185109903856,22.371316048250364,1114.3388807270726,65.47803657766283,2.357,48.864,Paris 3e Arrondissement
1451,741.681424177463,Entire home/apt,False,False,6.0,False,0,1,9.0,94.0,2,1.9011700487124712,0.3404133453420372,317.03944999872846,15.433373589916464,866.1562522097245,50.89494026014365,2.36641,48.8711,Paris 10e Arrondissement
1507,299.65514027402367,Private room,False,True,2.0,False,0,1,10.0,85.0,1,3.250571923878495,0.3019189128636151,386.55245240571134,18.81724312258197,932.4572164389756,54.790754214068215,2.32989,48.88162,Paris 9e Arrondissement
2577,489.5610028893653,Entire home/apt,False,False,4.0,False,0,1,9.0,93.0,1,3.3451785868053787,0.079415789188137,398.66568584229856,19.406911244355047,1020.3862124342176,59.9574212985525,2.334,48.88399999999999,Paris 18e Arrondissement
1069,278.2179140646845,Entire home/apt,False,False,2.0,True,0,0,10.0,100.0,0,3.952623660442234,0.1705205919534588,368.4358287874119,17.93533198978686,687.3933196880339,40.39091313084853,2.3008,48.84713,Paris 15e Arrondissement
2045,257.0137011837077,Entire home/apt,False,False,2.0,False,0,0,10.0,100.0,0,2.9934308740275664,0.1927581022376061,209.42795680789456,10.194882364330647,556.8158436822032,32.71824111158803,2.39284,48.85156,Paris 11e Arrondissement
2043,152.15770342063567,Private room,False,True,2.0,False,1,0,8.0,80.0,1,4.321062094805893,0.200844896508898,163.46666261193346,7.9575020509180066,397.11782075903983,23.334459241282435,2.40381,48.8372,Paris 12e Arrondissement
955,346.0247926181378,Private room,False,True,2.0,False,1,0,9.0,87.0,1,4.541262135736184,0.1886124555407881,354.5006567617725,17.256972511455984,712.1058990625085,41.84301285041899,2.30174,48.87973,Paris 17e Arrondissement
3090,206.4498089290708,Entire home/apt,False,False,2.0,False,0,0,9.0,91.0,1,3.1023356664468364,0.4132512625898176,215.4410903361954,10.487599678181311,521.9852665732191,30.67161253081453,2.39277,48.865590000000005,Paris 20e Arrondissement
1912,168.23562307764004,Entire home/apt,False,False,2.0,False,0,1,10.0,80.0,1,2.6524052309689656,0.300326287887852,228.7375733886677,11.134867992523962,604.90925701719,35.54418780694004,2.3888,48.85476,Paris 11e Arrondissement
776,764.9827570137012,Entire home/apt,False,False,6.0,False,1,0,9.0,93.0,2,2.162973165725313,0.4738466715708224,340.25062726391326,16.563285877478183,813.1902994057614,47.78268540208303,2.3460400000000003,48.83762,Paris 5e Arrondissement
1438,347.1898592599497,Private room,False,True,2.0,False,0,0,10.0,100.0,1,2.411471417592994,0.1732857621956835,405.7291485478955,19.75075822861633,1054.2014089252982,61.944386584443954,2.34374,48.87743,Paris 9e Arrondissement
1493,266.5672476465654,Entire home/apt,False,False,4.0,False,0,0,10.0,100.0,1,2.579171695367996,0.162894847524802,334.3894488875729,16.277965689219073,856.5321589160021,50.329432995152565,2.35671,48.87962,Paris 10e Arrondissement
151,339.50041942399105,Entire home/apt,False,False,2.0,False,0,1,10.0,100.0,0,0.8832449646643864,0.1848189435179878,459.561142359345,22.371281547040915,1114.338363169462,65.47800616621731,2.357,48.864,Paris 3e Arrondissement
704,493.75524279988815,Private room,False,True,2.0,False,0,1,10.0,80.0,1,2.410209070144987,0.2355340562397336,254.7831829911304,12.402759491116754,607.9566757540533,35.723252720648865,2.372,48.839,Paris 13e Arrondissement
3126,223.69279522788705,Entire home/apt,False,False,2.0,False,1,0,9.0,89.0,1,4.205209754782759,0.2530340511048027,172.65878313742576,8.404971380536232,406.58553798943217,23.890777921210496,2.401,48.877,Paris 19e Arrondissement
2738,187.80874266008016,Entire home/apt,False,False,3.0,False,0,0,9.0,90.0,1,4.866147962414001,0.38282967206763,243.92925921846785,11.874394139421094,526.5780321766341,30.941481310746926,2.32353,48.89587,Paris 17e Arrondissement
507,327.84975300587195,Entire home/apt,False,False,2.0,False,0,1,10.0,100.0,1,0.5143179658266003,0.0702599479022707,567.6840285438136,27.634667211227544,1342.8825678789178,78.90715779540093,2.35429,48.86108,Paris 3e Arrondissement
2963,228.81908845185944,Private room,False,True,2.0,False,0,0,9.0,94.0,1,2.8264874646916582,0.3700470308090304,242.65763940061368,11.81249211519867,606.5146841000017,35.63852195884768,2.37973,48.87472,Paris 19e Arrondissement
2987,200.3914623916488,Entire home/apt,False,False,2.0,False,1,0,9.0,95.0,1,3.0517904014036232,0.2602810771909587,237.209999973096,11.547302863613806,579.4094244193476,34.045829452543934,2.37726,48.87875,Paris 19e Arrondissement
1257,168.70164973436482,Private room,False,True,2.0,False,1,0,10.0,100.0,1,3.855626975162441,0.1768235559116893,350.65789695379664,17.069908258937737,792.6208670918112,46.57403508508448,2.317,48.882,Quartier des Batignolles
1852,237.2075682729052,Entire home/apt,False,False,4.0,False,0,0,10.0,100.0,2,3.5420193375293016,0.1883912707994451,188.886291188591,9.194921004117823,478.4912477906021,28.11592412936562,2.39212,48.83813,Paris 12e Arrondissement
218,1121.2601360797837,Private room,False,True,4.0,True,0,1,10.0,100.0,2,2.422494654222952,0.2594205020988102,591.2683124445514,28.782742204078428,1200.9075651054632,70.56477238150555,2.3280000000000003,48.871,Paris 9e Arrondissement
2578,489.5610028893653,Entire home/apt,False,False,4.0,False,0,1,10.0,95.0,1,3.345169647393344,0.0794047830290283,398.66538244010377,19.406896474838447,1020.3873644111592,59.95748898818412,2.334,48.88399999999999,Paris 18e Arrondissement
835,348.587939230124,Private room,False,True,2.0,False,0,1,10.0,93.0,1,1.1949518160809651,0.0654999772027177,673.5333283828228,32.78737545827082,1435.9909154564812,84.37816118028833,2.338,48.852,Paris 6e Arrondissement
538,224.3918352129742,Entire home/apt,False,False,2.0,False,0,0,8.0,89.0,0,0.6977975629614039,0.0560556252339892,846.7107210377619,41.21759257535846,1469.6663935006522,86.35691667494343,2.34456,48.85337,Paris 5e Arrondissement
276,800.6337962531458,Entire home/apt,False,False,4.0,False,0,1,8.0,80.0,2,1.7252567989430896,0.1566294322897854,763.325118004351,37.158409518990354,1291.638364911516,75.89607216038885,2.333,48.865,Paris 1er Arrondissement
3028,127.22527728586076,Private room,False,True,4.0,False,0,1,8.0,85.0,1,4.247298567498201,0.3993494087253679,166.883249848313,8.123820366262665,392.8893509016074,23.085996310677466,2.408,48.868,Paris 20e Arrondissement
389,377.7146052754218,Entire home/apt,False,False,4.0,False,0,1,9.0,94.0,0,2.95380481699358,0.0572546974640203,472.672205544644,23.0095236847324,974.4790467367366,57.25993750192215,2.32226,48.87393,Paris 8e Arrondissement
732,248.3922080342996,Entire home/apt,False,False,3.0,False,0,0,7.0,84.0,1,1.9878504271983768,0.6138231375674273,434.155800923042,21.13455808701907,828.7570255077369,48.69737901883502,2.33813,48.84151,Paris 5e Arrondissement
2830,236.0425016310933,Entire home/apt,False,False,4.0,True,0,0,10.0,96.0,1,4.077454303829858,0.3088973381346824,310.5082943593732,15.115439134262871,728.6409649973585,42.81460566730944,2.32162,48.88696,Quartier des Batignolles
2442,231.61524839220803,Private room,False,True,2.0,False,0,1,7.0,83.0,1,4.736729414788847,0.1020085687540706,249.479786607737,12.144591942312813,540.9983655992078,31.78881342455534,2.32787,48.89589,Paris 17e Arrondissement
944,301.053220244198,Entire home/apt,False,False,4.0,False,0,0,9.0,91.0,1,5.380363334653074,0.575254822529104,294.51307137918155,14.3367970696608,604.7482933581664,35.53472965687858,2.28972,48.88134,Paris 17e Arrondissement
663,339.50041942399105,Entire home/apt,False,False,2.0,False,0,1,10.0,100.0,0,0.8832561839855001,0.1848061250616898,459.5596553524496,22.371209160046337,1114.3346861933544,65.47779010880406,2.357,48.864,Paris 3e Arrondissement
651,1098.6578432286326,Entire home/apt,False,False,4.0,False,0,0,9.0,91.0,2,0.7630045987110086,0.1275887742008951,800.1902920489325,38.95299376864635,1663.2416092257952,97.7313067056582,2.34466,48.85225,Paris 5e Arrondissement
2126,591.154814055364,Entire home/apt,False,False,5.0,False,0,0,7.0,80.0,3,5.13641707775828,0.4182638589393234,368.5629498339231,17.941520199493745,562.4824162391692,33.05120629082768,2.28281,48.85431,Paris 16e Arrondissement
3028,127.22527728586076,Private room,False,True,4.0,False,0,1,8.0,85.0,1,4.247298567498201,0.3993494087253679,166.883249848313,8.123820366262665,392.8893509016074,23.085996310677466,2.408,48.868,Paris 20e Arrondissement
1599,403.11305806692144,Entire home/apt,False,False,3.0,False,0,0,10.0,100.0,1,2.0499259536416985,0.3277472553255047,315.8887894732734,15.37735982328714,899.987555264603,52.88285196026487,2.3636,48.87356,Paris 10e Arrondissement
2770,301.053220244198,Entire home/apt,False,False,4.0,False,0,0,8.0,92.0,2,4.782861569750938,0.102260704611764,246.4145815157601,11.995378791348845,532.8326751775356,31.309001236934947,2.3274,48.89621,Paris 17e Arrondissement
122,336.00521949855533,Private room,False,True,2.0,False,1,0,10.0,100.0,1,1.048785897159841,0.0386912552591963,468.7499921981168,22.81859166073174,1141.2982782860963,67.0621582932488,2.353,48.86600000000001,Paris 3e Arrondissement
164,339.50041942399105,Entire home/apt,False,False,2.0,False,0,1,8.0,73.0,0,0.883262774604415,0.1848067494032371,459.5577860809775,22.371118164540984,1114.3316810650142,65.47761352885448,2.357,48.864,Paris 3e Arrondissement
1177,1251.9806132910803,Entire home/apt,False,False,4.0,False,0,0,10.0,100.0,2,2.319046602123332,0.2646812620801002,361.0716446983429,17.576845989915306,961.6405990340148,56.50555626043594,2.35187,48.87742,Paris 10e Arrondissement
144,339.50041942399105,Entire home/apt,False,False,2.0,False,0,1,9.0,83.0,0,0.8832504610369238,0.1848095993575755,459.5607880923189,22.371264301441467,1114.3368787998436,65.47791894534596,2.357,48.864,Paris 3e Arrondissement
150,339.50041942399105,Entire home/apt,False,False,2.0,False,0,1,8.0,77.0,0,0.8832620364218872,0.1847920497113268,459.55978209331454,22.37121532974893,1114.333537635355,65.47772262006791,2.357,48.864,Paris 3e Arrondissement
663,339.50041942399105,Entire home/apt,False,False,2.0,False,0,1,10.0,100.0,0,0.8832561839855001,0.1848061250616898,459.5596553524496,22.371209160046337,1114.3346861933544,65.47779010880406,2.357,48.864,Paris 3e Arrondissement
2204,486.7648429490167,Entire home/apt,False,False,2.0,False,0,1,10.0,100.0,0,4.908767594350364,0.1378511632899133,451.6666683395315,21.986981212037936,608.5772337892987,35.7597164234175,2.28583,48.85626,Paris 16e Arrondissement
926,337.17028614036724,Entire home/apt,False,False,2.0,False,0,0,8.0,84.0,1,3.097624058287584,0.2887913028219315,370.4997472424683,18.03580284467932,748.4803667823455,43.98035972850557,2.31667,48.84209,Paris 15e Arrondissement
2756,428.7445241867835,Entire home/apt,False,False,4.0,False,0,0,10.0,100.0,2,7.121030452383746,0.1393841934286857,181.63332326510613,8.841848969709263,349.55157582382174,20.539488716967487,2.25843,48.841440000000006,Quartier d'Auteuil
2650,198.52735576474976,Private room,False,True,2.0,False,0,1,8.0,70.0,1,3.8295470962805913,0.2083244221527787,343.7243398170836,16.732385033994117,729.6472209569463,42.873732801494505,2.34526,48.89066,Quartier de Clignancourt
2913,127.22527728586076,Private room,False,True,2.0,False,1,0,10.0,93.0,1,3.891929127606976,0.3872282375252973,179.26580004707023,8.726598737263753,432.7182760554246,25.42632550781456,2.4053400000000003,48.86119,Quartier de Charonne
811,333.6750862149315,Entire home/apt,False,False,2.0,True,1,0,10.0,99.0,1,1.4888319302707078,0.2444240665641859,402.678658198338,19.602261386354765,821.8452776624604,48.29124791629887,2.3555200000000003,48.8433,Paris 5e Arrondissement
995,361.6366856184174,Private room,False,True,2.0,False,1,0,9.0,95.0,1,2.6835125745440984,0.0782648873914818,458.52945940472057,22.32105956846653,965.541812276735,56.73478974391399,2.32287,48.84264,Paris 15e Arrondissement
2906,133.0506104949203,Private room,False,True,2.0,False,0,1,9.0,91.0,1,3.638738331035504,0.1991140204039067,190.1304674810825,9.25548708677352,462.7844649727645,27.19300084485028,2.39896,48.86847,Paris 20e Arrondissement
2676,642.1847329667257,Entire home/apt,False,False,2.0,False,0,1,10.0,100.0,0,4.235458532347455,0.1973425365497784,323.00184042753426,15.723620746783126,699.0728422444756,41.077196467441205,2.31262,48.88397,Paris 17e Arrondissement
2261,226.2559418398733,Entire home/apt,False,False,2.0,False,0,0,9.0,85.0,0,3.195737199390901,0.2583471620452336,223.71130080017127,10.890190736670368,547.3480974598114,32.161920728103496,2.3603400000000003,48.82826,Paris 13e Arrondissement
2094,307.1115667816199,Entire home/apt,False,False,2.0,False,0,0,9.0,93.0,0,2.0589673518616323,0.3582160414489302,289.2233610896817,14.079295755295654,734.9853409190912,43.1873982583699,2.38,48.861,Paris 11e Arrondissement
1376,118.13775747972784,Shared room,True,False,2.0,False,0,1,9.0,77.0,1,1.7421048666546344,0.0606283223676804,349.3043101825128,17.004016111043597,971.2963914681628,57.07292615223847,2.36041,48.8714,Paris 10e Arrondissement
230,433.1717774256688,Entire home/apt,False,False,2.0,True,0,1,9.0,95.0,1,0.8175485187742635,0.0941657989343809,784.1241731112376,38.17090051272356,1489.7756237643953,87.53852573259283,2.343,48.853,Paris 6e Arrondissement
2640,1848.960760555504,Entire home/apt,False,False,4.0,False,1,0,10.0,100.0,2,4.512802462277224,0.1921901973616538,573.9413425126086,27.939271146637484,746.4485089641909,43.86096870407059,2.29199,48.86296,Chaillot
2886,131.8855438531084,Private room,False,True,2.0,False,0,0,9.0,95.0,1,3.6153123257545534,0.0478739120982429,201.2455366028512,9.796564906062848,489.8687618116433,28.78446158427928,2.38835,48.87906,Paris 19e Arrondissement
2,211.3430888246808,Private room,False,True,2.0,False,0,0,10.0,94.0,1,3.302325112770045,0.2347238165606703,444.5560767980152,21.64084001192558,902.854467379711,53.05131038847254,2.31714,48.87475,Paris 8e Arrondissement
770,224.3918352129742,Entire home/apt,False,False,2.0,False,0,1,8.0,80.0,0,0.4995640111113466,0.0601171967308478,562.5661371401586,27.38552998232576,1089.536579688074,64.02066485463533,2.3580400000000004,48.85374,Paris 4e Arrondissement
2196,278.2179140646845,Private room,False,True,2.0,True,0,0,10.0,100.0,1,3.642542178430057,0.1280736692159369,253.6780308773436,12.348961058632009,566.7659078777989,33.30290227581504,2.32835,48.82803,Paris
1479,427.5794575449716,Entire home/apt,False,False,2.0,False,1,0,7.0,70.0,1,2.471761902959238,0.0269673655766377,455.0036986880086,22.149426724888603,1087.6795214210774,63.91154497087616,2.33687,48.87618,Paris 9e Arrondissement
1334,308.2766334234318,Entire home/apt,False,False,3.0,False,0,0,9.0,88.0,1,3.587480972683132,0.1050346209549607,362.90929738486585,17.666302303442652,829.635873441377,48.74901971641846,2.3218,48.88156,Paris 8e Arrondissement
1156,370.7242054245503,Entire home/apt,False,False,2.0,True,1,0,10.0,100.0,1,2.9119899563331453,0.2120691639776419,416.6698519855555,20.28334798516104,1037.323029305407,60.95262081441014,2.34011,48.8814,Paris 9e Arrondissement
2097,189.43983595861684,Entire home/apt,False,False,2.0,True,0,0,10.0,97.0,1,3.973989873606476,0.1792111031339834,172.55871332052914,8.400100015571253,424.10474465259097,24.92019839153769,2.3998,48.83886,Paris 12e Arrondissement
1650,311.5388200205052,Private room,False,True,2.0,False,1,0,10.0,100.0,1,2.4764212974667505,0.2219666788481191,265.50812616028645,12.92484611049763,609.2857759191786,35.80135003084114,2.36108,48.83498,Paris 13e Arrondissement
7,207.1488489141579,Entire home/apt,False,False,2.0,False,0,0,10.0,95.0,1,1.4252792256271227,0.2073865151798009,374.3677619299375,18.224096496220906,1018.1593595624598,59.82657245507063,2.36075,48.86825,Paris 10e Arrondissement
463,762.6526237300774,Entire home/apt,False,False,4.0,False,1,0,10.0,100.0,0,1.855118019850571,0.1658546019237916,560.7554993637298,27.297388745518308,1636.966166855298,96.18737388020826,2.34225,48.87175,Paris 9e Arrondissement
1523,219.96458197408893,Private room,False,True,2.0,False,1,0,10.0,100.0,1,2.822036127550873,0.2891312807286319,304.34011785679644,14.81517438067087,738.885865072086,43.41659125125481,2.3585700000000003,48.88166,Paris 10e Arrondissement
1908,230.21716842203367,Private room,False,True,2.0,False,0,0,10.0,100.0,1,4.122219599699323,0.2490008348185321,166.94786402502012,8.126965762611068,405.48674202139387,23.826213178984453,2.4042,48.84167,Paris 12e Arrondissement
3053,206.4498089290708,Entire home/apt,False,False,2.0,False,0,0,10.0,100.0,0,4.361454078396704,0.2066434676119593,183.86422034484625,8.950448287782836,447.0607592147022,26.269083176204404,2.38852,48.88791,Paris 19e Arrondissement
1267,266.334234318203,Private room,False,True,2.0,False,0,1,9.0,97.0,1,1.9525958406012311,0.136104321049468,357.535345764456,17.404700149476465,953.224816733444,56.01104878982981,2.356,48.874,Paris 10e Arrondissement
940,461.13337682915466,Private room,False,True,2.0,False,0,1,10.0,100.0,1,1.2462724951880395,0.1235911422771861,654.0436384211544,31.83862391857669,1258.414783094049,73.94386987874032,2.338,48.851000000000006,Paris 6e Arrondissement
508,254.2175412433592,Entire home/apt,False,False,2.0,False,0,0,10.0,100.0,1,1.1357747225362762,0.0047623501510387,678.5506982657009,33.03161933341495,1471.3577321016764,86.45629894787535,2.33895,48.85193,Paris 6e Arrondissement
1756,307.1115667816199,Entire home/apt,False,False,2.0,False,0,1,10.0,94.0,1,3.046182601343804,0.0702419138720418,206.59110817075367,10.05678552863649,531.9127400056866,31.254946272261986,2.39023,48.84478,Paris 12e Arrondissement
593,459.9683101873428,Entire home/apt,False,False,2.0,False,0,0,9.0,95.0,0,0.2330116390265078,0.3103850177517308,607.2166823557806,29.559103477071965,1297.392761558192,76.23419784246826,2.35562,48.85746,Paris 4e Arrondissement
147,339.50041942399105,Entire home/apt,False,False,2.0,False,0,1,9.0,85.0,0,0.8832500798882593,0.1847962720498365,459.56251956760406,22.37134858907488,1114.3384307529373,65.47801013739102,2.357,48.864,Paris 3e Arrondissement
2668,642.1847329667257,Entire home/apt,False,False,2.0,False,0,1,10.0,100.0,0,4.269564012918208,0.1790460411605645,321.6262966519807,15.656659739320212,690.255276090073,40.55908036365128,2.312,48.88399999999999,Paris 17e Arrondissement
1137,234.64442166091905,Entire home/apt,False,False,2.0,True,0,0,10.0,96.0,0,4.453169090452878,0.0489376762340457,345.3738312852785,16.812681722819857,633.1004430099927,37.20068884044972,2.29379,48.84703,Quartier de Grenelle
147,339.50041942399105,Entire home/apt,False,False,2.0,False,0,1,9.0,85.0,0,0.8832500798882593,0.1847962720498365,459.56251956760406,22.37134858907488,1114.3384307529373,65.47801013739102,2.357,48.864,Paris 3e Arrondissement
2776,289.8685804828036,Entire home/apt,False,False,4.0,False,0,0,10.0,95.0,1,4.516668959914807,0.0098090927215758,275.32038071903673,13.402503355881953,634.7207008438871,37.29589444042284,2.31981,48.8909,Paris 17e Arrondissement
1559,324.5875664087986,Entire home/apt,False,False,4.0,False,0,0,10.0,100.0,1,1.5812362929991444,0.2450724216228781,380.4454848782103,18.51995800127045,1014.3633148237944,59.60351862418697,2.35701,48.87051,Paris 10e Arrondissement
218,1121.2601360797837,Private room,False,True,4.0,True,0,1,10.0,100.0,2,2.422494654222952,0.2594205020988102,591.2683124445514,28.782742204078428,1200.9075651054632,70.56477238150555,2.3280000000000003,48.871,Paris 9e Arrondissement
8,345.0927393046882,Entire home/apt,False,False,2.0,False,0,1,9.0,94.0,0,1.771036454085218,0.2106926013293996,623.1921299793488,30.33678288397751,1358.637365109162,79.83290238455365,2.33543,48.86767,Paris 2e Arrondissement
1352,370.7242054245503,Entire home/apt,False,False,2.0,True,0,1,10.0,98.0,1,2.951416911081836,0.140739942336584,418.22647079592525,20.359123664300103,1049.6888068566195,61.6792281766887,2.337,48.881,Paris 9e Arrondissement
782,359.0735390064312,Entire home/apt,False,False,4.0,False,0,0,9.0,89.0,1,0.9687397798474991,0.2216226619002578,591.885340544558,28.81277892406049,1169.9170631286868,68.74378483714965,2.34857,48.8483,Paris 5e Arrondissement
2542,231.61524839220803,Private room,False,True,2.0,False,0,0,10.0,97.0,1,4.194571511852937,0.2302276090198775,289.39155565541387,14.087483410077253,633.3064892897779,37.21279602442922,2.3421,48.893640000000005,Quartier de Clignancourt
150,339.50041942399105,Entire home/apt,False,False,2.0,False,0,1,8.0,77.0,0,0.8832620364218872,0.1847920497113268,459.55978209331454,22.37121532974893,1114.333537635355,65.47772262006791,2.357,48.864,Paris 3e Arrondissement
228,334.607139528381,Entire home/apt,False,False,2.0,False,0,0,9.0,92.0,1,1.3724417161346023,0.1129931698464264,486.8190005361757,23.69818489773016,1228.0282584270808,72.15837176140495,2.34721,48.86836,Paris 2e Arrondissement
825,563.1932146518781,Entire home/apt,False,False,4.0,False,0,0,9.0,85.0,1,3.001205338015436,0.303563700340605,583.4977808687352,28.40447534548309,877.7991851445839,51.579073607516925,2.31225,48.86042,Quartier des Invalides
1504,370.7242054245503,Entire home/apt,False,False,3.0,False,0,1,9.0,90.0,1,3.0428857287548703,0.0418514607349688,423.22660927354536,20.602528720442915,910.0003391141636,53.47119850231318,2.34478,48.88343,Quartier de Clignancourt
658,339.50041942399105,Entire home/apt,False,False,2.0,False,0,1,7.0,70.0,0,0.8832507631657492,0.1848106043719541,459.560583154716,22.371254325148016,1114.3366398979083,65.47790490757887,2.357,48.864,Paris 3e Arrondissement
402,469.0558299934757,Entire home/apt,False,False,4.0,False,0,0,9.0,94.0,2,0.9366541148812276,0.1949841749660544,446.26407585289775,21.723984830355374,1091.7664293924267,64.15168979061265,2.35792,48.86427,Paris 3e Arrondissement
1602,359.0735390064312,Entire home/apt,False,False,4.0,False,1,0,10.0,100.0,2,2.251501182011949,0.2219117706001148,270.46841776860094,13.166311434470252,714.610469171413,41.99018023014388,2.37542,48.87022,Paris 11e Arrondissement
140,530.5713486811446,Entire home/apt,False,False,4.0,False,0,1,9.0,96.0,1,0.8845199412073153,0.1742988754257399,685.6966322050647,33.37948098954484,1408.243677232039,82.74774631205389,2.34388,48.86196,Quartier Les Halles
2575,489.5610028893653,Entire home/apt,False,False,4.0,False,0,1,9.0,87.0,1,3.345170731188097,0.0793951275718101,398.663433273448,19.406801590062475,1020.3873006902788,59.95748524397469,2.334,48.88399999999999,Paris 18e Arrondissement
146,339.50041942399105,Entire home/apt,False,False,2.0,False,0,1,10.0,100.0,0,0.8832488115202943,0.1848079694055577,459.5614359488339,22.3712958388783,1114.3377834163578,65.4779721001934,2.357,48.864,Paris 3e Arrondissement
1503,155.8859166744338,Entire home/apt,False,False,2.0,False,0,1,9.0,88.0,0,2.081855349307649,0.1792087799763165,293.0805656044064,14.26706317127085,781.8027965814535,45.93837027177853,2.37023,48.87132,Paris 10e Arrondissement
2762,946.9661664647218,Entire home/apt,False,False,6.0,False,0,1,10.0,100.0,3,5.380947308696768,0.3380950368447643,324.67096960056904,15.804873392462952,625.8514908171356,36.774743766610136,2.28549,48.87591,Chaillot
2929,199.2263957498369,Private room,False,True,2.0,False,0,0,8.0,80.0,1,4.2702561519412985,0.3689424684370626,180.65878363514508,8.794408708923331,428.3605277497222,25.17026623545852,2.392,48.88494,Paris 19e Arrondissement
2689,439.4631372914531,Entire home/apt,False,False,3.0,False,0,0,9.0,90.0,0,5.591553649173399,0.3175045559113266,314.56413406806564,15.312876044544288,530.7560105622366,31.18697738584993,2.27806,48.86665,Paris 16e Arrondissement
2787,246.29508807903807,Entire home/apt,False,False,2.0,False,0,0,9.0,93.0,0,4.296431816257667,0.1998097091161314,254.30804595640865,12.379629980378278,550.6421074483117,32.355475229561335,2.34863,48.89512,Quartier de Clignancourt
973,438.0650573212788,Private room,False,True,2.0,False,0,1,10.0,80.0,1,1.609951434480366,0.1666955902423791,653.390106674666,31.806810213384907,1337.2959401211958,78.57889013554218,2.33146,48.85304,Quartier de Saint-Germain-des-Prés
607,166.37151645074098,Private room,False,True,2.0,False,0,1,9.0,84.0,1,2.1789534642126447,0.1125195553501105,318.5590882435137,15.507349067584588,743.1066067904858,43.66460007998914,2.351,48.837,Paris 5e Arrondissement
1741,403.34607139528384,Entire home/apt,False,False,4.0,False,0,1,8.0,86.0,1,2.022960728994478,0.2829578639255849,271.2812608609676,13.20588036229462,802.4997783124415,47.15451533345369,2.379,48.851000000000006,Paris 11e Arrondissement
331,531.7364153229565,Entire home/apt,False,False,4.0,False,0,1,9.0,96.0,1,1.4277926967725134,0.1516323155586524,483.38423567634857,23.53098170180157,1219.4182447798646,71.65245134681906,2.34691,48.86882,Paris 2e Arrondissement
1257,168.70164973436482,Private room,False,True,2.0,False,1,0,10.0,100.0,1,3.855626975162441,0.1768235559116893,350.65789695379664,17.069908258937737,792.6208670918112,46.57403508508448,2.317,48.882,Quartier des Batignolles
1587,370.7242054245503,Entire home/apt,False,False,2.0,True,0,1,10.0,98.0,1,2.951421468120507,0.1407281874011276,418.227601581526,20.35917871056209,1049.690980829561,61.67935591833198,2.337,48.881,Paris 9e Arrondissement
150,339.50041942399105,Entire home/apt,False,False,2.0,False,0,1,8.0,77.0,0,0.8832620364218872,0.1847920497113268,459.55978209331454,22.37121532974893,1114.333537635355,65.47772262006791,2.357,48.864,Paris 3e Arrondissement
162,377.48159194705937,Entire home/apt,False,False,2.0,False,0,1,8.0,60.0,0,0.478265370758909,0.122806830772413,676.852421532867,32.94894779434625,1364.1843166686672,80.15883868937938,2.3478,48.85937,Quartier Les Halles
134,339.50041942399105,Entire home/apt,False,False,2.0,False,0,1,10.0,90.0,0,0.8832533363741372,0.1848135225711892,459.5595267092119,22.371202897736875,1114.335189618918,65.47781968985703,2.357,48.864,Paris 3e Arrondissement
1421,175.92506291359865,Entire home/apt,False,False,2.0,False,0,0,10.0,100.0,1,3.352928813197784,0.269842608690832,228.5393064719155,11.125216425828492,559.2394551236291,32.86065139750409,2.37482,48.88298,Quartier de la Villette
163,339.50041942399105,Entire home/apt,False,False,2.0,False,0,1,8.0,71.0,0,0.8832453496682292,0.1848122823648544,459.56185109903856,22.371316048250364,1114.3388807270726,65.47803657766283,2.357,48.864,Paris 3e Arrondissement
2505,411.2685245596048,Entire home/apt,False,False,2.0,False,0,0,10.0,100.0,1,5.19288103660059,0.3894793650232577,299.1210599456648,14.561112400276231,615.7904965964394,36.18356440548027,2.29368,48.88233,Paris 17e Arrondissement
891,470.45390996365,Private room,False,True,2.0,False,0,1,9.0,91.0,1,1.1897938888179995,0.1855518439277292,731.4018271050977,35.60439447553209,1588.314438037727,93.3286208256573,2.337,48.854,Quartier de Saint-Germain-des-Prés
3107,127.22527728586076,Private room,False,True,2.0,False,0,1,8.0,78.0,1,4.247294252884584,0.399350266517337,166.88339797360692,8.123827576952058,392.8897686036956,23.08602085465873,2.408,48.868,Paris 20e Arrondissement
2443,254.2175412433592,Entire home/apt,False,False,4.0,False,0,0,10.0,96.0,1,4.192629849068534,0.2833668783933182,297.7029575869066,14.49207965532432,678.5385944080538,39.87061357404818,2.32432,48.88929,Paris 17e Arrondissement
1616,260.74191443750584,Entire home/apt,False,False,3.0,False,1,0,8.0,89.0,2,3.664999878148069,0.2619093401343051,351.9556100356604,17.133080494459236,851.7575316568694,50.04887810855091,2.32961,48.88579,Paris 18e Arrondissement
2239,378.8796719172337,Entire home/apt,False,False,4.0,False,0,0,9.0,97.0,1,3.482511913169372,0.3109740620227045,276.554118837967,13.462561311766144,610.4807492603748,35.87156611097389,2.32534,48.83099,Paris
2966,289.6355671544412,Private room,False,True,2.0,True,0,0,10.0,100.0,1,3.484774213154371,0.1910820347776088,189.5170779205717,9.225627489667998,487.45766490912257,28.64278664687376,2.39995,48.85305,Quartier de Charonne
693,533.3675086214931,Entire home/apt,False,False,4.0,True,0,0,9.0,94.0,1,1.089960761625871,0.1023637130871345,392.09049770371365,19.08683330147704,987.827530638228,58.04428823424868,2.366,48.861,Paris 3e Arrondissement
964,529.639295367695,Entire home/apt,False,False,2.0,False,0,1,10.0,92.0,1,5.055678430646772,0.1586541599690789,380.1825719639528,18.507159489200845,650.7834279740589,38.23973284789199,2.28701,48.87025,Chaillot
622,342.9956193494268,Entire home/apt,False,False,3.0,False,0,0,9.0,94.0,1,1.235462390751571,0.1739840389770667,445.56227431824806,21.68982136814186,925.418955104565,54.37718923749934,2.35367,48.84547,Paris 5e Arrondissement
134,339.50041942399105,Entire home/apt,False,False,2.0,False,0,1,10.0,90.0,0,0.8832533363741372,0.1848135225711892,459.5595267092119,22.371202897736875,1114.335189618918,65.47781968985703,2.357,48.864,Paris 3e Arrondissement
1213,318.76223319973906,Private room,False,True,3.0,False,0,0,10.0,92.0,2,2.8144431405067976,0.2706347429994623,369.73197049608586,17.998427731390997,869.5051279440823,51.09171864741957,2.34825,48.88171,Paris 9e Arrondissement
1843,244.43098145213904,Entire home/apt,False,False,3.0,False,0,0,9.0,88.0,1,4.115569855274468,0.3071104354193928,166.32732085443698,8.096757930177851,418.99028169783054,24.61967491683994,2.40591,48.84475,Paris 12e Arrondissement
696,339.50041942399105,Entire home/apt,False,False,2.0,False,0,1,9.0,80.0,0,0.8832424240160853,0.1848170193451407,459.5620685846965,22.371326635378907,1114.3396954651828,65.47808445129688,2.357,48.864,Paris 3e Arrondissement
608,166.37151645074098,Private room,False,True,2.0,False,0,1,9.0,88.0,1,2.178962694756405,0.1125181677038645,318.55828189768226,15.507309814941236,743.1038458973101,43.66443785118472,2.351,48.837,Paris 5e Arrondissement
1621,243.0329014819648,Private room,False,True,2.0,False,1,0,9.0,100.0,1,2.5524395811560345,0.3338657412208533,279.7798903730934,13.619590783074914,719.3027496591536,42.26589645859358,2.3666,48.87763,Paris 10e Arrondissement
658,339.50041942399105,Entire home/apt,False,False,2.0,False,0,1,7.0,70.0,0,0.8832507631657492,0.1848106043719541,459.560583154716,22.371254325148016,1114.3366398979083,65.47790490757887,2.357,48.864,Paris 3e Arrondissement
146,339.50041942399105,Entire home/apt,False,False,2.0,False,0,1,10.0,100.0,0,0.8832488115202943,0.1848079694055577,459.5614359488339,22.3712958388783,1114.3377834163578,65.4779721001934,2.357,48.864,Paris 3e Arrondissement
1280,463.69652344114087,Entire home/apt,False,False,2.0,True,0,0,10.0,99.0,1,3.024200863314204,0.2509251874163291,431.3546175850832,20.9981974260706,1021.9324564634406,60.04827788163916,2.34134,48.88271,Quartier de Clignancourt
2141,190.6049026004288,Private room,False,True,2.0,False,1,0,9.0,94.0,0,2.8242044434856983,0.0953648957961281,380.0301200750809,18.49973818262383,680.9442779314476,40.01197042380315,2.3331,48.83472,Paris
959,517.988628949576,Entire home/apt,False,False,3.0,False,0,1,4.0,40.0,1,3.335521332480211,0.3513332588251101,553.2830677595116,26.93363329308657,903.1620925220168,53.06938629937227,2.30765,48.86042,Paris 7e Arrondissement
1005,480.9395097399572,Entire home/apt,False,False,4.0,False,1,0,10.0,100.0,1,2.8880731115265674,0.0442583866884132,402.80356990894313,19.608342046334247,809.879842706221,47.588164499501005,2.31825,48.84405,Paris 15e Arrondissement
1527,273.55764749743685,Entire home/apt,False,False,2.0,False,0,0,9.0,100.0,0,3.895335040923194,0.2014958962892194,325.34063248114154,15.83747235582608,765.1078025342471,44.95738015306922,2.32362,48.88587,Quartier des Batignolles
177,332.5100195731196,Private room,False,True,2.0,False,0,1,9.0,95.0,1,2.195464845721677,0.1899255278824739,443.26753542573175,21.57811425213577,1200.8275209065432,70.56006902144573,2.342,48.875,Paris 9e Arrondissement
2872,586.261534159754,Private room,False,True,5.0,False,0,0,10.0,100.0,1,3.1272463746127825,0.1496720228649084,212.85478490209644,10.361699201183134,523.3622729563648,30.75252478819217,2.39537,48.85711,Paris 20e Arrondissement
516,637.5244663994781,Entire home/apt,False,False,2.0,True,0,0,9.0,96.0,1,0.9583409348971696,0.3642242381591936,780.3394315778564,37.98666057026157,1360.4720132318491,79.9407054586114,2.3397900000000003,48.85546,Paris 6e Arrondissement
1903,96.46751794202628,Shared room,True,False,6.0,False,0,1,8.0,92.0,1,4.306579078843581,0.0202599907325578,195.001586341366,9.49261151142144,455.5093411788784,26.76551793985437,2.37703,48.89184,Quartier de la Villette
334,316.6651132444776,Entire home/apt,False,False,3.0,True,0,0,10.0,95.0,0,1.0006517849399137,0.0330890827455977,456.6960834565736,22.231811445122165,1128.0277257516695,66.28238677196073,2.3558,48.86534,Paris 3e Arrondissement
1534,565.5233479355019,Entire home/apt,False,False,4.0,False,0,0,8.0,88.0,1,2.0630567223610066,0.1479209878751938,341.6031408917282,16.62912578510988,907.1878496176276,53.3059379219695,2.35799,48.8748,Paris 10e Arrondissement
576,706.962438251468,Entire home/apt,False,False,4.0,False,0,1,10.0,94.0,1,0.6366852945921925,0.2442727861733074,584.4069840732747,28.44873505109658,1341.3186639644812,78.81526352563749,2.35,48.862,Quartier Les Halles
1228,385.8700717681052,Private room,False,True,2.0,False,0,0,10.0,99.0,1,3.3623033428648306,0.3213154923432397,413.96733920133727,20.151790573518632,855.2681221446337,50.25515877984639,2.31907,48.87709,Paris 8e Arrondissement
1378,303.6163668561842,Private room,False,True,2.0,False,1,0,10.0,93.0,1,3.666134260764676,0.1837123609711189,346.5135302410818,16.868161883932363,840.0904269453054,49.3633244387725,2.325,48.88399999999999,Quartier des Batignolles
649,907.5869139714792,Entire home/apt,False,False,5.0,False,1,0,10.0,87.0,1,0.74593307201067,0.0854960384791879,814.4876471289165,39.6489841960142,1500.699706604713,88.18041978131257,2.34425,48.85288,Paris 5e Arrondissement
63,405.4431913505453,Private room,False,True,2.0,False,0,1,10.0,88.0,1,2.7077730934108484,0.2650696388577978,562.9137577589154,27.402452036905565,1015.7996631479444,59.68791778653657,2.321,48.869,Paris 8e Arrondissement
1851,312.9368999906795,Entire home/apt,False,False,2.0,False,0,1,2.0,40.0,0,1.7427301548688003,0.1339898565309512,300.8095638094992,14.6433081993753,819.8507222949477,48.17404876658872,2.37467,48.85053,Paris 12e Arrondissement
148,357.4424457078945,Entire home/apt,False,False,2.0,False,0,1,10.0,94.0,0,0.8832460713449514,0.1848010791961445,459.56302308561607,22.371373100162025,1114.3397194473891,65.47808586048023,2.357,48.864,Paris 3e Arrondissement
215,548.9794016217728,Private room,False,True,2.0,True,0,1,10.0,100.0,1,2.422468557538048,0.2594424558192307,591.2745074139218,28.7830437730998,1200.889222393425,70.56369457224075,2.3280000000000003,48.871,Paris 9e Arrondissement
2761,199.92543573492404,Private room,False,True,2.0,False,1,0,10.0,92.0,1,4.128335825914747,0.3073065011453453,306.77707140974513,14.933804458423284,681.5220894152625,40.045922359005786,2.33078,48.89076,Paris 18e Arrondissement
2554,695.5447851617113,Entire home/apt,False,False,4.0,False,0,1,9.0,93.0,0,5.032582762280777,0.1241971243381874,428.82171089485234,20.8748963819296,598.8793167102987,35.18987130699153,2.28416,48.85767,Paris 16e Arrondissement
2716,356.9764190511697,Private room,False,True,2.0,False,1,0,10.0,100.0,1,5.62372987940066,0.1868638983668439,313.4733195649238,15.259775562114248,519.3924784016576,30.51926149858199,2.27712,48.86489,Paris 16e Arrondissement
1102,359.0735390064312,Entire home/apt,False,False,3.0,False,0,0,8.0,92.0,1,3.979241099075482,0.3472195757666807,470.0375429227111,22.881269196125874,728.6200286059056,42.813375454643385,2.2989,48.85224,Quartier de Grenelle
856,339.50041942399105,Entire home/apt,False,False,4.0,False,0,0,9.0,94.0,1,3.595192235251625,0.1460337054642114,329.6867884361216,16.049041763145947,655.1990208944596,38.49919104301969,2.3094900000000003,48.84137,Paris 15e Arrondissement
2457,264.23711436294155,Entire home/apt,False,False,2.0,False,0,0,10.0,95.0,0,3.5705868740641336,0.4050984322086673,562.7159308951472,27.392821891841063,829.7045435132221,48.75305473803876,2.34333,48.88808,Quartier de Clignancourt
212,504.9398825612825,Private room,False,True,2.0,True,0,1,10.0,100.0,1,2.4224886899048914,0.2594256799703882,591.2696932997416,28.78280942364376,1200.9024770492983,70.5644734096816,2.3280000000000003,48.871,Paris 9e Arrondissement
2920,292.8977537515146,Entire home/apt,False,False,2.0,False,0,1,9.0,91.0,1,2.330840119162579,0.3467863248777569,350.8425777021332,17.078898455533007,907.0013331199374,53.29497829894161,2.35391,48.87752,Paris 10e Arrondissement
2946,523.5809488302731,Private room,False,True,2.0,False,1,0,10.0,92.0,1,3.4140612491099755,0.2991238751685645,270.6083504572524,13.173123310599255,624.3239227565182,36.68498457478985,2.359,48.887,Paris 18e Arrondissement
1905,212.74116879485507,Private room,False,True,2.0,True,0,0,10.0,97.0,1,2.1719865153385136,0.2338140614482017,279.77050957057776,13.6191341287696,708.7187222416727,41.64398390903898,2.38092,48.86258,Paris 11e Arrondissement
501,318.76223319973906,Private room,False,True,4.0,False,0,0,10.0,100.0,1,1.29742782444321,0.3875120415213889,650.3618595938597,31.659396165950604,1407.7340358558656,82.71780002080646,2.34076,48.86515,Quartier Les Halles
2440,764.9827570137012,Entire home/apt,False,False,2.0,True,0,0,10.0,99.0,1,4.925521061172413,0.1146545342050975,449.3909457144288,21.87619980152143,607.0632647568049,35.67075630419201,2.2856,48.85648,Paris 16e Arrondissement
1725,148.42949016683755,Private room,False,True,2.0,False,0,0,10.0,96.0,1,3.158928509363261,0.3013812809659301,201.09861927895085,9.789413020243613,523.5766989355438,30.765124359427386,2.39303,48.84653,Paris 12e Arrondissement
1543,119.76885077826452,Shared room,True,False,2.0,False,1,0,6.0,80.0,1,3.0716814230639287,0.1833298930244113,257.8279787459082,12.550979122423412,638.2683276936933,37.50435135120024,2.3667,48.88262,Paris 10e Arrondissement
2690,695.3117718333489,Entire home/apt,False,False,3.0,False,1,0,7.0,87.0,1,5.387804254028351,0.214503721354416,260.15971743127807,12.664487375877416,535.888471324586,31.48855840338677,2.29575,48.88715,Paris 17e Arrondissement
1604,288.4705005126293,Entire home/apt,False,False,4.0,False,0,0,9.0,90.0,1,3.193054048200267,0.2213128960795089,447.558504034829,21.786997158055108,856.8109993828587,50.34581753185316,2.34578,48.88492,Quartier de Clignancourt
537,345.3257526330506,Entire home/apt,False,False,2.0,False,0,1,9.0,92.0,0,1.833281008817009,0.11811092013497,597.5709578485901,29.089552858480232,1345.558114307254,79.06437166447596,2.33567,48.86861,Paris 2e Arrondissement
1379,219.4985553173641,Private room,False,True,2.0,True,1,0,10.0,98.0,1,3.4259164818649106,0.2361244860361679,421.56869365098447,20.52182194662141,1100.9219916410857,64.68966638837401,2.33528,48.88515,Paris 18e Arrondissement
696,339.50041942399105,Entire home/apt,False,False,2.0,False,0,1,9.0,80.0,0,0.8832424240160853,0.1848170193451407,459.5620685846965,22.371326635378907,1114.3396954651828,65.47808445129688,2.357,48.864,Paris 3e Arrondissement
18,382.1418585143071,Private room,False,True,2.0,False,1,0,10.0,90.0,1,1.550722599721429,0.1877237151925704,475.0866631144488,23.127058665606064,1205.1474728941062,70.8139073996515,2.34653,48.8699,Paris 2e Arrondissement
3112,127.22527728586076,Private room,False,True,2.0,False,0,1,8.0,79.0,1,4.247303414479945,0.3993437506263926,166.8830722297586,8.123811719851291,392.88885445438905,23.085967139668824,2.408,48.868,Paris 20e Arrondissement
1972,422.91919097772393,Entire home/apt,False,False,4.0,False,0,0,10.0,100.0,1,2.4715739029841264,0.375047027469514,239.2076942141848,11.64454994608658,642.2061006831847,37.73573306846762,2.38186,48.84538,Paris 12e Arrondissement
145,339.50041942399105,Entire home/apt,False,False,2.0,False,0,1,9.0,95.0,0,0.883235883792328,0.1848158282651347,459.5639935510068,22.37142034209021,1114.3427353458108,65.4782630732748,2.357,48.864,Paris 3e Arrondissement
213,593.018920682263,Private room,False,True,2.0,True,0,1,10.0,100.0,1,2.422501781578931,0.259424895583257,591.2643527704435,28.782549448477184,1200.8533809234752,70.5615885440648,2.3280000000000003,48.871,Paris 9e Arrondissement
54,422.91919097772393,Entire home/apt,False,False,2.0,True,0,1,10.0,98.0,1,0.8175393566865582,0.0941621165628092,784.129231148178,38.17114673625736,1489.7016247973422,87.53417758755795,2.343,48.853,Paris 6e Arrondissement
284,275.6547674526983,Entire home/apt,False,False,2.0,False,1,0,9.0,92.0,0,2.065571322193246,0.272814979451809,456.25392748993,22.21028744166377,1338.49901388697,78.6495821928718,2.343,48.874,Paris 9e Arrondissement
163,339.50041942399105,Entire home/apt,False,False,2.0,False,0,1,8.0,71.0,0,0.8832453496682292,0.1848122823648544,459.56185109903856,22.371316048250364,1114.3388807270726,65.47803657766283,2.357,48.864,Paris 3e Arrondissement
1010,455.5410569484575,Private room,False,True,2.0,True,0,1,10.0,100.0,1,4.86400248455162,0.1594639437537312,301.21794744134223,14.663188176956217,626.1481349610733,36.79217443913107,2.30087,48.88383,Paris 17e Arrondissement
144,339.50041942399105,Entire home/apt,False,False,2.0,False,0,1,9.0,83.0,0,0.8832504610369238,0.1848095993575755,459.5607880923189,22.371264301441467,1114.3368787998436,65.47791894534596,2.357,48.864,Paris 3e Arrondissement
1083,234.17839500419424,Entire home/apt,False,False,2.0,False,1,0,10.0,90.0,0,5.310422057014817,0.3346501272156182,349.4353428516657,17.010394737222548,610.3359605649565,35.863058394283215,2.28221,48.867340000000006,Paris 16e Arrondissement
1350,312.9368999906795,Entire home/apt,False,False,2.0,False,0,0,9.0,94.0,0,3.311741828933326,0.1641734005501124,564.4470010491698,27.4770898036025,1037.7178787849143,60.97582198696995,2.34082,48.8853,Quartier de Clignancourt
1634,485.5997763072048,Entire home/apt,False,False,6.0,False,0,1,8.0,80.0,2,1.9832530416648555,0.2767525269158447,419.8362617937509,20.43748774760654,1149.2898516271234,67.53173944184466,2.347,48.874,Paris 9e Arrondissement
3095,254.6835679000839,Entire home/apt,False,False,3.0,False,0,0,9.0,86.0,2,4.391957598409512,0.1970849390495882,166.262608523802,8.093607755729316,390.0624885668301,22.919891189014844,2.404,48.877,Paris 20e Arrondissement
1542,195.7311958244012,Entire home/apt,False,False,2.0,False,0,0,4.0,60.0,0,2.618840410170145,0.1206233009081378,261.98645438516826,12.753412315218585,667.5366873159483,39.22414660833402,2.37211,48.87636,Paris 19e Arrondissement
1175,617.4853201603132,Entire home/apt,False,False,4.0,True,0,0,10.0,98.0,1,2.237036149712421,0.2401053619872345,274.46940924487865,13.361078351280486,721.4773099288655,42.39367261299611,2.374,48.871,Paris 10e Arrondissement
2869,157.0509833162457,Private room,False,True,2.0,False,0,0,10.0,100.0,1,4.138693582984736,0.1852929237879337,174.70469252710163,8.50456556019467,412.4385094284589,24.23469581243812,2.40035,48.87656,Paris 19e Arrondissement
1565,582.9993475626806,Private room,False,True,4.0,False,1,0,10.0,100.0,1,3.302729304693843,0.158806494431248,382.8908764600524,18.638998839425945,918.2969418549992,53.95870303718171,2.3273900000000003,48.88112,Paris 9e Arrondissement
676,623.5436666977351,Entire home/apt,False,False,4.0,False,1,0,10.0,100.0,0,0.3656591607206219,0.258259353942059,722.7708833782121,35.18424304336457,1217.2629659623726,71.52580816161968,2.35398,48.85338,Paris 4e Arrondissement
606,231.61524839220803,Private room,False,True,2.0,False,0,1,10.0,92.0,1,2.178965546477952,0.1125115097557111,318.55767263690217,15.507280156331769,743.1027925112097,43.66437595470528,2.351,48.837,Paris 5e Arrondissement
1426,217.1684220337404,Entire home/apt,False,False,3.0,False,0,0,9.0,91.0,0,2.5663451219533893,0.2128489561276523,326.46289964357607,15.892103943111568,845.5736824875561,49.68551799512217,2.35737,48.87945,Paris 10e Arrondissement
763,671.7774256687483,Entire home/apt,False,False,5.0,False,0,1,10.0,100.0,1,0.8832488179632244,0.1848048747495349,459.56181215960646,22.37131415269193,1114.3381012576533,65.47799077640073,2.357,48.864,Paris 3e Arrondissement
833,268.6643676018268,Private room,False,True,2.0,False,0,0,10.0,96.0,1,3.9108301390488576,0.4353616011662646,433.64196401767634,21.109544679618743,812.2074822394827,47.72493552053824,2.30791,48.87561,Paris 8e Arrondissement
639,166.37151645074098,Private room,False,True,2.0,False,0,1,10.0,88.0,1,2.178979682530632,0.1125074525906722,318.55632600052394,15.507214602526668,743.0985024458242,43.66412387244998,2.351,48.837,Paris 5e Arrondissement
207,497.9494827104111,Entire home/apt,False,False,4.0,False,0,0,9.0,93.0,1,0.5651050098791458,0.2413985503812823,649.3666664596647,31.610950499538387,1364.6687254822768,80.18730232693582,2.34781,48.86047,Quartier Les Halles
115,347.4228725883121,Entire home/apt,False,False,2.0,False,0,1,9.0,82.0,0,3.566310300488664,0.1484072491189509,2054.2459375561875,100.0,1003.384812499798,58.95842691180808,2.30837,48.86968,Paris 8e Arrondissement
2280,243.2659148103272,Private room,False,True,2.0,False,0,0,9.0,90.0,3,4.039986292109458,0.4275605201534923,236.6116992523362,11.518177786142727,513.2595860869652,30.15889558633249,2.3214,48.82669,Paris
1845,336.00521949855533,Entire home/apt,False,False,3.0,False,0,0,8.0,88.0,2,1.961003997220626,0.2026655482553372,292.8401571150198,14.255360167020417,818.6651470748106,48.104384915697096,2.37252,48.86844,Paris 11e Arrondissement
924,390.5303383353528,Entire home/apt,False,False,2.0,True,0,0,10.0,98.0,1,2.238849991795819,0.0552275932989401,447.1176238818844,21.76553526077765,987.9752350287667,58.05296727583437,2.32896,48.84395,Paris 6e Arrondissement
127,339.50041942399105,Entire home/apt,False,False,2.0,False,0,1,9.0,86.0,0,0.8832486773055807,0.184814127630235,459.5607203838789,22.37126100541742,1114.3372054125864,65.47793813695947,2.357,48.864,Paris 3e Arrondissement
325,255.8486345418958,Private room,False,True,2.0,False,0,0,6.0,75.0,1,0.89926455785868,0.3785565632912594,442.0329484229409,21.518014972871303,1122.7045897801977,65.96960176743815,2.36232,48.86162,Paris 3e Arrondissement
1759,200.3914623916488,Private room,False,True,2.0,False,0,0,10.0,97.0,1,3.982099380530629,0.2566449705898803,170.29938183882922,8.290116520392106,425.03476292852497,24.97484583473717,2.40468,48.84615,Paris 12e Arrondissement
3102,127.22527728586076,Private room,False,True,2.0,False,0,1,9.0,76.0,1,4.247314361747811,0.3993681160395224,166.88275981763968,8.123796511734618,392.88794847307406,23.08591390462632,2.408,48.868,Paris 20e Arrondissement
629,450.64777705284746,Entire home/apt,False,False,4.0,False,0,1,10.0,88.0,1,0.5745058441322334,0.1609275912215093,542.06716443227,26.387646898653948,1198.5007585852277,70.42334954497622,2.35548,48.86141,Paris 3e Arrondissement
1731,225.5569018547861,Entire home/apt,False,False,2.0,True,0,0,10.0,94.0,1,3.0917750580275234,0.2652771356476393,207.6976487700601,10.11065155212844,520.6607132270678,30.59378238959953,2.38674,48.84013,Quartier de Bercy
657,339.50041942399105,Entire home/apt,False,False,2.0,False,0,1,10.0,100.0,0,0.8832402433435947,0.1848142889776636,459.56299536712703,22.37137175083532,1114.3409504201286,65.47815819186833,2.357,48.864,Paris 3e Arrondissement
2056,134.4486904650946,Private room,False,True,2.0,False,1,0,8.0,90.0,1,4.861534067163685,0.1528933137810023,177.5489562158669,8.643023358103177,467.7330419253506,27.4837769348826,2.38309,48.89545,Paris 19e Arrondissement
351,426.1813775747973,Entire home/apt,False,False,2.0,False,0,1,9.0,94.0,1,1.2339820970751278,0.0714246583985082,510.2550113979602,24.83904200900988,1290.8531764510808,75.84993485007695,2.347,48.867,Paris 2e Arrondissement
145,339.50041942399105,Entire home/apt,False,False,2.0,False,0,1,9.0,95.0,0,0.883235883792328,0.1848158282651347,459.5639935510068,22.37142034209021,1114.3427353458108,65.4782630732748,2.357,48.864,Paris 3e Arrondissement
1198,452.0458570230217,Entire home/apt,False,False,5.0,False,0,0,10.0,96.0,2,2.523635736525729,0.2807482009958621,387.8969940009577,18.88269495435465,1015.5879717147668,59.67547889595804,2.34572,48.87879,Paris 9e Arrondissement
663,339.50041942399105,Entire home/apt,False,False,2.0,False,0,1,10.0,100.0,0,0.8832561839855001,0.1848061250616898,459.5596553524496,22.371209160046337,1114.3346861933544,65.47779010880406,2.357,48.864,Paris 3e Arrondissement
1164,246.0620747506757,Entire home/apt,False,False,3.0,False,0,0,9.0,97.0,1,1.893696034257388,0.3219166856756476,317.3471890714512,15.448354224274624,862.8883564433412,50.70292021828383,2.36658,48.87095,Paris 10e Arrondissement
969,319.69428651318856,Entire home/apt,False,False,2.0,False,0,1,8.0,70.0,0,3.8968439780360207,0.623881891557871,711.191652716215,34.620569996710174,917.0060465354668,53.88285062602368,2.29968,48.8582,Paris 7e Arrondissement
169,420.3560443657377,Entire home/apt,False,False,4.0,False,0,1,8.0,85.0,1,1.2742786575320375,0.1916387338396996,432.2326277554959,21.040938665294235,1082.00704080009,63.57823263653066,2.354,48.868,Paris 3e Arrondissement
421,531.7364153229565,Entire home/apt,False,False,4.0,False,0,1,7.0,80.0,1,1.6304435199247584,0.1179730705949905,479.41449664469263,23.337736143464067,1191.661879451187,70.02150017416653,2.34732,48.87079,Paris 9e Arrondissement
1001,351.1510858421102,Entire home/apt,False,False,2.0,False,0,0,7.0,90.0,0,1.7483867077030095,0.1920368749277788,642.2687945059469,31.26542848467381,1094.8277706505444,64.33157278522282,2.32932,48.85367,Paris 7e Arrondissement
1316,349.5199925435735,Entire home/apt,False,False,2.0,False,0,1,9.0,96.0,1,3.345182723840676,0.0794022407466648,398.66245714034807,19.406754072232108,1020.385807424362,59.95739750036094,2.334,48.88399999999999,Paris 18e Arrondissement
921,336.93727281200484,Entire home/apt,False,False,3.0,False,0,1,9.0,80.0,1,5.413844954978138,0.3050088109106479,315.36753780651856,15.351985467801011,651.2969471537548,38.26990699707856,2.28593,48.87727,Paris 17e Arrondissement
3086,4184.686364060024,Entire home/apt,False,False,4.0,False,0,0,9.0,90.0,3,3.86938479560782,0.3478898969673612,194.7004816106084,9.477953834594498,465.8766331754441,27.37469521644686,2.38782,48.88257,Paris 19e Arrondissement
25,305.71348681144565,Private room,False,True,2.0,False,0,0,9.0,83.0,1,2.0521278096134616,0.0822563181511223,677.9602039310798,33.00287426819051,1008.8340219127224,59.278619933365405,2.32478,48.85609,Paris 7e Arrondissement
994,313.63593997576663,Private room,False,True,2.0,False,1,0,9.0,91.0,1,2.6603844952247844,0.2051812633899252,426.7158844022857,20.77238545789332,936.6109983616086,55.034828516212585,2.321,48.845,Paris 6e Arrondissement
1615,203.1876223319974,Private room,False,True,2.0,True,1,0,10.0,96.0,1,2.8943954039015467,0.1689932123885978,416.77972779555495,20.28869670256584,1043.975275102159,61.34350369675121,2.33839,48.88082,Paris 9e Arrondissement
147,339.50041942399105,Entire home/apt,False,False,2.0,False,0,1,9.0,85.0,0,0.8832500798882593,0.1847962720498365,459.56251956760406,22.37134858907488,1114.3384307529373,65.47801013739102,2.357,48.864,Paris 3e Arrondissement
920,504.24084257619535,Entire home/apt,False,False,4.0,False,0,0,10.0,96.0,1,4.174226748456433,0.1353342133159649,467.3058592829483,22.74829175706556,913.1346355723352,53.65536831069274,2.30155,48.87297,Paris 8e Arrondissement
1009,229.5181284369466,Private room,False,True,2.0,True,0,1,10.0,100.0,1,5.015065847402208,0.052393028795596,291.79837607179354,14.204646616895758,616.8258622261916,36.244402010403405,2.29882,48.88431,Paris 17e Arrondissement
1701,349.7530058719359,Private room,False,True,2.0,False,1,0,10.0,90.0,1,3.438506763949799,0.2236180395064333,200.8511871366377,9.77736810693554,485.7958845762785,28.545141204091568,2.374,48.82899999999999,Paris 13e Arrondissement
3102,127.22527728586076,Private room,False,True,2.0,False,0,1,9.0,76.0,1,4.247314361747811,0.3993681160395224,166.88275981763968,8.123796511734618,392.88794847307406,23.08591390462632,2.408,48.868,Paris 20e Arrondissement
144,339.50041942399105,Entire home/apt,False,False,2.0,False,0,1,9.0,83.0,0,0.8832504610369238,0.1848095993575755,459.5607880923189,22.371264301441467,1114.3368787998436,65.47791894534596,2.357,48.864,Paris 3e Arrondissement
2082,275.6547674526983,Entire home/apt,False,False,4.0,False,0,0,8.0,83.0,0,2.489430383661808,0.1691579917535764,236.31298399945507,11.503636428293603,693.2446182656879,40.7347327255166,2.38552,48.85076,Paris 11e Arrondissement
186,331.34495293130766,Entire home/apt,False,False,2.0,True,0,1,10.0,95.0,0,1.2184270945432571,0.18325446045369,381.76250489428367,18.584070091843213,1049.4880778414572,61.66743343271599,2.36378,48.86476,Paris 3e Arrondissement
2631,97.39957125547582,Shared room,True,False,2.0,False,0,0,9.0,90.0,1,4.394437577381484,0.1396826919405366,277.96500323758846,13.531242688899589,613.0396411660964,36.021925414323164,2.3288900000000003,48.89283,Paris 18e Arrondissement
1271,321.09236648336287,Entire home/apt,False,False,3.0,False,0,0,10.0,100.0,1,1.960519043627856,0.2552259060658654,321.1499631692324,15.633471985894984,974.6953792158602,57.27264909821119,2.36368,48.87266,Paris 10e Arrondissement
423,826.0322490446454,Entire home/apt,False,False,6.0,False,0,1,10.0,80.0,1,3.0979715200926248,0.2603438025414285,469.38557111182246,22.849531428073416,924.1889623197568,54.30491543107756,2.31906,48.87338,Paris 8e Arrondissement
164,339.50041942399105,Entire home/apt,False,False,2.0,False,0,1,8.0,73.0,0,0.883262774604415,0.1848067494032371,459.5577860809775,22.371118164540984,1114.3316810650142,65.47761352885448,2.357,48.864,Paris 3e Arrondissement
2447,347.65588591667444,Entire home/apt,False,False,3.0,True,0,0,10.0,97.0,1,3.799308305161909,0.2545454161278446,334.26343337039737,16.271831296307706,798.1572755886413,46.89935188442993,2.324,48.885,Quartier des Batignolles
178,714.6518780874267,Entire home/apt,False,False,3.0,False,1,0,10.0,93.0,0,1.74274426536254,0.2858560991518746,773.711288136388,37.66400478108408,1079.5469373876426,63.43367809929693,2.32899,48.85677,Paris 7e Arrondissement
1247,456.7061235902694,Entire home/apt,False,False,4.0,False,0,0,9.0,88.0,2,1.6809994939654849,0.1463249719296679,383.4225011734874,18.66487815132895,1034.890731079916,60.8097000970853,2.35522,48.8716,Paris 10e Arrondissement
1055,311.5388200205052,Private room,False,True,2.0,False,1,0,10.0,100.0,1,3.95077302686485,0.3316087668699112,321.8886273601123,15.669429909791804,634.174278044799,37.26378688979855,2.3033,48.842490000000005,Paris 15e Arrondissement
1932,292.8977537515146,Entire home/apt,False,False,2.0,False,0,1,10.0,98.0,0,2.00497373959243,0.1749406188904515,281.771493299427,13.716541342398056,747.027186860877,43.8949715492923,2.37823,48.86309,Paris 11e Arrondissement
2230,475.34718985926,Entire home/apt,False,False,2.0,False,0,0,9.0,100.0,1,4.348826299193843,0.129848499171048,436.5192282425692,21.249608932505414,677.7257570866836,39.822851629472,2.29398,48.851420000000005,Quartier de Grenelle
321,331.1119396029453,Entire home/apt,False,False,3.0,False,1,0,10.0,93.0,0,0.8835042200167681,0.4106327426408721,446.4153671618358,21.7313496402923,1065.1139364357657,62.58560164733301,2.3618900000000003,48.861740000000005,Paris 3e Arrondissement
1437,234.8774349892814,Entire home/apt,False,False,2.0,False,0,0,8.0,88.0,0,1.7423785597426178,0.1263901297083423,343.32700366825395,16.71304284416351,927.0732779683112,54.474396482850906,2.36276,48.87078,Paris 10e Arrondissement
151,339.50041942399105,Entire home/apt,False,False,2.0,False,0,1,10.0,100.0,0,0.8832449646643864,0.1848189435179878,459.561142359345,22.371281547040915,1114.338363169462,65.47800616621731,2.357,48.864,Paris 3e Arrondissement
1362,627.9709199366204,Private room,False,True,4.0,False,1,0,10.0,90.0,2,1.991395727435888,0.2351112459116337,463.5016573262407,22.56310448775382,1348.8861888119818,79.25992778113194,2.3435,48.87341,Paris 9e Arrondissement
3036,369.5591387827384,Private room,False,True,2.0,False,0,1,9.0,91.0,1,3.693304084833577,0.1240876167314311,218.6595353801881,10.64427249837058,524.5832748552278,30.82427029431952,2.37399,48.88669,Quartier de la Villette
657,339.50041942399105,Entire home/apt,False,False,2.0,False,0,1,10.0,100.0,0,0.8832402433435947,0.1848142889776636,459.56299536712703,22.37137175083532,1114.3409504201286,65.47815819186833,2.357,48.864,Paris 3e Arrondissement
187,297.32500699039986,Private room,False,True,2.0,False,1,0,8.0,80.0,1,1.275882838842606,0.0202490913166056,365.8064540730995,17.807334914741386,1041.121066893757,61.17579174421836,2.366,48.864,Paris 3e Arrondissement
313,573.2127877714605,Entire home/apt,False,False,6.0,False,0,1,10.0,94.0,1,2.283712791441647,0.0448967047409992,460.4228146152647,22.413227462092586,1162.160292752332,68.28800060201992,2.339,48.875,Paris 9e Arrondissement
2178,339.50041942399105,Private room,False,True,2.0,True,1,0,10.0,97.0,1,3.5247776089447704,0.0340162863356913,288.6665188866424,14.052188864496504,659.1266263958844,38.72997532339688,2.319,48.834,Paris
1683,207.84788889924505,Entire home/apt,False,False,3.0,False,0,0,9.0,93.0,1,2.5364444494112,0.1757720440654981,251.5420602326741,12.244982727429344,660.0808817910104,38.78604692849579,2.37914,48.87131,Quartier de Belleville
664,907.5869139714792,Entire home/apt,False,False,5.0,False,1,0,10.0,90.0,1,0.6932696200719021,0.1521538123301827,835.5905455076577,40.67626617783211,1652.885858739695,97.12280760287578,2.34538,48.85266,Paris 5e Arrondissement
2203,533.3675086214931,Entire home/apt,False,False,2.0,False,0,1,10.0,97.0,0,4.913454596251018,0.0380712316627578,465.0313442270542,22.637569130611205,614.6559689126098,36.11690008418179,2.28577,48.85716,Paris 16e Arrondissement
1092,315.5000466026657,Private room,False,True,2.0,False,1,0,6.0,60.0,1,2.3105247524114367,0.3175381690885493,387.18640904137226,18.848103917975106,801.4518532948514,47.09293974471749,2.33486,48.83946,Paris
145,339.50041942399105,Entire home/apt,False,False,2.0,False,0,1,9.0,95.0,0,0.883235883792328,0.1848158282651347,459.5639935510068,22.37142034209021,1114.3427353458108,65.4782630732748,2.357,48.864,Paris 3e Arrondissement
119,324.35455308043623,Private room,False,True,2.0,False,0,1,9.0,92.0,1,1.1897995345544272,0.1855334984433874,731.394638439208,35.604044533699025,1588.18159874062,93.32081525007756,2.337,48.854,Quartier de Saint-Germain-des-Prés
2027,183.1484760928325,Entire home/apt,False,False,2.0,False,0,0,10.0,100.0,1,4.341793155017269,0.4329813019883601,161.56777886813398,7.865065030156098,383.6366920880417,22.542314363727908,2.40638,48.84006,Paris 12e Arrondissement
799,637.2914530711157,Entire home/apt,False,False,4.0,True,0,0,10.0,95.0,2,1.0653181761274368,0.1604820792629194,486.3361594804901,23.674680357847265,982.4558073795828,57.72864826323271,2.35327,48.846990000000005,Paris 5e Arrondissement
1973,582.9993475626806,Entire home/apt,False,False,4.0,False,0,1,9.0,92.0,1,1.9995261593392573,0.2681443980452738,272.87806837684343,13.28361241407492,801.3321292011777,47.08590481241782,2.37893,48.85157,Paris 11e Arrondissement
2680,757.7593438344674,Private room,False,True,2.0,False,0,1,10.0,100.0,1,4.987641505027717,0.3741190959671436,370.1820753147159,18.02033868228549,713.3254612128673,41.91467375759098,2.293,48.878,Paris 17e Arrondissement
1711,318.52921987137665,Entire home/apt,False,False,3.0,False,0,0,10.0,100.0,1,1.9421138109330245,0.0738323237851334,279.7621159955592,13.618725532366168,742.0098951049781,43.60015780923936,2.37912,48.8581,Paris 11e Arrondissement
1692,242.10084816851528,Entire home/apt,False,False,2.0,False,0,0,10.0,96.0,1,4.68229300184158,0.3792797510809915,180.7154974901147,8.797169520271805,420.0716535435947,24.683215825710324,2.38596,48.89254,Paris 19e Arrondissement
148,357.4424457078945,Entire home/apt,False,False,2.0,False,0,1,10.0,94.0,0,0.8832460713449514,0.1848010791961445,459.56302308561607,22.371373100162025,1114.3397194473891,65.47808586048023,2.357,48.864,Paris 3e Arrondissement
2190,383.5399384844813,Private room,False,True,2.0,True,1,0,10.0,94.0,1,3.524779313741193,0.0340220734175899,288.66616679142544,14.052171724619992,659.1248148903968,38.72986888017335,2.319,48.834,Paris
2586,354.6462857675459,Entire home/apt,False,False,4.0,True,1,0,9.0,94.0,1,7.474170516679399,0.1881491491732124,165.41897189381393,8.052539808870348,319.93228178765384,18.799072716191,2.25543,48.83669,Quartier d'Auteuil
146,339.50041942399105,Entire home/apt,False,False,2.0,False,0,1,10.0,100.0,0,0.8832488115202943,0.1848079694055577,459.5614359488339,22.3712958388783,1114.3377834163578,65.4779721001934,2.357,48.864,Paris 3e Arrondissement
1622,218.79951533227705,Entire home/apt,False,False,4.0,False,0,0,10.0,96.0,0,4.008074334865995,0.2528783673543174,335.0814737791422,16.31165322774197,754.3718526192032,44.3265407079136,2.31604,48.88328,Quartier des Batignolles
443,333.6750862149315,Entire home/apt,False,False,4.0,False,0,0,9.0,85.0,1,2.2563601948612324,0.0484650984500781,641.2897766637227,31.217770226023983,1186.9985286058252,69.74748383810561,2.33392,48.87262,Paris 9e Arrondissement
3117,278.2179140646845,Entire home/apt,False,False,2.0,False,0,0,10.0,94.0,0,3.396996550790387,0.081302772669357,203.8163561161915,9.921711533656946,517.3514853018701,30.39933368922883,2.39723,48.86507,Paris 20e Arrondissement
152,339.50041942399105,Entire home/apt,False,False,2.0,False,0,1,10.0,94.0,0,0.8832458948155467,0.1848093067737421,459.5620661901694,22.371326518814133,1114.338945693063,65.47804039503434,2.357,48.864,Paris 3e Arrondissement
153,339.50041942399105,Entire home/apt,False,False,2.0,False,0,1,9.0,90.0,0,0.8832361750804796,0.184824656040472,459.562836144768,22.37136399994453,1114.3416935067228,65.47820185529247,2.357,48.864,Paris 3e Arrondissement
1516,442.7253238885264,Entire home/apt,False,False,4.0,False,0,1,10.0,100.0,1,3.9845530725200766,0.0899581728811819,316.4812952258918,15.40620280366189,732.1851433641057,43.022859946819295,2.32471,48.88727,Quartier des Batignolles
2088,760.3224904464536,Entire home/apt,False,False,6.0,False,0,0,9.0,94.0,3,1.816411552237088,0.1936161857709608,289.86382181816685,14.110473167735718,862.1579862445606,50.66000400364023,2.37692,48.85303,Paris 11e Arrondissement
2954,415.9287911268525,Entire home/apt,False,False,4.0,False,1,0,8.0,83.0,1,3.3417931123494693,0.0668871416287435,209.011565807036,10.174612590724385,523.8009541805603,30.77830149377124,2.38855,48.87516,Paris 19e Arrondissement
1155,1518.314847609283,Entire home/apt,False,False,6.0,True,1,0,10.0,99.0,3,1.992453253136533,0.2364877627032081,500.5210096125999,24.36519408226454,916.6222064966618,53.86029636310104,2.332,48.845,Paris 6e Arrondissement
742,275.6547674526983,Entire home/apt,False,False,2.0,False,0,0,10.0,100.0,0,0.7187263039107399,0.0962823092639414,749.4631351988579,36.48361286723288,1255.7007702806272,73.78439574269157,2.34932,48.85051,Paris 5e Arrondissement
1270,446.2205238139622,Entire home/apt,False,False,4.0,True,0,0,10.0,100.0,0,1.9547143902488848,0.3109068310519936,310.8997787675652,15.134496463331155,849.4196675275803,49.91150629498616,2.36713,48.87137,Paris 10e Arrondissement
146,339.50041942399105,Entire home/apt,False,False,2.0,False,0,1,10.0,100.0,0,0.8832488115202943,0.1848079694055577,459.5614359488339,22.3712958388783,1114.3377834163578,65.4779721001934,2.357,48.864,Paris 3e Arrondissement
663,339.50041942399105,Entire home/apt,False,False,2.0,False,0,1,10.0,100.0,0,0.8832561839855001,0.1848061250616898,459.5596553524496,22.371209160046337,1114.3346861933544,65.47779010880406,2.357,48.864,Paris 3e Arrondissement
1966,237.2075682729052,Entire home/apt,False,False,3.0,False,0,0,9.0,98.0,1,1.955075788145822,0.2622932320100608,291.6799157135277,14.198880006574177,841.8674377216845,49.46774076905322,2.373,48.868,Paris 11e Arrondissement
657,339.50041942399105,Entire home/apt,False,False,2.0,False,0,1,10.0,100.0,0,0.8832402433435947,0.1848142889776636,459.56299536712703,22.37137175083532,1114.3409504201286,65.47815819186833,2.357,48.864,Paris 3e Arrondissement
495,385.8700717681052,Entire home/apt,False,False,2.0,False,0,0,10.0,100.0,0,1.1540816447458442,0.1462337973249234,846.6611906923775,41.21518145483589,1335.291496623695,78.46110996389314,2.3397,48.86237,Quartier Les Halles
2328,463.69652344114087,Entire home/apt,False,False,4.0,False,0,0,10.0,100.0,1,4.416321161668242,0.3017769983945701,234.80694392193223,11.430322904825498,488.668631365829,28.71394247506744,2.30982,48.82872,Paris
148,357.4424457078945,Entire home/apt,False,False,2.0,False,0,1,10.0,94.0,0,0.8832460713449514,0.1848010791961445,459.56302308561607,22.371373100162025,1114.3397194473891,65.47808586048023,2.357,48.864,Paris 3e Arrondissement
244,720.4772112964862,Private room,False,True,2.0,False,0,1,10.0,100.0,1,2.4184400345253074,0.1213267573460216,596.6773458825702,29.046052129103938,1127.7138820584132,66.26394546188699,2.32588,48.86918,Paris 1er Arrondissement
213,593.018920682263,Private room,False,True,2.0,True,0,1,10.0,100.0,1,2.422501781578931,0.259424895583257,591.2643527704435,28.782549448477184,1200.8533809234752,70.5615885440648,2.3280000000000003,48.871,Paris 9e Arrondissement
134,339.50041942399105,Entire home/apt,False,False,2.0,False,0,1,10.0,90.0,0,0.8832533363741372,0.1848135225711892,459.5595267092119,22.371202897736875,1114.335189618918,65.47781968985703,2.357,48.864,Paris 3e Arrondissement
427,544.3191350545252,Entire home/apt,False,False,4.0,False,0,0,10.0,96.0,1,3.938894582469287,0.1906033547518057,376.9516760793153,18.349880566284675,752.2547641812091,44.202141571727424,2.31277,48.88023,Paris 8e Arrondissement
3087,259.57684779569394,Entire home/apt,False,False,4.0,False,0,0,9.0,95.0,1,3.072746541070128,0.5727371606421329,215.36836973311568,10.484059663728797,535.9982098405778,31.495006587766195,2.3907700000000003,48.86817,Paris 20e Arrondissement
1668,307.1115667816199,Entire home/apt,False,False,2.0,False,0,0,10.0,100.0,1,1.9338006355734945,0.1356104553487123,297.4273462310637,14.478662987397463,824.3078047827823,48.435944869484885,2.37161,48.86872,Paris 11e Arrondissement
1597,157.75002330133285,Private room,False,True,2.0,False,0,0,9.0,89.0,1,3.1711725741350363,0.199631756270605,329.6600234320896,16.047738851768948,729.9001124179089,42.88859258662583,2.3521,48.885090000000005,Paris 18e Arrondissement
2198,192.00298257060305,Entire home/apt,False,False,2.0,False,0,0,8.0,84.0,0,3.2959822924659163,0.1373937313263039,287.70359483020843,14.005314045915654,616.6243777934401,36.232562878443005,2.33,48.831,Paris
610,166.37151645074098,Private room,False,True,2.0,False,0,1,9.0,86.0,1,2.178970108405731,0.1125228482503778,318.55796924918235,15.507294595317616,743.1018170395648,43.66431863644317,2.351,48.837,Paris 5e Arrondissement
509,553.8726815173828,Entire home/apt,False,False,2.0,True,0,0,10.0,99.0,1,0.3369592057130264,0.118531576196365,745.4392830302354,36.2877330996229,1263.8282982185578,74.26196552044048,2.34845,48.85764,Paris 4e Arrondissement
658,339.50041942399105,Entire home/apt,False,False,2.0,False,0,1,7.0,70.0,0,0.8832507631657492,0.1848106043719541,459.560583154716,22.371254325148016,1114.3366398979083,65.47790490757887,2.357,48.864,Paris 3e Arrondissement
1929,440.3951906049026,Entire home/apt,False,False,3.0,False,0,0,10.0,100.0,1,1.5907238023950656,0.1280306407850785,318.9593310980403,15.52683275486902,863.8039795575535,50.75672180844698,2.37193,48.863240000000005,Paris 11e Arrondissement
152,339.50041942399105,Entire home/apt,False,False,2.0,False,0,1,10.0,94.0,0,0.8832458948155467,0.1848093067737421,459.5620661901694,22.371326518814133,1114.338945693063,65.47804039503434,2.357,48.864,Paris 3e Arrondissement
139,455.3080436200951,Private room,False,True,5.0,False,0,1,9.0,92.0,2,1.1898289101205928,0.185513495563253,731.3978023521591,35.6041985519153,1588.2202080387694,93.32308391455672,2.337,48.854,Quartier de Saint-Germain-des-Prés
2518,210.1780221828689,Entire home/apt,False,False,2.0,False,0,0,8.0,88.0,1,5.977828591624303,0.5556665190450724,278.7038772157322,13.567210825169717,467.8251501167666,27.489189169554614,2.27179,48.86275,Paris 16e Arrondissement
1015,1017.5692049585236,Entire home/apt,False,False,2.0,False,1,0,9.0,96.0,1,4.10457513027941,0.19762239845013,485.27303100391686,23.62292762186094,956.2637837006594,56.18961708146817,2.30072,48.87017,Paris 8e Arrondissement
1635,243.0329014819648,Private room,False,True,2.0,False,1,0,10.0,100.0,1,2.401377561976701,0.1269035820192565,383.3737831837262,18.66250657600437,992.1678741190696,58.299324807156125,2.34732,48.87787,Paris 9e Arrondissement
1217,287.3054338708174,Entire home/apt,False,False,2.0,False,0,0,10.0,99.0,1,2.036862410291977,0.2595424335985621,404.9845337436071,19.71451063086404,1126.3653536731688,66.18470655847779,2.3480000000000003,48.87462,Paris 9e Arrondissement
150,339.50041942399105,Entire home/apt,False,False,2.0,False,0,1,8.0,77.0,0,0.8832620364218872,0.1847920497113268,459.55978209331454,22.37121532974893,1114.333537635355,65.47772262006791,2.357,48.864,Paris 3e Arrondissement
2402,246.29508807903807,Entire home/apt,False,False,2.0,False,0,0,8.0,80.0,1,5.7615691571634375,0.4185634197813273,234.252440585625,11.403329869270715,447.7990006869146,26.312461903229647,2.27776,48.84117,Paris 15e Arrondissement
200,308.04362009506946,Private room,False,True,2.0,False,0,1,10.0,91.0,1,2.7077712157813223,0.2650733482645083,562.9150107034055,27.40251302982113,1015.7996100890448,59.687914668820206,2.321,48.869,Paris 8e Arrondissement
147,339.50041942399105,Entire home/apt,False,False,2.0,False,0,1,9.0,85.0,0,0.8832500798882593,0.1847962720498365,459.56251956760406,22.37134858907488,1114.3384307529373,65.47801013739102,2.357,48.864,Paris 3e Arrondissement
119,324.35455308043623,Private room,False,True,2.0,False,0,1,9.0,92.0,1,1.1897995345544272,0.1855334984433874,731.394638439208,35.604044533699025,1588.18159874062,93.32081525007756,2.337,48.854,Quartier de Saint-Germain-des-Prés
96,382.1418585143071,Entire home/apt,False,False,2.0,False,0,1,9.0,76.0,0,1.2340059746657055,0.0713938476777549,510.2577278236877,24.83917424369891,1290.7510567499962,75.84393434373318,2.347,48.867,Paris 2e Arrondissement
1316,349.5199925435735,Entire home/apt,False,False,2.0,False,0,1,9.0,96.0,1,3.345182723840676,0.0794022407466648,398.66245714034807,19.406754072232108,1020.385807424362,59.95739750036094,2.334,48.88399999999999,Paris 18e Arrondissement
2630,1006.1515518687668,Entire home/apt,False,False,6.0,False,0,0,9.0,92.0,3,5.548823776187133,0.5956822199818947,294.58820395674644,14.340454498218469,830.0052490343171,48.77072405520062,2.27751,48.851420000000005,Paris 16e Arrondissement
898,476.0462298443471,Entire home/apt,False,False,3.0,False,0,1,10.0,89.0,1,3.362841985350258,0.1238849858301187,386.9380460259742,18.83601369007895,714.4100837479382,41.978405675459626,2.30943,48.84667,Paris 15e Arrondissement
1268,174.52698294342437,Private room,False,True,2.0,False,0,1,9.0,87.0,1,3.494833829672264,0.2349556333280346,448.01304285819606,21.809123954806022,1042.8922223935788,61.27986402116018,2.336,48.886,Paris 18e Arrondissement
2860,498.1824960387734,Entire home/apt,False,False,4.0,False,0,0,10.0,96.0,1,3.5946603207963013,0.2363137220986695,192.09302626771856,9.35102378716348,470.73811426918326,27.6603535941477,2.3987700000000003,48.86768,Paris 20e Arrondissement
2294,231.61524839220803,Entire home/apt,False,False,2.0,False,0,0,9.0,84.0,0,5.7397476856250425,0.3469381172957259,263.64522926086966,12.834160917193415,470.7746632551663,27.66250119563811,2.27546,48.84853,Quartier d'Auteuil
304,504.47385590455775,Private room,False,True,2.0,False,0,1,10.0,100.0,1,1.3849398277356362,0.3430815076602766,672.6292175649966,32.74336364832649,1350.8722022316003,79.37662500993963,2.33934,48.86534,Quartier Les Halles
4,247.9261813775748,Entire home/apt,False,False,4.0,False,0,0,7.0,82.0,1,1.1979209303289824,0.1035728515184905,406.928958394001,19.809164567612573,1070.7754966319856,62.91827230257647,2.35915,48.86648,Paris 3e Arrondissement
1233,167.3035697641905,Entire home/apt,False,False,2.0,False,0,0,8.0,85.0,1,2.534906575582087,0.281396743933068,263.4745901100829,12.825854260835133,686.882894289518,40.36092077081136,2.37303,48.87503,Paris 10e Arrondissement
134,339.50041942399105,Entire home/apt,False,False,2.0,False,0,1,10.0,90.0,0,0.8832533363741372,0.1848135225711892,459.5595267092119,22.371202897736875,1114.335189618918,65.47781968985703,2.357,48.864,Paris 3e Arrondissement
2576,489.5610028893653,Entire home/apt,False,False,4.0,False,0,1,10.0,94.0,1,3.345181873783924,0.0794002641739939,398.6622602281431,19.406744486612325,1020.3859232021427,59.95740430340973,2.334,48.88399999999999,Paris 18e Arrondissement
609,166.37151645074098,Private room,False,True,2.0,False,0,1,10.0,87.0,1,2.1789593188922094,0.1124993606401871,318.5574600790282,15.507269809086091,743.1042383414075,43.66446091101814,2.351,48.837,Paris 5e Arrondissement
230,433.1717774256688,Entire home/apt,False,False,2.0,True,0,1,9.0,95.0,1,0.8175485187742635,0.0941657989343809,784.1241731112376,38.17090051272356,1489.7756237643953,87.53852573259283,2.343,48.853,Paris 6e Arrondissement
1179,310.60676670705567,Private room,False,True,2.0,False,0,1,9.0,91.0,1,4.027294576199797,0.2578798358386689,333.79771703046754,16.249160381817113,749.5248596177007,44.04173364380311,2.3158,48.88337,Quartier des Batignolles
783,151.45866343554852,Entire home/apt,False,False,4.0,False,1,0,8.0,82.0,1,1.278749492936908,0.2440286807894531,364.8588231438285,17.761204560437346,879.6165781014334,51.685862776020976,2.3680000000000003,48.851000000000006,Paris 4e Arrondissement
2800,613.9901202348775,Entire home/apt,False,False,2.0,False,0,0,10.0,98.0,1,4.049569872912023,0.2524144912529797,333.1929123661542,16.219718694565543,744.7983813855176,43.76400797172704,2.31535,48.88337,Quartier des Batignolles
3108,127.22527728586076,Private room,False,True,2.0,False,0,1,9.0,83.0,1,4.24730771909596,0.3993526146891393,166.88294767196112,8.123805656419684,392.888494054075,23.085945962713275,2.408,48.868,Paris 20e Arrondissement
2262,236.27551495945568,Entire home/apt,False,False,4.0,False,0,0,6.0,90.0,1,5.21307356500073,0.4407139718212264,239.90703517849565,11.678593628565164,487.1852626178993,28.62678041439184,2.28835,48.83675,Paris 15e Arrondissement
145,339.50041942399105,Entire home/apt,False,False,2.0,False,0,1,9.0,95.0,0,0.883235883792328,0.1848158282651347,459.5639935510068,22.37142034209021,1114.3427353458108,65.4782630732748,2.357,48.864,Paris 3e Arrondissement
1402,298.2570603038494,Private room,False,True,2.0,False,0,1,10.0,100.0,1,2.6541019409956808,0.3230520015221513,356.7102642014796,17.364535457026935,878.9167625406286,51.64474193775488,2.3506,48.8804,Paris 10e Arrondissement
2200,463.69652344114087,Entire home/apt,False,False,2.0,False,0,1,10.0,91.0,0,4.912404669765312,0.067937881504652,460.6963087073182,22.42654106233165,613.4090797294772,36.04363345321925,2.28578,48.85689,Paris 16e Arrondissement
119,324.35455308043623,Private room,False,True,2.0,False,0,1,9.0,92.0,1,1.1897995345544272,0.1855334984433874,731.394638439208,35.604044533699025,1588.18159874062,93.32081525007756,2.337,48.854,Quartier de Saint-Germain-des-Prés
1576,204.58570230217168,Entire home/apt,False,False,2.0,False,0,0,10.0,90.0,0,4.095839449445727,0.2881409133868862,308.3356721554041,15.00967661750435,725.2556002361191,42.61568320171215,2.32194,48.8873,Quartier des Batignolles
129,324.35455308043623,Private room,False,True,2.0,False,0,1,9.0,90.0,1,1.1898175767150432,0.1855228239951898,731.3974478191037,35.60418129336564,1588.2209305103163,93.32312636665026,2.337,48.854,Quartier de Saint-Germain-des-Prés
1066,1182.309628110728,Entire home/apt,False,False,4.0,False,0,0,10.0,94.0,2,3.9949178303021458,0.3403365943227412,457.5121894714496,22.27153921091475,879.9810702113066,51.70728016359967,2.30463,48.87341,Paris 8e Arrondissement
932,658.2626526237301,Private room,False,True,2.0,False,1,0,10.0,60.0,1,4.201943324144339,0.1943959798516041,460.44980065620814,22.41454113347195,882.8451462364608,51.87557194447506,2.30157,48.87356,Paris 8e Arrondissement
1671,258.6447944822444,Private room,False,True,2.0,False,1,0,10.0,90.0,0,2.3821740407660297,0.1900365743826694,253.4515737643241,12.337937202681786,656.3138943978313,38.56470049377637,2.38294,48.86446,Paris 11e Arrondissement
1427,359.0735390064312,Entire home/apt,False,False,2.0,False,0,0,9.0,91.0,1,2.808597600277225,0.2610677580708761,402.7036274236708,19.603476879829834,985.6195114822716,57.914546051185326,2.343,48.881,Paris 9e Arrondissement
589,1008.4816851523908,Entire home/apt,False,False,4.0,True,0,0,10.0,95.0,2,2.091880499520777,0.1870514809578221,318.96824805985824,15.527266829565477,730.1527446372138,42.90343713883741,2.3537,48.83776,Paris 5e Arrondissement
177,332.5100195731196,Private room,False,True,2.0,False,0,1,9.0,95.0,1,2.195464845721677,0.1899255278824739,443.26753542573175,21.57811425213577,1200.8275209065432,70.56006902144573,2.342,48.875,Paris 9e Arrondissement
663,339.50041942399105,Entire home/apt,False,False,2.0,False,0,1,10.0,100.0,0,0.8832561839855001,0.1848061250616898,459.5596553524496,22.371209160046337,1114.3346861933544,65.47779010880406,2.357,48.864,Paris 3e Arrondissement
644,355.5783390809954,Entire home/apt,False,False,2.0,False,0,1,8.0,67.0,0,1.06167651860203,0.2076184656963303,680.1482797075612,33.10938905965138,1371.7552004391043,80.60370031363004,2.342,48.85017,Paris 6e Arrondissement
1414,218.10047534718987,Private room,False,True,2.0,False,1,0,10.0,92.0,1,2.90584279146534,0.0782967675248922,273.74304508952423,13.325719188968185,692.5720072360933,40.69521041290592,2.364,48.88163,Paris 10e Arrondissement
2509,260.0428744524187,Entire home/apt,False,False,2.0,False,0,0,10.0,96.0,1,4.009731198964749,0.2305117084368218,334.2348447505509,16.27043961192738,711.4533556233953,41.804669700131626,2.33752,48.89121,Paris 18e Arrondissement
40,697.4088917886103,Private room,False,True,4.0,False,0,1,10.0,92.0,1,2.7077633809973403,0.2650603776942136,562.9150798932745,27.402516397960635,1015.805193432469,59.68824274349414,2.321,48.869,Paris 8e Arrondissement
147,339.50041942399105,Entire home/apt,False,False,2.0,False,0,1,9.0,85.0,0,0.8832500798882593,0.1847962720498365,459.56251956760406,22.37134858907488,1114.3384307529373,65.47801013739102,2.357,48.864,Paris 3e Arrondissement
1488,276.5868207661478,Entire home/apt,False,False,2.0,False,0,0,10.0,100.0,0,2.896813984682638,0.2200664569955121,415.7913811289621,20.24058431988937,1058.0521502092488,62.17065435899843,2.33657,48.88034,Paris 9e Arrondissement
1448,359.0735390064312,Entire home/apt,False,False,4.0,False,0,0,10.0,97.0,1,1.4910473313872836,0.0809845170433098,403.5930017780361,19.646771323698776,1062.645654543457,62.44056654641014,2.35496,48.8699,Paris 10e Arrondissement
459,363.50079224531646,Private room,False,True,2.0,False,0,1,10.0,100.0,1,3.097548343504477,0.1786986281502317,460.7350413452298,22.42842655409305,930.1930955752064,54.65771552063468,2.31986,48.87405,Paris 8e Arrondissement
609,166.37151645074098,Private room,False,True,2.0,False,0,1,10.0,87.0,1,2.1789593188922094,0.1124993606401871,318.5574600790282,15.507269809086091,743.1042383414075,43.66446091101814,2.351,48.837,Paris 5e Arrondissement
364,253.0524746015472,Entire home/apt,False,False,2.0,False,0,1,10.0,96.0,1,1.4121866280728987,0.1245764527585752,489.07689513809777,23.80809844608592,1215.7145936982438,71.43482652443555,2.34662,48.86861,Paris 2e Arrondissement
1195,207.1488489141579,Entire home/apt,False,False,2.0,False,0,0,9.0,95.0,0,3.348499262487872,0.1616112477648409,413.7636655771215,20.1418758101258,813.5318822666541,47.80275665280098,2.34726,48.88647,Quartier de Clignancourt
1686,254.2175412433592,Entire home/apt,False,False,3.0,False,0,0,8.0,92.0,1,3.315167242731204,0.2323515053494999,196.2540687062757,9.553581930883473,511.8961924949953,30.078783210260223,2.39125,48.84096,Paris 12e Arrondissement
2900,235.3434616460061,Entire home/apt,False,False,2.0,True,0,1,10.0,98.0,1,3.0425320633738555,0.5088130943792631,216.78043372763528,10.552798463144384,533.3457861451055,31.33915139976604,2.39112,48.86696,Paris 20e Arrondissement
2774,336.00521949855533,Entire home/apt,False,False,3.0,False,0,0,10.0,100.0,2,5.359277033460579,0.0620612802817951,269.8296987909793,13.135218809875289,567.9160991287627,33.37048698106446,2.29429,48.8855,Paris 17e Arrondissement
152,339.50041942399105,Entire home/apt,False,False,2.0,False,0,1,10.0,94.0,0,0.8832458948155467,0.1848093067737421,459.5620661901694,22.371326518814133,1114.338945693063,65.47804039503434,2.357,48.864,Paris 3e Arrondissement
148,357.4424457078945,Entire home/apt,False,False,2.0,False,0,1,10.0,94.0,0,0.8832460713449514,0.1848010791961445,459.56302308561607,22.371373100162025,1114.3397194473891,65.47808586048023,2.357,48.864,Paris 3e Arrondissement
1654,266.5672476465654,Entire home/apt,False,False,3.0,False,0,0,9.0,94.0,2,1.9075216022794264,0.0556537359915164,304.58828163014914,14.827254909531398,826.8982324172435,48.5881571976506,2.37023,48.86927,Paris 11e Arrondissement
1970,155.8859166744338,Entire home/apt,False,False,2.0,False,0,0,10.0,90.0,1,1.8980948330356333,0.1065982551198577,283.0543079076238,13.778988325241931,754.4992140605135,44.33402440722351,2.37855,48.85784,Paris 11e Arrondissement
2766,2967.424736694939,Entire home/apt,False,False,6.0,False,0,0,10.0,100.0,3,6.614722502983555,0.6390861645185845,230.90529917084345,11.24039215311958,393.67562066139607,23.13219715763864,2.26261,48.85832,Paris 16e Arrondissement
1394,783.3908099543294,Entire home/apt,False,False,6.0,False,0,1,8.0,84.0,2,2.431602254099998,0.3691662267170585,268.72568479590205,13.081475780625798,739.6032127893192,43.45874227091343,2.37265,48.87406,Paris 10e Arrondissement
2832,301.2862335725604,Entire home/apt,False,False,2.0,True,0,0,9.0,89.0,1,7.328987576775227,0.0658147893912485,171.819535311059,8.36411707915861,341.9963564927409,20.095547527919145,2.25663,48.83861,Quartier d'Auteuil
1640,289.8685804828036,Entire home/apt,False,False,3.0,False,0,0,9.0,98.0,2,1.9248778528535408,0.1225375427983289,362.4667645376659,17.64475995356577,973.7409931679144,57.216569816013084,2.35545,48.87379,Paris 10e Arrondissement
2010,326.68468636406004,Entire home/apt,False,False,4.0,False,1,0,9.0,84.0,2,1.976019219524926,0.1329343092206973,293.71946205619554,14.29816443524848,815.4138678704232,47.91334125532497,2.372,48.869,Paris 11e Arrondissement
144,339.50041942399105,Entire home/apt,False,False,2.0,False,0,1,9.0,83.0,0,0.8832504610369238,0.1848095993575755,459.5607880923189,22.371264301441467,1114.3368787998436,65.47791894534596,2.357,48.864,Paris 3e Arrondissement
2789,278.2179140646845,Entire home/apt,False,False,2.0,False,0,0,10.0,100.0,1,3.680657585226372,0.2551296701213334,361.3652369129529,17.59113795998776,734.6471641784732,43.167527149701904,2.34676,48.88944,Quartier de Clignancourt
128,324.35455308043623,Private room,False,True,2.0,False,0,1,9.0,89.0,1,1.189812230393788,0.1855302280176915,731.3988954846362,35.60425176523593,1588.2503198963295,93.32485327336208,2.337,48.854,Quartier de Saint-Germain-des-Prés
551,463.69652344114087,Entire home/apt,False,False,4.0,True,0,0,10.0,97.0,1,1.3844290568114903,0.2402938912274099,401.7316469091442,19.55616119592088,1048.8539485458425,61.630172288972965,2.3568,48.86873,Paris 3e Arrondissement
127,339.50041942399105,Entire home/apt,False,False,2.0,False,0,1,9.0,86.0,0,0.8832486773055807,0.184814127630235,459.5607203838789,22.37126100541742,1114.3372054125864,65.47793813695947,2.357,48.864,Paris 3e Arrondissement
119,324.35455308043623,Private room,False,True,2.0,False,0,1,9.0,92.0,1,1.1897995345544272,0.1855334984433874,731.394638439208,35.604044533699025,1588.18159874062,93.32081525007756,2.337,48.854,Quartier de Saint-Germain-des-Prés
3099,127.22527728586076,Private room,False,True,2.0,False,0,1,9.0,79.0,1,4.247310609245267,0.399344323093313,166.88283001159164,8.123799928752547,392.8881695327172,23.08592689398857,2.408,48.868,Paris 20e Arrondissement
520,382.3748718426694,Entire home/apt,False,False,2.0,False,0,1,9.0,87.0,0,0.6724769260290642,0.1821548503080268,543.6941069506865,26.466845912203024,1280.5881074086794,75.24676414693138,2.35233,48.86261,Paris 3e Arrondissement
3096,127.22527728586076,Private room,False,True,2.0,False,0,1,8.0,82.0,1,4.247303411286039,0.3993442049254043,166.88307342335875,8.123811777955344,392.8888573928078,23.08596731232895,2.408,48.868,Paris 20e Arrondissement
1767,203.88666231708456,Entire home/apt,False,False,3.0,False,0,0,9.0,100.0,1,2.2710475650383803,0.2955384996493404,257.09090924640725,12.515098827565543,668.5568800378446,39.28409266021818,2.38346,48.85914,Paris 11e Arrondissement
1431,416.1618044552149,Private room,False,True,2.0,False,0,1,9.0,67.0,1,2.1954892956866647,0.1899095025874202,443.266102741824,21.578044509565924,1200.8220495776472,70.55974752869359,2.342,48.875,Paris 9e Arrondissement
145,339.50041942399105,Entire home/apt,False,False,2.0,False,0,1,9.0,95.0,0,0.883235883792328,0.1848158282651347,459.5639935510068,22.37142034209021,1114.3427353458108,65.4782630732748,2.357,48.864,Paris 3e Arrondissement
726,298.9561002889365,Entire home/apt,False,False,2.0,False,0,0,9.0,91.0,1,0.9839506092411504,0.1819193074789031,577.6273852548613,28.11870646520688,1126.512762042105,66.19336820597118,2.34899,48.84807,Paris 5e Arrondissement
2607,417.0938577686644,Private room,False,True,4.0,True,0,0,10.0,96.0,1,6.466660915917903,0.2292357646659957,224.38180440066904,10.922830625996152,406.3097251514685,23.87457128658155,2.265,48.851000000000006,Quartier d'Auteuil
30,373.98639202162366,Entire home/apt,False,False,2.0,True,0,0,10.0,98.0,1,1.8657458952868613,0.2666448231440855,384.68439134148696,18.72630653947515,1042.6705872217133,61.26684084110131,2.35258,48.87335,Paris 10e Arrondissement
215,548.9794016217728,Private room,False,True,2.0,True,0,1,10.0,100.0,1,2.422468557538048,0.2594424558192307,591.2745074139218,28.7830437730998,1200.889222393425,70.56369457224075,2.3280000000000003,48.871,Paris 9e Arrondissement
2228,238.60564824307951,Entire home/apt,False,False,2.0,False,0,0,9.0,90.0,1,3.885627902540188,0.481154923596162,281.11041902024164,13.684360469256262,582.1105841042939,34.20454834471579,2.31051,48.83548,Paris 15e Arrondissement
157,320.3933264982757,Private room,False,True,2.0,False,0,0,10.0,97.0,1,1.1330189770354686,0.2565890869822775,399.73007143238834,19.45872517620373,1073.772706028803,63.09438693871632,2.3625,48.86447,Paris 3e Arrondissement
1763,647.7770528474229,Entire home/apt,False,False,6.0,False,0,1,7.0,57.0,2,2.181460818618735,0.2148659445761221,305.12792324210585,14.853524481352906,695.845779678021,40.88757576549922,2.355,48.837,Paris 13e Arrondissement
2035,117.20570416627832,Shared room,True,False,2.0,False,0,1,8.0,100.0,1,4.341205045027611,0.1367997902269567,192.32889489851704,9.36250579262769,452.1754613552085,26.56962070534582,2.37881,48.89163,Quartier de la Villette
914,273.55764749743685,Entire home/apt,False,False,2.0,False,0,1,10.0,93.0,0,5.599931296799686,0.3591585034243224,263.40111992810506,12.822277757134447,539.3029982859093,31.689194426355886,2.28917,48.88447,Paris 17e Arrondissement
150,339.50041942399105,Entire home/apt,False,False,2.0,False,0,1,8.0,77.0,0,0.8832620364218872,0.1847920497113268,459.55978209331454,22.37121532974893,1114.333537635355,65.47772262006791,2.357,48.864,Paris 3e Arrondissement
1612,231.61524839220803,Entire home/apt,False,False,2.0,False,1,0,10.0,95.0,1,2.7815014321897804,0.2432497906737495,346.4555871143507,16.865341232048777,825.5973748269544,48.51171940807647,2.3517900000000003,48.88158,Paris 10e Arrondissement
127,339.50041942399105,Entire home/apt,False,False,2.0,False,0,1,9.0,86.0,0,0.8832486773055807,0.184814127630235,459.5607203838789,22.37126100541742,1114.3372054125864,65.47793813695947,2.357,48.864,Paris 3e Arrondissement
1060,623.5436666977351,Entire home/apt,False,False,4.0,False,0,0,9.0,100.0,0,3.984414022992307,0.2235608518055595,481.7019226041516,23.449087268353235,988.2210140299554,58.067409136123175,2.3036,48.87184,Paris 8e Arrondissement
3098,127.22527728586076,Private room,False,True,2.0,False,0,1,9.0,82.0,1,4.247296416819214,0.3993570068821259,166.88334081608616,8.123824794543207,392.8896006689535,23.086010986891058,2.408,48.868,Paris 20e Arrondissement
3098,127.22527728586076,Private room,False,True,2.0,False,0,1,9.0,82.0,1,4.247296416819214,0.3993570068821259,166.88334081608616,8.123824794543207,392.8896006689535,23.086010986891058,2.408,48.868,Paris 20e Arrondissement
2117,475.34718985926,Entire home/apt,False,False,4.0,False,0,0,10.0,95.0,1,2.022607864285208,0.1596534587098463,280.2233824582017,13.64117982832993,777.2717048228603,45.67212541840652,2.37628,48.86605,Paris 11e Arrondissement
146,339.50041942399105,Entire home/apt,False,False,2.0,False,0,1,10.0,100.0,0,0.8832488115202943,0.1848079694055577,459.5614359488339,22.3712958388783,1114.3377834163578,65.4779721001934,2.357,48.864,Paris 3e Arrondissement
2911,301.053220244198,Private room,False,True,2.0,False,0,0,10.0,98.0,1,3.349314941515702,0.1284251487776243,219.066367136784,10.664076931187417,529.5416790372255,31.11562382780105,2.38335,48.87893,Paris 19e Arrondissement
544,521.4838288750117,Entire home/apt,False,False,2.0,False,0,0,9.0,94.0,1,1.7363775648441304,0.1115549024048095,655.6388125135394,31.91627645585189,1370.436844726572,80.52623434249634,2.3349,48.86683,Paris 1er Arrondissement
145,339.50041942399105,Entire home/apt,False,False,2.0,False,0,1,9.0,95.0,0,0.883235883792328,0.1848158282651347,459.5639935510068,22.37142034209021,1114.3427353458108,65.4782630732748,2.357,48.864,Paris 3e Arrondissement
3029,129.3223972411222,Private room,False,True,2.0,False,0,0,9.0,96.0,1,3.717305211415696,0.3565878389230533,188.06658014841216,9.15501774690832,452.6272018599946,26.596164768204595,2.39738,48.87241,Paris 20e Arrondissement
2633,486.5318296206543,Entire home/apt,False,False,2.0,True,0,0,10.0,100.0,1,6.447527725527928,0.3588609385462497,235.5468860821256,11.466343039837843,408.5298930548831,24.00502732441941,2.26487,48.85541,Quartier d'Auteuil
147,339.50041942399105,Entire home/apt,False,False,2.0,False,0,1,9.0,85.0,0,0.8832500798882593,0.1847962720498365,459.56251956760406,22.37134858907488,1114.3384307529373,65.47801013739102,2.357,48.864,Paris 3e Arrondissement
129,324.35455308043623,Private room,False,True,2.0,False,0,1,9.0,90.0,1,1.1898175767150432,0.1855228239951898,731.3974478191037,35.60418129336564,1588.2209305103163,93.32312636665026,2.337,48.854,Quartier de Saint-Germain-des-Prés
658,339.50041942399105,Entire home/apt,False,False,2.0,False,0,1,7.0,70.0,0,0.8832507631657492,0.1848106043719541,459.560583154716,22.371254325148016,1114.3366398979083,65.47790490757887,2.357,48.864,Paris 3e Arrondissement
1515,198.0613291080249,Entire home/apt,False,False,2.0,False,0,0,10.0,96.0,1,2.5893619633868576,0.1049454789086309,264.63520004477164,12.882352361353195,678.012548547724,39.8397033629087,2.37148,48.87631,Paris 10e Arrondissement
273,183.1484760928325,Entire home/apt,False,False,2.0,False,0,0,7.0,79.0,0,2.016930893516073,0.3369892844943857,373.5100564114614,18.18234368061128,983.6818850343444,57.80069201842606,2.35257,48.87471,Paris 10e Arrondissement
606,231.61524839220803,Private room,False,True,2.0,False,0,1,10.0,92.0,1,2.178965546477952,0.1125115097557111,318.55767263690217,15.507280156331769,743.1027925112097,43.66437595470528,2.351,48.837,Paris 5e Arrondissement
989,463.46351011277847,Entire home/apt,False,False,4.0,False,1,0,9.0,91.0,1,4.868879153516537,0.2132567070912504,444.8468750794792,21.654995974273984,698.4110099282232,41.03830750703486,2.29081,48.87233,Chaillot
1717,243.2659148103272,Entire home/apt,False,False,4.0,False,0,0,9.0,95.0,0,4.096557657586085,0.3713502550155706,167.01037567970332,8.130008808895855,416.21177377988914,24.456411078317508,2.40533,48.84417,Paris 12e Arrondissement
1684,206.4498089290708,Private room,False,True,2.0,False,0,0,9.0,94.0,1,1.298711628449834,0.0552974011377465,371.8906231109014,18.103510213257,941.0056297329558,55.293055020425264,2.37045,48.85651,Paris 11e Arrondissement
144,339.50041942399105,Entire home/apt,False,False,2.0,False,0,1,9.0,83.0,0,0.8832504610369238,0.1848095993575755,459.5607880923189,22.371264301441467,1114.3368787998436,65.47791894534596,2.357,48.864,Paris 3e Arrondissement
64,287.3054338708174,Entire home/apt,False,False,2.0,False,0,1,9.0,92.0,0,1.3052973945735564,0.1543599850427506,481.6708180299062,23.4475731081606,1296.7643267840174,76.19727130616789,2.34838,48.86795,Paris 2e Arrondissement
2566,260.2758877807811,Entire home/apt,False,False,4.0,False,0,0,10.0,100.0,1,4.573497184330104,0.0965358470544041,269.811394949782,13.134327785053838,608.599562495788,35.76102844787031,2.32017,48.89165,Paris 17e Arrondissement
1496,512.1632957405163,Entire home/apt,False,False,4.0,False,0,0,9.0,93.0,2,3.226163567157444,0.0631994480811712,392.8120554873837,19.121958491235404,914.2327188920484,53.71989117803323,2.3273,48.88024,Paris 9e Arrondissement
687,382.3748718426694,Private room,False,True,2.0,False,0,1,7.0,67.0,1,0.9564078943050958,0.1600613749993539,754.0261331566289,36.70573807017715,1297.134274753057,76.2190092775046,2.34231,48.85141,Paris 6e Arrondissement
717,562.0281480100662,Entire home/apt,False,False,6.0,False,0,0,8.0,94.0,2,1.5704093493028946,0.3434136764211487,429.4105631969143,20.9035615135624,916.3592563875868,53.84484553646482,2.34769,48.84284,Paris 5e Arrondissement
2306,233.4793550191071,Entire home/apt,False,False,2.0,False,0,0,10.0,100.0,0,4.943761803235277,0.1806622276476412,279.9790010885589,13.629283425607404,537.5971841045449,31.588961575026858,2.28874,48.84266,Paris 15e Arrondissement
1361,424.31727094789824,Private room,False,True,2.0,False,1,0,10.0,100.0,1,1.944098159567348,0.2055280277265521,452.6468832249093,22.034697742345102,1303.5673617758998,76.59701449178388,2.3447,48.87323,Paris 9e Arrondissement
2642,211.3430888246808,Entire home/apt,False,False,2.0,False,0,0,10.0,92.0,1,4.015165314633233,0.1150111618786773,313.71270179752685,15.271428608530288,724.2583385698609,42.55708456803785,2.32453,48.88752,Quartier des Batignolles
2202,463.69652344114087,Entire home/apt,False,False,2.0,False,0,1,9.0,90.0,0,4.982816808428836,0.1517498546997389,428.2823088297599,20.84863847116872,594.4039420650042,34.926900365394175,2.28482,48.85631,Paris 16e Arrondissement
298,312.7038866623171,Entire home/apt,False,False,2.0,False,0,0,9.0,87.0,0,1.2488167864679007,0.0535651955735561,371.3475566522048,18.0770739210503,1003.8672073202524,58.98677220805941,2.36539,48.86409,Paris 3e Arrondissement
1766,291.4996737813403,Private room,False,True,2.0,False,1,0,10.0,97.0,1,2.7464635854335087,0.1842210963544321,253.68315916034325,12.349210701720304,608.1716619462734,35.73588520974293,2.35783,48.83209,Paris 13e Arrondissement
2712,370.7242054245503,Entire home/apt,False,False,2.0,False,0,0,10.0,96.0,1,5.115656502223072,0.2259512179935301,291.7435330448153,14.20197687682347,615.3193910991118,36.155882464627744,2.29646,48.88375,Paris 17e Arrondissement
2176,216.00335539192844,Private room,False,True,2.0,True,0,0,10.0,97.0,1,5.016818710772148,0.5647288814603214,228.6919912139916,11.132649067621015,471.7388101434278,27.71915402029289,2.29546,48.83193,Paris 15e Arrondissement
236,602.3394538167584,Entire home/apt,False,False,2.0,True,0,0,10.0,97.0,1,0.8848487093713399,0.1988155226251612,694.9092662280656,33.827948909309136,1440.9228907380486,84.66796176381987,2.34363,48.86178,Quartier Les Halles
1261,336.00521949855533,Private room,False,True,5.0,False,1,0,10.0,90.0,3,2.9577327032099445,0.2392669077626647,433.80056154808256,21.117265153954687,970.1928919142988,57.00808502948755,2.32793,48.87754,Paris 9e Arrondissement
212,504.9398825612825,Private room,False,True,2.0,True,0,1,10.0,100.0,1,2.4224886899048914,0.2594256799703882,591.2696932997416,28.78280942364376,1200.9024770492983,70.5644734096816,2.3280000000000003,48.871,Paris 9e Arrondissement
57,921.1016870164974,Entire home/apt,False,False,6.0,False,0,1,10.0,95.0,2,1.164845883218314,0.1959898101600652,479.6549657570959,23.34944209882252,1191.782774237945,70.02860389584968,2.35011,48.8669,Paris 2e Arrondissement
3112,127.22527728586076,Private room,False,True,2.0,False,0,1,8.0,79.0,1,4.247303414479945,0.3993437506263926,166.8830722297586,8.123811719851291,392.88885445438905,23.085967139668824,2.408,48.868,Paris 20e Arrondissement
153,339.50041942399105,Entire home/apt,False,False,2.0,False,0,1,9.0,90.0,0,0.8832361750804796,0.184824656040472,459.562836144768,22.37136399994453,1114.3416935067228,65.47820185529247,2.357,48.864,Paris 3e Arrondissement
1900,97.6325845838382,Shared room,True,False,6.0,False,0,1,9.0,93.0,1,4.344541952855063,0.0601040855331346,193.8469644565681,9.436404907154207,450.7468843144823,26.48567818001129,2.37708,48.8922,Quartier de la Villette
2888,241.16879485506573,Entire home/apt,False,False,4.0,False,0,0,9.0,91.0,1,3.5330067871418844,0.24043704437569,194.94111599072647,9.489667835129625,478.3996565148693,28.11054226841977,2.39816,48.86716,Paris 20e Arrondissement
1991,254.91658122844623,Entire home/apt,False,False,3.0,False,0,0,10.0,100.0,1,1.7153776269832743,0.2169764467300766,305.8299457876445,14.887698702302018,875.3034996053367,51.43242828099063,2.37387,48.84995,Paris 12e Arrondissement
2567,566.6884145773139,Entire home/apt,False,False,4.0,False,1,0,10.0,80.0,1,5.342089442680328,0.4440999591352887,355.9500315618121,17.32752758831128,555.8902086987366,32.66385122862402,2.27998,48.85852,Paris 16e Arrondissement
925,556.2028148010066,Entire home/apt,False,False,4.0,False,0,0,10.0,93.0,2,5.161903244387911,0.1168027502730712,365.8382503122485,17.808882744948455,655.6830478521468,38.52763224289898,2.28842,48.87541,Chaillot
163,339.50041942399105,Entire home/apt,False,False,2.0,False,0,1,8.0,71.0,0,0.8832453496682292,0.1848122823648544,459.56185109903856,22.371316048250364,1114.3388807270726,65.47803657766283,2.357,48.864,Paris 3e Arrondissement
1480,195.4981824960388,Entire home/apt,False,False,2.0,False,0,0,8.0,88.0,0,2.576117694787897,0.1549084926037494,287.9225138584519,14.015970950439169,747.0849509163902,43.89836573844354,2.36404,48.87851,Paris 10e Arrondissement
767,275.6547674526983,Entire home/apt,False,False,4.0,False,0,0,10.0,93.0,1,0.4505045377307201,0.3694327303183483,675.9776360786685,32.90636353322126,1331.0883028876283,78.21413224647418,2.35838,48.85818,Paris 4e Arrondissement
2392,359.0735390064312,Entire home/apt,False,False,2.0,False,0,0,10.0,100.0,0,5.110342816384725,0.3209783239451022,383.1778141918726,18.65296687151861,568.734218678704,33.41855930694526,2.28311,48.85524,Paris 16e Arrondissement
3075,266.5672476465654,Entire home/apt,False,False,4.0,False,0,0,9.0,93.0,1,3.591565894831677,0.1415054104650246,194.30631301121005,9.458765840002808,470.5739757129343,27.65070888859559,2.40017,48.86461,Paris 20e Arrondissement
663,339.50041942399105,Entire home/apt,False,False,2.0,False,0,1,10.0,100.0,0,0.8832561839855001,0.1848061250616898,459.5596553524496,22.371209160046337,1114.3346861933544,65.47779010880406,2.357,48.864,Paris 3e Arrondissement
215,548.9794016217728,Private room,False,True,2.0,True,0,1,10.0,100.0,1,2.422468557538048,0.2594424558192307,591.2745074139218,28.7830437730998,1200.889222393425,70.56369457224075,2.3280000000000003,48.871,Paris 9e Arrondissement
1677,178.48820952558486,Private room,False,True,2.0,False,0,0,10.0,95.0,1,5.210634908637938,1.045860618764921,138.57697465856435,6.745880428680366,318.0428790772817,18.68805228791791,2.42117,48.844,
2131,206.4498089290708,Private room,False,True,2.0,False,1,0,2.0,20.0,1,3.233995171329417,0.2753993542835937,316.95919663057816,15.4294668829987,718.6122206666013,42.225321294777366,2.32111,48.83631,Paris
2267,168.00260974927767,Entire home/apt,False,False,2.0,False,0,0,9.0,89.0,0,3.2428543548671085,0.3636353841732589,301.71203061662163,14.687239979432562,676.6957120345892,39.76232665922805,2.32571,48.833490000000005,Paris
725,493.75524279988815,Private room,False,True,2.0,False,1,0,10.0,100.0,1,0.636666947248262,0.2442867584688628,584.4101237254682,28.44888788830736,1341.3233705476664,78.81554008228582,2.35,48.862,Quartier Les Halles
2810,291.9657004380651,Private room,False,True,2.0,False,0,0,9.0,89.0,1,3.514572284032233,0.1630150326043796,337.8070941123774,16.44433550708374,712.9252511412277,41.89115759911999,2.34974,48.88812,Quartier de Clignancourt
658,339.50041942399105,Entire home/apt,False,False,2.0,False,0,1,7.0,70.0,0,0.8832507631657492,0.1848106043719541,459.560583154716,22.371254325148016,1114.3366398979083,65.47790490757887,2.357,48.864,Paris 3e Arrondissement
715,308.04362009506946,Private room,False,True,2.0,False,1,0,10.0,88.0,1,2.163334222669291,0.1848887414032473,308.63557120200403,15.024275602032793,707.160175177078,41.55240440529147,2.35447,48.837140000000005,Paris 13e Arrondissement
610,166.37151645074098,Private room,False,True,2.0,False,0,1,9.0,86.0,1,2.178970108405731,0.1125228482503778,318.55796924918235,15.507294595317616,743.1018170395648,43.66431863644317,2.351,48.837,Paris 5e Arrondissement
675,646.611986205611,Entire home/apt,False,False,4.0,False,0,1,10.0,97.0,1,0.8279429322394678,0.2457745083821077,476.6486403308202,23.203095190143603,1101.3040979829186,64.71211878006547,2.364,48.856,Paris 4e Arrondissement
2696,585.0964675179421,Entire home/apt,False,False,4.0,False,0,1,10.0,100.0,0,5.037227065964136,0.1303934808407675,427.6085599305033,20.81584060179296,599.3869469005564,35.21969942188592,2.2841,48.85776,Paris 16e Arrondissement
282,425.0163109329854,Entire home/apt,False,False,3.0,False,0,1,9.0,90.0,0,1.1525725265076834,0.1498746789703217,519.9910066560728,25.31298697733704,1353.925945670418,79.5560615602063,2.34729,48.86629,Paris 2e Arrondissement
536,504.24084257619535,Entire home/apt,False,False,2.0,False,0,0,10.0,96.0,1,1.7058739949897692,0.0691643293738161,474.5607709187466,23.101458410734544,1276.882470161975,75.02902261840738,2.34528,48.8711,Paris 2e Arrondissement
658,339.50041942399105,Entire home/apt,False,False,2.0,False,0,1,7.0,70.0,0,0.8832507631657492,0.1848106043719541,459.560583154716,22.371254325148016,1114.3366398979083,65.47790490757887,2.357,48.864,Paris 3e Arrondissement
134,339.50041942399105,Entire home/apt,False,False,2.0,False,0,1,10.0,90.0,0,0.8832533363741372,0.1848135225711892,459.5595267092119,22.371202897736875,1114.335189618918,65.47781968985703,2.357,48.864,Paris 3e Arrondissement
763,671.7774256687483,Entire home/apt,False,False,5.0,False,0,1,10.0,100.0,1,0.8832488179632244,0.1848048747495349,459.56181215960646,22.37131415269193,1114.3381012576533,65.47799077640073,2.357,48.864,Paris 3e Arrondissement
3105,127.22527728586076,Private room,False,True,2.0,False,0,1,9.0,85.0,1,4.247301419982594,0.3993463660828807,166.8831460046827,8.123815311189734,392.8890604030301,23.0859792411156,2.408,48.868,Paris 20e Arrondissement
1854,324.35455308043623,Entire home/apt,False,False,2.0,False,0,0,10.0,100.0,1,1.9855609071658595,0.3002853970844252,273.6106974370724,13.319276549845366,811.831580387429,47.70284770179289,2.37913,48.85258,Paris 11e Arrondissement
1764,192.93503588405247,Entire home/apt,False,False,2.0,False,1,0,9.0,90.0,1,2.018278202068314,0.2827162748325336,284.62127839612424,13.855267920584083,785.360945270286,46.147445440944416,2.37434,48.86782,Paris 11e Arrondissement
663,339.50041942399105,Entire home/apt,False,False,2.0,False,0,1,10.0,100.0,0,0.8832561839855001,0.1848061250616898,459.5596553524496,22.371209160046337,1114.3346861933544,65.47779010880406,2.357,48.864,Paris 3e Arrondissement
134,339.50041942399105,Entire home/apt,False,False,2.0,False,0,1,10.0,90.0,0,0.8832533363741372,0.1848135225711892,459.5595267092119,22.371202897736875,1114.335189618918,65.47781968985703,2.357,48.864,Paris 3e Arrondissement
1721,391.4623916488024,Private room,False,True,4.0,False,0,1,9.0,88.0,1,1.9309394207206427,0.0554660974861786,300.9103381111619,14.648213858421292,824.399716966715,48.441345586847945,2.37075,48.869240000000005,Paris 11e Arrondissement
2225,257.4797278404325,Private room,False,True,2.0,False,1,0,10.0,100.0,1,2.9212020016416864,0.2383620179250037,342.22170852360364,16.659237448984523,703.4286433502593,41.33314132323179,2.33,48.835,Paris
1967,254.6835679000839,Entire home/apt,False,False,2.0,False,0,0,10.0,100.0,1,2.593214322162548,0.2299354106054306,271.6977824468607,13.226156492736363,691.7737347672287,40.64830429231794,2.35422,48.83326,Paris 13e Arrondissement
413,580.203187622332,Entire home/apt,False,False,3.0,False,0,1,10.0,100.0,1,0.5875412880538535,0.0887704360481112,549.1377626314171,26.73184123633673,1244.2930174542707,73.11408146958128,2.35397,48.86179,Paris 3e Arrondissement
287,576.7079876968962,Private room,False,True,2.0,False,1,0,10.0,100.0,1,2.18200543924944,0.1456136209847855,547.7048069574682,26.66208543700661,1216.3897416176624,71.47449790351746,2.3358,48.8727,Paris 9e Arrondissement
1411,971.1995526144096,Private room,False,True,4.0,False,1,0,8.0,100.0,2,2.178133135895189,0.1200064899666246,393.7085614325215,19.165600098539944,1102.3928911474354,64.77609576218892,2.34792,48.8759,Paris 9e Arrondissement
2281,203.88666231708456,Private room,False,True,3.0,False,1,0,10.0,100.0,2,3.690111105918409,0.3667197220034371,198.91886771256625,9.683303448525155,519.3917918031678,30.51922115437269,2.36278,48.82404,Paris 13e Arrondissement
2602,440.1621772765402,Entire home/apt,False,False,2.0,True,1,0,10.0,100.0,1,5.403691558620888,0.4478994668170049,325.65310442359925,15.852683384688063,588.4732927825704,34.57841816006081,2.28378,48.87367,Paris 16e Arrondissement
826,567.8534812191258,Entire home/apt,False,False,2.0,False,0,0,10.0,99.0,1,2.13839685926739,0.0773506611074978,491.0202561104944,23.90270060334799,927.227802400149,54.48347626690495,2.32691,48.84766,Paris 6e Arrondissement
1629,498.1824960387734,Entire home/apt,False,False,4.0,False,1,0,8.0,72.0,1,2.246566936654524,0.0421119784350914,384.84800680228096,18.73427128497143,1049.3646701382083,61.66018205322359,2.34849,48.87658,Paris 9e Arrondissement
129,324.35455308043623,Private room,False,True,2.0,False,0,1,9.0,90.0,1,1.1898175767150432,0.1855228239951898,731.3974478191037,35.60418129336564,1588.2209305103163,93.32312636665026,2.337,48.854,Quartier de Saint-Germain-des-Prés
3093,359.0735390064312,Entire home/apt,False,False,4.0,False,0,0,8.0,87.0,1,2.559758176574398,0.1675604271271107,243.13799168889017,11.835875502722756,625.9481159211167,36.78042141297267,2.38337,48.86761,Quartier de Belleville
314,507.2700158449064,Private room,False,True,2.0,False,0,1,10.0,100.0,1,1.801145021710932,0.0551200790225874,576.7329974297444,28.075167967271184,1341.3949013146823,78.81974319702955,2.337,48.869,Paris 2e Arrondissement
1318,374.219405349986,Private room,False,True,2.0,False,0,1,10.0,94.0,1,2.195459051631242,0.1899133536456661,443.26973951392426,21.578221546406244,1200.836814708719,70.56061512095759,2.342,48.875,Paris 9e Arrondissement
3113,265.86820766147827,Entire home/apt,False,False,3.0,False,0,0,10.0,95.0,2,4.413754612040671,0.2892413471663184,181.76086995406544,8.84805789954709,464.2030366552647,27.27635545996896,2.38981,48.88785,Paris 19e Arrondissement
930,549.2124149501352,Private room,False,True,2.0,False,1,0,10.0,100.0,1,4.249877513918949,0.2583430488933884,453.31776469711497,22.06735602633829,861.4670913412617,50.619407339078,2.30134,48.87421,Paris 8e Arrondissement
765,247.46015472085003,Private room,False,True,2.0,False,1,0,10.0,100.0,1,0.4518747087681883,0.3650945871661586,668.6757304298575,32.55090922683487,1335.3968159719675,78.46729848002393,2.35842,48.85815,Paris 4e Arrondissement
99,416.860844440302,Entire home/apt,False,False,2.0,False,0,0,10.0,100.0,1,2.320465661429877,0.2326158199857634,714.4736029754971,34.780334229379726,1047.5784033647114,61.55522184483871,2.32424,48.86562,Paris 1er Arrondissement
1626,253.518501258272,Entire home/apt,False,False,3.0,False,0,0,9.0,93.0,1,3.6561054891320506,0.263331573093265,370.22941632107086,18.02264322652187,814.8975107387333,47.8830003493935,2.3184400000000003,48.88043,Paris 8e Arrondissement
212,504.9398825612825,Private room,False,True,2.0,True,0,1,10.0,100.0,1,2.4224886899048914,0.2594256799703882,591.2696932997416,28.78280942364376,1200.9024770492983,70.5644734096816,2.3280000000000003,48.871,Paris 9e Arrondissement
1319,427.5794575449716,Private room,False,True,2.0,False,0,1,10.0,100.0,1,2.1954795950362143,0.1899234770625275,443.2657820165471,21.578028896767524,1200.8204074000153,70.55965103509644,2.342,48.875,Paris 9e Arrondissement
2803,224.6248485413365,Private room,False,True,2.0,True,0,0,10.0,98.0,1,5.461833677044044,0.4817862620223214,321.1470912739213,15.633332182999016,522.2659249788767,30.688103888757183,2.27834,48.85477,Paris 16e Arrondissement
1840,330.17988628949576,Entire home/apt,False,False,2.0,False,0,0,10.0,89.0,1,2.404139227565356,0.1940693337139961,288.5955131000281,14.048732326731663,663.2714040500698,38.973520538897176,2.35372,48.83495,Paris 13e Arrondissement
212,504.9398825612825,Private room,False,True,2.0,True,0,1,10.0,100.0,1,2.4224886899048914,0.2594256799703882,591.2696932997416,28.78280942364376,1200.9024770492983,70.5644734096816,2.3280000000000003,48.871,Paris 9e Arrondissement
150,339.50041942399105,Entire home/apt,False,False,2.0,False,0,1,8.0,77.0,0,0.8832620364218872,0.1847920497113268,459.55978209331454,22.37121532974893,1114.333537635355,65.47772262006791,2.357,48.864,Paris 3e Arrondissement
1372,253.518501258272,Private room,False,True,2.0,False,0,1,9.0,89.0,1,3.2249791448923664,0.2256200392063808,529.1048739655482,25.756646966769345,925.2680538642816,54.36832235050313,2.34358,48.88494,Quartier de Clignancourt
482,359.0735390064312,Entire home/apt,False,False,2.0,False,1,0,7.0,100.0,1,1.6347067103491282,0.4117106024827529,824.1730820852767,40.12046790588988,1094.2266869804698,64.29625338713299,2.33049,48.85732,Paris 7e Arrondissement
3046,201.090502376736,Entire home/apt,False,False,2.0,False,0,0,10.0,100.0,0,3.676419823857904,0.3499307277177721,183.53961905259104,8.934646806260064,451.99885868324304,26.55924361412638,2.40281,48.85504,Quartier de Charonne
1019,394.4915649175133,Private room,False,True,2.0,False,0,1,10.0,95.0,1,3.1119491050211234,0.1910121635484579,554.4743028742039,26.991622217047123,867.2867954309208,50.961370456263,2.31033,48.85606,Quartier des Invalides
1623,295.2278870351384,Entire home/apt,False,False,2.0,True,0,0,10.0,96.0,1,2.666344214042572,0.1833248893121932,414.1057577276962,20.15852874073748,1050.0889304432962,61.70273925334332,2.3398,48.87898,Paris 9e Arrondissement
640,231.61524839220803,Private room,False,True,2.0,False,0,1,10.0,92.0,1,2.178951736293288,0.1125238435629748,318.5594721027191,15.507367753721352,743.1072527890807,43.66463803856742,2.351,48.837,Paris 5e Arrondissement
1264,277.0528474228726,Private room,False,True,2.0,False,0,1,9.0,95.0,1,1.8423231166215543,0.0260055762635898,365.1675761120602,17.776234550887224,977.2320074662616,57.42170019948421,2.356,48.873000000000005,Paris 10e Arrondissement
532,855.1589150899432,Entire home/apt,False,False,6.0,False,0,0,9.0,90.0,2,1.1456477296301772,0.0948358826556842,458.287946576137,22.309302805356136,1113.036601899342,65.40151527683483,2.3530900000000003,48.86687,Paris 3e Arrondissement
242,726.3025445055457,Entire home/apt,False,False,3.0,False,1,0,10.0,100.0,0,1.717642463593518,0.3330036118350565,805.9172269072227,39.23177902768418,1083.247975821257,63.65114940369349,2.32935,48.8572,Paris 7e Arrondissement
1124,338.1023394538168,Private room,False,True,2.0,False,1,0,9.0,88.0,1,4.650863698373012,0.0163084365832113,479.742964926855,23.353725868752417,785.2417483701448,46.14044148629258,2.29325,48.87104,Chaillot
525,282.87818063193214,Entire home/apt,False,False,2.0,True,0,0,10.0,97.0,1,2.021523839700179,0.2023597292209289,348.40737914026624,16.960353810155055,939.0088614594848,55.175725841385805,2.3569400000000003,48.87454,Paris 10e Arrondissement
2540,359.0735390064312,Entire home/apt,False,False,3.0,False,0,0,10.0,100.0,1,3.774996037671546,0.2927821977279667,372.1432652098877,18.115808745500264,843.2999368044468,49.55191375176148,2.3343,48.88827,Paris 18e Arrondissement
1282,240.93578152670327,Entire home/apt,False,False,2.0,False,0,0,9.0,86.0,0,3.1217004637037298,0.2295702235085021,456.5970457600365,22.226990323428485,1074.5457109659155,63.13980835084002,2.34117,48.883590000000005,Quartier de Clignancourt
346,497.9494827104111,Entire home/apt,False,False,4.0,False,0,0,9.0,91.0,1,2.766345576800462,0.1053857278973675,494.7161752030333,24.08261669932118,1054.2436695932197,61.94686980171996,2.32677,48.87461,Paris 8e Arrondissement
2208,257.7127411687949,Entire home/apt,False,False,2.0,False,1,0,9.0,86.0,1,5.767210867013085,0.3264204936543544,208.6682042800814,10.157897867298274,412.5401334735101,24.24066719426291,2.28333,48.83223,Paris 15e Arrondissement
1552,521.4838288750117,Entire home/apt,False,False,4.0,False,0,0,8.0,100.0,2,2.9324241064662018,0.0795914276646997,267.1561588403708,13.005071786009728,728.5043274768717,42.80657690988291,2.36558,48.88155,Paris 10e Arrondissement
848,498.1824960387734,Private room,False,True,3.0,True,0,1,10.0,99.0,1,4.995291734775067,0.0684659096477077,287.75153334790014,14.007647676802554,603.4084724569957,35.45600240120109,2.3,48.885,Paris 17e Arrondissement
2003,758.9244104762793,Entire home/apt,False,False,6.0,False,0,1,8.0,83.0,2,1.959092990785052,0.3029554803315351,287.3700050171404,13.989075006228664,766.5562232745737,45.04248868500259,2.37825,48.8618,Paris 11e Arrondissement
763,671.7774256687483,Entire home/apt,False,False,5.0,False,0,1,10.0,100.0,1,0.8832488179632244,0.1848048747495349,459.56181215960646,22.37131415269193,1114.3381012576533,65.47799077640073,2.357,48.864,Paris 3e Arrondissement
217,681.3309721316059,Private room,False,True,2.0,True,0,1,10.0,100.0,1,2.42250183269211,0.2594256275139349,591.2641715222019,28.782540625373866,1200.8490090467164,70.56133165461108,2.3280000000000003,48.871,Paris 9e Arrondissement
634,913.1792338521764,Entire home/apt,False,False,3.0,False,0,1,10.0,97.0,1,0.7993129731737202,0.3547082757510567,485.8352805661444,23.6502977410832,1061.5080338759456,62.37372048282288,2.363,48.859,Paris 3e Arrondissement
265,311.3058066921428,Entire home/apt,False,False,3.0,False,0,0,9.0,94.0,1,3.784126405010358,0.1966273865881722,386.8279048568916,18.830652055083405,783.1898613134795,46.01987355307831,2.31445,48.87938,Paris 8e Arrondissement
1453,381.67583185758224,Entire home/apt,False,False,2.0,False,0,1,10.0,93.0,1,2.247075162943638,0.1387394588751991,425.6583115812736,20.72090316934756,1136.3762187662394,66.77294035528334,2.34318,48.87577,Paris 9e Arrondissement
41,428.5115108584211,Private room,False,True,3.0,False,0,1,9.0,82.0,1,2.707753900773433,0.2650586307049005,562.9176928660322,27.40264359659396,1015.8091044372176,59.68847255232197,2.321,48.869,Paris 8e Arrondissement
70,594.4170006524373,Entire home/apt,False,False,6.0,False,0,1,9.0,90.0,1,1.2742995190861257,0.1916186925564363,432.22927578432456,21.04077549246716,1082.0050143992598,63.57811356615631,2.354,48.868,Paris 3e Arrondissement
741,774.3032901481965,Entire home/apt,False,False,4.0,False,1,0,10.0,100.0,2,0.2921458175866923,0.1499599943263828,699.9012948199096,34.070959178945245,1377.865547239202,80.96274146188284,2.3497,48.85826,Paris 4e Arrondissement
696,339.50041942399105,Entire home/apt,False,False,2.0,False,0,1,9.0,80.0,0,0.8832424240160853,0.1848170193451407,459.5620685846965,22.371326635378907,1114.3396954651828,65.47808445129688,2.357,48.864,Paris 3e Arrondissement
763,671.7774256687483,Entire home/apt,False,False,5.0,False,0,1,10.0,100.0,1,0.8832488179632244,0.1848048747495349,459.56181215960646,22.37131415269193,1114.3381012576533,65.47799077640073,2.357,48.864,Paris 3e Arrondissement
211,460.90036350079225,Private room,False,True,2.0,True,0,1,10.0,100.0,1,2.422501815791652,0.2594314498666723,591.262908141034,28.782479124404347,1200.8159860423211,70.55939123816587,2.3280000000000003,48.871,Paris 9e Arrondissement
134,339.50041942399105,Entire home/apt,False,False,2.0,False,0,1,10.0,90.0,0,0.8832533363741372,0.1848135225711892,459.5595267092119,22.371202897736875,1114.335189618918,65.47781968985703,2.357,48.864,Paris 3e Arrondissement
