Unnamed: 0,realSum,room_type,room_shared,room_private,person_capacity,host_is_superhost,multi,biz,cleanliness_rating,guest_satisfaction_overall,bedrooms,dist,metro_dist,attr_index,attr_index_norm,rest_index,rest_index_norm,lng,lat,district
2785,297.1500713066654,Entire home/apt,False,False,6.0,True,0,0,10.0,100.0,2,2.844210403667585,0.6066361602342595,217.7206027038834,4.823696473768186,602.9652514416357,13.137150041947525,12.52689,41.88308,
3335,116.66238047366328,Private room,False,True,2.0,False,1,0,9.0,87.0,1,0.3521183321858059,0.2416796290872951,507.3915182350148,11.24148402555599,1291.8599785089662,28.146494893830777,12.50036,41.90371,Castro Pretorio
1533,507.0955976901316,Entire home/apt,False,False,5.0,False,0,1,10.0,100.0,2,2.389312222998898,0.9220564092324716,873.5238533289344,19.353308224973155,1997.4956842670208,43.520585057957575,12.4735,41.90205,Ponte
1715,218.82963551773312,Entire home/apt,False,False,6.0,True,1,0,10.0,97.0,1,1.9932151271449643,0.902728436392414,1509.896761899632,33.45243213401847,2231.0406421062057,48.60896311181408,12.47835,41.89908,Pigna
2870,138.63886096369205,Entire home/apt,False,False,3.0,False,0,0,9.0,95.0,1,2.9826569727687904,1.8454811563765845,578.9223287830254,12.826280844603492,2770.164779643515,60.355170159615646,12.46856,41.89152,Trastevere
3024,115.72721109110888,Private room,False,True,4.0,False,0,1,7.0,76.0,1,3.7115686138128168,1.3240388715794358,289.23980372595537,6.40823607862173,723.7102000613697,15.767889546474729,12.46913,41.92333,
4103,184.9297454001356,Entire home/apt,False,False,3.0,False,1,0,10.0,97.0,1,4.278410139326034,1.7018565072741247,254.36898043644817,5.635657529554591,631.504028904897,13.7589407681166,12.46412,41.9268,
2662,120.16926565824234,Private room,False,True,2.0,False,0,1,10.0,92.0,1,4.68903805256029,0.8424145023575372,309.88002095064496,6.865529241547412,730.1669445862688,15.908566345682171,12.449000000000002,41.915,
3087,169.96703527926493,Private room,False,True,2.0,True,1,0,10.0,98.0,1,4.274871019372833,0.9438950566983884,434.3329092663905,9.62283815518942,889.3157406821841,19.37603251941031,12.451,41.897,
968,175.34425922895284,Private room,False,True,2.0,False,1,0,10.0,98.0,1,3.8891918937715295,0.1405772690540941,547.208997802999,12.1236579374464,1340.1803416799082,29.19927838266422,12.45649,41.90844,Prati
4501,432.9834241226942,Entire home/apt,False,False,3.0,True,0,1,10.0,100.0,1,1.6644893013721394,0.8720745637932164,1144.3602320585949,25.353808264113948,1810.2669679044543,39.44132554319208,12.48269,41.89755,Trevi
3312,92.34797652724848,Private room,False,True,2.0,False,0,0,10.0,100.0,1,5.146184362100737,2.5495733739527684,245.9348691016085,5.448796053883558,642.6650460128398,14.00211225439582,12.44768,41.87888,Monteverde
3805,145.65263133285015,Private room,False,True,2.0,False,1,0,10.0,99.0,1,4.050582135936287,1.3020393036755114,307.7427068182646,6.81817609942094,855.570074911506,18.6407963288755,12.4666,41.87597,
1557,288.2659621723985,Entire home/apt,False,False,5.0,False,0,0,9.0,88.0,2,2.129534954051423,0.4116365477532043,702.3912538444956,15.56178961613207,1669.9975714239652,36.385195685871466,12.47812,41.9074,Campo Marzio
853,103.80380146354008,Private room,False,True,2.0,False,1,0,10.0,93.0,1,4.542365848308599,1.7764172950089046,267.9801497721587,5.937219020351242,719.2584368182175,15.67089642533435,12.461,41.874,Monteverde
3844,122.50718911462836,Private room,False,True,2.0,False,0,1,10.0,93.0,1,1.1122936544391004,0.5157689522851664,627.127334379086,13.894284114041188,1145.2559023589038,24.952347734372296,12.5,41.891000000000005,Monti
1680,264.8867276085381,Entire home/apt,False,False,4.0,False,0,0,10.0,100.0,1,6.277854178078709,0.1565540927313063,159.45658989140424,3.532831440047025,436.212282515778,9.5040073898933,12.4754,41.848040000000005,San Paolo
1293,207.60760292708017,Entire home/apt,False,False,4.0,False,1,0,9.0,90.0,1,3.0492294644901285,1.4414614752035242,630.0431183351661,13.958884600226424,1559.7374955720695,33.98289612277123,12.46576,41.89765,Ponte
3598,147.9905547892362,Entire home/apt,False,False,4.0,False,0,0,10.0,100.0,1,2.7265465313437693,0.2419532652396788,210.8915963222965,4.672396809918719,648.9571004811545,14.139200856806532,12.531,41.889,Pigneto
4291,230.98683749094053,Entire home/apt,False,False,6.0,False,0,1,10.0,95.0,3,2.892345149642323,1.712729500631576,601.407519013767,13.324450202399872,2929.189477296001,63.81993252932288,12.47,41.891000000000005,Trastevere
2312,208.0751876183573,Entire home/apt,False,False,6.0,False,0,0,10.0,80.0,2,6.6408006596770495,1.4946911199894846,107.46723330194808,2.380984196655376,305.98300884887,6.666627451454811,12.54421,41.95178,
3627,138.63886096369205,Private room,False,True,2.0,False,1,0,9.0,92.0,1,1.1188625403389674,0.3700783986600733,549.977209021768,12.184988884213906,1091.8666349414032,23.78912511911143,12.50206,41.8908,Monti
4291,230.98683749094053,Entire home/apt,False,False,6.0,False,0,1,10.0,95.0,3,2.892345149642323,1.712729500631576,601.407519013767,13.324450202399872,2929.189477296001,63.81993252932288,12.47,41.891000000000005,Trastevere
1846,184.4621607088584,Entire home/apt,False,False,2.0,True,0,0,10.0,98.0,1,2.511507872058352,0.0622464968644587,224.6092265961655,4.976316989997008,656.7783862043004,14.30960769836207,12.528,41.889,Pigneto
83,265.1205199541767,Private room,False,True,2.0,False,1,0,10.0,100.0,1,1.1954203216830763,0.8116837355673516,481.1513527798778,10.66012152699085,1158.444758964031,25.2397009237792,12.49443,41.90991,Ludovisi
752,207.60760292708017,Entire home/apt,False,False,2.0,False,0,0,9.0,96.0,1,4.456936607822972,0.3037190749219843,502.6058383436059,11.135455165952983,875.6046733672639,19.07730162551437,12.44882,41.90495,
3250,161.7843031819138,Entire home/apt,False,False,2.0,False,1,0,10.0,94.0,1,1.4479169484460488,0.3122398431635078,466.24808119970766,10.329932938147694,973.0344667341196,21.200060459387608,12.505,41.888000000000005,Esquilino
3110,145.41883898721156,Private room,False,True,2.0,False,0,1,10.0,80.0,1,0.8284304831930744,0.4282666229904353,549.7923424760538,12.180893083937752,1310.7299225768825,28.557625196797115,12.495,41.906000000000006,Sallustiano
1848,161.5505108362752,Entire home/apt,False,False,3.0,False,0,0,9.0,93.0,1,2.9693089638448176,1.7876774959477146,579.5751259492646,12.840743855222456,2950.1373280470625,64.27633537793656,12.469,41.891000000000005,Trastevere
1223,149.860893554345,Entire home/apt,False,False,4.0,False,0,0,10.0,91.0,1,3.3514837810212947,1.3673993132100783,283.13503176252794,6.272982149377401,689.3220993656987,15.018656257464276,12.478,41.925,
1379,373.3663759848502,Entire home/apt,False,False,6.0,False,0,1,10.0,98.0,3,1.34588897271134,0.1995072405837984,770.635042169743,17.073761000616976,1669.7827645683612,36.380515565606885,12.487,41.905,Colonna
4152,375.7042994412363,Entire home/apt,False,False,4.0,False,0,0,9.0,89.0,2,0.5319895590982141,0.4064144212938558,502.8522770659878,11.140915125099662,1343.1575080387893,29.264143615051907,12.499,41.905,Castro Pretorio
1495,167.1615271316017,Entire home/apt,False,False,5.0,False,1,0,9.0,95.0,2,1.1887166151084023,0.9156008535601609,323.59113512112594,7.16930505446639,885.733083123185,19.297975102686944,12.515,41.896,
3744,259.9770883501274,Private room,False,True,4.0,False,0,1,10.0,92.0,1,1.23237795988993,0.0747957373538083,801.706004214581,17.76215193923712,1831.226987143238,39.89799351363259,12.488,41.904,Colonna
1832,303.2286722932691,Entire home/apt,False,False,4.0,True,0,0,10.0,100.0,2,4.056143970827702,0.57838375707295,363.2189786407524,8.04727749563514,935.129592860476,20.37420521448158,12.45682,41.91435,
50,414.9814135085217,Entire home/apt,False,False,4.0,True,0,0,10.0,96.0,1,2.5304694000088364,1.3050243281804994,1087.3556472962414,24.09084641717855,3285.0980541880067,71.57431698956715,12.472,41.898,Parione
1424,380.38014635400833,Entire home/apt,False,False,5.0,False,1,0,9.0,91.0,2,1.990065208352355,0.2903608416820965,773.649311349721,17.140543470598576,1958.446989218763,42.66980872455412,12.47942,41.90636,Campo Marzio
3774,91.17901479905548,Private room,False,True,2.0,False,1,0,9.0,92.0,1,2.5971319148766487,0.6525544458702421,294.0452094261865,6.514701972264128,722.081026768638,15.732393812782316,12.50861,41.87798,
4070,180.4876908330021,Entire home/apt,False,False,2.0,False,0,0,10.0,97.0,1,3.3466164603811555,0.0289213483560342,209.80192687360807,4.648254700205934,601.6855197188632,13.10926779232318,12.52315,41.87511,
4226,208.0751876183573,Entire home/apt,False,False,3.0,False,0,0,9.0,88.0,1,2.2613181993024654,0.8938377404390901,1076.7582760769835,23.85605695974226,2317.949800308988,50.50250282840555,12.475,41.901,Sant'Eustachio
1801,205.03588712505552,Entire home/apt,False,False,5.0,False,0,1,9.0,91.0,2,2.7925322066672047,0.2815163720972763,235.88994664104484,5.226246343610173,658.5684521464017,14.348608892560474,12.521,41.88,
2055,275.17359081663665,Private room,False,True,2.0,False,0,1,10.0,90.0,1,2.3746364731492173,1.4408659807111457,828.7566869409098,18.36147180726763,2204.0125651811886,48.02008688543071,12.47489,41.89461,Sant'Eustachio
3629,161.7843031819138,Entire home/apt,False,False,2.0,False,1,0,8.0,84.0,1,1.1784805622315548,0.3104826295761542,580.5775220082674,12.86295238429633,1070.9038861348686,23.33239767801152,12.50279,41.89027,Monti
1925,274.2384214340822,Entire home/apt,False,False,6.0,True,1,0,9.0,95.0,1,3.5697254293463976,0.2975600806961506,457.1604566246821,10.128592586921954,1188.734957898965,25.899650874887087,12.46112,41.91029,Prati
3452,154.7705328127557,Entire home/apt,False,False,2.0,False,1,0,10.0,100.0,1,4.071456420434646,2.2289986906093446,349.77426148040587,7.749403826575993,908.8678122626696,19.802024726041804,12.45826,41.88465,Monteverde
3461,133.02784466836556,Private room,False,True,3.0,True,1,0,10.0,94.0,1,3.547186585174931,1.3033043843894416,390.4813076156945,8.65128648013163,1052.5739580185302,22.9330330125574,12.46849,41.88129,
3891,253.89848736352369,Entire home/apt,False,False,3.0,False,0,1,10.0,94.0,1,2.178303095691867,0.8347067840556965,1106.903141535434,24.523929817929748,2395.8452687756103,52.19965611275674,12.476,41.901,Sant'Eustachio
4080,190.77455404110069,Entire home/apt,False,False,4.0,True,0,0,10.0,99.0,1,3.880991027632511,0.6296765543117399,290.17856174797606,6.42903467877397,873.4096404726173,19.029477183865307,12.478,41.871,
1548,152.19881701073106,Private room,False,True,2.0,False,1,0,10.0,99.0,1,3.840356109687969,0.2003750406483171,439.054000981009,9.72743603510212,1085.0782021367838,23.641221636960942,12.458,41.911,Prati
78,161.5505108362752,Private room,False,True,2.0,False,1,0,10.0,100.0,1,2.202688855838343,0.6586235799368556,242.4075262207042,5.370646208599824,659.8969871050517,14.377554446298484,12.513,41.919,
2796,83.23007504734295,Private room,False,True,2.0,False,1,0,9.0,93.0,1,6.646518311219335,0.3753293517013961,112.55996364452106,2.4938158951268927,356.99961041808314,7.778155433942343,12.56151,41.86064,
443,161.5505108362752,Entire home/apt,False,False,4.0,False,1,0,9.0,93.0,1,4.073253408211266,1.3361496430281108,306.1948450684499,6.783882536148857,847.0073618779172,18.454235584919783,12.46619,41.876000000000005,
2053,248.7550557594744,Entire home/apt,False,False,4.0,False,1,0,10.0,94.0,1,1.1154797322952277,0.8342549944116556,331.6991642354845,7.348942033982447,974.0902192322864,21.223062745078884,12.514,41.896,
3944,115.72721109110888,Private room,False,True,2.0,False,0,0,9.0,91.0,1,4.267302807785463,1.2177740873803398,275.66770674886845,6.107540253252116,762.526205823949,16.61359614484487,12.46852,41.87188,
4273,230.98683749094053,Entire home/apt,False,False,5.0,False,0,0,9.0,93.0,2,0.8714708474923784,0.4200240639510169,742.8058647473708,16.4571932374699,1676.646397270389,36.53005747108779,12.49186,41.89972,Monti
3953,205.73726416197127,Entire home/apt,False,False,4.0,False,0,1,10.0,97.0,0,1.1299559293946837,0.6376332548669763,384.0339053868493,8.5084414254606,1250.2992118001564,27.24098661320168,12.501,41.911,
336,196.15177799078856,Private room,False,True,2.0,False,0,1,10.0,90.0,1,4.226947515659595,0.5706308729909754,365.5394516622489,8.098688604148789,924.875491494736,20.15079322205749,12.45423,41.91357,
2758,115.72721109110888,Private room,False,True,2.0,False,1,0,8.0,80.0,1,3.690913005378021,0.2355660373530071,172.7307857459811,3.8269271339805817,533.3268049001739,11.619897233902616,12.521,41.931,
2127,87.67212961447642,Private room,False,True,3.0,False,0,1,10.0,98.0,1,1.6854754061942387,0.3659796912416113,333.15492486189754,7.38119505603489,819.6719304543268,17.85866284965109,12.513,41.888000000000005,Esquilino
4146,94.91969232927312,Private room,False,True,2.0,False,1,0,10.0,96.0,1,2.9357684861266384,0.6522077739029876,189.25224290867533,4.192967341785769,560.5384438237621,12.21277283091549,12.53632,41.90798,
612,173.0063357725668,Entire home/apt,False,False,4.0,True,0,0,10.0,99.0,1,1.33280808243885,1.18533042202268,293.9417881431037,6.512410627888246,799.3740845510865,17.416422029766945,12.51775,41.89774,
4446,286.62941575292825,Entire home/apt,False,False,4.0,False,0,1,10.0,95.0,1,2.308232704248568,1.334804363700374,819.951336884008,18.166385373130115,1995.3642662001323,43.47414662907652,12.476,41.894,Sant'Eustachio
1501,371.0284525284642,Entire home/apt,False,False,4.0,False,0,0,10.0,96.0,1,1.368937086818366,0.259300017531051,939.8587227072724,20.82298666391887,1979.42233596736,43.12681064424908,12.486,41.903,Colonna
2892,138.63886096369205,Entire home/apt,False,False,6.0,False,0,1,10.0,96.0,2,5.7937631815939685,2.959789099366846,199.8397194358849,4.427537577933171,562.7578918238113,12.261129218480502,12.447,41.869,
3130,150.32847824562222,Entire home/apt,False,False,4.0,False,0,1,10.0,91.0,1,3.850059648836032,1.5459182453156166,348.8749180243613,7.729478473606395,939.231564039864,20.463577215144177,12.46478,41.88044,
2446,329.41341500479274,Entire home/apt,False,False,4.0,True,1,0,10.0,95.0,2,1.7971895675196263,0.3157701361693132,940.5408392559652,20.838099258454093,1888.6074297545529,41.14817415382023,12.481,41.904,Colonna
887,248.98884810511305,Private room,False,True,2.0,False,0,1,10.0,92.0,1,1.4344911737794717,0.504854122237197,579.3603212339123,12.835984761525646,1401.5683892401446,30.53677501228401,12.48833,41.90853,Ludovisi
2159,212.75103453112945,Entire home/apt,False,False,4.0,False,0,0,9.0,85.0,1,2.555059059994638,1.3925837563158574,925.6902102583456,20.50907698936509,2448.8623979850577,53.35477073926727,12.4719,41.897,Parione
3686,247.3523016856428,Entire home/apt,False,False,4.0,False,1,0,10.0,80.0,1,1.1208654062919134,0.8353022512005307,331.4386972239434,7.3431712718703634,975.6727597644332,21.257542464048708,12.51403,41.89594,
1159,158.97879503425057,Private room,False,True,5.0,False,0,1,10.0,100.0,1,5.7507678987337485,0.2015095876935754,129.17380410732582,2.8619028959018045,418.8358404017224,9.125416871282525,12.548,41.862,
333,168.56428120543333,Entire home/apt,False,False,2.0,False,0,1,9.0,88.0,1,0.9390315618831144,0.122131169420565,802.6062917787856,17.782098209341555,1749.210318436911,38.11104927404399,12.493,41.896,Monti
2460,184.9297454001356,Private room,False,True,2.0,True,1,0,10.0,98.0,1,1.3408163501248214,0.6897242604281906,518.7466930015428,11.49306295653488,1257.5847135418587,27.39972002160751,12.49139,41.90981,Ludovisi
3155,219.53101255464887,Entire home/apt,False,False,3.0,False,1,0,10.0,95.0,1,3.642061587823305,0.3033101340942869,579.29113787597,12.834451973559762,1643.8178568358896,35.814803216692496,12.45904,41.90662,Prati
4419,299.25420241741284,Entire home/apt,False,False,4.0,False,0,1,10.0,93.0,1,2.261274709540971,0.8937994686998488,1076.740682970618,23.85566717667128,2318.0573912917093,50.50484697490453,12.475,41.901,Sant'Eustachio
1583,152.19881701073106,Private room,False,True,4.0,False,1,0,10.0,100.0,1,2.360379691715324,0.4498596629384075,245.17244200867748,5.431904143637109,665.4945328508344,14.499511388515629,12.52317,41.88648,
2743,126.94924368176184,Private room,False,True,2.0,False,0,1,10.0,100.0,1,3.765834893896121,0.0729841063648185,476.9204096631388,10.56638310655902,1307.093554119244,28.478397549894435,12.45843,41.909690000000005,Prati
4356,134.19680639655857,Entire home/apt,False,False,3.0,True,0,0,10.0,96.0,1,1.9824129582527483,0.0787482662888748,238.2189123001244,5.27784561027447,688.8845250408338,15.009122574475894,12.51948,41.91323,
2114,151.49743997381523,Private room,False,True,3.0,False,0,1,10.0,91.0,1,3.083717615058141,0.9262267056991292,462.942865766412,10.256704424940258,1248.2838038550906,27.19707576343586,12.475,41.882,Testaccio
3681,115.72721109110888,Private room,False,True,2.0,False,0,1,10.0,93.0,1,0.335773144552188,0.4512661827054013,418.7842101643152,9.278349833464665,1108.4936458714055,24.15138735033337,12.505999999999998,41.902,Castro Pretorio
202,126.71545133612324,Entire home/apt,False,False,4.0,False,0,0,10.0,95.0,1,6.860172594712187,2.2028292910609104,101.90939289798315,2.2578477785790643,295.3889883048764,6.435809444776711,12.56173,41.94377,
3682,115.72721109110888,Private room,False,True,2.0,False,0,1,10.0,88.0,1,0.3357649655698805,0.4512591010240776,418.78612789058536,9.278392321540354,1108.4914192001731,24.15133883656909,12.505999999999998,41.902,Castro Pretorio
1410,173.0063357725668,Entire home/apt,False,False,4.0,False,1,0,10.0,93.0,2,5.089800383911731,3.1095018137143926,180.78401882261613,4.005350082988452,496.94488329358,10.827223424230416,12.47141,41.94048,
4076,111.9865335608912,Private room,False,True,2.0,True,0,0,10.0,93.0,1,5.440031161678153,0.182652939204689,202.76949337865648,4.492448018475658,526.1275258042554,11.463042407773232,12.476,41.856,San Paolo
1808,150.79606293689943,Private room,False,True,3.0,False,0,1,10.0,94.0,1,3.0837330594364083,0.9262279962960412,462.93953728037707,10.256630680856556,1248.2623013999223,27.19660727710245,12.475,41.882,Testaccio
1564,304.1638416758235,Entire home/apt,False,False,6.0,True,1,0,9.0,96.0,2,3.04660592904711,1.8633020842722328,561.1308596876826,12.432102959403148,2548.476089331509,55.52511141200378,12.468,41.891000000000005,Trastevere
3305,144.48366960465714,Entire home/apt,False,False,4.0,False,0,0,10.0,100.0,2,5.826973513148869,3.0398295037020584,199.08151875186024,4.410739305649711,556.1984824381191,12.11821560102018,12.44615,41.86934,
2015,133.02784466836556,Entire home/apt,False,False,3.0,True,1,0,10.0,97.0,0,5.593635239722201,2.8930985913808223,210.39079147390936,4.661301256483674,579.4623992763151,12.625079910922048,12.448,41.871,
2585,173.473920463844,Private room,False,True,3.0,False,0,1,10.0,92.0,1,0.5319806745610473,0.4064072466010675,502.8501417627127,11.14086781650897,1343.1977926984189,29.26502132005509,12.499,41.905,Castro Pretorio
1386,195.91798564515,Entire home/apt,False,False,2.0,True,0,0,10.0,98.0,1,1.1154512863016883,0.8342311212405492,331.70229813632216,7.349011466944841,974.1211423818348,21.22373648548833,12.514,41.896,
2331,441.8675332569611,Entire home/apt,False,False,6.0,False,0,1,9.0,92.0,2,1.8530036180141325,0.1669006460798694,888.463715356725,19.68430749140478,2344.8757748432627,51.08915449139391,12.481,41.906000000000006,Campo Marzio
1125,343.44095574310893,Entire home/apt,False,False,6.0,True,1,0,10.0,100.0,2,3.07747007645239,0.5748515842741116,181.73917937851525,4.026512088550412,544.0796918133416,11.854176553356984,12.53701,41.91052,
1045,225.84340588689125,Private room,False,True,3.0,True,0,1,10.0,93.0,1,2.8724025628671432,0.3849305952556444,408.9739725742767,9.0609996705393,967.5878705943062,21.08139234288248,12.47376,41.91556,
206,179.7863137960863,Entire home/apt,False,False,2.0,False,0,1,10.0,94.0,1,0.9037207962226668,0.1747296612116339,475.0180797921506,10.52423614491796,1176.338869188145,25.62957017465109,12.505,41.893,Esquilino
2838,323.8023987094662,Entire home/apt,False,False,6.0,False,0,0,9.0,94.0,2,1.932144528273188,0.247275597294102,817.2682724869045,18.10694089194428,1924.3686744334573,41.92732491899337,12.48,41.906000000000006,Campo Marzio
3464,206.9062258901644,Entire home/apt,False,False,5.0,True,0,1,10.0,100.0,2,3.0653118151430943,0.7686461341659007,184.0239944830388,4.077133180105501,529.074950643792,11.527259644606994,12.53792,41.90803,
2864,126.94924368176184,Private room,False,True,2.0,False,0,1,10.0,100.0,1,2.0200428313745404,0.1415881480293594,292.8828944025502,6.488950367632813,776.7659284778096,16.92384515606437,12.51633,41.88604,
2496,202.46417132303088,Entire home/apt,False,False,4.0,False,0,1,10.0,89.0,1,0.6010007843457406,0.4420601129368558,758.3219712158577,16.800959454948398,1368.1274452035766,29.80817796908394,12.49871,41.89615,Monti
2585,173.473920463844,Private room,False,True,3.0,False,0,1,10.0,92.0,1,0.5319806745610473,0.4064072466010675,502.8501417627127,11.14086781650897,1343.1977926984189,29.26502132005509,12.499,41.905,Castro Pretorio
2221,126.94924368176184,Private room,False,True,2.0,False,1,0,10.0,100.0,1,4.847270780912101,1.204495460376983,228.6690796396228,5.066264834006869,651.4260017325273,14.192992225547084,12.469,41.865,
275,230.5192527996633,Entire home/apt,False,False,4.0,True,0,0,10.0,97.0,2,3.1036681952435057,1.8191318845112945,574.3168090765625,12.724243513767377,1577.469914624816,34.36924251527999,12.466,41.894,Trastevere
811,214.38758095059967,Entire home/apt,False,False,4.0,False,0,1,10.0,95.0,1,2.5186026793719973,1.250540538249023,649.8251435584298,14.397164138903026,1862.9543083647773,40.58925487292301,12.47561,41.89001,Trastevere
1921,168.3304888597947,Entire home/apt,False,False,2.0,False,1,0,10.0,93.0,1,7.348387322140518,0.5608506624600754,159.96927339758722,3.5441901704116354,392.8287354854747,8.558785148103553,12.41477,41.91114,
13,110.5837794870596,Entire home/apt,False,False,2.0,True,1,0,10.0,99.0,1,2.511497014343095,0.0622745874924815,224.6093224804128,4.976319114355013,656.7802264935077,14.309647793799376,12.528,41.889,Pigneto
1995,194.0476468800412,Entire home/apt,False,False,2.0,True,0,0,10.0,97.0,1,2.955098818394548,1.4906856487462412,558.8610502130811,12.381814324231344,2243.2826828797,48.87568748121433,12.47123,41.88781,Trastevere
991,230.5192527996633,Entire home/apt,False,False,5.0,False,0,1,10.0,93.0,2,2.5608759349130765,0.3833186620429326,281.23250687865107,6.230830867139336,710.7088711522383,15.484622130623482,12.512,41.879,
1765,239.63715427956888,Entire home/apt,False,False,6.0,False,1,0,9.0,87.0,2,0.3288283380710412,0.3762740470845401,426.3198294422468,9.445304819291414,1136.6170505320686,24.76412811082361,12.505,41.903,Castro Pretorio
4265,404.4607579547845,Entire home/apt,False,False,6.0,True,0,1,10.0,94.0,2,2.465499295603598,1.4967446765922925,768.7645578426351,17.03231959111849,2174.1244708909967,47.368897819030366,12.474,41.894,Regola
2948,358.169873518341,Entire home/apt,False,False,6.0,False,1,0,10.0,92.0,2,2.7106265882265066,1.5008130319531263,784.8704308382818,17.389152347464123,2342.848186392599,51.044978257960885,12.47,41.897,Parione
1666,207.60760292708017,Entire home/apt,False,False,2.0,True,0,1,10.0,98.0,1,2.9693226205221777,1.787677113323841,579.5710614051814,12.84065380344638,2950.260990710612,64.27902968737106,12.469,41.891000000000005,Trastevere
797,207.60760292708017,Private room,False,True,3.0,False,0,1,9.0,75.0,1,3.4598507853161604,0.3455560718972564,488.10199798305695,10.814116152858157,1270.9029757743417,27.689892645697885,12.462,41.909,Prati
706,71.54045776541275,Private room,False,True,2.0,False,1,0,9.0,91.0,1,3.5118315988017703,0.3674477197460675,195.90069154170223,4.340266668670229,571.7202438840319,12.456397127306708,12.52747,41.87549,
305,124.3775278797372,Private room,False,True,2.0,False,0,1,9.0,90.0,1,1.1330845247011971,0.7087295685616227,498.1428270262636,11.036575171655285,1226.9699965378009,26.73269960905062,12.494000000000002,41.909,Ludovisi
2880,277.27772192738405,Entire home/apt,False,False,5.0,True,0,0,10.0,99.0,1,2.969298427808036,1.787652225619221,579.5776562939329,12.840799916130347,2950.374834951416,64.28151007719332,12.469,41.891000000000005,Trastevere
1592,259.2757113132116,Entire home/apt,False,False,4.0,True,1,0,10.0,96.0,2,0.1920686051807053,0.2869486531763681,462.7071746214571,10.251482583136138,1214.1422944457522,26.453215100326886,12.504,41.902,Castro Pretorio
1601,295.045940195918,Entire home/apt,False,False,5.0,False,0,1,9.0,92.0,1,2.085396009356724,0.367512588505036,670.2705421850054,14.850141009419648,1559.515336586015,33.97805581742032,12.479,41.908,Campo Marzio
476,242.20887008159352,Entire home/apt,False,False,3.0,True,1,0,10.0,97.0,1,1.0090328838161011,0.5701773898123534,401.8299748646892,8.902721234174628,1119.2521376586535,24.38578878639658,12.5005,41.90986,
1323,236.1302690949898,Entire home/apt,False,False,4.0,False,0,1,9.0,91.0,1,2.593689084608464,1.5621369890897965,770.8752245045797,17.079082346723983,2329.568321294401,50.755642214275554,12.472,41.895,Regola
425,194.5152315713184,Entire home/apt,False,False,3.0,True,0,0,10.0,95.0,1,4.30029635777289,0.7189511074608927,339.7028553842861,7.526267359616022,849.2303741929746,18.50266963026184,12.454,41.915,
2024,225.37582119561404,Entire home/apt,False,False,6.0,True,0,1,10.0,94.0,2,1.1330740447912333,0.7087185941093421,498.1447146784166,11.036616993425575,1226.970232027085,26.732704739790822,12.494000000000002,41.909,Ludovisi
3069,312.11278142753605,Entire home/apt,False,False,4.0,False,0,1,9.0,91.0,1,2.570721596329685,1.5982791113246846,732.079318807543,16.21954185683308,2078.360140443754,45.28242538178106,12.47272,41.89388,Regola
1918,141.21057676571667,Private room,False,True,2.0,False,0,1,10.0,83.0,1,2.5936840811043003,1.562126864354796,770.8815439172693,17.079222356113668,2329.627530918522,50.75693224834327,12.472,41.895,Regola
3978,205.97105650760992,Entire home/apt,False,False,3.0,False,1,0,10.0,96.0,1,3.083772238561337,0.4053139948086106,236.6445049433903,5.242963917312771,631.0498948783489,13.749046289402193,12.51599,41.87508,
1361,172.7725434269282,Entire home/apt,False,False,4.0,True,0,0,9.0,94.0,1,2.156179909162693,0.3760760415054267,223.3617918624135,4.94867952045243,638.8449802426062,13.918882288699324,12.52611,41.90855,
4270,219.7648049002876,Private room,False,True,3.0,False,1,0,8.0,73.0,1,1.1642825220781874,0.6426795070827891,374.572875633253,8.298828116963984,1100.6054782251724,23.97952331392856,12.50158,41.91134,
331,195.91798564515,Entire home/apt,False,False,3.0,True,0,0,10.0,99.0,1,3.801081396790592,1.573607161187768,265.9780108582294,5.892860745116032,656.1740259596783,14.296440154802957,12.47188,41.92649,
2541,319.1265517966942,Entire home/apt,False,False,4.0,True,0,1,10.0,100.0,2,0.8754490877469415,0.4640397675293283,748.7580421336734,16.589066366209128,1783.8689589854428,38.86617697012162,12.492,41.899,Monti
2250,381.3153157365628,Entire home/apt,False,False,6.0,False,1,0,9.0,88.0,3,0.5124384860119449,0.1577635481448238,402.3613587103836,8.914494278851432,1160.5512424612157,25.285596088877405,12.505,41.905,Castro Pretorio
3398,181.4228602155565,Entire home/apt,False,False,2.0,False,0,0,10.0,100.0,1,4.9499347556896245,2.861193052221277,191.738983529312,4.2480621826688605,561.8643937187063,12.241662062386688,12.46906,41.9379,
1932,228.64891403455448,Entire home/apt,False,False,3.0,True,1,0,10.0,95.0,1,2.2348571609882795,0.3170136327059824,225.92382256615096,5.005442446504553,633.7946735014193,13.808848356796611,12.52,41.916,
3801,182.59182194374955,Private room,False,True,2.0,False,1,0,8.0,80.0,1,3.6493331961444415,1.6259000829814003,262.33419920306204,5.812130482505047,642.0606297510618,13.98894349035878,12.47627,41.92738,
196,209.7117340378276,Entire home/apt,False,False,4.0,True,1,0,10.0,97.0,1,1.2055939823403514,0.3643759453761336,373.5053493221971,8.275176598282039,912.1970795655188,19.87456138380559,12.5105,41.891940000000005,Esquilino
615,207.60760292708017,Entire home/apt,False,False,4.0,False,1,0,10.0,96.0,1,0.918157876499671,0.6050005381202356,433.6498192812428,9.607703993737989,1220.95969933641,26.6017498139462,12.49899,41.90877,Sallustiano
2385,138.63886096369205,Entire home/apt,False,False,4.0,False,0,1,10.0,92.0,1,4.219127739193293,2.3179149526946152,216.8683662835843,4.804814798059229,547.0677555816246,11.91927921385854,12.47647,41.93361,
3611,109.64861010450517,Private room,False,True,2.0,False,0,0,10.0,100.0,1,4.931420361654977,2.654610191017465,258.6411018354133,5.730308273084477,678.2959937641991,14.778424165616643,12.4506,41.87893,Monteverde
2216,132.79405232272694,Private room,False,True,2.0,True,1,0,10.0,98.0,1,1.1887081255003988,0.9155808943749112,323.5912231931542,7.169307005741221,885.7428498545387,19.29818789606916,12.515,41.896,
833,248.98884810511305,Entire home/apt,False,False,4.0,True,0,0,10.0,98.0,2,3.7601665562860656,1.389463726816374,283.2996459404947,6.276629249467742,734.7691898179421,16.008838104284802,12.46916,41.924,
3886,145.65263133285015,Private room,False,True,3.0,False,1,0,9.0,80.0,1,1.8804630790654784,0.6284362764893224,239.32060454693288,5.302254090409607,660.0082464495184,14.379978517500488,12.52291,41.90782,
2013,190.77455404110069,Entire home/apt,False,False,2.0,True,0,0,10.0,99.0,1,3.861924056307244,0.0735136160561439,511.9100159376391,11.341593345318085,1371.4157664363895,29.879822511316352,12.457,41.909,Prati
976,119.70168096696511,Private room,False,True,2.0,False,1,0,8.0,88.0,1,3.3368200877161063,1.4160997548993746,449.64967840959474,9.962187965855168,1205.514410687572,26.26523444438577,12.46915,41.88382,
2320,390.6670095621069,Private room,False,True,2.0,True,0,1,10.0,97.0,1,1.837934075193567,0.1801736187873698,911.410275065234,20.192698694517468,1830.86895218002,39.8901928003729,12.48104,41.905640000000005,Campo Marzio
1851,288.2659621723985,Entire home/apt,False,False,4.0,False,0,0,10.0,100.0,2,2.964856991677115,0.4733930977291148,211.24543967786207,4.680236366328682,586.0083218777295,12.767699684071744,12.51104,41.92674,
3546,190.77455404110069,Entire home/apt,False,False,2.0,False,0,0,10.0,100.0,0,0.6090856282117559,0.3614958435591647,696.4039788830748,15.429138885056492,1483.710269048474,32.326447298024505,12.49661,41.89736,Monti
3297,126.01407429920744,Private room,False,True,3.0,True,0,1,10.0,95.0,1,4.115092655993871,1.022434198372116,309.006797848205,6.8461825965917145,767.3108005339037,16.717840856201455,12.459,41.919,
2491,312.11278142753605,Entire home/apt,False,False,5.0,False,1,0,10.0,98.0,1,1.6346597354461403,0.2728741473629149,984.1177642407227,21.803565350207137,1905.6296563048847,41.51904717462048,12.483,41.904,Colonna
3822,208.0751876183573,Private room,False,True,2.0,True,0,1,10.0,97.0,1,2.1672908665073365,0.7794133735027423,1011.6480110712872,22.41351017356948,2085.823267598272,45.44502881701487,12.47615,41.90159,Campo Marzio
4518,422.9303532602343,Entire home/apt,False,False,4.0,True,0,1,10.0,96.0,1,2.2300422361662795,1.254212394896932,847.1193757102778,18.768305317581643,1955.266931960904,42.60052299168876,12.477,41.894,Sant'Angelo
1848,161.5505108362752,Entire home/apt,False,False,3.0,False,0,0,9.0,93.0,1,2.9693089638448176,1.7876774959477146,579.5751259492646,12.840743855222456,2950.1373280470625,64.27633537793656,12.469,41.891000000000005,Trastevere
321,248.98884810511305,Private room,False,True,3.0,True,0,1,10.0,96.0,1,1.955518789059064,0.9939608264951636,1282.6812591091275,28.418371939509967,1992.1322813771733,43.40372952054332,12.479,41.898,Pigna
2226,108.71344072195076,Private room,False,True,2.0,False,1,0,9.0,100.0,1,4.668594209643525,1.889712186957216,258.90057859971245,5.736057095829915,697.4617358267733,15.195999189283944,12.45973,41.87336,Monteverde
734,366.5863979613307,Entire home/apt,False,False,4.0,False,0,0,10.0,96.0,1,2.7733836347207994,1.224429413353218,761.5312314803994,16.872062038852818,1876.205068588925,40.87795679201086,12.46883,41.90071,Ponte
1165,328.2444532765997,Entire home/apt,False,False,6.0,False,0,1,8.0,91.0,3,7.485171584568738,2.9575638891632408,144.8169021532208,3.208482668076244,357.9513126160109,7.798890716016286,12.42228,41.93206,
3636,381.3153157365628,Private room,False,True,3.0,False,0,1,10.0,100.0,1,2.1914360243201134,0.8949517226365097,1251.4697943192675,27.72686810028556,2438.741063013149,53.13425140447497,12.47585,41.90037,Sant'Eustachio
1929,168.79807355107192,Entire home/apt,False,False,5.0,False,0,1,8.0,86.0,2,2.892354270263173,1.7127294323463655,601.4055864321567,13.324407385197537,2929.238330469913,63.82099692146518,12.47,41.891000000000005,Trastevere
2375,225.37582119561404,Entire home/apt,False,False,2.0,False,0,1,10.0,93.0,1,1.5201451732472884,0.3361122318332318,275.55434064636137,6.105028576993108,744.7224364233325,16.225695201351158,12.51406,41.91133,
1379,373.3663759848502,Entire home/apt,False,False,6.0,False,0,1,10.0,98.0,3,1.34588897271134,0.1995072405837984,770.635042169743,17.073761000616976,1669.7827645683612,36.380515565606885,12.487,41.905,Colonna
768,205.03588712505552,Entire home/apt,False,False,4.0,True,0,0,10.0,98.0,1,4.162886568398917,0.4235573253435694,659.2328436670753,14.605595905473423,1193.8482880323088,26.01105793361086,12.453,41.908,
3688,247.3523016856428,Entire home/apt,False,False,5.0,False,0,1,9.0,90.0,2,2.8010273276106594,1.5046568989028497,747.1819421629207,16.554147172633467,2004.758258358282,43.678818928482535,12.46871,41.89804,Parione
4277,90.01005307086245,Entire home/apt,False,False,3.0,False,1,0,9.0,89.0,0,6.83446823347603,1.937010312170105,101.88050137287696,2.257207674032017,288.8758284813667,6.293903493075423,12.56373,41.94182,
2871,122.50718911462836,Private room,False,True,3.0,False,0,1,10.0,83.0,1,3.0711236114490448,0.7431581146098536,183.38066831835167,4.06288000372465,541.229945687163,11.792087498719823,12.53783,41.90847,
1848,161.5505108362752,Entire home/apt,False,False,3.0,False,0,0,9.0,93.0,1,2.9693089638448176,1.7876774959477146,579.5751259492646,12.840743855222456,2950.1373280470625,64.27633537793656,12.469,41.891000000000005,Trastevere
1752,182.1242372524724,Private room,False,True,2.0,False,0,1,9.0,100.0,1,3.190843151326001,0.4094846774744516,525.0399965869129,11.632493887444026,1332.237748489363,29.026228545684614,12.465,41.908,Prati
628,265.1205199541767,Entire home/apt,False,False,4.0,False,0,1,9.0,94.0,1,3.933623283776243,1.406400865761706,329.0211531772404,7.289609511759304,892.4031865164309,19.443300474029435,12.46571,41.87832,
1931,196.3855703364272,Entire home/apt,False,False,2.0,False,0,0,9.0,89.0,1,2.219367340473267,0.2585280859799868,221.6617470558001,4.911014274090504,654.9000215485818,14.268682689405637,12.52353,41.91297,
87,297.1500713066654,Entire home/apt,False,False,3.0,False,0,1,10.0,87.0,1,2.430458706473805,0.9603330721924332,860.3804643952681,19.06211061636228,1949.468471921656,42.47418861443284,12.473,41.902,Ponte
2667,129.5209594837865,Private room,False,True,2.0,False,0,1,10.0,93.0,1,4.689029389419701,0.8424054711331503,309.881568017874,6.865563517507724,730.1703997352229,15.908641624995733,12.449000000000002,41.915,
2735,212.75103453112945,Private room,False,True,2.0,True,1,0,10.0,91.0,1,0.8754505994797445,0.4640234868865097,748.7589622561171,16.58908675192978,1783.943171866545,38.86779388876121,12.492,41.899,Monti
3534,360.27400462908844,Entire home/apt,False,False,5.0,False,0,1,10.0,100.0,2,2.770036904516478,1.4779357657856065,771.4184792166673,17.09111839570837,2079.1563936429325,45.29977380728979,12.46908,41.89808,Parione
2319,161.7843031819138,Entire home/apt,False,False,2.0,False,0,1,9.0,93.0,1,1.3764550726177365,0.1796672207633163,428.8252125039944,9.500812691721965,973.2509141700286,21.204776323917,12.507,41.889,Esquilino
3512,188.43663058471464,Entire home/apt,False,False,3.0,True,0,1,9.0,92.0,1,3.110519992456884,0.3964983392616808,522.9203305258096,11.585531746160518,1362.7113600116595,29.69017461211425,12.466,41.908,Prati
3166,338.99890117597545,Entire home/apt,False,False,5.0,False,0,1,9.0,100.0,2,2.8813442737405026,1.3490489370708727,708.85868979209,15.705078526723426,1839.2805028293355,40.07346008269354,12.46758,41.89946,Ponte
280,248.98884810511305,Private room,False,True,2.0,True,0,1,10.0,96.0,1,1.9555216814490124,0.9939399861854358,1282.7263350980431,28.41937061802768,1992.127943438513,43.4036350073837,12.479,41.898,Pigna
4281,254.3660720548009,Private room,False,True,4.0,False,0,1,8.0,80.0,1,2.132765557835574,0.1044189145014019,228.7761285241804,5.068636549501629,685.8534590801887,14.943083000525606,12.521,41.914,
4443,109.64861010450517,Private room,False,True,2.0,False,0,1,10.0,97.0,1,4.182568756843393,0.3900649917296709,502.2708403220088,11.128033136271688,1092.0373939965611,23.792845544663763,12.45315,41.90938,
847,230.5192527996633,Entire home/apt,False,False,2.0,False,0,0,10.0,100.0,1,3.309886907048559,1.6773063703926836,465.4495516144596,10.312241161178845,1383.8700727298112,30.15117163144204,12.46763,41.88608,Trastevere
2000,344.609917471302,Private room,False,True,4.0,False,0,0,10.0,100.0,1,1.3523933758754432,0.1979804103987292,790.5865700769579,17.5157959464012,1703.7536346689185,37.120658412146575,12.4868,41.90475,Colonna
1519,230.5192527996633,Entire home/apt,False,False,6.0,True,0,0,10.0,100.0,3,3.246142891305866,0.6893241860547769,233.7504447826828,5.1788447314447055,610.5126285627383,13.301589079563747,12.514,41.873000000000005,
2381,503.8225048511911,Private room,False,True,5.0,False,0,1,9.0,76.0,2,0.7752809258779816,0.4571408336913439,431.0432985552962,9.549955371520308,1183.8936473466515,25.79417046291751,12.50032,41.9077,Castro Pretorio
3064,300.4231641456058,Entire home/apt,False,False,4.0,False,0,0,9.0,87.0,1,2.677989973957934,1.289703500965796,831.2970093874035,18.41775377725672,2366.8727297557043,51.56841477456907,12.47,41.9,Ponte
1287,139.57403034624645,Entire home/apt,False,False,4.0,False,0,1,10.0,90.0,1,4.220165944589228,0.6278568894690518,231.8098025702969,5.135848942895179,628.6148859362224,13.695993351857757,12.49,41.864,Garbatella
3260,141.21057676571667,Entire home/apt,False,False,5.0,False,0,0,10.0,100.0,1,2.864706276085024,0.0503603824913531,240.6380891942761,5.331443546844638,661.8092099806547,14.419217143726538,12.51832,41.87805,
2049,344.609917471302,Entire home/apt,False,False,6.0,False,1,0,9.0,92.0,2,2.5936670503985773,1.562116141280666,770.8876603159711,17.079357867638457,2329.6906340326896,50.758307112113535,12.472,41.895,Regola
2330,333.1540925350104,Entire home/apt,False,False,5.0,False,0,1,10.0,100.0,1,2.842234716668483,1.18237179886691,734.1599971163848,16.265640207181008,1715.4503821394128,37.37550216334992,12.468,41.901,Ponte
673,276.57634489046825,Private room,False,True,4.0,False,1,0,7.0,80.0,1,1.2364692991058448,0.6912701665409963,364.3871000252009,8.07315774276435,1017.1869939263312,22.16203691336805,12.502,41.912,
386,281.48598414887897,Entire home/apt,False,False,5.0,False,0,1,10.0,94.0,1,0.6958099984570051,0.142724842309262,660.9951186670701,14.644639889357885,1628.4066730995123,35.479030910436464,12.494000000000002,41.902,Castro Pretorio
984,169.49945058798772,Entire home/apt,False,False,3.0,True,0,1,10.0,96.0,1,1.3237635338284954,1.217755134385002,290.1871327549596,6.429224573233427,794.770509385648,17.316121295133975,12.518,41.899,
325,172.7725434269282,Private room,False,True,2.0,False,0,1,10.0,100.0,1,5.6102198934915775,1.4631410042845736,121.0452383156502,2.681810917195377,345.29975795260185,7.523244032430916,12.545,41.94,
2011,166.4601500946859,Private room,False,True,2.0,False,1,0,10.0,100.0,1,4.6507924362189135,2.1005722674960667,228.90547111508184,5.0715021919437815,566.4555767204196,12.341692801835336,12.4623,41.930240000000005,
3326,184.9297454001356,Entire home/apt,False,False,4.0,True,0,0,10.0,98.0,1,1.538621511284187,0.6311944555914448,664.3720124575935,14.719456468346468,1112.3156276582615,24.23465906138384,12.49741,41.8875,Celio
2535,216.25791971570848,Entire home/apt,False,False,4.0,True,0,1,10.0,98.0,1,2.7304676947229813,1.580547956611929,738.196753613281,16.355076336962544,2041.2347292890488,44.47355273855285,12.47,41.896,Regola
3909,150.32847824562222,Private room,False,True,2.0,False,0,1,9.0,90.0,1,2.4133493844921503,0.1100962825341572,282.4214581629626,6.2571726099344165,747.2868234989323,16.281566974554078,12.514,41.881,
2976,104.03759380917867,Shared room,True,False,2.0,False,0,1,9.0,83.0,1,4.160792558960792,1.3535497934497849,295.5688217075605,6.548458277812527,838.1563136429346,18.26139271642368,12.466,41.875,
870,247.5860940312814,Entire home/apt,False,False,4.0,True,1,0,10.0,99.0,1,3.845776191671196,0.0559316398906927,508.5291932934458,11.266689720834684,1307.232527130811,28.48142543466951,12.45721,41.90903,Prati
1867,141.21057676571667,Private room,False,True,2.0,False,0,1,7.0,50.0,1,1.4335062831405294,0.5393017410824682,545.1711601797657,12.078508741480448,1027.1488216950115,22.37908097316469,12.501,41.888000000000005,Celio
1323,236.1302690949898,Entire home/apt,False,False,4.0,False,0,1,9.0,91.0,1,2.593689084608464,1.5621369890897965,770.8752245045797,17.079082346723983,2329.568321294401,50.755642214275554,12.472,41.895,Regola
3780,550.1133892876347,Entire home/apt,False,False,6.0,False,0,1,9.0,89.0,2,2.220379077003321,1.1970089347200064,1150.8617330679176,25.497851901249767,2110.068896707542,45.973282255680445,12.476,41.897,Sant'Eustachio
944,97.72520047693638,Private room,False,True,2.0,False,0,1,9.0,90.0,1,3.944715313559832,1.2113624447563265,495.8976654006405,10.98683262050459,1003.6533935934278,21.86717259447734,12.455,41.897,
3339,402.3566268440371,Entire home/apt,False,False,5.0,False,0,1,10.0,100.0,2,2.758708485983236,1.2511410108655832,765.62258471359,16.962707783531027,1906.7361004180912,41.54315390762617,12.46901,41.900490000000005,Ponte
4256,161.7843031819138,Private room,False,True,2.0,False,0,0,9.0,96.0,1,4.325080489916677,2.077587622020677,235.7763516380564,5.223729595959523,596.5065892318003,12.996431461037597,12.46832,41.93043,
2971,693.4280971640987,Entire home/apt,False,False,6.0,False,0,1,10.0,96.0,3,2.5188435431381806,1.2274750289583385,1248.44245723913,27.6597961051826,2662.6682701783275,58.013082003700575,12.472,41.899,Parione
3593,92.34797652724848,Private room,False,True,2.0,False,0,1,10.0,100.0,1,2.541541115609612,0.5153180130466413,247.80965001251,5.490332656100772,681.3843849312213,14.84571271674358,12.52057,41.882540000000006,
1409,149.860893554345,Private room,False,True,3.0,False,1,0,10.0,100.0,1,2.6110148674271296,0.4769215350453518,243.3794443142329,5.392179484836995,671.4658191281009,14.629611230223446,12.521,41.882,
1764,177.44839033970027,Entire home/apt,False,False,4.0,False,0,0,9.0,89.0,2,5.712197149320066,0.2415440734559025,128.23399474242373,2.841081002781941,409.5353752055788,8.92278229748325,12.55101,41.86459,
1058,198.4897014471746,Entire home/apt,False,False,2.0,False,1,0,9.0,93.0,1,0.3288301770918342,0.3762567539393873,426.3215132773248,9.44534212540405,1136.622135496052,24.764238899852742,12.505,41.903,Castro Pretorio
2384,184.9297454001356,Entire home/apt,False,False,4.0,False,0,1,9.0,86.0,1,3.40202892949502,0.6709993301885839,622.0247890243289,13.781234959623498,1589.555419810309,34.63255635397128,12.46144,41.90379,Borgo
4013,312.11278142753605,Private room,False,True,2.0,True,1,0,10.0,95.0,1,0.7702950016922843,0.4249870686175687,532.6143297091584,11.80030659565434,1341.4223211355036,29.22633810197336,12.496,41.906000000000006,Sallustiano
1703,576.2981319991583,Entire home/apt,False,False,4.0,False,1,0,10.0,98.0,1,2.18819235738652,1.0076958015943502,1913.660668525528,42.39800048372184,2312.805590241421,50.39042297082944,12.476,41.899,Sant'Eustachio
2146,146.82159306104316,Private room,False,True,2.0,False,0,1,9.0,92.0,1,3.083730445010822,0.9262133517863572,462.9374554209671,10.256584556338389,1248.2529681254,27.19640392769303,12.475,41.882,Testaccio
637,266.0556893367311,Entire home/apt,False,False,4.0,False,0,1,10.0,100.0,1,2.203032420311424,0.4947103969995503,691.7138602628704,15.325227227781664,1625.9167320320669,35.42478113514604,12.477,41.907,Campo Marzio
2049,344.609917471302,Entire home/apt,False,False,6.0,False,1,0,9.0,92.0,2,2.5936670503985773,1.562116141280666,770.8876603159711,17.079357867638457,2329.6906340326896,50.758307112113535,12.472,41.895,Regola
4045,150.09468589998363,Entire home/apt,False,False,2.0,False,0,0,9.0,89.0,1,2.5729568027947813,0.2950969130433023,222.8756433035693,4.9379086836097015,636.8697620930718,13.87584707707814,12.51385,41.92235,
1130,97.02382344002056,Private room,False,True,2.0,False,0,1,9.0,88.0,1,2.5596695331044272,0.8243959278697324,310.6636903951419,6.882891785510056,741.5540588491867,16.156663940459133,12.505999999999998,41.878,
237,147.522970097959,Private room,False,True,2.0,False,1,0,10.0,96.0,1,2.7103765572892065,0.8913192930063452,235.56716707614115,5.219095019253663,631.6820646224786,13.76281973449004,12.5052,41.92517,
297,138.40506861805343,Private room,False,True,2.0,False,0,1,10.0,96.0,1,2.461717197350976,0.6479721838781834,218.27548605114384,4.835990160320089,627.9950062066339,13.682487676371322,12.519,41.91916,
1853,259.5095036588502,Entire home/apt,False,False,4.0,False,0,1,10.0,100.0,1,2.5936857389407804,1.5621232443717503,770.8839730416375,17.07927617444094,2329.648596810164,50.757391223016526,12.472,41.895,Regola
2239,83.23007504734295,Private room,False,True,4.0,False,0,1,9.0,92.0,1,3.5430610043552475,0.2057931517557775,202.94971440150024,4.496440895133145,570.769878809315,12.435690977903684,12.523,41.873000000000005,
4272,196.3855703364272,Entire home/apt,False,False,4.0,False,0,1,9.0,87.0,0,2.2611594965820565,0.8644131740594807,1006.9641364147252,22.309736854077244,2119.220398838687,46.17267128567613,12.47501,41.90139,Sant'Eustachio
3285,319.1265517966942,Private room,False,True,2.0,False,1,0,10.0,100.0,1,1.880309383630779,0.1631819649985987,812.9524994992055,18.01132302811417,1728.2403910386868,37.65416542884636,12.48098,41.90671,Campo Marzio
2606,184.9297454001356,Entire home/apt,False,False,4.0,False,1,0,10.0,96.0,1,4.796103481707713,1.1729360207045594,231.5338525282724,5.129735147378729,654.2263732376387,14.254005526973463,12.46931,41.8654,
2,195.91798564515,Private room,False,True,2.0,False,1,0,9.0,80.0,1,0.935378797718482,0.649272520411355,482.7080588419364,10.694611039921597,1251.5142485274494,27.267459315823857,12.49627,41.90801,Sallustiano
3614,219.7648049002876,Private room,False,True,2.0,False,1,0,10.0,96.0,1,2.7050562840900114,1.5058539323449942,302.16464522637045,6.6945916719615095,735.1305416458815,16.016711083980102,12.48844,41.92293,
4465,506.39422065321577,Entire home/apt,False,False,5.0,False,0,1,9.0,85.0,2,1.424187938385035,0.2696467883636868,801.7118365057543,17.762281156233666,1658.5131220599624,36.134977395375735,12.486,41.905,Colonna
205,149.860893554345,Private room,False,True,3.0,True,1,0,10.0,96.0,4,6.077454843014217,0.5287964267073061,215.8123775105506,4.781418898647038,532.0121732803651,11.59125460018861,12.42947,41.89482,
829,144.01608491337993,Private room,False,True,4.0,False,0,1,10.0,91.0,1,1.8742600664397453,0.6774982525130484,441.8361068139611,9.789074823206676,878.08993485943,19.131449444212045,12.502,41.88399999999999,Monti
305,124.3775278797372,Private room,False,True,2.0,False,0,1,9.0,90.0,1,1.1330845247011971,0.7087295685616227,498.1428270262636,11.036575171655285,1226.9699965378009,26.73269960905062,12.494000000000002,41.909,Ludovisi
4244,462.44125967315824,Entire home/apt,False,False,5.0,False,1,0,9.0,90.0,2,2.553608893278885,1.1148678919397887,863.1370308803138,19.12318356889175,1929.420303113755,42.03738765274229,12.47148,41.90119,Ponte
1558,219.0634278633717,Entire home/apt,False,False,5.0,False,1,0,9.0,92.0,2,4.4090678597725885,0.3881381304304958,162.9451108134587,3.610121167621716,468.4073770238306,10.205460394284064,12.53463,41.86941,
1830,193.58006218876392,Entire home/apt,False,False,2.0,False,0,0,9.0,87.0,1,2.930063535671771,1.83716216946066,596.166958402634,13.208343258791638,2722.6294228967386,59.319490056347945,12.469,41.892,Trastevere
3683,173.473920463844,Entire home/apt,False,False,4.0,True,0,0,10.0,95.0,1,4.190259100151606,0.4455532785697721,399.7573038241302,8.85680028840532,1005.3597287944332,21.904349498957103,12.454,41.912,
2905,277.27772192738405,Entire home/apt,False,False,4.0,False,0,1,8.0,89.0,1,2.513453348675039,1.5155253434833775,799.7732979588308,17.719331975325066,2260.139492766454,49.242956474214175,12.473,41.895,Regola
2902,173.473920463844,Private room,False,True,2.0,False,1,0,9.0,82.0,1,1.335492562795505,0.6750269599163378,520.9749647754999,11.54243130553423,1281.8726470738518,27.92889517101415,12.49131,41.909690000000005,Ludovisi
797,207.60760292708017,Private room,False,True,3.0,False,0,1,9.0,75.0,1,3.4598507853161604,0.3455560718972564,488.10199798305695,10.814116152858157,1270.9029757743417,27.689892645697885,12.462,41.909,Prati
257,82.99628270170435,Private room,False,True,2.0,False,1,0,10.0,95.0,1,5.61280391389065,0.2546373407681475,187.1451537967388,4.14628384838672,525.5719454556665,11.450937659809204,12.477,41.854,San Paolo
2767,393.0049330184929,Entire home/apt,False,False,6.0,False,0,1,10.0,60.0,3,1.47302477833382,0.2469243524863389,777.7768237400272,17.23199033743292,1579.4343841303726,34.41204354002499,12.48569,41.90565,Campo Marzio
4255,141.21057676571667,Private room,False,True,2.0,False,0,1,10.0,85.0,1,2.0023940604431614,0.73509630372211,486.3807005820568,10.775980045845795,906.7443257804528,19.755759107148787,12.49729,41.88323,Monti
1354,92.34797652724848,Private room,False,True,2.0,True,0,0,10.0,96.0,1,4.981851036645969,1.0950098182816854,191.7809483366376,4.248991931579184,520.6003572415799,11.342618813641735,12.49135,41.85677,Garbatella
2506,184.9297454001356,Entire home/apt,False,False,5.0,False,1,0,10.0,97.0,1,1.1154402502614778,0.8342179980428291,331.703883956273,7.349046601488885,974.141222283243,21.2241739778264,12.514,41.896,
564,213.21861922240663,Entire home/apt,False,False,4.0,True,0,1,9.0,97.0,1,1.8499957204120945,0.1046980012470139,373.9035394488439,8.283998677065313,834.6116762720222,18.18416366736217,12.509,41.885,
1111,207.60760292708017,Private room,False,True,2.0,False,1,0,9.0,91.0,1,0.7908776430309618,0.582415120912103,457.5937190354224,10.138191707707715,1257.0012287057152,27.38700730255564,12.49867,41.90747,Sallustiano
3480,85.56799850372899,Private room,False,True,2.0,False,0,1,9.0,89.0,1,0.4422858072978594,0.3868778434551448,640.5549960711012,14.191779911638344,1259.2687050540317,27.43641011131316,12.501,41.897,Esquilino
2563,196.3855703364272,Entire home/apt,False,False,2.0,False,0,1,10.0,80.0,0,2.6491735845790405,1.525486334686716,787.7391946856876,17.452711082296517,2284.2626511604167,49.768541573105786,12.470999999999998,41.896,Regola
3229,97.02382344002056,Private room,False,True,2.0,False,0,1,6.0,20.0,1,0.8346942858617583,0.6296234920653507,460.28614150875705,10.197843521221127,1288.3288912495234,28.069561068825777,12.49817,41.90774,Sallustiano
4068,327.07549154840666,Entire home/apt,False,False,4.0,True,0,1,10.0,99.0,1,0.1920812596441793,0.2869519008383774,462.7043332170463,10.251419630561752,1214.141451696337,26.453196738861628,12.504,41.902,Castro Pretorio
2178,152.43260935636965,Entire home/apt,False,False,5.0,True,0,0,9.0,97.0,3,4.752706687721675,1.88642598903021,188.97583443394453,4.186843389489478,484.4850163113829,10.55575315018648,12.50294,41.85809,Tor Marancia
1249,216.7255044069857,Entire home/apt,False,False,3.0,False,0,1,9.0,92.0,1,1.376433756350427,0.1796456633618216,428.8253048006248,9.500814736594728,973.253630374444,21.20483550342173,12.507,41.889,Esquilino
3965,184.9297454001356,Entire home/apt,False,False,2.0,False,1,0,9.0,95.0,1,4.385019542784154,1.0539974627192816,385.2697077594743,8.535821174887497,833.478732036014,18.15947956096961,12.45,41.895,
410,103.80380146354008,Private room,False,True,2.0,False,1,0,9.0,91.0,1,3.744436008352072,1.508269706192906,478.2979338751301,10.596902766165837,1063.1783201651078,23.1640763376672,12.45776,41.89526,
3457,69.43632665466532,Private room,False,True,2.0,False,0,0,10.0,100.0,1,5.411203034939729,0.4852173087711687,123.69940721722006,2.740615205867591,373.4197150672837,8.135909679257933,12.56565,41.889520000000005,
1753,210.8806957660206,Entire home/apt,False,False,4.0,False,1,0,10.0,91.0,1,3.7599990621404817,0.1023761110935207,529.5779962472126,11.73303528172411,1338.674559379767,29.16647103935519,12.45804,41.90829,Prati
1640,881.6309354031748,Entire home/apt,False,False,6.0,False,0,1,8.0,86.0,3,2.783058644039368,1.750325041838045,664.7149625878486,14.727054680520444,1910.0910689640664,41.616250533126745,12.47,41.894,Regola
1319,380.38014635400833,Entire home/apt,False,False,4.0,False,0,0,10.0,100.0,1,0.4721274084253178,0.387101563511317,460.3129923658993,10.198438413864752,1233.6374323588784,26.877966860467065,12.50121,41.90505,Castro Pretorio
4456,298.3190330348584,Entire home/apt,False,False,4.0,False,0,1,9.0,95.0,1,2.433386540092134,1.4720862670616135,830.9201864403957,18.40940509781094,2220.437481391219,48.37794596298399,12.474,41.895,Parione
4420,278.6804760012157,Entire home/apt,False,False,4.0,False,0,1,10.0,80.0,1,2.203034442724592,0.494711347888713,691.7112653447109,15.325169736219452,1625.913305286665,35.42470647467698,12.477,41.907,Campo Marzio
399,176.27942861150726,Entire home/apt,False,False,5.0,False,1,0,9.0,89.0,3,2.7981783514645646,1.6825768093865234,687.6689357077325,15.235610131048686,1898.9957970344296,41.37451147478575,12.46941,41.89516,Regola
1900,159.913964416805,Private room,False,True,2.0,False,0,1,9.0,87.0,1,3.523221433313844,0.6047425753136886,640.9058406812946,14.199553029515172,1512.2339791084378,32.94790974202908,12.46,41.904,Borgo
2908,104.03759380917867,Private room,False,True,4.0,False,0,1,9.0,83.0,1,0.7395782893456715,0.3637153740030788,419.2732604773889,9.289184959958764,1142.236689968654,24.886566420964293,12.50142,41.9075,
3389,196.15177799078856,Entire home/apt,False,False,5.0,False,0,0,10.0,97.0,2,4.09101288509231,1.496256159368007,268.2023052681347,5.94214097385155,675.7016675058699,14.721900090254175,12.465,41.925,
1606,80.65835924531831,Private room,False,True,2.0,False,1,0,9.0,88.0,1,0.2088605617452693,0.3054105713551232,545.0898319734367,12.076706879014449,1291.0512740979134,28.12887518662181,12.502,41.899,Esquilino
3681,115.72721109110888,Private room,False,True,2.0,False,0,1,10.0,93.0,1,0.335773144552188,0.4512661827054013,418.7842101643152,9.278349833464665,1108.4936458714055,24.15138735033337,12.505999999999998,41.902,Castro Pretorio
1586,161.31671849063662,Entire home/apt,False,False,3.0,False,0,1,10.0,90.0,0,3.734525481134792,0.2447187080100913,585.0769262957274,12.96263868098088,1758.309468340193,38.30929767600047,12.458,41.907,Prati
2373,161.7843031819138,Entire home/apt,False,False,4.0,False,1,0,10.0,96.0,1,3.0047485305634383,1.8887605173579984,575.7124512950915,12.755164585841182,2361.1307857014394,51.443311743518784,12.46815,41.89178,Trastevere
1386,195.91798564515,Entire home/apt,False,False,2.0,True,0,0,10.0,98.0,1,1.1154512863016883,0.8342311212405492,331.70229813632216,7.349011466944841,974.1211423818348,21.22373648548833,12.514,41.896,
885,213.21861922240663,Entire home/apt,False,False,4.0,False,0,1,10.0,98.0,1,3.1841651137893776,1.7899268905652082,552.922009186551,12.25023223736655,1471.2057841446365,32.0540049077106,12.465,41.894,Trastevere
27,111.7527412152526,Private room,False,True,2.0,True,1,0,10.0,95.0,1,2.678325171920308,0.7725953738013456,291.43029938162283,6.456767480973297,720.0393640023643,15.687910934156282,12.50772,41.87711,
3379,218.3620508264559,Entire home/apt,False,False,3.0,False,0,1,10.0,100.0,1,3.1689595401379806,0.2684791850103149,347.2406126060798,7.693269712536839,862.9122364417334,18.800764216617285,12.48546,41.87525,
2829,131.62509059453393,Private room,False,True,2.0,False,1,0,9.0,100.0,1,4.081671050633228,0.3201001567744935,595.470867375031,13.192921053480934,1251.5710940576685,27.26869784202071,12.45412,41.90845,
3064,300.4231641456058,Entire home/apt,False,False,4.0,False,0,0,9.0,87.0,1,2.677989973957934,1.289703500965796,831.2970093874035,18.41775377725672,2366.8727297557043,51.56841477456907,12.47,41.9,Ponte
1802,85.33420615809038,Private room,False,True,2.0,True,1,0,10.0,98.0,1,5.411008756806081,2.880084013200282,223.77300249553969,4.957790074329063,610.9022176790203,13.310077281268686,12.44764,41.87427,
1463,242.20887008159352,Entire home/apt,False,False,3.0,False,1,0,10.0,88.0,1,1.359556585287658,0.5752151681714879,546.6029042555143,12.110229666205797,1389.523164127966,30.27433877867124,12.49,41.909,Ludovisi
2443,202.23037897739223,Entire home/apt,False,False,3.0,True,1,0,10.0,96.0,0,3.5232528747299834,0.6047143357234183,640.9100527593671,14.199646349972184,1512.2277867655089,32.94777482589921,12.46,41.904,Borgo
4383,150.32847824562222,Private room,False,True,2.0,False,1,0,10.0,92.0,1,6.872415198385395,2.515121243306406,164.51203112180804,3.6448369817072592,407.57221100422976,8.880009712150281,12.42698,41.92669,
3710,121.33822738643536,Private room,False,True,2.0,False,0,1,10.0,95.0,1,1.874230967130792,0.6775272307029642,441.84730943761,9.789323022300014,878.1009409110986,19.131689239377348,12.502,41.88399999999999,Monti
2974,205.73726416197127,Entire home/apt,False,False,2.0,True,1,0,10.0,99.0,0,4.45551319421603,0.8013680043141315,400.7387432205575,8.878544513329235,833.5290467874473,18.160575797340325,12.44879,41.89718,
2185,115.72721109110888,Private room,False,True,2.0,True,0,1,9.0,97.0,1,3.0841462666891566,0.507447743999709,548.3419185700393,12.148758299291638,1382.8950752519686,30.129928801732834,12.466,41.907,Prati
3200,202.23037897739223,Entire home/apt,False,False,4.0,True,0,0,10.0,98.0,1,3.399462942330804,1.3697405216291685,429.4147210856012,9.513873515691024,1160.9822956735843,25.29498769264465,12.469,41.883,
1442,205.03588712505552,Entire home/apt,False,False,4.0,False,0,1,9.0,82.0,1,1.0431861469605812,1.0333831367581048,318.1850447195719,7.049530724967977,929.676292348448,20.255391025970628,12.51467,41.899440000000006,
882,158.97879503425057,Private room,False,True,2.0,True,0,1,10.0,97.0,1,2.775932582594715,0.2888241541690403,457.0158491669308,10.125388744587454,1088.0878889085764,23.706795410251804,12.473,41.913,
634,305.33280340401654,Entire home/apt,False,False,4.0,False,0,1,9.0,92.0,1,2.5679879653306577,1.473044234478679,839.4919101715055,18.59931543712828,2764.3102615422167,60.227614413183886,12.472,41.896,Parione
2690,194.2814392256797,Entire home/apt,False,False,2.0,True,1,0,9.0,92.0,1,2.969315806772635,1.787676231915443,579.5730639156142,12.84069816995278,2950.213247432108,64.27798947715712,12.469,41.891000000000005,Trastevere
3744,259.9770883501274,Private room,False,True,4.0,False,0,1,10.0,92.0,1,1.23237795988993,0.0747957373538083,801.706004214581,17.76215193923712,1831.226987143238,39.89799351363259,12.488,41.904,Colonna
238,103.80380146354008,Private room,False,True,2.0,False,0,1,9.0,94.0,1,1.7869348353793104,0.8513594148497409,518.7894817066215,11.494010959265175,946.8581256436146,20.62974149053663,12.49874,41.885,Monti
4419,299.25420241741284,Entire home/apt,False,False,4.0,False,0,1,10.0,93.0,1,2.261274709540971,0.8937994686998488,1076.740682970618,23.85566717667128,2318.0573912917093,50.50484697490453,12.475,41.901,Sant'Eustachio
3109,161.7843031819138,Entire home/apt,False,False,4.0,False,0,0,10.0,100.0,1,5.459395079538599,1.273556891174242,123.971049426669,2.746633559443562,353.3514313709003,7.698670462945853,12.54274,41.93961,
2874,195.2166086082341,Private room,False,True,2.0,False,0,1,9.0,87.0,1,1.1710925189089243,0.8580977010375854,438.7889723893219,9.72156420915964,1124.722369137295,24.5049718595957,12.49691,41.91063,
19,182.35802959811093,Entire home/apt,False,False,5.0,False,0,0,9.0,87.0,0,4.561747091463301,0.451045317123999,231.6573930337153,5.132472242045341,648.6975060358794,14.133544923617212,12.481,41.863,Garbatella
1534,161.5505108362752,Private room,False,True,2.0,True,0,0,10.0,94.0,1,3.356856698988687,0.4471842811989638,520.4966403234818,11.53183381524685,1321.4437840805003,28.7910542472526,12.46284,41.90769,Prati
1922,348.11680265588103,Entire home/apt,False,False,6.0,False,0,1,9.0,88.0,2,2.59369093131479,1.5621340093356475,770.8772475349749,17.079127167859244,2329.585637345051,50.75601948901068,12.472,41.895,Regola
1635,427.6062001730063,Entire home/apt,False,False,6.0,True,0,1,10.0,97.0,2,2.4869201324763432,1.4235060648876037,876.6427805170414,19.42240943952231,2500.5875182201453,54.48173562462583,12.473,41.896,Parione
4000,209.2441493465504,Entire home/apt,False,False,4.0,True,1,0,10.0,98.0,2,4.081435697043984,0.3457665159769419,669.9478530543495,14.84299168867399,1381.002668958437,30.08869785955332,12.454,41.908,
4190,91.17901479905548,Private room,False,True,2.0,False,0,1,9.0,93.0,1,1.4024887837815372,0.2143368976357191,409.2829046855372,9.067844198421431,1107.5145993560218,24.130056301919065,12.508,41.889,Esquilino
2031,219.7648049002876,Entire home/apt,False,False,2.0,False,0,1,8.0,90.0,1,2.6491610439229905,1.5254792085336286,787.7473344862885,17.452891423187403,2284.3225106341565,49.76984576582016,12.470999999999998,41.896,Regola
1644,126.71545133612324,Private room,False,True,2.0,False,0,0,10.0,89.0,1,1.1036339414290235,0.8150064770854812,444.25897708464856,9.842754588171356,1194.4086618241097,26.02326711907364,12.497,41.91,Ludovisi
3338,141.21057676571667,Private room,False,True,2.0,False,1,0,9.0,90.0,1,0.3150693676568442,0.2288422701942568,495.6019308487624,10.980280490401377,1290.449953938238,28.11577387913848,12.50108,41.90357,Castro Pretorio
1570,184.4621607088584,Entire home/apt,False,False,5.0,True,1,0,10.0,99.0,1,2.3862061663352985,0.1724373087546607,233.70409847277284,5.177817908402198,696.7357746384025,15.180182256163082,12.52627,41.88907,Pigneto
951,131.3912982488953,Private room,False,True,2.0,False,0,1,9.0,88.0,1,0.5257707765208204,0.3767520174208187,453.1087235012894,10.03882464334088,1233.2959083592789,26.87052588104919,12.50113,41.90553,Castro Pretorio
2896,220.699974282842,Entire home/apt,False,False,4.0,False,0,1,9.0,90.0,1,3.293451966667593,0.5083282486193111,381.85796035541136,8.460232398639485,1226.505104736223,26.72257074451656,12.477,41.878,Testaccio
1081,253.6646950178851,Private room,False,True,2.0,False,0,1,10.0,100.0,1,2.4701114320053703,0.838659239043865,686.775426148352,15.215814030645989,1597.9570682412375,34.81560789097596,12.473,41.905,Prati
359,158.97879503425057,Entire home/apt,False,False,5.0,False,1,0,9.0,82.0,1,2.8988905327576195,0.4264268985931891,251.36795859537605,5.569168560239319,653.671382225224,14.241913619214946,12.51427,41.87637,
1748,167.1615271316017,Entire home/apt,False,False,4.0,True,0,0,9.0,97.0,2,5.287538672152001,0.3715105562797851,136.76188213226615,3.030020128524777,406.4830907746687,8.85628042454166,12.547,41.867,Quadraro
2844,346.7140485820494,Entire home/apt,False,False,5.0,True,1,0,9.0,94.0,1,2.1300431072828307,0.4307159397977641,621.2980359334267,13.765133422707155,1515.385216178104,33.01656755291117,12.479,41.909,Campo Marzio
2389,211.34828045729785,Entire home/apt,False,False,4.0,False,0,0,10.0,100.0,2,3.6554689201099775,0.5141695413437831,203.6577114644229,4.512126883934596,556.4969639106607,12.124718788194144,12.52013,41.8708,
1823,152.19881701073106,Entire home/apt,False,False,4.0,False,1,0,8.0,86.0,1,2.864082145844624,0.50347599064705,191.1055703994592,4.234028633969452,534.5005636757861,11.645470590097526,12.535,41.909,
3193,259.9770883501274,Entire home/apt,False,False,4.0,False,0,0,9.0,100.0,2,3.432407499559888,1.9653020186995656,221.8397596169197,4.914958221299426,561.8482854491242,12.241311102270975,12.49394,41.93114,
109,117.5975498562177,Private room,False,True,3.0,False,1,0,9.0,89.0,1,1.376443081709922,0.1796550666123453,428.8251526839347,9.500811366382024,973.2526570997578,21.20481429812747,12.507,41.889,Esquilino
3510,393.0049330184929,Entire home/apt,False,False,4.0,False,0,1,7.0,73.0,1,1.4241940866453022,0.2696504596700412,801.7242740216828,17.762556714912918,1658.535634968394,36.13546789703439,12.486,41.905,Colonna
4411,159.44637972552778,Entire home/apt,False,False,4.0,False,0,1,10.0,92.0,2,1.4479335213267468,0.3122517659782416,466.247755580697,10.329925723914158,973.030627080091,21.19997680264128,12.505,41.888000000000005,Esquilino
4410,136.300937507306,Private room,False,True,2.0,False,0,1,8.0,80.0,1,1.059470627066935,0.1352603219842884,315.0797718610322,6.980732028143686,820.9149038209247,17.88574422386975,12.51109,41.90775,
1798,364.01468215930606,Entire home/apt,False,False,4.0,False,0,1,10.0,95.0,1,2.62382585382211,1.6538680052251278,734.5669705651417,16.27465688435949,2058.1469076089047,44.8420280753868,12.472,41.894,Regola
2109,150.32847824562222,Entire home/apt,False,False,4.0,False,0,1,9.0,92.0,1,1.0785937474676233,1.0317487233939389,316.1047125274699,7.003440042989858,951.8793428325172,20.739141631665994,12.515,41.899,
1068,182.1242372524724,Entire home/apt,False,False,4.0,False,0,0,10.0,98.0,0,6.675411665978304,0.4113634710708213,186.7780961047616,4.138151522495321,462.4819045018202,10.076358723159618,12.422,41.905,
3259,205.97105650760992,Entire home/apt,False,False,2.0,True,0,1,8.0,100.0,1,4.2454507913273885,0.4507376935129878,429.9533131847819,9.525806262419414,1052.6896433525365,22.935553515334067,12.45283,41.91076,
4517,459.8695438711336,Entire home/apt,False,False,4.0,True,0,1,10.0,98.0,1,2.2015334839845,1.1007955720683655,1500.0109724417314,33.233408085966644,2192.0424913624547,47.75928801618589,12.476,41.898,Sant'Eustachio
461,189.1380076216305,Entire home/apt,False,False,2.0,False,0,0,10.0,96.0,1,5.495511308748498,1.4200619579522638,231.68306717795213,5.133041064092883,561.7974332071711,12.240203155285789,12.44076,41.91925,
342,230.5192527996633,Private room,False,True,2.0,False,0,1,10.0,100.0,1,5.610205251864528,1.4631337581182031,121.0454762714278,2.6818161892111205,345.30035203927685,7.523256976138317,12.545,41.94,
1202,253.6646950178851,Private room,False,True,2.0,False,0,1,10.0,93.0,1,1.4241916572127686,0.2696462631930897,801.7315196294538,17.762717244565238,1658.551892623084,36.135822111889205,12.486,41.905,Colonna
2602,205.97105650760992,Entire home/apt,False,False,2.0,True,0,1,10.0,94.0,1,1.4971102244902317,0.5129967739329531,342.8080798329846,7.595064983898818,858.6044605455645,18.706908230455976,12.51261,41.88984,Esquilino
1806,139.34023800060783,Private room,False,True,2.0,False,0,1,10.0,95.0,1,3.2638311380160103,1.211185346652779,599.7088550581783,13.286815549404563,1345.9505324487063,29.32499684109797,12.463,41.899,Trastevere
451,114.09066467163863,Entire home/apt,False,False,4.0,False,0,0,8.0,83.0,2,8.065135130431281,2.161744311236321,135.99682758812634,3.013070005931984,335.4389684558225,7.308401351461281,12.41075,41.92537,
3817,416.1503752367147,Entire home/apt,False,False,6.0,True,0,1,10.0,98.0,2,2.295318086102165,0.9205958072227636,1063.4067696929962,23.56024841675597,2139.093002329859,46.60564710503465,12.47459,41.90098,Sant'Eustachio
1006,182.1242372524724,Entire home/apt,False,False,2.0,True,0,1,10.0,93.0,1,4.406948025755233,1.9496059425183525,289.8770384237237,6.422354295852502,771.2219574788775,16.803055477609366,12.45898,41.87788,Monteverde
473,207.60760292708017,Private room,False,True,2.0,False,0,0,10.0,97.0,1,5.490433002224323,2.783791095752541,215.05650524845927,4.7646722135837605,595.8209103226756,12.981492181057144,12.44927,41.87128,
947,126.71545133612324,Private room,False,True,2.0,True,1,0,10.0,99.0,1,1.743158832820795,0.7799519550868201,493.6684475699747,10.937443311199448,931.2410200163572,20.28948264584252,12.5004,41.88524,Monti
1703,576.2981319991583,Entire home/apt,False,False,4.0,False,1,0,10.0,98.0,1,2.18819235738652,1.0076958015943502,1913.660668525528,42.39800048372184,2312.805590241421,50.39042297082944,12.476,41.899,Sant'Eustachio
2665,120.16926565824234,Private room,False,True,2.0,False,0,1,9.0,91.0,1,4.689041510861086,0.8424064147762244,309.88031079065985,6.865535663081435,730.1670750977835,15.90856918921146,12.449000000000002,41.915,
2678,204.5683024337783,Entire home/apt,False,False,4.0,True,0,0,10.0,98.0,1,3.2809551198536133,0.9189964019958606,176.32869552675024,3.90664042021485,491.873925350174,10.716739552730935,12.54079,41.90745,
646,259.2757113132116,Entire home/apt,False,False,5.0,False,0,0,9.0,96.0,2,0.9754965022994518,0.8974808812180302,320.25433726554473,7.095376818691958,848.7123250374451,18.49138259594432,12.514,41.901,
3943,244.0792088467024,Private room,False,True,2.0,False,0,0,10.0,90.0,1,1.9753549736319795,1.1496903056258754,1036.4180305047807,22.962300935273447,1847.595366584563,40.25462079215335,12.47936,41.895990000000005,Pigna
398,139.57403034624645,Private room,False,True,2.0,True,1,0,10.0,100.0,1,4.284996070142395,2.100392245913574,311.3503721014838,6.898105523136842,818.2901329858836,17.828556835038935,12.458,41.881,Monteverde
1407,90.01005307086245,Private room,False,True,2.0,False,1,0,9.0,95.0,1,5.310736240516888,1.1498026156568526,250.38438424463124,5.547377034456022,601.1961233143136,13.098605031938252,12.442,41.917,
1732,155.4719098496715,Entire home/apt,False,False,4.0,False,1,0,9.0,86.0,1,2.0916065544702525,0.9462430929060206,267.9651771407406,5.936887295064441,725.9527518129686,15.816749308736563,12.5068,41.91939,
4305,151.49743997381523,Private room,False,True,2.0,False,0,0,10.0,97.0,1,2.7823782816338696,0.561130828632807,228.45280223790328,5.061473112290715,652.7414459308924,14.221652563376525,12.52366,41.8816,
630,176.27942861150726,Private room,False,True,2.0,False,0,0,10.0,93.0,1,5.104994960367978,2.512707686714712,238.3397235057405,5.280522236093456,644.8406735083396,14.049513899474755,12.45207,41.8743,Monteverde
3062,188.20283823907604,Entire home/apt,False,False,4.0,True,1,0,10.0,100.0,1,4.199783498765315,0.3678233566721084,239.24661446974963,5.300614807448004,641.8228196019248,13.98376218413385,12.48701,41.86482,Garbatella
354,225.84340588689125,Entire home/apt,False,False,3.0,True,0,0,10.0,98.0,2,2.456430317768828,0.7884882164041397,322.1273634651068,7.136874544501541,808.2513364240384,17.60983581196467,12.50582,41.87892,
1273,276.57634489046825,Entire home/apt,False,False,3.0,True,1,0,10.0,98.0,1,2.684308129627199,1.3546244377717525,843.1291983719761,18.679901169708447,2419.298094419697,52.71063628724833,12.47,41.899,Parione
4047,131.62509059453393,Private room,False,True,2.0,True,0,0,10.0,93.0,1,4.807845822259558,1.087693380962318,316.6912492644053,7.016435024422731,716.7547112755287,15.616346319769365,12.44526,41.8931,
2158,316.7886283403081,Entire home/apt,False,False,6.0,False,0,0,8.0,82.0,2,2.6757399382351634,1.4771001983785523,815.355244144206,18.064556900919577,2297.6457362750257,50.0601265305381,12.47043,41.89698,Parione
2996,169.49945058798772,Private room,False,True,2.0,False,1,0,10.0,100.0,1,1.2611127297748057,0.8174895500236316,394.7023192005373,8.744804863071407,1099.388855856055,23.953016064017767,12.49918,41.91199,
2981,210.4131110747434,Entire home/apt,False,False,4.0,False,1,0,10.0,97.0,2,0.335749516102987,0.4512407720080842,418.7898328150719,9.278474405784836,1108.5101256340968,24.15174640438269,12.505999999999998,41.902,Castro Pretorio
1918,141.21057676571667,Private room,False,True,2.0,False,0,1,10.0,83.0,1,2.5936840811043003,1.562126864354796,770.8815439172693,17.079222356113668,2329.627530918522,50.75693224834327,12.472,41.895,Regola
789,172.7725434269282,Private room,False,True,2.0,False,1,0,10.0,100.0,1,2.7953534754082683,0.7780644474941664,196.58184587043613,4.3553579447956885,550.9388845040085,12.003621721761752,12.52561,41.919,
3180,228.8827063801931,Entire home/apt,False,False,3.0,False,1,0,10.0,96.0,1,2.6616905967393287,1.2499274189323235,847.6172439997856,18.779335810252867,2003.6817590303067,43.655364619701295,12.47018,41.90045,Ponte
2592,331.51754611554014,Entire home/apt,False,False,6.0,False,0,0,9.0,83.0,2,2.3523400358766056,0.2562628650338729,617.3761023694575,13.678241245908426,1410.7153669203326,30.73606546546961,12.47698,41.91047,Campo Marzio
550,138.40506861805343,Private room,False,True,2.0,False,1,0,8.0,87.0,1,2.8346748508116866,0.4906263513104205,201.7976922360356,4.470917333337699,561.1338336649596,12.22574493114608,12.52096,41.92222,
2212,289.2011315549529,Entire home/apt,False,False,4.0,False,0,1,9.0,80.0,1,1.933439740055056,0.33196143149036,849.5223702124827,18.821544726084177,1839.713110823548,40.08288556138528,12.47956,41.90483,Campo Marzio
560,236.1302690949898,Entire home/apt,False,False,4.0,False,0,1,9.0,93.0,1,1.2323643418303374,0.0747845493668311,801.7095252150806,17.762229948564137,1831.230430902955,39.8980685448023,12.488,41.904,Colonna
1169,182.1242372524724,Entire home/apt,False,False,3.0,False,0,1,10.0,95.0,1,0.9677299488857356,0.7100691385594008,468.2123022795914,10.373451126959726,1219.0781047700143,26.560754433071835,12.49669,41.90853,Sallustiano
2130,113.15549528908424,Private room,False,True,3.0,True,1,0,10.0,98.0,1,4.419793607648993,1.9808562697423229,289.5793949787508,6.415759873376513,771.3554547351611,16.805964058960935,12.45863,41.87805,Monteverde
1386,195.91798564515,Entire home/apt,False,False,2.0,True,0,0,10.0,98.0,1,1.1154512863016883,0.8342311212405492,331.70229813632216,7.349011466944841,974.1211423818348,21.22373648548833,12.514,41.896,
759,115.25962639983166,Private room,False,True,2.0,True,0,0,10.0,98.0,1,2.3796060344402465,0.3459014660422561,215.2202100484284,4.768299166001414,618.7108361377759,13.480208133863805,12.52327,41.91544,
4153,129.5209594837865,Private room,False,True,2.0,True,1,0,10.0,100.0,2,6.173117248828523,0.7521037754179827,156.61470554723363,3.469868232525148,428.9135901902575,9.344986590666274,12.484000000000002,41.847,
4107,222.5703130479508,Entire home/apt,False,False,2.0,True,1,0,9.0,94.0,1,3.734496356352631,1.1206606267353594,604.1121577837392,13.38437267338107,1138.9232303483848,24.81437417425466,12.45731,41.89912,
4014,180.2538984873635,Entire home/apt,False,False,5.0,False,1,0,10.0,93.0,1,0.9390310954976184,0.1221248621244108,802.6071887178438,17.782118081424024,1749.2260171216435,38.11139131029948,12.493,41.896,Monti
3802,242.6764547728708,Entire home/apt,False,False,4.0,False,1,0,10.0,95.0,1,5.11188795762128,0.7527552690111868,295.0069510976056,6.536009785358004,684.4294474544828,14.912057241837775,12.441,41.896,
3836,254.3660720548009,Entire home/apt,False,False,3.0,False,1,0,10.0,97.0,2,1.7568952641853983,0.8154108995042685,282.0372583480195,6.2486604927091856,768.2555620536888,16.738424917736676,12.5088,41.91591,
2114,151.49743997381523,Private room,False,True,3.0,False,0,1,10.0,91.0,1,3.083717615058141,0.9262267056991292,462.942865766412,10.256704424940258,1248.2838038550906,27.19707576343586,12.475,41.882,Testaccio
2211,448.41371893484205,Entire home/apt,False,False,6.0,True,1,0,10.0,98.0,2,2.977884808087915,0.268357349636752,457.0360483423883,10.125836266274504,1103.7714260191178,24.04850163580464,12.46948,41.9118,Prati
130,105.90793257428751,Private room,False,True,3.0,False,0,1,10.0,94.0,1,2.622037877317517,0.2964062865612724,214.57951830836845,4.754104356466081,614.1676251986036,13.381222589278233,12.53058,41.89043,Pigneto
1100,103.80380146354008,Private room,False,True,3.0,False,1,0,10.0,93.0,1,4.542377621441805,1.776439531802852,267.9797186412102,5.937209468453947,719.2569067017835,15.670863087809298,12.461,41.874,Monteverde
2976,104.03759380917867,Shared room,True,False,2.0,False,0,1,9.0,83.0,1,4.160792558960792,1.3535497934497849,295.5688217075605,6.548458277812527,838.1563136429346,18.26139271642368,12.466,41.875,
3991,480.910854978608,Entire home/apt,False,False,6.0,True,1,0,10.0,94.0,3,2.510255267072645,1.0899617639345325,913.093467978527,20.229990579712027,2046.300116578929,44.583915239026354,12.472,41.901,Ponte
3064,300.4231641456058,Entire home/apt,False,False,4.0,False,0,0,9.0,87.0,1,2.677989973957934,1.289703500965796,831.2970093874035,18.41775377725672,2366.8727297557043,51.56841477456907,12.47,41.9,Ponte
2145,146.82159306104316,Private room,False,True,2.0,False,0,1,10.0,96.0,1,3.0837024727888505,0.9262175734962992,462.9446864957662,10.256744764006273,1248.2978059720024,27.19738083559438,12.475,41.882,Testaccio
4188,138.63886096369205,Private room,False,True,3.0,False,1,0,9.0,87.0,1,1.285526977279714,0.8845649071954002,410.08949067233993,9.085714468538326,1084.7711774740394,23.634532314398143,12.498,41.912,
740,195.91798564515,Entire home/apt,False,False,4.0,True,1,0,9.0,98.0,1,4.220703498256394,1.4984135505469836,294.22593223669725,6.518705966249833,798.3137158593233,17.393319168416028,12.46423,41.87564,
2598,198.7234937928132,Entire home/apt,False,False,4.0,False,0,1,10.0,100.0,1,4.259839255567938,1.3029155516006117,280.8446897976882,6.222238607781814,788.9851668857951,17.190072717238472,12.467,41.873000000000005,
2031,219.7648049002876,Entire home/apt,False,False,2.0,False,0,1,8.0,90.0,1,2.6491610439229905,1.5254792085336286,787.7473344862885,17.452891423187403,2284.3225106341565,49.76984576582016,12.470999999999998,41.896,Regola
1180,109.41481775886656,Private room,False,True,2.0,False,1,0,9.0,95.0,1,1.11544895156442,0.8342335428188788,331.70213564752686,7.349007866933547,974.1145050121406,21.22359187330488,12.514,41.896,
3324,196.3855703364272,Private room,False,True,2.0,False,0,1,9.0,97.0,1,2.3136670779888706,0.4705761050363541,616.3482277945504,13.655468229019444,1853.554851664864,40.38446351440885,12.47631,41.90851,Campo Marzio
2321,413.8124517803287,Private room,False,True,2.0,True,0,1,10.0,90.0,1,1.854263856180655,0.1349217962982249,832.259515281928,18.43907852205229,1660.0423811395956,36.168296240755495,12.48135,41.90678,Campo Marzio
427,178.61735206789328,Entire home/apt,False,False,5.0,True,1,0,10.0,98.0,2,0.5446975585268645,0.1980834259488877,536.1091194662032,11.877735212047371,1164.0134783460603,25.3610298094626,12.503,41.896,Esquilino
1738,259.2757113132116,Entire home/apt,False,False,4.0,True,1,0,10.0,98.0,2,1.9068620307596345,0.124408924739251,341.1221438683796,7.557712325186381,830.0235295952654,18.084199082068235,12.511,41.885,
4423,266.9908587192855,Entire home/apt,False,False,4.0,False,0,1,10.0,94.0,1,2.2030144867883723,0.4946907252506531,691.7204679681437,15.325373624421353,1625.9105851525344,35.42464720955329,12.477,41.907,Campo Marzio
4116,208.0751876183573,Entire home/apt,False,False,4.0,False,0,1,8.0,86.0,1,2.4272740943806883,1.0220189733678884,973.9372445986633,21.578011424264165,2097.924682858059,45.70868929762737,12.473,41.901,Ponte
4508,254.1322797091623,Entire home/apt,False,False,4.0,True,0,0,10.0,98.0,1,2.6842990431752924,1.3546244052961816,843.1400279157203,18.680141103051103,2419.247075568293,52.70952471024738,12.47,41.899,Parione
1734,115.49341874547028,Private room,False,True,2.0,True,1,0,10.0,98.0,1,1.1886979167132323,0.9155742353557752,323.59176602267627,7.169319032369932,885.7507868475475,19.298360823891763,12.515,41.896,
1856,174.17529750075985,Entire home/apt,False,False,6.0,True,0,0,10.0,96.0,2,6.701219951883697,0.5200735147817156,106.2643703253522,2.354334234150342,304.2613228958307,6.62911609132898,12.57538,41.87532,
365,213.21861922240663,Entire home/apt,False,False,6.0,True,1,0,10.0,96.0,2,4.190270182916906,0.4455570975908717,399.7585294434149,8.85682744254392,1005.3956825212698,21.90513284344153,12.454,41.912,
917,99.127954550768,Private room,False,True,2.0,False,1,0,9.0,80.0,1,1.2374090926220078,0.7754198996754914,492.6256306551072,10.914339240144336,1196.860743644241,26.07669203321119,12.49357,41.90993,Ludovisi
315,119.93547331260372,Private room,False,True,2.0,True,1,0,10.0,97.0,1,4.899335666776655,0.9221078249828012,223.5502381700957,4.952854631941983,624.6859020809792,13.610390325322957,12.472,41.863,
2201,182.59182194374955,Private room,False,True,2.0,False,0,1,10.0,100.0,1,1.1036332522776926,0.8150106215631694,444.2604877543779,9.842788057728926,1194.416771052592,26.02344379948937,12.497,41.91,Ludovisi
326,299.72178710869,Entire home/apt,False,False,6.0,False,0,1,9.0,80.0,2,2.7836444387952,1.2501440518906866,753.7239815171479,16.699088954772286,1906.1861295766823,41.53117137721499,12.46871,41.90046,Ponte
1808,150.79606293689943,Private room,False,True,3.0,False,0,1,10.0,94.0,1,3.0837330594364083,0.9262279962960412,462.93953728037707,10.256630680856556,1248.2623013999223,27.19660727710245,12.475,41.882,Testaccio
3712,242.6764547728708,Entire home/apt,False,False,2.0,False,0,1,9.0,91.0,1,2.465494239976538,1.4967314629894757,768.7595206822581,17.03220799059724,2174.0956003809333,47.36826880065561,12.474,41.894,Regola
2152,87.67212961447642,Private room,False,True,4.0,False,0,1,9.0,91.0,1,3.543037276406407,0.2057625628732467,202.950485811364,4.49645798606066,570.7740206123476,12.435781217743797,12.523,41.873000000000005,
4371,346.7140485820494,Private room,False,True,2.0,False,0,0,10.0,93.0,1,2.138241127779117,1.258252896700368,1017.406404550308,22.541089933933726,1986.7564232671696,43.28660261409807,12.47735,41.89592,Pigna
2978,180.4876908330021,Private room,False,True,3.0,True,1,0,10.0,100.0,1,2.2624893435373536,0.2394944124773113,220.34423573144687,4.881824226614491,665.7190428227726,14.504402916145478,12.52308,41.91401,
4279,143.31470787646413,Private room,False,True,2.0,True,0,1,10.0,98.0,1,2.775924313026352,0.2888100927193548,457.0151820921814,10.12537396525065,1088.0838057088897,23.70670644723643,12.473,41.913,
4484,170.90220466181935,Entire home/apt,False,False,4.0,False,0,1,8.0,75.0,1,1.0881108936003827,0.992834112480063,318.2812990636308,7.0516632826325045,899.325035052772,19.594110761309068,12.51492,41.89836,
4279,143.31470787646413,Private room,False,True,2.0,True,0,1,10.0,98.0,1,2.775924313026352,0.2888100927193548,457.0151820921814,10.12537396525065,1088.0838057088897,23.70670644723643,12.473,41.913,
517,161.5505108362752,Entire home/apt,False,False,2.0,True,0,0,10.0,100.0,1,3.285571399428583,0.6326001289271292,312.92500891167697,6.93299229974165,767.1303985959124,16.713910335625712,12.489,41.873000000000005,
3997,126.94924368176184,Private room,False,True,2.0,False,1,0,10.0,98.0,1,5.786468853834068,0.5498757076566774,233.0958283983822,5.1643414152430855,561.4797125202722,12.2332807923051,12.43314,41.89398,
2581,182.59182194374955,Private room,False,True,3.0,False,0,1,10.0,100.0,1,0.9073722944953986,0.6421309346266464,446.0391884585295,9.882195960370892,1320.1893349289612,28.763722843520195,12.49834,41.9085,Sallustiano
1917,141.21057676571667,Private room,False,True,2.0,False,0,1,8.0,100.0,1,2.5936772604043896,1.5621291319407675,770.8797379791154,17.079182344753253,2329.614530229322,50.75664899486513,12.472,41.895,Regola
4325,323.8023987094662,Entire home/apt,False,False,6.0,False,0,1,8.0,85.0,2,2.661564605941728,1.2654969693557112,842.4548742410776,18.664961219644024,2096.2755696366307,45.67275912126272,12.47019,41.90018,Ponte
201,119.70168096696511,Private room,False,True,3.0,False,1,0,10.0,89.0,1,1.798491007809959,0.3024820258325397,246.95271825478088,5.471346953109494,734.0402547867996,15.992956378344452,12.51967,41.9105,
3784,279.8494377294087,Entire home/apt,False,False,6.0,False,0,0,9.0,95.0,2,4.0093458490043785,0.229993747361756,545.8792857836027,12.09419757816284,1285.4143137168426,28.0060594951212,12.45512,41.90882,
549,221.40135131975777,Entire home/apt,False,False,4.0,True,1,0,10.0,99.0,2,4.483214200456791,0.2323480507415074,428.8220833582127,9.500743364109946,887.9068400036481,19.34533599160232,12.44935,41.90907,
3687,393.0049330184929,Entire home/apt,False,False,6.0,False,1,0,10.0,100.0,2,5.438642842856704,0.1280887631776731,195.9738302909549,4.341887090084117,538.4076327016462,11.730596145665196,12.47896,41.85511,San Paolo
8,265.1205199541767,Entire home/apt,False,False,4.0,False,0,1,10.0,94.0,1,2.5679603711210865,1.47302032097202,839.5064812749043,18.599638266383803,2764.040964975944,60.22174709431525,12.472,41.896,Parione
377,178.61735206789328,Entire home/apt,False,False,2.0,False,0,1,8.0,85.0,1,0.939031759287773,0.1220967974930479,802.6124686259244,17.782235060128258,1749.2946399343969,38.1128864349112,12.493,41.896,Monti
2502,235.8964767493512,Entire home/apt,False,False,4.0,False,1,0,10.0,95.0,2,2.695212297250458,1.42527172341431,825.5123423121478,18.28959191372015,2351.4310590183136,51.23197823052207,12.47,41.898,Parione
3220,225.37582119561404,Entire home/apt,False,False,4.0,False,0,0,9.0,88.0,1,3.739481886049224,1.2413933213568036,351.0976963742987,7.77872511336122,986.5870321637138,21.49533798172609,12.468,41.879,
1807,146.35400836976595,Private room,False,True,2.0,False,0,1,10.0,96.0,1,3.083717812655973,0.9262301107980088,462.9434445788354,10.2567172487861,1248.2865777855843,27.19713620065179,12.475,41.882,Testaccio
2776,242.6764547728708,Entire home/apt,False,False,4.0,False,1,0,10.0,90.0,1,2.8923431752337168,1.7127324341729762,601.4077763475182,13.324455903743212,2929.184721263723,63.81982890691763,12.47,41.891000000000005,Trastevere
1495,167.1615271316017,Entire home/apt,False,False,5.0,False,1,0,9.0,95.0,2,1.1887166151084023,0.9156008535601609,323.59113512112594,7.16930505446639,885.733083123185,19.297975102686944,12.515,41.896,
616,172.7725434269282,Private room,False,True,4.0,False,0,0,10.0,100.0,1,8.499255644352013,1.2682485746441785,130.89804135036667,2.9001041364178795,320.94197320476684,6.992546994489348,12.40079,41.91133,
835,164.82360367521565,Private room,False,True,2.0,False,0,1,10.0,98.0,1,2.5739961818460526,0.7802509326981151,633.5646212605986,14.036905058707683,1565.5856266086942,34.110312710558695,12.472,41.906000000000006,Prati
3097,304.1638416758235,Entire home/apt,False,False,3.0,False,0,1,9.0,71.0,1,2.4304608739705587,0.9603313652383212,860.3745386357027,19.061979328532075,1949.442919620176,42.47363189177319,12.473,41.902,Ponte
1170,207.37381058144155,Entire home/apt,False,False,3.0,True,0,0,10.0,95.0,1,3.103670765366022,1.81914376266542,574.3156465096108,12.724217756581163,1577.4701847710355,34.36924840111074,12.466,41.894,Trastevere
1841,195.91798564515,Entire home/apt,False,False,2.0,False,1,0,10.0,98.0,1,4.002323046765423,0.8449169508140277,290.2569833248253,6.4307721435752665,805.0608899319614,17.540323722889866,12.47335,41.87203,
1323,236.1302690949898,Entire home/apt,False,False,4.0,False,0,1,9.0,91.0,1,2.593689084608464,1.5621369890897965,770.8752245045797,17.079082346723983,2329.568321294401,50.755642214275554,12.472,41.895,Regola
163,172.7725434269282,Entire home/apt,False,False,2.0,True,0,1,10.0,95.0,1,2.353794512780182,0.731299755741188,333.4518029693113,7.38777252211796,780.294627651697,17.000726950478594,12.50581,41.87985,
1741,184.4621607088584,Entire home/apt,False,False,5.0,False,1,0,10.0,100.0,2,2.1697982712446136,0.2525226877654328,282.4848493911028,6.258577070696743,753.0409900497041,16.406936304151607,12.51671,41.8846,
3985,104.03759380917867,Private room,False,True,3.0,False,0,1,10.0,96.0,1,3.0371516892548907,0.935828788789184,259.96520695572093,5.759644409033051,656.2186426021624,14.297412243203208,12.509,41.874,
1843,246.65092464872697,Entire home/apt,False,False,6.0,False,0,1,9.0,88.0,2,2.8157151544769934,1.6385486384754755,617.3079070124093,13.676730347540351,2586.9944149787866,56.36433228283013,12.470999999999998,41.891000000000005,Trastevere
797,207.60760292708017,Private room,False,True,3.0,False,0,1,9.0,75.0,1,3.4598507853161604,0.3455560718972564,488.10199798305695,10.814116152858157,1270.9029757743417,27.689892645697885,12.462,41.909,Prati
1155,103.80380146354008,Private room,False,True,3.0,False,0,1,10.0,60.0,1,3.083200780930678,0.8392025016165884,184.094141402712,4.078687316208705,514.322912976465,11.205848532114558,12.53839,41.9073,
1387,382.7180698103944,Entire home/apt,False,False,4.0,True,0,0,10.0,99.0,1,2.8157199310925365,1.638548267214497,617.3072034094632,13.67671475890516,2587.026680512398,56.36503527053169,12.470999999999998,41.891000000000005,Trastevere
1386,195.91798564515,Entire home/apt,False,False,2.0,True,0,0,10.0,98.0,1,1.1154512863016883,0.8342311212405492,331.70229813632216,7.349011466944841,974.1211423818348,21.22373648548833,12.514,41.896,
3680,115.72721109110888,Private room,False,True,2.0,False,0,1,10.0,92.0,1,0.3357486692559028,0.4512370272369407,418.7900815714011,9.27847991709159,1108.5238283946253,24.15204495429186,12.505999999999998,41.902,Castro Pretorio
637,266.0556893367311,Entire home/apt,False,False,4.0,False,0,1,10.0,100.0,1,2.203032420311424,0.4947103969995503,691.7138602628704,15.325227227781664,1625.9167320320669,35.42478113514604,12.477,41.907,Campo Marzio
2406,171.13599700745797,Private room,False,True,3.0,False,1,0,9.0,87.0,1,1.4879418879718649,1.2980740014903325,275.4000509995988,6.101610221468714,747.7837517716277,16.292393836073668,12.52,41.899,
2571,69.43632665466532,Private room,False,True,2.0,False,1,0,8.0,84.0,1,6.274861158680255,0.5020790833442744,111.67165483860164,2.474135019722747,325.84852494473733,7.099448853663583,12.57192,41.87895,
362,2286.489140345545,Entire home/apt,False,False,5.0,False,0,0,10.0,93.0,2,4.716154744017191,1.1181582261540934,236.0244824171573,5.229227043372942,660.0149789772626,14.380125202946996,12.4699,41.86597,
1663,357.23470413578656,Entire home/apt,False,False,2.0,False,0,0,10.0,98.0,1,1.4791379749724505,0.2554252872347468,726.2692831350669,16.090817940778575,1517.7229787492772,33.06750172795115,12.48599,41.90633,Ludovisi
306,184.4621607088584,Entire home/apt,False,False,4.0,False,1,0,10.0,96.0,1,4.200570272055203,1.607199336560158,301.3499861913262,6.676542539881847,807.6002817811177,17.59565091074672,12.463,41.877,Monteverde
247,136.06714516166738,Private room,False,True,2.0,False,1,0,10.0,96.0,1,1.4284703194267117,0.676217614096222,316.707527073985,7.01679566651032,903.537290574842,19.68588559025012,12.50618,41.91339,
948,115.25962639983166,Private room,False,True,2.0,False,0,1,9.0,90.0,1,3.931173777456358,1.5915138878172557,338.3129103162787,7.495472510437702,911.7637607888328,19.86512041888812,12.464,41.88,Monteverde
2115,151.49743997381523,Private room,False,True,3.0,False,0,1,10.0,89.0,1,3.083728953591537,0.9262171747245328,462.9385006934372,10.256607714813358,1248.258593706741,27.19652649546286,12.475,41.882,Testaccio
1398,484.1839478175484,Entire home/apt,False,False,4.0,True,1,0,10.0,98.0,1,2.02230601379496,0.3400729586427063,642.0963910923181,14.225930201671485,1425.741719273307,31.063453229477933,12.48033,41.90883,Campo Marzio
1718,668.4123161807682,Entire home/apt,False,False,6.0,True,0,0,10.0,99.0,2,1.9677483465021528,0.2494747950164944,746.1449183077716,16.531171449384622,1949.842554433293,42.48233896484142,12.48,41.907,Campo Marzio
2468,196.3855703364272,Entire home/apt,False,False,2.0,True,1,0,10.0,98.0,1,2.5936935649953483,1.5621364686326675,770.8757823483415,17.079094705999832,2329.571210097287,50.75570515428224,12.472,41.895,Regola
999,429.9441236293923,Entire home/apt,False,False,3.0,False,0,1,10.0,95.0,1,3.01538282093466,1.319853159756582,657.3767222098107,14.564472711723727,1605.0678312295026,34.970534165858666,12.466,41.899,Ponte
1794,271.9004979776962,Entire home/apt,False,False,6.0,False,0,1,9.0,92.0,2,4.190244485116191,0.445537524761065,399.7605913414853,8.85687312480976,1005.3433850211594,21.903993407787283,12.454,41.912,
3048,150.32847824562222,Private room,False,True,2.0,False,0,1,10.0,90.0,1,5.818160984701139,0.5642965700161664,230.854744132544,5.114689199806019,556.7286160278161,12.12976592584151,12.43278,41.89384,
276,126.71545133612324,Private room,False,True,3.0,False,1,0,9.0,90.0,1,1.3764446973281226,0.1796558075841721,428.8215283693012,9.500731068084573,973.2594164908212,21.204961568860536,12.507,41.889,Esquilino
3915,150.09468589998363,Private room,False,True,2.0,False,1,0,8.0,88.0,1,5.603560590275509,0.8726650526515268,135.6600289699715,3.005608083235706,380.7386252625197,8.295370976817734,12.53995,41.85903,
3399,180.4876908330021,Entire home/apt,False,False,4.0,True,1,0,10.0,97.0,1,0.886389218122063,0.1610599159330366,499.4868681563186,11.06635299873793,1260.9277513963605,27.472556706284607,12.504,41.893,Esquilino
4407,209.4779416921889,Entire home/apt,False,False,3.0,False,1,0,9.0,86.0,1,2.497357924754055,1.5526100141019747,775.9924639893908,17.192457056107287,2224.1008841396347,48.45776262149781,12.47343,41.8944,Regola
294,177.68218268533886,Entire home/apt,False,False,5.0,False,0,1,9.0,87.0,2,4.369520149861427,1.2944444773490666,266.9410413764696,5.914197113182604,736.2879091817068,16.04192731482502,12.468,41.871,
2073,294.81214785027936,Private room,False,True,3.0,False,1,0,10.0,95.0,1,1.9191834742426443,0.1994012001992794,762.7310710669971,16.8986450168121,1723.4316413612607,37.54939443934825,12.48064,41.90703,Campo Marzio
2237,93.75073060108012,Private room,False,True,2.0,False,0,1,8.0,80.0,1,0.2441998981213286,0.3342060134243599,552.9166227037723,12.250112897452627,1331.6335592017165,29.01306472686326,12.50188,41.89869,Esquilino
4207,190.77455404110069,Private room,False,True,2.0,False,1,0,10.0,93.0,1,4.00037424056238,1.3601800922510563,317.21405708316763,7.028018063420892,866.0445850485227,18.869010493716488,12.46601,41.87713,
3843,254.3660720548009,Entire home/apt,False,False,4.0,True,0,1,10.0,98.0,2,2.344301203158462,0.593535164870306,635.6111726878482,14.082247312864656,1583.3325805152722,34.49697578227106,12.47541,41.90746,Campo Marzio
4242,155.93949454094871,Entire home/apt,False,False,5.0,False,0,1,8.0,79.0,1,3.922293548466293,1.039995306904507,688.8851174848369,15.262555177483533,1074.611425706595,23.413175970829844,12.455,41.9,
1916,122.50718911462836,Private room,False,True,2.0,False,0,1,10.0,100.0,1,2.593664489773788,1.5621278414610145,770.8799468854546,17.079186973165815,2329.622496288031,50.75682255595883,12.472,41.895,Regola
2328,290.3700932831459,Entire home/apt,False,False,4.0,False,0,1,7.0,80.0,1,2.593673234924186,1.562123988752448,770.8828752722281,17.079251852873007,2329.6446576658936,50.7573053986192,12.472,41.895,Regola
3386,332.21892315245594,Entire home/apt,False,False,6.0,False,0,1,8.0,60.0,1,1.8285369160067704,0.2425053119543846,904.2152804435516,20.03329039895716,1799.6140351558772,39.20922398249645,12.48088,41.90489,Campo Marzio
4035,159.44637972552778,Private room,False,True,2.0,False,1,0,10.0,95.0,1,1.1122812718082078,0.5157585304859379,627.1264789373381,13.894265161350026,1145.2613972075287,24.9524674537934,12.5,41.891000000000005,Monti
1119,288.2659621723985,Entire home/apt,False,False,6.0,True,1,0,10.0,100.0,2,0.9477145257785352,0.6868105969985396,471.73943027326567,10.45159621132161,1227.7844418365312,26.75044439627475,12.49668,41.90832,Sallustiano
1986,528.1369087976059,Entire home/apt,False,False,6.0,True,1,0,10.0,95.0,2,2.7106386484282186,1.5008208609332991,784.8610823187267,17.388945226868955,2343.0061003588303,51.048418820187536,12.47,41.897,Parione
2326,295.7473172328338,Private room,False,True,3.0,False,0,1,10.0,90.0,1,0.2424666608123478,0.1783498902093919,585.9555202822594,12.982104320254685,1459.3958955340647,31.79669608554412,12.49948,41.90017,Castro Pretorio
4281,254.3660720548009,Private room,False,True,4.0,False,0,1,8.0,80.0,1,2.132765557835574,0.1044189145014019,228.7761285241804,5.068636549501629,685.8534590801887,14.943083000525606,12.521,41.914,
802,150.32847824562222,Private room,False,True,2.0,False,0,1,10.0,97.0,1,4.668023684081397,0.3424222239798442,392.5440899977835,8.69698833828865,777.6249299877943,16.94256071503887,12.446,41.901,
1360,242.20887008159352,Entire home/apt,False,False,6.0,True,0,0,10.0,94.0,2,4.325932930628161,0.2957053478461563,536.1104897919375,11.877765572221517,991.0060677702415,21.591618047061303,12.451,41.908,
310,251.09297921586045,Entire home/apt,False,False,4.0,True,1,0,10.0,99.0,2,2.413348595040619,0.1100968721154483,282.42161479571644,6.257176080202517,747.2871559067651,16.281574216914333,12.514,41.881,
3314,80.8921515909569,Private room,False,True,2.0,False,1,0,9.0,92.0,1,2.6636683344834373,0.6289383575987358,201.0197786416192,4.453682312785296,561.54836931514,12.234776657304652,12.526,41.917,
1246,111.518948869614,Private room,False,True,3.0,False,1,0,10.0,97.0,1,3.939135379149305,1.0064064087338795,723.414784841809,16.0275752656226,1059.8654116786695,23.091896098826687,12.45479,41.90026,
2340,196.3855703364272,Entire home/apt,False,False,4.0,True,0,0,10.0,98.0,1,4.548172622165762,1.793378593674101,267.99355109395844,5.937515932576849,718.9028925983421,15.66314997932957,12.46078,41.87411,Monteverde
1828,274.47221377972085,Entire home/apt,False,False,3.0,True,0,0,10.0,100.0,1,1.4299418385203793,0.4710196375324911,519.0827305152907,11.500508016625606,1010.236299376832,22.010598141441807,12.502,41.888000000000005,Celio
1736,357.23470413578656,Entire home/apt,False,False,4.0,False,1,0,10.0,97.0,2,2.630365853923054,0.9226439825627232,354.50976663268403,7.854321042589872,812.9814052887538,17.71289253743258,12.4828,41.91957,
4516,681.7384798821686,Entire home/apt,False,False,6.0,True,1,0,10.0,100.0,3,1.285198236514768,0.4667501954969114,570.459175865116,12.638775939784704,1371.912667155002,29.89064877249932,12.49005,41.908,Ludovisi
2279,237.06543847754423,Entire home/apt,False,False,4.0,False,0,0,9.0,90.0,1,1.4415615572570455,0.4098142258906786,917.9516640806236,20.337626068111028,1461.8784255111786,31.85078439115543,12.49551,41.88891,Celio
1642,253.6646950178851,Entire home/apt,False,False,5.0,False,0,1,10.0,100.0,1,3.9248431953067233,2.1195096964883104,367.2899329395393,8.137471292878287,978.5246620614976,21.31967849641862,12.46,41.885,Monteverde
1401,178.8511444135319,Entire home/apt,False,False,2.0,False,0,0,9.0,89.0,1,2.413136593630037,1.4035039762278647,890.4417485700308,19.72813169415604,2296.9167784597,50.04424430818566,12.474,41.89572,Sant'Eustachio
2021,272.8356673602506,Entire home/apt,False,False,6.0,True,1,0,10.0,95.0,1,9.336168166542397,0.9120157688660512,100.99461432095728,2.2375804536613577,269.7747421140909,5.877737160154678,12.46933,41.82051,
1053,152.19881701073106,Private room,False,True,2.0,False,1,0,10.0,95.0,1,0.32882374044415,0.3762680022277151,426.3222068930067,9.44535749276698,1136.622712970419,24.76425148161824,12.505,41.903,Castro Pretorio
4068,327.07549154840666,Entire home/apt,False,False,4.0,True,0,1,10.0,99.0,1,0.1920812596441793,0.2869519008383774,462.7043332170463,10.251419630561752,1214.141451696337,26.453196738861628,12.504,41.902,Castro Pretorio
1917,141.21057676571667,Private room,False,True,2.0,False,0,1,8.0,100.0,1,2.5936772604043896,1.5621291319407675,770.8797379791154,17.079182344753253,2329.614530229322,50.75664899486513,12.472,41.895,Regola
3320,300.4231641456058,Entire home/apt,False,False,4.0,True,0,1,10.0,100.0,1,2.972634984990984,1.755306791864625,579.5940498080937,12.841163121704223,3803.5265777405566,82.86961681596921,12.46918,41.89059,Trastevere
1603,228.1813293432773,Entire home/apt,False,False,5.0,False,0,1,9.0,91.0,1,3.181834780143736,1.7554680650221537,505.5354751269632,11.200362567667842,1757.6294555877678,38.29448184782847,12.468,41.888000000000005,Trastevere
1960,71.77425011105136,Private room,False,True,2.0,False,1,0,10.0,95.0,1,3.339929508505364,0.3130008568917858,203.7964317421908,4.515200293186632,594.0046230916242,12.941919688585072,12.52605,41.87663,
1550,357.23470413578656,Private room,False,True,3.0,False,1,0,10.0,100.0,1,3.008369425662944,1.910833253853316,577.2886023296373,12.790084910757818,2336.771214463454,50.91257578229084,12.468,41.892,Trastevere
402,286.8632080985668,Entire home/apt,False,False,4.0,False,0,0,10.0,94.0,1,2.5800554972275984,1.559942835578898,699.4322506188041,15.496231587868436,1991.7318172279645,43.39500437825361,12.473,41.893,Regola
2714,369.8594908002712,Entire home/apt,False,False,4.0,False,0,0,8.0,100.0,1,1.8159716269003283,1.0459429649593806,293.3123681671313,6.498465549283323,781.9716110978392,17.03726435142692,12.50538,41.91705,
4301,223.2716900848666,Entire home/apt,False,False,2.0,True,1,0,10.0,96.0,1,2.220359980712077,1.1969873080414144,1150.9030748439277,25.498767846625093,2110.085126585648,45.97363586535087,12.476,41.897,Sant'Eustachio
2017,69.43632665466532,Private room,False,True,2.0,False,0,0,9.0,89.0,1,5.741838927877256,0.2385476963944261,127.77502856439108,2.830912403636705,409.7609388882837,8.927696782914415,12.5511,41.86428,
2590,203.39934070558527,Private room,False,True,5.0,False,0,1,10.0,93.0,2,4.111038542168518,0.3904553038111887,404.9435988117853,8.971704953068125,995.9911076057384,21.700229971425813,12.455,41.912,
3116,138.63886096369205,Entire home/apt,False,False,2.0,True,0,0,9.0,96.0,1,7.807795383158989,0.2729438194701248,128.02932612781984,2.836546478890793,343.82668510924765,7.4911493488324945,12.463,41.837,
2627,92.34797652724848,Private room,False,True,2.0,False,1,0,9.0,83.0,1,1.507420134454748,0.2969691704887253,410.2619430046114,9.089535226412131,927.3154372322676,20.2039537203972,12.508,41.888000000000005,Esquilino
98,132.56025997708835,Private room,False,True,2.0,False,0,1,9.0,88.0,1,1.0385526086447463,0.7358924486987644,438.2188178566298,9.70893218272441,1223.9777144851832,26.66750504236692,12.4978,41.90961,Ludovisi
1599,138.17127627241484,Entire home/apt,False,False,5.0,False,0,1,8.0,84.0,1,2.892354260093287,1.712740465550322,601.4049794002833,13.324393936137271,2929.2602664773817,63.82147485385141,12.47,41.891000000000005,Trastevere
1988,168.79807355107192,Entire home/apt,False,False,4.0,False,0,0,10.0,91.0,1,4.1607886037025015,1.3535657659821656,295.570024472166,6.548484925595576,838.1826658630707,18.26196686737025,12.466,41.875,
2441,263.4839735347065,Entire home/apt,False,False,4.0,True,0,0,10.0,100.0,2,4.190263813275442,0.4455591504366132,399.7558815262133,8.856768776764433,1005.3627084128776,21.90441441761449,12.454,41.912,
621,103.80380146354008,Private room,False,True,2.0,False,0,0,10.0,100.0,1,3.2703090233938337,0.2795863041439481,207.9459856997052,4.607135500714037,601.8494245167585,13.112838880238106,12.5251,41.87689,
449,133.49542935964274,Private room,False,True,3.0,False,1,0,10.0,93.0,1,1.4595953594452074,0.9852011429126952,377.4091004815148,8.361665935845007,971.081370666804,21.15750723427004,12.49904,41.913790000000006,
2627,92.34797652724848,Private room,False,True,2.0,False,1,0,9.0,83.0,1,1.507420134454748,0.2969691704887253,410.2619430046114,9.089535226412131,927.3154372322676,20.2039537203972,12.508,41.888000000000005,Esquilino
1406,297.383863652304,Entire home/apt,False,False,5.0,False,1,0,9.0,94.0,2,1.9147645349677744,0.2464583623780221,836.1834283066777,18.52601455468216,1874.6155703649688,40.84332548181581,12.48011,41.90573,Campo Marzio
1087,219.0634278633717,Entire home/apt,False,False,4.0,True,0,0,9.0,95.0,1,3.241244564134976,0.4387621517370725,385.8060041513575,8.547703059202966,1119.361215153231,24.38816532038264,12.478,41.878,Testaccio
455,112.92170294344562,Private room,False,True,2.0,False,1,0,10.0,94.0,1,3.879550580583992,1.020580299056158,718.168439546765,15.91134015977782,1139.786266252802,24.83317763289644,12.45551,41.90018,Trastevere
764,244.3130011923409,Entire home/apt,False,False,4.0,False,0,1,10.0,97.0,1,3.4598658933044217,0.3455421830853366,488.10014476267537,10.814075093939024,1270.8982928495927,27.689790616128327,12.462,41.909,Prati
3554,202.46417132303088,Entire home/apt,False,False,3.0,False,0,0,8.0,90.0,1,3.624097972166704,0.7703030386177393,268.1599580899198,5.941202753344661,676.7933366271543,14.74568491202987,12.49199,41.86916,
1920,161.5505108362752,Entire home/apt,False,False,4.0,True,0,0,10.0,99.0,2,5.401013552957839,0.4543994803925473,273.27216216421704,6.05446590097571,640.3940634106441,13.952633052872407,12.43717,41.90129,
398,139.57403034624645,Private room,False,True,2.0,True,1,0,10.0,100.0,1,4.284996070142395,2.100392245913574,311.3503721014838,6.898105523136842,818.2901329858836,17.828556835038935,12.458,41.881,Monteverde
2584,157.10845626914173,Private room,False,True,2.0,False,0,1,10.0,100.0,1,0.5319583029136876,0.4063853879142201,502.85123305010137,11.14089199446486,1343.302932147447,29.26731205358229,12.499,41.905,Castro Pretorio
1107,161.5505108362752,Private room,False,True,2.0,True,0,1,10.0,94.0,1,4.681336773748323,1.7004440098869698,250.3975944158645,5.547669711656089,678.7494834378648,14.788304605444935,12.46293,41.87066,
1129,101.46587800715405,Private room,False,True,2.0,False,0,1,9.0,92.0,1,2.55967545191105,0.8243875644029133,310.6622935305305,6.882860837355327,741.55250038304,16.156629985262615,12.505999999999998,41.878,
3703,208.0751876183573,Entire home/apt,False,False,3.0,True,1,0,10.0,96.0,1,3.060695060681896,0.6843956465368809,597.0133229562622,13.22709484069136,1389.9186548114792,30.282955561209008,12.46587,41.90541,Borgo
3936,298.3190330348584,Private room,False,True,2.0,False,0,1,10.0,96.0,1,2.239826873256721,0.5200920029272225,645.0956246268971,14.292379550263604,1616.5111207024402,35.21985568218152,12.477,41.908,Campo Marzio
4291,230.98683749094053,Entire home/apt,False,False,6.0,False,0,1,10.0,95.0,3,2.892345149642323,1.712729500631576,601.407519013767,13.324450202399872,2929.189477296001,63.81993252932288,12.47,41.891000000000005,Trastevere
3325,228.8827063801931,Entire home/apt,False,False,6.0,False,1,0,9.0,93.0,2,2.1242509600504897,0.4124609716103493,831.6489217777784,18.425550552276835,1641.6669464983354,35.76794009852164,12.478,41.907,Campo Marzio
1232,149.860893554345,Private room,False,True,2.0,False,1,0,8.0,83.0,1,6.633919261220388,0.2185815539054324,114.05593716181596,2.526959851604179,360.65774019315,7.857857207159072,12.55792,41.85803,Appio Claudio
3261,184.9297454001356,Private room,False,True,2.0,True,1,0,10.0,97.0,1,2.8290229058921823,1.6014270438684757,620.8863043762765,13.756011327527828,2690.571939112069,58.62103525577762,12.47114,41.89046,Trastevere
3520,155.93949454094871,Entire home/apt,False,False,2.0,False,0,0,10.0,100.0,1,5.083627741223331,0.908631980061274,291.7126370600177,6.463022797405326,672.6438450255923,14.655277556652116,12.44165,41.8942,
4361,205.97105650760992,Private room,False,True,2.0,True,1,0,10.0,100.0,1,1.1971359275683016,0.5334367482066565,762.044838173144,16.88344122282497,1208.429343476606,26.32874375826444,12.49801,41.89057,Monti
4340,111.0513641783368,Private room,False,True,2.0,False,0,1,9.0,93.0,1,4.14322073520528,0.4597644750120555,1123.9847891593558,24.90238129374955,1172.1004802959308,25.537225962973853,12.453,41.907,
2224,470.6239917705094,Entire home/apt,False,False,5.0,True,0,0,9.0,97.0,1,1.852998413179231,0.1669012085148426,888.4737719438131,19.68453029955005,2345.273866108445,51.09782793429727,12.481,41.906000000000006,Campo Marzio
4221,242.6764547728708,Entire home/apt,False,False,4.0,False,1,0,10.0,98.0,1,1.455990629742152,0.4788813404110791,584.4894349111379,12.949622548906014,1391.293450274952,30.31290901911964,12.48799,41.90851,Ludovisi
992,129.28716713814788,Private room,False,True,2.0,False,1,0,9.0,91.0,1,0.6418368258323706,0.3994800058186997,684.0928144350371,15.156379578870164,1526.99708516568,33.26956200788598,12.49513,41.89861,Monti
2735,212.75103453112945,Private room,False,True,2.0,True,1,0,10.0,91.0,1,0.8754505994797445,0.4640234868865097,748.7589622561171,16.58908675192978,1783.943171866545,38.86779388876121,12.492,41.899,Monti
1173,103.80380146354008,Private room,False,True,2.0,True,1,0,10.0,97.0,1,8.136871148406177,0.2945025395759318,120.8707013998255,2.6779439744488003,342.3177647091772,7.458273633938997,12.46657,41.83265,
2129,189.37179996726903,Entire home/apt,False,False,3.0,False,1,0,8.0,80.0,1,7.511423815863772,2.080489666418503,148.94665099112342,3.299979084398556,367.32547356806896,8.00313094155186,12.41752,41.92468,
2666,120.16926565824234,Private room,False,True,2.0,False,0,1,10.0,88.0,1,4.689042461564993,0.8424368089306707,309.87785922314936,6.8654813475164005,730.1628994477028,15.90847821192628,12.449000000000002,41.915,
2585,173.473920463844,Private room,False,True,3.0,False,0,1,10.0,92.0,1,0.5319806745610473,0.4064072466010675,502.8501417627127,11.14086781650897,1343.1977926984189,29.26502132005509,12.499,41.905,Castro Pretorio
4419,299.25420241741284,Entire home/apt,False,False,4.0,False,0,1,10.0,93.0,1,2.261274709540971,0.8937994686998488,1076.740682970618,23.85566717667128,2318.0573912917093,50.50484697490453,12.475,41.901,Sant'Eustachio
25,140.74299207443948,Private room,False,True,4.0,False,0,1,9.0,89.0,1,4.442630910000883,0.3043441531131768,513.8561245094993,11.384710243485133,879.9324863291349,19.17159417072763,12.449000000000002,41.905,
4190,91.17901479905548,Private room,False,True,2.0,False,0,1,9.0,93.0,1,1.4024887837815372,0.2143368976357191,409.2829046855372,9.067844198421431,1107.5145993560218,24.130056301919065,12.508,41.889,Esquilino
393,97.95899282257498,Private room,False,True,2.0,True,0,0,10.0,100.0,1,3.4021702299347925,0.6597796839157898,179.5424089835359,3.9778416665676457,517.6118996349363,11.277507572357749,12.52292,41.92732,
142,207.60760292708017,Private room,False,True,2.0,False,1,0,10.0,97.0,1,2.847829181073246,0.6305742265696044,193.68941429143533,4.291274840877323,539.4931150994846,11.754246173745925,12.53545,41.90735,
960,422.2289762233184,Entire home/apt,False,False,4.0,True,0,1,10.0,99.0,1,2.4781115251729697,0.3281900187642004,573.5211505965065,12.706615347406885,1377.9226346057026,30.021591383136176,12.475,41.91,Campo Marzio
935,256.0026184742711,Entire home/apt,False,False,3.0,False,1,0,10.0,94.0,1,2.303718827122588,0.6288796920644754,712.0058874595082,15.774806086274712,1597.905947073612,34.81449408475278,12.47536,41.90603,Campo Marzio
2351,161.7843031819138,Entire home/apt,False,False,4.0,True,1,0,10.0,97.0,1,1.1659186754771662,0.2674479188753845,391.1710228552584,8.666567427031788,936.7293761989706,20.409060612370865,12.50929,41.89179,Esquilino
3950,147.9905547892362,Entire home/apt,False,False,4.0,False,0,0,10.0,94.0,1,4.442632105254657,0.304339246548833,513.8566206238202,11.384721235117851,879.9329319630124,19.17160388000872,12.449000000000002,41.905,
1869,245.481962920534,Private room,False,True,4.0,True,1,0,10.0,100.0,2,2.643476849276926,1.2853107681073612,880.1941707989723,19.501092065636584,2545.4497713037067,55.459175283991705,12.47044,41.8996,Ponte
2723,275.17359081663665,Entire home/apt,False,False,5.0,False,0,0,5.0,60.0,2,1.1299565585017373,0.6376408394721613,384.03575146420656,8.508482326122861,1250.289314897023,27.240770983692165,12.501,41.911,
2127,87.67212961447642,Private room,False,True,3.0,False,0,1,10.0,98.0,1,1.6854754061942387,0.3659796912416113,333.15492486189754,7.38119505603489,819.6719304543268,17.85866284965109,12.513,41.888000000000005,Esquilino
3106,145.41883898721156,Private room,False,True,2.0,False,0,1,10.0,97.0,1,0.8284438624063101,0.4282707573592077,549.7951318980975,12.180954884819748,1310.72442135394,28.557505338495105,12.495,41.906000000000006,Sallustiano
3839,554.7892362004068,Entire home/apt,False,False,4.0,False,1,0,10.0,91.0,2,2.123165175263828,0.7515605561663861,1029.9783073479796,22.81962601384787,2056.130141099653,44.79808762580323,12.47668,41.90155,Campo Marzio
3887,198.7234937928132,Private room,False,True,3.0,True,1,0,10.0,95.0,1,2.738404892011808,1.2078107016050168,321.5034470384291,7.123051399471097,765.6008370565041,16.680584900381216,12.48466,41.92173,
1787,146.35400836976595,Private room,False,True,2.0,False,0,1,10.0,94.0,1,3.0837165243795948,0.926207145301983,462.9395306665829,10.256630534325014,1248.2678049374815,27.196727185834348,12.475,41.882,Testaccio
2583,166.4601500946859,Private room,False,True,3.0,False,0,1,10.0,96.0,1,0.5319760776123122,0.4064017300495542,502.8521140572077,11.14091151356787,1343.2203404570987,29.26551258101612,12.499,41.905,Castro Pretorio
402,286.8632080985668,Entire home/apt,False,False,4.0,False,0,0,10.0,94.0,1,2.5800554972275984,1.559942835578898,699.4322506188041,15.496231587868436,1991.7318172279645,43.39500437825361,12.473,41.893,Regola
574,133.72922170528136,Entire home/apt,False,False,4.0,True,0,0,10.0,97.0,2,1.828633921574541,0.0497398925783745,368.25189815178487,8.158784058618272,836.3991633649988,18.22310867469441,12.50951,41.88533,
1429,195.91798564515,Entire home/apt,False,False,5.0,False,1,0,10.0,96.0,2,3.4817323917733,0.2469135587624189,321.89188378991173,7.131657387903699,908.2598229525864,19.788778113950368,12.48186,41.87348,
3668,196.3855703364272,Private room,False,True,2.0,False,1,0,10.0,100.0,1,4.5386372839301865,2.1608162974124183,282.722571319984,6.263843905419046,746.3093029078526,16.260269172328485,12.45652,41.87847,Monteverde
2583,166.4601500946859,Private room,False,True,3.0,False,0,1,10.0,96.0,1,0.5319760776123122,0.4064017300495542,502.8521140572077,11.14091151356787,1343.2203404570987,29.26551258101612,12.499,41.905,Castro Pretorio
1566,184.4621607088584,Entire home/apt,False,False,2.0,False,1,0,9.0,80.0,1,3.493604793012808,0.2720991154618274,333.8131470302732,7.395778259981226,1009.5152222447532,21.99488762005888,12.47946,41.87443,
3089,171.13599700745797,Private room,False,True,2.0,True,1,0,10.0,96.0,1,4.274880595469387,0.9438970679667954,434.3287713072399,9.622746476869978,889.3108495197364,19.37592595284648,12.451,41.897,
2145,146.82159306104316,Private room,False,True,2.0,False,0,1,10.0,96.0,1,3.0837024727888505,0.9262175734962992,462.9446864957662,10.256744764006273,1248.2978059720024,27.19738083559438,12.475,41.882,Testaccio
3699,106.37551726556472,Entire home/apt,False,False,3.0,False,1,0,9.0,89.0,1,2.564966655435992,0.2466708482487734,218.20018667875587,4.834321869342782,622.4542106593577,13.561767183304289,12.52975,41.89034,Pigneto
783,253.6646950178851,Entire home/apt,False,False,4.0,True,0,0,10.0,97.0,1,1.24905379684947,0.1437322711423553,1262.843414822879,27.97885570474696,1411.8939944093615,30.76174489911844,12.493,41.892,Monti
3444,169.03186589671054,Private room,False,True,4.0,False,0,1,8.0,100.0,1,2.9974144600640305,0.2489347138580815,454.9336247322653,10.079256139136463,1100.2839700116692,23.97251842993165,12.46924,41.91183,Prati
2077,203.39934070558527,Private room,False,True,2.0,True,1,0,10.0,100.0,1,1.115427575406998,0.8342211212176469,331.7039620579974,7.349048331867213,974.1261600195232,21.22384580764083,12.514,41.896,
3108,97.02382344002056,Private room,False,True,3.0,False,0,1,10.0,93.0,1,0.8591887181883421,0.2402966752676518,433.1691397220616,9.597054325007337,1064.8227175251996,23.199903766853964,12.507,41.894,Esquilino
1655,169.49945058798772,Entire home/apt,False,False,4.0,False,1,0,10.0,95.0,2,4.452204631358826,0.9153503670492716,386.3738121914878,8.560283098055233,822.066726225704,17.9108396397616,12.449000000000002,41.896,
972,171.83737404437375,Entire home/apt,False,False,4.0,True,0,0,9.0,96.0,2,2.9413567458146104,0.5573902743330512,197.90705842485224,4.384718616437886,563.1934940202857,12.270619933575617,12.53461,41.89008,Pigneto
2665,120.16926565824234,Private room,False,True,2.0,False,0,1,9.0,91.0,1,4.689041510861086,0.8424064147762244,309.88031079065985,6.865535663081435,730.1670750977835,15.90856918921146,12.449000000000002,41.915,
1179,241.03990835340048,Entire home/apt,False,False,4.0,False,0,0,10.0,92.0,2,3.9050559333667776,1.1029388678396568,318.3412124148447,7.0529906894897,884.6494480026837,19.27436532229792,12.469,41.876000000000005,
3553,115.49341874547028,Entire home/apt,False,False,2.0,False,0,0,8.0,90.0,1,4.9466354592431285,2.0566710414006564,237.8748347769317,5.270222420210163,645.7256907890987,14.06879627898046,12.45842,41.8707,
3438,80.8921515909569,Private room,False,True,2.0,False,0,1,10.0,100.0,1,4.729627971021138,1.4043947451400498,240.0005880965624,5.317319427404974,663.4946612363134,14.455939037701416,12.46648,41.86773,
2654,188.20283823907604,Entire home/apt,False,False,2.0,False,0,1,8.0,86.0,1,2.4304593791215647,0.9603384220353236,860.3868145586958,19.062251307048207,1949.4945244722285,42.47475623630662,12.473,41.902,Ponte
3434,265.8218969910925,Entire home/apt,False,False,6.0,False,0,1,10.0,100.0,2,7.105921027642245,0.4900349374645384,112.35136747137652,2.489194354435094,334.98059078488734,7.298414414030716,12.55899,41.85298,Appio Claudio
620,247.81988637692,Entire home/apt,False,False,6.0,False,0,1,10.0,99.0,2,1.3459732182371107,0.6473403467069481,652.6940887280135,14.460726891008658,1161.2888286595023,25.301666302762204,12.499,41.889,Monti
2128,111.0513641783368,Private room,False,True,2.0,False,0,1,10.0,90.0,1,1.4767570206268927,0.2828748490194933,432.0364267264279,9.571958566429718,956.6656467483356,20.84342358247184,12.50695,41.88805,Esquilino
2125,104.03759380917867,Private room,False,True,2.0,False,0,1,10.0,96.0,1,1.685466772978765,0.3659702498877819,333.1568395053897,7.381237475810266,819.6742974026363,17.85871441971256,12.513,41.888000000000005,Esquilino
494,187.73525354779883,Private room,False,True,4.0,False,1,0,10.0,100.0,1,4.018076199415535,1.5973156500144987,325.6667417141209,7.215291038701318,873.9435446250003,19.041109660100226,12.46359,41.8791,Monteverde
1926,458.7005821429406,Entire home/apt,False,False,4.0,True,1,0,10.0,97.0,1,2.4526044383228425,0.9654855994438544,832.7418879782119,18.449765702986067,1854.772643629376,40.410996246965865,12.47275,41.90223,Ponte
1848,161.5505108362752,Entire home/apt,False,False,3.0,False,0,0,9.0,93.0,1,2.9693089638448176,1.7876774959477146,579.5751259492646,12.840743855222456,2950.1373280470625,64.27633537793656,12.469,41.891000000000005,Trastevere
3961,208.0751876183573,Entire home/apt,False,False,5.0,True,0,0,10.0,97.0,2,1.7140550573537454,0.0894205476903775,371.72200873970246,8.23566589707841,862.9819788960336,18.80228373550208,12.5098,41.88651,Esquilino
3751,157.34224861478037,Entire home/apt,False,False,2.0,False,0,0,9.0,95.0,1,2.199252402529012,0.169666197356757,291.3712648675339,6.455459545142214,800.5984130244402,17.44309717699412,12.51481,41.88344,
50,414.9814135085217,Entire home/apt,False,False,4.0,True,0,0,10.0,96.0,1,2.5304694000088364,1.3050243281804994,1087.3556472962414,24.09084641717855,3285.0980541880067,71.57431698956715,12.472,41.898,Parione
2208,121.33822738643536,Private room,False,True,2.0,False,0,1,9.0,92.0,1,2.7664095545348766,0.7042252128126358,620.6152980729893,13.750007062734785,1568.8425282650414,34.18127269644346,12.46955,41.90572,Prati
3880,76.45009702382343,Private room,False,True,4.0,False,0,1,9.0,92.0,1,2.1500052773006755,0.4389468961538976,342.4563880300401,7.587273096091011,833.3230234281859,18.156087048152383,12.508,41.882,
109,117.5975498562177,Private room,False,True,3.0,False,1,0,9.0,89.0,1,1.376443081709922,0.1796550666123453,428.8251526839347,9.500811366382024,973.2526570997578,21.20481429812747,12.507,41.889,Esquilino
2804,298.3190330348584,Entire home/apt,False,False,4.0,True,0,0,10.0,100.0,1,2.736807298634876,1.7247080070388343,658.9240159943846,14.598753691474109,1997.830328158508,43.52787613651075,12.470999999999998,41.893,Regola
4124,202.46417132303088,Entire home/apt,False,False,4.0,True,0,0,10.0,98.0,1,4.446404925690389,0.982003637053927,213.86595789062017,4.738295109072098,584.3068424714775,12.730628575579548,12.49289,41.86146,Garbatella
470,236.3640614406284,Entire home/apt,False,False,5.0,False,0,1,9.0,90.0,2,3.6554690223260495,0.4793721861396816,281.05600658188484,6.226920424817585,757.7838824910588,16.510272424244633,12.487,41.87,
2146,146.82159306104316,Private room,False,True,2.0,False,0,1,9.0,92.0,1,3.083730445010822,0.9262133517863572,462.9374554209671,10.256584556338389,1248.2529681254,27.19640392769303,12.475,41.882,Testaccio
1350,158.97879503425057,Private room,False,True,2.0,True,0,1,10.0,98.0,1,1.5577451482727245,0.4164137968901757,483.4959081957146,10.712066191627423,941.2318025358968,20.50715755941648,12.505,41.887,Monti
1810,150.79606293689943,Private room,False,True,3.0,False,0,1,10.0,96.0,1,3.083710682461156,0.9262253365949956,462.9442150065897,10.256734317954546,1248.2927458779727,27.19727058842121,12.475,41.882,Testaccio
1842,207.60760292708017,Entire home/apt,False,False,4.0,False,1,0,10.0,100.0,0,2.026363850790124,0.3202435778315697,664.9172331377232,14.73153607422439,1520.9442713843987,33.13768587965048,12.47994,41.90829,Campo Marzio
493,161.5505108362752,Private room,False,True,3.0,True,1,0,9.0,93.0,1,3.858309269090879,0.2397953256709666,614.6523539385527,13.61789539191749,1391.1780456677943,30.310394632699968,12.45655,41.90727,Prati
2776,242.6764547728708,Entire home/apt,False,False,4.0,False,1,0,10.0,90.0,1,2.8923431752337168,1.7127324341729762,601.4077763475182,13.324455903743212,2929.184721263723,63.81982890691763,12.47,41.891000000000005,Trastevere
1472,161.5505108362752,Private room,False,True,2.0,False,1,0,8.0,70.0,1,3.532386318031092,0.2894710936445421,325.87745178907625,7.219959413824879,994.6690003264632,21.6714244612279,12.47977,41.87387,
1810,150.79606293689943,Private room,False,True,3.0,False,0,1,10.0,96.0,1,3.083710682461156,0.9262253365949956,462.9442150065897,10.256734317954546,1248.2927458779727,27.19727058842121,12.475,41.882,Testaccio
4416,299.25420241741284,Entire home/apt,False,False,4.0,False,0,1,10.0,91.0,1,2.2030167514343773,0.4946906461184528,691.715893014486,15.32527226429488,1625.9030307947842,35.424482618424705,12.477,41.907,Campo Marzio
983,221.40135131975777,Entire home/apt,False,False,4.0,False,0,0,9.0,92.0,1,2.969297020782708,1.7876564636587895,579.578174367235,12.840811394274027,2950.3073875793884,64.28004056258341,12.469,41.891000000000005,Trastevere
1580,92.34797652724848,Private room,False,True,2.0,True,0,1,10.0,93.0,1,0.5414828180777693,0.2493948948948797,572.0365786597653,12.673723998001366,1270.2297848803366,27.675225449271107,12.502,41.896,Esquilino
1916,122.50718911462836,Private room,False,True,2.0,False,0,1,10.0,100.0,1,2.593664489773788,1.5621278414610145,770.8799468854546,17.079186973165815,2329.622496288031,50.75682255595883,12.472,41.895,Regola
166,149.860893554345,Private room,False,True,2.0,False,0,1,9.0,87.0,1,1.4494262767945862,0.3709122891965133,996.8729001328736,22.08616104056118,1538.1711231140464,33.513017186689616,12.495,41.889,Celio
1874,141.21057676571667,Private room,False,True,2.0,False,0,1,8.0,87.0,1,1.4335440889626607,0.5393304214573884,545.168128312615,12.078441569119622,1027.1370679413349,22.378824887386543,12.501,41.888000000000005,Celio
4284,115.72721109110888,Private room,False,True,2.0,True,1,0,10.0,97.0,1,3.133117701402248,0.4640338963621935,339.4695146695518,7.521097592635442,816.3176560878345,17.785581348637372,12.48775,41.87483,
87,297.1500713066654,Entire home/apt,False,False,3.0,False,0,1,10.0,87.0,1,2.430458706473805,0.9603330721924332,860.3804643952681,19.06211061636228,1949.468471921656,42.47418861443284,12.473,41.902,Ponte
4530,413.8124517803287,Entire home/apt,False,False,4.0,False,0,1,10.0,97.0,1,1.9335690706994857,0.270591602849408,657.3071386391958,14.562931056868658,1408.407648406157,30.68578587754507,12.48137,41.9086,Campo Marzio
1304,85.33420615809038,Private room,False,True,2.0,False,0,1,9.0,88.0,1,0.2321798040419098,0.284322370140155,575.508452035043,12.750644891796952,1416.7212070868325,30.86691815259648,12.501,41.899,Esquilino
1272,136.06714516166738,Private room,False,True,3.0,True,1,0,10.0,98.0,1,5.416673802199002,0.6330595224191813,261.58813341861173,5.795601064301357,645.8812864477525,14.072186330909195,12.43754,41.89451,
1919,223.5054824305052,Entire home/apt,False,False,4.0,False,0,1,10.0,91.0,1,1.4696921710863435,1.251146223211013,280.02527731303843,6.20408416091882,773.6919126207631,16.856869808067465,12.51951,41.89792,
321,248.98884810511305,Private room,False,True,3.0,True,0,1,10.0,96.0,1,1.955518789059064,0.9939608264951636,1282.6812591091275,28.418371939509967,1992.1322813771733,43.40372952054332,12.479,41.898,Pigna
3912,100.76450097023825,Private room,False,True,3.0,False,1,0,9.0,94.0,1,3.7051590061732633,0.4348643318318614,169.6636575315386,3.758973548656718,543.8854336334272,11.849944138884824,12.524,41.93,
815,161.5505108362752,Private room,False,True,3.0,False,0,1,10.0,93.0,1,3.255539258285236,0.284961600950321,208.6369904689712,4.622445017716425,604.2425838782793,13.16498001694776,12.525,41.877,
1532,391.8359712903,Entire home/apt,False,False,6.0,False,0,1,10.0,80.0,2,2.643934791594012,1.198851522272217,812.6048182826559,18.003619996625932,1864.50251603286,40.622986562076,12.47039,41.90108,Ponte
1597,530.2410399083534,Entire home/apt,False,False,6.0,True,1,0,10.0,99.0,3,2.842203729189233,1.182353897642466,734.1690381497715,16.2658405152838,1715.435919439007,37.37518705619442,12.468,41.901,Ponte
2866,194.2814392256797,Entire home/apt,False,False,3.0,True,1,0,10.0,100.0,1,4.715892647070189,1.2737432143966454,238.66204462656188,5.287663403418082,662.7372512697558,14.439436911998246,12.468,41.867,
2145,146.82159306104316,Private room,False,True,2.0,False,0,1,10.0,96.0,1,3.0837024727888505,0.9262175734962992,462.9446864957662,10.256744764006273,1248.2978059720024,27.19738083559438,12.475,41.882,Testaccio
1151,182.1242372524724,Entire home/apt,False,False,3.0,False,0,1,9.0,94.0,1,0.9249835734165048,0.6562444141538776,477.4629487877052,10.57840330138464,1248.7671952338414,27.20760768887675,12.4966,41.90805,Sallustiano
4282,116.66238047366328,Private room,False,True,2.0,True,0,0,9.0,94.0,1,2.0425178430699127,0.473523911064526,229.6202971316171,5.0873394792399615,651.0917354733738,14.18570937468634,12.52453,41.90868,
1284,175.34425922895284,Private room,False,True,2.0,False,1,0,10.0,100.0,1,3.697244121867336,0.2090424768763941,174.0617034598168,3.856414205958958,513.6628198585009,11.191466704452653,12.5193,41.93162,
2148,87.67212961447642,Private room,False,True,3.0,False,0,1,10.0,89.0,1,1.685467917529943,0.3659647756475373,333.1572206950366,7.381245921235884,819.6743097459982,17.858714688644472,12.513,41.888000000000005,Esquilino
2146,146.82159306104316,Private room,False,True,2.0,False,0,1,9.0,92.0,1,3.083730445010822,0.9262133517863572,462.9374554209671,10.256584556338389,1248.2529681254,27.19640392769303,12.475,41.882,Testaccio
1486,237.2992308231828,Entire home/apt,False,False,4.0,False,0,0,9.0,94.0,1,1.2076744524260397,0.2997114226033697,928.1243778864024,20.56300705229068,1714.754018703177,37.360330093444254,12.49,41.895,Monti
3725,263.4839735347065,Entire home/apt,False,False,6.0,True,0,0,10.0,96.0,2,3.513377498925935,0.2938195415667777,515.410321562211,11.419144168201496,1328.626694307501,28.94755243543896,12.461,41.908,Prati
3760,83.23007504734295,Private room,False,True,3.0,False,0,1,9.0,94.0,1,2.1500001208671566,0.4389417506551998,342.4570006856838,7.587286669748402,833.3275109781675,18.15618482097974,12.508,41.882,
3493,173.473920463844,Entire home/apt,False,False,2.0,False,0,0,10.0,100.0,1,1.1686968119365424,1.1084511948794065,306.5486693807798,6.791721670647489,871.4342966760995,18.986439234701173,12.51609,41.89894,
3766,376.87326116942927,Entire home/apt,False,False,6.0,False,0,0,9.0,95.0,2,2.760915832256472,1.304572468979703,768.8417629998116,17.034030105602668,1959.447557105746,42.69160867144495,12.469,41.9,Ponte
2963,113.15549528908424,Private room,False,True,2.0,True,0,1,10.0,100.0,1,4.37776208907697,0.5868393010518933,385.29742188446914,8.536435193613107,894.9140854876812,19.49800687120012,12.45157,41.91182,
3375,104.03759380917867,Private room,False,True,2.0,True,0,1,10.0,93.0,1,0.5414876059344352,0.2493994894693121,572.0417481937839,12.673838531319328,1270.246656639444,27.67559304397136,12.502,41.896,Esquilino
1957,196.3855703364272,Entire home/apt,False,False,4.0,False,1,0,9.0,100.0,1,1.2936350591498933,1.1705913189686965,296.46579798390434,6.568331184866427,827.9531155794384,18.039089783464647,12.51739,41.89811,
3195,228.8827063801931,Entire home/apt,False,False,2.0,False,0,1,8.0,100.0,1,2.5942749217098493,1.5661702517241962,768.3360737284232,17.022826335610645,2307.92721757194,50.28413506523904,12.47201,41.89495,Regola
2453,186.0987071283286,Entire home/apt,False,False,5.0,False,0,1,9.0,98.0,2,3.652962690313886,0.2625377927459114,565.0944366103555,12.519917763275476,1452.6518518036953,31.64975973363413,12.459,41.907,Prati
1473,158.97879503425057,Entire home/apt,False,False,3.0,True,1,0,10.0,94.0,1,2.176610917635026,0.1661395296619248,303.8432488092664,6.731781878506558,799.2645705211925,17.414035984735364,12.513,41.883,
4191,150.32847824562222,Private room,False,True,2.0,False,1,0,10.0,100.0,1,7.195444639198885,1.4835825894110608,160.99782631823192,3.5669782163511634,394.1538446158392,8.587656061354245,12.419,41.919,
500,178.61735206789328,Private room,False,True,4.0,False,0,0,10.0,80.0,1,2.083437319909893,0.0512321860257389,231.01306742748017,5.118196922593915,677.5775256502028,14.762770488408282,12.52099,41.91335,
3517,92.34797652724848,Private room,False,True,2.0,False,1,0,2.0,20.0,1,1.6806482991993628,0.4418534036342232,263.5291823798832,5.838605864552764,717.9323676773299,15.642004595783336,12.51517,41.91252,
108,139.34023800060783,Entire home/apt,False,False,3.0,False,0,0,10.0,92.0,2,5.465008729530223,1.202218338381066,124.1540247261179,2.750687458320274,354.0310649725768,7.713478030342856,12.54182,41.9402,
2335,393.47251770977016,Entire home/apt,False,False,4.0,False,0,1,7.0,80.0,2,1.3122083190479608,0.1572449003913131,828.6528406505054,18.359171046666123,2012.134692639516,43.83953353632343,12.487,41.904,Colonna
3712,242.6764547728708,Entire home/apt,False,False,2.0,False,0,1,9.0,91.0,1,2.465494239976538,1.4967314629894757,768.7595206822581,17.03220799059724,2174.0956003809333,47.36826880065561,12.474,41.894,Regola
1051,219.0634278633717,Entire home/apt,False,False,3.0,False,1,0,9.0,85.0,1,1.0131758155283106,0.0625047097525366,868.5646070113216,19.243433924251367,1699.899048080984,37.036676321579485,12.49286,41.89504,Monti
248,149.860893554345,Private room,False,True,2.0,False,1,0,10.0,100.0,1,6.0025815778780185,3.1479076458368107,191.996376280218,4.253764833173678,523.9056184959669,11.41463243784794,12.4442,41.86865,
3932,196.61936268206577,Private room,False,True,2.0,False,0,1,9.0,90.0,1,2.777632821384059,1.4886829693562564,762.4335653719686,16.8920536462472,2065.314794527323,44.99819894212552,12.469,41.898,Parione
553,124.6113202253758,Private room,False,True,2.0,False,0,1,10.0,89.0,1,2.441260262810346,0.1149475975986185,229.6827366230397,5.088722853853382,666.0199265273019,14.510958442126665,12.527,41.889,Pigneto
1135,184.4621607088584,Entire home/apt,False,False,2.0,False,1,0,9.0,93.0,1,6.474581044119558,4.147201095949387,146.66985737837842,3.249535712549944,369.292699339448,8.045992018642457,12.45672,41.94821,
1792,216.7255044069857,Entire home/apt,False,False,2.0,False,0,0,10.0,97.0,1,2.624701052225805,1.004509841153769,244.3510063120513,5.413704871615838,647.3531535068073,14.104254743392952,12.5038,41.92447,
1840,190.07317700418488,Entire home/apt,False,False,4.0,False,0,1,10.0,92.0,1,1.11337582400853,0.868164666273929,328.74909075730534,7.283581848233725,949.4612946243274,20.68645822736749,12.51428,41.896440000000005,
2001,268.1598204474785,Entire home/apt,False,False,4.0,True,0,0,10.0,98.0,2,4.109976803892605,1.1855624251593142,294.244948855571,6.5191272878715125,841.9193033883366,18.34337913400489,12.46817,41.87403,
2087,291.3052626657003,Private room,False,True,2.0,True,0,1,9.0,93.0,1,2.7782610320318897,1.5367797043701252,742.1939120558015,16.443635154294604,2066.0776097517346,45.01481883528424,12.46913,41.89722,Regola
2850,67.09840319827929,Private room,False,True,2.0,False,0,1,8.0,77.0,1,2.908321015945017,0.687888072468917,191.3203827265255,4.23878789630716,537.6678566566818,11.714478220333843,12.53623,41.90727,
2981,210.4131110747434,Entire home/apt,False,False,4.0,False,1,0,10.0,97.0,2,0.335749516102987,0.4512407720080842,418.7898328150719,9.278474405784836,1108.5101256340968,24.15174640438269,12.505999999999998,41.902,Castro Pretorio
743,162.48568021882963,Entire home/apt,False,False,5.0,True,0,0,9.0,93.0,2,3.360420067307674,0.4388648567157386,505.3222762352068,11.1956390517047,1282.9711791947957,27.952829520902867,12.463,41.90832,Prati
866,268.39361279311714,Entire home/apt,False,False,6.0,True,1,0,9.0,90.0,2,3.440389594231402,0.7912485100365976,222.64387935048293,4.932773850482448,587.6675987495404,12.803851301721345,12.51482,41.87136,
3704,245.9495476118112,Entire home/apt,False,False,5.0,True,1,0,10.0,94.0,3,2.909148458186233,0.5418988675231243,565.6669582398725,12.532602233790255,1477.786528252807,32.19738335701594,12.46813,41.90689,Prati
2763,115.72721109110888,Entire home/apt,False,False,2.0,True,0,0,10.0,99.0,1,5.437912904862265,0.4828680108597665,123.25373182442492,2.730741069961422,371.6478831390715,8.097305759986659,12.56591,41.8893,
4013,312.11278142753605,Private room,False,True,2.0,True,1,0,10.0,95.0,1,0.7702950016922843,0.4249870686175687,532.6143297091584,11.80030659565434,1341.4223211355036,29.22633810197336,12.496,41.906000000000006,Sallustiano
2356,277.27772192738405,Entire home/apt,False,False,6.0,False,1,0,8.0,84.0,2,1.8364470375917696,0.138410942939285,914.4346813580762,20.259705756728604,1802.6760393715945,39.2759376259689,12.48129,41.90618,Campo Marzio
3085,162.95326491010684,Entire home/apt,False,False,3.0,True,0,0,9.0,93.0,1,5.424045267359856,2.904275363877656,225.15054955661148,4.988310240167385,614.7057220359507,13.392946413947108,12.44683,41.875,
203,302.0597105650761,Entire home/apt,False,False,4.0,True,0,1,10.0,93.0,1,2.593677022374004,1.5621293345934002,770.879594860461,17.079179173896016,2329.613356578871,50.756623423869065,12.472,41.895,Regola
456,177.68218268533886,Private room,False,True,3.0,False,1,0,10.0,100.0,1,4.9657325370058265,1.2036540745739928,222.24748146667804,4.923991479633882,625.6156952953917,13.630648263797047,12.46833,41.86405,
889,1383.11551679798,Entire home/apt,False,False,3.0,False,1,0,10.0,100.0,1,2.0583912585172244,0.3413446627898971,677.7614580475899,15.016105571261267,1566.8603834774465,34.13808657018288,12.47933,41.90796,Campo Marzio
378,148.691931826152,Entire home/apt,False,False,4.0,False,0,1,9.0,76.0,2,5.973933767595407,0.1540306172448836,169.99899402047694,3.766403077232008,470.93950339788273,10.260629285064358,12.4761,41.85077,San Paolo
2671,120.16926565824234,Private room,False,True,2.0,True,0,1,9.0,96.0,1,3.332470846955819,1.303899081819497,444.29658938807216,9.84358790542816,1165.6189615553135,25.39600939370788,12.47,41.883,
791,80.65835924531831,Private room,False,True,2.0,False,1,0,9.0,85.0,1,3.742976220477254,0.4911509217565304,302.7582861472671,6.707744049739501,1115.761737805974,24.309741441277755,12.479,41.872,
1048,126.71545133612324,Entire home/apt,False,False,4.0,False,0,0,9.0,93.0,2,3.73553679263794,0.2892387074306338,170.01507106397491,3.766759271258052,516.3422047875541,11.24984400189881,12.52259,41.93087,
159,124.6113202253758,Private room,False,True,2.0,False,0,0,10.0,94.0,1,4.298071671681856,0.3628625133257023,509.94833083699166,11.298131342250295,1015.954020989058,22.13517342424344,12.45154,41.90875,
2760,248.5212634138358,Entire home/apt,False,False,4.0,False,1,0,9.0,92.0,1,0.8725056100462213,0.1156778310711688,775.9947271536504,17.19250719751477,1853.611922593577,40.38570695149208,12.494000000000002,41.896,Monti
1860,172.7725434269282,Entire home/apt,False,False,3.0,False,1,0,10.0,96.0,1,4.598234571238112,0.3611530518571564,424.0499813536884,9.395015328610274,804.3409224848832,17.52463737885102,12.44689,41.90263,
1889,71.54045776541275,Private room,False,True,2.0,True,1,0,10.0,96.0,1,3.8268673833821865,0.307342925484066,269.1618375915017,5.963399837859874,721.877948055068,15.727969220280317,12.4859,41.86866,Garbatella
2736,212.75103453112945,Private room,False,True,3.0,True,1,0,10.0,95.0,1,0.8754662550102456,0.4640265930104918,748.7655039846654,16.589231686825876,1783.9437611387125,38.86780672757217,12.492,41.899,Monti
1320,339.93407055852987,Entire home/apt,False,False,4.0,True,0,0,10.0,98.0,1,2.913597430135568,1.636387086667893,659.9741057714359,14.62201889601514,1749.2175832093014,38.111207555810125,12.46765,41.89642,Regola
4168,212.75103453112945,Entire home/apt,False,False,4.0,False,1,0,10.0,94.0,1,2.347315585991644,1.3133587698430604,776.6688211658317,17.207442049197,1994.2352066761296,43.44954716113429,12.476,41.893,Regola
2657,134.19680639655857,Private room,False,True,2.0,False,1,0,10.0,97.0,1,6.042201258927611,1.0391458764399792,157.65051829599315,3.492817123175019,428.6704853708301,9.33968992642053,12.48781,41.84756,Tor Marancia
1218,153.36777873892407,Entire home/apt,False,False,4.0,False,0,1,9.0,93.0,1,1.589709820556778,0.4520085906074841,263.3158788471751,5.833880030222947,736.7946768093169,16.05296855201804,12.517,41.91,
985,169.49945058798772,Entire home/apt,False,False,3.0,True,0,1,10.0,97.0,1,1.3237826560012833,1.2177799920740298,290.18586509420635,6.429196487647454,794.7662328194755,17.31602811913198,12.518,41.899,
3926,113.15549528908424,Private room,False,True,2.0,False,0,1,10.0,92.0,1,3.101980120602567,1.6819060903531111,526.1836245255338,11.657831471422384,1991.3212459140689,43.38605902536524,12.46897,41.88816,Trastevere
862,169.49945058798772,Entire home/apt,False,False,4.0,True,0,1,10.0,97.0,1,1.3237970637106924,1.2177778050225672,290.1841823921458,6.429159206637319,794.7603339836867,17.31589959781065,12.518,41.899,
1804,276.57634489046825,Entire home/apt,False,False,6.0,False,0,0,10.0,100.0,2,3.892970641741762,1.3828681928594415,279.6900458966794,6.196656960273106,691.6218362338249,15.06876194468479,12.467,41.924,
1374,307.2031421691254,Private room,False,True,2.0,True,0,1,9.0,95.0,1,2.893145065750606,1.557283965894481,682.3454343975114,15.117665599482514,1869.7691027083447,40.73773270905438,12.46772,41.89728,Regola
375,178.61735206789328,Entire home/apt,False,False,3.0,False,1,0,10.0,92.0,1,2.284273916241031,0.3273468261164708,272.2122067699917,6.030982119312519,749.0334758842638,16.31962229267127,12.51757,41.883790000000005,
959,103.80380146354008,Private room,False,True,2.0,True,0,0,9.0,97.0,1,5.983136184628113,1.3054160366212142,156.93743304133736,3.4770184032300007,422.4849650321599,9.204922444244165,12.49109,41.84766,
3675,115.72721109110888,Private room,False,True,2.0,False,0,1,9.0,91.0,1,0.3357601882707675,0.4512588263453436,418.7871838882701,9.278415717637207,1108.4722570904355,24.150921340684977,12.505999999999998,41.902,Castro Pretorio
2777,232.38959156477216,Entire home/apt,False,False,5.0,False,0,1,10.0,87.0,1,2.264720994372236,0.8225745940353958,928.6411792603342,20.574457015840817,2074.8663144169564,45.20630338864006,12.475,41.902,Campo Marzio
2862,201.06141724919925,Entire home/apt,False,False,4.0,True,1,0,10.0,100.0,2,4.20530718501329,0.1410379142663742,245.50331515113524,5.43923478479241,663.2909120654542,14.451499837561608,12.48409,41.86553,Garbatella
1599,138.17127627241484,Entire home/apt,False,False,5.0,False,0,1,8.0,84.0,1,2.892354260093287,1.712740465550322,601.4049794002833,13.324393936137271,2929.2602664773817,63.82147485385141,12.47,41.891000000000005,Trastevere
1871,343.44095574310893,Entire home/apt,False,False,4.0,False,1,0,10.0,100.0,1,2.6238322664468576,1.6538818196943623,734.5578559021571,16.274454944960315,2058.119228328516,44.84142501101675,12.472,41.894,Regola
728,80.65835924531831,Private room,False,True,2.0,True,1,0,10.0,97.0,1,2.7609016597900995,0.2178288729944659,213.04340248594497,4.720071029422607,608.0650220213198,13.248261670892369,12.52974,41.88688,Pigneto
2353,228.8827063801931,Entire home/apt,False,False,4.0,True,0,1,10.0,98.0,2,2.393189868333697,0.3394566017986188,299.1717128865061,6.62828192913177,748.4768563104844,16.307494902511486,12.51094,41.88033,
3367,208.0751876183573,Entire home/apt,False,False,4.0,False,0,1,10.0,100.0,1,1.129172760334693,0.5747361586754617,680.7853040119179,15.083100219145765,1170.163677127688,25.4950277206007,12.499,41.891000000000005,Monti
4152,375.7042994412363,Entire home/apt,False,False,4.0,False,0,0,9.0,89.0,2,0.5319895590982141,0.4064144212938558,502.8522770659878,11.140915125099662,1343.1575080387893,29.264143615051907,12.499,41.905,Castro Pretorio
3568,283.1225305683492,Entire home/apt,False,False,6.0,False,0,1,8.0,85.0,2,2.9359590284441195,1.1868146484448956,713.0758498676091,15.79851157776667,1665.0985888707955,36.27845874091486,12.46687,41.90089,Ponte
1531,165.05739602085427,Entire home/apt,False,False,5.0,True,1,0,9.0,97.0,2,6.643627836793951,0.3134624535084645,112.72788258862778,2.4975362137761485,370.649927702997,8.075562732063338,12.56086,41.86015,
2493,151.49743997381523,Private room,False,True,2.0,False,0,1,9.0,90.0,1,3.0927093325679307,1.182001218909878,648.3528167260096,14.364544085212296,1499.4086243018646,32.66847637496137,12.465,41.9,Ponte
3712,242.6764547728708,Entire home/apt,False,False,2.0,False,0,1,9.0,91.0,1,2.465494239976538,1.4967314629894757,768.7595206822581,17.03220799059724,2174.0956003809333,47.36826880065561,12.474,41.894,Regola
2147,104.03759380917867,Private room,False,True,2.0,False,0,1,10.0,89.0,1,1.6854783516984544,0.3659727179717002,333.1552340970462,7.381201907276699,819.6716171471148,17.85865602344702,12.513,41.888000000000005,Esquilino
3947,133.26163701400415,Entire home/apt,False,False,2.0,False,0,1,9.0,90.0,0,2.9693054434306965,1.7876639290142502,579.5758499658109,12.840759896130011,2950.283375089972,64.27951738869305,12.469,41.891000000000005,Trastevere
774,246.4171323030884,Entire home/apt,False,False,4.0,False,0,1,9.0,91.0,1,4.489014531240703,0.1863684568200084,436.70571945018105,9.675408816736038,886.8402153812322,19.32209682869929,12.44916,41.90863,
266,295.045940195918,Private room,False,True,2.0,False,0,0,10.0,90.0,1,3.906375079883297,1.499550386585231,273.2896446996025,6.054853234297609,681.1724652177368,14.84109550030161,12.468,41.925,
298,117.5975498562177,Private room,False,True,2.0,False,1,0,10.0,100.0,1,3.599640848234253,0.3694090893394936,174.87963340765205,3.874535806561581,528.740220280634,11.519966682045904,12.52166,41.92985,
1019,225.84340588689125,Private room,False,True,3.0,True,0,1,10.0,95.0,1,2.8278957039208708,0.3427317069356083,417.6113550617656,9.252364708712348,995.5964470781626,21.69163127597197,12.47419,41.91532,
3748,248.5212634138358,Private room,False,True,3.0,False,0,1,9.0,93.0,1,1.2323922024638865,0.0748090202205934,801.7051620538116,17.762133280791925,1831.240837372254,39.89829527652235,12.488,41.904,Colonna
3282,242.6764547728708,Entire home/apt,False,False,4.0,False,0,0,9.0,90.0,1,5.3416450822104204,0.2968589894224778,210.7920688247628,4.670191734087888,534.0589941445497,11.635849861254636,12.475,41.85731,San Paolo
1180,109.41481775886656,Private room,False,True,2.0,False,1,0,9.0,95.0,1,1.11544895156442,0.8342335428188788,331.70213564752686,7.349007866933547,974.1145050121406,21.22359187330488,12.514,41.896,
4411,159.44637972552778,Entire home/apt,False,False,4.0,False,0,1,10.0,92.0,2,1.4479335213267468,0.3122517659782416,466.247755580697,10.329925723914158,973.030627080091,21.19997680264128,12.505,41.888000000000005,Esquilino
4057,381.3153157365628,Entire home/apt,False,False,4.0,False,0,1,8.0,90.0,2,2.4654940976880115,1.4967359551740334,768.7631769602923,17.032288997058007,2174.1196029630296,47.3687917586895,12.474,41.894,Regola
1323,236.1302690949898,Entire home/apt,False,False,4.0,False,0,1,9.0,91.0,1,2.593689084608464,1.5621369890897965,770.8752245045797,17.079082346723983,2329.568321294401,50.755642214275554,12.472,41.895,Regola
2095,319.1265517966942,Private room,False,True,2.0,False,0,1,10.0,100.0,1,2.248744381859142,1.331303090574082,900.0295481076191,19.94055364341714,2015.661845933489,43.91638164976462,12.47637,41.89487,Sant'Eustachio
303,207.60760292708017,Entire home/apt,False,False,6.0,False,0,1,9.0,91.0,2,4.8820712839728815,0.4406860326962339,322.88867781021537,7.153741801326675,730.8424106065876,15.923283111591898,12.445,41.911,
985,169.49945058798772,Entire home/apt,False,False,3.0,True,0,1,10.0,97.0,1,1.3237826560012833,1.2177799920740298,290.18586509420635,6.429196487647454,794.7662328194755,17.31602811913198,12.518,41.899,
712,161.5505108362752,Private room,False,True,2.0,False,1,0,10.0,98.0,1,2.066049967890596,0.036155499636574,297.3933670054336,6.588881887752421,756.5942536565134,16.484353297966155,12.51795,41.88644,
1929,168.79807355107192,Entire home/apt,False,False,5.0,False,0,1,8.0,86.0,2,2.892354270263173,1.7127294323463655,601.4055864321567,13.324407385197537,2929.238330469913,63.82099692146518,12.47,41.891000000000005,Trastevere
4467,286.8632080985668,Entire home/apt,False,False,4.0,False,0,1,10.0,95.0,2,2.5155369742681644,0.8600474560056474,662.9465301224186,14.687874275259514,1590.8281843819332,34.660286806274335,12.47255,41.90541,Prati
1948,159.21258737988916,Entire home/apt,False,False,4.0,False,0,0,9.0,91.0,0,3.157062334234813,0.563456373910835,236.3905414170869,5.237337242799282,618.7081865797343,13.480150406421872,12.51471,41.87402,
3967,138.63886096369205,Private room,False,True,3.0,True,1,0,10.0,98.0,1,1.6058111751238937,0.4292146079362639,317.8747145576297,7.042655222653203,808.2842993723117,17.6105539946398,12.515,41.89,Esquilino
2125,104.03759380917867,Private room,False,True,2.0,False,0,1,10.0,96.0,1,1.685466772978765,0.3659702498877819,333.1568395053897,7.381237475810266,819.6742974026363,17.85871441971256,12.513,41.888000000000005,Esquilino
1768,269.09498983003294,Entire home/apt,False,False,4.0,True,0,1,9.0,95.0,1,2.6779589117256024,1.2896701867395617,831.3228191600118,18.41832560421096,2363.4783454421054,51.494459375114175,12.47,41.9,Ponte
3119,145.41883898721156,Private room,False,True,2.0,False,0,1,9.0,84.0,1,0.8284425827478512,0.4282820373630525,549.7879826227455,12.180796489454876,1310.7268928410083,28.557559186202525,12.495,41.906000000000006,Sallustiano
232,161.5505108362752,Private room,False,True,4.0,False,1,0,10.0,82.0,1,1.0143117549654612,0.4989777591327765,383.6155620167037,8.499172842633184,1088.728376682375,23.72075008502669,12.502,41.91,
3648,219.7648049002876,Entire home/apt,False,False,2.0,False,1,0,10.0,92.0,1,5.413962435007829,0.183456914227181,194.66512651712395,4.312892177794528,536.8351070655585,11.696334626984475,12.47992,41.85508,San Paolo
2979,217.1930890982629,Entire home/apt,False,False,4.0,False,1,0,10.0,90.0,2,1.0845023335793262,0.8799465810114263,328.3808588513595,7.2754235071112925,932.4257540298048,20.315295125844063,12.51422,41.89696,
2313,219.7648049002876,Entire home/apt,False,False,4.0,True,1,0,10.0,98.0,1,3.015398909267148,1.3198341840838543,657.3722945622399,14.564374615228912,1605.0421572922578,34.96997479305078,12.466,41.899,Ponte
1061,228.1813293432773,Entire home/apt,False,False,5.0,False,1,0,9.0,97.0,1,4.475754834251673,2.251388037906841,223.8721681800517,4.959987134031998,582.1987001479681,12.684697268680011,12.468,41.932,
131,136.06714516166738,Private room,False,True,2.0,False,1,0,10.0,99.0,1,5.27519003604563,0.441859834171243,136.45271874956043,3.023170476721249,404.3163739446654,8.809072921246717,12.5478,41.86776,Quadraro
785,161.5505108362752,Private room,False,True,5.0,False,0,1,9.0,80.0,2,0.1900578040612033,0.2367276040479188,476.88403513708056,10.565577212808485,1232.680349081006,26.857114337715565,12.50319,41.90243,Castro Pretorio
1809,146.35400836976595,Private room,False,True,2.0,False,0,1,9.0,93.0,1,3.083736370114762,0.92621034961894,462.93553722998206,10.256542057966731,1248.2415784832467,27.19615577502166,12.475,41.882,Testaccio
764,244.3130011923409,Entire home/apt,False,False,4.0,False,0,1,10.0,97.0,1,3.4598658933044217,0.3455421830853366,488.10014476267537,10.814075093939024,1270.8982928495927,27.689790616128327,12.462,41.909,Prati
1378,193.58006218876392,Entire home/apt,False,False,6.0,True,1,0,10.0,96.0,2,1.6908629323335649,0.3471036524114769,257.89183649427764,5.713707967283981,747.8134345794942,16.293040552446918,12.517,41.91137,
3693,404.4607579547845,Entire home/apt,False,False,4.0,False,1,0,10.0,100.0,2,1.9245897616611145,0.985548876328139,271.8268097645597,6.022443477801262,733.2969728166547,15.976762067408751,12.50857,41.91754,
1024,178.61735206789328,Entire home/apt,False,False,2.0,False,0,0,10.0,98.0,1,5.228513655212128,2.416649072600813,225.07594421935207,4.986657325846036,619.6689297948741,13.501082670327458,12.45396,41.87065,
3912,100.76450097023825,Private room,False,True,3.0,False,1,0,9.0,94.0,1,3.7051590061732633,0.4348643318318614,169.6636575315386,3.758973548656718,543.8854336334272,11.849944138884824,12.524,41.93,
978,363.0795127767517,Entire home/apt,False,False,6.0,False,0,1,9.0,89.0,3,0.6143689832113445,0.0616783768799398,646.9436062802554,14.33332240304918,1699.925116838764,37.03724429656901,12.495,41.902,Castro Pretorio
1512,236.1302690949898,Entire home/apt,False,False,4.0,True,0,1,9.0,96.0,1,2.677990173730355,1.2897047494751883,831.2972800605961,18.41775977414129,2366.961001453832,51.57033800072512,12.47,41.9,Ponte
2143,146.82159306104316,Private room,False,True,2.0,False,0,1,10.0,80.0,1,3.0837166020095745,0.926222520253063,462.94233209757846,10.25669260127066,1248.2815244264204,27.197026100215,12.475,41.882,Testaccio
2719,133.02784466836556,Private room,False,True,2.0,True,1,0,10.0,100.0,1,4.695528725866424,0.280786053989572,362.6552148004847,8.034787057823719,792.8326000454058,17.27389895195651,12.447,41.91,
682,155.4719098496715,Entire home/apt,False,False,4.0,False,0,1,9.0,87.0,1,4.234615227454729,2.3616626704655173,214.5142891154284,4.752659174778799,541.8992431115142,11.806669865888365,12.477,41.934,
622,168.3304888597947,Entire home/apt,False,False,2.0,False,0,0,10.0,92.0,1,2.958471108120177,1.6227856438436878,642.04169416448,14.224718366986746,1677.3828461781688,36.54610290617149,12.46712,41.89634,Regola
3535,104.03759380917867,Private room,False,True,3.0,False,0,0,6.0,100.0,1,1.899509631554673,0.449036480235528,238.6011000190968,5.28631314862146,687.4287559203879,14.977404897021009,12.52214,41.90933,
178,270.7315362495032,Entire home/apt,False,False,4.0,False,0,1,9.0,81.0,1,2.408068547021576,0.9058534339966724,824.3581613214465,18.264020522194528,1829.9603528709663,39.87039662568039,12.47332,41.90257,Campo Marzio
4049,126.94924368176184,Private room,False,True,2.0,False,0,1,10.0,94.0,1,3.5464200744285144,0.2627360733735366,482.4910425828285,10.689802948492453,1231.0296263525684,26.82114909409781,12.46101,41.90925,Prati
1868,230.5192527996633,Entire home/apt,False,False,4.0,False,1,0,9.0,95.0,1,2.5134160890275954,1.5155003471361184,799.7906279534019,17.719715929037598,2260.094008189694,49.24196547563165,12.473,41.895,Regola
2687,111.0513641783368,Private room,False,True,2.0,False,0,0,10.0,100.0,1,5.476923723407864,1.18385431561214,172.73547192645637,3.827030958386509,489.95595071224506,10.674951538355517,12.49147,41.85223,Tor Marancia
2139,145.65263133285015,Private room,False,True,2.0,False,0,1,7.0,87.0,1,0.527392381241782,0.2434832001523378,650.1716430409695,14.404840988550385,1614.6831098200446,35.1800277597881,12.496,41.9,Castro Pretorio
3467,291.5390550113389,Entire home/apt,False,False,4.0,False,0,0,10.0,100.0,1,7.56113795095529,0.1643566936946015,100.95696287479132,2.236746269179745,319.28261156068737,6.956393529857671,12.56674,41.85281,Appio Claudio
143,138.17127627241484,Entire home/apt,False,False,2.0,False,1,0,10.0,90.0,0,1.173366437889274,0.7926487722079616,331.9662718591011,7.354859921799011,913.8891898721788,19.91142836234701,12.514,41.895,
1393,161.5505108362752,Entire home/apt,False,False,2.0,False,0,0,10.0,92.0,1,3.3085791465391607,0.1111014162342423,359.4457459802505,7.963679853275472,995.6679004895706,21.69318807246137,12.48094,41.8757,
2514,161.7843031819138,Entire home/apt,False,False,4.0,False,1,0,10.0,93.0,1,4.331346323004024,1.1083901459875474,390.5866365938692,8.653620090338,846.321474407982,18.43929176090524,12.4507,41.89478,
1749,173.0063357725668,Entire home/apt,False,False,5.0,False,0,0,9.0,95.0,2,4.821363211035681,0.8580545824451091,227.0014361415273,5.029317452999448,621.8986498147751,13.549662860285236,12.47371,41.86307,
1304,85.33420615809038,Private room,False,True,2.0,False,0,1,9.0,88.0,1,0.2321798040419098,0.284322370140155,575.508452035043,12.750644891796952,1416.7212070868325,30.86691815259648,12.501,41.899,Esquilino
561,170.66841231618076,Private room,False,True,2.0,False,0,1,9.0,90.0,1,1.712196430593879,1.0681683192621212,313.1005861676238,6.936882291684841,831.3018050607635,18.11204960337944,12.5034,41.91626,
2629,347.8830103102424,Entire home/apt,False,False,5.0,True,0,0,10.0,99.0,1,2.553042961051751,0.6003346201619411,582.1505682235053,12.897803920564757,1408.572771556218,30.68938351039798,12.473,41.908,Prati
726,209.01035700091177,Entire home/apt,False,False,2.0,False,0,1,9.0,93.0,1,2.404295745434108,1.4132342567638077,879.5527788974591,19.48688174371386,2270.928430496276,49.47802125350456,12.47417,41.89554,Parione
4063,179.0849367591705,Entire home/apt,False,False,4.0,False,0,0,9.0,85.0,1,5.270074596756526,2.538368748595885,225.2933164530081,4.991473304049107,618.711893209682,13.480231164896187,12.45217,41.87171,
1808,150.79606293689943,Private room,False,True,3.0,False,0,1,10.0,94.0,1,3.0837330594364083,0.9262279962960412,462.93953728037707,10.256630680856556,1248.2623013999223,27.19660727710245,12.475,41.882,Testaccio
124,184.4621607088584,Private room,False,True,2.0,False,0,1,10.0,93.0,1,1.8957637367701765,1.062939499069193,1145.1219090296968,25.370683555078728,1854.0743940714576,40.39578308304447,12.48,41.897,Pigna
1326,220.23238959156475,Entire home/apt,False,False,4.0,False,0,1,10.0,95.0,2,2.9614879760255906,1.5148013641192712,558.7399937726121,12.379132265125476,2338.2525371144634,50.944850209184125,12.470999999999998,41.888000000000005,Trastevere
1012,228.1813293432773,Entire home/apt,False,False,3.0,False,0,0,9.0,87.0,0,4.265064743283624,1.31656075494839,280.8709006275781,6.222819320337926,791.8133952668215,17.251692952410572,12.46681,41.87307,
1903,112.92170294344562,Private room,False,True,2.0,False,0,1,10.0,95.0,1,0.7167056333412164,0.1474853817970649,548.0858870448669,12.143085807346411,1222.7526134050197,26.640813061911693,12.50239,41.89442,Esquilino
2380,163.88843429266126,Private room,False,True,2.0,True,1,0,10.0,93.0,1,2.413351012145279,0.1101024365392797,282.42166930459746,6.257177287870941,747.286111337386,16.28155145828168,12.514,41.881,
4449,126.94924368176184,Private room,False,True,2.0,False,1,0,8.0,80.0,1,3.894558325342415,1.390053217450714,334.09097265444547,7.401933609851649,906.7702625646202,19.756324206753447,12.466,41.87861,
1373,184.4621607088584,Entire home/apt,False,False,2.0,False,1,0,9.0,91.0,1,3.008358113611711,1.9108279802210784,577.292033505805,12.790160929986936,2336.7279981364663,50.91163420336811,12.468,41.892,Trastevere
3814,143.31470787646413,Entire home/apt,False,False,6.0,True,0,0,10.0,97.0,2,6.782808833015039,0.5085060302101431,182.10415529216988,4.034598291720172,448.9653780490273,9.781866402695472,12.42073,41.90529,
2802,242.6764547728708,Entire home/apt,False,False,4.0,False,0,0,10.0,100.0,2,2.868945204234701,0.3475606547226225,203.5169284013133,4.50900777275883,560.0234942787582,12.2015533295917,12.51969,41.92317,
1292,108.24585603067356,Entire home/apt,False,False,5.0,False,0,1,7.0,72.0,0,4.573396318342577,1.9689487590877823,235.7429933162255,5.2229905275508,587.0530727226973,12.790462270429709,12.462,41.929,
2622,264.65293526289946,Entire home/apt,False,False,3.0,True,1,0,10.0,100.0,1,3.731320461665364,0.8162115551350609,256.8925311287927,5.691567913895175,706.9026438044606,15.40169367058044,12.493,41.868,Garbatella
877,95.62106936618896,Private room,False,True,2.0,False,1,0,9.0,94.0,1,5.920095627297554,2.7570063850172217,191.97405376870867,4.253270268035076,542.5115798114989,11.820011197059037,12.44794,41.86633,
4099,312.11278142753605,Private room,False,True,3.0,True,1,0,9.0,94.0,1,0.7703079734925816,0.42499481293178,532.6141127130654,11.800301788009705,1341.437323282586,29.22666496236324,12.496,41.906000000000006,Sallustiano
2198,182.59182194374955,Private room,False,True,2.0,False,0,1,10.0,100.0,1,1.1036401350976992,0.8150187575017701,444.2611223953709,9.842802118481476,1194.4230177584022,26.02357990005454,12.497,41.91,Ludovisi
4531,582.376732985762,Entire home/apt,False,False,6.0,True,0,1,10.0,96.0,2,3.124166183708529,1.939505040397012,540.3413676439793,11.97150254668504,1985.4353607502908,43.25781986673819,12.467,41.891000000000005,Trastevere
1772,184.4621607088584,Entire home/apt,False,False,2.0,True,0,0,10.0,97.0,1,4.245833400510875,1.4335087451417037,288.48055450193067,6.391414575469728,792.6382053647876,17.26966356346517,12.46507,41.87462,
2036,231.22062983657912,Entire home/apt,False,False,6.0,False,0,1,10.0,93.0,2,4.882082510964635,0.4406982643057325,322.8865098684375,7.153693769615484,730.8377020212153,15.923180522939612,12.445,41.911,
1615,293.87697846772494,Entire home/apt,False,False,5.0,True,1,0,10.0,100.0,1,2.5800785397582566,1.5599631320201963,699.4241306959696,15.496051687378277,1991.726322457417,43.39488466053363,12.473,41.893,Regola
1599,138.17127627241484,Entire home/apt,False,False,5.0,False,0,1,8.0,84.0,1,2.892354260093287,1.712740465550322,601.4049794002833,13.324393936137271,2929.2602664773817,63.82147485385141,12.47,41.891000000000005,Trastevere
4013,312.11278142753605,Private room,False,True,2.0,True,1,0,10.0,95.0,1,0.7702950016922843,0.4249870686175687,532.6143297091584,11.80030659565434,1341.4223211355036,29.22633810197336,12.496,41.906000000000006,Sallustiano
3765,187.2676688565216,Entire home/apt,False,False,5.0,False,0,1,9.0,90.0,2,3.2811573804318623,0.9708152743658752,422.714449916694,9.36542603754994,1117.877611101811,24.355841187309057,12.473,41.881,Testaccio
4400,190.77455404110069,Private room,False,True,4.0,False,1,0,10.0,97.0,2,7.4856779077006195,0.4560121882668491,100.45140300187629,2.225545366068266,310.25983041935655,6.759809017954351,12.57109,41.85735,
1327,195.91798564515,Private room,False,True,2.0,False,0,1,9.0,91.0,1,2.220373152567108,1.1969991836738705,1150.8816812320322,25.49829386166924,2110.072324568604,45.97335694045702,12.476,41.897,Sant'Eustachio
3368,121.33822738643536,Private room,False,True,2.0,False,0,0,10.0,100.0,1,0.3143288480122143,0.4599358315260886,477.7129977596244,10.583943247210332,1102.753447456545,24.0263223525308,12.50447,41.89858,Esquilino
1164,172.7725434269282,Entire home/apt,False,False,4.0,False,1,0,8.0,77.0,1,4.251759690678717,1.3139319765452795,282.4085164744076,6.256885881087112,801.6159550675119,17.465266949567017,12.46679,41.87325,
1615,293.87697846772494,Entire home/apt,False,False,5.0,True,1,0,10.0,100.0,1,2.5800785397582566,1.5599631320201963,699.4241306959696,15.496051687378277,1991.726322457417,43.39488466053363,12.473,41.893,Regola
420,152.19881701073106,Private room,False,True,2.0,False,0,0,9.0,85.0,1,1.1842001419172277,0.7951373948302456,483.5029771665795,10.712222807810784,1170.111059016956,25.4938812996188,12.49437,41.90976,Ludovisi
2077,203.39934070558527,Private room,False,True,2.0,True,1,0,10.0,100.0,1,1.115427575406998,0.8342211212176469,331.7039620579974,7.349048331867213,974.1261600195232,21.22384580764083,12.514,41.896,
851,328.2444532765997,Entire home/apt,False,False,2.0,True,0,1,10.0,96.0,1,4.111036229420308,0.3904545211993536,404.9434801864588,8.971702324871428,995.991281727342,21.70023376511314,12.455,41.912,
2898,104.03759380917867,Private room,False,True,3.0,False,0,1,9.0,89.0,1,0.6484038497217016,0.4401475395174865,450.5911514370072,9.98304671815549,1292.0090853739448,28.149743570687075,12.50023,41.90651,Castro Pretorio
2053,248.7550557594744,Entire home/apt,False,False,4.0,False,1,0,10.0,94.0,1,1.1154797322952277,0.8342549944116556,331.6991642354845,7.348942033982447,974.0902192322864,21.223062745078884,12.514,41.896,
405,133.72922170528136,Private room,False,True,2.0,False,0,0,10.0,93.0,2,3.17892049493528,0.3223426690409513,212.3150584211552,4.703934243774468,622.0336639674301,13.552604491128765,12.52448,41.87757,
3118,196.3855703364272,Entire home/apt,False,False,4.0,False,0,0,10.0,97.0,1,2.381012686675046,0.1572328433237999,289.3645044204191,6.41099887779044,752.1296751392416,16.387080963092423,12.513,41.881,
4078,448.6475112804807,Entire home/apt,False,False,6.0,True,0,0,10.0,97.0,3,2.656002414835878,1.6117288374201315,748.0452385969423,16.573273887849624,2126.7957277988344,46.33771932605429,12.47128,41.89484,Regola
1200,339.93407055852987,Entire home/apt,False,False,4.0,False,1,0,10.0,97.0,1,3.2985071489129045,0.1686537757312713,208.8787386399224,4.627801055616721,600.0228132464965,13.07304145199764,12.52422,41.87613,
1046,178.8511444135319,Entire home/apt,False,False,4.0,False,0,0,9.0,90.0,1,5.1100809842310335,2.3348616259554027,232.49238381915976,5.1509718330686844,637.0629273593025,13.88005567961253,12.45467,41.87168,
4000,209.2441493465504,Entire home/apt,False,False,4.0,True,1,0,10.0,98.0,2,4.081435697043984,0.3457665159769419,669.9478530543495,14.84299168867399,1381.002668958437,30.08869785955332,12.454,41.908,
3139,120.16926565824234,Private room,False,True,4.0,False,0,1,9.0,95.0,1,0.64874937095589,0.2872625904767392,420.816869636617,9.323384305201127,1137.8092155592744,24.79010249458738,12.5021,41.90671,Castro Pretorio
2242,92.34797652724848,Private room,False,True,2.0,False,1,0,10.0,93.0,1,3.9955700328524384,0.0991627087512655,164.1413313347841,3.636623963585469,468.9849880441444,10.218045137138816,12.521,41.934,
124,184.4621607088584,Private room,False,True,2.0,False,0,1,10.0,93.0,1,1.8957637367701765,1.062939499069193,1145.1219090296968,25.370683555078728,1854.0743940714576,40.39578308304447,12.48,41.897,Pigna
3999,240.33853131648468,Entire home/apt,False,False,2.0,True,0,0,10.0,94.0,0,1.3400424414535397,0.1822227833786215,826.4695165183392,18.31079853259704,1789.9310849517356,38.99825598827725,12.48675,41.90426,Colonna
2328,290.3700932831459,Entire home/apt,False,False,4.0,False,0,1,7.0,80.0,1,2.593673234924186,1.562123988752448,770.8828752722281,17.079251852873007,2329.6446576658936,50.7573053986192,12.472,41.895,Regola
4171,93.51693825544152,Private room,False,True,2.0,False,0,1,10.0,93.0,1,1.402477878473809,0.2143280171726932,409.2824804753903,9.067834799857565,1107.6359802652378,24.13270089746215,12.508,41.889,Esquilino
152,305.5665957496551,Entire home/apt,False,False,6.0,False,0,1,9.0,88.0,2,2.5134433406283114,1.5155117070176969,799.7827767724056,17.719541982642003,2260.1524873205635,49.24323959402358,12.473,41.895,Regola
2852,104.03759380917867,Private room,False,True,2.0,False,0,0,10.0,90.0,1,1.9093361611256792,0.7866339602333333,451.0699605281242,9.99365494583696,885.4949587766183,19.29278695086226,12.50074,41.88372,Monti
2607,204.5683024337783,Entire home/apt,False,False,4.0,True,0,1,10.0,99.0,1,2.478110180663415,0.3281678275021925,573.5249195600965,12.706698850466095,1377.9047680339197,30.02120211388113,12.475,41.91,Campo Marzio
894,115.25962639983166,Private room,False,True,2.0,False,0,1,9.0,89.0,1,3.9311619174801216,1.5915106117283095,338.3145726767293,7.495509340770451,911.7684547192875,19.865222688245304,12.464,41.88,Monteverde
1229,288.03216982675985,Entire home/apt,False,False,5.0,False,0,1,9.0,96.0,1,2.285934014870438,1.3124676188919366,827.7424556396535,18.33900106315478,1980.837163112441,43.15763629538556,12.47628,41.89401,Sant'Eustachio
1810,150.79606293689943,Private room,False,True,3.0,False,0,1,10.0,96.0,1,3.083710682461156,0.9262253365949956,462.9442150065897,10.256734317954546,1248.2927458779727,27.19727058842121,12.475,41.882,Testaccio
4418,230.98683749094053,Entire home/apt,False,False,4.0,False,1,0,10.0,93.0,1,6.075306977380494,2.0511801877015525,112.92056326121062,2.501805139497272,332.7326168623456,7.24943651581816,12.552,41.941,
1476,187.03387651088303,Entire home/apt,False,False,4.0,False,0,1,9.0,87.0,1,5.282945248582728,2.844986432226966,232.9518887088531,5.161152367609586,665.9900769700283,14.510308092688366,12.448,41.876000000000005,Monteverde
3088,263.4839735347065,Entire home/apt,False,False,4.0,False,1,0,8.0,89.0,1,1.634661002426245,0.2728866057061126,984.1240450282075,21.80370450383829,1905.619456006836,41.51882493487177,12.483,41.904,Colonna
3337,129.5209594837865,Private room,False,True,3.0,False,1,0,9.0,93.0,1,0.3392030767591193,0.2070365171408368,540.2189804408539,11.96879100394256,1284.810530173544,27.992904516484863,12.49977,41.9033,Castro Pretorio
2948,358.169873518341,Entire home/apt,False,False,6.0,False,1,0,10.0,92.0,2,2.7106265882265066,1.5008130319531263,784.8704308382818,17.389152347464123,2342.848186392599,51.044978257960885,12.47,41.897,Parione
2805,115.72721109110888,Private room,False,True,2.0,False,0,1,9.0,93.0,1,0.816933303171834,0.4692069475302812,424.9985070968231,9.416030336954066,1154.1002721129655,25.145045094971064,12.50037,41.90809,Castro Pretorio
3732,219.7648049002876,Private room,False,True,2.0,False,1,0,10.0,93.0,1,0.5934411714313214,0.4655973200293629,465.230345749006,10.307384558050405,1263.9911513087557,27.53930075860173,12.49995,41.90593,Castro Pretorio
3295,128.35199775559346,Private room,False,True,3.0,False,0,1,10.0,100.0,1,4.115084463923312,1.0224191932526414,309.0090814176095,6.8462331900842335,767.3146376810945,16.717924458329865,12.459,41.919,
3987,104.03759380917867,Private room,False,True,4.0,False,0,1,10.0,94.0,1,3.037171437124343,0.9358170300505192,259.96304619360694,5.759596536390496,656.2147333961443,14.297327071087764,12.509,41.874,
1503,207.60760292708017,Entire home/apt,False,False,6.0,False,1,0,9.0,93.0,2,3.7433017820059504,1.1104014231326969,343.33410382687714,7.606719278682797,946.0823981995046,20.61284027143559,12.46924,41.87791,Trastevere
1373,184.4621607088584,Entire home/apt,False,False,2.0,False,1,0,9.0,91.0,1,3.008358113611711,1.9108279802210784,577.292033505805,12.790160929986936,2336.7279981364663,50.91163420336811,12.468,41.892,Trastevere
2712,113.15549528908424,Entire home/apt,False,False,2.0,False,0,0,10.0,100.0,0,7.50824079099216,1.8442455518496343,105.5436718149048,2.3383668391481183,297.4925500809131,6.481640952659175,12.54932,41.84316,
3089,171.13599700745797,Private room,False,True,2.0,True,1,0,10.0,96.0,1,4.274880595469387,0.9438970679667954,434.3287713072399,9.622746476869978,889.3108495197364,19.37592595284648,12.451,41.897,
3953,205.73726416197127,Entire home/apt,False,False,4.0,False,0,1,10.0,97.0,0,1.1299559293946837,0.6376332548669763,384.0339053868493,8.5084414254606,1250.2992118001564,27.24098661320168,12.501,41.911,
960,422.2289762233184,Entire home/apt,False,False,4.0,True,0,1,10.0,99.0,1,2.4781115251729697,0.3281900187642004,573.5211505965065,12.706615347406885,1377.9226346057026,30.021591383136176,12.475,41.91,Campo Marzio
1149,108.24585603067356,Private room,False,True,2.0,False,0,1,10.0,100.0,1,5.7507535111622925,0.2014882128633877,129.17400323477253,2.8619073076586643,418.8416275838175,9.12554295994074,12.548,41.862,
1491,230.5192527996633,Entire home/apt,False,False,2.0,True,0,0,10.0,99.0,1,1.127432458238816,0.1532399089728575,793.610140262183,17.582784484277415,1669.1910840239432,36.367624281954406,12.48884,41.90251,Trevi
2641,173.473920463844,Entire home/apt,False,False,2.0,False,0,1,9.0,97.0,1,2.6491671408148973,1.5254844806765124,787.7422189017622,17.452778085144356,2284.292959604072,49.76920192056509,12.470999999999998,41.896,Regola
3226,196.3855703364272,Entire home/apt,False,False,6.0,False,1,0,10.0,100.0,2,5.320043244426267,0.6471516755841279,185.9185921640616,4.119108831650012,508.4708406164278,11.078346072451534,12.48572,41.8546,San Paolo
272,207.60760292708017,Entire home/apt,False,False,6.0,False,0,1,9.0,89.0,1,0.9390232929169696,0.1221361411097289,802.6015217802784,17.78199252790997,1749.2020473288349,38.11086906666464,12.493,41.896,Monti
1808,150.79606293689943,Private room,False,True,3.0,False,0,1,10.0,94.0,1,3.0837330594364083,0.9262279962960412,462.93953728037707,10.256630680856556,1248.2623013999223,27.19660727710245,12.475,41.882,Testaccio
3875,312.11278142753605,Entire home/apt,False,False,5.0,False,0,1,9.0,92.0,1,2.0854119680062486,0.3675292288408496,670.2626836515315,14.849966900126654,1559.505320622828,33.977837593881084,12.479,41.908,Campo Marzio
636,124.6113202253758,Entire home/apt,False,False,2.0,False,1,0,10.0,100.0,1,6.881001092127981,0.4617371914536463,178.27010542218096,3.949653217122567,439.3555457352591,9.572491469924328,12.41947,41.90443,
4393,173.473920463844,Private room,False,True,3.0,False,1,0,9.0,80.0,1,3.617131832364499,0.4789727148047765,297.56368408814006,6.592655338225509,823.8796360685477,17.950338547138134,12.48352,41.87147,
1479,206.2048488532485,Entire home/apt,False,False,6.0,False,1,0,8.0,84.0,2,2.595041819390079,1.2215950123009314,935.952538547878,20.73644342216059,2347.9011523803515,51.15507012839496,12.470999999999998,41.9,Ponte
2411,126.94924368176184,Private room,False,True,2.0,False,0,0,9.0,97.0,1,3.1899101974681217,0.6462209364176862,322.03925830385504,7.134922535594837,771.2795970572892,16.804311304189984,12.48962,41.87375,
3980,128.35199775559346,Private room,False,True,2.0,False,1,0,10.0,100.0,1,3.862093735310329,0.6769686440963145,251.29328159986648,5.567514058297667,652.3246868184186,14.212572393368674,12.49147,41.86705,Garbatella
3005,171.13599700745797,Private room,False,True,2.0,False,0,1,9.0,73.0,1,3.091210134865389,1.0873659180539386,673.8201463463514,14.928784063240537,1496.1756883516596,32.59803854367291,12.465,41.901,Ponte
813,154.3029481214785,Entire home/apt,False,False,2.0,False,0,0,8.0,80.0,1,3.1397426561590374,0.5619929112651141,188.3347121766167,4.172639041653215,526.2983864649793,11.466765047064351,12.52268,41.92466,
1604,274.2384214340822,Entire home/apt,False,False,4.0,False,0,1,9.0,93.0,1,2.567972551689924,1.4730323700887484,839.4987666817517,18.59946734615244,2764.151900381169,60.224164107667065,12.472,41.896,Parione
2537,508.4983517639632,Entire home/apt,False,False,6.0,False,0,1,9.0,92.0,2,2.593683965400465,1.562135839947688,770.8757178962135,17.07909327803436,2329.5751923454645,50.755791917809134,12.472,41.895,Regola
690,119.93547331260372,Private room,False,True,2.0,False,0,0,10.0,99.0,1,4.498230715306205,1.8597546942863843,242.1132160335092,5.364125635927622,640.0191594224913,13.944464804483443,12.462,41.928,
4404,263.4839735347065,Entire home/apt,False,False,6.0,False,0,0,9.0,92.0,2,2.3176407869470386,0.5284616937550284,627.7370705320044,13.90779308882003,2039.0085378156527,44.425049427063215,12.476,41.908,Campo Marzio
793,80.65835924531831,Private room,False,True,2.0,False,1,0,9.0,86.0,1,3.7429798339422513,0.4911542833532931,302.75778705838945,6.70773299220416,1115.7982622378852,24.31053722004124,12.479,41.872,
531,242.20887008159352,Private room,False,True,3.0,False,0,1,10.0,87.0,1,1.1245204418288564,0.0991602757243494,774.3320162548505,17.15566910043149,1670.1307582728289,36.3880975041984,12.489,41.903,Trevi
2732,194.2814392256797,Private room,False,True,2.0,False,0,0,10.0,100.0,1,0.7833072490752438,0.6054965445306784,465.58568461056063,10.315257248058549,1253.3744626099556,27.30798886782308,12.49834,41.90729,Sallustiano
665,288.2659621723985,Entire home/apt,False,False,4.0,False,0,1,9.0,82.0,1,0.7365987091259328,0.1814850934460213,664.3561377984222,14.719104758234902,1521.43266753049,33.14832684683022,12.49352,41.90208,Castro Pretorio
111,207.60760292708017,Entire home/apt,False,False,3.0,True,0,1,9.0,89.0,0,2.677964707345575,1.2896835382717966,831.3210165772089,18.418285667189828,2364.5511032889526,51.51783216609842,12.47,41.9,Ponte
2670,179.3187291048091,Entire home/apt,False,False,2.0,True,0,0,10.0,100.0,1,2.961505949502787,1.5148009751644642,558.733959226681,12.37899856708511,2338.042179565213,50.94026702851102,12.470999999999998,41.888000000000005,Trastevere
2587,171.13599700745797,Private room,False,True,2.0,False,0,1,9.0,88.0,1,0.5319703841899668,0.4063921886643964,502.8591771746473,11.141068000066,1343.2507742504324,29.26617565954082,12.499,41.905,Castro Pretorio
4140,151.49743997381523,Private room,False,True,2.0,False,0,1,9.0,90.0,1,3.091208817353069,1.087376956585084,673.8168516966757,14.928711068816373,1496.21386699003,32.59887036358205,12.465,41.901,Ponte
973,173.0063357725668,Private room,False,True,2.0,True,1,0,10.0,100.0,1,4.959421718985851,0.2941685134806838,328.6128322277832,7.280562980105426,708.2180892264205,15.430354035069044,12.4425,41.90003,
2834,1248.2173333645055,Entire home/apt,False,False,6.0,False,1,0,10.0,100.0,2,1.3779324261288513,0.4867034810108435,579.0775603816933,12.82972006948994,1390.5580985982608,30.29688749003949,12.48892,41.90827,Ludovisi
3447,141.21057676571667,Entire home/apt,False,False,4.0,False,1,0,10.0,100.0,1,7.952538415423521,2.9003857469545604,108.458055730532,2.402936306816448,287.4855500528724,6.263612698918472,12.51578,41.83,
1355,178.8511444135319,Private room,False,True,2.0,False,0,1,10.0,100.0,1,1.97608890848912,0.274087911421696,317.4832857688048,7.033982944306838,801.7756402100698,17.468746101428984,12.513,41.885,
1635,427.6062001730063,Entire home/apt,False,False,6.0,True,0,1,10.0,97.0,2,2.4869201324763432,1.4235060648876037,876.6427805170414,19.42240943952231,2500.5875182201453,54.48173562462583,12.473,41.896,Parione
52,131.3912982488953,Private room,False,True,3.0,False,0,1,8.0,65.0,1,5.673157522095972,0.4781521597537271,177.7424411665695,3.9379625816130366,492.8703941163103,10.738450189722949,12.48097,41.852340000000005,San Paolo
1898,149.3933088630678,Private room,False,True,2.0,False,0,1,8.0,80.0,1,3.523236121074416,0.6047183673336886,640.9044713347882,14.199522691036256,1512.1920200624552,32.946995556209295,12.46,41.904,Borgo
3637,93.51693825544152,Private room,False,True,2.0,False,0,1,9.0,92.0,1,1.4024861415156251,0.2143346385415938,409.2828861173938,9.067843787035985,1107.5383383195715,24.13057351634436,12.508,41.889,Esquilino
922,285.69424637037383,Entire home/apt,False,False,4.0,True,0,1,10.0,97.0,1,3.16487453959244,1.899211394643453,523.164054749636,11.590931564388296,1964.772364817966,42.80762331357019,12.467,41.89,Trastevere
4204,161.7843031819138,Entire home/apt,False,False,4.0,True,1,0,10.0,94.0,1,3.670583859433689,0.314795489365318,193.427153115926,4.285464328267125,579.4334364718108,12.624448881675338,12.526,41.873000000000005,
4291,230.98683749094053,Entire home/apt,False,False,6.0,False,0,1,10.0,95.0,3,2.892345149642323,1.712729500631576,601.407519013767,13.324450202399872,2929.189477296001,63.81993252932288,12.47,41.891000000000005,Trastevere
1899,149.3933088630678,Private room,False,True,2.0,False,0,1,10.0,100.0,1,3.523239543346669,0.6047075999582323,640.9025991419994,14.19948121177503,1512.1640797386572,32.946386804336655,12.46,41.904,Borgo
4439,182.59182194374955,Entire home/apt,False,False,4.0,False,1,0,9.0,87.0,0,2.2779800091019755,1.299213375454773,993.5051189586384,22.011546355626308,2072.090236184237,45.14581937868389,12.47554,41.89614,Sant'Eustachio
3153,203.39934070558527,Entire home/apt,False,False,4.0,False,0,1,10.0,80.0,1,2.7795887909532664,1.731046662954127,673.302658553785,14.917318891781244,1906.871064995868,41.54609445835336,12.46995,41.89425,Regola
1063,115.25962639983166,Private room,False,True,2.0,False,0,1,8.0,89.0,1,3.611593176162391,1.3045749528154185,287.57607649820034,6.371375464319881,716.3455000906442,15.607430600792496,12.47151,41.92389,
2407,91.17901479905548,Private room,False,True,3.0,False,1,0,10.0,99.0,1,2.8037921745853334,0.8480398561308429,280.1821591638353,6.207559947872783,710.1224475490405,15.471845382966915,12.508,41.876000000000005,
346,240.8061160077619,Entire home/apt,False,False,2.0,False,0,0,9.0,87.0,1,3.164887098323934,1.8992194036420853,523.1608805982862,11.590861239657965,1964.7139395232343,42.806350368137096,12.467,41.89,Trastevere
72,293.87697846772494,Entire home/apt,False,False,4.0,True,1,0,10.0,100.0,2,1.1269112441665718,0.8099691348034533,435.98549825710944,9.659451996911882,1156.46242227258,25.19651061639915,12.49734,41.91033,Ludovisi
4161,173.473920463844,Private room,False,True,3.0,False,0,1,10.0,100.0,1,7.963485322534634,0.4271770114554346,124.92767313762717,2.7678279818545084,335.0861883275893,7.300715128307733,12.46001,41.83651,
4223,138.63886096369205,Private room,False,True,3.0,True,1,0,10.0,96.0,1,1.501617523318805,0.536528396179675,338.69463163258723,7.503929715426906,864.0599656550665,18.82577045179756,12.513,41.89,Esquilino
358,149.860893554345,Private room,False,True,2.0,True,0,0,10.0,98.0,1,4.319090024303124,2.3643499026472226,214.2875458606929,4.747635577449308,543.5111329231895,11.841789034458088,12.475,41.934,
3665,111.0513641783368,Private room,False,True,2.0,False,1,0,10.0,90.0,1,0.2170208198743658,0.3456469005666142,515.1713097652773,11.413848755880656,1187.3724328486153,25.869964759510527,12.503,41.899,Esquilino
2468,196.3855703364272,Entire home/apt,False,False,2.0,True,1,0,10.0,98.0,1,2.5936935649953483,1.5621364686326675,770.8757823483415,17.079094705999832,2329.571210097287,50.75570515428224,12.472,41.895,Regola
2293,217.1930890982629,Entire home/apt,False,False,4.0,True,0,0,10.0,98.0,1,3.5358915028313085,0.4996759138652547,612.3033594734673,13.565852378176874,1438.7738027681985,31.34739071314262,12.46,41.905,Borgo
1890,182.1242372524724,Entire home/apt,False,False,4.0,False,0,1,10.0,95.0,1,3.0121114634622512,1.743852715045878,569.5151008729384,12.617859539801495,4589.772131066023,100.0,12.469,41.89,Trastevere
2049,344.609917471302,Entire home/apt,False,False,6.0,False,1,0,9.0,92.0,2,2.5936670503985773,1.562116141280666,770.8876603159711,17.079357867638457,2329.6906340326896,50.758307112113535,12.472,41.895,Regola
4177,116.66238047366328,Private room,False,True,2.0,True,0,0,10.0,93.0,1,2.5886224470356494,0.4980684899204212,231.9903552553372,5.139849167675664,642.0370719562511,13.988430223160805,12.52478,41.88476,
3170,196.3855703364272,Entire home/apt,False,False,4.0,False,0,0,10.0,97.0,1,3.352275267572189,0.78155595324068,228.57257514221328,5.064126734083959,594.4502710257025,12.951629275931726,12.514,41.872,
2876,276.3425525448297,Entire home/apt,False,False,4.0,True,0,0,10.0,98.0,1,1.2490458678857594,0.1437429573445014,1262.8252431122153,27.978453102441254,1411.8988127762864,30.76184987964442,12.493,41.892,Monti
3723,199.1910784840904,Entire home/apt,False,False,2.0,False,0,1,9.0,56.0,1,2.7106209133213803,1.500817492167767,784.8705585667304,17.389155177344527,2342.746734383428,51.042767864802485,12.47,41.897,Parione
4226,208.0751876183573,Entire home/apt,False,False,3.0,False,0,0,9.0,88.0,1,2.2613181993024654,0.8938377404390901,1076.7582760769835,23.85605695974226,2317.949800308988,50.50250282840555,12.475,41.901,Sant'Eustachio
1664,259.2757113132116,Entire home/apt,False,False,3.0,True,1,0,9.0,95.0,1,2.790376873575616,1.253452824916215,750.695026374585,16.631981110778973,1911.978298712899,41.65736869095552,12.46863,41.90042,Ponte
3277,104.03759380917867,Private room,False,True,2.0,False,1,0,10.0,92.0,1,4.175283589357997,1.4494439630884763,297.8608456026223,6.599239083317824,813.2555996996641,17.718866568453738,12.46482,41.87576,
189,196.15177799078856,Entire home/apt,False,False,2.0,False,1,0,9.0,91.0,0,3.465364752648885,0.2749162501073395,340.7893452712009,7.550339024728135,1033.0062680152976,22.506700518384363,12.47914,41.87489,
260,149.860893554345,Entire home/apt,False,False,4.0,False,0,1,9.0,91.0,1,6.675406504551789,0.4113574239873481,186.7783313981912,4.138156735525565,462.4827788295437,10.076377772639605,12.422,41.905,
1922,348.11680265588103,Entire home/apt,False,False,6.0,False,0,1,9.0,88.0,2,2.59369093131479,1.5621340093356475,770.8772475349749,17.079127167859244,2329.585637345051,50.75601948901068,12.472,41.895,Regola
2050,167.6291118228789,Entire home/apt,False,False,4.0,True,0,0,10.0,98.0,1,6.683912704408657,0.5001197072029351,186.1538512309662,4.124321100573377,456.35144042649887,9.942790783395743,12.422,41.906000000000006,
2454,164.12222663829985,Private room,False,True,4.0,False,1,0,9.0,75.0,2,7.738599438005735,3.03176531286662,111.02838584898258,2.4598831100808733,294.60085138797314,6.418637853368747,12.51695,41.83208,
2223,80.8921515909569,Private room,False,True,2.0,False,0,1,10.0,88.0,1,0.5267020838087667,0.2840957536821826,461.205728104854,10.218217369932866,1060.780938346901,23.11184320386998,12.5055,41.8968,Esquilino
739,276.57634489046825,Entire home/apt,False,False,2.0,False,1,0,10.0,100.0,1,2.4122308916826074,0.9217026586496186,837.6482537662285,18.558468412131425,1864.283921283731,40.61822391280091,12.47325,41.90237,Campo Marzio
1738,259.2757113132116,Entire home/apt,False,False,4.0,True,1,0,10.0,98.0,2,1.9068620307596345,0.124408924739251,341.1221438683796,7.557712325186381,830.0235295952654,18.084199082068235,12.511,41.885,
2412,157.10845626914173,Private room,False,True,2.0,True,1,0,10.0,95.0,1,0.7328183942136494,0.2272872050736583,684.8397075920977,15.172927327880831,1617.7168531535026,35.2461256671967,12.49342,41.90105,Castro Pretorio
3283,126.94924368176184,Private room,False,True,2.0,False,1,0,4.0,60.0,1,3.007149975622521,1.7431782936262366,271.1463731660708,6.007368103307567,678.754256130383,14.788408590836411,12.48812,41.9258,
3530,173.473920463844,Entire home/apt,False,False,2.0,False,0,0,10.0,100.0,1,0.9995938288131936,0.2140987099145174,815.652112267909,18.071134145809108,1839.5143214796528,40.078554423842526,12.49181,41.89638,Monti
3845,108.71344072195076,Private room,False,True,3.0,False,0,1,10.0,93.0,1,1.1122699705695882,0.5157509861075272,627.127770777095,13.89429378263254,1145.2683921657072,24.95261985696241,12.5,41.891000000000005,Monti
875,138.40506861805343,Entire home/apt,False,False,3.0,False,1,0,10.0,92.0,1,1.257809802077221,1.0866524537580304,303.92240940374944,6.733535716571155,830.1596806462759,18.087165483168828,12.51666,41.89737,
3572,225.37582119561404,Entire home/apt,False,False,4.0,True,0,1,10.0,90.0,1,2.308250181015948,0.9057006717121386,995.87442794956,22.064039446692743,2081.822295922029,45.357857350502144,12.47444,41.90132,Sant'Eustachio
3971,305.0990110583779,Entire home/apt,False,False,4.0,False,1,0,10.0,93.0,1,1.982993896134246,0.3630113501713517,823.036070225265,18.23472900784333,1827.1332897742147,39.80880177922567,12.479,41.905,Campo Marzio
4489,730.6010801206368,Entire home/apt,False,False,4.0,True,0,0,10.0,99.0,2,1.8488255044112072,0.7568849284438228,1243.4652385618294,27.54952361886433,2097.816513686253,45.70633255379093,12.48,41.9,Colonna
3005,171.13599700745797,Private room,False,True,2.0,False,0,1,9.0,73.0,1,3.091210134865389,1.0873659180539386,673.8201463463514,14.928784063240537,1496.1756883516596,32.59803854367291,12.465,41.901,Ponte
1713,161.5505108362752,Entire home/apt,False,False,3.0,False,1,0,8.0,79.0,1,1.4335143212028,0.5393079720719705,545.1705749941598,12.078495776433922,1027.1463738153782,22.379027639806,12.501,41.888000000000005,Celio
1360,242.20887008159352,Entire home/apt,False,False,6.0,True,0,0,10.0,94.0,2,4.325932930628161,0.2957053478461563,536.1104897919375,11.877765572221517,991.0060677702415,21.591618047061303,12.451,41.908,
583,154.3029481214785,Entire home/apt,False,False,4.0,False,0,0,10.0,100.0,1,4.29233844469088,1.310813209715061,213.1899568011604,4.7233180052473145,553.7484309184736,12.064834922204726,12.49803,41.86236,Tor Marancia
1058,198.4897014471746,Entire home/apt,False,False,2.0,False,1,0,9.0,93.0,1,0.3288301770918342,0.3762567539393873,426.3215132773248,9.44534212540405,1136.622135496052,24.764238899852742,12.505,41.903,Castro Pretorio
1572,132.56025997708835,Private room,False,True,2.0,True,1,0,10.0,98.0,1,1.1872043003433166,0.4966208618759442,598.4772578567214,13.259528967409151,1116.884515466753,24.33420404266008,12.50054,41.89026,Monti
4483,170.20082762490355,Entire home/apt,False,False,3.0,False,0,0,9.0,88.0,1,2.8327816687769265,1.4763595006731325,729.1323241117024,16.154249882871962,1949.1833742583124,42.467977027992326,12.46828,41.89836,Ponte
2135,228.8827063801931,Entire home/apt,False,False,2.0,True,0,0,10.0,96.0,1,3.480135209543541,0.1883043258880846,206.7506229962323,4.580651710085097,579.5175466683312,12.62628143880712,12.52218,41.87331,
250,451.9206041194211,Private room,False,True,2.0,True,0,1,10.0,97.0,1,2.0838267276329883,1.2310623719041616,1022.9335933001344,22.66354725102397,1955.1279600701016,42.59749513133243,12.478,41.896,Pigna
28,412.6434900521357,Entire home/apt,False,False,5.0,True,1,0,10.0,100.0,2,2.782975895571892,1.424945996575384,760.8355440669172,16.85664877579189,2039.612027279488,44.43819799842147,12.46882,41.89888,Parione
2157,138.63886096369205,Entire home/apt,False,False,4.0,False,0,0,9.0,84.0,2,2.100555775616076,0.4159195124825667,226.38312073551964,5.015618401065018,642.6887311459172,14.002628295985712,12.52477,41.9095,
3431,326.14032216585224,Entire home/apt,False,False,4.0,False,0,1,10.0,60.0,1,2.932504923784077,1.814131137072656,593.408198174989,13.14722170292234,2765.0099263403827,60.24285841175693,12.46911,41.89171,Trastevere
822,236.1302690949898,Entire home/apt,False,False,4.0,False,0,1,9.0,94.0,1,3.18418128400566,1.789924461780128,552.9178541880963,12.250140181533771,1471.1882473286566,32.05362282303452,12.465,41.894,Trastevere
1783,253.6646950178851,Entire home/apt,False,False,4.0,False,0,1,10.0,97.0,1,2.086448013587613,0.3746936103285894,655.5057649641776,14.52302082450566,1527.0494871351295,33.27070371967369,12.47919,41.90836,Campo Marzio
61,219.0634278633717,Entire home/apt,False,False,4.0,True,0,0,10.0,97.0,1,5.311414362360876,0.7982666646443475,268.82003751123176,5.955827105553165,624.8788614224823,13.6145944412571,12.44,41.912,
885,213.21861922240663,Entire home/apt,False,False,4.0,False,0,1,10.0,98.0,1,3.1841651137893776,1.7899268905652082,552.922009186551,12.25023223736655,1471.2057841446365,32.0540049077106,12.465,41.894,Trastevere
3346,201.06141724919925,Entire home/apt,False,False,4.0,False,1,0,10.0,99.0,1,2.571571442542657,1.397969917897682,918.6773476315092,20.35370390889416,2471.309929180108,53.843847986547445,12.47168,41.89708,Parione
4155,196.61936268206577,Entire home/apt,False,False,4.0,False,0,0,9.0,85.0,2,3.376261920191261,0.3489093881326505,215.6425939263909,4.777657268070769,593.2059122464791,12.924517716932948,12.51945,41.87333,
1306,268.39361279311714,Entire home/apt,False,False,4.0,False,1,0,8.0,89.0,1,2.3442956333118894,0.956489356068969,1024.5457206669278,22.699264647530736,2093.434796781908,45.61086557244151,12.474,41.901,Ponte
1988,168.79807355107192,Entire home/apt,False,False,4.0,False,0,0,10.0,91.0,1,4.1607886037025015,1.3535657659821656,295.570024472166,6.548484925595576,838.1826658630707,18.26196686737025,12.466,41.875,
2664,213.9199962593225,Entire home/apt,False,False,4.0,False,0,1,10.0,100.0,1,4.836825592402497,0.8616144569182971,323.24374570431576,7.161608487930743,719.9423771574146,15.68579782609383,12.44449,41.89506,
4102,312.11278142753605,Private room,False,True,3.0,True,1,0,10.0,94.0,1,0.7703155407519638,0.4250003405587237,532.6135116028884,11.800288470147244,1341.446227470116,29.226858963008063,12.496,41.906000000000006,Sallustiano
1658,97.72520047693638,Private room,False,True,2.0,False,0,0,8.0,78.0,1,3.101548569805069,0.5725562634956398,198.20309485226468,4.391277434727392,558.0595233389256,12.158763167384311,12.5324,41.88438,Pigneto
893,115.25962639983166,Private room,False,True,2.0,False,0,1,9.0,88.0,1,3.931162845348563,1.5914995592656316,338.3138966938288,7.495494364069609,911.7656616290903,19.865161833585915,12.464,41.88,Monteverde
322,235.1950997124354,Private room,False,True,2.0,True,0,1,10.0,96.0,1,1.924025288303573,1.1034140337225,1056.9951697215702,23.418196576970075,1833.2063262737545,39.94111851143192,12.48,41.896,Pigna
1873,320.5293058705258,Entire home/apt,False,False,2.0,False,1,0,10.0,97.0,1,2.62384093173684,1.653886843406264,734.5638520620662,16.274587792541347,2058.108840827352,44.84119869256633,12.472,41.894,Regola
2372,246.18333995744976,Entire home/apt,False,False,6.0,False,0,0,9.0,83.0,2,3.5091500061918897,0.7301686457964917,217.15992050576924,4.811274311104848,591.0114213836437,12.876705084842088,12.515999999999998,41.871,
8,265.1205199541767,Entire home/apt,False,False,4.0,False,0,1,10.0,94.0,1,2.5679603711210865,1.47302032097202,839.5064812749043,18.599638266383803,2764.040964975944,60.22174709431525,12.472,41.896,Parione
170,103.80380146354008,Shared room,True,False,6.0,False,1,0,8.0,72.0,1,2.273166261473236,0.241203185629923,220.90964507458887,4.894351121271581,651.1781693006257,14.18759255809466,12.52224,41.91486,
2574,187.2676688565216,Entire home/apt,False,False,6.0,False,0,0,10.0,93.0,2,6.540317796407327,1.4944820988056546,108.56429578989186,2.40529010243038,308.5427942278985,6.722398964853103,12.54481,41.95043,
3210,173.70771280948262,Entire home/apt,False,False,5.0,False,0,0,10.0,100.0,2,4.265666426026813,0.7914280607685807,329.9042583500826,7.309175098365728,812.0063122504503,17.691647625692767,12.455,41.916,
337,211.1144881116592,Entire home/apt,False,False,6.0,False,0,0,9.0,90.0,2,3.5473655594417504,0.3002736646027779,316.8910432401943,7.020861548529887,932.2368952179368,20.311180350502827,12.48108,41.87313,
4313,177.91597503097748,Entire home/apt,False,False,6.0,True,1,0,9.0,95.0,2,1.3318222507196529,0.5678528546740907,602.2962584669541,13.344140618985154,1111.8453744807005,24.22441338547373,12.5,41.889,Monti
1305,207.60760292708017,Entire home/apt,False,False,4.0,False,1,0,8.0,85.0,1,2.1624126347272266,0.4426141467226264,658.4277743838385,14.587759238596426,1580.4509520131107,34.43419208800753,12.478,41.908,Campo Marzio
3011,230.98683749094053,Entire home/apt,False,False,4.0,True,1,0,10.0,97.0,1,2.2099580134990573,1.178498188383301,815.3807433090624,18.06512184622137,2019.685188709078,44.00404052826006,12.47769,41.89318,Sant'Angelo
2880,277.27772192738405,Entire home/apt,False,False,5.0,True,0,0,10.0,99.0,1,2.969298427808036,1.787652225619221,579.5776562939329,12.840799916130347,2950.374834951416,64.28151007719332,12.469,41.891000000000005,Trastevere
1922,348.11680265588103,Entire home/apt,False,False,6.0,False,0,1,9.0,88.0,2,2.59369093131479,1.5621340093356475,770.8772475349749,17.079127167859244,2329.585637345051,50.75601948901068,12.472,41.895,Regola
173,87.43833726883781,Private room,False,True,2.0,False,0,1,8.0,81.0,1,0.423058613777745,0.327568914700601,481.3623507942127,10.664796281539015,1405.2663575321965,30.61734477013805,12.50066,41.90449,Castro Pretorio
2576,203.39934070558527,Private room,False,True,2.0,False,0,1,9.0,87.0,1,0.2863214668645035,0.2165667368387832,596.6262868485229,13.218519884141832,1500.087615359368,32.68326994287965,12.499,41.9,Castro Pretorio
2192,143.31470787646413,Private room,False,True,2.0,False,0,0,10.0,100.0,1,3.889402622057262,0.1131884251712138,471.4638154535592,10.445489842804228,1292.1189965160834,28.152138267831067,12.457,41.91,Prati
2737,212.75103453112945,Private room,False,True,3.0,True,1,0,10.0,96.0,1,0.8754400206266849,0.4640427212608489,748.7541706919747,16.588980592701986,1783.8473938211744,38.86570711750906,12.492,41.899,Monti
2145,146.82159306104316,Private room,False,True,2.0,False,0,1,10.0,96.0,1,3.0837024727888505,0.9262175734962992,462.9446864957662,10.256744764006273,1248.2978059720024,27.19738083559438,12.475,41.882,Testaccio
2259,78.55422813457086,Private room,False,True,2.0,False,1,0,9.0,81.0,1,1.4497058628780992,0.4503693265316869,271.7161841498082,6.019992518263405,785.5200057325674,17.114575262151895,12.51694,41.90793,
128,105.90793257428751,Private room,False,True,3.0,True,0,1,9.0,92.0,1,2.612003508807289,0.3118453783982873,214.85610037207783,4.760232154703151,610.7315840941332,13.306359589409167,12.53057,41.89062,Pigneto
1743,265.1205199541767,Entire home/apt,False,False,4.0,True,1,0,10.0,100.0,2,1.4335446335331157,0.5393194985253208,545.1630323706535,12.078328666266309,1027.1325474339094,22.378726396496447,12.501,41.888000000000005,Celio
1986,528.1369087976059,Entire home/apt,False,False,6.0,True,1,0,10.0,95.0,2,2.7106386484282186,1.5008208609332991,784.8610823187267,17.388945226868955,2343.0061003588303,51.048418820187536,12.47,41.897,Parione
1770,281.25219180324035,Entire home/apt,False,False,4.0,False,0,0,4.0,60.0,2,0.584559720237498,0.3775676283092177,446.4408273834461,9.89109444880877,1276.989715759238,27.82250794360555,12.501,41.90605,Castro Pretorio
2072,205.73726416197127,Entire home/apt,False,False,6.0,False,0,1,9.0,86.0,2,4.62647566830325,0.3370443557279564,369.2455770268677,8.18079945461786,813.8267883726143,17.73131138393998,12.44801,41.91051,
3374,2311.738713674514,Private room,False,True,2.0,False,0,0,10.0,100.0,1,1.731672080705369,1.0546440966739072,308.2087986399343,6.828502570359926,819.4553879952518,17.85394491479743,12.50391,41.91641,
1853,259.5095036588502,Entire home/apt,False,False,4.0,False,0,1,10.0,100.0,1,2.5936857389407804,1.5621232443717503,770.8839730416375,17.07927617444094,2329.648596810164,50.757391223016526,12.472,41.895,Regola
736,201.76279428611505,Entire home/apt,False,False,4.0,True,0,0,10.0,98.0,1,3.5400372406497014,0.3030260181343537,326.2079307664599,7.227281322078221,983.698322954624,21.432400016036308,12.47949,41.87392,
1950,218.3620508264559,Entire home/apt,False,False,4.0,False,0,0,10.0,96.0,1,2.752814716935536,1.3776863055421795,779.6042993975598,17.27247887079017,2131.3065155176987,46.43599844732772,12.46914,41.89935,Ponte
4022,235.6626844037126,Entire home/apt,False,False,6.0,True,0,0,10.0,95.0,2,6.503005819442027,0.2241539851076505,194.96238350873915,4.319478038225051,488.89940472621737,10.651931964488732,12.424,41.904,
4369,104.03759380917867,Private room,False,True,4.0,True,0,1,10.0,94.0,1,4.169629013623697,0.8701062292357262,158.6377291158369,3.514689216543338,453.00993268354233,9.869987436137183,12.544,41.88,
4112,211.5820728029364,Entire home/apt,False,False,4.0,False,0,0,10.0,93.0,1,3.839348697079859,0.2373363008258226,608.9404898101373,13.491346509943494,1420.1261590725726,30.94110379599028,12.45677,41.90722,Prati
4000,209.2441493465504,Entire home/apt,False,False,4.0,True,1,0,10.0,98.0,2,4.081435697043984,0.3457665159769419,669.9478530543495,14.84299168867399,1381.002668958437,30.08869785955332,12.454,41.908,
1817,161.5505108362752,Private room,False,True,3.0,True,0,1,10.0,93.0,1,4.300302439068623,0.7189618643120721,339.70120711994866,7.526230841588909,849.2193446696477,18.50242932370605,12.454,41.915,
88,210.8806957660206,Private room,False,True,2.0,False,0,1,10.0,93.0,4,0.6830576191693991,0.1245417145648351,636.7186006848044,14.106782871087114,1488.5442372936998,32.431767738935,12.49441,41.90275,Castro Pretorio
4036,182.59182194374955,Private room,False,True,3.0,False,1,0,10.0,97.0,1,1.112269902294383,0.5157566227155354,627.133765320291,13.894426594394576,1145.2741411233162,24.952745112801804,12.5,41.891000000000005,Monti
4193,265.8218969910925,Entire home/apt,False,False,6.0,True,0,0,10.0,99.0,2,1.7864457406307443,0.7629707637265228,478.061170534931,10.591657169400747,914.4138551168533,19.92285954519644,12.50072,41.88483,Monti
3748,248.5212634138358,Private room,False,True,3.0,False,0,1,9.0,93.0,1,1.2323922024638865,0.0748090202205934,801.7051620538116,17.762133280791925,1831.240837372254,39.89829527652235,12.488,41.904,Colonna
4099,312.11278142753605,Private room,False,True,3.0,True,1,0,9.0,94.0,1,0.7703079734925816,0.42499481293178,532.6141127130654,11.800301788009705,1341.437323282586,29.22666496236324,12.496,41.906000000000006,Sallustiano
1160,147.522970097959,Private room,False,True,4.0,False,0,1,9.0,93.0,1,5.750756502444248,0.2014953762823692,129.17397772119566,2.861906742394058,418.84036572835856,9.125515467171535,12.548,41.862,
1980,175.81184392023005,Entire home/apt,False,False,3.0,False,0,0,10.0,97.0,1,3.994043337923975,0.284445196134004,658.8868818108874,14.597930967176238,1256.1121800020203,27.367637088124354,12.45501,41.90776,Prati
507,156.87466392350314,Private room,False,True,2.0,True,1,0,10.0,96.0,1,4.016089252455729,0.7175116640132168,157.95091746897094,3.499472600026636,464.6998598666341,10.12468258982397,12.529000000000002,41.931,Monte Sacro
3280,184.9297454001356,Entire home/apt,False,False,5.0,False,0,0,10.0,100.0,2,3.728368800517024,0.8271404777969138,180.45198995675284,3.99799383626874,511.1816379793365,11.137407770625188,12.53348,41.87675,
80,230.5192527996633,Entire home/apt,False,False,2.0,True,1,0,9.0,97.0,1,2.932603380832949,1.3642740655802694,684.7148364457144,15.170160752274278,1743.5849396307076,37.98848591696298,12.467,41.899,Ponte
2154,184.9297454001356,Entire home/apt,False,False,2.0,True,0,0,10.0,97.0,1,3.317805939338548,0.6199727470636089,385.5982178081537,8.543099460652522,1097.823016818824,23.91890023010452,12.47581,41.87847,Testaccio
4217,144.48366960465714,Private room,False,True,2.0,True,1,0,10.0,94.0,1,1.5016019964906973,0.5365413771963742,338.6949738199416,7.503937296739441,864.0520240627771,18.82559742376779,12.513,41.89,Esquilino
1711,92.11418418160989,Entire home/apt,False,False,2.0,False,0,1,10.0,87.0,1,0.5309069134204836,0.2083596179235248,495.717987632551,10.982851779897022,1108.6902920578257,24.155671793674006,12.5042,41.89632,Esquilino
3,298.55282538049704,Entire home/apt,False,False,4.0,False,0,1,9.0,90.0,1,2.203022845207594,0.4946992315108635,691.7164214130573,15.325283971199475,1625.9112968801742,35.42466271637192,12.477,41.907,Campo Marzio
894,115.25962639983166,Private room,False,True,2.0,False,0,1,9.0,89.0,1,3.9311619174801216,1.5915106117283095,338.3145726767293,7.495509340770451,911.7684547192875,19.865222688245304,12.464,41.88,Monteverde
4349,150.32847824562222,Private room,False,True,2.0,False,0,0,10.0,100.0,1,2.175779052896449,0.3718402125306389,222.43909944498125,4.928236860892122,637.0753471272632,13.880326276226176,12.52498,41.91063,
4374,196.3855703364272,Entire home/apt,False,False,2.0,False,0,0,10.0,100.0,1,5.002956226050444,2.933508894042815,188.4068198362736,4.174236618820001,561.0125771378033,12.223103045586322,12.46934,41.93861,
3076,230.98683749094053,Entire home/apt,False,False,4.0,True,1,0,10.0,100.0,1,5.56555582956335,0.8615485542414165,137.23815968740672,3.0405722689043952,381.3742131656793,8.309218895298429,12.53834,41.85865,
3359,172.07116639001237,Entire home/apt,False,False,4.0,False,0,0,10.0,96.0,2,1.12995102222205,0.6376271251230973,384.03377607571576,8.50843856051511,1250.3146800214247,27.24132362821738,12.501,41.911,
2770,261.379842423959,Entire home/apt,False,False,4.0,True,0,0,10.0,100.0,1,2.874621227344242,1.5959738193516642,686.005077053031,15.19874660492457,1851.3044581258048,40.33543289862235,12.468,41.897,Regola
4278,158.51121034297336,Entire home/apt,False,False,4.0,True,0,0,10.0,96.0,1,5.446773693214212,0.1038752977021772,197.07802851331067,4.366351091218464,537.2194123831581,11.704707707534563,12.47841,41.85519,San Paolo
1419,94.45210763799592,Private room,False,True,2.0,False,1,0,9.0,91.0,1,7.316628844665411,0.2274630170921753,103.86655556073654,2.301209585030401,330.6536682195241,7.20414126839727,12.56544,41.85496,Appio Claudio
3446,73.87838122179879,Private room,False,True,2.0,True,1,0,10.0,100.0,1,3.6572813169345664,0.4865690955126202,167.9345005141393,3.720663308358675,469.8882877203359,10.237725845688104,12.5441,41.89057,
1280,69.43632665466532,Private room,False,True,3.0,False,1,0,8.0,86.0,1,2.7993870030334147,0.1115619861287688,241.620685047873,5.35321339358983,673.3749869893935,14.671207366301104,12.519,41.879,
1317,242.20887008159352,Entire home/apt,False,False,4.0,False,0,1,9.0,92.0,1,1.2928151725803416,0.5740376322343277,620.9351182443585,13.757092820415568,1123.3777275217503,24.475675380878528,12.49978,41.88938,Monti
74,87.43833726883781,Private room,False,True,2.0,False,0,1,9.0,90.0,1,0.2321991802557823,0.2843313256206749,575.5182125741172,12.750861140867228,1416.7314561954909,30.86714145580992,12.501,41.899,Esquilino
1049,184.4621607088584,Entire home/apt,False,False,4.0,False,1,0,9.0,95.0,1,4.024840329521151,1.3663515422711283,314.0965914521585,6.958949230317189,857.5325695281525,18.683554325582207,12.4659,41.87689,
1307,126.71545133612324,Private room,False,True,3.0,True,1,0,10.0,99.0,1,6.709528694653719,2.370711412795912,104.49789677556085,2.315197229533822,304.35891859801285,6.631242464913445,12.556,41.946000000000005,
3200,202.23037897739223,Entire home/apt,False,False,4.0,True,0,0,10.0,98.0,1,3.399462942330804,1.3697405216291685,429.4147210856012,9.513873515691024,1160.9822956735843,25.29498769264465,12.469,41.883,
4496,219.7648049002876,Private room,False,True,2.0,True,0,1,10.0,100.0,1,3.332020209593408,0.2557182492745026,468.8868686789826,10.388396444590006,1279.3426797695556,27.87377332112596,12.464,41.91,Prati
1940,317.7237977228625,Entire home/apt,False,False,4.0,True,0,0,10.0,98.0,1,2.530464077121131,1.305017169741223,1087.3756665574258,24.09128995278512,3284.637332375368,71.56427897897572,12.472,41.898,Parione
135,484.1839478175484,Entire home/apt,False,False,5.0,False,0,1,10.0,97.0,2,2.162406864767728,0.4426080558418125,658.4347430209278,14.587913631840507,1580.4500723213791,34.43417292165882,12.478,41.908,Campo Marzio
235,122.27339676898976,Private room,False,True,5.0,False,1,0,9.0,90.0,1,3.4517315647782434,0.3140531333583393,180.3834437775112,3.996475165279444,521.1777751911759,11.355199349953937,12.538,41.885,Pigneto
4527,508.4983517639632,Entire home/apt,False,False,5.0,True,1,0,10.0,98.0,2,1.4242017628944892,0.2696606748300711,801.7148674084947,17.76234830722755,1658.5121700011443,36.13495665232377,12.486,41.905,Colonna
4351,248.7550557594744,Entire home/apt,False,False,6.0,True,0,0,10.0,95.0,3,6.198482539514672,0.1946804968784724,211.32891393332912,4.6820857754647305,528.4452999416962,11.513541083333898,12.42757,41.90185,
1514,270.7315362495032,Entire home/apt,False,False,4.0,True,1,0,9.0,95.0,1,4.071931988257941,1.2608324671940043,303.0130589783116,6.713388654758315,863.7006692136224,18.81794225398765,12.4671,41.8753,
3618,143.54850022210272,Private room,False,True,2.0,False,0,0,5.0,40.0,1,1.122544394733159,0.5832406980819161,525.5820123528281,11.64450248702671,1259.543487841423,27.442396961630443,12.49292,41.908190000000005,Sallustiano
909,230.5192527996633,Entire home/apt,False,False,4.0,False,0,1,10.0,95.0,2,2.5616490537208194,1.0266273794806764,248.9822776239836,5.516312740687445,660.7586571329047,14.39632814580354,12.50356,41.92391,
2492,159.44637972552778,Private room,False,True,2.0,False,1,0,10.0,100.0,1,4.548994612904837,2.269294935977588,222.8696817895548,4.937776603623824,576.5089536100038,12.560731494879324,12.46661,41.93199,
3266,115.72721109110888,Private room,False,True,2.0,True,1,0,10.0,97.0,1,2.968124527062392,0.2185728928412985,227.21764861339548,5.03410773616596,634.3863939956614,13.821740510858834,12.52151,41.87836,
3712,242.6764547728708,Entire home/apt,False,False,2.0,False,0,1,9.0,91.0,1,2.465494239976538,1.4967314629894757,768.7595206822581,17.03220799059724,2174.0956003809333,47.36826880065561,12.474,41.894,Regola
4093,173.473920463844,Private room,False,True,5.0,False,0,1,10.0,94.0,1,8.188246527902132,0.638838478647815,121.1936675345061,2.685099432341429,326.9561675741937,7.123581699430789,12.45974,41.83436,
1091,78.32043578893226,Private room,False,True,3.0,False,0,1,9.0,90.0,1,3.543067228415495,0.2057915007538864,202.9491862117057,4.496429192854088,570.7693819784488,12.435680153164414,12.523,41.873000000000005,
459,172.7725434269282,Private room,False,True,2.0,False,1,0,10.0,80.0,1,3.6701442748700246,0.387156454899958,171.49903809585845,3.79963721872828,557.3677739466716,12.143691626303395,12.52302,41.930040000000005,
3119,145.41883898721156,Private room,False,True,2.0,False,0,1,9.0,84.0,1,0.8284425827478512,0.4282820373630525,549.7879826227455,12.180796489454876,1310.7268928410083,28.557559186202525,12.495,41.906000000000006,Sallustiano
1308,178.8511444135319,Entire home/apt,False,False,4.0,False,1,0,9.0,90.0,1,2.706231848166691,1.5692884884063547,749.0653879727556,16.595875749527913,2089.6120245436737,45.52757663937314,12.47032,41.89592,Regola
3491,150.32847824562222,Entire home/apt,False,False,6.0,False,0,0,10.0,100.0,2,5.194508906705348,2.5314138121054235,231.2822821822998,5.124161494836424,628.8970278483071,13.70214053964895,12.452,41.873000000000005,Monteverde
150,95.62106936618896,Private room,False,True,2.0,True,0,1,10.0,97.0,1,3.2055684591235667,0.5315119287004453,184.53000921352765,4.088344160788178,520.355106799668,11.337275401487307,12.539,41.892,Pigneto
125,322.63343698127323,Private room,False,True,4.0,False,0,1,10.0,100.0,1,1.8957621482336773,1.062932316969222,1145.119986303734,25.37064095623263,1854.0780937749053,40.39586369060715,12.48,41.897,Pigna
2537,508.4983517639632,Entire home/apt,False,False,6.0,False,0,1,9.0,92.0,2,2.593683965400465,1.562135839947688,770.8757178962135,17.07909327803436,2329.5751923454645,50.755791917809134,12.472,41.895,Regola
3023,180.4876908330021,Private room,False,True,3.0,True,1,0,10.0,90.0,1,2.14299806500807,0.2477242776742216,225.506528225115,4.996197105382123,654.4752858399864,14.259428728719431,12.52313,41.91222,
1916,122.50718911462836,Private room,False,True,2.0,False,0,1,10.0,100.0,1,2.593664489773788,1.5621278414610145,770.8799468854546,17.079186973165815,2329.622496288031,50.75682255595883,12.472,41.895,Regola
4253,140.97678442007808,Entire home/apt,False,False,2.0,True,0,0,10.0,96.0,1,3.064636925941333,0.6638376653783513,182.7518787250401,4.048948891527038,532.6185507098338,11.60446609331186,12.53728,41.9096,
3074,192.8786851518481,Entire home/apt,False,False,4.0,False,1,0,10.0,94.0,1,2.399930511944106,0.8641972846773226,789.2150026194655,17.485408261331088,1745.8529207155757,38.03789972270547,12.47349,41.90315,Campo Marzio
599,195.91798564515,Entire home/apt,False,False,5.0,False,1,0,10.0,89.0,2,2.8600089727470333,1.2411163330278074,723.5591549678722,16.03077384976833,1802.0450812839567,39.262190579936544,12.46779,41.90045,Ponte
1613,175.34425922895284,Private room,False,True,3.0,False,1,0,10.0,96.0,1,3.84035875889994,0.2003623890320276,439.0569717453173,9.727501853702382,1085.086883578773,23.641410784520804,12.458,41.911,Prati
1520,248.98884810511305,Private room,False,True,4.0,False,1,0,10.0,97.0,1,1.107013182785073,0.6681321489099985,506.3183924267276,11.217708447530493,1241.3384256693432,27.04575282217833,12.49386,41.90862,Sallustiano
1311,203.86692539686248,Entire home/apt,False,False,4.0,True,1,0,10.0,98.0,1,2.8135575620306668,0.6233494555687176,202.33489807859056,4.482819366935981,568.9683166000477,12.396439307933548,12.534,41.892,Pigneto
1023,206.9062258901644,Entire home/apt,False,False,5.0,True,1,0,9.0,95.0,1,4.461012946466956,0.6765052148743235,354.77540729426374,7.860206429212167,843.9235202498478,18.387046157209504,12.451,41.913,
3072,230.98683749094053,Entire home/apt,False,False,4.0,False,0,0,9.0,100.0,1,6.814495968100229,2.4362008677095868,167.0514006723261,3.701097839863564,418.0029816985256,9.10727090064578,12.42722,41.92582,
324,103.80380146354008,Private room,False,True,2.0,False,1,0,10.0,93.0,1,4.542362214290915,1.7764231848073062,267.9807653105199,5.9372326578765175,719.259742420244,15.670924871235131,12.461,41.874,Monteverde
1395,115.25962639983166,Private room,False,True,2.0,False,0,1,9.0,91.0,1,3.931149429161678,1.5914880464849956,338.3154003196301,7.495527677565832,911.7692969657036,19.86524103875143,12.464,41.88,Monteverde
854,187.96904589343745,Private room,False,True,2.0,True,0,0,10.0,99.0,1,1.225553312300016,0.6182532283483397,346.550032620875,7.677969606813644,942.9913990669028,20.54549489906557,12.50406,41.91182,
429,130.2223365207023,Entire home/apt,False,False,5.0,True,1,0,10.0,96.0,1,5.061312176334848,1.4801262726383635,220.2369665311994,4.879447629927951,619.5256848117785,13.497961709656536,12.46481,41.86491,
2537,508.4983517639632,Entire home/apt,False,False,6.0,False,0,1,9.0,92.0,2,2.593683965400465,1.562135839947688,770.8757178962135,17.07909327803436,2329.5751923454645,50.755791917809134,12.472,41.895,Regola
4163,231.22062983657912,Entire home/apt,False,False,4.0,True,1,0,10.0,99.0,1,3.877129708909484,0.8093499981741736,329.17598509955855,7.293039881639038,825.5487063693289,17.98670353984625,12.46147,41.91791,
1808,150.79606293689943,Private room,False,True,3.0,False,0,1,10.0,94.0,1,3.0837330594364083,0.9262279962960412,462.93953728037707,10.256630680856556,1248.2623013999223,27.19660727710245,12.475,41.882,Testaccio
1134,276.57634489046825,Entire home/apt,False,False,4.0,True,1,0,10.0,90.0,1,3.068875872023561,0.7132621433151993,183.1179758078789,4.057059934697114,537.0763437353304,11.701590588781338,12.53764,41.90888,
1525,144.01608491337993,Entire home/apt,False,False,5.0,False,0,0,9.0,83.0,1,7.174757197365419,1.953076241377778,158.9768647558585,3.522202916995133,401.080785230393,8.738577292664807,12.421,41.92297,
2142,138.63886096369205,Private room,False,True,2.0,False,0,1,9.0,90.0,1,0.3511199189259398,0.3446050478801278,423.2193334569322,9.37661195621113,1134.9865851347188,24.7286042253062,12.50497,41.903290000000005,Castro Pretorio
1781,322.63343698127323,Entire home/apt,False,False,6.0,True,1,0,10.0,97.0,2,2.932612218374336,1.3642506677324793,684.7128216765626,15.170116114170526,1743.5732625540063,37.98823150179012,12.467,41.899,Ponte
3090,485.3529095457415,Entire home/apt,False,False,2.0,False,0,0,10.0,100.0,1,3.523152221294992,0.2734896587484607,324.9358566418474,7.199097955905886,1013.6338077443746,22.084621606453204,12.4802,41.87377,
2195,205.97105650760992,Private room,False,True,2.0,False,0,1,10.0,100.0,1,1.1036340237964788,0.815019479262448,444.2630811868674,9.842845516375462,1194.4314713896133,26.02376408417021,12.497,41.91,Ludovisi
3375,104.03759380917867,Private room,False,True,2.0,True,0,1,10.0,93.0,1,0.5414876059344352,0.2493994894693121,572.0417481937839,12.673838531319328,1270.246656639444,27.67559304397136,12.502,41.896,Esquilino
3036,209.4779416921889,Private room,False,True,2.0,True,1,0,10.0,100.0,1,3.189352475917562,0.3504985376698997,507.78497050695125,11.25020113506775,1373.0938567423254,29.91638402805435,12.4652,41.90851,Prati
346,240.8061160077619,Entire home/apt,False,False,2.0,False,0,0,9.0,87.0,1,3.164887098323934,1.8992194036420853,523.1608805982862,11.590861239657965,1964.7139395232343,42.806350368137096,12.467,41.89,Trastevere
3498,196.3855703364272,Private room,False,True,2.0,False,0,1,10.0,100.0,1,2.86860006143309,0.4479697680284137,538.7159861823137,11.93549149983052,1373.640551147291,29.92829517286404,12.46907,41.90812,Prati
1521,195.91798564515,Entire home/apt,False,False,4.0,True,0,0,10.0,100.0,1,3.3764253847213985,0.7799075274054893,387.238729651416,8.579445727818987,1076.804784614602,23.46096394037111,12.474,41.879,Testaccio
1468,157.80983330605756,Entire home/apt,False,False,4.0,True,1,0,10.0,98.0,1,1.3762853753545057,1.1406620714723226,292.6525914959239,6.4838479046376,783.5180900972216,17.070958377082686,12.518,41.897,
3111,95.85486171182755,Private room,False,True,2.0,False,0,1,9.0,95.0,1,3.0999871832629715,1.6716301199232533,271.7188287857979,6.020051111346188,681.1997634582789,14.841690262737794,12.486,41.926,
203,302.0597105650761,Entire home/apt,False,False,4.0,True,0,1,10.0,93.0,1,2.593677022374004,1.5621293345934002,770.879594860461,17.079179173896016,2329.613356578871,50.756623423869065,12.472,41.895,Regola
3369,173.473920463844,Entire home/apt,False,False,6.0,True,1,0,10.0,94.0,1,0.8863721806375874,0.1610381939792841,499.48203426199257,11.066245901666152,1261.1040170374622,27.476397106985733,12.504,41.893,Esquilino
733,414.9814135085217,Entire home/apt,False,False,4.0,True,1,0,10.0,97.0,2,1.9767008648502709,1.0995421621550538,1139.4647373871014,25.24534640937459,1954.739942116396,42.58904116144841,12.479,41.897,Pigna
3403,196.3855703364272,Entire home/apt,False,False,4.0,False,0,0,10.0,86.0,1,1.5001708462089371,0.3675432026549564,1003.8401947503636,22.240524541583632,1903.8175011292133,41.479564709610806,12.48448,41.90336,Colonna
2281,196.3855703364272,Entire home/apt,False,False,2.0,False,0,0,10.0,93.0,1,4.303093989923787,0.5829347771452836,369.7149225203822,8.191198012099001,928.396735978301,20.227512596854588,12.453,41.913,
2790,247.3523016856428,Entire home/apt,False,False,4.0,True,1,0,10.0,96.0,1,2.274859163230033,1.2644027808898128,1041.905063467431,23.083868583096763,2089.58597862667,45.52700916202875,12.47546,41.89653,Sant'Eustachio
846,518.7852149720618,Entire home/apt,False,False,6.0,False,0,1,9.0,93.0,3,1.287256709566075,0.1852688253192657,872.1470244378917,19.32280397051021,1973.672423872827,43.00153400893175,12.487,41.903,Trevi
374,103.80380146354008,Private room,False,True,2.0,False,0,0,10.0,97.0,1,3.0332766109093545,0.1608300725521523,231.42056502749224,5.127225212575826,644.0688053195265,14.032696764184124,12.51886,41.87655,
1256,385.0559932667804,Entire home/apt,False,False,6.0,False,1,0,10.0,96.0,2,1.0066521979806753,0.7215372817076302,474.7295271859692,10.517843134005586,1208.321192153985,26.326387403318424,12.49607,41.90867,Sallustiano
1898,149.3933088630678,Private room,False,True,2.0,False,0,1,8.0,80.0,1,3.523236121074416,0.6047183673336886,640.9044713347882,14.199522691036256,1512.1920200624552,32.946995556209295,12.46,41.904,Borgo
2205,184.69595305449693,Entire home/apt,False,False,4.0,False,0,0,10.0,94.0,1,3.0024727432264444,0.1467921600170331,228.2011701727409,5.0558980923324,635.6319944442396,13.84887912282058,12.5206,41.87758,
3451,187.2676688565216,Entire home/apt,False,False,3.0,True,0,1,10.0,100.0,1,2.32185737345822,0.8877199418415253,361.8471314781682,8.016883613574715,816.739905176685,17.79478113191185,12.50239,41.87997,
453,115.25962639983166,Private room,False,True,2.0,False,1,0,9.0,90.0,1,0.590633715764435,0.2124616279122728,662.7585834465367,14.683710233333995,1593.4827653539746,34.71812368567133,12.49517,41.90031,Castro Pretorio
837,258.1067495850186,Entire home/apt,False,False,4.0,False,0,0,10.0,97.0,1,3.605822651103928,0.5855652927963276,674.3136819318053,14.939718562932653,1538.3042028891105,33.51591667213821,12.459,41.904,Borgo
2667,129.5209594837865,Private room,False,True,2.0,False,0,1,10.0,93.0,1,4.689029389419701,0.8424054711331503,309.881568017874,6.865563517507724,730.1703997352229,15.908641624995733,12.449000000000002,41.915,
2563,196.3855703364272,Entire home/apt,False,False,2.0,False,0,1,10.0,80.0,0,2.6491735845790405,1.525486334686716,787.7391946856876,17.452711082296517,2284.2626511604167,49.768541573105786,12.470999999999998,41.896,Regola
2588,115.72721109110888,Private room,False,True,2.0,False,1,0,10.0,92.0,1,4.3384839613850925,1.00272453299898,403.1428211885725,8.93180792649712,865.7164804868119,18.86186189129481,12.45041,41.89583,
3634,439.0620251092979,Private room,False,True,4.0,False,0,1,10.0,94.0,1,2.187540298597735,0.8694711138910884,1178.7149445342422,26.114952149295483,2942.199355455417,64.10338621259744,12.47589,41.90065,Sant'Eustachio
1599,138.17127627241484,Entire home/apt,False,False,5.0,False,0,1,8.0,84.0,1,2.892354260093287,1.712740465550322,601.4049794002833,13.324393936137271,2929.2602664773817,63.82147485385141,12.47,41.891000000000005,Trastevere
4428,254.3660720548009,Private room,False,True,2.0,True,1,0,10.0,96.0,1,2.908244266836056,0.4262606315939122,534.4191911812959,11.840294101708745,1381.118234229622,30.09121574645238,12.46858,41.90814,Prati
3683,173.473920463844,Entire home/apt,False,False,4.0,True,0,0,10.0,95.0,1,4.190259100151606,0.4455532785697721,399.7573038241302,8.85680028840532,1005.3597287944332,21.904349498957103,12.454,41.912,
1911,208.54277230963456,Entire home/apt,False,False,2.0,False,1,0,9.0,94.0,1,2.6582839980897384,1.6422823469070849,679.9594051008439,15.06480206262975,1990.3322359733336,43.364510898083694,12.472,41.893,Regola
4387,202.23037897739223,Entire home/apt,False,False,2.0,False,0,1,10.0,97.0,1,1.1805180349923483,0.4425180874914995,874.0055349624056,19.36398009510395,1682.9053595407563,36.66642507478654,12.489,41.897,Monti
2283,520.1879690458934,Entire home/apt,False,False,5.0,False,0,1,8.0,50.0,2,2.618301337056716,1.172700374674629,824.0877621911176,18.258029709587547,1874.9301199117376,40.8501787533462,12.4707,41.90115,Ponte
1922,348.11680265588103,Entire home/apt,False,False,6.0,False,0,1,9.0,88.0,2,2.59369093131479,1.5621340093356475,770.8772475349749,17.079127167859244,2329.585637345051,50.75601948901068,12.472,41.895,Regola
1897,138.17127627241484,Entire home/apt,False,False,3.0,False,0,1,10.0,95.0,1,6.845118894107673,0.7695656326600376,177.5266123802256,3.933180799169411,434.1297964623405,9.458635070876802,12.42089,41.91103,
3767,277.27772192738405,Entire home/apt,False,False,3.0,True,0,0,10.0,99.0,2,3.942670153958175,0.1546654891518905,522.9572205242815,11.5863490604309,1268.7410396132982,27.64278930158173,12.456,41.909,Prati
1787,146.35400836976595,Private room,False,True,2.0,False,0,1,10.0,94.0,1,3.0837165243795948,0.926207145301983,462.9395306665829,10.256630534325014,1248.2678049374815,27.196727185834348,12.475,41.882,Testaccio
3089,171.13599700745797,Private room,False,True,2.0,True,1,0,10.0,96.0,1,4.274880595469387,0.9438970679667954,434.3287713072399,9.622746476869978,889.3108495197364,19.37592595284648,12.451,41.897,
2319,161.7843031819138,Entire home/apt,False,False,2.0,False,0,1,9.0,93.0,1,1.3764550726177365,0.1796672207633163,428.8252125039944,9.500812691721965,973.2509141700286,21.204776323917,12.507,41.889,Esquilino
1670,275.40738316227527,Entire home/apt,False,False,4.0,False,0,0,9.0,83.0,2,3.008209282397577,1.134830687034358,699.5663841074742,15.499203374774575,1583.1591674333692,34.4931975319146,12.466,41.901,Ponte
3556,209.4779416921889,Entire home/apt,False,False,5.0,False,0,1,10.0,100.0,2,5.424424663756871,0.3705816132683431,267.03259095607376,5.916225434704901,624.2631272540191,13.601179087490504,12.437,41.898,
2187,132.79405232272694,Entire home/apt,False,False,4.0,False,0,0,9.0,91.0,1,3.0147711802414183,0.744783908430777,186.37162686406043,4.12914601626984,527.5821060621057,11.49473418279633,12.5374,41.90772,
335,196.15177799078856,Private room,False,True,4.0,False,0,1,10.0,93.0,1,4.048486605729155,0.2926240763229122,432.3576299684497,9.57907496665396,1047.826797500791,22.829603901434258,12.45543,41.91112,
2583,166.4601500946859,Private room,False,True,3.0,False,0,1,10.0,96.0,1,0.5319760776123122,0.4064017300495542,502.8521140572077,11.14091151356787,1343.2203404570987,29.26551258101612,12.499,41.905,Castro Pretorio
267,148.691931826152,Entire home/apt,False,False,4.0,False,0,0,9.0,86.0,1,4.4446279520151935,2.159989406646832,230.3539147436854,5.103593102665951,590.6723744796212,12.869318075327444,12.467,41.931,
1794,271.9004979776962,Entire home/apt,False,False,6.0,False,0,1,9.0,92.0,2,4.190244485116191,0.445537524761065,399.7605913414853,8.85687312480976,1005.3433850211594,21.903993407787283,12.454,41.912,
2031,219.7648049002876,Entire home/apt,False,False,2.0,False,0,1,8.0,90.0,1,2.6491610439229905,1.5254792085336286,787.7473344862885,17.452891423187403,2284.3225106341565,49.76984576582016,12.470999999999998,41.896,Regola
256,262.7825964977906,Entire home/apt,False,False,4.0,True,1,0,10.0,98.0,1,4.452214678312339,0.9153410386637468,386.3725495519159,8.56025512371576,822.0636943617932,17.910773582802253,12.449000000000002,41.896,
3234,426.43723844481326,Entire home/apt,False,False,4.0,False,0,1,8.0,80.0,1,2.196978674874601,0.9125208037564344,1300.370328786039,28.810281120198795,2370.364038552229,51.6444819233692,12.47579,41.9002,Sant'Eustachio
945,385.99116264933485,Private room,False,True,2.0,False,1,0,10.0,100.0,1,6.031981368410469,2.1661901944862203,137.99734368622362,3.0573923269630026,367.8208220950705,8.013923384245228,12.52244,41.84871,
2986,127.18303602740043,Private room,False,True,2.0,True,0,0,10.0,99.0,1,2.326885430015857,0.2655636589644543,301.84494686203817,6.687508612969631,757.7701419865052,16.509973051984723,12.51143,41.88108,
1834,195.91798564515,Entire home/apt,False,False,2.0,False,0,1,10.0,92.0,1,2.623836662256215,1.6538944652892749,734.5473356138527,16.27422186330903,2058.09397214331,44.84087474001234,12.472,41.894,Regola
135,484.1839478175484,Entire home/apt,False,False,5.0,False,0,1,10.0,97.0,2,2.162406864767728,0.4426080558418125,658.4347430209278,14.587913631840507,1580.4500723213791,34.43417292165882,12.478,41.908,Campo Marzio
3625,232.62338391041075,Entire home/apt,False,False,5.0,False,0,1,9.0,95.0,1,2.239837676698244,0.5201022013218185,645.0865415110289,14.292178309804775,1616.5235914110604,35.22012738866855,12.477,41.908,Campo Marzio
2708,265.8218969910925,Entire home/apt,False,False,2.0,True,1,0,9.0,96.0,1,2.1055841476953807,0.962824958037438,4509.914048995954,99.91914511061272,2334.745306468066,50.8684361619015,12.477,41.899,Colonna
385,103.80380146354008,Private room,False,True,2.0,True,0,1,10.0,95.0,1,0.5414660745074009,0.2494072014363626,572.0377589538904,12.67375014794096,1270.1531762194736,27.67355633240265,12.502,41.896,Esquilino
3683,173.473920463844,Entire home/apt,False,False,4.0,True,0,0,10.0,95.0,1,4.190259100151606,0.4455532785697721,399.7573038241302,8.85680028840532,1005.3597287944332,21.904349498957103,12.454,41.912,
123,230.5192527996633,Private room,False,True,2.0,False,0,1,10.0,94.0,1,1.8957537060370235,1.0629266435859372,1145.1211235409546,25.37066615222741,1854.0704426551629,40.39569699126949,12.48,41.897,Pigna
1323,236.1302690949898,Entire home/apt,False,False,4.0,False,0,1,9.0,91.0,1,2.593689084608464,1.5621369890897965,770.8752245045797,17.079082346723983,2329.568321294401,50.755642214275554,12.472,41.895,Regola
265,278.9142683468543,Entire home/apt,False,False,6.0,True,1,0,10.0,94.0,2,1.9399967592697085,0.1959827913743406,328.5495157184381,7.279160174771129,854.88265958687,18.625819216613586,12.512,41.885,
2328,290.3700932831459,Entire home/apt,False,False,4.0,False,0,1,7.0,80.0,1,2.593673234924186,1.562123988752448,770.8828752722281,17.079251852873007,2329.6446576658936,50.7573053986192,12.472,41.895,Regola
2105,115.49341874547028,Entire home/apt,False,False,2.0,False,0,1,10.0,97.0,1,2.726550761071591,0.2419604142166704,210.8912987730864,4.672390217584058,648.9551240927887,14.139157796098736,12.531,41.889,Pigneto
1166,357.23470413578656,Entire home/apt,False,False,4.0,False,0,1,10.0,95.0,2,2.239826711530518,0.5200913980347005,645.0920167618292,14.292299616413567,1616.511721630009,35.21986877493541,12.477,41.908,Campo Marzio
4515,402.3566268440371,Private room,False,True,2.0,True,0,1,10.0,100.0,1,1.860151201925636,0.1415439060940221,790.2383602131677,17.50808120249899,1603.1632312832346,34.929037553567674,12.48143,41.90708,Campo Marzio
3806,184.9297454001356,Private room,False,True,2.0,False,1,0,9.0,92.0,1,4.005991660716515,1.2734225307601783,312.43903291472014,6.9222252860840365,863.1792552074205,18.806581907737066,12.46696,41.87627,
49,123.2085661515442,Private room,False,True,2.0,True,1,0,10.0,99.0,1,4.746593193504184,2.046425219140397,189.73295125987624,4.203617648416384,475.8312025370351,10.36720754209901,12.50522,41.8582,Tor Marancia
2198,182.59182194374955,Private room,False,True,2.0,False,0,1,10.0,100.0,1,1.1036401350976992,0.8150187575017701,444.2611223953709,9.842802118481476,1194.4230177584022,26.02357990005454,12.497,41.91,Ludovisi
4531,582.376732985762,Entire home/apt,False,False,6.0,True,0,1,10.0,96.0,2,3.124166183708529,1.939505040397012,540.3413676439793,11.97150254668504,1985.4353607502908,43.25781986673819,12.467,41.891000000000005,Trastevere
3485,145.41883898721156,Entire home/apt,False,False,4.0,False,0,0,8.0,100.0,1,3.663295055369494,0.6261753341544,270.5534579553865,5.994231803961055,691.3867876458597,15.063640806178276,12.49009,41.86917,Garbatella
922,285.69424637037383,Entire home/apt,False,False,4.0,True,0,1,10.0,97.0,1,3.16487453959244,1.899211394643453,523.164054749636,11.590931564388296,1964.772364817966,42.80762331357019,12.467,41.89,Trastevere
475,243.144039464148,Entire home/apt,False,False,2.0,True,0,1,10.0,95.0,1,0.5723445232360186,0.3866097546848001,683.8675667333524,15.151389116181532,1299.0572022745348,28.303304939298044,12.5,41.896,Esquilino
2855,194.2814392256797,Entire home/apt,False,False,2.0,False,0,0,9.0,84.0,1,1.4533793236055137,0.573860171308434,1004.316479484266,22.2510768410119,1630.995899991511,35.53544388297759,12.4867,41.89485,Monti
3675,115.72721109110888,Private room,False,True,2.0,False,0,1,9.0,91.0,1,0.3357601882707675,0.4512588263453436,418.7871838882701,9.278415717637207,1108.4722570904355,24.150921340684977,12.505999999999998,41.902,Castro Pretorio
1313,170.66841231618076,Entire home/apt,False,False,4.0,True,1,0,9.0,91.0,1,3.5519744304179444,0.3979457279653046,582.5884223608053,12.907504773088077,1635.3313744707837,35.62990335406827,12.46,41.906000000000006,Prati
3853,277.27772192738405,Entire home/apt,False,False,6.0,False,0,1,9.0,93.0,2,3.732953708754161,1.3561107401999726,358.5099015989531,7.942945806125145,985.0889768018797,21.4626989896573,12.467,41.88,
1729,260.6784653870432,Entire home/apt,False,False,4.0,False,0,1,6.0,60.0,1,2.118111592793789,1.2125721372213816,1065.290701130671,23.601987752950507,1979.4377495359977,43.12714646851656,12.47746,41.89633,Pigna
3885,328.2444532765997,Entire home/apt,False,False,4.0,True,0,1,10.0,98.0,1,2.097210750930429,1.0702566042199562,847.8269609331661,18.78398218188456,1822.627870946926,39.710639633074805,12.47907,41.89335,Sant'Angelo
1877,265.1205199541767,Entire home/apt,False,False,4.0,False,0,1,9.0,90.0,1,3.289421999797548,0.6844657324183163,607.121198179377,13.451039297327563,1506.4162363611597,32.82115524134481,12.46288,41.90432,Borgo
1035,562.5043836064807,Entire home/apt,False,False,2.0,False,1,0,9.0,93.0,2,2.811761301276173,0.1417858610084063,246.59379651290587,5.463394882799474,673.7361924054476,14.679077156036618,12.51723,41.87817,
338,251.32677156149904,Entire home/apt,False,False,5.0,False,0,1,9.0,85.0,1,2.1055882468738734,0.9628460253332316,4513.563485759789,100.0,2334.6572646171694,50.86651794355902,12.477,41.899,Colonna
2718,126.94924368176184,Private room,False,True,2.0,False,1,0,9.0,90.0,1,0.4539533681198311,0.2842329762987962,498.8401278097503,11.052024179643908,1115.19220804774,24.29733276951867,12.504,41.897,Esquilino
2825,138.63886096369205,Entire home/apt,False,False,3.0,False,0,0,10.0,100.0,1,7.863449271200265,2.777431056474269,137.4594634246195,3.0454753513116994,339.67037501644035,7.400593435072087,12.41652,41.93105,
166,149.860893554345,Private room,False,True,2.0,False,0,1,9.0,87.0,1,1.4494262767945862,0.3709122891965133,996.8729001328736,22.08616104056118,1538.1711231140464,33.513017186689616,12.495,41.889,Celio
4041,254.1322797091623,Entire home/apt,False,False,2.0,False,0,1,10.0,90.0,1,2.430441992642128,0.9603174620745992,860.3860846402208,19.0622351353808,1949.4992299024173,42.47485875621511,12.473,41.902,Ponte
3856,271.6667056320576,Entire home/apt,False,False,2.0,False,0,0,8.0,73.0,2,3.3002668301583067,1.4246021871396064,280.7172002224505,6.219414019723179,688.5080297769441,15.000919656049044,12.47969,41.925340000000006,
1389,403.2917962265915,Entire home/apt,False,False,4.0,False,1,0,10.0,100.0,2,2.0190130021818016,0.9668369316366144,270.6386261462791,5.996118742987421,735.7974122039465,16.031240575619815,12.5073,41.91865,
454,115.25962639983166,Private room,False,True,2.0,False,0,0,10.0,93.0,1,0.6146734865769281,0.3883661612661182,677.9637935587481,15.020588404211251,1525.8145568501002,33.24379758468998,12.49544,41.89869,Monti
1388,304.3976340214621,Entire home/apt,False,False,4.0,False,0,1,10.0,94.0,1,2.5304796281020256,1.3050331119486718,1087.3276322938116,24.090225732379984,3285.610814216569,71.58548878663943,12.472,41.898,Parione
2642,184.9297454001356,Private room,False,True,4.0,False,1,0,9.0,93.0,2,2.454013875292486,0.476500153796214,585.4776544452018,12.971516990785068,1473.0493519475492,32.094171777661174,12.47459,41.90869,Campo Marzio
2566,161.7843031819138,Private room,False,True,2.0,True,1,0,10.0,100.0,1,1.1747386300706544,0.6318410715546606,516.7657694286424,11.449174716585445,1248.8570435744414,27.20956526624736,12.49282,41.90876,Ludovisi
823,138.40506861805343,Private room,False,True,2.0,False,0,0,8.0,80.0,1,3.772434930218636,0.3419562426175695,278.6635611292515,6.173914735184959,760.1864163885585,16.562617809350748,12.4844,41.86964,Garbatella
2880,277.27772192738405,Entire home/apt,False,False,5.0,True,0,0,10.0,99.0,1,2.969298427808036,1.787652225619221,579.5776562939329,12.840799916130347,2950.374834951416,64.28151007719332,12.469,41.891000000000005,Trastevere
1487,149.860893554345,Entire home/apt,False,False,2.0,True,0,1,9.0,94.0,1,3.440654718587619,0.6342428444486031,621.5452228988217,13.770609959509503,1539.1490051699247,33.534322864356255,12.461,41.904,Borgo
1740,414.9814135085217,Entire home/apt,False,False,6.0,False,0,1,8.0,83.0,2,2.6448933690641527,1.627300595581452,737.1265517459624,16.33136554014546,2103.2448544275817,45.824602929450464,12.47153,41.89453,Regola
4016,191.7097234236551,Entire home/apt,False,False,4.0,False,0,1,9.0,90.0,2,0.5319593110650329,0.4063864228862221,502.8510987131884,11.140889018171,1343.2981421832962,29.26720769188385,12.499,41.905,Castro Pretorio
1848,161.5505108362752,Entire home/apt,False,False,3.0,False,0,0,9.0,93.0,1,2.9693089638448176,1.7876774959477146,579.5751259492646,12.840743855222456,2950.1373280470625,64.27633537793656,12.469,41.891000000000005,Trastevere
1150,119.93547331260372,Private room,False,True,4.0,False,0,1,9.0,96.0,1,5.646191195812379,0.436602593103943,179.3816890372236,3.974280844906017,499.9804868028506,10.893361860357215,12.48071,41.85266,San Paolo
1395,115.25962639983166,Private room,False,True,2.0,False,0,1,9.0,91.0,1,3.931149429161678,1.5914880464849956,338.3154003196301,7.495527677565832,911.7692969657036,19.86524103875143,12.464,41.88,Monteverde
4046,277.27772192738405,Entire home/apt,False,False,6.0,False,0,0,9.0,80.0,2,1.1299334336303122,0.6376218088967559,384.0377940826844,8.508527581240779,1250.3511951971948,27.242119205312,12.501,41.911,
111,207.60760292708017,Entire home/apt,False,False,3.0,True,0,1,9.0,89.0,0,2.677964707345575,1.2896835382717966,831.3210165772089,18.418285667189828,2364.5511032889526,51.51783216609842,12.47,41.9,Ponte
2872,228.8827063801931,Private room,False,True,4.0,False,0,1,10.0,100.0,2,3.0911974721695645,1.0873743991439329,673.822648343849,14.928839496104294,1496.2016810121345,32.59860486068675,12.465,41.901,Ponte
1768,269.09498983003294,Entire home/apt,False,False,4.0,True,0,1,9.0,95.0,1,2.6779589117256024,1.2896701867395617,831.3228191600118,18.41832560421096,2363.4783454421054,51.494459375114175,12.47,41.9,Ponte
2423,93.75073060108012,Private room,False,True,2.0,False,0,1,9.0,85.0,1,4.417346951152848,0.7207748992494661,344.34190552660795,7.629047572123455,832.9489603037151,18.14793712014313,12.452,41.914,
118,138.40506861805343,Private room,False,True,2.0,False,1,0,10.0,97.0,1,3.8748961333947567,1.2943063227740796,332.32733377654085,7.362859408647459,910.527942574847,19.838194938086552,12.467,41.878,
3701,223.037897739228,Entire home/apt,False,False,4.0,False,0,0,10.0,91.0,1,1.618340372277293,0.7815281498200047,298.7470299689969,6.618872890822039,847.1194968473498,18.456678733865537,12.507,41.915,
1044,259.2757113132116,Entire home/apt,False,False,4.0,True,0,0,10.0,100.0,2,1.7171370694046877,0.3486441265322521,324.10283946441274,7.180642091042949,811.8379129167189,17.68797861274566,12.51402,41.88816,Esquilino
4427,245.24817057489537,Entire home/apt,False,False,2.0,False,1,0,9.0,97.0,1,2.593694819147726,1.5621446713035807,770.8705252755425,17.078978233221378,2329.523342116805,50.75466222711472,12.472,41.895,Regola
3505,97.02382344002056,Private room,False,True,2.0,False,0,1,9.0,96.0,1,2.402693946280721,0.3989433211338227,260.41568175138895,5.76962487783756,710.548345514098,15.481124666401808,12.51892,41.88319,
2164,335.0244313001192,Entire home/apt,False,False,5.0,True,0,0,10.0,98.0,2,2.162404124633787,0.4426057139128619,658.428798586161,14.587781930252936,1580.4501917216216,34.43417552310044,12.478,41.908,Campo Marzio
3936,298.3190330348584,Private room,False,True,2.0,False,0,1,10.0,96.0,1,2.239826873256721,0.5200920029272225,645.0956246268971,14.292379550263604,1616.5111207024402,35.21985568218152,12.477,41.908,Campo Marzio
3931,196.3855703364272,Entire home/apt,False,False,5.0,True,0,0,9.0,93.0,2,4.000071502456489,0.2711015631265917,628.5726926148466,13.926306666517087,1248.859097762428,27.209610022020144,12.455,41.908,
95,213.21861922240663,Entire home/apt,False,False,5.0,True,1,0,9.0,93.0,2,5.309862899759338,3.096251096618557,182.13158756047773,4.035206065785928,500.0839497550497,10.895616067085664,12.46437,41.9394,
742,334.3230542632034,Entire home/apt,False,False,5.0,False,0,0,9.0,94.0,3,3.082657455220201,1.9532516936483848,586.7468699236382,12.999637022384064,1688.6463223919363,36.79150672780199,12.46667,41.8929,Trastevere
1235,230.5192527996633,Entire home/apt,False,False,2.0,True,1,0,10.0,100.0,1,3.648049365064304,1.5803652723964607,485.693327393933,10.760750988133582,1107.8153465729586,24.136608854166727,12.459,41.895,
3548,80.8921515909569,Private room,False,True,3.0,False,1,0,9.0,100.0,1,1.8519118030915824,0.3133273335389308,250.62699955125728,5.552752284131617,691.0126858123236,15.055490034792395,12.51669,41.91358,
3087,169.96703527926493,Private room,False,True,2.0,True,1,0,10.0,98.0,1,4.274871019372833,0.9438950566983884,434.3329092663905,9.62283815518942,889.3157406821841,19.37603251941031,12.451,41.897,
1573,334.3230542632034,Entire home/apt,False,False,6.0,False,1,0,10.0,93.0,2,2.721808168515142,1.454253528867313,798.5301910974421,17.691790391711347,2217.8944315760973,48.32253907692293,12.4697,41.89786,Parione
4082,179.0849367591705,Entire home/apt,False,False,2.0,False,1,0,10.0,96.0,1,5.657231050065567,0.3520284935821455,181.4599682706684,4.020326042674958,509.43954688730855,11.099451832023432,12.479,41.853,San Paolo
478,94.45210763799592,Private room,False,True,2.0,False,0,1,10.0,94.0,1,6.1917975898921735,0.2552995549670073,211.632639652303,4.68881495341763,547.1641548387327,11.921379519807404,12.42764,41.90075,
1271,282.1873611857948,Entire home/apt,False,False,6.0,False,0,1,10.0,95.0,2,3.046589142064133,1.8633022042572205,561.1398503499448,12.43230215151135,2548.5649100914698,55.52704660088514,12.468,41.891000000000005,Trastevere
3877,233.5585532929652,Private room,False,True,3.0,False,0,1,9.0,93.0,1,1.9882259884842337,1.4624893149288791,318.94371042174816,7.066339299934738,906.1943056661376,19.74377550320052,12.49906,41.91861,
1837,103.80380146354008,Private room,False,True,4.0,True,1,0,10.0,100.0,1,3.842036331581669,0.3519667385787013,164.34471424452153,3.641130002115316,462.7658130087306,10.082544400766327,12.54421,41.88627,
1059,165.9925654034087,Private room,False,True,2.0,True,1,0,10.0,100.0,1,3.713608557745608,0.4748211141870492,298.1261210557889,6.605116378585821,930.943019601251,20.28298993974304,12.48071,41.87157,
2256,173.473920463844,Entire home/apt,False,False,6.0,True,0,0,10.0,98.0,3,7.11145071158262,0.184596314275465,107.3671212235453,2.3787661691762314,336.0675657999864,7.322096962620478,12.562,41.855,Appio Claudio
952,119.70168096696511,Private room,False,True,2.0,False,1,0,8.0,84.0,1,3.233150005001132,1.3770278928244748,484.8721588719535,10.742557635485053,1266.6138744242985,27.596443532592414,12.47028,41.884240000000005,Trastevere
2241,247.3523016856428,Entire home/apt,False,False,4.0,False,0,1,9.0,84.0,1,0.2088509527383712,0.3054104495602391,545.0822741599135,12.076539432305278,1291.0049843520655,28.12786664535819,12.502,41.899,Esquilino
2541,319.1265517966942,Entire home/apt,False,False,4.0,True,0,1,10.0,100.0,2,0.8754490877469415,0.4640397675293283,748.7580421336734,16.589066366209128,1783.8689589854428,38.86617697012162,12.492,41.899,Monti
3992,101.93346269843124,Private room,False,True,2.0,False,0,1,9.0,92.0,1,4.803779550857772,2.0375833526627685,250.6739403757204,5.553792278907611,682.9547240724016,14.87992659700468,12.458,41.873000000000005,
99,184.4621607088584,Private room,False,True,2.0,False,0,1,10.0,95.0,1,1.8957748311035083,1.062949760092697,1145.1213928118218,25.37067211804285,1854.0820906089189,40.39595077192403,12.48,41.897,Pigna
1644,126.71545133612324,Private room,False,True,2.0,False,0,0,10.0,89.0,1,1.1036339414290235,0.8150064770854812,444.25897708464856,9.842754588171356,1194.4086618241097,26.02326711907364,12.497,41.91,Ludovisi
948,115.25962639983166,Private room,False,True,2.0,False,0,1,9.0,90.0,1,3.931173777456358,1.5915138878172557,338.3129103162787,7.495472510437702,911.7637607888328,19.86512041888812,12.464,41.88,Monteverde
32,190.07317700418488,Entire home/apt,False,False,4.0,True,1,0,10.0,96.0,1,1.6288084257843645,1.1922222548463275,390.5718500046276,8.653292486898096,937.0437391493384,20.415909818418378,12.497,41.915,
2164,335.0244313001192,Entire home/apt,False,False,5.0,True,0,0,10.0,98.0,2,2.162404124633787,0.4426057139128619,658.428798586161,14.587781930252936,1580.4501917216216,34.43417552310044,12.478,41.908,Campo Marzio
4331,170.90220466181935,Entire home/apt,False,False,4.0,False,0,0,9.0,93.0,1,3.3975802803052466,0.8893404732604865,390.901765984863,8.660601921700026,1068.6290866993247,23.282835316949043,12.4729,41.87955,Testaccio
2328,290.3700932831459,Entire home/apt,False,False,4.0,False,0,1,7.0,80.0,1,2.593673234924186,1.562123988752448,770.8828752722281,17.079251852873007,2329.6446576658936,50.7573053986192,12.472,41.895,Regola
3216,173.473920463844,Entire home/apt,False,False,5.0,False,0,0,10.0,100.0,2,1.9152014475179264,0.3021846450432763,391.6129682607845,8.676358923416416,833.7441317771531,18.16526197747223,12.507,41.88399999999999,
2200,126.94924368176184,Private room,False,True,2.0,False,1,0,8.0,100.0,1,3.197102950375251,0.353097589173387,338.02760723079217,7.489151494096919,834.9989529863864,18.192601487439184,12.48631,41.87467,
4482,147.9905547892362,Entire home/apt,False,False,4.0,False,0,1,9.0,86.0,1,4.234594421074387,2.361654542965215,214.51477294045367,4.752669894136727,541.9000115751282,11.806686608846228,12.477,41.934,
3737,237.06543847754423,Entire home/apt,False,False,5.0,False,0,1,9.0,94.0,1,2.270504049940413,1.2313981948861277,798.9289360983583,17.70062476398005,2162.03356452419,47.10546630170145,12.477,41.893,Sant'Angelo
1977,109.88240245014376,Private room,False,True,3.0,False,1,0,9.0,95.0,1,1.1887204923196393,0.9156047515047048,323.5909638469016,7.1693012598100205,885.729768953145,19.29790289496191,12.515,41.896,
1672,175.34425922895284,Entire home/apt,False,False,6.0,False,0,1,8.0,79.0,3,2.5596835288995927,0.8243862829457439,310.6611095751071,6.882834606298045,741.5506964822014,16.156590682639585,12.505999999999998,41.878,
3039,130.6899212119795,Private room,False,True,3.0,False,1,0,9.0,85.0,1,1.7853461981373695,0.2714429508753129,252.2163825705072,5.58796576953543,728.126631033838,15.864112863152595,12.51736,41.91231,
1184,146.35400836976595,Private room,False,True,2.0,True,1,0,9.0,92.0,1,2.857369181777944,0.0765832791277556,241.95219186106115,5.3605580740010845,663.1275249107151,14.447940027835257,12.518,41.878,
1166,357.23470413578656,Entire home/apt,False,False,4.0,False,0,1,10.0,95.0,2,2.239826711530518,0.5200913980347005,645.0920167618292,14.292299616413567,1616.511721630009,35.21986877493541,12.477,41.908,Campo Marzio
1231,138.40506861805343,Entire home/apt,False,False,4.0,False,1,0,10.0,92.0,2,3.5727600145114016,0.53179556965399,173.7823652297401,3.850225343634144,529.6843990911781,11.540538047760409,12.5236,41.9288,
2797,286.62941575292825,Private room,False,True,2.0,True,0,1,10.0,96.0,1,4.050991395887822,0.2613332393010324,458.5700109851867,10.159821888668828,1100.2648653663546,23.972102186057903,12.45512,41.91038,Prati
3710,121.33822738643536,Private room,False,True,2.0,False,0,1,10.0,95.0,1,1.874230967130792,0.6775272307029642,441.84730943761,9.789323022300014,878.1009409110986,19.131689239377348,12.502,41.88399999999999,Monti
3327,104.03759380917867,Private room,False,True,2.0,False,1,0,10.0,95.0,1,3.0096112412646803,1.6597704417153452,275.9331748696157,6.1134218171557775,687.9556287719236,14.988884178268316,12.48699,41.92545,
162,119.93547331260372,Private room,False,True,2.0,True,0,0,10.0,96.0,1,0.4869468147314318,0.2921881168113641,472.28614302957146,10.46370887480869,1076.847550304846,23.46189570101244,12.505,41.897,Esquilino
4404,263.4839735347065,Entire home/apt,False,False,6.0,False,0,0,9.0,92.0,2,2.3176407869470386,0.5284616937550284,627.7370705320044,13.90779308882003,2039.0085378156527,44.425049427063215,12.476,41.908,Campo Marzio
798,180.95527552427933,Private room,False,True,2.0,False,0,1,9.0,88.0,1,3.362948109581722,0.4429764738935185,522.4012525595202,11.57403134369743,1325.9779204743236,28.88984207950976,12.46274,41.90761,Prati
2794,206.6724335445257,Entire home/apt,False,False,6.0,True,0,0,10.0,98.0,2,5.130887039376088,2.3831413150500995,232.20306760857665,5.144561904162268,635.2257725001576,13.840028532148931,12.454,41.872,Monteverde
3449,69.43632665466532,Private room,False,True,2.0,False,0,1,9.0,95.0,1,2.4492795173631587,0.2252473633396836,208.47542422556165,4.618865445967423,581.7783166498843,12.675538132102435,12.52752,41.91226,
859,132.56025997708835,Private room,False,True,2.0,True,0,0,10.0,100.0,1,5.548869908896853,2.989347225638092,216.1389952603772,4.788655259692076,586.4647024545653,12.777643109666814,12.4464,41.87342,Monteverde
983,221.40135131975777,Entire home/apt,False,False,4.0,False,0,0,9.0,92.0,1,2.969297020782708,1.7876564636587895,579.578174367235,12.840811394274027,2950.3073875793884,64.28004056258341,12.469,41.891000000000005,Trastevere
3737,237.06543847754423,Entire home/apt,False,False,5.0,False,0,1,9.0,94.0,1,2.270504049940413,1.2313981948861277,798.9289360983583,17.70062476398005,2162.03356452419,47.10546630170145,12.477,41.893,Sant'Angelo
3821,249.45643279639023,Entire home/apt,False,False,5.0,True,1,0,10.0,98.0,2,0.8754646733365402,0.4640304317940917,748.7647708939901,16.589215444876967,1783.9251096693094,38.86740035730214,12.492,41.899,Monti
3300,115.72721109110888,Private room,False,True,3.0,False,1,0,9.0,75.0,1,2.4565285659312863,0.314962206983299,208.44474210798225,4.618185670050319,583.3531610710497,12.709850171484655,12.527,41.913,
920,366.5863979613307,Entire home/apt,False,False,4.0,True,0,1,10.0,96.0,1,1.1245294206502632,0.0991642135330894,774.3385283725997,17.155813379287206,1670.1438726385616,36.38838323441241,12.489,41.903,Trevi
3883,329.41341500479274,Entire home/apt,False,False,6.0,False,1,0,10.0,94.0,2,1.878688618366029,0.3646723534635986,904.6505288514786,20.04293352039103,1939.946896556413,42.2667365864597,12.48,41.904,Campo Marzio
2819,177.44839033970027,Entire home/apt,False,False,4.0,False,0,1,9.0,86.0,1,3.005789352729528,1.832725510179583,572.0631039066238,12.674311676604807,2836.209606608301,61.79412671516573,12.46847,41.89111,Trastevere
3921,508.7321441096018,Entire home/apt,False,False,4.0,False,1,0,10.0,100.0,1,2.6599686451246844,0.5271292023661897,429.4120913033462,9.513815251699318,920.3410711183926,20.051999202510164,12.48774,41.87952,San Saba
220,245.481962920534,Private room,False,True,3.0,False,0,1,10.0,96.0,1,1.424190575432914,0.2696455664391757,801.7295554419695,17.762673727120752,1658.5483913947114,36.135745828616905,12.486,41.905,Colonna
892,230.5192527996633,Entire home/apt,False,False,5.0,False,1,0,10.0,100.0,3,3.434893708346378,0.2801746463284594,200.62832355666,4.4450094518364205,581.3268893500488,12.665702626396609,12.5263,41.87571,
1201,92.11418418160989,Entire home/apt,False,False,2.0,False,0,0,9.0,90.0,1,5.833543254831354,2.034276455911105,189.16766236874173,4.1910934224269205,524.7205030560375,11.432386795511038,12.455,41.862,
3117,145.41883898721156,Private room,False,True,2.0,False,0,1,10.0,90.0,1,0.8284418749708042,0.4282811824067232,549.7882101072022,12.180801529473865,1310.7270778677444,28.55756321748623,12.495,41.906000000000006,Sallustiano
1087,219.0634278633717,Entire home/apt,False,False,4.0,True,0,0,9.0,95.0,1,3.241244564134976,0.4387621517370725,385.8060041513575,8.547703059202966,1119.361215153231,24.38816532038264,12.478,41.878,Testaccio
3783,151.49743997381523,Private room,False,True,2.0,True,1,0,10.0,98.0,1,3.671030150795649,0.4310409916716318,302.439073664604,6.700671755671407,953.5264020048093,20.775027055283086,12.48085,41.87195,
2667,129.5209594837865,Private room,False,True,2.0,False,0,1,10.0,93.0,1,4.689029389419701,0.8424054711331503,309.881568017874,6.865563517507724,730.1703997352229,15.908641624995733,12.449000000000002,41.915,
3468,80.8921515909569,Private room,False,True,2.0,False,1,0,10.0,100.0,1,3.759236727107086,0.326325220377996,188.2635418596876,4.17106223173011,578.2119827814913,12.597836368996289,12.52758,41.87282,
1916,122.50718911462836,Private room,False,True,2.0,False,0,1,10.0,100.0,1,2.593664489773788,1.5621278414610145,770.8799468854546,17.079186973165815,2329.622496288031,50.75682255595883,12.472,41.895,Regola
2198,182.59182194374955,Private room,False,True,2.0,False,0,1,10.0,100.0,1,1.1036401350976992,0.8150187575017701,444.2611223953709,9.842802118481476,1194.4230177584022,26.02357990005454,12.497,41.91,Ludovisi
164,110.5837794870596,Private room,False,True,2.0,False,0,1,8.0,84.0,1,0.6067126185452012,0.4886519623743685,483.3077424978226,10.707897297172176,1253.7599867425663,27.316388503395427,12.49907,41.90579,Castro Pretorio
365,213.21861922240663,Entire home/apt,False,False,6.0,True,1,0,10.0,96.0,2,4.190270182916906,0.4455570975908717,399.7585294434149,8.85682744254392,1005.3956825212698,21.90513284344153,12.454,41.912,
1040,161.5505108362752,Entire home/apt,False,False,4.0,False,0,0,9.0,93.0,1,4.156700993040745,1.1069863001206828,438.8188167417566,9.722225424018562,912.4491646369244,19.880053705955955,12.45257,41.89611,
2737,212.75103453112945,Private room,False,True,3.0,True,1,0,10.0,96.0,1,0.8754400206266849,0.4640427212608489,748.7541706919747,16.588980592701986,1783.8473938211744,38.86570711750906,12.492,41.899,Monti
2468,196.3855703364272,Entire home/apt,False,False,2.0,True,1,0,10.0,98.0,1,2.5936935649953483,1.5621364686326675,770.8757823483415,17.079094705999832,2329.571210097287,50.75570515428224,12.472,41.895,Regola
4061,80.8921515909569,Private room,False,True,2.0,True,1,0,9.0,97.0,1,8.383582580649021,0.2850353156850194,117.96383149080656,2.613540982928019,345.31856196998643,7.52365372635139,12.4636,41.83115,
974,170.66841231618076,Private room,False,True,2.0,False,1,0,8.0,84.0,1,1.5593413908863,1.2549653833174237,267.61681124233,5.929169094146038,707.1471264846518,15.407020355069555,12.521,41.9,
1809,146.35400836976595,Private room,False,True,2.0,False,0,1,9.0,93.0,1,3.083736370114762,0.92621034961894,462.93553722998206,10.256542057966731,1248.2415784832467,27.19615577502166,12.475,41.882,Testaccio
1987,219.7648049002876,Entire home/apt,False,False,3.0,True,1,0,10.0,95.0,1,3.831214519958777,0.5993154766937357,300.3462620074893,6.654304585613481,889.6045980027902,19.382326019661683,12.477,41.872,
2134,120.16926565824234,Private room,False,True,2.0,True,1,0,10.0,99.0,1,4.024084173535478,1.2689165501635773,309.8392244093809,6.864625376089603,861.2093306353145,18.76366203032588,12.467,41.876000000000005,
2788,98.1927851682136,Private room,False,True,2.0,False,1,0,10.0,100.0,1,0.5790773384265349,0.3781333378317296,447.2624423242558,9.90929769206439,1260.1924536677795,27.456536352602907,12.501,41.906000000000006,Castro Pretorio
1386,195.91798564515,Entire home/apt,False,False,2.0,True,0,0,10.0,98.0,1,1.1154512863016883,0.8342311212405492,331.70229813632216,7.349011466944841,974.1211423818348,21.22373648548833,12.514,41.896,
1482,246.65092464872697,Entire home/apt,False,False,4.0,False,0,1,9.0,93.0,1,2.7106015730566364,1.5007925421063797,784.8920530142814,17.389631396359032,2342.536218093528,51.03818122555573,12.47,41.897,Parione
2058,540.9954878077291,Private room,False,True,2.0,False,1,0,10.0,100.0,1,2.9254153282398683,0.0321123416178783,235.6605779021696,5.221164577515625,652.0583977988526,14.206770601646518,12.51907,41.87773,
281,140.5091997288009,Private room,False,True,3.0,False,0,0,10.0,98.0,1,4.788709758492099,0.4918014453240073,150.44483641922017,3.3331720467402506,435.6106431629296,9.490899127965085,12.53982,41.86816,Quadraro
4057,381.3153157365628,Entire home/apt,False,False,4.0,False,0,1,8.0,90.0,2,2.4654940976880115,1.4967359551740334,768.7631769602923,17.032288997058007,2174.1196029630296,47.3687917586895,12.474,41.894,Regola
3106,145.41883898721156,Private room,False,True,2.0,False,0,1,10.0,97.0,1,0.8284438624063101,0.4282707573592077,549.7951318980975,12.180954884819748,1310.72442135394,28.557505338495105,12.495,41.906000000000006,Sallustiano
3371,104.03759380917867,Private room,False,True,2.0,False,0,1,10.0,100.0,1,1.2159951558225193,0.7325234684778793,383.2353355808064,8.490748757382208,1136.9314001985567,24.770977027447604,12.5004,41.91173,
2901,265.8218969910925,Entire home/apt,False,False,3.0,False,0,0,10.0,90.0,2,4.459613408571692,1.726655610650793,250.23503889545907,5.54406822203667,617.0396333618276,13.443796679695156,12.46099,41.9266,
2580,182.59182194374955,Entire home/apt,False,False,2.0,False,0,1,10.0,93.0,1,0.8958289964443207,0.6327176299203057,479.4363627585771,10.622125162771946,1256.772215845347,27.382017667910866,12.49677,41.90782,Sallustiano
174,87.43833726883781,Private room,False,True,2.0,False,1,0,10.0,80.0,1,3.1730989126019264,0.5387661680623357,178.0829530754598,3.945506773911751,533.2978615584387,11.61926662870243,12.53814,41.91072,
4302,138.63886096369205,Private room,False,True,2.0,True,1,0,10.0,97.0,1,2.921470395365542,0.4285182216159093,379.05560233191005,8.39814491427502,879.6396303402927,19.16521354919612,12.48705,41.87715,San Saba
3958,115.72721109110888,Private room,False,True,2.0,False,1,0,9.0,91.0,1,3.905059803452408,0.176655220639406,184.069433673394,4.078139905512124,545.1073467182479,11.876566660655568,12.52756,41.87124,
3352,169.96703527926493,Entire home/apt,False,False,4.0,False,0,0,9.0,91.0,1,3.1841790764520987,1.7899426343297788,552.9171787419913,12.250125216725875,1471.1969565040872,32.053812574838794,12.465,41.894,Trastevere
1100,103.80380146354008,Private room,False,True,3.0,False,1,0,10.0,93.0,1,4.542377621441805,1.776439531802852,267.9797186412102,5.937209468453947,719.2569067017835,15.670863087809298,12.461,41.874,Monteverde
1021,253.6646950178851,Entire home/apt,False,False,4.0,True,0,0,9.0,94.0,2,2.852278044110776,0.167160063292402,210.60162115608736,4.665972281558278,589.2335140963693,12.837968798235602,12.514,41.925,
254,144.01608491337993,Entire home/apt,False,False,3.0,False,0,0,9.0,87.0,1,3.8959257922614414,1.1401766886843918,594.2829271900314,13.166601712039352,1076.5299038714454,23.454974955835336,12.45537,41.89901,
2139,145.65263133285015,Private room,False,True,2.0,False,0,1,7.0,87.0,1,0.527392381241782,0.2434832001523378,650.1716430409695,14.404840988550385,1614.6831098200446,35.1800277597881,12.496,41.9,Castro Pretorio
3640,100.53070862459964,Private room,False,True,2.0,False,1,0,9.0,90.0,1,4.04238026607144,1.1878071722915704,303.36523129015825,6.7211911884538695,852.5499881275248,18.574995964549355,12.468,41.875,
2976,104.03759380917867,Shared room,True,False,2.0,False,0,1,9.0,83.0,1,4.160792558960792,1.3535497934497849,295.5688217075605,6.548458277812527,838.1563136429346,18.26139271642368,12.466,41.875,
99,184.4621607088584,Private room,False,True,2.0,False,0,1,10.0,95.0,1,1.8957748311035083,1.062949760092697,1145.1213928118218,25.37067211804285,1854.0820906089189,40.39595077192403,12.48,41.897,Pigna
540,163.88843429266126,Private room,False,True,2.0,False,0,1,10.0,92.0,1,0.9465299842414308,0.646938540422558,486.6773862633179,10.782553248642149,1241.7035251363873,27.053707453837987,12.496,41.908,Sallustiano
2490,277.27772192738405,Entire home/apt,False,False,6.0,False,0,1,10.0,100.0,3,2.3543433284824,0.3927847067319523,214.3136812700613,4.748214619030331,608.8596866407228,13.26557548510167,12.52515,41.91338,
1454,138.40506861805343,Private room,False,True,2.0,True,1,0,10.0,96.0,1,1.6171974790632633,0.6751628532481305,633.4186917202762,14.033671925047708,1061.0497474408376,23.117699901899,12.49725,41.8868,Celio
3158,242.6764547728708,Entire home/apt,False,False,3.0,True,1,0,10.0,98.0,1,1.056631504432984,0.2016783417918002,650.1814713258113,14.405058738558177,1472.6491413474887,32.0854521595923,12.49079,41.90502,Trevi
2585,173.473920463844,Private room,False,True,3.0,False,0,1,10.0,92.0,1,0.5319806745610473,0.4064072466010675,502.8501417627127,11.14086781650897,1343.1977926984189,29.26502132005509,12.499,41.905,Castro Pretorio
1353,207.60760292708017,Entire home/apt,False,False,2.0,True,0,0,10.0,99.0,1,3.786784958036281,0.6566643452109597,177.78421591104342,3.93888811959662,505.92862343078457,11.022957327366868,12.513,41.934,
3855,150.32847824562222,Private room,False,True,2.0,False,0,1,9.0,93.0,1,1.975485183977222,0.23481260116035,359.4825281317411,7.9644947781481745,826.4472203782233,18.006279980315107,12.50873,41.88376,
1916,122.50718911462836,Private room,False,True,2.0,False,0,1,10.0,100.0,1,2.593664489773788,1.5621278414610145,770.8799468854546,17.079186973165815,2329.622496288031,50.75682255595883,12.472,41.895,Regola
4090,116.66238047366328,Private room,False,True,2.0,True,1,0,10.0,97.0,1,3.8331936598453273,0.2595472013991259,185.1564174164324,4.102222512225595,564.6282211524185,12.301879157152792,12.52824,41.87235,
2559,390.9008019077455,Entire home/apt,False,False,4.0,False,0,0,10.0,100.0,2,1.364342495448521,0.3533875599565401,641.4030934904586,14.21056988594652,1540.7937969696256,33.57015888742521,12.488,41.907,Ludovisi
2584,157.10845626914173,Private room,False,True,2.0,False,0,1,10.0,100.0,1,0.5319583029136876,0.4063853879142201,502.85123305010137,11.14089199446486,1343.302932147447,29.26731205358229,12.499,41.905,Castro Pretorio
1330,228.1813293432773,Entire home/apt,False,False,4.0,True,0,0,10.0,97.0,1,1.011568431004182,0.2018377842117744,472.6327946792354,10.471389095786142,1112.8627186935996,24.246578847807104,12.505,41.892,Esquilino
1916,122.50718911462836,Private room,False,True,2.0,False,0,1,10.0,100.0,1,2.593664489773788,1.5621278414610145,770.8799468854546,17.079186973165815,2329.622496288031,50.75682255595883,12.472,41.895,Regola
4003,219.7648049002876,Entire home/apt,False,False,2.0,False,0,0,9.0,93.0,1,2.264724137580672,0.20892688949291,592.3922580416329,13.124713098876748,1084.8728732147292,23.636748017875043,12.48604,41.88447,Ripa
3723,199.1910784840904,Entire home/apt,False,False,2.0,False,0,1,9.0,56.0,1,2.7106209133213803,1.500817492167767,784.8705585667304,17.389155177344527,2342.746734383428,51.042767864802485,12.47,41.897,Parione
4184,120.16926565824234,Private room,False,True,2.0,False,0,1,9.0,70.0,1,0.2677530899781732,0.2517715278844084,471.4552596498632,10.445300285180346,1255.7744928207835,27.36027970367053,12.50256,41.90327,Castro Pretorio
4152,375.7042994412363,Entire home/apt,False,False,4.0,False,0,0,9.0,89.0,2,0.5319895590982141,0.4064144212938558,502.8522770659878,11.140915125099662,1343.1575080387893,29.264143615051907,12.499,41.905,Castro Pretorio
2698,300.4231641456058,Entire home/apt,False,False,6.0,True,0,0,10.0,99.0,2,4.434905522680151,0.4400830628102372,228.9794554503515,5.073141347690744,644.5124894473889,14.042363564957508,12.48534,41.863,Garbatella
3018,119.93547331260372,Private room,False,True,2.0,False,1,0,10.0,97.0,1,3.788733349031269,1.4218102104679056,280.78495028082943,6.22091505230182,764.1426329361504,16.64881417018562,12.46904,41.92428,
1668,161.5505108362752,Entire home/apt,False,False,5.0,True,0,0,10.0,97.0,2,4.452226873466549,0.9153529938717712,386.3682266682906,8.5601593483126,822.0582111786572,17.91065411754386,12.449000000000002,41.896,
146,149.860893554345,Private room,False,True,2.0,False,0,1,10.0,93.0,1,2.3771268165807644,0.3200723157525532,265.598104016729,5.884443740620603,720.683087791585,15.701936113856677,12.518,41.883,
279,149.860893554345,Entire home/apt,False,False,4.0,False,0,0,10.0,95.0,2,6.934510495550364,2.488190956127671,101.37281890223608,2.245959743826923,295.14065512986906,6.43039886734681,12.56,41.946000000000005,
1699,139.34023800060783,Entire home/apt,False,False,4.0,False,0,0,9.0,88.0,1,2.642564802269909,0.0863976984642172,218.06255346332043,4.831272544438643,640.5900753919577,13.956903678422352,12.52904,41.88802,Pigneto
3102,381.3153157365628,Entire home/apt,False,False,4.0,False,1,0,10.0,100.0,1,2.276785793614674,0.420993755706172,611.3050426322208,13.543734225980804,1656.4126373051088,36.08921292832003,12.47705,41.90898,Campo Marzio
2488,184.9297454001356,Entire home/apt,False,False,4.0,False,1,0,10.0,99.0,1,1.115448368777987,0.83422020954205,331.7034303955393,7.349036552649755,974.1420535856022,21.22419208988808,12.514,41.896,
2739,162.01809552755242,Entire home/apt,False,False,3.0,False,0,1,10.0,93.0,1,3.237219482567312,1.9463042097534589,251.89679075143684,5.580885071101064,653.5369312234076,14.238984258061995,12.488,41.928,
540,163.88843429266126,Private room,False,True,2.0,False,0,1,10.0,92.0,1,0.9465299842414308,0.646938540422558,486.6773862633179,10.782553248642149,1241.7035251363873,27.053707453837987,12.496,41.908,Sallustiano
2746,264.65293526289946,Entire home/apt,False,False,3.0,True,1,0,10.0,100.0,1,3.731344503314285,0.8162102677611116,256.8906292342583,5.691525776578608,706.9671589479518,15.403099299044095,12.493,41.868,Garbatella
2660,659.2944147008626,Entire home/apt,False,False,4.0,False,0,1,10.0,90.0,2,2.282086145909548,0.5771419881495505,665.3827685858296,14.741850218460428,1649.103913493607,35.92997356734974,12.476,41.907,Campo Marzio
2532,202.46417132303088,Entire home/apt,False,False,4.0,True,0,0,10.0,96.0,2,3.8637784566840665,1.4162757090240252,340.14727770954534,7.536113733255416,922.0144100291916,20.08845719787497,12.46587,41.87917,
1616,184.4621607088584,Entire home/apt,False,False,6.0,False,1,0,9.0,88.0,1,2.9209495994087367,1.251710748801883,702.3382643042286,15.560615609375898,1763.4538402668318,38.42138106009309,12.46706,41.90028,Ponte
2937,103.10242442662428,Private room,False,True,2.0,False,0,1,9.0,93.0,1,0.6886711859717143,0.382545556047791,431.8407172676902,9.567622536608598,1251.7937661944006,27.273549327679987,12.501,41.907,Castro Pretorio
2355,230.98683749094053,Entire home/apt,False,False,4.0,False,0,0,10.0,100.0,1,5.0834581041544,2.932089395538273,189.7236667096689,4.203411945090474,609.9139340042351,13.288544977560274,12.4666,41.93809,
1612,152.19881701073106,Private room,False,True,2.0,False,1,0,10.0,96.0,1,3.840373399118647,0.2003922151098218,439.04955108696936,9.727337445726924,1085.0677128799882,23.640993101502183,12.458,41.911,Prati
1064,161.5505108362752,Entire home/apt,False,False,5.0,True,0,0,9.0,95.0,1,6.202646607405331,0.2561160300702841,210.9907095370865,4.674592707131701,550.4337070139064,11.99261512980738,12.42751,41.90063,
2830,126.94924368176184,Entire home/apt,False,False,4.0,False,0,0,10.0,85.0,1,5.001873738046766,1.2304338993287864,220.6978584159032,4.889658893958199,620.4462592703776,13.518018793806055,12.46774,41.86396,
683,125.78028195356885,Private room,False,True,2.0,False,1,0,9.0,89.0,1,4.534623584590988,2.396967182297092,292.3027136641691,6.476096206165679,758.0261917108292,16.51555175430397,12.45437,41.88121,Monteverde
1807,146.35400836976595,Private room,False,True,2.0,False,0,1,10.0,96.0,1,3.083717812655973,0.9262301107980088,462.9434445788354,10.2567172487861,1248.2865777855843,27.19713620065179,12.475,41.882,Testaccio
4457,97.25761578565915,Private room,False,True,4.0,False,1,0,8.0,85.0,1,1.4273143023950443,1.2242409759618875,284.63778114260646,6.306276228098564,780.9334098385666,17.014644464652033,12.51892,41.89772,
920,366.5863979613307,Entire home/apt,False,False,4.0,True,0,1,10.0,96.0,1,1.1245294206502632,0.0991642135330894,774.3385283725997,17.155813379287206,1670.1438726385616,36.38838323441241,12.489,41.903,Trevi
4508,254.1322797091623,Entire home/apt,False,False,4.0,True,0,0,10.0,98.0,1,2.6842990431752924,1.3546244052961816,843.1400279157203,18.680141103051103,2419.247075568293,52.70952471024738,12.47,41.899,Parione
2630,115.72721109110888,Private room,False,True,2.0,True,1,0,10.0,96.0,1,0.4846177287170963,0.2515797508913594,531.077260409153,11.76625214389234,1156.4514626180255,25.19627183211441,12.50305,41.89655,Esquilino
3678,212.75103453112945,Entire home/apt,False,False,6.0,False,1,0,9.0,91.0,2,3.8161553692818617,0.2542396183645695,612.5517648434042,13.571355909271997,1390.8515889706027,30.303281933248456,12.457,41.907,Prati
1273,276.57634489046825,Entire home/apt,False,False,3.0,True,1,0,10.0,98.0,1,2.684308129627199,1.3546244377717525,843.1291983719761,18.679901169708447,2419.298094419697,52.71063628724833,12.47,41.899,Parione
2421,231.22062983657912,Entire home/apt,False,False,4.0,True,0,1,10.0,100.0,2,5.626374289243427,2.9955902876043505,210.6439424721705,4.666909929078174,572.7275416941603,12.478343702896169,12.44653,41.87203,Monteverde
815,161.5505108362752,Private room,False,True,3.0,False,0,1,10.0,93.0,1,3.255539258285236,0.284961600950321,208.6369904689712,4.622445017716425,604.2425838782793,13.16498001694776,12.525,41.877,
2719,133.02784466836556,Private room,False,True,2.0,True,1,0,10.0,100.0,1,4.695528725866424,0.280786053989572,362.6552148004847,8.034787057823719,792.8326000454058,17.27389895195651,12.447,41.91,
782,232.62338391041075,Private room,False,True,2.0,False,0,1,9.0,92.0,1,3.459843285593162,0.3455631748813585,488.10269651340286,10.814131629107646,1270.9064771691535,27.689968932596493,12.462,41.909,Prati
1199,191.4759310780165,Entire home/apt,False,False,5.0,False,0,0,10.0,90.0,1,6.771350211882197,0.9794087389580282,179.53788090129973,3.977741344898294,441.9875130941765,9.62983565355172,12.4222,41.9127,
791,80.65835924531831,Private room,False,True,2.0,False,1,0,9.0,85.0,1,3.742976220477254,0.4911509217565304,302.7582861472671,6.707744049739501,1115.761737805974,24.309741441277755,12.479,41.872,
2316,234.4937226755196,Entire home/apt,False,False,5.0,True,1,0,10.0,99.0,2,4.385040655159817,1.054004200840033,385.2643536428139,8.535702552059275,833.4709068932864,18.15930907009329,12.45,41.895,
557,202.9317560143081,Entire home/apt,False,False,4.0,True,0,0,10.0,96.0,1,3.0239682342463485,1.4804585165032251,635.4589665395944,14.07887511817339,1592.8225265950773,34.70373868484681,12.46611,41.89739,Ponte
4197,166.4601500946859,Private room,False,True,2.0,False,0,1,10.0,93.0,1,3.411158742255948,0.3215625274788793,466.1566018760323,10.327906173176649,1199.290033706328,26.129620370233503,12.463,41.91,Prati
2077,203.39934070558527,Private room,False,True,2.0,True,1,0,10.0,100.0,1,1.115427575406998,0.8342211212176469,331.7039620579974,7.349048331867213,974.1261600195232,21.22384580764083,12.514,41.896,
1404,124.6113202253758,Private room,False,True,2.0,False,1,0,10.0,100.0,1,3.744186282846036,0.0864641664049566,518.5953237270146,11.48970930315201,1312.3978415288684,28.59396510440814,12.4583,41.9085,Prati
191,110.5837794870596,Private room,False,True,3.0,False,1,0,10.0,91.0,1,5.289934238240067,2.544158944239823,223.8663276846709,4.959857735267602,616.747789187001,13.437438103136392,12.45217,41.87142,
1518,202.23037897739223,Entire home/apt,False,False,2.0,False,0,1,9.0,89.0,1,1.2872584563129617,0.1852677297707083,872.1459389119111,19.32277992020088,1973.6707252748013,43.001497000601546,12.487,41.903,Trevi
1243,167.1615271316017,Entire home/apt,False,False,2.0,False,1,0,9.0,93.0,1,0.8862491359373084,0.2518102973358123,764.5717276251478,16.93942557886596,1653.587267271402,36.027654969601706,12.49278,41.89718,Monti
2065,404.6945503004232,Entire home/apt,False,False,6.0,False,0,1,8.0,75.0,2,2.561122965575124,0.0478266471254154,481.0960441738488,10.65889614030462,1111.719518491524,24.2216712887948,12.476,41.913,
2813,126.94924368176184,Entire home/apt,False,False,2.0,True,1,0,10.0,100.0,1,3.658911573018831,0.3142280441131337,193.4010141131278,4.284885207072073,580.3228772063618,12.643827637507917,12.52624,41.87324,
4046,277.27772192738405,Entire home/apt,False,False,6.0,False,0,0,9.0,80.0,2,1.1299334336303122,0.6376218088967559,384.0377940826844,8.508527581240779,1250.3511951971948,27.242119205312,12.501,41.911,
11,186.56629181960585,Entire home/apt,False,False,2.0,False,0,1,10.0,96.0,0,5.684149366098376,0.9898188321178112,242.6128974583998,5.375196299417059,560.5906898576786,12.213911145246236,12.43471,41.9094,
2088,300.65695649124444,Entire home/apt,False,False,4.0,True,0,0,10.0,98.0,2,3.061728433459543,1.731927606201423,269.60118402148544,5.973133752789172,677.3539471512374,14.757899255314772,12.4873,41.92607,
2648,124.6113202253758,Private room,False,True,2.0,False,0,1,9.0,89.0,1,2.9108034163927607,0.6280116632092609,190.2375253494073,4.214796711059969,546.2476529540884,11.90141116716434,12.536,41.908,
2103,321.2306829074416,Entire home/apt,False,False,4.0,False,1,0,10.0,93.0,1,3.078759716561133,1.4060591029552694,623.4711788276061,13.813280366935048,1521.5874041702236,33.15169818282066,12.46537,41.89786,Ponte
3349,205.97105650760992,Entire home/apt,False,False,4.0,False,0,0,10.0,100.0,2,1.459804758149153,0.8738835658550168,342.0650695139261,7.578603260885446,906.0008246306642,19.739560020820377,12.503,41.914,
1623,334.3230542632034,Entire home/apt,False,False,4.0,False,0,0,10.0,90.0,1,1.9252542416518312,0.2485416782939199,826.901808636696,18.32037615612489,1895.0626593196143,41.28881794572808,12.48003,41.90586,Campo Marzio
1458,228.1813293432773,Entire home/apt,False,False,2.0,True,0,0,10.0,99.0,1,3.809315324480417,0.0897829697794279,468.4991015144332,10.379805291152753,1422.7708875612784,30.99872601367739,12.458,41.91,Prati
3561,117.8313422018563,Entire home/apt,False,False,4.0,False,0,0,10.0,96.0,2,5.30680486385104,0.6257383333043391,273.5162980956533,6.059874840768105,661.9610237094524,14.422524796578628,12.43871,41.89551,
3126,115.72721109110888,Entire home/apt,False,False,2.0,False,1,0,8.0,85.0,1,4.70001519782618,0.7480955318676247,213.417097029478,4.728350397702504,588.7003198350226,12.82635178880418,12.48623,41.86029,Garbatella
3392,254.3660720548009,Entire home/apt,False,False,2.0,False,0,0,10.0,80.0,1,1.5394814622040498,0.4601894768045003,1320.0305161116285,29.245861286238707,2027.4021111317595,44.17217354668268,12.48379,41.90226,Trevi
3723,199.1910784840904,Entire home/apt,False,False,2.0,False,0,1,9.0,56.0,1,2.7106209133213803,1.500817492167767,784.8705585667304,17.389155177344527,2342.746734383428,51.042767864802485,12.47,41.897,Parione
637,266.0556893367311,Entire home/apt,False,False,4.0,False,0,1,10.0,100.0,1,2.203032420311424,0.4947103969995503,691.7138602628704,15.325227227781664,1625.9167320320669,35.42478113514604,12.477,41.907,Campo Marzio
411,196.15177799078856,Entire home/apt,False,False,5.0,True,1,0,10.0,100.0,2,3.605165647923118,0.488167727769669,172.9600796120135,3.8320072412341024,529.6927487086748,11.540719965669584,12.52347,41.929190000000006,
3347,184.9297454001356,Private room,False,True,3.0,False,1,0,10.0,100.0,2,5.126102025843263,2.888408214083983,191.1237702272108,4.234431859221718,552.006036932436,12.026872384277318,12.46474,41.937540000000006,
2627,92.34797652724848,Private room,False,True,2.0,False,1,0,9.0,83.0,1,1.507420134454748,0.2969691704887253,410.2619430046114,9.089535226412131,927.3154372322676,20.2039537203972,12.508,41.888000000000005,Esquilino
305,124.3775278797372,Private room,False,True,2.0,False,0,1,9.0,90.0,1,1.1330845247011971,0.7087295685616227,498.1428270262636,11.036575171655285,1226.9699965378009,26.73269960905062,12.494000000000002,41.909,Ludovisi
4226,208.0751876183573,Entire home/apt,False,False,3.0,False,0,0,9.0,88.0,1,2.2613181993024654,0.8938377404390901,1076.7582760769835,23.85605695974226,2317.949800308988,50.50250282840555,12.475,41.901,Sant'Eustachio
1159,158.97879503425057,Private room,False,True,5.0,False,0,1,10.0,100.0,1,5.7507678987337485,0.2015095876935754,129.17380410732582,2.8619028959018045,418.8358404017224,9.125416871282525,12.548,41.862,
2114,151.49743997381523,Private room,False,True,3.0,False,0,1,10.0,91.0,1,3.083717615058141,0.9262267056991292,462.942865766412,10.256704424940258,1248.2838038550906,27.19707576343586,12.475,41.882,Testaccio
1490,196.15177799078856,Entire home/apt,False,False,4.0,False,0,0,10.0,94.0,1,3.9543213555810537,0.1904539524441946,453.8825910983633,10.055970023028472,1110.2675520873197,24.19003646330146,12.45638,41.91052,Prati
1085,230.5192527996633,Private room,False,True,4.0,True,1,0,10.0,100.0,1,1.877368785366164,1.402835412680007,350.1304337953276,7.757294982112975,923.669488342751,20.124517339125923,12.49717,41.91734,
1008,136.06714516166738,Private room,False,True,2.0,False,0,1,9.0,93.0,1,0.5654389292638659,0.2873514408529413,431.2276706225394,9.554040216406724,1169.8462739671895,25.488112275749963,12.50211,41.90596,Castro Pretorio
221,97.72520047693638,Private room,False,True,2.0,False,0,0,10.0,100.0,1,2.728616151657113,0.2143646798694924,216.79706607382823,4.803235110302958,621.8152712452555,13.547846243530884,12.51343,41.92397,
1073,285.69424637037383,Entire home/apt,False,False,6.0,False,0,0,10.0,99.0,2,2.561108763558983,0.0478127234894005,481.0985906096919,10.65895255771962,1111.721019537861,24.22170399295296,12.476,41.913,
3815,230.98683749094053,Private room,False,True,2.0,True,0,1,10.0,95.0,1,2.1867688879187344,0.8022470402156009,1020.9239811764196,22.61902340351291,2129.461636445669,46.39580300800422,12.47591,41.90148,Campo Marzio
2936,103.10242442662428,Private room,False,True,3.0,False,0,1,9.0,90.0,1,0.6886607745580459,0.3825381583898217,431.8410259640607,9.56762937591354,1251.7589979526326,27.272791812039227,12.501,41.907,Castro Pretorio
1588,265.1205199541767,Entire home/apt,False,False,5.0,True,0,0,10.0,100.0,2,2.627902307816355,1.3616891244541092,318.59861789591105,7.0586936220368655,768.9186655638912,16.752872334542275,12.48751,41.92181,
2690,194.2814392256797,Entire home/apt,False,False,2.0,True,1,0,9.0,92.0,1,2.969315806772635,1.787676231915443,579.5730639156142,12.84069816995278,2950.213247432108,64.27798947715712,12.469,41.891000000000005,Trastevere
527,178.61735206789328,Entire home/apt,False,False,4.0,False,1,0,10.0,89.0,1,3.5143962268273587,0.3465422615514189,196.2549980320475,4.348116486036553,575.569273247136,12.5402581394265,12.52725,41.87534,
2367,126.94924368176184,Private room,False,True,2.0,True,0,0,10.0,100.0,1,3.614354015179112,0.8002961735548824,212.7922811907091,4.71450732579845,567.5163186448399,12.364803795020393,12.515999999999998,41.87,
637,266.0556893367311,Entire home/apt,False,False,4.0,False,0,1,10.0,100.0,1,2.203032420311424,0.4947103969995503,691.7138602628704,15.325227227781664,1625.9167320320669,35.42478113514604,12.477,41.907,Campo Marzio
2306,166.4601500946859,Entire home/apt,False,False,4.0,False,1,0,9.0,92.0,1,4.413627104992206,1.212666750716528,364.37683065384783,8.07293022028936,813.2618196027311,17.71900208505215,12.45004,41.89331,
2643,465.71435251209874,Entire home/apt,False,False,6.0,False,1,0,9.0,93.0,3,0.5124407420779395,0.1577623240959419,402.3603956700703,8.91447294226635,1160.54173860201,25.28538902284157,12.505,41.905,Castro Pretorio
1329,195.91798564515,Private room,False,True,2.0,False,0,1,9.0,92.0,1,2.2203847551574745,1.1970009468750749,1150.8832053330568,25.498327628803107,2110.056461731402,45.97301132771747,12.476,41.897,Sant'Eustachio
2148,87.67212961447642,Private room,False,True,3.0,False,0,1,10.0,89.0,1,1.685467917529943,0.3659647756475373,333.1572206950366,7.381245921235884,819.6743097459982,17.858714688644472,12.513,41.888000000000005,Esquilino
4453,130.6899212119795,Private room,False,True,5.0,False,1,0,10.0,95.0,1,6.577025561288436,0.4035142073641053,191.1054238640173,4.234025387411775,471.1804330434186,10.265878557547952,12.42324,41.90552,
4527,508.4983517639632,Entire home/apt,False,False,5.0,True,1,0,10.0,98.0,2,1.4242017628944892,0.2696606748300711,801.7148674084947,17.76234830722755,1658.5121700011443,36.13495665232377,12.486,41.905,Colonna
2579,272.8356673602506,Private room,False,True,4.0,False,0,1,10.0,90.0,1,0.2863043064106056,0.216555108940918,596.6224960298838,13.21843589687432,1500.0483115584875,32.68241360840905,12.499,41.9,Castro Pretorio
1382,138.40506861805343,Private room,False,True,2.0,False,0,0,10.0,94.0,1,3.641553757275037,0.4524580397619175,299.04477072494353,6.62546946926579,851.929086037212,18.56146801430297,12.48247,41.87161,
3536,128.35199775559346,Entire home/apt,False,False,2.0,False,1,0,10.0,100.0,1,3.5208936922765046,0.6215867869539878,185.8408013513054,4.11738534170683,519.6007762093378,11.3208403679216,12.5137,41.93139,
1946,98.4265775138522,Private room,False,True,3.0,False,0,0,10.0,100.0,1,5.867055783689687,2.872921217415858,195.50362855468603,4.331469562165159,576.522548201173,12.561027688040577,12.44726,41.86769,
2528,219.7648049002876,Entire home/apt,False,False,3.0,True,1,0,9.0,96.0,1,1.6179409485472194,0.761030739725716,1210.073598203469,26.80971702339469,1857.2943204505525,40.4659374673395,12.48298,41.89865,Trevi
145,165.9925654034087,Private room,False,True,3.0,False,0,1,10.0,90.0,1,2.377124322642574,0.32005145737967,265.5992256684775,5.884468591312348,720.6845052779978,15.701966997446808,12.518,41.883,
4016,191.7097234236551,Entire home/apt,False,False,4.0,False,0,1,9.0,90.0,2,0.5319593110650329,0.4063864228862221,502.8510987131884,11.140889018171,1343.2981421832962,29.26720769188385,12.499,41.905,Castro Pretorio
2737,212.75103453112945,Private room,False,True,3.0,True,1,0,10.0,96.0,1,0.8754400206266849,0.4640427212608489,748.7541706919747,16.588980592701986,1783.8473938211744,38.86570711750906,12.492,41.899,Monti
2392,327.3092838940453,Entire home/apt,False,False,4.0,False,0,0,10.0,100.0,1,0.7752452600822821,0.4340161056498573,529.7106994064154,11.735975379046804,1349.3075649289426,29.39813843471902,12.49603,41.90608,Sallustiano
1578,103.80380146354008,Private room,False,True,2.0,False,0,1,9.0,93.0,1,1.8767607699237792,0.761600934878129,516.7820633742255,11.44953571617334,936.5572739008372,20.405310920812795,12.49771,41.88432,Monti
2966,179.0849367591705,Entire home/apt,False,False,3.0,True,1,0,10.0,97.0,1,5.4158569094697535,0.3758666835099699,270.50514026134323,5.993161304029113,639.4148548969405,13.931298474907722,12.437,41.9,
136,288.2659621723985,Entire home/apt,False,False,6.0,False,1,0,10.0,94.0,2,4.602152030585205,2.190546127845978,225.72485528330853,5.00103423814612,567.7522441630935,12.369944039710465,12.46452,41.93124,
1211,182.1242372524724,Entire home/apt,False,False,3.0,False,0,1,10.0,95.0,1,0.9562414280332328,0.7091233404101243,465.64462458419337,10.31656308930391,1223.7913134428136,26.66344381586053,12.49691,41.9085,Sallustiano
3453,196.3855703364272,Entire home/apt,False,False,4.0,False,0,0,10.0,100.0,2,5.115552586843623,0.6883712014321424,285.941286879563,6.335155975576782,677.3397677319629,14.75759032016789,12.4426,41.9125,
1143,169.49945058798772,Entire home/apt,False,False,4.0,True,0,1,10.0,96.0,1,1.3237787912207148,1.21777260407616,290.18603906473675,6.429200342041681,794.7667943831975,17.316040354243135,12.518,41.899,
3258,204.3345100881397,Entire home/apt,False,False,5.0,False,1,0,10.0,100.0,2,3.414662078078348,0.733540533576264,177.97300377622472,3.9430707984439857,508.6702278134333,11.08269023576317,12.52416,41.92689,
4375,252.02814859841487,Entire home/apt,False,False,4.0,True,0,1,10.0,97.0,1,2.746084160631717,1.277359437449547,593.2283963969379,13.143238114819097,1869.5539535910848,40.73304513173863,12.474,41.888000000000005,Trastevere
1037,126.71545133612324,Entire home/apt,False,False,3.0,False,0,0,9.0,88.0,1,1.8058173865758973,0.1900630465928728,411.5765544797605,9.118661026443451,846.6517411773013,18.44648747258521,12.50768,41.88513,
2037,303.9300493301849,Entire home/apt,False,False,4.0,False,0,0,9.0,85.0,1,1.890111519612276,0.1701651661717794,780.6965439977309,17.296678034125684,1663.468539288392,36.24294391499636,12.481,41.907,Campo Marzio
3544,104.03759380917867,Private room,False,True,2.0,False,1,0,10.0,91.0,1,4.276931129552471,1.4987107962512238,287.37116698570867,6.366835603229233,781.4605526207775,17.026129627033907,12.46426,41.87486,Monteverde
4127,196.3855703364272,Private room,False,True,2.0,False,1,0,10.0,89.0,1,3.9956231462427407,1.2966171819410994,314.92609246153125,6.977327192917911,865.6686429564508,18.86081962756156,12.46671,41.87661,
87,297.1500713066654,Entire home/apt,False,False,3.0,False,0,1,10.0,87.0,1,2.430458706473805,0.9603330721924332,860.3804643952681,19.06211061636228,1949.468471921656,42.47418861443284,12.473,41.902,Ponte
4172,91.17901479905548,Private room,False,True,2.0,False,0,1,9.0,94.0,1,1.4024784483649082,0.2143283864278838,409.28257698235626,9.06783693801218,1107.6246291400107,24.13245358398116,12.508,41.889,Esquilino
3481,115.49341874547028,Entire home/apt,False,False,4.0,False,1,0,10.0,100.0,1,7.124162601117392,0.2821682728203971,100.95406475821068,2.236682060122095,290.1004773126176,6.320585620123993,12.57999,41.8737,
3397,183.0594066350268,Entire home/apt,False,False,3.0,True,0,1,10.0,99.0,1,6.7537140926944526,0.8346688092965988,181.17373918884945,4.013984510474913,441.2785741519604,9.614389593878789,12.422,41.911,
3513,291.5390550113389,Entire home/apt,False,False,6.0,False,0,0,10.0,80.0,2,2.4655094355847047,1.496755669299957,768.7625515886077,17.03227514167109,2174.103244389529,47.36843534505864,12.474,41.894,Regola
2114,151.49743997381523,Private room,False,True,3.0,False,0,1,10.0,91.0,1,3.083717615058141,0.9262267056991292,462.942865766412,10.256704424940258,1248.2838038550906,27.19707576343586,12.475,41.882,Testaccio
3909,150.32847824562222,Private room,False,True,2.0,False,0,1,9.0,90.0,1,2.4133493844921503,0.1100962825341572,282.4214581629626,6.2571726099344165,747.2868234989323,16.281566974554078,12.514,41.881,
2347,233.32476094732647,Entire home/apt,False,False,4.0,False,0,1,9.0,91.0,1,3.1649151314258974,1.339496094224208,290.21433675585075,6.429827289933369,707.7673118946832,15.42053269059126,12.4807,41.92438,
2890,379.21118462581535,Entire home/apt,False,False,4.0,True,0,1,9.0,96.0,1,2.7776320860559145,1.488677710188547,762.437496689293,16.89214074632537,2065.308380682407,44.99805920000472,12.469,41.898,Parione
2053,248.7550557594744,Entire home/apt,False,False,4.0,False,1,0,10.0,94.0,1,1.1154797322952277,0.8342549944116556,331.6991642354845,7.348942033982447,974.0902192322864,21.223062745078884,12.514,41.896,
4388,217.1930890982629,Entire home/apt,False,False,4.0,False,1,0,10.0,90.0,2,1.2307828614207117,0.982999088019048,315.48011841547367,6.9896018835407485,852.1696958241452,18.5667103178436,12.51575,41.89629,
4300,172.30495873565098,Entire home/apt,False,False,4.0,True,1,0,10.0,98.0,2,3.802346484408547,1.3332161713539945,512.7174915669515,11.35948332585918,1071.0125591175272,23.33476539866421,12.45672,41.89704,
4469,223.2716900848666,Entire home/apt,False,False,4.0,False,0,1,10.0,97.0,1,3.2758254512374405,0.544999474754135,386.9680669635656,8.573449075978278,1184.508787625845,25.80757287727768,12.47677,41.87835,Testaccio
2143,146.82159306104316,Private room,False,True,2.0,False,0,1,10.0,80.0,1,3.0837166020095745,0.926222520253063,462.94233209757846,10.25669260127066,1248.2815244264204,27.197026100215,12.475,41.882,Testaccio
1916,122.50718911462836,Private room,False,True,2.0,False,0,1,10.0,100.0,1,2.593664489773788,1.5621278414610145,770.8799468854546,17.079186973165815,2329.622496288031,50.75682255595883,12.472,41.895,Regola
