Unnamed: 0,realSum,room_type,room_shared,room_private,person_capacity,host_is_superhost,multi,biz,cleanliness_rating,guest_satisfaction_overall,bedrooms,dist,metro_dist,attr_index,attr_index_norm,rest_index,rest_index_norm,lng,lat,district
2773,283.5901152596264,Entire home/apt,False,False,6.0,True,0,0,10.0,100.0,2,2.844214920715693,0.6066450265789771,217.72052356037904,4.824729792219257,602.9651898746571,13.128249620628708,12.52689,41.88308,
3337,184.4621607088584,Private room,False,True,2.0,False,1,0,9.0,87.0,1,0.3521239337656782,0.241684892750425,507.3906999305156,11.24387809755953,1291.8637352220287,28.12751030512751,12.50036,41.90371,Castro Pretorio
1512,507.0955976901316,Entire home/apt,False,False,5.0,False,0,1,10.0,100.0,2,2.38931675386267,0.9220616058362168,873.5238641464994,19.35746131160353,1997.5044052180967,43.49129417480963,12.4735,41.90205,Ponte
1697,218.82963551773312,Entire home/apt,False,False,6.0,True,1,0,10.0,97.0,1,1.9932116531074315,0.90274777354701,1509.9010910535883,33.45970631606691,2230.957268123934,48.57422020494306,12.47835,41.89908,Pigna
2863,138.17127627241484,Entire home/apt,False,False,3.0,False,0,0,9.0,95.0,1,2.982647581174409,1.84546522406321,578.9240437092628,12.82907112035084,2770.4877402004427,60.321317440902014,12.46856,41.89152,Trastevere
3009,115.25962639983166,Private room,False,True,4.0,False,0,1,7.0,76.0,1,3.7115757474079856,1.3240350889663457,289.2407438481537,6.409631995859309,723.7061976620173,15.757121264128145,12.46913,41.92333,
4073,184.4621607088584,Entire home/apt,False,False,3.0,False,1,0,10.0,97.0,1,4.278401360231066,1.701834912746219,254.3700627134788,5.636890816506105,631.5086065605575,13.749720155861455,12.46412,41.9268,
2678,129.28716713814788,Private room,False,True,2.0,False,0,1,10.0,93.0,1,4.689032084356726,0.8424098408639833,309.880965664839,6.867023386842981,730.1691234241088,15.89783735207008,12.449000000000002,41.915,
484,124.6113202253758,Private room,False,True,2.0,True,1,0,10.0,94.0,1,4.274867169250681,0.9439056996003848,434.331835341859,9.624879232398111,889.3147316751897,19.362885262350435,12.451,41.897,
939,143.0809155308255,Private room,False,True,2.0,False,1,0,10.0,98.0,1,3.889181023228093,0.1405676097254931,547.205873925726,12.126190215019657,1340.2347907023764,29.18068435467968,12.45649,41.90844,Prati
4449,465.4805601664601,Entire home/apt,False,False,3.0,True,0,1,10.0,100.0,1,1.6645107453491117,0.8720916254480087,1144.3685707143115,25.359433488931188,1810.272697524224,39.41473281309533,12.48269,41.89755,Trevi
3311,92.11418418160989,Private room,False,True,2.0,False,0,0,10.0,100.0,1,5.146171189252916,2.549562635483277,245.9359184211268,5.449988513619158,642.6661271661972,13.99265078953302,12.44768,41.87888,Monteverde
3790,145.18504664157294,Private room,False,True,2.0,False,1,0,10.0,99.0,1,4.05058214526023,1.302022328321261,307.74201659398847,6.819623853085613,855.5749859736977,18.62827601600605,12.4666,41.87597,
1538,228.4151216889159,Entire home/apt,False,False,5.0,False,0,0,9.0,88.0,2,2.1295333287033653,0.4116366402131418,702.4103603402757,15.565552279950118,1670.219247199573,36.365374928149166,12.47812,41.9074,Campo Marzio
322,103.80380146354008,Private room,False,True,2.0,False,1,0,10.0,93.0,1,4.542394136082337,1.7764470737459288,267.97821920828113,5.938450251436671,719.2532151382558,15.660167298775034,12.461,41.874,Monteverde
3832,108.24585603067356,Private room,False,True,3.0,False,0,1,10.0,93.0,1,1.1122991724861184,0.5157827995970379,627.1374126909961,13.897488896982347,1145.262675661074,24.93559253460919,12.5,41.891000000000005,Monti
1669,218.82963551773312,Entire home/apt,False,False,4.0,False,0,0,10.0,100.0,1,6.277865591976561,0.1565735423818139,159.45602528778838,3.533577005851291,436.2126926156411,9.497578322117024,12.4754,41.848040000000005,San Paolo
1276,207.60760292708017,Entire home/apt,False,False,4.0,False,1,0,9.0,90.0,1,3.049239743419469,1.4414499395813325,630.0404780317456,13.961821398159662,1559.7240337914811,33.959583071727714,12.46576,41.89765,Ponte
3590,147.522970097959,Entire home/apt,False,False,4.0,False,0,0,10.0,100.0,1,2.7265522041915786,0.241944203013079,210.8915754048194,4.673398952678482,648.9458874818016,14.129378850066848,12.531,41.889,Pigneto
2764,200.59383255792204,Entire home/apt,False,False,4.0,False,1,0,10.0,90.0,1,2.892329398205334,1.712712728102863,601.4117890616576,13.327403997689574,2929.0715323273826,63.774133032563526,12.47,41.891000000000005,Trastevere
2310,207.60760292708017,Entire home/apt,False,False,6.0,False,0,0,10.0,80.0,2,6.640805995271822,1.494703159556692,107.46713538639632,2.3814929401426608,305.9825377403474,6.662101233147095,12.54421,41.95178,
3617,126.71545133612324,Private room,False,True,2.0,False,1,0,9.0,92.0,1,1.1188509563775395,0.3700725889096735,549.9752000718659,12.187559029236876,1091.8687205847802,23.77305582064079,12.50206,41.8908,Monti
2744,207.60760292708017,Entire home/apt,False,False,4.0,True,1,0,9.0,93.0,1,2.892328211038747,1.7127138116493736,601.4119812625121,13.32740825689846,2929.067307963389,63.77404105626717,12.47,41.891000000000005,Trastevere
1833,184.4621607088584,Entire home/apt,False,False,2.0,True,0,0,10.0,98.0,1,2.5114972414501486,0.0622501351191516,224.6099513533838,4.977400872467855,656.776832959946,14.299880578407064,12.528,41.889,Pigneto
75,265.1205199541767,Private room,False,True,2.0,False,1,0,10.0,100.0,1,1.1954087134580984,0.8116590364561205,481.1552682958065,10.662495752203332,1158.4609344563298,25.222955783651475,12.49443,41.90991,Ludovisi
729,207.60760292708017,Entire home/apt,False,False,2.0,False,0,0,9.0,96.0,1,4.456926000051498,0.303726529577249,502.6122081991011,11.137985777251773,875.6065378625175,19.06441929243577,12.44882,41.90495,
4357,155.4719098496715,Entire home/apt,False,False,4.0,False,0,1,10.0,92.0,2,1.4479199345694955,0.3122369647905246,466.24637609550814,10.332111757201517,973.0295950417724,21.18559350768345,12.505,41.888000000000005,Esquilino
3217,251.09297921586045,Entire home/apt,False,False,3.0,False,0,0,10.0,100.0,2,0.828461989051903,0.4282830785325904,549.7949499699489,12.183564651387016,1310.7180896718291,28.538022679323188,12.495,41.906000000000006,Sallustiano
955,200.59383255792204,Entire home/apt,False,False,4.0,False,0,0,9.0,92.0,1,2.969305041031434,1.78767567849119,579.5762477938163,12.843524091645849,2950.126898638505,64.23256763115727,12.469,41.891000000000005,Trastevere
1204,149.860893554345,Entire home/apt,False,False,4.0,False,0,0,10.0,91.0,1,3.351483829008143,1.367405220501643,283.1346261358855,6.27431922166874,689.3214574095432,15.008468670652892,12.478,41.925,
1361,299.72178710869,Entire home/apt,False,False,6.0,False,0,1,10.0,98.0,3,1.34590612464215,0.1995262138861523,770.6308575490548,17.07733196861106,1669.7523741644932,36.355209787858165,12.487,41.905,Colonna
4116,346.0126715451336,Entire home/apt,False,False,4.0,False,0,0,9.0,89.0,2,0.5319825997862284,0.4064070683976917,502.8535598930052,11.143334178444912,1343.1906795648126,29.2450423764835,12.499,41.905,Castro Pretorio
1970,114.09066467163863,Private room,False,True,3.0,False,1,0,9.0,95.0,1,1.188699903487656,0.915591721898276,323.59206678592415,7.17086409501896,885.7456853123914,19.2851770756338,12.515,41.896,
553,167.1615271316017,Entire home/apt,False,False,4.0,False,0,1,9.0,93.0,1,1.2323696511002935,0.0747839846497316,801.6992955199594,17.765814688681175,1831.174696947972,39.86982818280024,12.488,41.904,Colonna
1819,259.2757113132116,Entire home/apt,False,False,4.0,True,0,0,10.0,100.0,2,4.05614081025906,0.5783828094759557,363.2192090706837,8.049009392647593,935.1327207416706,20.36047186880949,12.45682,41.91435,
44,414.9814135085217,Entire home/apt,False,False,4.0,True,0,0,10.0,96.0,1,2.530463017276682,1.3050227534916516,1087.3649177528555,24.09622128361885,3285.071472428531,71.5252539215626,12.472,41.898,Parione
1403,380.38014635400833,Entire home/apt,False,False,5.0,False,1,0,9.0,91.0,2,1.9900598344035592,0.2903538351954576,773.6488115642314,17.144210425499082,1958.4333216170253,42.64060669387901,12.47942,41.90636,Campo Marzio
3766,90.01005307086245,Private room,False,True,2.0,False,1,0,9.0,92.0,1,2.597152236900005,0.6525605012018051,294.0429911999998,6.516050745406512,722.0771010472832,15.72165124467512,12.50861,41.87798,
4041,179.7863137960863,Entire home/apt,False,False,2.0,False,0,0,10.0,97.0,1,3.346604052649844,0.028936254043787,209.8022334141777,4.649258919069263,601.6856194614383,13.100389770551129,12.52315,41.87511,
564,438.1268557267435,Entire home/apt,False,False,5.0,False,1,0,9.0,85.0,4,2.261290560419294,0.8938111634193651,1076.7406003533115,23.860784312214737,2317.947765691746,50.4682482282363,12.475,41.901,Sant'Eustachio
1790,205.03588712505552,Entire home/apt,False,False,5.0,False,0,1,9.0,91.0,2,2.7925340704282,0.2815154281773808,235.88984082754305,5.227365450491772,658.5682979956091,14.338885815475065,12.521,41.88,
2054,274.7060061253594,Private room,False,True,2.0,False,0,1,10.0,90.0,1,2.374635029225786,1.4408673966928047,828.759838902612,18.36548167329468,2204.033798612545,47.98802048009265,12.47489,41.89461,Sant'Eustachio
3618,138.40506861805343,Entire home/apt,False,False,2.0,False,1,0,8.0,84.0,1,1.1784846467911656,0.3104916079101557,580.5169226824478,12.86436963291938,1070.897754574478,23.31645885419534,12.50279,41.89027,Monti
1917,246.65092464872697,Entire home/apt,False,False,6.0,True,1,0,9.0,95.0,1,3.569716195200751,0.2975548424084153,457.1647724535423,10.130861627282698,1188.78174845404,25.8831252620012,12.46112,41.91029,Prati
3454,126.71545133612324,Entire home/apt,False,False,2.0,False,1,0,10.0,100.0,1,4.0714629814780805,2.229014979336556,349.7737386687442,7.751055113658137,908.8656710335338,19.78856425099565,12.45826,41.88465,Monteverde
3464,132.56025997708835,Private room,False,True,3.0,True,1,0,10.0,94.0,1,3.5471910399854103,1.3032779851361749,390.4786875633901,8.653084818580727,1052.5676230993934,22.917360289925192,12.46849,41.88129,
3901,345.778879199495,Entire home/apt,False,False,6.0,False,0,1,9.0,91.0,2,2.178325763717315,0.8347442572147346,1106.952150481941,24.530278228502794,2396.286752608379,52.17390850935886,12.476,41.901,Sant'Eustachio
4050,174.17529750075985,Entire home/apt,False,False,4.0,True,0,0,10.0,99.0,1,3.880994953038478,0.6296810465002854,290.1785927596123,6.430414912920683,873.4043685735847,19.01647186758028,12.478,41.871,
1524,152.19881701073106,Private room,False,True,2.0,False,1,0,10.0,99.0,1,3.8403470730959617,0.2003544973856436,439.0590912782976,9.729636157372411,1085.091472447953,23.625496049736423,12.458,41.911,Prati
69,161.5505108362752,Private room,False,True,2.0,False,1,0,10.0,100.0,1,2.2026923346932947,0.6586193915829909,242.40777119889464,5.371804074522316,659.8980603811083,14.367838486087084,12.513,41.919,
2783,82.99628270170435,Private room,False,True,2.0,False,1,0,9.0,93.0,1,6.646524485171208,0.3753303599243878,112.5598879224194,2.4943493419330816,356.99915871171373,7.77287669110069,12.56151,41.86064,
434,161.5505108362752,Entire home/apt,False,False,4.0,False,1,0,9.0,93.0,1,4.073248059393203,1.3361407877825362,306.1951686673412,6.785345397597433,847.0095027057192,18.44178133214757,12.46619,41.876000000000005,
2052,175.34425922895284,Entire home/apt,False,False,4.0,False,1,0,10.0,94.0,1,1.115460481010062,0.8342466647743773,331.7005353239417,7.350549358883378,974.0947709336672,21.20878538547921,12.514,41.896,
3917,115.49341874547028,Private room,False,True,2.0,False,0,0,9.0,91.0,1,4.267339235387391,1.2178079484410862,275.6648585589223,6.1087876972163215,762.517259509575,16.60214733948469,12.46852,41.87188,
4229,242.20887008159352,Entire home/apt,False,False,5.0,False,0,0,9.0,93.0,2,0.8714706149270895,0.420027834638387,742.8064883300402,16.46073845264214,1676.6665959697596,36.50575186112578,12.49186,41.89972,Monti
4017,241.9750777359549,Entire home/apt,False,False,6.0,False,0,0,9.0,80.0,2,1.129919613642831,0.6376106137797221,384.0390626837109,8.510381459707496,1250.3881490762344,27.22447003476453,12.501,41.911,
333,196.15177799078856,Private room,False,True,2.0,False,0,1,10.0,90.0,1,4.226976245878485,0.5706579456842167,365.5349704673176,8.100327122456893,924.8475803351014,20.13653540795223,12.45423,41.91357,
2747,115.49341874547028,Private room,False,True,2.0,False,1,0,8.0,80.0,1,3.690926745016508,0.235554932371993,172.73028789961776,3.827737286405983,533.3705016603348,11.612977338762189,12.521,41.931,
2144,90.01005307086245,Private room,False,True,3.0,False,0,1,10.0,89.0,1,1.6854643656895785,0.3659675618022228,333.15737863782886,7.382833294380885,819.6749601084103,17.84663138898456,12.513,41.888000000000005,Esquilino
4113,87.43833726883781,Private room,False,True,2.0,False,1,0,10.0,96.0,1,2.935759266292541,0.6521868385779797,189.2524330625256,4.193871285604941,560.5573087858625,12.204910664807112,12.53632,41.90798,
600,173.0063357725668,Entire home/apt,False,False,4.0,True,0,0,10.0,99.0,1,1.332812787157983,1.1853139245761888,293.9427206047189,6.513828729216102,799.3709764852273,17.40455650676173,12.51775,41.89774,
1975,288.2659621723985,Entire home/apt,False,False,4.0,True,1,0,10.0,100.0,1,2.308236649555009,1.33480412827976,819.9469399593925,18.17018609255731,1995.367074671775,43.44475847191151,12.476,41.894,Sant'Eustachio
1482,371.2622448741028,Entire home/apt,False,False,4.0,False,0,0,10.0,96.0,1,1.3689091292342748,0.2592735006130724,939.832964945449,20.82688407840686,1979.4449762042384,43.09808956518823,12.486,41.903,Colonna
2881,138.40506861805343,Entire home/apt,False,False,6.0,False,0,1,10.0,96.0,2,5.793782314435416,2.959794738135781,199.83885901270816,4.428468575009329,562.7556063617549,12.252773791570265,12.447,41.869,
3126,149.860893554345,Entire home/apt,False,False,4.0,False,0,1,10.0,91.0,1,3.85003151877705,1.5458944826875547,348.87829254737943,7.731211850797905,939.2408249304954,20.449916861927008,12.46478,41.88044,
2337,205.03588712505552,Entire home/apt,False,False,4.0,False,0,1,10.0,94.0,1,1.797209349900617,0.3157641614434288,940.5246327338832,20.84221157317219,1888.5847586349548,41.11980684362323,12.481,41.904,Colonna
861,248.98884810511305,Private room,False,True,2.0,False,0,1,10.0,92.0,1,1.4344578980229257,0.5048821492162939,579.3567893491895,12.838660849179634,1401.4294364982147,30.51306406572192,12.48833,41.90853,Ludovisi
2154,212.0496574942136,Entire home/apt,False,False,4.0,False,0,0,9.0,85.0,1,2.5550602175055754,1.392558786620939,925.7175919822896,20.51408462638481,2448.910086504407,53.31966663081917,12.4719,41.897,Parione
3673,246.65092464872697,Entire home/apt,False,False,4.0,False,1,0,10.0,80.0,1,1.1208795860687466,0.8353273815536303,331.4358657976792,7.344684229920939,975.6058545551776,21.24168592984556,12.51403,41.89594,
1144,126.71545133612324,Private room,False,True,3.0,False,0,1,10.0,100.0,1,5.75075120653759,0.2014975061591561,129.17410942195966,2.862523770932796,418.8422803474811,9.119375546734515,12.548,41.862,
271,207.60760292708017,Entire home/apt,False,False,6.0,False,0,1,9.0,89.0,1,0.939015826822066,0.1221101660583085,802.6026066262959,17.785832241161366,1749.2693781631133,38.0865188171496,12.493,41.896,Monti
2455,184.4621607088584,Private room,False,True,2.0,True,1,0,10.0,98.0,1,1.3408257204519518,0.6897250041987151,518.7474615229803,11.495546176903922,1257.5730625240303,27.380905827127417,12.49139,41.90981,Ludovisi
3147,207.60760292708017,Entire home/apt,False,False,3.0,False,1,0,10.0,95.0,1,3.642083274326129,0.303304389972059,579.2969814010305,12.83733549323902,1644.524436088186,35.80592655552369,12.45904,41.90662,Prati
2460,449.3488883173965,Entire home/apt,False,False,6.0,False,1,0,9.0,93.0,4,2.261284624937124,0.8938148621185352,1076.7638666099042,23.86129989705488,2318.2436142557926,50.47468968433349,12.475,41.901,Sant'Eustachio
1568,152.19881701073106,Private room,False,True,4.0,False,1,0,10.0,100.0,1,2.3603657740687445,0.4498512613424426,245.173262217658,5.433087901559606,665.4958564582084,14.489718265317498,12.52317,41.88648,
2738,126.71545133612324,Private room,False,True,2.0,False,0,1,10.0,100.0,1,3.76584093208831,0.0729588895802355,476.9274149158242,10.568805686489895,1307.3727869976196,28.465186022579022,12.45843,41.909690000000005,Prati
4302,133.72922170528136,Entire home/apt,False,False,3.0,True,0,0,10.0,96.0,1,1.982396254530424,0.0787321254028998,238.2194145976031,5.278989265223525,688.8936331309252,14.999153731718144,12.51948,41.91323,
1775,148.691931826152,Private room,False,True,2.0,False,0,1,10.0,94.0,1,3.083712904209207,0.9262110587314502,462.9410839223879,10.258865829996958,1248.2766366683395,27.17849646542189,12.475,41.882,Testaccio
3668,115.25962639983166,Private room,False,True,2.0,False,0,1,10.0,93.0,1,0.3357573451715315,0.4512425955478255,418.7880797431508,9.280426539130248,1108.5351943858896,24.135931873903687,12.505999999999998,41.902,Castro Pretorio
196,126.71545133612324,Entire home/apt,False,False,4.0,False,0,0,10.0,95.0,1,6.860167967328157,2.2028163810389203,101.90943306273029,2.258333159251167,295.3891380855471,6.4314531006600255,12.56173,41.94377,
2969,210.1793187291048,Entire home/apt,False,False,4.0,False,1,0,10.0,97.0,2,0.3357759306245838,0.4512687992452009,418.7835535237531,9.280326237214664,1108.4934594349158,24.13502318653088,12.505999999999998,41.902,Castro Pretorio
1393,173.0063357725668,Entire home/apt,False,False,4.0,False,1,0,10.0,93.0,2,5.089815481849909,3.109508535136501,180.78379828358084,4.006204666724762,496.9471457976405,10.81993834444505,12.47141,41.94048,
4046,100.29691627896102,Private room,False,True,2.0,True,0,0,10.0,93.0,1,5.440038102406931,0.1826591460650353,202.76875886986363,4.493395734368821,526.1267545322557,11.45526057155395,12.476,41.856,San Paolo
1798,153.36777873892407,Private room,False,True,3.0,False,0,1,10.0,94.0,1,3.083714312833276,0.9262166574039792,462.9417854147711,10.25888137520668,1248.2796078961703,27.17856115741622,12.475,41.882,Testaccio
1256,282.1873611857948,Entire home/apt,False,False,6.0,False,0,1,10.0,95.0,2,3.0465909963512825,1.8632949623861224,561.137700313982,12.434922238699563,2548.627612187989,55.49079788467755,12.468,41.891000000000005,Trastevere
3304,141.67816145699388,Entire home/apt,False,False,4.0,False,0,0,10.0,100.0,2,5.82699674723542,3.039845790136784,199.080575592837,4.4116648646977294,556.1913236625057,12.10985087777149,12.44615,41.86934,
2478,155.4719098496715,Entire home/apt,False,False,3.0,False,0,0,10.0,95.0,1,5.5936676413677855,2.8931300777897624,210.3892816325255,4.662268023503765,579.4583640924778,12.616439848125536,12.448,41.871,
2580,154.3029481214785,Private room,False,True,3.0,False,0,1,10.0,96.0,1,0.5319895234535795,0.4064165115710334,502.8486545176845,11.14322547435921,1343.155685558376,29.24428045845002,12.499,41.905,Castro Pretorio
2093,285.9280387160124,Entire home/apt,False,False,6.0,True,1,0,10.0,98.0,2,1.1154543729809328,0.8342323463672239,331.7020888742878,7.350583785865805,974.1206487987304,21.20934881945169,12.514,41.896,
2904,587.7539569354499,Entire home/apt,False,False,4.0,False,1,0,10.0,100.0,2,1.8529922957064,0.1668993429883308,888.4848780969312,19.68900033488003,2345.2322580771965,51.06230843738834,12.481,41.906000000000006,Campo Marzio
1106,285.9280387160124,Entire home/apt,False,False,6.0,True,1,0,10.0,100.0,2,3.077457846286878,0.5748718741434814,181.73972745511333,4.027388245919422,544.0693040341401,11.845920385166393,12.53701,41.91052,
1019,165.9925654034087,Private room,False,True,3.0,True,0,1,10.0,93.0,1,2.872374325678893,0.3849058418507986,408.9787758272557,9.06305042745271,967.598967913778,21.067353467080626,12.47376,41.91556,
203,172.7725434269282,Entire home/apt,False,False,2.0,False,0,1,10.0,94.0,1,0.9037450062866526,0.1747552791674303,475.0126396503182,10.52637388852332,1176.363541780074,25.612745943602604,12.505,41.893,Esquilino
4455,403.2917962265915,Entire home/apt,False,False,4.0,True,0,1,10.0,97.0,1,1.9321445128190515,0.2472629913179148,817.2554356280896,18.11054182512322,1924.4171556724127,41.899979000677625,12.48,41.906000000000006,Campo Marzio
3467,206.2048488532485,Entire home/apt,False,False,5.0,True,0,1,10.0,100.0,2,3.065290467466037,0.7686423192487849,184.02506158295543,4.078031701444265,529.0691035159416,11.519323792080597,12.53792,41.90803,
2857,126.71545133612324,Private room,False,True,2.0,False,0,1,10.0,100.0,1,2.0200459540599973,0.1415764404408837,292.8820410515333,6.490323860880469,776.766522879274,16.912393916847435,12.51633,41.88604,
2492,201.5290019404765,Entire home/apt,False,False,4.0,False,0,1,10.0,89.0,1,0.6010130240571805,0.4420523865369319,758.2948162435573,16.80396285746167,1368.133348600226,29.788114498722774,12.49871,41.89615,Monti
2581,138.40506861805343,Private room,False,True,2.0,False,0,1,10.0,100.0,1,0.5319656910158946,0.4063960253999046,502.8450427252263,11.143145436325169,1343.264930655877,29.246659031763883,12.499,41.905,Castro Pretorio
2217,126.71545133612324,Private room,False,True,2.0,False,1,0,10.0,100.0,1,4.84729183356171,1.204522910576492,228.6681212823765,5.067330719402426,651.4401143855673,14.183685191383056,12.469,41.865,
273,230.5192527996633,Entire home/apt,False,False,4.0,True,0,0,10.0,97.0,2,3.103666816705604,1.8191641155178588,574.3161784643142,12.726959916674309,1577.484221375934,34.34627235302163,12.466,41.894,Trastevere
793,219.0634278633717,Entire home/apt,False,False,4.0,False,0,1,10.0,95.0,1,2.51861908680487,1.2505520924551088,649.8210235182644,14.400162191919,1862.972832815211,40.56216311713129,12.47561,41.89001,Trastevere
1911,168.3304888597947,Entire home/apt,False,False,2.0,False,1,0,10.0,93.0,1,7.348411746983767,0.5608460911212159,159.96852180333798,3.544934029831141,392.826868208616,8.552946787201062,12.41477,41.91114,
1833,184.4621607088584,Entire home/apt,False,False,2.0,True,0,0,10.0,98.0,1,2.5114972414501486,0.0622501351191516,224.6099513533838,4.977400872467855,656.776832959946,14.299880578407064,12.528,41.889,Pigneto
1991,187.96904589343745,Entire home/apt,False,False,2.0,True,0,0,10.0,97.0,1,2.95512240708224,1.490693262170461,558.8549952284919,12.384337043272362,2243.037738163869,48.83724604603972,12.47123,41.88781,Trastevere
963,230.5192527996633,Entire home/apt,False,False,5.0,False,0,1,10.0,93.0,2,2.5608952370218088,0.3833221209852913,281.23021389120555,6.232117070289903,710.7045884825401,15.4740396308194,12.512,41.879,
1033,198.4897014471746,Entire home/apt,False,False,2.0,False,1,0,9.0,93.0,1,0.3288297093396829,0.3762787073706785,426.3187385751294,9.447307425817115,1136.614298259496,24.74729301210289,12.505,41.903,Castro Pretorio
3700,241.9750777359549,Entire home/apt,False,False,2.0,False,0,1,9.0,91.0,1,2.4655130005407213,1.4967529830695672,768.7567306271058,17.035800945963945,2174.062377118275,47.335458260134885,12.474,41.894,Regola
1980,526.967947069413,Entire home/apt,False,False,6.0,True,1,0,10.0,95.0,2,2.71061680568152,1.5008021507547842,784.8803904874609,17.39310443217521,2342.735497399396,51.00794692867843,12.47,41.897,Parione
1055,193.58006218876392,Entire home/apt,False,False,2.0,False,0,0,10.0,100.0,1,2.9693207274756537,1.787664632739034,579.5713280435027,12.843415069007468,2950.407094792422,64.23866829022207,12.469,41.891000000000005,Trastevere
777,176.27942861150726,Private room,False,True,3.0,False,0,1,9.0,75.0,1,3.459851913453504,0.345556224029066,488.1005961603862,10.81640558907581,1270.9094591227151,27.67127672502888,12.462,41.909,Prati
679,71.54045776541275,Private room,False,True,2.0,False,1,0,9.0,91.0,1,3.511814766182034,0.3674419809708675,195.9013949751636,4.341213594463294,571.7202072260943,12.447958389077158,12.52747,41.87549,
303,124.6113202253758,Private room,False,True,2.0,False,0,1,9.0,90.0,1,1.1330507901185725,0.7087103227256177,498.145504396944,11.039002739020605,1226.9604124801792,26.71438225649115,12.494000000000002,41.909,Ludovisi
1425,124.6113202253758,Private room,False,True,2.0,True,1,0,10.0,94.0,1,2.969317621759348,1.787671522979526,579.5724133954837,12.843439120621674,2950.29033957748,64.2361262005094,12.469,41.891000000000005,Trastevere
3949,153.36777873892407,Private room,False,True,2.0,False,0,1,9.0,88.0,1,0.1920917350112085,0.2869641865918045,462.70006419053385,10.253524785148391,1214.1420936347538,26.435291369744373,12.504,41.902,Castro Pretorio
3854,311.17761204498163,Entire home/apt,False,False,5.0,False,0,1,9.0,92.0,1,2.085389681652412,0.3675068882037514,670.2707851890552,14.853332948462244,1559.511967526541,33.95496579214176,12.479,41.908,Campo Marzio
463,242.20887008159352,Entire home/apt,False,False,3.0,True,1,0,10.0,97.0,1,1.0090368393021436,0.570174242651252,401.8281538220708,8.90459123188796,1119.2512842131405,24.36925131683616,12.5005,41.90986,
1840,242.20887008159352,Entire home/apt,False,False,4.0,False,0,1,10.0,100.0,1,2.5936955430024824,1.5621388159114766,770.874357576987,17.082727977310466,2329.5574579010245,50.72102391064966,12.472,41.895,Regola
1807,150.09468589998363,Private room,False,True,3.0,True,0,1,10.0,93.0,1,4.300324400537922,0.7189770433756418,339.6990152502963,7.527797253395485,849.213481006827,18.48976814429076,12.454,41.915,
2446,184.4621607088584,Private room,False,True,2.0,True,1,0,10.0,95.0,1,1.1330533080355658,0.7087016127046722,498.1474494190649,11.03904584109486,1226.9676550250167,26.714539947081107,12.494000000000002,41.909,Ludovisi
3065,311.17761204498163,Entire home/apt,False,False,4.0,False,0,1,9.0,91.0,1,2.5707234754033146,1.598283807847866,732.0807908972483,16.223054879683207,2078.3587212556613,45.25172025192198,12.47272,41.89388,Regola
1816,280.0832300750473,Entire home/apt,False,False,4.0,False,0,1,10.0,94.0,1,2.5936796964037674,1.5621256838277933,770.8820938122967,17.08289941381249,2329.6345583942475,50.72270260543655,12.472,41.895,Regola
3953,182.1242372524724,Entire home/apt,False,False,3.0,False,1,0,10.0,96.0,1,3.083765593239633,0.4053155526456796,236.6450865765877,5.244101845418051,631.0509154887362,13.739754932759189,12.51599,41.87508,
1345,172.7725434269282,Entire home/apt,False,False,4.0,True,0,0,9.0,94.0,1,2.156185915913657,0.3760680506261265,223.36145629442564,4.949733975439089,638.8567892443724,13.909710779119752,12.52611,41.90855,
4226,103.80380146354008,Private room,False,True,3.0,False,1,0,8.0,73.0,1,1.1642822652485032,0.6426700007612293,374.5703655407048,8.30055326137187,1100.5865019964176,23.96286646382873,12.50158,41.91134,
329,195.91798564515,Entire home/apt,False,False,3.0,True,0,0,10.0,99.0,1,3.801063525718616,1.5735961733150916,265.978660996386,5.8941396466372495,656.1748066024717,14.28677276981074,12.47188,41.92649,
3805,248.98884810511305,Entire home/apt,False,False,5.0,True,1,0,10.0,98.0,2,0.8754441503532895,0.4640089077650693,748.7564990879266,16.59259186589943,1784.002477871442,38.842756176662704,12.492,41.899,Monti
2246,380.38014635400833,Entire home/apt,False,False,6.0,False,1,0,9.0,88.0,3,0.5124168409997865,0.1577870809710561,402.36361033084273,8.916457053851195,1160.592330353658,25.269362272534067,12.505,41.905,Castro Pretorio
3401,179.7863137960863,Entire home/apt,False,False,2.0,False,0,0,10.0,100.0,1,4.949943124263465,2.8611931289716623,191.7391068442763,4.248976467616026,561.8640666865645,12.233362463024038,12.46906,41.9379,
1926,206.43864119888715,Entire home/apt,False,False,3.0,True,1,0,10.0,95.0,1,2.234870562326824,0.3170237558592927,225.9230841271148,5.00650015401906,633.7928334545205,13.799454205782869,12.52,41.916,
3787,182.1242372524724,Private room,False,True,2.0,False,1,0,8.0,80.0,1,3.6493367751489423,1.625906551835666,262.3337788632004,5.813368338863725,642.059701147872,13.979447187934277,12.47627,41.92738,
191,209.7117340378276,Entire home/apt,False,False,4.0,True,1,0,10.0,97.0,1,1.2055932257779662,0.3643735947646929,373.50572753950337,8.276960673046588,912.1975457147078,19.861108542529628,12.5105,41.891940000000005,Esquilino
602,207.60760292708017,Entire home/apt,False,False,4.0,False,1,0,10.0,96.0,1,0.9181626605459796,0.6049921041651782,433.6464972660344,9.609692005314043,1220.935667651508,26.58320660101453,12.49899,41.90877,Sallustiano
2387,138.17127627241484,Entire home/apt,False,False,4.0,False,0,1,10.0,92.0,1,4.219112780362193,2.3179105242011686,216.86863461111668,4.805851764893419,547.0680951170363,11.911212509085784,12.47647,41.93361,
3603,109.41481775886656,Private room,False,True,2.0,False,0,0,10.0,100.0,1,4.931444876353496,2.6546245999896905,258.6391716717152,5.731495113979794,678.2907796624637,14.768299763093772,12.4506,41.87893,Monteverde
1477,167.1615271316017,Entire home/apt,False,False,5.0,False,1,0,9.0,95.0,2,1.1886953601186836,0.9155744206072564,323.5919483363416,7.170861470152823,885.7523675678342,19.28532256714633,12.515,41.896,
815,225.84340588689125,Entire home/apt,False,False,4.0,True,0,0,10.0,98.0,2,3.7601736689989695,1.3894704920051473,283.29916015367075,6.277965327991011,734.7708403025109,15.998029683033138,12.46916,41.924,
3864,145.18504664157294,Private room,False,True,3.0,False,1,0,9.0,80.0,1,1.8804713834989897,0.6284150153453165,239.3200974275437,5.303380614070919,660.0095740296022,14.370266452142372,12.52291,41.90782,
2013,190.07317700418488,Entire home/apt,False,False,2.0,True,0,0,10.0,99.0,1,3.861930529733369,0.0735153747960287,511.907113236063,11.343962708201245,1371.3130015542015,29.85734449472874,12.457,41.909,Prati
947,119.70168096696511,Private room,False,True,2.0,False,1,0,8.0,88.0,1,3.3368591916621035,1.4161211259334072,449.63891809455953,9.964087208666085,1205.4950953697587,26.24702187492396,12.46915,41.88382,
2319,389.4980478339139,Private room,False,True,2.0,True,0,1,10.0,97.0,1,1.8379352057073863,0.1801737069675898,911.4087476839568,20.19699781137333,1830.8730470732985,39.86326041583915,12.48104,41.905640000000005,Campo Marzio
1838,288.2659621723985,Entire home/apt,False,False,4.0,False,0,0,10.0,100.0,2,2.96488439910828,0.4733822391129145,211.243666115787,4.681201352355781,586.0045797951651,12.758969392547865,12.51104,41.92674,
3547,171.83737404437375,Entire home/apt,False,False,2.0,False,0,0,10.0,100.0,0,0.6090977776887313,0.361486724023749,696.4019261644361,15.43240419221496,1483.7672074485652,32.30578913243274,12.49661,41.89736,Monti
3157,123.6761508428214,Private room,False,True,2.0,True,0,1,10.0,100.0,1,4.115083095802652,1.022425929401828,309.0075342433171,6.847667974078192,767.3131315548342,16.706566975006016,12.459,41.919,
2485,274.2384214340822,Entire home/apt,False,False,5.0,False,1,0,10.0,98.0,1,1.6346834823165508,0.2728666650488799,984.1138202952596,21.808156576458405,1905.6680906321333,41.49175907333264,12.483,41.904,Colonna
3806,207.60760292708017,Private room,False,True,2.0,True,0,1,10.0,97.0,1,2.167276848514638,0.7793979299897066,1011.6432240847492,22.41821360026649,2085.790301682966,45.41352667883315,12.47615,41.90159,Campo Marzio
2473,231.6882145278564,Entire home/apt,False,False,6.0,False,0,1,9.0,84.0,2,2.230074192738484,1.25423353364302,847.0995309327632,18.77189286995643,1955.29144018778,42.5721990902989,12.477,41.894,Sant'Angelo
1894,216.7255044069857,Entire home/apt,False,False,4.0,True,0,0,10.0,98.0,1,2.969321013745492,1.7876751696361342,579.5714925017047,12.843418713433696,2950.272334871003,64.23573418736346,12.469,41.891000000000005,Trastevere
4015,265.1205199541767,Entire home/apt,False,False,4.0,True,0,1,10.0,98.0,1,1.955516711061312,0.9939581429525732,1282.682161483467,28.424489971158973,1992.1303442695487,43.37428573917559,12.479,41.898,Pigna
2222,108.24585603067356,Private room,False,True,2.0,False,1,0,9.0,100.0,1,4.668589837906687,1.8896955215458324,258.9004199486512,5.737284427381613,697.461472991123,15.18569972522339,12.45973,41.87336,Monteverde
713,366.5863979613307,Entire home/apt,False,False,4.0,False,0,0,10.0,96.0,1,2.773377574448883,1.22444167904644,761.5258377066012,16.875562931065776,1876.2947627763835,40.85221903560838,12.46883,41.90071,Ponte
1143,317.0224206859467,Entire home/apt,False,False,6.0,False,0,1,8.0,91.0,3,7.485142009399912,2.9575530274493054,144.81765271306983,3.2091877791679213,357.9528700987919,7.793641672837364,12.42228,41.93206,
3625,380.38014635400833,Private room,False,True,3.0,False,0,1,10.0,100.0,1,2.191439693178965,0.8949700636996147,1251.524641948134,27.734033186031475,2438.5943361421705,53.09506370505544,12.47585,41.90037,Sant'Eustachio
1924,168.3304888597947,Entire home/apt,False,False,5.0,False,0,1,8.0,86.0,2,2.8923390272618192,1.7127224188512562,601.4092098120622,13.327346841009252,2929.142502177393,63.775678245988985,12.47,41.891000000000005,Trastevere
2379,224.90823650433683,Entire home/apt,False,False,2.0,False,0,1,10.0,93.0,1,1.520157249649991,0.336125938828942,275.55412534006337,6.106333827221522,744.7201857428204,16.21465494216194,12.51406,41.91133,
3094,518.7852149720618,Entire home/apt,False,False,4.0,False,0,0,10.0,100.0,2,1.3458650768407276,0.1994926076151224,770.6182599776222,17.077052803940653,1669.7760201285366,36.35572462706232,12.487,41.905,Colonna
502,164.82360367521565,Entire home/apt,False,False,4.0,False,0,0,10.0,92.0,2,4.162878195874328,0.4235316765841791,659.1774149650446,14.607501673850878,1193.9175813645606,25.994946802599863,12.453,41.908,
3676,241.9750777359549,Entire home/apt,False,False,5.0,False,0,1,9.0,90.0,2,2.80104211796193,1.5046663218375207,747.1698427242263,16.557431247585757,2004.7209133786628,43.64841787301334,12.46871,41.89804,Parione
4233,90.01005307086245,Entire home/apt,False,False,3.0,False,1,0,9.0,89.0,0,6.834487452504476,1.937012519528428,101.8802643961443,2.257686775840107,288.87524055746525,6.289627213879346,12.56373,41.94182,
2864,122.27339676898976,Private room,False,True,3.0,False,0,1,10.0,83.0,1,3.0711448780647834,0.7431619440159953,183.3796249455455,4.063728698114226,541.2449562232282,11.78442638236196,12.53783,41.90847,
3919,132.79405232272694,Entire home/apt,False,False,2.0,False,0,1,9.0,90.0,0,2.96928078173022,1.787650839934865,579.5828634406155,12.843670695685214,2950.239455952771,64.2350183207545,12.469,41.891000000000005,Trastevere
1733,239.87094662520747,Private room,False,True,2.0,False,0,1,9.0,80.0,1,3.1908422725994883,0.4095135123982983,525.0530916116501,11.635280184750371,1332.228756145657,29.006370444196985,12.465,41.908,Prati
618,265.1205199541767,Entire home/apt,False,False,4.0,False,0,1,9.0,94.0,1,3.9336312414238206,1.4063987770044757,329.0198730871683,7.291145354404898,892.4003276117131,19.43006737230192,12.46571,41.87832,
1925,196.15177799078856,Entire home/apt,False,False,2.0,False,0,0,9.0,89.0,1,2.219357269515521,0.2585341882877547,221.6621269803925,4.912076502298146,654.8984857989676,14.258983672884789,12.52353,41.91297,
3092,303.2286722932691,Entire home/apt,False,False,3.0,False,0,1,9.0,71.0,1,2.430455754200748,0.9603332477795126,860.3855421527519,19.06631350198776,1949.4908574831727,42.44590407531303,12.473,41.902,Ponte
2679,119.93547331260372,Private room,False,True,2.0,False,0,1,10.0,97.0,1,4.689040795960827,0.8424201161829824,309.87931732702623,6.866986859351577,730.1654948717846,15.897758348271068,12.449000000000002,41.915,
705,317.95759006850113,Entire home/apt,False,False,4.0,True,0,1,10.0,97.0,2,0.8754599065473695,0.4640319000897043,748.762737046296,16.592730100288613,1783.9141328678077,38.8408326572292,12.492,41.899,Monti
3538,357.23470413578656,Entire home/apt,False,False,5.0,False,0,1,10.0,100.0,2,2.7700483065341204,1.477944878861039,771.4103887145859,17.09460653316197,2079.126729762986,45.26844195918508,12.46908,41.89808,Parione
101,104.73897084609447,Private room,False,True,3.0,False,1,0,9.0,89.0,1,1.3764486069676116,0.1796596966868947,428.82124904344585,9.50276355192954,973.2594238638162,21.1905975281418,12.507,41.889,Esquilino
687,158.74500268861198,Private room,False,True,2.0,False,0,0,10.0,100.0,1,3.110527921664809,0.3965116987508629,522.9227316066407,11.588070986388,1362.709388982321,29.670019628584622,12.466,41.908,Prati
3158,311.41140439062025,Entire home/apt,False,False,5.0,False,0,1,9.0,100.0,2,2.881357646458968,1.3490538327364503,708.8528375701501,15.708318847466888,1839.277630745184,40.04625186253429,12.46758,41.89946,Ponte
4015,265.1205199541767,Entire home/apt,False,False,4.0,True,0,1,10.0,98.0,1,1.955516711061312,0.9939581429525732,1282.682161483467,28.424489971158973,1992.1303442695487,43.37428573917559,12.479,41.898,Pigna
4237,184.4621607088584,Private room,False,True,3.0,False,0,1,10.0,80.0,1,2.1327789796500443,0.1044294383996401,228.7752696160846,5.069705147634427,685.8591278160023,14.933084008426633,12.521,41.914,
4385,97.95899282257498,Private room,False,True,2.0,False,0,1,10.0,97.0,1,4.182554682422985,0.3900524598711958,502.2791263735144,11.13060461822792,1092.050874139635,23.77702181631944,12.45315,41.90938,
828,195.91798564515,Entire home/apt,False,False,2.0,False,0,0,10.0,100.0,1,3.3098709230958905,1.6772976992362536,465.453197901162,10.314534771797383,1383.890727233521,30.131196990943685,12.46763,41.88608,Trastevere
1998,343.44095574310893,Private room,False,True,4.0,False,0,0,10.0,100.0,1,1.3524134843836912,0.1980014393012018,790.5842103384515,17.51950220632393,1703.7199396049,37.09477931126531,12.4868,41.90475,Colonna
1495,230.5192527996633,Entire home/apt,False,False,6.0,True,0,0,10.0,100.0,3,3.2461286822836466,0.6892916935611532,233.75042320649385,5.179955533569483,610.5176998236823,13.2926890236624,12.514,41.873000000000005,
2384,364.2484745049447,Private room,False,True,5.0,False,0,1,9.0,76.0,2,0.7752813271618595,0.4571563136650651,431.0465348582753,9.55207632498115,1183.908655639577,25.77702431294632,12.50032,41.9077,Castro Pretorio
1490,201.76279428611505,Entire home/apt,False,False,4.0,True,0,1,9.0,96.0,1,2.67798887985048,1.289711556249601,831.3018147906525,18.42181236090085,2367.3362682026127,51.5435749639082,12.47,41.9,Ponte
1268,139.57403034624645,Entire home/apt,False,False,4.0,False,0,1,10.0,90.0,1,4.220177183584212,0.6278651228787411,231.8091047502644,5.136935533255373,628.6141556084611,13.686699810322626,12.49,41.864,Garbatella
3249,140.5091997288009,Entire home/apt,False,False,5.0,False,0,0,10.0,100.0,1,2.8647148816800523,0.0503428156960591,240.63704645280984,5.332564464509685,661.807382505633,14.409409803764907,12.51832,41.87805,
757,410.3055665957496,Entire home/apt,False,False,6.0,False,0,1,10.0,96.0,2,2.593674321675677,1.5621350130121567,770.8757799269817,17.0827594968672,2329.580345636886,50.72152224109176,12.472,41.895,Regola
1582,530.2410399083534,Entire home/apt,False,False,6.0,True,1,0,10.0,99.0,3,2.8422441474147484,1.1823521143349864,734.159769729528,16.26912546111239,1715.4086205857916,37.34927480160189,12.468,41.901,Ponte
656,276.57634489046825,Private room,False,True,4.0,False,1,0,7.0,80.0,1,1.2364546148360778,0.6912509511956872,364.38654104811326,8.074877699763586,1017.184961834467,22.14698014671217,12.502,41.912,
376,261.61363476959764,Entire home/apt,False,False,5.0,False,0,1,10.0,94.0,1,0.6958237972220701,0.1427431074432126,661.0005155449406,14.647901942682664,1628.1801710083366,35.45006589318828,12.494000000000002,41.902,Castro Pretorio
841,169.49945058798772,Entire home/apt,False,False,4.0,True,0,1,10.0,97.0,1,1.3237852910895709,1.217771593522984,290.1852790999644,6.430563083543142,794.7641300324093,17.304252490523123,12.518,41.899,
337,230.5192527996633,Private room,False,True,2.0,False,0,1,10.0,100.0,1,5.610237835430726,1.4631590150744012,121.0449153480588,2.682379225100833,345.2989461617801,7.518130126042975,12.545,41.94,
2009,165.9925654034087,Private room,False,True,2.0,False,1,0,10.0,100.0,1,4.650816691762825,2.100584251637829,228.9045848905193,5.072570799649916,566.4526415802789,12.333268655983794,12.4623,41.930240000000005,
3327,184.4621607088584,Entire home/apt,False,False,4.0,True,0,0,10.0,98.0,1,1.5386204319050902,0.6312018190614138,664.3665313685507,14.722493517972298,1112.311279279983,24.21814787229101,12.49741,41.8875,Celio
2533,222.33652070231216,Entire home/apt,False,False,4.0,True,0,1,10.0,96.0,1,2.7304784814586065,1.580561553395234,738.1880358424403,16.358392633577946,2041.206791864716,44.44281816085153,12.47,41.896,Regola
3881,119.93547331260372,Private room,False,True,2.0,False,0,1,9.0,90.0,1,2.413359915991516,0.1101117223790629,282.42105758753024,6.2585064017391305,747.2823043965591,16.270439478000476,12.514,41.881,
2861,80.65835924531831,Shared room,True,False,4.0,False,0,1,9.0,91.0,1,4.160803689957872,1.3535681154790289,295.56821441196365,6.549849992947388,838.1623814770409,18.24915459703174,12.466,41.875,
849,247.81988637692,Entire home/apt,False,False,4.0,True,1,0,10.0,99.0,1,3.845770782706076,0.0559305497502702,508.5315641323752,11.269159873542684,1307.245395190032,28.46241234430088,12.45721,41.90903,Prati
1856,141.21057676571667,Private room,False,True,2.0,False,0,1,8.0,87.0,1,1.4335428397502032,0.5393252759442776,545.1663575996963,12.08099413052106,1027.1358449910692,22.36363888625357,12.501,41.888000000000005,Celio
467,320.5293058705258,Entire home/apt,False,False,6.0,False,1,0,9.0,97.0,2,2.593674903898737,1.5621187554365643,770.886351225331,17.082993758925983,2329.6751284685133,50.72358593016413,12.472,41.895,Regola
4258,222.33652070231216,Entire home/apt,False,False,2.0,True,1,0,10.0,96.0,1,2.2203467713857203,1.196987832443724,1150.8954089099504,25.504069512106835,2110.1045725925587,45.94291680483873,12.476,41.897,Sant'Eustachio
2642,144.01608491337993,Private room,False,True,2.0,False,0,1,9.0,87.0,1,3.944737086400884,1.2113422417490238,495.8950914286376,10.989133143286452,1003.6438639420564,21.85215232538157,12.455,41.897,
3342,401.1876651158441,Entire home/apt,False,False,5.0,False,0,1,10.0,100.0,2,2.7587179066649408,1.2511468985050749,765.6184138694497,16.96625522693629,1906.740833273249,41.51511570056047,12.46901,41.900490000000005,Ponte
4209,161.5505108362752,Private room,False,True,2.0,False,0,0,9.0,96.0,1,4.325093136724088,2.077595461379369,235.7761188244033,5.2248453484471575,596.5080495821949,12.98765949864756,12.46832,41.93043,
1223,352.7926495686531,Entire home/apt,False,False,4.0,True,1,0,10.0,94.0,2,2.5188444288007363,1.227472861938599,1248.4322961697153,27.665506192980946,2662.6874722542857,57.97420213386082,12.472,41.899,Parione
3584,92.11418418160989,Private room,False,True,2.0,False,0,1,10.0,100.0,1,2.54157547940768,0.5153592436827319,247.8063200010997,5.491436981952493,681.3785166908868,14.835528490643409,12.52057,41.882540000000006,
1392,149.860893554345,Private room,False,True,3.0,True,1,0,10.0,100.0,1,2.610997564452464,0.4769350520155805,243.38041921491416,5.393358146612037,671.4680137777093,14.61974894267778,12.521,41.882,
1748,177.44839033970027,Entire home/apt,False,False,4.0,False,0,0,9.0,89.0,2,5.712191249267187,0.2415363959224427,128.23412902238323,2.841693619673855,409.5359061324781,8.916749581240653,12.55101,41.86459,
1749,228.4151216889159,Entire home/apt,False,False,6.0,False,1,0,9.0,87.0,2,0.3288299552492075,0.3762600036074897,426.3211545585957,9.447360964487778,1136.621087432218,24.747440831505585,12.505,41.903,Castro Pretorio
2386,184.4621607088584,Entire home/apt,False,False,4.0,False,0,1,9.0,86.0,1,3.4020508501868365,0.670970880688135,622.0214578770364,13.784118328131434,1589.3612283335135,34.60486823003646,12.46144,41.90379,Borgo
4071,311.17761204498163,Private room,False,True,3.0,True,1,0,10.0,94.0,1,0.770320197965597,0.4250104273010772,532.6100002715921,11.802742772808088,1341.4526961521062,29.207201584906024,12.496,41.906000000000006,Sallustiano
1687,576.2981319991583,Entire home/apt,False,False,4.0,False,1,0,10.0,98.0,1,2.188191976002556,1.0076865535672683,1913.61406141727,42.40606545468441,2312.7955561496774,50.35607012226616,12.476,41.899,Sant'Eustachio
2112,153.36777873892407,Private room,False,True,3.0,False,0,1,10.0,89.0,1,3.0837361619701125,0.9262220934712004,462.9377386951947,10.258791699101822,1248.252441868458,27.177969676516494,12.475,41.882,Testaccio
4367,236.1302690949898,Entire home/apt,False,False,4.0,False,0,1,9.0,94.0,1,2.203036513067125,0.4947101163043989,691.7053904309959,15.328328033004976,1625.902630371437,35.400477421905954,12.477,41.907,Campo Marzio
1068,256.0026184742711,Entire home/apt,False,False,3.0,True,1,0,10.0,97.0,1,2.5936908878390588,1.5621319758285948,770.878564047082,17.08282119351836,2329.597498977853,50.72189571761383,12.472,41.895,Regola
4016,138.17127627241484,Entire home/apt,False,False,2.0,False,0,0,9.0,89.0,1,2.5729302093076383,0.295127006907224,222.8774273928452,4.939007799405883,636.8721961327559,13.86650060015387,12.51385,41.92235,
1110,97.02382344002056,Private room,False,True,2.0,False,0,1,9.0,88.0,1,2.5596985605956992,0.8244187688026114,310.6613919647789,6.884317787749137,741.5484498177341,16.145597322162512,12.505999999999998,41.878,
238,147.522970097959,Private room,False,True,2.0,False,1,0,10.0,96.0,1,2.710384712208753,0.891315143109212,235.566572214916,5.220201754204782,631.6806554056467,13.75346614356224,12.5052,41.92517,
292,138.40506861805343,Private room,False,True,2.0,False,0,1,10.0,96.0,1,2.461712777912458,0.6479931361432054,218.27532001452613,4.837024191190784,627.9955780495707,13.673231635477372,12.519,41.91916,
1068,256.0026184742711,Entire home/apt,False,False,3.0,True,1,0,10.0,97.0,1,2.5936908878390588,1.5621319758285948,770.878564047082,17.08282119351836,2329.597498977853,50.72189571761383,12.472,41.895,Regola
1073,78.32043578893226,Private room,False,True,3.0,False,0,1,9.0,90.0,1,3.5430513489289424,0.2057708067943883,202.9496949363348,4.497405313328649,570.7721674698015,12.427316894709168,12.523,41.873000000000005,
4228,195.91798564515,Entire home/apt,False,False,4.0,False,0,1,9.0,87.0,0,2.261162825853656,0.864410857369618,1006.9531212167062,22.31427999462392,2119.205154182039,46.141062085538,12.47501,41.90139,Sant'Eustachio
3284,246.65092464872697,Private room,False,True,2.0,False,1,0,10.0,100.0,1,1.8803172410350368,0.1631917349071495,812.9513776369545,18.01516305017962,1728.282171395102,37.629568243688674,12.48098,41.90671,Campo Marzio
2602,184.4621607088584,Entire home/apt,False,False,4.0,False,1,0,10.0,96.0,1,4.796089290375138,1.17289985855506,231.5342409809232,5.130844497853402,654.2242169398457,14.244302941654167,12.46931,41.8654,
1,172.7725434269282,Private room,False,True,2.0,False,1,0,9.0,80.0,1,0.9353708955406698,0.6492693219576785,482.7071926698461,10.696886702768095,1251.5243333724472,27.24920796542156,12.49627,41.90801,Sallustiano
3605,218.82963551773312,Private room,False,True,2.0,False,1,0,10.0,96.0,1,2.705061614617805,1.505862941734286,302.1636519664185,6.696006191459721,735.1288097793217,16.005823686280845,12.48844,41.92293,
4407,470.15640707923217,Entire home/apt,False,False,5.0,False,0,1,9.0,85.0,2,1.4241923296032266,0.2696483729310634,801.7253140252272,17.766391263895407,1658.5387023110463,36.11105658344769,12.486,41.905,Colonna
200,150.09468589998363,Private room,False,True,3.0,True,1,0,10.0,96.0,4,6.077463535674455,0.5288060704847866,215.8118371802132,4.782432925154101,532.0104644764062,11.583365500560282,12.42947,41.89482,
2910,125.78028195356885,Private room,False,True,2.0,False,0,1,9.0,90.0,1,1.874260000860134,0.6775004389867556,441.8364415614012,9.79118278804916,878.0902574034196,19.11849685888264,12.502,41.88399999999999,Monti
2446,184.4621607088584,Private room,False,True,2.0,True,1,0,10.0,95.0,1,1.1330533080355658,0.7087016127046722,498.1474494190649,11.03904584109486,1226.9676550250167,26.714539947081107,12.494000000000002,41.909,Ludovisi
4200,461.0385055993266,Entire home/apt,False,False,5.0,False,1,0,9.0,90.0,2,2.553625787283364,1.1148722922403784,863.1116723024911,19.126725084395453,1929.3686813351312,42.00778765363922,12.47148,41.90119,Ponte
1539,209.9455263834662,Entire home/apt,False,False,5.0,False,1,0,9.0,92.0,2,4.409090372095541,0.3881053049789409,162.94468042879532,3.610886292630253,468.4052521510336,10.198500970065304,12.53463,41.86941,
1960,345.778879199495,Entire home/apt,False,False,6.0,False,0,1,10.0,88.0,3,2.9300811982904515,1.8371788516546248,596.1620200162266,13.211068079046898,2723.66619550589,59.30188060326087,12.469,41.892,Trastevere
2435,262.7825964977906,Entire home/apt,False,False,4.0,True,0,0,10.0,100.0,2,4.190258177129377,0.4455429301934859,399.7617911357716,8.858800226744831,1005.385754795586,21.890078192945808,12.454,41.912,
144,305.5665957496551,Entire home/apt,False,False,6.0,False,0,1,9.0,88.0,2,2.513442425493828,1.5155085130676818,799.7850004416682,17.723393531758095,2260.160768918869,49.21006262946485,12.473,41.895,Regola
2893,173.0063357725668,Private room,False,True,2.0,False,1,0,9.0,82.0,1,1.3354729237173948,0.675016443179967,520.9751005002216,11.544911096499224,1281.9054015403094,27.910689346679973,12.49131,41.909690000000005,Ludovisi
2774,235.1950997124354,Entire home/apt,False,False,4.0,True,0,0,10.0,97.0,1,3.459850392534453,0.3455580767707283,488.100299828757,10.816399022308396,1270.912543607718,27.671343882950683,12.462,41.909,Prati
148,82.99628270170435,Private room,False,True,2.0,False,1,0,10.0,94.0,1,5.612803647727802,0.2546370840964421,187.14517796776207,4.147174096615813,525.5718496576283,11.443178730293216,12.477,41.854,San Paolo
2757,392.06976363593856,Entire home/apt,False,False,6.0,False,0,1,10.0,60.0,3,1.4730164048888428,0.246932734239607,777.7765762769255,17.23568250658235,1579.4393091434831,34.38884011758523,12.48569,41.90565,Campo Marzio
4208,140.74299207443948,Private room,False,True,2.0,False,0,1,10.0,85.0,1,2.0024087794041563,0.7350936850512038,486.3774276980097,10.778219835700405,906.7411842236378,19.74230819239657,12.49729,41.88323,Monti
1334,92.34797652724848,Private room,False,True,2.0,True,0,0,10.0,96.0,1,4.981861869836799,1.0949993963111817,191.7806554329541,4.249897192545126,520.5996188772549,11.334919268632278,12.49135,41.85677,Garbatella
2076,202.9317560143081,Private room,False,True,2.0,True,1,0,10.0,100.0,1,1.1154586750328463,0.8342311006655181,331.70208014572364,7.350583592439099,974.1261505447078,21.20946860794985,12.514,41.896,
2515,264.1853505716223,Entire home/apt,False,False,6.0,True,1,0,9.0,94.0,2,1.8499928835003985,0.1046867199571328,373.9018824312004,8.285739543669566,834.6115888147692,18.17184384476246,12.509,41.885,
1095,207.60760292708017,Private room,False,True,2.0,False,1,0,9.0,91.0,1,0.7908853561815871,0.5824046332857167,457.5892151515227,10.140267361278502,1257.0129428289583,27.3687104445451,12.49867,41.90747,Sallustiano
3483,85.33420615809038,Private room,False,True,2.0,False,0,1,9.0,89.0,1,0.442288523652089,0.386877349062413,640.5571612250983,14.194873174301604,1259.267521117868,27.41779896086925,12.501,41.897,Esquilino
2646,173.0063357725668,Entire home/apt,False,False,2.0,False,0,1,9.0,97.0,1,2.6491674039029904,1.5254881497342256,787.7397931159248,17.456469359026833,2284.2908333297305,49.73544206142423,12.470999999999998,41.896,Regola
3225,96.79003109438196,Private room,False,True,2.0,False,0,1,6.0,20.0,1,0.8346898993817854,0.6296460291463029,460.29347675739655,10.200194332436077,1288.3206988032932,28.050368428115,12.49817,41.90774,Sallustiano
1578,259.5095036588502,Entire home/apt,False,False,4.0,True,1,0,10.0,96.0,2,0.1921040643528979,0.2869734238193931,462.69608311205417,10.253436563663197,1214.1421304285952,26.435292170849884,12.504,41.902,Castro Pretorio
2173,152.19881701073106,Entire home/apt,False,False,5.0,True,0,0,9.0,97.0,3,4.752712969055208,1.88642335378622,188.97562972333387,4.187737268952104,484.4847355070959,10.548596588873767,12.50294,41.85809,Tor Marancia
274,117.5975498562177,Private room,False,True,3.0,False,1,0,9.0,90.0,1,1.3764362540916104,0.1796476433757611,428.82308254769896,9.502804182745823,973.2575695777738,21.190557155114565,12.507,41.889,Esquilino
3937,184.4621607088584,Entire home/apt,False,False,2.0,False,1,0,9.0,95.0,1,4.385010774511118,1.054013484384457,385.26976078336327,8.537653972603936,833.4800131332387,18.147206256621008,12.45,41.895,
399,103.80380146354008,Private room,False,True,2.0,False,1,0,9.0,91.0,1,3.744440548676032,1.508264250479261,478.2977850312668,10.599173358835262,1063.1764229950627,23.14834372900996,12.45776,41.89526,
3459,69.20253430902672,Private room,False,True,2.0,False,0,0,10.0,100.0,1,5.411194594017913,0.485221338818093,123.69954226031308,2.7412062816471505,373.42011998281697,8.130407245430922,12.56565,41.889520000000005,
1735,210.8806957660206,Entire home/apt,False,False,4.0,False,1,0,10.0,91.0,1,3.760031045989772,0.1023701492850415,529.5826923539607,11.73565703159469,1338.7075593487275,29.1474322287264,12.45804,41.90829,Prati
1627,881.8647277488135,Entire home/apt,False,False,6.0,False,0,1,8.0,86.0,3,2.783058772505372,1.750317769988809,664.7174621763719,14.730270213966843,1910.086913993495,41.58796929755715,12.47,41.894,Regola
1302,380.61393869964695,Entire home/apt,False,False,4.0,False,0,0,10.0,100.0,1,0.4721279638485539,0.3871107154527617,460.31511234324375,10.200673781290517,1233.6437566317818,26.85989747328342,12.50121,41.90505,Castro Pretorio
4398,297.1500713066654,Entire home/apt,False,False,4.0,False,0,1,9.0,95.0,1,2.433397128793242,1.4721030142124756,830.9079973004632,18.41308528755681,2220.407831254127,48.34452926604709,12.474,41.895,Parione
4366,256.93778785682554,Entire home/apt,False,False,4.0,False,0,1,10.0,80.0,1,2.203020697557396,0.4946974746695185,691.718086825393,15.328609387611792,1625.912507574758,35.400692476428055,12.477,41.907,Campo Marzio
387,176.27942861150726,Entire home/apt,False,False,5.0,False,1,0,9.0,89.0,3,2.7981641020618486,1.682551062592163,687.6784034227469,15.239089205751329,1899.019498698512,41.347000510158495,12.46941,41.89516,Regola
2426,256.93778785682554,Entire home/apt,False,False,4.0,True,1,0,10.0,99.0,1,3.5232352269458542,0.6047252520634832,640.9061938288585,14.20260780571935,1512.213762174135,32.925150710108205,12.46,41.904,Borgo
2897,103.80380146354008,Private room,False,True,4.0,False,0,1,9.0,83.0,1,0.7395797997287189,0.3637059927841565,419.27124166473294,9.291133502715498,1142.2263768524317,24.86948376191046,12.50142,41.9075,
3390,195.6841932995113,Entire home/apt,False,False,5.0,False,0,0,10.0,97.0,2,4.091029859940797,1.4962620713501524,268.20157981529746,5.94339996659194,675.7077259310262,14.712059411678364,12.465,41.925,
3238,136.06714516166738,Private room,False,True,3.0,False,1,0,9.0,80.0,3,0.2088448442434697,0.3053955193173528,545.0887143646138,12.079273541100546,1291.046562742325,28.109718159781792,12.502,41.899,Esquilino
3669,115.25962639983166,Private room,False,True,2.0,False,0,1,10.0,88.0,1,0.3357684713930155,0.45125830364124,418.7853696783395,9.28036648355891,1108.510113299068,24.13538578803658,12.505999999999998,41.902,Castro Pretorio
1573,168.3304888597947,Entire home/apt,False,False,3.0,False,0,1,10.0,91.0,0,3.734538926038192,0.2447388562569214,585.0910374985538,12.965732920428552,1758.600009061925,38.28967291893616,12.458,41.907,Prati
2377,161.5505108362752,Entire home/apt,False,False,4.0,False,1,0,10.0,96.0,1,3.004742705238835,1.8887712188782229,575.7156573303256,12.75797264467996,2361.1116383300127,51.40804724831901,12.46815,41.89178,Trastevere
2076,202.9317560143081,Private room,False,True,2.0,True,1,0,10.0,100.0,1,1.1154586750328463,0.8342311006655181,331.70208014572364,7.350583592439099,974.1261505447078,21.20946860794985,12.514,41.896,
3354,161.5505108362752,Entire home/apt,False,False,4.0,False,0,0,9.0,91.0,1,3.184174275844464,1.7899110200128956,552.9206645720868,12.252831104160023,1471.190717296032,32.03196353711412,12.465,41.894,Trastevere
22,111.7527412152526,Private room,False,True,2.0,True,1,0,10.0,95.0,1,2.678327830209452,0.7725778713093628,291.4288027971426,6.458119814213241,720.0348923563619,15.67718661235131,12.50772,41.87711,
3379,224.90823650433683,Entire home/apt,False,False,3.0,False,0,1,10.0,100.0,1,3.1689440393799244,0.2684983700105879,347.2414994443291,7.694940192440461,862.9106165279211,18.78799334406702,12.48546,41.87525,
2819,131.3912982488953,Private room,False,True,2.0,False,1,0,8.0,100.0,1,4.081664063077108,0.3200888946321681,595.4590004194577,13.195489025967388,1251.6279850219212,27.25146475362548,12.45412,41.90845,
1066,400.01870338765104,Entire home/apt,False,False,6.0,False,0,1,9.0,92.0,2,2.677973714029089,1.289697019437892,831.315146146558,18.422107786380067,2365.770780277538,51.50948988469703,12.47,41.9,Ponte
1792,85.33420615809038,Private room,False,True,2.0,True,1,0,10.0,98.0,1,5.411018836410062,2.8800840068274014,223.7721943752376,4.9588360124123865,610.9006970015388,13.301027950418586,12.44764,41.87427,
653,305.5665957496551,Entire home/apt,False,False,4.0,True,0,1,10.0,96.0,1,1.3595623609820686,0.5752255465454368,546.6007248163418,12.112779991265665,1389.5450687230934,30.254307922987405,12.49,41.909,Ludovisi
1883,149.3933088630678,Private room,False,True,2.0,False,0,1,10.0,100.0,1,3.523218901348002,0.6047334406569643,640.9020457603516,14.202515883702176,1512.194008197608,32.92472061042883,12.46,41.904,Borgo
4335,149.860893554345,Private room,False,True,2.0,False,1,0,10.0,92.0,1,6.872410582573927,2.5151342434349053,164.51207717388408,3.645620113992575,407.5719086233438,8.873987826520505,12.42698,41.92669,
812,144.01608491337993,Private room,False,True,4.0,False,0,1,10.0,91.0,1,1.874253257164436,0.6775328559823836,441.8427880651085,9.791323427824466,878.0964156998455,19.11863094233236,12.502,41.88399999999999,Monti
2963,202.9317560143081,Entire home/apt,False,False,2.0,True,1,0,10.0,99.0,0,4.455528059638835,0.8013392096779923,400.7386500029312,8.88044761212727,833.5252005111314,18.14819011304695,12.44879,41.89718,
2176,115.25962639983166,Private room,False,True,2.0,True,0,1,9.0,97.0,1,3.0841281169379418,0.5074544831425165,548.3447562780431,12.15142807282562,1382.9053529571468,30.109742618971275,12.466,41.907,Prati
4088,247.5860940312814,Entire home/apt,False,False,4.0,False,1,0,9.0,95.0,1,3.399481652680237,1.3697542244130447,429.4105690374783,9.515822999361792,1160.9978863625818,25.278192368549067,12.469,41.883,
1423,205.03588712505552,Entire home/apt,False,False,4.0,False,0,1,9.0,82.0,1,1.0431882227277387,1.033378697968278,318.1851761593511,7.05104633111365,929.6762355010184,20.24166882429965,12.51467,41.899440000000006,
857,158.97879503425057,Private room,False,True,2.0,True,0,1,10.0,97.0,1,2.7759496616390824,0.2888388334672565,457.0123345202933,10.127483572582188,1088.0817978251664,23.69060385141088,12.473,41.913,
623,305.33280340401654,Entire home/apt,False,False,4.0,False,0,1,9.0,92.0,1,2.5679720289609973,1.4730363649417486,839.4952260260391,18.60337997171137,2764.1232276875057,60.18274408644216,12.472,41.896,Parione
955,200.59383255792204,Entire home/apt,False,False,4.0,False,0,0,9.0,92.0,1,2.969305041031434,1.78767567849119,579.5762477938163,12.843524091645849,2950.126898638505,64.23256763115727,12.469,41.891000000000005,Trastevere
1332,271.6667056320576,Entire home/apt,False,False,5.0,False,0,1,10.0,100.0,2,1.232366427960783,0.0747841049577515,801.7051095248793,17.76594352817821,1831.2060886376785,39.87051166825744,12.488,41.904,Colonna
240,103.80380146354008,Private room,False,True,2.0,False,0,1,9.0,94.0,1,1.7869330950597284,0.8513732279397325,518.7858622078255,11.49639714366252,946.8555826386432,20.61571157391354,12.49874,41.885,Monti
4181,195.91798564515,Entire home/apt,False,False,3.0,False,0,0,9.0,88.0,1,2.261299888010686,0.8938390562545925,1076.8010156064297,23.86212312615315,2318.5461654121546,50.481277074734166,12.475,41.901,Sant'Eustachio
3104,154.3029481214785,Entire home/apt,False,False,4.0,False,0,0,10.0,100.0,1,5.45941137366207,1.2735625904283838,123.97077834371028,2.747216926812297,353.3506721504075,7.693438867626511,12.54274,41.93961,
2868,194.74902391695696,Private room,False,True,2.0,False,0,1,9.0,87.0,1,1.1710870761220595,0.8580985513968113,438.7908838869146,9.723692628620334,1124.727356680849,24.48848083041998,12.49691,41.91063,
14,182.35802959811093,Entire home/apt,False,False,5.0,False,0,0,9.0,87.0,0,4.561748207728858,0.4510460442181658,231.6571483953682,5.133568150426252,648.6938417806547,14.123891105606589,12.481,41.863,Garbatella
1513,138.40506861805343,Private room,False,True,2.0,True,0,0,10.0,94.0,1,3.356860598395065,0.4471821134610171,520.4987016034104,11.53435400287829,1321.44760158524,28.771634358856545,12.46284,41.90769,Prati
1068,256.0026184742711,Entire home/apt,False,False,3.0,True,1,0,10.0,97.0,1,2.5936908878390588,1.5621319758285948,770.878564047082,17.08282119351836,2329.597498977853,50.72189571761383,12.472,41.895,Regola
4483,818.2732097351133,Entire home/apt,False,False,6.0,True,0,0,10.0,98.0,3,2.486912118312662,1.423503576041871,876.6444583547252,19.426614295436394,2500.708798991818,54.44747042278147,12.473,41.896,Parione
3973,206.43864119888715,Entire home/apt,False,False,4.0,True,1,0,10.0,98.0,2,4.081444197887113,0.3457648805988133,669.9181236789901,14.845517899764236,1381.0817016123117,30.070036595343336,12.454,41.908,
4139,93.28314590980293,Private room,False,True,2.0,False,0,1,10.0,93.0,1,1.4025034068568372,0.2143535992544544,409.2797147068192,9.069719292445882,1107.6045339513398,24.11566877629543,12.508,41.889,Esquilino
2561,196.15177799078856,Entire home/apt,False,False,2.0,False,0,1,10.0,80.0,0,2.649171309299274,1.5254851526804123,787.7406003941693,17.45648724847213,2284.273482951045,49.73506429483634,12.470999999999998,41.896,Regola
2184,136.06714516166738,Private room,False,True,2.0,False,0,1,10.0,90.0,1,1.1036485797785365,0.8150216710661004,444.2596571837731,9.844881724718244,1194.418222093217,26.00584716064113,12.497,41.91,Ludovisi
3341,232.62338391041075,Private room,False,True,2.0,False,1,0,9.0,90.0,1,0.3150826569369827,0.2288608487338025,495.5950617006999,10.982484425272824,1290.4839484418965,28.097468462618185,12.50108,41.90357,Castro Pretorio
1556,172.7725434269282,Entire home/apt,False,False,5.0,True,1,0,10.0,99.0,1,2.3862038418900324,0.1724402183996331,233.70432137491403,5.178933907878613,696.7327060890964,15.169832418178608,12.52627,41.88907,Pigneto
924,103.80380146354008,Private room,False,True,2.0,False,0,1,9.0,88.0,1,0.5257834246172631,0.3767553630276388,453.10815789688513,10.0409662477062,1233.3055441480587,26.85253363539412,12.50113,41.90553,Castro Pretorio
2885,265.1205199541767,Entire home/apt,False,False,4.0,False,0,1,9.0,90.0,1,3.293428071196673,0.5083094519249779,381.8604828889224,8.462103701282356,1226.6514409838394,26.707655077214927,12.477,41.878,Testaccio
1060,230.5192527996633,Private room,False,True,2.0,False,0,1,10.0,100.0,1,2.4701273413793934,0.8386796509881418,686.7760258384524,15.219092340303916,1597.974750924522,34.79240886519517,12.473,41.905,Prati
349,158.97879503425057,Entire home/apt,False,False,5.0,False,1,0,9.0,82.0,1,2.898938285767904,0.4264427549149047,251.3650738135996,5.570299669133108,653.6653037607279,14.232133828320706,12.51427,41.87637,
1730,167.1615271316017,Entire home/apt,False,False,4.0,True,0,0,9.0,97.0,2,5.287545631789392,0.3715059386939232,136.76171896839602,3.0306666966972866,406.4829549910862,8.850278240379156,12.547,41.867,Quadraro
2844,345.778879199495,Entire home/apt,False,False,5.0,True,1,0,9.0,94.0,1,2.130059521586795,0.430734610222296,621.2908364417797,13.767927612860904,1515.3523416381504,32.99348642060974,12.479,41.909,Campo Marzio
2391,193.58006218876392,Entire home/apt,False,False,4.0,False,0,0,10.0,100.0,2,3.655450257354448,0.5141527556785722,203.65841812837948,4.513110759205673,556.4983489641484,12.116535682910326,12.52013,41.8708,
1812,152.19881701073106,Entire home/apt,False,False,4.0,False,1,0,8.0,86.0,1,2.8640766159870514,0.5034745442585257,191.1058363638067,4.234943068726061,534.5006833891092,11.637584576627958,12.535,41.909,
3185,259.5095036588502,Entire home/apt,False,False,4.0,False,0,0,9.0,100.0,2,3.432405886261967,1.965320802699806,221.8404874125301,4.916029004692569,561.8499383915125,12.233054850267498,12.49394,41.93114,
2318,168.56428120543333,Entire home/apt,False,False,2.0,False,0,1,9.0,93.0,1,1.3764442937130492,0.1796546018413334,428.8182958526663,9.50269810863874,973.2656986825116,21.190734148609348,12.507,41.889,Esquilino
3512,357.23470413578656,Entire home/apt,False,False,4.0,False,0,1,7.0,73.0,1,1.4241926425983709,0.2696526425365777,801.7078705963389,17.766004714066945,1658.5024672484185,36.11026764412717,12.486,41.905,Colonna
1350,131.3912982488953,Private room,False,True,2.0,True,0,1,10.0,97.0,1,1.4479485631452087,0.3122593414669845,466.24639713097537,10.332112223351626,973.0244432754882,21.185481339228453,12.505,41.888000000000005,Esquilino
4356,136.06714516166738,Private room,False,True,2.0,False,0,1,8.0,80.0,1,1.0594672050380791,0.1352608928648729,315.0803793228807,6.982243420158161,820.9163200715078,17.873659289994873,12.51109,41.90775,
1821,161.31671849063662,Entire home/apt,False,False,2.0,False,0,1,10.0,92.0,1,2.623809113927454,1.653857618646461,734.5563152963131,16.277912989172464,2058.168336870896,44.81211874491832,12.472,41.894,Regola
2413,161.31671849063662,Entire home/apt,False,False,2.0,False,0,1,10.0,97.0,1,1.0786009388995017,1.0317514971890185,316.1041151262735,7.004929607703642,951.8802070870148,20.7251117932228,12.515,41.899,
1046,182.1242372524724,Entire home/apt,False,False,4.0,False,0,0,10.0,98.0,0,6.675408739515333,0.4113673528321663,186.77820877177072,4.139041986772547,462.4817974134587,10.069530685018591,12.422,41.905,
3248,205.03588712505552,Entire home/apt,False,False,2.0,True,0,1,8.0,100.0,1,4.245461084222471,0.45074916538257,429.9484842171761,9.52774330595822,1052.750310476049,22.921337908407235,12.45283,41.91076,
4465,343.44095574310893,Entire home/apt,False,False,4.0,True,0,1,10.0,98.0,1,2.2015316919510544,1.1008166440201668,1499.894088476657,33.23794916302412,2191.9659222418427,47.72526883862823,12.476,41.898,Sant'Eustachio
450,184.4621607088584,Entire home/apt,False,False,2.0,False,0,0,10.0,96.0,1,5.495501135728565,1.4200494064056772,231.68391688026287,5.134161345337104,561.7992986147527,12.231952279768905,12.44076,41.91925,
337,230.5192527996633,Private room,False,True,2.0,False,0,1,10.0,100.0,1,5.610237835430726,1.4631590150744012,121.0449153480588,2.682379225100833,345.2989461617801,7.518130126042975,12.545,41.94,
1877,230.5192527996633,Private room,False,True,2.0,True,0,0,10.0,97.0,1,1.4242073732883138,0.2696628131902128,801.7315841657816,17.766530211448167,1658.5438402771415,36.11116845143372,12.486,41.905,Colonna
2600,179.7863137960863,Entire home/apt,False,False,2.0,True,0,1,10.0,94.0,1,1.4971239804052838,0.5130124866355542,342.8058565319604,7.59664546966015,858.6072667517535,18.69429730486756,12.51261,41.88984,Esquilino
1796,141.67816145699388,Private room,False,True,2.0,False,0,1,10.0,95.0,1,3.26381479454866,1.2111986239859305,599.7100086546009,13.289692207843244,1345.9588336797644,29.30531288433324,12.463,41.899,Trastevere
441,114.09066467163863,Entire home/apt,False,False,4.0,False,0,0,8.0,83.0,2,8.065116515173845,2.161735434715037,135.9972407175961,3.0137257077091024,335.44004063601136,7.303473998455587,12.41075,41.92537,
3801,414.9814135085217,Entire home/apt,False,False,6.0,True,0,1,10.0,98.0,2,2.29531609046273,0.9205905890150896,1063.398320290176,23.56511675150868,2139.089857712545,46.57400805980716,12.47459,41.90098,Sant'Eustachio
978,161.5505108362752,Entire home/apt,False,False,2.0,True,0,1,10.0,93.0,1,4.406933462939959,1.9495967804602945,289.878404964076,6.423762692097859,771.2254502384836,16.79174916651043,12.45898,41.87788,Monteverde
460,207.60760292708017,Private room,False,True,2.0,False,0,0,10.0,97.0,1,5.490428215572215,2.783793242537828,215.0569174281756,4.76570375438587,595.8206647408524,12.97269319556055,12.44927,41.87128,
919,126.71545133612324,Private room,False,True,2.0,True,1,0,10.0,99.0,1,1.7431470353637024,0.7799372981837027,493.66891339543565,10.939800598499533,931.2425219152344,20.27577128886731,12.5004,41.88524,Monti
1217,262.7825964977906,Entire home/apt,False,False,3.0,False,0,1,10.0,96.0,1,2.188188090727024,1.0076966911938778,1913.7345705553853,42.40873596098025,2312.834424475484,50.35691639513911,12.476,41.899,Sant'Eustachio
2676,119.93547331260372,Private room,False,True,2.0,False,0,1,9.0,91.0,1,4.689062535900485,0.8424254130315828,309.8767828318457,6.866930694437926,730.1590670706337,15.89761839694479,12.449000000000002,41.915,
2690,178.61735206789328,Entire home/apt,False,False,4.0,True,0,0,10.0,98.0,1,3.28094611247022,0.9189836402354984,176.32897925690506,3.907484997464977,491.8758254425313,10.709521423790164,12.54079,41.90745,
634,236.1302690949898,Entire home/apt,False,False,5.0,False,0,0,9.0,96.0,2,0.97547997055281,0.8974962484746821,320.25677953696294,7.096953471011069,848.7221049701863,18.47906950467616,12.514,41.901,
3915,219.99859724592616,Private room,False,True,2.0,False,0,0,10.0,90.0,1,1.9753723612570764,1.149711782244039,1036.4189242419618,22.96724800784932,1847.6199582851784,40.22788781797785,12.47936,41.895990000000005,Pigna
385,139.57403034624645,Private room,False,True,2.0,True,1,0,10.0,100.0,1,4.285015859497493,2.1004056826482205,311.3483394902924,6.899540680556104,818.2842024055371,17.816350678602376,12.458,41.881,Monteverde
1633,90.01005307086245,Private room,False,True,2.0,False,1,0,10.0,93.0,1,5.310738670694239,1.1497999080611356,250.38438752456256,5.548567467326117,601.196169598867,13.08973306916849,12.442,41.917,
1713,155.4719098496715,Entire home/apt,False,False,4.0,False,1,0,9.0,86.0,1,2.091622744993597,0.9462210438355668,267.9632787931578,5.938119168887472,725.9450704376112,15.805867827214042,12.5068,41.91939,
4263,151.02985528253805,Private room,False,True,2.0,True,0,0,10.0,97.0,1,2.7823712497593784,0.561132952192558,228.45317486647875,5.062567464383772,652.7400231516096,14.211987864657106,12.52366,41.8816,
619,176.27942861150726,Private room,False,True,2.0,False,0,0,10.0,93.0,1,5.104987976571766,2.5126982003739937,238.34004554788456,5.2816624709010105,644.8417695539036,14.040020649071629,12.45207,41.8743,Monteverde
3057,186.8000841652444,Entire home/apt,False,False,4.0,True,1,0,10.0,100.0,1,4.199803117401922,0.3678285161223838,239.24556728683083,5.301729011436334,641.8207751330473,13.974245095979128,12.48701,41.86482,Garbatella
343,225.84340588689125,Entire home/apt,False,False,3.0,True,0,0,10.0,98.0,2,2.456439941727682,0.7884704908359773,322.1247138097613,7.138347263330233,808.2310700525526,17.597465686208974,12.50582,41.87892,
538,294.1107708133636,Entire home/apt,False,False,3.0,True,1,0,10.0,99.0,1,2.6843213789815428,1.3546267313597782,843.1136999644748,18.6835660686748,2419.353874805024,52.67614469697368,12.47,41.899,Parione
4018,131.3912982488953,Private room,False,True,2.0,True,0,0,10.0,93.0,1,4.807850817332264,1.087683844319365,316.6911138585181,7.017937615516328,716.7539589516527,15.605751455813277,12.44526,41.8931,
2153,315.8534589577537,Entire home/apt,False,False,6.0,False,0,0,8.0,82.0,2,2.675731522128628,1.4771005859532955,815.3588019053927,18.068512047327445,2297.6411065656084,50.026115092782206,12.47043,41.89698,Parione
2981,169.03186589671054,Private room,False,True,2.0,False,1,0,10.0,100.0,1,1.2611307045741729,0.8175002151375754,394.6994602915799,8.746617975652326,1099.3801870222694,23.936601590884724,12.49918,41.91199,
3668,115.25962639983166,Private room,False,True,2.0,False,0,1,10.0,93.0,1,0.3357573451715315,0.4512425955478255,418.7880797431508,9.280426539130248,1108.5351943858896,24.135931873903687,12.505999999999998,41.902,Castro Pretorio
2534,507.0955976901316,Entire home/apt,False,False,6.0,False,0,1,9.0,92.0,2,2.593672538198179,1.5621126970837649,770.8901639847257,17.083078250427018,2329.7105518136864,50.72435719611055,12.472,41.895,Regola
772,172.7725434269282,Private room,False,True,2.0,False,1,0,10.0,100.0,1,2.7953354490447992,0.778051992692584,196.5829064980863,4.35631602437948,550.9430234614083,11.995580607644744,12.52561,41.919,
3171,214.62137329623823,Entire home/apt,False,False,3.0,False,1,0,10.0,96.0,1,2.661713035712051,1.249938322587108,847.5865237940192,18.782684727921296,2003.618426213396,43.62441362375946,12.47018,41.90045,Ponte
2590,310.2424426624272,Entire home/apt,False,False,6.0,False,0,0,9.0,83.0,2,2.35235329306618,0.2562668409295682,617.3892926437557,13.681468631915294,1410.7508246593306,30.71601692708916,12.47698,41.91047,Campo Marzio
542,138.40506861805343,Private room,False,True,2.0,False,1,0,8.0,87.0,1,2.8346517674217915,0.4906371305826337,201.798561131365,4.471895960912784,561.1370277560742,12.2175327787841,12.52096,41.92222,
2206,296.4486942697496,Entire home/apt,False,False,4.0,False,0,1,9.0,80.0,1,1.933432198677952,0.3319651011695881,849.5297090909572,18.825746097794124,1839.7263145835104,40.05602097280667,12.47956,41.90483,Campo Marzio
4448,366.5863979613307,Entire home/apt,False,False,4.0,True,0,1,10.0,96.0,2,1.2323901311167598,0.074806049639644,801.7034166982581,17.765906014806028,1831.227355100712,39.87097469902595,12.488,41.904,Colonna
1146,158.97879503425057,Entire home/apt,False,False,3.0,False,0,1,10.0,95.0,1,0.9677437700763736,0.7100730895524903,468.2144249994339,10.375724109514652,1219.0734045273975,26.542659890253844,12.49669,41.90853,Sallustiano
2126,112.92170294344562,Private room,False,True,3.0,True,1,0,10.0,98.0,1,4.419810386924925,1.9808780519642624,289.5782631011504,6.4171114891507575,771.3527775193901,16.794521439861075,12.45863,41.87805,Monteverde
2481,184.4621607088584,Entire home/apt,False,False,4.0,False,1,0,10.0,99.0,1,1.11544404650334,0.8342292026479355,331.7026974739544,7.350597272554587,974.1202999986738,21.209341225092533,12.514,41.896,
740,115.49341874547028,Private room,False,True,2.0,True,0,0,10.0,98.0,1,2.379599391967864,0.3458965192345309,215.22074358642257,4.769334174401003,618.7113582497092,13.471088033969128,12.52327,41.91544,
4118,129.0533747925093,Private room,False,True,2.0,True,1,0,10.0,100.0,2,6.173119327673246,0.7521363275560631,156.61436559967524,3.470605266061286,428.913009567414,9.338643672459188,12.484000000000002,41.847,
4077,209.7117340378276,Entire home/apt,False,False,2.0,True,1,0,9.0,94.0,1,3.7345084076550608,1.1206336306521325,604.1280168279501,13.387596141324806,1138.9347675210226,24.79781616039384,12.45731,41.89912,
368,178.61735206789328,Entire home/apt,False,False,2.0,False,0,1,9.0,85.0,1,0.9390281496026616,0.1221282966659704,802.6051949174599,17.785889598204633,1749.2189881515776,38.08542168474306,12.493,41.896,Monti
3816,207.60760292708017,Entire home/apt,False,False,4.0,False,1,0,9.0,96.0,1,5.11189773610166,0.752742921230449,295.0064402083239,6.537400965669307,684.4318403272387,14.90200794176881,12.441,41.896,
3819,253.6646950178851,Entire home/apt,False,False,3.0,False,1,0,10.0,97.0,2,1.7568998383867087,0.8154200407062036,282.03734314771896,6.250003213986374,768.2550303967126,16.727074764379612,12.5088,41.91591,
2112,153.36777873892407,Private room,False,True,3.0,False,0,1,10.0,89.0,1,3.0837361619701125,0.9262220934712004,462.9377386951947,10.258791699101822,1248.252441868458,27.177969676516494,12.475,41.882,Testaccio
2205,447.244757206649,Entire home/apt,False,False,6.0,True,1,0,10.0,98.0,2,2.9778705444935225,0.2683759662934657,457.0363820034339,10.128016469556892,1103.7703478618523,24.032187751320848,12.46948,41.9118,Prati
119,105.90793257428751,Private room,False,True,3.0,False,0,1,10.0,94.0,1,2.6220193049557987,0.2964098452805551,214.5803711885012,4.755143395617994,614.1659380913586,13.37212144108527,12.53058,41.89043,Pigneto
1081,103.80380146354008,Private room,False,True,3.0,False,1,0,10.0,93.0,1,4.542386042883877,1.7764326836449122,267.9785494754852,5.938457570223126,719.254325485398,15.660191474158117,12.461,41.874,Monteverde
2965,80.65835924531831,Shared room,True,False,2.0,False,0,1,9.0,83.0,1,4.160812409549111,1.353570390890883,295.5672085129761,6.549827702027204,838.1518251632716,18.248924756363387,12.466,41.875,
549,282.42115353143333,Entire home/apt,False,False,4.0,False,1,0,10.0,96.0,1,2.510269000858808,1.0899732301942533,913.082922250287,20.234097850338227,2046.253408260157,44.55269720675909,12.472,41.901,Ponte
155,200.82762490356063,Entire home/apt,False,False,4.0,False,0,1,9.0,84.0,1,2.677985571195657,1.28970218447637,831.3021052969001,18.421818798576663,2366.6022684881405,51.52759372380533,12.47,41.9,Ponte
1797,148.691931826152,Private room,False,True,2.0,False,0,1,10.0,96.0,1,3.083731907272714,0.9262084847161278,462.93622543548,10.258758164967745,1248.2464470732775,27.17783915294917,12.475,41.882,Testaccio
4152,126.71545133612324,Private room,False,True,2.0,False,1,0,10.0,91.0,1,1.2855366906034147,0.8845780731052848,410.0908896755199,9.087695089923272,1084.7671460298025,23.618434550585985,12.498,41.912,
721,195.91798564515,Entire home/apt,False,False,4.0,True,1,0,9.0,98.0,1,4.220713965391455,1.4984213753079398,294.224958327616,6.520083172884901,798.310485283421,17.381466627857296,12.46423,41.87564,
2598,198.255909101536,Entire home/apt,False,False,4.0,False,0,1,10.0,100.0,1,4.259872056162838,1.3029476347199789,280.8421763607642,6.223518081995167,788.9730198268371,17.178163718507733,12.467,41.873000000000005,
3680,265.1205199541767,Entire home/apt,False,False,3.0,True,0,1,10.0,91.0,1,2.649187174667872,1.525497775579019,787.7279923076981,17.45620785078639,2284.1968766183386,49.73339635931506,12.470999999999998,41.896,Regola
2093,285.9280387160124,Entire home/apt,False,False,6.0,True,1,0,10.0,98.0,2,1.1154543729809328,0.8342323463672239,331.7020888742878,7.350583785865805,974.1206487987304,21.20934881945169,12.514,41.896,
3325,195.91798564515,Private room,False,True,2.0,False,0,1,9.0,97.0,1,2.3136557998614657,0.4705760098565718,616.3497373317383,13.658431880935046,1853.5443636856144,40.35687880163131,12.47631,41.90851,Campo Marzio
2320,412.6434900521357,Private room,False,True,2.0,True,0,1,10.0,90.0,1,1.8542563601840976,0.1349149067803667,832.2778030919075,18.44344045437095,1660.0491007422502,36.14394220929215,12.48135,41.90678,Campo Marzio
1977,102.63483973534706,Private room,False,True,2.0,True,0,1,10.0,91.0,1,0.5446889021138819,0.1980868361639756,536.1034794275056,11.880158960709906,1164.0042224515396,25.34364876849074,12.503,41.896,Esquilino
406,164.12222663829985,Entire home/apt,False,False,4.0,False,0,1,10.0,100.0,1,1.9068764803127063,0.124421354537859,341.1203112112867,7.559293452533779,830.0193806039655,18.071858544261342,12.511,41.885,
4366,256.93778785682554,Entire home/apt,False,False,4.0,False,0,1,10.0,80.0,1,2.203020697557396,0.4946974746695185,691.718086825393,15.328609387611792,1625.912507574758,35.400692476428055,12.477,41.907,Campo Marzio
4010,234.0261379842424,Entire home/apt,False,False,5.0,True,1,0,10.0,95.0,1,2.427273739048434,1.0220312157379203,973.9646590280634,21.58324915876932,2097.9761675505865,45.67884728380353,12.473,41.901,Ponte
1258,276.81013723610687,Entire home/apt,False,False,3.0,True,1,0,10.0,98.0,1,2.684306467338302,1.354617549749555,843.1302851857796,18.683933600453752,2419.346805002303,52.6759907674659,12.47,41.899,Parione
1970,114.09066467163863,Private room,False,True,3.0,False,1,0,9.0,95.0,1,1.188699903487656,0.915591721898276,323.59206678592415,7.17086409501896,885.7456853123914,19.2851770756338,12.515,41.896,
1842,174.17529750075985,Entire home/apt,False,False,6.0,True,0,0,10.0,96.0,2,6.701247050240941,0.520051039784719,106.26401645712131,2.3548315871074417,304.2601470408544,6.624599938832088,12.57538,41.87532,
3671,172.7725434269282,Entire home/apt,False,False,4.0,True,0,0,10.0,95.0,1,4.190275816175988,0.4455641330153141,399.7568215421668,8.858690099569275,1005.3992124531468,21.89037120403622,12.454,41.912,
892,99.127954550768,Private room,False,True,2.0,False,1,0,9.0,80.0,1,1.2374122349503975,0.7754270303851905,492.6246210229112,10.916658873323088,1196.850512765854,26.058804975845927,12.49357,41.90993,Ludovisi
313,158.97879503425057,Private room,False,True,2.0,True,1,0,10.0,96.0,1,4.899350023915522,0.9220754661157704,223.54945545695853,4.953900074002292,624.6821018301717,13.60108793025066,12.472,41.863,
2188,126.71545133612324,Private room,False,True,2.0,False,0,1,10.0,100.0,1,1.1036243578881573,0.8150065407054055,444.261709692345,9.844927208713475,1194.4200332281214,26.005886594146617,12.497,41.91,Ludovisi
324,299.72178710869,Entire home/apt,False,False,6.0,False,0,1,9.0,80.0,2,2.7836591844475658,1.2501366165453172,753.7169672488391,16.702516819817113,1906.2017181492613,41.50337764662167,12.46871,41.90046,Ponte
2139,148.691931826152,Private room,False,True,2.0,False,0,1,10.0,80.0,1,3.0837208948663566,0.9262283471002224,462.9424096585572,10.25889520857224,1248.2804674552387,27.178579872436927,12.475,41.882,Testaccio
4027,380.38014635400833,Entire home/apt,False,False,4.0,False,0,1,8.0,90.0,2,2.465505676892282,1.4967440485278207,768.7574024769351,17.035815834288826,2174.072626347814,47.33568141471507,12.474,41.894,Regola
1073,78.32043578893226,Private room,False,True,3.0,False,0,1,9.0,90.0,1,3.5430513489289424,0.2057708067943883,202.9496949363348,4.497405313328649,570.7721674698015,12.427316894709168,12.523,41.873000000000005,
4318,345.778879199495,Private room,False,True,2.0,False,0,0,10.0,93.0,1,2.1382466104801687,1.2582414637745165,1017.4256422843372,22.546353129339813,1986.775984740368,43.257706258903625,12.47735,41.89592,Pigna
2967,179.7863137960863,Private room,False,True,3.0,True,1,0,10.0,100.0,1,2.2624910719421383,0.2394991543862347,220.3440494647801,4.8828676442904815,665.7273214375942,14.494757909527213,12.52308,41.91401,
857,158.97879503425057,Private room,False,True,2.0,True,0,1,10.0,97.0,1,2.7759496616390824,0.2888388334672565,457.0123345202933,10.127483572582188,1088.0817978251664,23.69060385141088,12.473,41.913,
4428,170.66841231618076,Entire home/apt,False,False,4.0,False,0,1,8.0,75.0,1,1.0881338814885777,0.992832198747888,318.2802790562092,7.053153830086617,899.3197384240917,19.580722424862195,12.51492,41.89836,
4235,143.0809155308255,Private room,False,True,2.0,True,0,1,10.0,98.0,1,2.775932181224874,0.2888261668485808,457.0167348697807,10.127581085195702,1088.0904164755675,23.690791503692903,12.473,41.913,
505,161.5505108362752,Entire home/apt,False,False,2.0,True,0,0,10.0,100.0,1,3.2855541400483923,0.6325889283362605,312.9272321147152,6.934529252874393,767.1333904574824,16.702653505318636,12.489,41.873000000000005,
3970,126.71545133612324,Private room,False,True,2.0,False,1,0,10.0,98.0,1,5.786488496681691,0.5498732782719425,233.0945325710772,5.165420867579416,561.477153925588,12.22493828300038,12.43314,41.89398,
2578,158.97879503425057,Private room,False,True,3.0,False,0,1,10.0,100.0,1,0.9073709594898332,0.6421278475740896,446.0386852873246,9.884305338771885,1320.1639828296072,28.74368636496792,12.49834,41.9085,Sallustiano
2325,289.43492390059146,Entire home/apt,False,False,4.0,False,0,1,7.0,80.0,1,2.593687785946894,1.5621349580732389,770.8764776251253,17.082774957995824,2329.5802069955985,50.72151922248065,12.472,41.895,Regola
4276,322.63343698127323,Entire home/apt,False,False,6.0,False,0,1,8.0,85.0,2,2.661563961275517,1.265483872985704,842.4505383801558,18.66887027702136,2096.1901715546683,45.63996112312693,12.47019,41.90018,Ponte
195,119.93547331260372,Private room,False,True,3.0,False,1,0,10.0,89.0,1,1.7985097597721968,0.3024757162540419,246.9513156939288,5.4724899176802575,734.0166995365495,15.981609915539272,12.51967,41.9105,
3775,241.9750777359549,Entire home/apt,False,False,6.0,False,0,0,9.0,95.0,2,4.00935725845242,0.2300016261534648,545.8746520663175,12.096690075758046,1285.3372052699526,27.985409374914315,12.45512,41.90882,
541,206.43864119888715,Entire home/apt,False,False,4.0,True,1,0,10.0,99.0,2,4.483201486456576,0.2323710296602604,428.82267406571793,9.502795130704468,887.9111211461476,19.33232470975993,12.44935,41.90907,
3674,391.8359712903,Entire home/apt,False,False,6.0,False,1,0,10.0,100.0,2,5.438650534432283,0.1280905588100665,195.9734312001646,4.342809931433268,538.4087945408571,11.722675158318047,12.47896,41.85511,San Paolo
623,305.33280340401654,Entire home/apt,False,False,4.0,False,0,1,9.0,92.0,1,2.5679720289609973,1.4730363649417486,839.4952260260391,18.60337997171137,2764.1232276875057,60.18274408644216,12.472,41.896,Parione
271,207.60760292708017,Entire home/apt,False,False,6.0,False,0,1,9.0,89.0,1,0.939015826822066,0.1221101660583085,802.6026066262959,17.785832241161366,1749.2693781631133,38.0865188171496,12.493,41.896,Monti
4442,309.07348093423417,Entire home/apt,False,False,4.0,True,1,0,10.0,97.0,1,2.695198699761222,1.425255481976853,825.527495437358,18.29385230386056,2351.5212014651474,51.19923643925887,12.47,41.898,Parione
1328,161.5505108362752,Entire home/apt,False,False,2.0,False,0,1,9.0,86.0,1,3.739484887400104,1.241407317895787,351.09796241315473,7.780400173309575,986.5784555173808,21.48059034230309,12.468,41.879,
2111,153.36777873892407,Private room,False,True,3.0,False,0,1,10.0,91.0,1,3.08371910081116,0.9262355256015818,462.9441401957004,10.25893355761704,1248.2895594207916,27.17877783012225,12.475,41.882,Testaccio
1536,184.4621607088584,Entire home/apt,False,False,2.0,False,0,0,9.0,90.0,1,2.8923502255090314,1.712729286497798,601.4064531748738,13.327285753384846,2929.216312702877,63.77728530891642,12.47,41.891000000000005,Trastevere
2211,115.49341874547028,Private room,False,True,2.0,True,1,0,10.0,98.0,1,1.1887084986002543,0.9155905230348352,323.591439248314,7.170850188661608,885.7404983424834,19.285064140696807,12.515,41.896,
603,172.7725434269282,Private room,False,True,4.0,False,0,0,10.0,100.0,1,8.499265535839804,1.2682585573400085,130.89783397222345,2.9007218473255856,320.9415046689328,6.987800054908303,12.40079,41.91133,
1542,140.74299207443948,Private room,False,True,2.0,True,0,1,10.0,97.0,1,2.57397535199242,0.7802719182876712,633.5713268147625,14.040065704376934,1565.588146517291,34.08726131412168,12.472,41.906000000000006,Prati
4013,253.6646950178851,Entire home/apt,False,False,2.0,False,0,1,10.0,90.0,1,2.4304578607595406,0.9603409852654708,860.3928705785592,19.06647590135069,1949.520333636496,42.44654585415063,12.473,41.902,Ponte
273,230.5192527996633,Entire home/apt,False,False,4.0,True,0,0,10.0,97.0,2,3.103666816705604,1.8191641155178588,574.3161784643142,12.726959916674309,1577.484221375934,34.34627235302163,12.466,41.894,Trastevere
1829,195.91798564515,Entire home/apt,False,False,2.0,False,1,0,10.0,98.0,1,4.002337228510357,0.844936133421517,290.25613777050194,6.432133325673689,805.0574929406155,17.528367978388587,12.47335,41.87203,
1906,141.21057676571667,Private room,False,True,2.0,False,0,1,10.0,83.0,1,2.593700974230763,1.562133735607922,770.877919079745,17.08280690091482,2329.5869199061967,50.72166538144221,12.472,41.895,Regola
161,172.7725434269282,Entire home/apt,False,False,2.0,True,0,1,10.0,95.0,1,2.353787392570609,0.7312897466244817,333.4521187376085,7.389364793190063,780.2950563567596,16.989220024000993,12.50581,41.87985,
1726,184.4621607088584,Entire home/apt,False,False,5.0,False,1,0,10.0,100.0,2,2.1698038365575782,0.2525279825685118,282.4844845216958,6.259911955124238,753.0403569650762,16.39580849219499,12.51671,41.8846,
3960,103.80380146354008,Private room,False,True,3.0,False,0,1,10.0,96.0,1,3.0371753904796,0.9358263537720584,259.9630888411245,5.76083337986867,656.2115125980744,14.287571962667872,12.509,41.874,
1369,346.0126715451336,Entire home/apt,False,False,4.0,True,0,0,10.0,99.0,1,2.815701479579096,1.6385503943635311,617.3099209139791,13.67970973871106,2586.900879128341,56.32411465093124,12.470999999999998,41.891000000000005,Trastevere
1985,443.97166436770857,Entire home/apt,False,False,6.0,True,1,0,10.0,98.0,3,3.459856052890771,0.345553802951044,488.0986179271994,10.816361751037777,1270.9161437734997,27.67142226869475,12.462,41.909,Prati
1136,103.80380146354008,Private room,False,True,3.0,False,0,1,10.0,60.0,1,3.0832156321553885,0.8392203495596984,184.0936056950761,4.079550652503271,514.3205344657537,11.19820592443355,12.53839,41.9073,
1831,246.65092464872697,Entire home/apt,False,False,6.0,False,0,1,9.0,88.0,2,2.815710282769698,1.6385523131447657,617.3086191820422,13.679680892074304,2586.9560188983296,56.32531519895059,12.470999999999998,41.891000000000005,Trastevere
2078,282.1873611857948,Entire home/apt,False,False,5.0,True,1,0,10.0,100.0,1,1.115450729054514,0.8342316458742286,331.7022644638709,7.350587676965636,974.1196693945134,21.20932749506472,12.514,41.896,
3667,115.25962639983166,Private room,False,True,2.0,False,0,1,10.0,92.0,1,0.3357713916119414,0.4512628097658484,418.7846520451898,9.280350580666612,1108.5017551624194,24.135203807872333,12.505999999999998,41.902,Castro Pretorio
4366,256.93778785682554,Entire home/apt,False,False,4.0,False,0,1,10.0,80.0,1,2.203020697557396,0.4946974746695185,691.718086825393,15.328609387611792,1625.912507574758,35.400692476428055,12.477,41.907,Campo Marzio
2405,161.5505108362752,Private room,False,True,3.0,False,1,0,9.0,87.0,1,1.4879579449841398,1.2980869908381107,275.39881833185746,6.102892193253451,747.7775986480231,16.28122342818213,12.52,41.899,
2569,69.43632665466532,Private room,False,True,2.0,False,1,0,8.0,84.0,1,6.274868494532499,0.5020869964659334,111.67156046278173,2.474663830022341,325.848103980022,7.094630534720535,12.57192,41.87895,
355,2286.9567250368223,Entire home/apt,False,False,5.0,False,0,0,10.0,93.0,2,4.7161322429667845,1.1181278286897909,236.0255253847621,5.230372247071411,660.0152726113982,14.37039052631043,12.4699,41.86597,
1650,265.1205199541767,Entire home/apt,False,False,2.0,False,0,0,10.0,98.0,1,1.4791412100568906,0.2554198573094218,726.2742308715543,16.094380362976445,1517.7252909942008,33.04515220829777,12.48599,41.90633,Ludovisi
304,170.66841231618076,Entire home/apt,False,False,4.0,False,1,0,10.0,96.0,1,4.200586167990901,1.6072079429916184,301.3483174579277,6.677938217759258,807.5956337112445,17.583630448210503,12.463,41.877,Monteverde
245,136.06714516166738,Private room,False,True,2.0,False,1,0,10.0,96.0,1,1.4284714330806023,0.6762211788017556,316.70767624366243,7.0183046412414605,903.537645534244,19.67255813668864,12.50618,41.91339,
1376,103.80380146354008,Private room,False,True,2.0,False,0,1,9.0,91.0,1,3.931171296070146,1.5915032260699888,338.3127765189233,7.497077929387755,911.7626028084655,19.851638611031497,12.464,41.88,Monteverde
1800,153.36777873892407,Private room,False,True,3.0,False,0,1,10.0,96.0,1,3.083741794549865,0.9262132928574026,462.934824779665,10.258727126158314,1248.2362686368683,27.177617539734733,12.475,41.882,Testaccio
1380,484.1839478175484,Entire home/apt,False,False,4.0,True,1,0,10.0,98.0,1,2.0222975925535813,0.3400668264017992,642.0990431136507,14.229041581405031,1425.7371811803712,31.042312097383903,12.48033,41.90883,Campo Marzio
2308,585.4160334790638,Private room,False,True,2.0,False,0,1,9.0,90.0,1,1.967738776395476,0.2494638567322093,746.1418587045157,16.53465091872784,1949.7414762618216,42.451360751653496,12.48,41.907,Campo Marzio
1906,141.21057676571667,Private room,False,True,2.0,False,0,1,10.0,83.0,1,2.593700974230763,1.562133735607922,770.877919079745,17.08280690091482,2329.5869199061967,50.72166538144221,12.472,41.895,Regola
3820,201.76279428611505,Entire home/apt,False,False,3.0,True,0,1,9.0,91.0,1,3.0154116768421177,1.3198341163395102,657.3684225831137,14.567414045471738,1605.023317887885,34.94587601075623,12.466,41.899,Ponte
1781,271.9004979776962,Entire home/apt,False,False,6.0,False,0,1,9.0,92.0,2,4.190275237274304,0.4455630728964235,399.7571513071934,8.858697407227378,1005.3998275948928,21.89038459740375,12.454,41.912,
3034,149.860893554345,Private room,False,True,2.0,False,0,1,10.0,90.0,1,5.818159469299796,0.5642955506278323,230.85485291710663,5.115789124210298,556.7288519133134,12.121554381013874,12.43278,41.89384,
2318,168.56428120543333,Entire home/apt,False,False,2.0,False,0,1,9.0,93.0,1,1.3764442937130492,0.1796546018413334,428.8182958526663,9.50269810863874,973.2656986825116,21.190734148609348,12.507,41.889,Esquilino
3887,149.860893554345,Private room,False,True,2.0,False,1,0,8.0,88.0,1,5.603557533270762,0.872686636397195,135.6602143094863,3.0062571359576613,380.73850952800944,8.289749188189273,12.53995,41.85903,
3402,179.7863137960863,Entire home/apt,False,False,4.0,True,1,0,10.0,97.0,1,0.886383683302058,0.1610562634384725,499.4893096770853,11.06878172937032,1261.049397264062,27.45659542081935,12.504,41.893,Esquilino
4354,167.1615271316017,Entire home/apt,False,False,3.0,False,1,0,9.0,86.0,1,2.497352745910345,1.5526029528625598,775.9928155718866,17.196154017145275,2224.116308072605,48.42527324630145,12.47343,41.8944,Regola
285,184.4621607088584,Entire home/apt,False,False,6.0,False,0,1,9.0,90.0,2,4.369513026788633,1.294431100293158,266.9412262891734,5.915470283589258,736.2902576160418,16.031111675335357,12.468,41.871,
2072,243.144039464148,Private room,False,True,3.0,False,1,0,10.0,95.0,1,1.9192010700791515,0.1994193658085497,762.7275623223658,16.902193385838288,1723.5215599079725,37.525916329781566,12.48064,41.90703,Campo Marzio
2233,92.34797652724848,Private room,False,True,2.0,False,0,1,8.0,80.0,1,0.2441889492730325,0.3341859678003284,552.923585588593,12.252895834462572,1331.7044928740004,28.994955756893614,12.50188,41.89869,Esquilino
4166,190.07317700418488,Private room,False,True,2.0,False,1,0,10.0,93.0,1,4.000356987520833,1.360148250837664,317.21499599663366,7.029546947140393,866.0488797847378,18.85632216984766,12.46601,41.87713,
3830,253.6646950178851,Entire home/apt,False,False,4.0,True,0,1,10.0,98.0,2,2.344316070507696,0.5935152411324777,635.6023376433006,14.085073305371656,1583.334963987187,34.47365949038282,12.47541,41.90746,Campo Marzio
4195,155.4719098496715,Entire home/apt,False,False,5.0,False,0,1,8.0,79.0,1,3.922300699328527,1.0399890964250116,688.8864801297211,15.2658604241193,1074.6056094511227,23.39718929302512,12.455,41.9,
1306,236.1302690949898,Entire home/apt,False,False,4.0,False,0,1,9.0,91.0,1,2.593670979937176,1.5621321858175397,770.8774488749816,17.08279648108442,2329.596942725928,50.7218836064435,12.472,41.895,Regola
2325,289.43492390059146,Entire home/apt,False,False,4.0,False,0,1,7.0,80.0,1,2.593687785946894,1.5621349580732389,770.8764776251253,17.082774957995824,2329.5802069955985,50.72151922248065,12.472,41.895,Regola
3387,281.48598414887897,Entire home/apt,False,False,6.0,False,0,1,8.0,60.0,1,1.828571906731656,0.2425121710074439,904.1902899221516,20.037035362047323,1799.6191885777846,39.18277593211264,12.48088,41.90489,Campo Marzio
3831,108.24585603067356,Private room,False,True,2.0,False,0,1,10.0,93.0,1,1.112287146900374,0.5157728591223015,627.1367721601039,13.8974747026913,1145.268200372525,24.93571282313037,12.5,41.891000000000005,Monti
1102,288.2659621723985,Entire home/apt,False,False,6.0,True,1,0,10.0,100.0,2,0.9477286944903028,0.6868336191299584,471.7344450542648,10.453728448977126,1227.7757214136989,26.73213382719028,12.49668,41.90832,Sallustiano
1463,226.77857526944567,Entire home/apt,False,False,4.0,False,0,1,9.0,93.0,1,2.710597477980485,1.50079040329281,784.8949553890023,17.39342719326929,2342.4812813657068,51.00241192996893,12.47,41.897,Parione
2324,202.9317560143081,Private room,False,True,3.0,False,0,1,10.0,90.0,1,0.242489303754966,0.1783611564210667,585.960052838213,12.984990471947285,1459.3581782238855,31.77433585114892,12.49948,41.90017,Castro Pretorio
4238,253.6646950178851,Private room,False,True,4.0,False,0,1,8.0,80.0,1,2.132771522266018,0.1044249590729534,228.77579817201448,5.0697168605382,685.8509091960302,14.932905065933197,12.521,41.914,
781,116.42858812802469,Private room,False,True,2.0,False,0,1,10.0,97.0,1,4.668049866728586,0.3424024028488376,392.537045897959,8.698698445709008,777.6172151754048,16.93091588296006,12.446,41.901,
1868,159.21258737988916,Entire home/apt,False,False,4.0,False,0,0,10.0,95.0,1,4.325929328410657,0.2957057189272996,536.1168036381798,11.880454227849386,991.0071165108784,21.577014759473617,12.451,41.908,
3882,105.90793257428751,Private room,False,True,3.0,False,0,1,9.0,93.0,1,2.413341945893669,0.1101053001127159,282.42318483832463,6.258553542036773,747.2899439944525,16.270605813553225,12.514,41.881,
3315,80.65835924531831,Private room,False,True,2.0,False,1,0,9.0,92.0,1,2.663670116960572,0.6289402139033065,201.0197771644416,4.454637954430559,561.5485693524712,12.226493197888717,12.526,41.917,
1231,111.518948869614,Private room,False,True,3.0,False,1,0,10.0,97.0,1,3.93911597388432,1.006412950371609,723.4294255768399,16.031338915923037,1059.877562536156,23.07651825003472,12.45479,41.90026,
2338,196.15177799078856,Entire home/apt,False,False,4.0,True,0,0,10.0,98.0,1,4.548157706940128,1.79337457359309,267.99500837571543,5.938822302702129,718.9063742037849,15.652615595222578,12.46078,41.87411,Monteverde
989,167.1615271316017,Entire home/apt,False,False,4.0,False,0,1,9.0,92.0,1,1.4299312318049775,0.4710144547083892,519.0846129634983,11.503017519398217,1010.237379307035,21.9957117166076,12.502,41.888000000000005,Celio
1718,357.23470413578656,Entire home/apt,False,False,4.0,False,1,0,10.0,97.0,2,2.6303661237950857,0.9226726699618584,354.5070121105764,7.855945387740151,812.9766480717631,17.700790279198024,12.4828,41.91957,
4464,656.9564912444766,Entire home/apt,False,False,6.0,True,1,0,10.0,100.0,3,1.2851615509838692,0.4667243970307947,570.4629066500837,12.641570652421134,1371.9088690155031,29.87031820681717,12.49005,41.908,Ludovisi
2273,209.9455263834662,Entire home/apt,False,False,4.0,False,0,0,9.0,90.0,1,1.441581543340596,0.4098201206599937,917.9423494814448,20.34178371730146,1461.8841814234931,31.82933405188061,12.49551,41.88891,Celio
1630,253.6646950178851,Entire home/apt,False,False,5.0,False,0,1,10.0,100.0,1,3.924852640015277,2.119512316393352,367.2884749293229,8.139185127574084,978.520551995678,21.305147098433828,12.46,41.885,Monteverde
1384,178.8511444135319,Entire home/apt,False,False,2.0,False,0,0,9.0,89.0,1,2.4131620919129606,1.4035065497869603,890.4417092727131,19.73236410012249,2296.8874704665427,50.009706313307376,12.474,41.89572,Sant'Eustachio
2023,271.9004979776962,Entire home/apt,False,False,6.0,True,1,0,10.0,95.0,1,9.336160248667555,0.9120096137969992,100.99468347746628,2.2380621278193527,269.77495758241355,5.873760283363424,12.46933,41.82051,
1033,198.4897014471746,Entire home/apt,False,False,2.0,False,1,0,9.0,93.0,1,0.3288297093396829,0.3762787073706785,426.3187385751294,9.447307425817115,1136.614298259496,24.74729301210289,12.505,41.903,Castro Pretorio
4039,305.5665957496551,Entire home/apt,False,False,4.0,True,0,1,10.0,99.0,1,0.1920886849200714,0.2869622399781901,462.70098146202974,10.25354511206586,1214.142132599783,26.43529221812276,12.504,41.902,Castro Pretorio
197,283.5901152596264,Entire home/apt,False,False,4.0,True,0,1,10.0,93.0,1,2.5936727350620505,1.562126613914698,770.8811483124346,17.08287846134885,2329.629365943879,50.722589551174494,12.472,41.895,Regola
3320,299.72178710869,Entire home/apt,False,False,4.0,True,0,1,10.0,100.0,1,2.9726362781690288,1.7553127042732972,579.5931724233841,12.84389914477893,3803.3620213408194,82.80989823668075,12.46918,41.89059,Trastevere
1768,218.1282584808173,Entire home/apt,False,False,5.0,False,0,1,10.0,89.0,1,3.1818088598849408,1.7554447850650987,505.54164344651326,11.202902640767611,1757.6981879481664,38.27003773452852,12.468,41.888000000000005,Trastevere
1954,71.54045776541275,Private room,False,True,2.0,False,1,0,10.0,95.0,1,3.3399224804072984,0.3129799201834157,203.7971692518638,4.516185511499262,594.0030209247834,12.933117972745936,12.52605,41.87663,
1526,357.23470413578656,Private room,False,True,3.0,False,1,0,10.0,100.0,1,3.0083574639482307,1.9108354623921973,577.2932814891573,12.792933107550285,2336.721141147565,50.87699746176505,12.468,41.892,Trastevere
251,350.45472611226705,Entire home/apt,False,False,6.0,False,0,1,9.0,94.0,2,2.580070142557092,1.5599612966354757,699.4301790523538,15.499510874156494,1991.7308421157768,43.36558745262975,12.473,41.893,Regola
2722,368.9243214177168,Entire home/apt,False,False,4.0,False,0,0,8.0,100.0,1,1.8159857582450776,1.045953244180391,293.3111569601691,6.4998331541471455,781.9680104124935,17.02564494340983,12.50538,41.91705,
4258,222.33652070231216,Entire home/apt,False,False,2.0,True,1,0,10.0,96.0,1,2.2203467713857203,1.196987832443724,1150.8954089099504,25.504069512106835,2110.1045725925587,45.94291680483873,12.476,41.897,Sant'Eustachio
2019,69.20253430902672,Private room,False,True,2.0,False,0,0,9.0,89.0,1,5.741806351970689,0.2385288587617154,127.77562873352932,2.831533162739436,409.76057403485214,8.921641233949034,12.5511,41.86428,
2593,168.3304888597947,Private room,False,True,3.0,False,0,1,10.0,97.0,1,4.111052837117085,0.3904763442228183,404.9384119084239,8.973515165219203,995.9813104498398,21.685316964623603,12.455,41.912,
3109,138.40506861805343,Entire home/apt,False,False,2.0,True,0,0,9.0,96.0,1,7.807808039341865,0.2729553836865127,128.02907047006426,2.8371494816645217,343.8261135874341,7.4860624146558115,12.463,41.837,
3295,92.11418418160989,Private room,False,True,2.0,False,1,0,9.0,88.0,1,1.5074047518732174,0.2969848873272008,410.26355998120346,9.091521497991929,927.321012894743,20.19038899785767,12.508,41.888000000000005,Esquilino
94,132.79405232272694,Private room,False,True,2.0,False,0,1,9.0,88.0,1,1.0385655127157245,0.7359024081508069,438.218217718546,9.711002233253184,1223.9739703667872,26.64935900440205,12.4978,41.90961,Ludovisi
1585,138.40506861805343,Entire home/apt,False,False,5.0,False,0,1,8.0,84.0,1,2.8923397549198,1.7127351281114584,601.4083540690087,13.327327877574216,2929.171733443556,63.77631469294373,12.47,41.891000000000005,Trastevere
2965,80.65835924531831,Shared room,True,False,2.0,False,0,1,9.0,83.0,1,4.160812409549111,1.353570390890883,295.5672085129761,6.549827702027204,838.1518251632716,18.248924756363387,12.466,41.875,
3671,172.7725434269282,Entire home/apt,False,False,4.0,True,0,0,10.0,95.0,1,4.190275816175988,0.4455641330153141,399.7568215421668,8.858690099569275,1005.3992124531468,21.89037120403622,12.454,41.912,
608,103.80380146354008,Private room,False,True,2.0,False,0,0,10.0,100.0,1,3.270311891118813,0.2795697796027636,207.9461901958969,4.608128634866163,601.8492880320142,13.103953296084034,12.5251,41.87689,
440,168.3304888597947,Private room,False,True,3.0,False,1,0,10.0,93.0,1,1.4596045733706788,0.9851971260105736,377.4031789223022,8.363328965262735,971.0700817047504,21.1429293860138,12.49904,41.913790000000006,
2637,92.11418418160989,Private room,False,True,2.0,False,1,0,9.0,82.0,1,1.5074154628502867,0.2969711494989646,410.2592882964669,9.091426836614698,927.3136371211448,20.19022840650253,12.508,41.888000000000005,Esquilino
1388,297.383863652304,Entire home/apt,False,False,5.0,False,1,0,9.0,94.0,2,1.9147446190320208,0.2464575967712846,836.2020173869746,18.530401818007448,1874.5746324998463,40.81476695706455,12.48011,41.90573,Campo Marzio
1290,187.73525354779883,Entire home/apt,False,False,4.0,True,0,0,10.0,96.0,1,3.241248081878398,0.4387750505919091,385.8061379383526,8.549540196269135,1119.3807987271498,24.372071212408848,12.478,41.878,Testaccio
444,112.92170294344562,Private room,False,True,2.0,False,1,0,10.0,94.0,1,3.8795594432789136,1.020578921907529,718.1727413071844,15.914849754546095,1139.785063538207,24.81632949839821,12.45551,41.90018,Trastevere
2774,235.1950997124354,Entire home/apt,False,False,4.0,True,0,0,10.0,97.0,1,3.459850392534453,0.3455580767707283,488.100299828757,10.816399022308396,1270.912543607718,27.671343882950683,12.462,41.909,Prati
3555,201.76279428611505,Entire home/apt,False,False,3.0,False,0,0,8.0,90.0,1,3.6241051300950766,0.7703034903007226,268.1592335701429,5.942461565437815,676.7921543811015,14.73567047186454,12.49199,41.86916,
1909,161.5505108362752,Entire home/apt,False,False,4.0,True,0,0,10.0,99.0,2,5.401023575675582,0.4543825365820071,273.27099820632685,6.055739279121844,640.3904592407167,13.943103092450247,12.43717,41.90129,
48,97.72520047693638,Private room,False,True,2.0,True,1,0,10.0,95.0,1,4.285011784278696,2.100404155592253,311.3488126571508,6.899551166027116,818.2855217114121,17.816379403605318,12.458,41.881,Monteverde
2421,152.19881701073106,Private room,False,True,3.0,False,0,1,10.0,93.0,1,0.5319754645996089,0.4064010243033778,502.8523260797711,11.14330683690002,1343.2233197150374,29.2457530444408,12.499,41.905,Castro Pretorio
1091,161.5505108362752,Private room,False,True,2.0,True,0,1,10.0,94.0,1,4.681347726350558,1.7004566222964854,250.39697176139504,5.548846336499152,678.7474474705375,14.778242706863615,12.46293,41.87066,
1110,97.02382344002056,Private room,False,True,2.0,False,0,1,9.0,88.0,1,2.5596985605956992,0.8244187688026114,310.6613919647789,6.884317787749137,741.5484498177341,16.145597322162512,12.505999999999998,41.878,
3695,207.60760292708017,Entire home/apt,False,False,3.0,True,1,0,10.0,96.0,1,3.060676107291872,0.6843955392561185,597.0156726841537,13.229985190726602,1389.9230282836895,30.2625371666342,12.46587,41.90541,Borgo
3615,251.5605639071377,Entire home/apt,False,False,5.0,False,0,1,9.0,95.0,1,2.239839681355258,0.520104319104197,645.0867229405823,14.295249156303738,1616.5255127128842,35.196311172492656,12.477,41.908,Campo Marzio
4248,230.5192527996633,Entire home/apt,False,False,6.0,False,0,1,10.0,95.0,3,2.8923448618556367,1.7127192232202633,601.4081477117297,13.327323304656169,2929.167492468152,63.7762223549702,12.47,41.891000000000005,Trastevere
3326,216.7255044069857,Entire home/apt,False,False,6.0,False,1,0,9.0,93.0,2,2.12426383328251,0.4124719258845539,831.8284755735411,18.433483267841748,1641.655891352209,35.74347026123964,12.478,41.907,Campo Marzio
1212,149.860893554345,Private room,False,True,2.0,False,1,0,8.0,83.0,1,6.633953944783952,0.2186114344483085,114.05545179537938,2.527491332665231,360.6592901817856,7.852568057020852,12.55792,41.85803,Appio Claudio
3250,184.4621607088584,Private room,False,True,2.0,True,1,0,10.0,97.0,1,2.829012986231009,1.6014041135453616,620.8882631560462,13.759006509358729,2690.466395557227,58.5790274959835,12.47114,41.89046,Trastevere
3523,155.4719098496715,Entire home/apt,False,False,2.0,False,0,0,10.0,100.0,1,5.083591951521186,0.908665569901942,291.7161021461934,6.464486424517052,672.6481982789401,14.645444881665192,12.44165,41.8942,
4309,205.03588712505552,Private room,False,True,2.0,True,1,0,10.0,100.0,1,1.1971062131182475,0.5334328037784849,762.0313863678153,16.886765989221658,1208.4258107164355,26.31083179842249,12.49801,41.89057,Monti
4485,206.43864119888715,Entire home/apt,False,False,2.0,True,1,0,10.0,99.0,1,4.14320982641094,0.4597747397121666,1124.1960046934785,24.912405442724825,1172.135439933207,25.52068826365818,12.453,41.907,
2220,468.9874453510392,Entire home/apt,False,False,5.0,True,0,0,9.0,97.0,1,1.853003731605469,0.1669038206587347,888.4643962549897,19.68854645321836,2345.505695128323,51.0682619317575,12.481,41.906000000000006,Campo Marzio
4178,242.20887008159352,Entire home/apt,False,False,4.0,False,1,0,10.0,98.0,1,1.4560004552711274,0.4788853620332659,584.486042888524,12.952326120410762,1391.2877289083892,30.292250541069965,12.48799,41.90851,Ludovisi
964,119.93547331260372,Private room,False,True,2.0,False,1,0,9.0,91.0,1,0.6418567955763708,0.3994981174031412,684.0985504511041,15.159758957037958,1526.995345613215,33.24698739394187,12.49513,41.89861,Monti
3805,248.98884810511305,Entire home/apt,False,False,5.0,True,1,0,10.0,98.0,2,0.8754441503532895,0.4640089077650693,748.7564990879266,16.59259186589943,1784.002477871442,38.842756176662704,12.492,41.899,Monti
1150,103.80380146354008,Private room,False,True,2.0,True,1,0,10.0,97.0,1,8.13687742304147,0.2945009793247511,120.87060913825184,2.678516565073786,342.3179395053953,7.453225219154551,12.46657,41.83265,
2125,189.1380076216305,Entire home/apt,False,False,3.0,False,1,0,8.0,80.0,1,7.511403894857739,2.080508232222829,148.94706475493192,3.3006963653908263,367.3265835443049,7.997733802949419,12.41752,41.92468,
2676,119.93547331260372,Private room,False,True,2.0,False,0,1,9.0,91.0,1,4.689062535900485,0.8424254130315828,309.8767828318457,6.866930694437926,730.1590670706337,15.89761839694479,12.449000000000002,41.915,
3989,191.4759310780165,Entire home/apt,False,False,4.0,False,0,1,9.0,90.0,2,0.531970930239354,0.4063965186350699,502.8526756224545,11.143314582834904,1343.2446936050312,29.24621841419665,12.499,41.905,Castro Pretorio
4365,277.7453066186613,Entire home/apt,False,False,4.0,False,0,1,10.0,93.0,1,2.2613118385185773,0.8938243356131989,1076.733227660998,23.860620931897284,2317.720388728296,50.46329759164188,12.475,41.901,Sant'Eustachio
439,133.72922170528136,Private room,False,True,3.0,False,0,1,8.0,86.0,1,4.442646635350965,0.3043491085520248,513.8408892752963,11.386815567065424,879.9266033684213,19.158479280128866,12.449000000000002,41.905,
4140,90.94522245341687,Private room,False,True,2.0,False,0,1,9.0,94.0,1,1.4024933476492376,0.2143448882035781,409.2797309015975,9.069719651325368,1107.689336394473,24.11751516421398,12.508,41.889,Esquilino
379,97.95899282257498,Private room,False,True,2.0,True,0,0,10.0,100.0,1,3.402181410048838,0.6597912458070782,179.54195554761847,3.978685186487121,517.6116616368582,11.269863027962984,12.52292,41.92732,
130,207.60760292708017,Private room,False,True,2.0,False,1,0,10.0,97.0,1,2.84782720521564,0.6305881187231548,193.689758030184,4.2922032830626025,539.4909601241301,11.74623694952363,12.53545,41.90735,
2603,203.86692539686248,Entire home/apt,False,False,4.0,True,0,1,10.0,98.0,1,2.478107289607253,0.3281885754187224,573.5229772305532,12.709382420712195,1377.9272402784818,30.00135509182611,12.475,41.91,Campo Marzio
910,248.98884810511305,Entire home/apt,False,False,3.0,False,1,0,10.0,94.0,1,2.3037120330234657,0.628859152693471,711.9691132706239,15.777376132315254,1597.912684312274,34.79105750031975,12.47536,41.90603,Campo Marzio
2348,161.5505108362752,Entire home/apt,False,False,4.0,True,1,0,10.0,97.0,1,1.16587573116357,0.2674348623275116,391.1775541340068,8.668571839780661,936.7459914989696,20.395597314794,12.50929,41.89179,Esquilino
3923,145.18504664157294,Entire home/apt,False,False,4.0,False,0,0,10.0,94.0,1,4.442643671048951,0.3043505654065315,513.8430125759809,11.38686261982785,879.9273082571424,19.15849462754069,12.449000000000002,41.905,
1852,245.481962920534,Private room,False,True,4.0,True,1,0,10.0,100.0,2,2.6434983641590426,1.2853411574211495,880.1735030702517,19.504818623161857,2545.0595075926094,55.41311020288882,12.47044,41.8996,Ponte
4017,241.9750777359549,Entire home/apt,False,False,6.0,False,0,0,9.0,80.0,2,1.129919613642831,0.6376106137797221,384.0390626837109,8.510381459707496,1250.3881490762344,27.22447003476453,12.501,41.911,
2120,122.27339676898976,Private room,False,True,2.0,False,0,1,10.0,93.0,1,1.6854674578186186,0.365961539644308,333.1575807174494,7.382837772505177,819.6745683472774,17.846622859241826,12.513,41.888000000000005,Esquilino
3112,145.18504664157294,Private room,False,True,2.0,False,0,1,9.0,84.0,1,0.8284445544469842,0.4282771403277166,549.7916395097284,12.183491290934862,1310.7251642688714,28.53817671321684,12.495,41.906000000000006,Sallustiano
3824,553.1526897809365,Entire home/apt,False,False,4.0,False,1,0,10.0,91.0,2,2.123145802197346,0.7515451016460906,1029.9796920566423,22.82455335116064,2056.1124339324656,44.76735595027489,12.47668,41.90155,Campo Marzio
3865,184.4621607088584,Private room,False,True,3.0,True,1,0,10.0,95.0,1,2.738400633260742,1.2078063882225087,321.50409214194457,7.1245941646262345,765.6014885377667,16.669299687993743,12.48466,41.92173,
1775,148.691931826152,Private room,False,True,2.0,False,0,1,10.0,94.0,1,3.083712904209207,0.9262110587314502,462.9410839223879,10.258865829996958,1248.2766366683395,27.17849646542189,12.475,41.882,Testaccio
2582,161.5505108362752,Private room,False,True,3.0,False,0,1,10.0,92.0,1,0.5319714593302389,0.4064005917270208,502.8465853935048,11.143179622158833,1343.238846790107,29.24609111257609,12.499,41.905,Castro Pretorio
820,325.9065298202137,Entire home/apt,False,False,4.0,False,1,0,10.0,98.0,1,2.580071043966797,1.5599453162625014,699.4205431767023,15.4992973412494,1991.7230363270248,43.36541749863415,12.473,41.893,Regola
567,126.71545133612324,Entire home/apt,False,False,4.0,True,0,0,10.0,97.0,2,1.8286153146962665,0.049745405014777,368.2593019551298,8.160698846161127,836.4012481483032,18.210809766611792,12.50951,41.88533,
1408,184.4621607088584,Entire home/apt,False,False,5.0,False,1,0,10.0,96.0,2,3.4817116915309443,0.2468982907355934,321.8935037392819,7.133223602514703,908.2534834133434,19.775235203104533,12.48186,41.87348,
3656,196.15177799078856,Private room,False,True,2.0,False,1,0,10.0,100.0,1,4.538632508677248,2.1608068516839856,282.7227578689078,6.265192139546846,746.3100350164367,16.249270436511708,12.45652,41.87847,Monteverde
4116,346.0126715451336,Entire home/apt,False,False,4.0,False,0,0,9.0,89.0,2,0.5319825997862284,0.4064070683976917,502.8535598930052,11.143334178444912,1343.1906795648126,29.2450423764835,12.499,41.905,Castro Pretorio
1550,184.4621607088584,Entire home/apt,False,False,2.0,False,1,0,9.0,80.0,1,3.493609088046405,0.2721011779611167,333.8123472688639,7.397347528571799,1009.512662492947,21.97993259137884,12.47946,41.87443,
484,124.6113202253758,Private room,False,True,2.0,True,1,0,10.0,94.0,1,4.274867169250681,0.9439056996003848,434.331835341859,9.624879232398111,889.3147316751897,19.362885262350435,12.451,41.897,
1799,148.691931826152,Private room,False,True,2.0,True,0,1,9.0,93.0,1,3.083729115909567,0.9262160688698368,462.9382604457626,10.258803261197428,1248.2573611015862,27.17807678207007,12.475,41.882,Testaccio
3688,105.90793257428751,Entire home/apt,False,False,3.0,False,1,0,9.0,89.0,1,2.5649767291957986,0.2466792667017592,218.1995235322169,4.835344526176376,622.4528764223902,13.552551417520815,12.52975,41.89034,Pigneto
766,253.6646950178851,Entire home/apt,False,False,4.0,True,0,0,10.0,97.0,1,1.2490453109702977,0.1437401606590996,1262.8151525410033,27.98423313014321,1411.8965682245916,30.74096298994413,12.493,41.892,Monti
3447,168.3304888597947,Private room,False,True,4.0,False,0,1,8.0,100.0,1,2.9974232918875914,0.2489413267087026,454.928554369903,10.081306592995626,1100.269812302251,23.955971237657945,12.46924,41.91183,Prati
2078,282.1873611857948,Entire home/apt,False,False,5.0,True,1,0,10.0,100.0,1,1.115450729054514,0.8342316458742286,331.7022644638709,7.350587676965636,974.1196693945134,21.20932749506472,12.514,41.896,
3103,96.79003109438196,Private room,False,True,3.0,False,0,1,10.0,93.0,1,0.8591862959570037,0.2402961629223048,433.1691501466818,9.599113898894364,1064.8237383261765,23.184210421206977,12.507,41.894,Esquilino
1657,149.860893554345,Entire home/apt,False,False,5.0,True,0,0,10.0,97.0,2,4.452217383377711,0.9153485932889768,386.37100295824393,8.562057716645647,822.0620982872063,17.898606107287417,12.449000000000002,41.896,
942,170.43461997054214,Entire home/apt,False,False,4.0,True,0,0,9.0,96.0,2,2.9413601840040537,0.5573840408637043,197.9070565263659,4.3856594504669015,563.1925593889616,12.26228748906058,12.53461,41.89008,Pigneto
2672,119.93547331260372,Private room,False,True,2.0,False,0,1,10.0,92.0,1,4.689057632797807,0.8424083760514038,309.8785838584893,6.866970605543972,730.16256218124,15.897694495341948,12.449000000000002,41.915,
1160,241.03990835340048,Entire home/apt,False,False,4.0,False,0,0,10.0,93.0,2,3.905037682578002,1.1029254459948667,318.3431737538522,7.054547589005293,884.6512990634704,19.26134920613406,12.469,41.876000000000005,
3554,115.25962639983166,Entire home/apt,False,False,2.0,False,0,0,8.0,90.0,1,4.946622113689233,2.0566641825664216,237.87582171497192,5.271375179100104,645.7286885147824,14.059331371659288,12.45842,41.8707,
3444,73.87838122179879,Private room,False,True,2.0,False,0,1,10.0,100.0,1,4.7296243308832135,1.404403590576728,240.0010077275541,5.318469720768655,663.494614065169,14.446145584624825,12.46648,41.86773,
4231,253.6646950178851,Entire home/apt,False,False,2.0,False,0,1,9.0,89.0,1,2.4304584671982723,0.9603287827340186,860.3748818192568,19.066077266892563,1949.4454127153915,42.44491461478461,12.473,41.902,Ponte
3441,253.6646950178851,Entire home/apt,False,False,6.0,False,0,1,10.0,100.0,2,7.10590116729814,0.4900252547060701,112.35508361845976,2.4898108381175934,334.98076200796544,7.2934742097851,12.55899,41.85298,Appio Claudio
607,230.5192527996633,Entire home/apt,False,False,6.0,False,0,1,10.0,99.0,2,1.3459696809386166,0.6473235017270763,652.6818537446766,14.463558754623044,1161.2668930703437,25.28404940187109,12.499,41.889,Monti
2122,110.8175718326982,Private room,False,True,2.0,False,0,1,10.0,90.0,1,1.476770419022324,0.2828890887064792,432.0381329642062,9.574050334805108,956.6691073553854,20.82937963353466,12.50695,41.88805,Esquilino
2120,122.27339676898976,Private room,False,True,2.0,False,0,1,10.0,93.0,1,1.6854674578186186,0.365961539644308,333.1575807174494,7.382837772505177,819.6745683472774,17.846622859241826,12.513,41.888000000000005,Esquilino
482,187.73525354779883,Private room,False,True,4.0,False,1,0,10.0,100.0,1,4.018089108068749,1.5973093150550448,325.66458976782496,7.216791613529004,873.9372935367963,19.02807514429276,12.46359,41.8791,Monteverde
1920,458.7005821429406,Entire home/apt,False,False,4.0,True,1,0,10.0,97.0,1,2.4526166700892085,0.9655027182263614,832.7451177320343,18.453796239070016,1854.7835179458248,40.38385867828039,12.47275,41.90223,Ponte
4454,305.33280340401654,Entire home/apt,False,False,4.0,True,0,0,10.0,98.0,1,2.9693100404251385,1.7876676196465109,579.5745722623045,12.843486961536705,2950.275271148756,64.23579811839622,12.469,41.891000000000005,Trastevere
3933,196.15177799078856,Entire home/apt,False,False,5.0,True,0,0,10.0,97.0,2,1.7140618412801578,0.0894137667212985,371.7213601184305,8.237418738662399,862.9792689757757,18.78948810112371,12.5098,41.88651,Esquilino
3742,156.64087157786452,Entire home/apt,False,False,2.0,False,0,0,9.0,95.0,1,2.199270039232424,0.1696488572093703,291.3700261302198,6.456817311668453,800.6050547901741,17.431425865575147,12.51481,41.88344,
2523,283.5901152596264,Entire home/apt,False,False,5.0,False,0,0,10.0,93.0,2,2.5304627354096363,1.3050102664294665,1087.391435092117,24.096808913092875,3284.1412878535466,71.5050011847567,12.472,41.898,Parione
2201,114.09066467163863,Private room,False,True,2.0,False,0,1,9.0,92.0,1,2.766403972445016,0.7042145935100953,620.6130766414752,13.752908321858737,1568.8607443263747,34.158514981276994,12.46955,41.90572,Prati
3754,82.99628270170435,Private room,False,True,3.0,False,0,1,9.0,94.0,1,2.150007958316244,0.438944601859185,342.4552467946921,7.588875888652454,833.322823098539,18.14378378705217,12.508,41.882,
276,80.65835924531831,Private room,False,True,2.0,False,1,0,9.0,92.0,1,1.376438811149039,0.1796501647486254,428.8228097333154,9.502798137125216,973.2577477786656,21.19056103504964,12.507,41.889,Esquilino
1203,230.5192527996633,Private room,False,True,2.0,False,1,0,10.0,94.0,1,2.73680636206212,1.7247082926953512,658.924699858671,14.601901457193645,1997.8282817995832,43.49834587974953,12.470999999999998,41.893,Regola
4092,190.07317700418488,Entire home/apt,False,False,4.0,True,0,0,10.0,98.0,1,4.446407727882488,0.981994148388822,213.8660728771672,4.739314403996682,584.3089246029444,12.722050205490625,12.49289,41.86146,Garbatella
456,190.30696934982348,Entire home/apt,False,False,5.0,False,0,1,9.0,90.0,2,3.655464504375841,0.4793765104540037,281.05636374760945,6.228264516780142,757.7855447963108,16.499124589693366,12.487,41.87,
1799,148.691931826152,Private room,False,True,2.0,True,0,1,9.0,93.0,1,3.083729115909567,0.9262160688698368,462.9382604457626,10.258803261197428,1248.2573611015862,27.17807678207007,12.475,41.882,Testaccio
1315,131.3912982488953,Private room,False,True,2.0,True,0,1,10.0,98.0,1,1.557723783175056,0.4163993736929208,483.48944344351696,10.714221534372388,941.2441573980858,20.49353504942653,12.505,41.887,Monti
1799,148.691931826152,Private room,False,True,2.0,True,0,1,9.0,93.0,1,3.083729115909567,0.9262160688698368,462.9382604457626,10.258803261197428,1248.2573611015862,27.17807678207007,12.475,41.882,Testaccio
1830,207.60760292708017,Entire home/apt,False,False,4.0,False,1,0,10.0,100.0,0,2.026340289098993,0.3202217181624843,664.9234147253776,14.73483416311928,1520.9632005018834,33.11565061347884,12.47994,41.90829,Campo Marzio
479,121.10443504079676,Private room,False,True,3.0,True,1,0,9.0,93.0,1,3.858317866898666,0.2398022076722829,614.6585687926047,13.620955252177266,1391.1143840375744,30.288476335240627,12.45655,41.90727,Prati
2744,207.60760292708017,Entire home/apt,False,False,4.0,True,1,0,9.0,93.0,1,2.892328211038747,1.7127138116493736,601.4119812625121,13.32740825689846,2929.067307963389,63.77404105626717,12.47,41.891000000000005,Trastevere
1451,161.5505108362752,Private room,False,True,2.0,False,1,0,8.0,70.0,1,3.5323790628117835,0.2894698108699581,325.8795992206305,7.221556265457981,994.666575273652,21.65669147866213,12.47977,41.87387,
2142,148.691931826152,Private room,False,True,2.0,False,0,1,9.0,92.0,1,3.0837347145798013,0.9261968499773828,462.933444088809,10.25869652977632,1248.2318705712437,27.177521781464858,12.475,41.882,Testaccio
4361,277.7453066186613,Entire home/apt,False,False,4.0,False,0,1,10.0,91.0,1,2.203015756488772,0.4946922170532611,691.7201445517335,15.328654987233802,1625.9113420618055,35.40066709992999,12.477,41.907,Campo Marzio
4454,305.33280340401654,Entire home/apt,False,False,4.0,True,0,0,10.0,98.0,1,2.9693100404251385,1.7876676196465109,579.5745722623045,12.843486961536705,2950.275271148756,64.23579811839622,12.469,41.891000000000005,Trastevere
1565,92.34797652724848,Private room,False,True,2.0,True,0,1,10.0,93.0,1,0.5414969412248919,0.2493951076971423,572.042772563087,12.676580793006549,1270.2878864383129,27.657743337869512,12.502,41.896,Esquilino
1068,256.0026184742711,Entire home/apt,False,False,3.0,True,1,0,10.0,97.0,1,2.5936908878390588,1.5621319758285948,770.878564047082,17.08282119351836,2329.597498977853,50.72189571761383,12.472,41.895,Regola
492,195.91798564515,Entire home/apt,False,False,4.0,False,0,1,10.0,93.0,1,1.4494108120977005,0.3708782296893789,996.9476855207166,22.092557563972186,1538.185582191244,33.4906303464327,12.495,41.889,Celio
1856,141.21057676571667,Private room,False,True,2.0,False,0,1,8.0,87.0,1,1.4335428397502032,0.5393252759442776,545.1663575996963,12.08099413052106,1027.1358449910692,22.36363888625357,12.501,41.888000000000005,Celio
4241,115.25962639983166,Private room,False,True,2.0,True,1,0,10.0,97.0,1,3.133099271675676,0.4640590168929043,339.4704112613639,7.52273134386162,816.3142221008845,17.77345866158133,12.48775,41.87483,
4231,253.6646950178851,Entire home/apt,False,False,2.0,False,0,1,9.0,89.0,1,2.4304584671982723,0.9603287827340186,860.3748818192568,19.066077266892563,1949.4454127153915,42.44491461478461,12.473,41.902,Ponte
4484,412.6434900521357,Entire home/apt,False,False,4.0,False,0,1,10.0,97.0,1,1.9336029652442857,0.2706098326215563,657.310796156778,14.566137032485486,1408.4229556919106,30.665332666369626,12.48137,41.9086,Campo Marzio
1287,85.33420615809038,Private room,False,True,2.0,False,0,1,9.0,88.0,1,0.2321670039276444,0.2843108390996939,575.5044052488917,12.753291256842491,1416.738030883814,30.846375261475817,12.501,41.899,Esquilino
1257,136.06714516166738,Private room,False,True,3.0,True,1,0,10.0,98.0,1,5.416697481045142,0.6330517852586918,261.58598463503057,5.796797071111377,645.8623707850159,14.062242011017824,12.43754,41.89451,
1908,210.8806957660206,Entire home/apt,False,False,4.0,False,0,1,10.0,91.0,1,1.4697159978206995,1.251109558548813,280.02423063622643,6.205392243231503,773.6722549450524,16.845022993093092,12.51951,41.89792,
3734,368.9243214177168,Private room,False,True,2.0,True,0,1,10.0,94.0,1,1.9555259726923733,0.9939606501410632,1282.6959617155685,28.424795787027275,1992.13626564716,43.374414664235736,12.479,41.898,Pigna
3890,109.41481775886656,Private room,False,True,2.0,False,0,0,9.0,94.0,1,3.705150751730981,0.4348565843193705,169.66403511510703,3.759788519252658,543.9095545909113,11.84244219006876,12.524,41.93,
798,161.5505108362752,Private room,False,True,3.0,False,0,1,10.0,93.0,1,3.255536441971769,0.2849697507115022,208.6369653266148,4.62343634816024,604.2430858697962,13.156073013910955,12.525,41.877,
1510,392.06976363593856,Entire home/apt,False,False,6.0,False,0,1,10.0,80.0,2,2.643957817623804,1.198880949457439,812.6001457844425,18.007379682975284,1864.5133397435577,40.59570428971846,12.47039,41.90108,Ponte
1582,530.2410399083534,Entire home/apt,False,False,6.0,True,1,0,10.0,99.0,3,2.8422441474147484,1.1823521143349864,734.159769729528,16.26912546111239,1715.4086205857916,37.34927480160189,12.468,41.901,Ponte
2813,205.03588712505552,Entire home/apt,False,False,4.0,True,1,0,10.0,100.0,1,4.715901866076214,1.2737620831546266,238.66172472842013,5.288790945059012,662.7353673965229,14.429614647255637,12.468,41.867,
2141,148.691931826152,Private room,False,True,2.0,False,0,1,10.0,96.0,1,3.0837108353333145,0.92621942413952,462.943095496112,10.258910406867878,1248.2872002784377,27.178726464951865,12.475,41.882,Testaccio
1132,158.97879503425057,Entire home/apt,False,False,3.0,False,0,1,9.0,94.0,1,0.9249831756489152,0.6562470668343422,477.4618761160688,10.580649452219635,1248.7628606250992,27.1890829297536,12.4966,41.90805,Sallustiano
4239,102.63483973534706,Private room,False,True,2.0,True,0,0,9.0,94.0,1,2.0425184700738463,0.4735248212794245,229.6202572521252,5.088430240496567,651.0954005184423,14.176179800074726,12.52453,41.90868,
1265,175.34425922895284,Private room,False,True,2.0,False,1,0,10.0,100.0,1,3.69722187142432,0.2090603134725245,174.06231739538146,3.857255323048696,513.6732568822034,11.184112869256596,12.5193,41.93162,
2119,122.27339676898976,Private room,False,True,2.0,False,0,1,10.0,96.0,1,1.68547260178904,0.3659683895395111,333.15632426949907,7.382809929370506,819.673098595599,17.846590858610217,12.513,41.888000000000005,Esquilino
1797,148.691931826152,Private room,False,True,2.0,False,0,1,10.0,96.0,1,3.083731907272714,0.9262084847161278,462.93622543548,10.258758164967745,1248.2464470732775,27.17783915294917,12.475,41.882,Testaccio
4329,243.144039464148,Entire home/apt,False,False,4.0,False,1,0,9.0,92.0,1,1.2076803792914133,0.299718633074391,928.1259296282908,20.56745386415978,1714.7467341786703,37.33486367120978,12.49,41.895,Monti
1907,219.0634278633717,Entire home/apt,False,False,4.0,True,1,0,10.0,99.0,1,3.513378493913847,0.2938253082813661,515.4172764994651,11.421748619219375,1328.647855238642,28.92840415068044,12.461,41.908,Prati
3859,76.21630467818483,Private room,False,True,4.0,False,0,1,9.0,92.0,1,2.150005526707508,0.4389415000089219,342.4554238922511,7.58887981316933,833.3252287525228,18.14383616491168,12.508,41.882,
3496,172.7725434269282,Entire home/apt,False,False,2.0,False,0,0,10.0,100.0,1,1.1687110386592408,1.10845807871603,306.5476168128169,6.79315571809401,871.4280130795684,18.97344104473968,12.51609,41.89894,
3761,375.7042994412363,Entire home/apt,False,False,6.0,False,0,0,9.0,95.0,2,2.7609233372142823,1.304576553629473,768.8376772707627,17.037594739570746,1959.4438419963944,42.66260856730366,12.469,41.9,Ponte
2947,112.92170294344562,Private room,False,True,2.0,True,0,1,10.0,100.0,1,4.377760540609223,0.5868161090424524,385.3022695023184,8.538374372235008,894.9167002024012,19.484855887565843,12.45157,41.91182,
375,107.31068664811912,Private room,False,True,2.0,True,0,1,10.0,95.0,1,0.5414727566348845,0.2494121479717231,572.0439795811767,12.676607540765747,1270.1776027803892,27.655342152171546,12.502,41.896,Esquilino
1948,195.91798564515,Entire home/apt,False,False,4.0,False,1,0,9.0,100.0,1,1.2936206704378863,1.170586256554408,296.46672882191194,6.56976124968848,828.0125129446259,18.02816338568535,12.51739,41.89811,
3187,228.1813293432773,Entire home/apt,False,False,2.0,False,0,1,8.0,100.0,1,2.594281915409934,1.5661830484638397,768.3283881138514,17.02630879129163,2307.8610895510324,50.24863289315326,12.47201,41.89495,Regola
2448,196.8531550277044,Entire home/apt,False,False,5.0,False,0,1,9.0,98.0,2,3.652981154597956,0.2625225124251974,565.094492497322,12.522605534772874,1452.7203539723928,31.62981173072734,12.459,41.907,Prati
1452,158.97879503425057,Entire home/apt,False,False,3.0,True,1,0,10.0,94.0,1,2.1766257972164,0.1661256103420073,303.8417375936663,6.733192900306818,799.2645805295405,17.402239967285922,12.513,41.883,
4156,138.40506861805343,Private room,False,True,2.0,False,1,0,10.0,100.0,1,7.195449358317901,1.483575125103822,160.9977165945085,3.567741189623683,394.153563823668,8.581832685587031,12.419,41.919,
488,178.61735206789328,Private room,False,True,4.0,False,0,0,10.0,80.0,1,2.083435921183692,0.051230774485863,231.01315346719736,5.119297095657627,677.5773065472232,14.752765444841614,12.52099,41.91335,
3519,92.11418418160989,Private room,False,True,2.0,False,1,0,2.0,20.0,1,1.6806680619485783,0.4418421371525534,263.5278709489872,5.839829655264844,717.9290611471531,15.631336738697494,12.51517,41.91252,
100,139.57403034624645,Entire home/apt,False,False,3.0,False,0,0,10.0,92.0,2,5.4650001035936455,1.202185826519231,124.15428170155538,2.751283397455897,354.03183461141185,7.708269691976629,12.54182,41.9402,
1509,242.4426624272321,Entire home/apt,False,False,2.0,False,0,1,10.0,100.0,0,1.31219914049986,0.1572354607078134,828.6492921619349,18.36303193569321,2012.4160208892567,43.81596202639583,12.487,41.904,Colonna
3515,322.8672293269118,Entire home/apt,False,False,6.0,False,0,0,10.0,80.0,2,2.4654719186892904,1.496710758074684,768.7666716944973,17.03602124198026,2174.1601314789355,47.33758664775959,12.474,41.894,Regola
1027,219.0634278633717,Entire home/apt,False,False,3.0,False,1,0,9.0,85.0,1,1.013162934098618,0.062485866021345,868.5603445225108,19.247468736661546,1699.9055795942236,37.01172995583982,12.49286,41.89504,Monti
247,149.860893554345,Private room,False,True,2.0,False,1,0,10.0,100.0,1,6.002584870998408,3.147922357653438,191.996368262656,4.254677431445009,523.905184722038,11.40689074273472,12.4442,41.86865,
1620,213.21861922240663,Entire home/apt,False,False,4.0,True,0,0,10.0,95.0,1,2.7776283844704976,1.4886832405074295,762.4336663312278,16.89568059264328,2065.3305561528764,44.96806042140394,12.469,41.898,Parione
545,129.28716713814788,Private room,False,True,2.0,False,0,1,10.0,89.0,1,2.441259435041484,0.1149482860338008,229.6826225376055,5.089812267537183,666.0163024072049,14.501049838760222,12.527,41.889,Pigneto
1118,184.4621607088584,Entire home/apt,False,False,2.0,False,1,0,9.0,93.0,1,6.474580390029111,4.147198065445552,146.66992131671603,3.2502344171653985,369.29282373221616,8.040544387100018,12.45672,41.94821,
1780,216.7255044069857,Entire home/apt,False,False,2.0,False,0,0,10.0,97.0,1,2.624696572805429,1.004508521759249,244.35122974886988,5.414871499736405,647.3540032083321,14.094719048041451,12.5038,41.92447,
1828,190.07317700418488,Entire home/apt,False,False,4.0,False,0,1,10.0,92.0,1,1.1133618182983498,0.8681502038617231,328.7506766625968,7.28517990848207,949.4779233720204,20.672807313959947,12.51428,41.896440000000005,
2000,267.69223575620134,Entire home/apt,False,False,4.0,True,0,0,10.0,98.0,2,4.109968215381375,1.1855612445213053,294.2460194200356,6.52054989085155,841.9256434403164,18.33109140411669,12.46817,41.87403,
2087,227.01236761508423,Private room,False,True,2.0,True,0,1,9.0,93.0,1,2.778252819384852,1.5367797321278585,742.1969165883387,16.447230222482727,2066.069751549,44.98415478612298,12.46913,41.89722,Regola
2847,66.86461085264068,Private room,False,True,2.0,False,0,1,8.0,77.0,1,2.9083030547269275,0.6878645792696988,191.3209789424001,4.239710670748783,537.6713175463184,11.706618208039062,12.53623,41.90727,
2969,210.1793187291048,Entire home/apt,False,False,4.0,False,1,0,10.0,97.0,2,0.3357759306245838,0.4512687992452009,418.7835535237531,9.280326237214664,1108.4934594349158,24.13502318653088,12.505999999999998,41.902,Castro Pretorio
724,162.48568021882963,Entire home/apt,False,False,5.0,True,0,0,9.0,93.0,2,3.360435040253061,0.4388501648279858,505.3187934321678,11.19796424044675,1282.964717034027,27.93375362710952,12.463,41.90832,Prati
847,268.39361279311714,Entire home/apt,False,False,6.0,True,1,0,9.0,90.0,2,3.4403632814803364,0.7912159859636326,222.6445796978108,4.933847848506855,587.6692429145966,12.795213794933172,12.51482,41.87136,
3696,238.70198489701448,Entire home/apt,False,False,5.0,True,1,0,10.0,94.0,3,2.909143016593028,0.5418790475279996,565.6615974526372,12.53517269256067,1477.7923400915024,32.175699449925574,12.46813,41.90689,Prati
2754,115.25962639983166,Entire home/apt,False,False,2.0,True,0,0,10.0,99.0,1,5.437935004839528,0.4828695959109357,123.2533585189684,2.731318761837506,371.6462889842161,8.091785950992211,12.56591,41.8893,
3984,311.17761204498163,Private room,False,True,2.0,True,1,0,10.0,95.0,1,0.7703256966634994,0.4250114647426765,532.6109635169364,11.802764118515116,1341.4587298939873,29.20733295645266,12.496,41.906000000000006,Sallustiano
2353,276.57634489046825,Entire home/apt,False,False,6.0,False,1,0,8.0,84.0,2,1.836450014965546,0.1384319063473657,914.4423303804924,20.26422260292623,1802.8202982127143,39.25247310046674,12.48129,41.90618,Campo Marzio
3078,162.251887873191,Entire home/apt,False,False,3.0,True,0,0,9.0,93.0,1,5.424040270353104,2.904290452798621,225.1504427072589,4.989378267592732,614.7057696844374,13.383875094573147,12.44683,41.875,
2312,469.22123769667775,Entire home/apt,False,False,6.0,False,1,0,9.0,94.0,2,2.593690143599041,1.5621392088283268,770.8738372471929,17.082716446699486,2329.555343850153,50.720977881810825,12.472,41.895,Regola
445,177.68218268533886,Private room,False,True,3.0,False,1,0,10.0,100.0,1,4.9657311715569,1.2036730327653884,222.24772330011376,4.925053432372399,625.6155847305508,13.621412480885686,12.46833,41.86405,
864,1383.11551679798,Entire home/apt,False,False,3.0,False,1,0,10.0,100.0,1,2.058381044559334,0.341332007903987,677.7732676963991,15.01958944223164,1566.8899047960938,34.11560425649517,12.47933,41.90796,Campo Marzio
369,148.691931826152,Entire home/apt,False,False,4.0,False,0,1,9.0,76.0,2,5.973923776769608,0.1540407456538338,169.99938525977998,3.767219944675351,470.9415906438522,10.253724199225603,12.4761,41.85077,San Paolo
2684,119.93547331260372,Private room,False,True,2.0,True,0,1,9.0,96.0,1,3.33245795752838,1.3038805123751,444.2992071083074,9.845758158855276,1165.620744986267,25.3788450148241,12.47,41.883,
774,80.65835924531831,Private room,False,True,2.0,False,1,0,9.0,81.0,1,3.742984006390184,0.4911583623299174,302.7573912724268,6.709163571717973,1115.8312772028842,24.2947881363924,12.479,41.872,
1023,126.71545133612324,Entire home/apt,False,False,4.0,False,0,0,9.0,93.0,2,3.735558684168361,0.2892229057962781,170.01438887767418,3.767552427810434,516.3395863505239,11.24216636789758,12.52259,41.93087,
158,124.6113202253758,Private room,False,True,2.0,False,0,0,10.0,94.0,1,4.298038853907942,0.3628692480668092,509.98530398360646,11.30137503569494,1015.9910366926588,22.12098503529744,12.45154,41.90875,
2750,222.33652070231216,Entire home/apt,False,False,4.0,False,1,0,9.0,92.0,1,0.8724946815677652,0.1156841524045221,775.989892998876,17.19608925235028,1853.4984248746644,40.35587858439232,12.494000000000002,41.896,Monti
1845,172.7725434269282,Entire home/apt,False,False,3.0,False,1,0,10.0,96.0,1,4.598252820149932,0.3611349615007046,424.0441562148923,9.3969022315854,804.3360460781685,17.512660049212457,12.44689,41.90263,
1874,71.54045776541275,Private room,False,True,2.0,True,1,0,10.0,96.0,1,3.8268782047290486,0.3073312789271045,269.1612001079451,5.9646653417593445,721.8768321918095,15.71729082790472,12.4859,41.86866,Garbatella
704,311.17761204498163,Entire home/apt,False,False,6.0,True,0,1,10.0,97.0,2,0.8754524753549348,0.4640249104895639,748.7597277860672,16.592663414487745,1783.9385381469076,38.84136402885971,12.492,41.899,Monti
1303,317.0224206859467,Entire home/apt,False,False,4.0,True,0,0,10.0,98.0,1,2.9135945836387376,1.636388872794551,659.9751733906246,14.625180158083545,1749.2222986851627,38.08549376437885,12.46765,41.89642,Regola
4476,297.383863652304,Entire home/apt,False,False,2.0,True,0,1,10.0,96.0,1,2.3473180206879736,1.3133730045888083,776.6697682051737,17.211155421166957,1994.2222174491567,43.41983170723107,12.476,41.893,Regola
2667,133.72922170528136,Private room,False,True,2.0,False,1,0,10.0,97.0,1,6.04222413651254,1.0391489871535136,157.64985164679857,3.4935518413279847,428.6684258738582,9.333318396910856,12.48781,41.84756,Tor Marancia
1293,192.6448928062095,Entire home/apt,False,False,4.0,False,0,1,9.0,91.0,2,1.5897469888302018,0.4519685259139544,263.31335325360345,5.835075900777436,736.7947004535083,16.04209481598892,12.517,41.91,
841,169.49945058798772,Entire home/apt,False,False,4.0,True,0,1,10.0,97.0,1,1.3237852910895709,1.217771593522984,290.1852790999644,6.430563083543142,794.7641300324093,17.304252490523123,12.518,41.899,
3896,112.92170294344562,Private room,False,True,2.0,False,0,1,10.0,92.0,1,3.1019780664818475,1.681907106752314,526.1845053701497,11.660352537042629,1991.335224680461,43.35697374734076,12.46897,41.88816,Trastevere
1125,169.49945058798772,Entire home/apt,False,False,4.0,True,0,1,10.0,96.0,1,1.3237908491960608,1.2177557334865716,290.18410763149177,6.430537123570475,794.7599323803591,17.304161095820973,12.518,41.899,
1794,253.6646950178851,Entire home/apt,False,False,6.0,False,0,0,10.0,100.0,2,3.892970931555948,1.3828668236137147,279.6901115746363,6.197988098853011,691.6219181560389,15.05855617724466,12.467,41.924,
1358,306.9693498234868,Private room,False,True,2.0,True,0,1,9.0,95.0,1,2.893163236952083,1.557278333389181,682.336872376409,15.120719823049638,1869.7059424355111,40.70876186827434,12.46772,41.89728,Regola
365,210.8806957660206,Entire home/apt,False,False,3.0,False,1,0,10.0,92.0,1,2.284265551256079,0.3273348491157393,272.21248049482404,6.032282317624766,749.035984805395,16.30862203737308,12.51757,41.883790000000005,
932,103.80380146354008,Private room,False,True,2.0,True,0,0,9.0,97.0,1,5.983138158223192,1.305413690871108,156.9373989022669,3.477763747831429,422.4849004197106,9.19868564022645,12.49109,41.84766,
2969,210.1793187291048,Entire home/apt,False,False,4.0,False,1,0,10.0,97.0,2,0.3357759306245838,0.4512687992452009,418.7835535237531,9.280326237214664,1108.4934594349158,24.13502318653088,12.505999999999998,41.902,Castro Pretorio
2765,231.6882145278564,Entire home/apt,False,False,5.0,False,0,1,10.0,87.0,1,2.2647106249540108,0.822565788402169,928.6438556658558,20.578931207419576,2074.881515670721,45.17601169748482,12.475,41.902,Campo Marzio
2855,182.1242372524724,Entire home/apt,False,False,4.0,True,1,0,10.0,100.0,2,4.205321075930013,0.1410447540503269,245.5026300336923,5.4403867573984215,663.2899160730443,14.441688733080852,12.48409,41.86553,Garbatella
1058,224.67444415869824,Entire home/apt,False,False,3.0,True,1,0,10.0,96.0,1,2.89233437424103,1.7127177761429766,601.4104539731483,13.327374411864588,2929.10828296247,63.77493319734791,12.47,41.891000000000005,Trastevere
3709,242.20887008159352,Entire home/apt,False,False,6.0,False,1,0,9.0,90.0,2,2.623843350195457,1.653889225984766,734.5642094850916,16.278087925954544,2058.104001332701,44.810717979137685,12.472,41.894,Regola
709,80.65835924531831,Private room,False,True,2.0,True,1,0,10.0,97.0,1,2.7608954378742734,0.2178175440804367,213.0434477023449,4.72108486769073,608.0688117420952,13.239369836140575,12.52974,41.88688,Pigneto
2350,251.09297921586045,Entire home/apt,False,False,4.0,True,0,1,10.0,98.0,2,2.393180995284001,0.3394368914288632,299.1714898804981,6.629699288816776,748.4775967604558,16.29646435768902,12.51094,41.88033,
344,178.8511444135319,Entire home/apt,False,False,4.0,False,0,1,10.0,94.0,1,1.1291713504736651,0.5747331669886984,680.7827401165343,15.08627994529881,1170.1624189611186,25.47773004274713,12.499,41.891000000000005,Monti
2421,152.19881701073106,Private room,False,True,3.0,False,0,1,10.0,93.0,1,0.5319754645996089,0.4064010243033778,502.8523260797711,11.14330683690002,1343.2233197150374,29.2457530444408,12.499,41.905,Castro Pretorio
3563,282.1873611857948,Entire home/apt,False,False,6.0,False,0,1,8.0,85.0,2,2.9359693123942074,1.186820271493817,713.0718828261101,15.801813723412778,1665.0930183812095,36.25376249567372,12.46687,41.90089,Ponte
1507,165.05739602085427,Entire home/apt,False,False,5.0,True,1,0,9.0,97.0,2,6.643641638737555,0.3134770506625874,112.7276756375262,2.49806755083046,370.644818804372,8.069981125888887,12.56086,41.86015,
2487,153.36777873892407,Private room,False,True,2.0,False,0,1,9.0,90.0,1,3.092697495303132,1.1819933764035495,648.3582812759863,14.367747535003575,1499.422018035854,32.64663842954774,12.465,41.9,Ponte
1533,254.59986440043951,Entire home/apt,False,False,5.0,False,1,0,9.0,94.0,2,2.4655033914273554,1.4967455996286207,768.7610008353096,17.03589557462092,2174.0979552205963,47.336232895580096,12.474,41.894,Regola
2143,122.27339676898976,Private room,False,True,2.0,False,0,1,10.0,89.0,1,1.6854697672625578,0.3659844763327423,333.1551414514951,7.382783717889985,819.6729455449046,17.84658752626574,12.513,41.888000000000005,Esquilino
4454,305.33280340401654,Entire home/apt,False,False,4.0,True,0,0,10.0,98.0,1,2.9693100404251385,1.7876676196465109,579.5745722623045,12.843486961536705,2950.275271148756,64.23579811839622,12.469,41.891000000000005,Trastevere
755,193.58006218876392,Entire home/apt,False,False,4.0,False,0,1,9.0,91.0,1,4.489011199704487,0.1863764997042922,436.7055578618516,9.677481392145785,886.8420282968397,19.309047548774465,12.44916,41.90863,
3720,264.8867276085381,Entire home/apt,False,False,4.0,False,0,1,8.0,80.0,1,3.906373951797081,1.4995494714376398,273.28972486758295,6.056154265632962,681.1727518995993,14.83104841187846,12.468,41.925,
295,117.5975498562177,Private room,False,True,2.0,False,1,0,10.0,100.0,1,3.599654026826125,0.3693853096663482,174.8794464864847,3.875363065054201,528.7394234276759,11.512145728460368,12.52166,41.92985,
993,165.9925654034087,Private room,False,True,3.0,True,0,1,10.0,95.0,1,2.8278786437445134,0.3427222988476425,417.6135328425998,9.254398347893254,995.6090809332932,21.677212480166705,12.47419,41.91532,
553,167.1615271316017,Entire home/apt,False,False,4.0,False,0,1,9.0,93.0,1,1.2323696511002935,0.0747839846497316,801.6992955199594,17.765814688681175,1831.174696947972,39.86982818280024,12.488,41.904,Colonna
3281,218.82963551773312,Entire home/apt,False,False,4.0,False,0,0,9.0,90.0,1,5.34167108357287,0.2968611821738174,210.7892004138584,4.671130302664278,534.0561670724173,11.62790620503376,12.475,41.85731,San Paolo
1366,195.91798564515,Entire home/apt,False,False,2.0,True,0,0,10.0,98.0,1,1.1154638786787583,0.8342524212402914,331.6998827213802,7.350534897081755,974.085005822285,21.208572771514174,12.514,41.896,
3243,161.5505108362752,Entire home/apt,False,False,2.0,False,1,0,10.0,94.0,1,1.4479320953120194,0.3122443816445975,466.2457009255175,10.332096795301208,973.0256705623876,21.18550806071925,12.505,41.888000000000005,Esquilino
3515,322.8672293269118,Entire home/apt,False,False,6.0,False,0,0,10.0,80.0,2,2.4654719186892904,1.496710758074684,768.7666716944973,17.03602124198026,2174.1601314789355,47.33758664775959,12.474,41.894,Regola
1816,280.0832300750473,Entire home/apt,False,False,4.0,False,0,1,10.0,94.0,1,2.5936796964037674,1.5621256838277933,770.8820938122967,17.08289941381249,2329.6345583942475,50.72270260543655,12.472,41.895,Regola
2096,317.95759006850113,Private room,False,True,2.0,False,0,1,10.0,100.0,1,2.248750763995103,1.3312976177797309,900.0068925216656,19.944330449617603,2015.6579717738368,43.88654842372903,12.47637,41.89487,Sant'Eustachio
1379,216.7255044069857,Entire home/apt,False,False,4.0,False,1,0,9.0,93.0,1,4.8820643012040215,0.4406928360012087,322.88877630789403,7.155279039157218,730.8439972714451,15.912531255597258,12.445,41.911,
1125,169.49945058798772,Entire home/apt,False,False,4.0,True,0,1,10.0,96.0,1,1.3237908491960608,1.2177557334865716,290.18410763149177,6.430537123570475,794.7599323803591,17.304161095820973,12.518,41.899,
686,161.5505108362752,Private room,False,True,2.0,False,1,0,10.0,98.0,1,2.066039571439453,0.0361491008493781,297.386063078702,6.590133878346579,756.6059559665982,16.473441620151807,12.51795,41.88644,
4248,230.5192527996633,Entire home/apt,False,False,6.0,False,0,1,10.0,95.0,3,2.8923448618556367,1.7127192232202633,601.4081477117297,13.327323304656169,2929.167492468152,63.7762223549702,12.47,41.891000000000005,Trastevere
4408,263.01638884342924,Entire home/apt,False,False,4.0,False,0,1,10.0,95.0,2,2.515560889734437,0.8600346885564196,662.942913907701,14.690945873938732,1590.8549554744989,34.637390874960694,12.47255,41.90541,Prati
1940,158.97879503425057,Entire home/apt,False,False,4.0,False,0,0,9.0,91.0,0,3.157085480911902,0.5634715868477908,236.38923764624627,5.238432182602899,618.7053965362161,13.47095823068327,12.51471,41.87402,
3939,147.522970097959,Private room,False,True,3.0,True,1,0,10.0,98.0,1,1.605851563282063,0.4291730189886018,317.87208765448315,7.044108228024719,808.2780704296657,17.598489016731808,12.515,41.89,Esquilino
2144,90.01005307086245,Private room,False,True,3.0,False,0,1,10.0,89.0,1,1.6854643656895785,0.3659675618022228,333.15737863782886,7.382833294380885,819.6749601084103,17.84663138898456,12.513,41.888000000000005,Esquilino
3058,299.72178710869,Entire home/apt,False,False,4.0,False,0,0,9.0,87.0,1,2.677981066585212,1.289697041370104,831.3057164250743,18.42189882189004,2366.085676215964,51.51634605575563,12.47,41.9,Ponte
3217,251.09297921586045,Entire home/apt,False,False,3.0,False,0,0,10.0,100.0,2,0.828461989051903,0.4282830785325904,549.7949499699489,12.183564651387016,1310.7180896718291,28.538022679323188,12.495,41.906000000000006,Sallustiano
231,161.5505108362752,Private room,False,True,4.0,False,1,0,10.0,82.0,1,1.0142967553437705,0.4989718055879275,383.6184647663916,8.501060926810315,1088.7420120787829,23.70497857431383,12.502,41.91,
3639,219.0634278633717,Entire home/apt,False,False,2.0,False,1,0,10.0,92.0,1,5.413981392051137,0.1834576470862588,194.66419077160472,4.313796905019619,536.8347389260684,11.688403536382468,12.47992,41.85508,San Paolo
2968,216.7255044069857,Entire home/apt,False,False,4.0,False,1,0,10.0,90.0,2,1.0844898514461152,0.8799356096067631,328.38219763612847,7.277014340497311,932.4356423892206,20.301748880398303,12.51422,41.89696,
866,285.9280387160124,Entire home/apt,False,False,4.0,False,0,1,9.0,91.0,1,3.0153860272459574,1.3198565878991788,657.3756678139666,14.567574601218054,1605.0634521296397,34.94674984618311,12.466,41.899,Ponte
1037,228.1813293432773,Entire home/apt,False,False,5.0,False,1,0,9.0,97.0,1,4.4757436168253735,2.2513839642237863,223.872183808426,4.961051797995308,582.1997990488967,12.676128604675588,12.468,41.932,
121,126.71545133612324,Private room,False,True,2.0,False,1,0,10.0,99.0,1,5.275204585969057,0.4418549487283053,136.45236493201833,3.023811350167492,404.3164598093822,8.803107541265973,12.5478,41.86776,Quadraro
769,161.5505108362752,Private room,False,True,5.0,False,0,1,9.0,80.0,2,0.1900499040965631,0.2367187908539769,476.88785078429,10.567928937522945,1232.6817995691372,26.83895295997685,12.50319,41.90243,Castro Pretorio
1798,153.36777873892407,Private room,False,True,3.0,False,0,1,10.0,94.0,1,3.083714312833276,0.9262166574039792,462.9417854147711,10.25888137520668,1248.2796078961703,27.17856115741622,12.475,41.882,Testaccio
1985,443.97166436770857,Entire home/apt,False,False,6.0,True,1,0,10.0,98.0,3,3.459856052890771,0.345553802951044,488.0986179271994,10.816361751037777,1270.9161437734997,27.67142226869475,12.462,41.909,Prati
1360,193.58006218876392,Entire home/apt,False,False,6.0,True,1,0,10.0,96.0,2,1.6908695975675292,0.3470921497943006,257.8906847029659,5.714908494959419,747.8127220392703,16.281988163287174,12.517,41.91137,
3682,403.2917962265915,Entire home/apt,False,False,4.0,False,1,0,10.0,100.0,2,1.9245856513930748,0.9855619369022208,271.828143977415,6.023765344509611,733.3012467932131,15.966032495210522,12.50857,41.91754,
998,167.1615271316017,Entire home/apt,False,False,2.0,False,0,0,10.0,98.0,1,5.228532970781806,2.41666690514796,225.074901168102,4.987704252168921,619.6676123183211,13.49190837704082,12.45396,41.87065,
3883,90.94522245341687,Private room,False,True,2.0,False,0,0,9.0,94.0,1,3.705149711174037,0.4348789826118739,169.66385751309144,3.759784583556925,543.8256341202812,11.840615005174486,12.524,41.93,
949,334.0892619175648,Entire home/apt,False,False,6.0,False,0,1,9.0,89.0,3,0.6143700914972263,0.0616837066898851,646.9463738944291,14.336459388639348,1699.965515482596,37.01303492885816,12.495,41.902,Castro Pretorio
1066,400.01870338765104,Entire home/apt,False,False,6.0,False,0,1,9.0,92.0,2,2.677973714029089,1.289697019437892,831.315146146558,18.422107786380067,2365.770780277538,51.50948988469703,12.47,41.9,Ponte
2111,153.36777873892407,Private room,False,True,3.0,False,0,1,10.0,91.0,1,3.08371910081116,0.9262355256015818,462.9441401957004,10.25893355761704,1248.2895594207916,27.17877783012225,12.475,41.882,Testaccio
1426,126.71545133612324,Private room,False,True,2.0,True,1,0,10.0,91.0,1,4.695540892946953,0.2808188121547745,362.6495424535288,8.036385467927616,792.8266684302006,17.262068497199284,12.447,41.91,
4425,147.28917775232037,Entire home/apt,False,False,4.0,False,0,1,9.0,86.0,1,4.234574684204516,2.36163318722894,214.51593792128955,4.75371554169388,541.9023724330766,11.79874018397517,12.477,41.934,
609,168.3304888597947,Entire home/apt,False,False,2.0,False,0,0,10.0,92.0,1,2.9584711241440256,1.622755947844672,642.0457672240819,14.227860977172568,1677.3861254322478,36.52141804310704,12.46712,41.89634,Regola
3541,103.80380146354008,Private room,False,True,3.0,False,0,0,6.0,100.0,1,1.899512076506296,0.4490601468384809,238.60082986856605,5.287441502940618,687.4245006834652,14.967166582509694,12.52214,41.90933,
172,259.2757113132116,Entire home/apt,False,False,4.0,False,0,1,9.0,81.0,1,2.4080433119852898,0.9058288013723657,824.3642720303319,18.268075043475967,1829.9847379782148,39.843919426116415,12.47332,41.90257,Campo Marzio
4020,126.71545133612324,Private room,False,True,2.0,False,0,1,10.0,94.0,1,3.546443694792336,0.2627149901322508,482.4887146928101,10.692045187657296,1231.02166048511,26.80280705857814,12.46101,41.90925,Prati
144,305.5665957496551,Entire home/apt,False,False,6.0,False,0,1,9.0,88.0,2,2.513442425493828,1.5155085130676818,799.7850004416682,17.723393531758095,2260.160768918869,49.21006262946485,12.473,41.895,Regola
2697,110.5837794870596,Private room,False,True,2.0,False,0,0,10.0,100.0,1,5.476929014281137,1.18387252723576,172.73509326505348,3.827843774252884,489.9641619404016,10.66789912773055,12.49147,41.85223,Tor Marancia
1195,163.65464194702264,Private room,False,True,2.0,False,0,1,8.0,70.0,1,0.527386927439662,0.2434944280771714,650.1700975380465,14.407897741123968,1614.6669350782065,35.15584470521212,12.496,41.9,Castro Pretorio
3471,290.3700932831459,Entire home/apt,False,False,4.0,False,0,0,10.0,100.0,1,7.561143117448051,0.1643820921187076,100.95695759446492,2.2372261148028585,319.2783564226621,6.951588635576298,12.56674,41.85281,Appio Claudio
4215,172.7725434269282,Entire home/apt,False,False,5.0,False,1,0,9.0,88.0,1,1.1733843386757778,0.7926393552453511,331.9654739161378,7.356420450400032,913.8482709486352,19.897049477910286,12.514,41.895,
1374,161.5505108362752,Entire home/apt,False,False,2.0,False,0,0,10.0,92.0,1,3.3085449432759755,0.1110708164029991,359.4495026739559,7.965471954546732,995.6369633500836,21.6778195588734,12.48094,41.8757,
2510,161.5505108362752,Entire home/apt,False,False,4.0,False,1,0,10.0,93.0,1,4.331349329833179,1.1083723701811143,390.5881339956784,8.655510173131036,846.3220639270172,18.426813854692405,12.4507,41.89478,
1731,173.0063357725668,Entire home/apt,False,False,5.0,False,0,0,9.0,95.0,2,4.821362900955032,0.858071964591611,227.0014789710632,5.030397596695982,621.9003675948985,13.54052174495146,12.47371,41.86307,
66,86.50316788628339,Private room,False,True,2.0,False,0,1,9.0,90.0,1,0.2321698675660015,0.2843089931099316,575.5072024059556,12.753353242395344,1416.752846785925,30.84669784537375,12.501,41.899,Esquilino
555,158.97879503425057,Private room,False,True,2.0,False,0,1,9.0,90.0,1,1.7121641525388789,1.068153677796033,313.10431476551724,6.938453439382116,831.3132146830585,18.100028954499354,12.5034,41.91626,
2638,346.7140485820494,Entire home/apt,False,False,5.0,True,0,0,10.0,99.0,1,2.5530453723408764,0.6003362525165733,582.150259591248,12.900564701329795,1408.5720343219227,30.6685785278236,12.473,41.908,Prati
708,189.1380076216305,Entire home/apt,False,False,2.0,False,0,1,9.0,93.0,1,2.404320210175392,1.4132522298421208,879.5371846889064,19.490717682186663,2271.0861425652465,49.4479387703049,12.47417,41.89554,Parione
4033,178.8511444135319,Entire home/apt,False,False,4.0,False,0,0,9.0,85.0,1,5.270077885462714,2.538372351286068,225.2931556000775,4.992540813477044,618.7116156528923,13.471093638361054,12.45217,41.87171,
2141,148.691931826152,Private room,False,True,2.0,False,0,1,10.0,96.0,1,3.0837108353333145,0.92621942413952,462.943095496112,10.258910406867878,1248.2872002784377,27.178726464951865,12.475,41.882,Testaccio
112,184.4621607088584,Private room,False,True,2.0,False,0,1,10.0,94.0,1,1.8957725978867497,1.0629444744872298,1145.120370358907,25.37609351750242,1854.083247803417,40.36861182591514,12.48,41.897,Pigna
2683,172.7725434269282,Entire home/apt,False,False,2.0,False,0,0,10.0,100.0,1,2.961496315518976,1.5147859675634228,558.7354270327859,12.381687388446116,2338.060773771365,50.90616503525106,12.470999999999998,41.888000000000005,Trastevere
985,228.4151216889159,Entire home/apt,False,False,3.0,False,0,0,9.0,87.0,0,4.265062927620708,1.3165527489139166,280.8707265005139,6.224150758729404,791.8092807523171,17.23991710335351,12.46681,41.87307,
1887,92.11418418160989,Private room,False,True,2.0,False,0,1,10.0,95.0,1,0.716728014746665,0.1474900406643433,548.0865362604221,12.145705866248168,1222.773004692876,26.62321060078328,12.50239,41.89442,Esquilino
3877,119.93547331260372,Private room,False,True,3.0,False,0,1,10.0,93.0,1,2.4133479522237256,0.1101011094084006,282.4220146144262,6.258527609644116,747.287412980781,16.270550706260416,12.514,41.881,
4392,126.71545133612324,Private room,False,True,2.0,False,1,0,8.0,80.0,1,3.894563761001533,1.3900512112725587,334.09004667894385,7.403501402332455,906.7679450071084,19.742890849988328,12.466,41.87861,
1526,357.23470413578656,Private room,False,True,3.0,False,1,0,10.0,100.0,1,3.0083574639482307,1.9108354623921973,577.2932814891573,12.792933107550285,2336.721141147565,50.87699746176505,12.468,41.892,Trastevere
3797,143.0809155308255,Entire home/apt,False,False,6.0,True,0,0,10.0,97.0,2,6.7828163008042885,0.5085196909146568,182.1038171985209,4.035456546524867,448.9641093519485,9.775212561608868,12.42073,41.90529,
2790,241.9750777359549,Entire home/apt,False,False,4.0,False,0,0,10.0,100.0,2,2.868948041003356,0.3475630836533773,203.51667673291453,4.509969741894547,560.023058696754,12.193278536373436,12.51969,41.92317,
1273,108.24585603067356,Entire home/apt,False,False,5.0,False,0,1,7.0,72.0,0,4.5734006519088135,1.9689493411916417,235.74287998930632,5.224108769298216,587.0523731799532,12.781782804229556,12.462,41.929,
2630,240.8061160077619,Entire home/apt,False,False,3.0,True,1,0,10.0,100.0,1,3.73133311045839,0.8162231691321404,256.8911157252706,5.69275784904327,707.0201640420686,15.393819338545295,12.493,41.868,Garbatella
854,95.62106936618896,Private room,False,True,2.0,False,1,0,9.0,94.0,1,5.9200825120787695,2.7569975593469787,191.9745551964077,4.254194049589837,542.5147623784281,11.812073637054624,12.44794,41.86633,
4071,311.17761204498163,Private room,False,True,3.0,True,1,0,10.0,94.0,1,0.770320197965597,0.4250104273010772,532.6100002715921,11.802742772808088,1341.4526961521062,29.207201584906024,12.496,41.906000000000006,Sallustiano
2184,136.06714516166738,Private room,False,True,2.0,False,0,1,10.0,90.0,1,1.1036485797785365,0.8150216710661004,444.2596571837731,9.844881724718244,1194.418222093217,26.00584716064113,12.497,41.91,Ludovisi
1215,167.1615271316017,Entire home/apt,False,False,2.0,False,0,0,10.0,94.0,1,3.124169377051248,1.9395228185935545,540.3426307499765,11.974099391059733,1985.379205306422,43.22729443848392,12.467,41.891000000000005,Trastevere
1760,184.4621607088584,Entire home/apt,False,False,2.0,True,0,0,10.0,97.0,1,4.245855643518684,1.43352470844984,288.47854162319265,6.392741444053128,792.6298716896835,17.257783678146012,12.46507,41.87462,
2248,207.60760292708017,Entire home/apt,False,False,6.0,False,0,1,9.0,90.0,2,4.882086661734596,0.4406963813768216,322.8862638911858,7.155223363506874,730.836557769377,15.912369276693926,12.445,41.911,
251,350.45472611226705,Entire home/apt,False,False,6.0,False,0,1,9.0,94.0,2,2.580070142557092,1.5599612966354757,699.4301790523538,15.499510874156494,1991.7308421157768,43.36558745262975,12.473,41.893,Regola
2744,207.60760292708017,Entire home/apt,False,False,4.0,True,1,0,9.0,93.0,1,2.892328211038747,1.7127138116493736,601.4119812625121,13.32740825689846,2929.067307963389,63.77404105626717,12.47,41.891000000000005,Trastevere
4072,311.17761204498163,Private room,False,True,2.0,True,1,0,10.0,91.0,1,0.7703224886824995,0.4250040479378668,532.613602533068,11.80282259963368,1341.4542034803724,29.207234403685728,12.496,41.906000000000006,Sallustiano
3759,186.8000841652444,Entire home/apt,False,False,5.0,False,0,1,9.0,90.0,2,3.28114030039602,0.9708140037949616,422.7182756424092,9.367520456296722,1117.885004372171,24.33950355841646,12.473,41.881,Testaccio
4350,187.96904589343745,Private room,False,True,4.0,False,1,0,10.0,97.0,2,7.485703972448218,0.4560023214576182,100.45110494214651,2.2260163201440792,310.2578188457398,6.755186138366278,12.57109,41.85735,
4258,222.33652070231216,Entire home/apt,False,False,2.0,True,1,0,10.0,96.0,1,2.2203467713857203,1.196987832443724,1150.8954089099504,25.504069512106835,2110.1045725925587,45.94291680483873,12.476,41.897,Sant'Eustachio
3368,121.10443504079676,Private room,False,True,2.0,False,0,0,10.0,100.0,1,0.3143504727575987,0.4599562483292678,477.7119342029349,10.58619078879994,1102.7484245590256,24.00993760415159,12.50447,41.89858,Esquilino
1142,172.7725434269282,Entire home/apt,False,False,4.0,False,1,0,8.0,77.0,1,4.251744231925008,1.313915450096939,282.4096267928809,6.258253093072627,801.612218822795,17.45335466188247,12.46679,41.87325,
820,325.9065298202137,Entire home/apt,False,False,4.0,False,1,0,10.0,98.0,1,2.580071043966797,1.5599453162625014,699.4205431767023,15.4992973412494,1991.7230363270248,43.36541749863415,12.473,41.893,Regola
409,131.3912982488953,Private room,False,True,2.0,False,0,0,9.0,85.0,1,1.1842214076771012,0.7951515577881261,483.5019161498225,10.714497932006925,1170.100005945395,25.47637113569286,12.49437,41.90976,Ludovisi
2077,218.82963551773312,Private room,False,True,3.0,True,1,0,8.0,80.0,1,1.1154609863316625,0.8342391019801115,331.7012447903197,7.350565080798402,974.1109368386456,21.209137362740027,12.514,41.896,
2594,152.19881701073106,Private room,False,True,2.0,False,0,1,10.0,80.0,1,4.1110471870166405,0.3904717746708488,404.9390931391117,8.973530261425756,995.9831660329668,21.685357365892017,12.455,41.912,
2889,103.80380146354008,Private room,False,True,3.0,False,0,1,9.0,89.0,1,0.6483945567128616,0.4401562686578162,450.5946344860907,9.9852660726139,1291.951351608902,28.12941796052296,12.50023,41.90651,Castro Pretorio
2481,184.4621607088584,Entire home/apt,False,False,4.0,False,1,0,10.0,99.0,1,1.11544404650334,0.8342292026479355,331.7026974739544,7.350597272554587,974.1202999986738,21.209341225092533,12.514,41.896,
393,133.72922170528136,Private room,False,True,2.0,False,0,0,10.0,93.0,2,3.178897310558595,0.3223417459739263,212.3165694202312,4.704977101432953,622.0401848947366,13.543565961175515,12.52448,41.87757,
3111,195.91798564515,Entire home/apt,False,False,4.0,False,0,0,10.0,97.0,1,2.381015510291632,0.1572242675780306,289.36367927097115,6.412356269103221,752.1303865975153,16.37599587559071,12.513,41.881,
4047,447.244757206649,Entire home/apt,False,False,6.0,True,0,0,10.0,97.0,3,2.655978374708748,1.6117033941379064,748.0604337047733,16.577166919566793,2126.883517885343,46.30824167909944,12.47128,41.89484,Regola
1178,178.8511444135319,Entire home/apt,False,False,4.0,False,1,0,10.0,97.0,1,3.2985172139107672,0.1686151799221634,208.8790683868207,4.628801399778991,600.0222191375046,13.064172862778763,12.52422,41.87613,
1020,178.8511444135319,Entire home/apt,False,False,4.0,False,0,0,9.0,90.0,1,5.110066358893304,2.3348478668318333,232.4932101916274,5.152095444916381,637.0655712723633,13.87071092132302,12.45467,41.87168,
2050,219.0634278633717,Entire home/apt,False,False,5.0,True,1,0,10.0,100.0,1,4.081433475729914,0.3457438396007481,669.87794704071,14.844627577526849,1380.812636140462,30.06417828256168,12.454,41.908,
3132,103.80380146354008,Private room,False,True,4.0,False,0,1,9.0,95.0,1,0.6487468878383287,0.2872577605996189,420.8164177228108,9.32537490926606,1137.8053609497103,24.77322579988821,12.5021,41.90671,Castro Pretorio
2240,92.11418418160989,Private room,False,True,2.0,False,1,0,10.0,93.0,1,3.9955809912832487,0.0991737170062446,164.14101116799367,3.637397218033008,468.9837607801882,10.211096731510189,12.521,41.934,
146,184.4621607088584,Private room,False,True,2.0,False,0,1,10.0,94.0,1,1.8957628598239125,1.0629341489191908,1145.120363015848,25.376093354778785,1854.077600723013,40.36848887307738,12.48,41.897,Pigna
3972,228.1813293432773,Entire home/apt,False,False,2.0,True,0,0,10.0,94.0,0,1.3400260841058895,0.1822068149326796,826.4780568673359,18.314916932842483,1789.970533032781,38.97269753849161,12.48675,41.90426,Colonna
1816,280.0832300750473,Entire home/apt,False,False,4.0,False,0,1,10.0,94.0,1,2.5936796964037674,1.5621256838277933,770.8820938122967,17.08289941381249,2329.6345583942475,50.72270260543655,12.472,41.895,Regola
4140,90.94522245341687,Private room,False,True,2.0,False,0,1,9.0,94.0,1,1.4024933476492376,0.2143448882035781,409.2797309015975,9.069719651325368,1107.689336394473,24.11751516421398,12.508,41.889,Esquilino
1851,230.5192527996633,Entire home/apt,False,False,4.0,False,1,0,9.0,95.0,1,2.5134434458412813,1.5155270470483724,799.7720869145954,17.723107365448314,2260.097001145384,49.208674225520255,12.473,41.895,Regola
2849,103.80380146354008,Private room,False,True,2.0,False,0,0,10.0,90.0,1,1.909331804533518,0.7866311525098033,451.0705927256008,9.99581340118203,885.4956085575795,19.279732200678133,12.50074,41.88372,Monti
2603,203.86692539686248,Entire home/apt,False,False,4.0,True,0,1,10.0,98.0,1,2.478107289607253,0.3281885754187224,573.5229772305532,12.709382420712195,1377.9272402784818,30.00135509182611,12.475,41.91,Campo Marzio
1376,103.80380146354008,Private room,False,True,2.0,False,0,1,9.0,91.0,1,3.931171296070146,1.5915032260699888,338.3127765189233,7.497077929387755,911.7626028084655,19.851638611031497,12.464,41.88,Monteverde
1208,288.2659621723985,Entire home/apt,False,False,5.0,False,0,1,9.0,96.0,1,2.285925333566734,1.3124634375569133,827.748722609853,18.34307513659664,1980.8317945918905,43.12828450558828,12.47628,41.89401,Sant'Eustachio
2141,148.691931826152,Private room,False,True,2.0,False,0,1,10.0,96.0,1,3.0837108353333145,0.92621942413952,462.943095496112,10.258910406867878,1248.2872002784377,27.178726464951865,12.475,41.882,Testaccio
4364,230.5192527996633,Entire home/apt,False,False,4.0,False,1,0,10.0,93.0,1,6.075302002808424,2.0511568761443737,112.92069222602392,2.5023448365437626,332.73747802204554,7.244631602232188,12.552,41.941,
1455,187.03387651088303,Entire home/apt,False,False,4.0,False,0,1,9.0,87.0,1,5.28295405556064,2.844979844320143,232.9514843869956,5.162250891574513,665.9998505045705,14.500691634525309,12.448,41.876000000000005,Monteverde
2485,274.2384214340822,Entire home/apt,False,False,5.0,False,1,0,10.0,98.0,1,1.6346834823165508,0.2728666650488799,984.1138202952596,21.808156576458405,1905.6680906321333,41.49175907333264,12.483,41.904,Colonna
3340,209.7117340378276,Private room,False,True,3.0,False,1,0,9.0,93.0,1,0.3392170569774693,0.2070465088161812,540.2182838544534,11.971343839301955,1284.8167664678422,27.97407795707942,12.49977,41.9033,Castro Pretorio
1463,226.77857526944567,Entire home/apt,False,False,4.0,False,0,1,9.0,93.0,1,2.710597477980485,1.50079040329281,784.8949553890023,17.39342719326929,2342.4812813657068,51.00241192996893,12.47,41.897,Parione
2793,103.80380146354008,Private room,False,True,2.0,False,0,1,9.0,93.0,1,0.8169279074652127,0.4691987390496995,424.99789061417295,9.41803717419359,1154.098030767552,25.12796308812133,12.50037,41.90809,Castro Pretorio
3725,218.82963551773312,Private room,False,True,2.0,False,1,0,10.0,93.0,1,0.5934343916177469,0.4655823557318426,465.2276338249139,10.309536227328854,1263.9887290336417,27.520592948101,12.49995,41.90593,Castro Pretorio
3294,126.01407429920744,Private room,False,True,3.0,True,0,1,10.0,100.0,1,4.115080556423867,1.02241763039613,309.0090032316317,6.847700527149304,767.3151681876283,16.706611318235367,12.459,41.919,
3962,103.80380146354008,Private room,False,True,4.0,False,0,1,10.0,94.0,1,3.03716792707797,0.9358062476371846,259.96290642251324,5.760829337436225,656.2181175661551,14.28771577141696,12.509,41.874,
1485,207.60760292708017,Entire home/apt,False,False,6.0,False,1,0,9.0,93.0,2,3.743307818440151,1.1104032889428177,343.3332330182837,7.608332236730478,946.0797479747648,20.598819469190463,12.46924,41.87791,Trastevere
1525,274.47221377972085,Private room,False,True,2.0,False,1,0,10.0,100.0,1,3.008377345962308,1.910847880487327,577.287676333555,12.792808896195371,2336.795187629492,50.87860966212848,12.468,41.892,Trastevere
2720,99.127954550768,Entire home/apt,False,False,2.0,False,0,0,10.0,100.0,0,7.508245714484121,1.8442578641438407,105.54363563980448,2.3388678059525256,297.4921517291014,6.477241627977677,12.54932,41.84316,
3081,158.97879503425057,Private room,False,True,2.0,True,1,0,10.0,98.0,1,4.2748677948137335,0.9439008673294368,434.3327516475125,9.624899537912322,889.3157018489402,19.36290638576417,12.451,41.897,
3360,240.8061160077619,Entire home/apt,False,False,4.0,False,0,0,10.0,96.0,2,1.129918021576518,0.6376099730205981,384.03938344001233,8.51038856773047,1250.3917129581243,27.22454763050613,12.501,41.911,
933,364.71605919622186,Entire home/apt,False,False,4.0,True,0,1,10.0,99.0,1,2.4781085450140226,0.328180539443486,573.5236776158197,12.709397941387993,1377.9183476568728,30.001161474419625,12.475,41.91,Campo Marzio
1148,152.19881701073106,Private room,False,True,4.0,False,0,1,10.0,100.0,1,5.750760891978387,0.2015010080245391,129.17391177234313,2.862519390978267,418.8386192052675,9.119295833361862,12.548,41.862,
1473,230.5192527996633,Entire home/apt,False,False,2.0,True,0,0,10.0,99.0,1,1.12742847077341,0.1532337579935959,793.6058556263574,17.586462462544496,1669.188797015079,36.34293912676158,12.48884,41.90251,Trevi
2171,173.0063357725668,Entire home/apt,False,False,2.0,False,0,1,9.0,93.0,1,2.649165992891692,1.5254867965592165,787.7410622272704,17.45649748278484,2284.297705231447,49.73559168207002,12.470999999999998,41.896,Regola
3222,196.15177799078856,Entire home/apt,False,False,6.0,False,1,0,10.0,100.0,2,5.320056759710681,0.6471611318623013,185.91789753682625,4.119977319932966,508.4689675251548,11.07080083910189,12.48572,41.8546,San Paolo
368,178.61735206789328,Entire home/apt,False,False,2.0,False,0,1,9.0,85.0,1,0.9390281496026616,0.1221282966659704,802.6051949174599,17.785889598204633,1749.2189881515776,38.08542168474306,12.493,41.896,Monti
1800,153.36777873892407,Private room,False,True,3.0,False,0,1,10.0,96.0,1,3.083741794549865,0.9262132928574026,462.934824779665,10.258727126158314,1248.2362686368683,27.177617539734733,12.475,41.882,Testaccio
2127,438.1268557267435,Entire home/apt,False,False,6.0,False,0,1,8.0,83.0,2,2.0853997724466407,0.3675170239954355,670.2670516701979,14.853250212947165,1559.5087899597406,33.954896607567186,12.479,41.908,Campo Marzio
627,124.6113202253758,Entire home/apt,False,False,2.0,False,1,0,10.0,100.0,1,6.880993090145356,0.4617379069927137,178.27039488256938,3.950507151072949,439.356230875429,9.566021999562269,12.41947,41.90443,
4345,172.7725434269282,Private room,False,True,3.0,False,1,0,9.0,80.0,1,3.617121424113889,0.4789620858204855,297.5647919922968,6.594094546362853,823.8817041790957,17.93822405001618,12.48352,41.87147,
422,228.1813293432773,Entire home/apt,False,False,2.0,True,1,0,10.0,99.0,1,2.595046613149244,1.2216015129465947,935.9445966700883,20.74071706964505,2347.9879132828446,51.12230680879624,12.470999999999998,41.9,Ponte
2409,126.71545133612324,Private room,False,True,2.0,False,0,0,9.0,97.0,1,3.189887555562065,0.6462198515142963,322.0418153558724,7.136510217223297,771.2819685064499,16.79297972831142,12.48962,41.87375,
3956,127.88441306431626,Private room,False,True,2.0,False,1,0,10.0,100.0,1,3.862100454495663,0.6769759977157428,251.2925657005839,5.5686928750315525,652.3230345000509,14.202908847827342,12.49147,41.86705,Garbatella
2988,170.66841231618076,Private room,False,True,2.0,False,0,1,9.0,73.0,1,3.091211544498482,1.087369118614515,673.818417147349,14.93194917315758,1496.187258469977,32.576208607467336,12.465,41.901,Ponte
795,154.3029481214785,Entire home/apt,False,False,2.0,False,0,0,8.0,80.0,1,3.139727406780142,0.5619842839419877,188.3353452610891,4.173548438841052,526.2997857297709,11.459027947832515,12.52268,41.92466,
1670,239.63715427956888,Entire home/apt,False,False,2.0,False,0,0,10.0,89.0,1,2.5679797785605696,1.473043138006302,839.4910849076188,18.603288203709493,2764.198537673512,60.184383796846376,12.472,41.896,Parione
197,283.5901152596264,Entire home/apt,False,False,4.0,True,0,1,10.0,93.0,1,2.5936727350620505,1.562126613914698,770.8811483124346,17.08287846134885,2329.629365943879,50.722589551174494,12.472,41.895,Regola
669,119.93547331260372,Private room,False,True,2.0,False,0,0,10.0,99.0,1,4.498229553960327,1.859761289469224,242.11292613301327,5.365270249643596,639.864830925015,13.931658684295217,12.462,41.928,
2297,297.383863652304,Entire home/apt,False,False,4.0,True,1,0,10.0,95.0,1,2.3176254811387045,0.528473684666173,627.7425559028703,13.910898990046356,2038.4235853324944,44.38221991950302,12.476,41.908,Campo Marzio
773,80.65835924531831,Private room,False,True,2.0,False,1,0,9.0,85.0,1,3.742973896680295,0.4911479322256254,302.7578499767472,6.709173736696288,1115.7767464668736,24.293600848757286,12.479,41.872,
3932,230.5192527996633,Entire home/apt,False,False,4.0,False,1,0,9.0,94.0,1,1.1245154355255884,0.0991658679094049,774.3307831863544,17.159323051304394,1670.1259368633832,36.36334329944778,12.489,41.903,Trevi
2732,175.34425922895284,Private room,False,True,2.0,False,0,0,10.0,100.0,1,0.7833008143762129,0.6054857430324285,465.58414166504383,10.31743651146058,1253.367792197832,27.28934525366208,12.49834,41.90729,Sallustiano
651,246.65092464872697,Entire home/apt,False,False,4.0,False,0,1,9.0,82.0,1,0.736612532165387,0.1815003015685088,664.3600906074192,14.722350789433865,1521.423895667577,33.12568124416168,12.49352,41.90208,Castro Pretorio
4197,172.7725434269282,Entire home/apt,False,False,3.0,False,0,1,10.0,94.0,1,2.6779728434047434,1.2896833470898776,831.3104906876232,18.422004620490824,2364.875649219297,51.4900003616315,12.47,41.9,Ponte
2683,172.7725434269282,Entire home/apt,False,False,2.0,False,0,0,10.0,100.0,1,2.961496315518976,1.5147859675634228,558.7354270327859,12.381687388446116,2338.060773771365,50.90616503525106,12.470999999999998,41.888000000000005,Trastevere
2581,138.40506861805343,Private room,False,True,2.0,False,0,1,10.0,100.0,1,0.5319656910158946,0.4063960253999046,502.8450427252263,11.143145436325169,1343.264930655877,29.246659031763883,12.499,41.905,Castro Pretorio
2867,205.03588712505552,Private room,False,True,2.0,False,0,1,8.0,80.0,1,3.091194026347643,1.087388133633857,673.8193295811508,14.931969392870794,1496.2487169668525,32.57754673195916,12.465,41.901,Ponte
944,173.0063357725668,Private room,False,True,2.0,True,1,0,10.0,100.0,1,4.959409364122708,0.2941499662119956,328.6153800758679,7.282181709405099,708.220635107498,15.419956973145023,12.4425,41.90003,
2823,1244.9442405255652,Entire home/apt,False,False,6.0,False,1,0,10.0,100.0,2,1.3779387793837892,0.4867023184444695,579.0793534869524,12.832512815691215,1390.5609700958937,30.276426955787343,12.48892,41.90827,Ludovisi
3449,126.71545133612324,Entire home/apt,False,False,4.0,False,1,0,10.0,100.0,1,7.952537165917304,2.9003783130861764,108.45809499220032,2.403452800677732,287.4856586496379,6.25937210386535,12.51578,41.83,
1338,175.34425922895284,Private room,False,True,2.0,False,0,1,10.0,100.0,1,1.9761016341092763,0.2740970189309091,317.48186739593154,7.035460870044068,801.7745485858806,17.45688903780737,12.513,41.885,
1624,409.3703972131952,Entire home/apt,False,False,6.0,True,0,1,10.0,97.0,2,2.486894812247025,1.4234854335724576,876.6613276888711,19.42698812321201,2500.886085983043,54.45133045966979,12.473,41.896,Parione
46,138.40506861805343,Private room,False,True,3.0,False,0,1,8.0,65.0,1,5.67316731934683,0.4781430369361165,177.7423978549018,3.938806632683903,492.8715759051003,10.73120171454655,12.48097,41.852340000000005,San Paolo
2426,256.93778785682554,Entire home/apt,False,False,4.0,True,1,0,10.0,99.0,1,3.5232352269458542,0.6047252520634832,640.9061938288585,14.20260780571935,1512.213762174135,32.925150710108205,12.46,41.904,Borgo
4140,90.94522245341687,Private room,False,True,2.0,False,0,1,9.0,94.0,1,1.4024933476492376,0.2143448882035781,409.2797309015975,9.069719651325368,1107.689336394473,24.11751516421398,12.508,41.889,Esquilino
1658,273.3032520515278,Entire home/apt,False,False,4.0,True,0,1,10.0,97.0,1,3.164891458182744,1.8992040707680808,523.1584054707629,11.593293565752056,1964.6917499664887,42.77687029745728,12.467,41.89,Trastevere
4163,149.860893554345,Entire home/apt,False,False,4.0,True,1,0,10.0,94.0,1,3.670583855338659,0.3147979896632636,193.4270091734996,4.28638071651726,579.4356944979204,12.615946267233728,12.526,41.873000000000005,
1585,138.40506861805343,Entire home/apt,False,False,5.0,False,0,1,8.0,84.0,1,2.8923397549198,1.7127351281114584,601.4083540690087,13.327327877574216,2929.171733443556,63.77631469294373,12.47,41.891000000000005,Trastevere
1883,149.3933088630678,Private room,False,True,2.0,False,0,1,10.0,100.0,1,3.523218901348002,0.6047334406569643,640.9020457603516,14.202515883702176,1512.194008197608,32.92472061042883,12.46,41.904,Borgo
4381,182.1242372524724,Entire home/apt,False,False,4.0,False,1,0,9.0,87.0,0,2.277966005467264,1.299202018677018,993.5181930290306,22.01655933318417,2072.085210515172,45.1151282622319,12.47554,41.89614,Sant'Eustachio
3145,205.2696794706941,Entire home/apt,False,False,4.0,False,0,1,10.0,80.0,1,2.779582267110805,1.731044258871586,673.3022517905981,14.920510846932276,1906.8781220796493,41.5181048643643,12.46995,41.89425,Regola
1038,115.49341874547028,Private room,False,True,2.0,False,0,1,8.0,89.0,1,3.6115934054933176,1.3045785379615245,287.57569733704673,6.372734236400538,716.3436636025324,15.596818171020246,12.47151,41.92389,
2406,90.94522245341687,Private room,False,True,3.0,False,1,0,10.0,99.0,1,2.803783666072842,0.8480408145441278,280.1833084637728,6.208917439300728,710.1295938749497,15.461520379516466,12.508,41.876000000000005,
1658,273.3032520515278,Entire home/apt,False,False,4.0,True,0,1,10.0,97.0,1,3.164891458182744,1.8992040707680808,523.1584054707629,11.593293565752056,1964.6917499664887,42.77687029745728,12.467,41.89,Trastevere
64,293.87697846772494,Entire home/apt,False,False,4.0,True,1,0,10.0,100.0,2,1.1269175240614675,0.809970164291936,435.9840029902444,9.661491593715969,1156.4553144661986,25.17928779034652,12.49734,41.91033,Ludovisi
4128,149.860893554345,Private room,False,True,3.0,False,0,1,10.0,100.0,1,7.963485595646119,0.4271780416938464,124.92767091680376,2.768421855175778,335.0861486398655,7.295768773440672,12.46001,41.83651,
4176,138.17127627241484,Private room,False,True,2.0,True,1,0,10.0,94.0,1,1.5016184725678736,0.5365271647065466,338.69438652927,7.505534482568045,864.0604445987777,18.813028338107305,12.513,41.89,Esquilino
347,149.860893554345,Private room,False,True,2.0,True,0,0,10.0,98.0,1,4.319084921022676,2.364345301155602,214.28779462761872,4.748659841257979,543.5115951061176,11.83377749176942,12.475,41.934,
3652,99.127954550768,Private room,False,True,2.0,False,1,0,10.0,90.0,1,0.2170424533599788,0.3456677914284701,515.1698682625334,11.416266003836848,1187.3664951757062,25.85231121398253,12.503,41.899,Esquilino
1816,280.0832300750473,Entire home/apt,False,False,4.0,False,0,1,10.0,94.0,1,2.5936796964037674,1.5621256838277933,770.8820938122967,17.08289941381249,2329.6345583942475,50.72270260543655,12.472,41.895,Regola
2289,216.7255044069857,Entire home/apt,False,False,4.0,True,0,0,10.0,98.0,1,3.535896463382562,0.4996757741647845,612.3051092677281,13.568802124402405,1438.772565408165,31.326129108576307,12.46,41.905,Borgo
2494,201.76279428611505,Entire home/apt,False,False,4.0,False,0,1,10.0,90.0,1,3.012107445475116,1.7438224118294567,569.5189108927583,12.62065152004162,4592.883341639122,100.0,12.469,41.89,Trastevere
4370,237.2992308231828,Entire home/apt,False,False,2.0,False,1,0,9.0,97.0,1,2.593671335231293,1.5621318425213406,770.8776889495186,17.082801801183564,2329.5989312779843,50.72192690281984,12.472,41.895,Regola
4142,116.42858812802469,Private room,False,True,2.0,True,0,0,10.0,93.0,1,2.588612629425766,0.4980894601030352,231.9915716491361,5.140979035763469,642.0415664678275,13.979052344897877,12.52478,41.88476,
3162,190.07317700418488,Entire home/apt,False,False,4.0,False,0,0,10.0,97.0,1,3.3522724323611133,0.7815636017523289,228.5730758469981,5.065224493787193,594.4505402559629,12.942861728419464,12.514,41.872,
766,253.6646950178851,Entire home/apt,False,False,4.0,True,0,0,10.0,97.0,1,1.2490453109702977,0.1437401606590996,1262.8151525410033,27.98423313014321,1411.8965682245916,30.74096298994413,12.493,41.892,Monti
1463,226.77857526944567,Entire home/apt,False,False,4.0,False,0,1,9.0,93.0,1,2.710597477980485,1.50079040329281,784.8949553890023,17.39342719326929,2342.4812813657068,51.00241192996893,12.47,41.897,Parione
2460,449.3488883173965,Entire home/apt,False,False,6.0,False,1,0,9.0,93.0,4,2.261284624937124,0.8938148621185352,1076.7638666099042,23.86129989705488,2318.2436142557926,50.47468968433349,12.475,41.901,Sant'Eustachio
1651,259.2757113132116,Entire home/apt,False,False,3.0,True,1,0,9.0,95.0,1,2.790377487412096,1.2534676041745676,750.695058844235,16.635550732878563,1911.9554972178803,41.62865361469286,12.46863,41.90042,Ponte
3275,103.80380146354008,Private room,False,True,2.0,False,1,0,10.0,92.0,1,4.175311207250728,1.4494665178733208,297.8583029531502,6.6005988072107264,813.2466609414968,17.70666921949868,12.46482,41.87576,
186,196.15177799078856,Entire home/apt,False,False,2.0,False,1,0,9.0,91.0,0,3.465356096286619,0.2748971252526231,340.78940710568577,7.551960552214816,1033.025701680272,22.4918776472037,12.47914,41.87489,
260,149.860893554345,Entire home/apt,False,False,4.0,False,0,1,9.0,91.0,1,6.675413450918409,0.4113500004933896,186.77805888738345,4.139038665304929,462.4828854651082,10.06955437496603,12.422,41.905,
1840,242.20887008159352,Entire home/apt,False,False,4.0,False,0,1,10.0,100.0,1,2.5936955430024824,1.5621388159114766,770.874357576987,17.082727977310466,2329.5574579010245,50.72102391064966,12.472,41.895,Regola
2048,167.1615271316017,Entire home/apt,False,False,4.0,True,0,0,10.0,98.0,1,6.683900080994387,0.5001049693258979,186.15442877102072,4.125218898787116,456.3531406064717,9.93609257324631,12.422,41.906000000000006,
2449,163.65464194702264,Private room,False,True,4.0,False,1,0,9.0,75.0,2,7.73860773038191,3.0317529781875416,111.02830662991788,2.460409198072053,294.6006347715348,6.414285163759392,12.51695,41.83208,
2219,80.65835924531831,Private room,False,True,2.0,False,0,1,10.0,88.0,1,0.5266644305649794,0.2841292819912457,461.2064492793134,10.220425983793223,1060.7813880914728,23.09619707677788,12.5055,41.8968,Esquilino
719,276.57634489046825,Entire home/apt,False,False,2.0,False,1,0,10.0,100.0,1,2.412222056809834,0.9216876773315362,837.6425084563219,18.56232338453711,1864.2658249661704,40.590315196223685,12.47325,41.90237,Campo Marzio
2283,161.5505108362752,Entire home/apt,False,False,4.0,False,1,0,10.0,91.0,1,1.90684123590214,0.124390398671537,341.12494417719284,7.559396119973062,830.0290796118128,18.072069718966336,12.511,41.885,
2410,126.71545133612324,Private room,False,True,2.0,True,1,0,10.0,95.0,1,0.7328235097496565,0.227286572650942,684.8398727981594,15.176186806626902,1617.6948350952132,35.221770612573096,12.49342,41.90105,Castro Pretorio
3282,126.71545133612324,Private room,False,True,2.0,False,1,0,4.0,60.0,1,3.007147216590357,1.7431697801505317,271.14697764334466,6.008670564046553,678.7553193871584,14.778414100649073,12.48812,41.9258,
3533,173.0063357725668,Entire home/apt,False,False,2.0,False,0,0,10.0,100.0,1,0.9995963573015466,0.2141288299834229,815.6484771964015,18.074931308974183,1839.591041951779,40.053075706801216,12.49181,41.89638,Monti
3831,108.24585603067356,Private room,False,True,2.0,False,0,1,10.0,93.0,1,1.112287146900374,0.5157728591223015,627.1367721601039,13.8974747026913,1145.268200372525,24.93571282313037,12.5,41.891000000000005,Monti
852,138.40506861805343,Entire home/apt,False,False,3.0,False,1,0,10.0,91.0,1,1.2577995928066,1.086634047931381,303.9242596308146,6.735021604944458,830.1659284170306,18.07504930270575,12.51666,41.89737,
3566,190.07317700418488,Entire home/apt,False,False,4.0,True,0,1,10.0,90.0,1,2.3082544433889955,0.9057146547329712,995.8936823317885,22.06920064518677,2081.8364097825533,45.32743932136498,12.47444,41.90132,Sant'Eustachio
3944,304.3976340214621,Entire home/apt,False,False,4.0,False,1,0,10.0,93.0,1,1.9829916669195329,0.3630039669356185,823.0348124466233,18.23861395659184,1827.126807882971,39.78169424244293,12.479,41.905,Campo Marzio
4434,749.3044677717251,Entire home/apt,False,False,4.0,True,0,0,10.0,99.0,2,1.8488507344003573,0.7568728578483569,1243.456288946175,27.555236890367148,2097.7772401589737,45.6745160744778,12.48,41.9,Colonna
2867,205.03588712505552,Private room,False,True,2.0,False,0,1,8.0,80.0,1,3.091194026347643,1.087388133633857,673.8193295811508,14.931969392870794,1496.2487169668525,32.57754673195916,12.465,41.901,Ponte
988,167.1615271316017,Entire home/apt,False,False,4.0,False,0,1,9.0,89.0,1,1.43352869602698,0.5393412417652266,545.1793902377808,12.08128293635438,1027.1504905225374,22.363957760702995,12.501,41.888000000000005,Celio
1344,242.20887008159352,Entire home/apt,False,False,6.0,True,0,0,10.0,94.0,2,4.325925029760288,0.2957149803644469,536.1143214940954,11.880399223046362,991.0139668973846,21.57716391167272,12.451,41.908,
574,154.3029481214785,Entire home/apt,False,False,4.0,False,0,0,10.0,100.0,1,4.292351923754028,1.3107974803047917,213.1896972814708,4.724325787241947,553.7484989537185,12.05666370694482,12.49803,41.86236,Tor Marancia
1029,152.43260935636965,Private room,False,True,2.0,False,1,0,10.0,95.0,1,0.3288409054669671,0.3762570305221065,426.3178139223798,9.44728693532961,1136.614075654814,24.747288165372293,12.505,41.903,Castro Pretorio
1558,137.0023145442218,Private room,False,True,2.0,False,1,0,10.0,98.0,1,1.1872258249389187,0.4966371339060251,598.4831558518703,13.262504907485864,1116.8874210974325,24.3177833621795,12.50054,41.89026,Monti
4426,169.26565824234913,Entire home/apt,False,False,3.0,False,0,0,9.0,88.0,1,2.832775902292683,1.4763275000734988,729.1368775102527,16.15781717773541,1949.1749173567853,42.43902516934293,12.46828,41.89836,Ponte
2129,216.7255044069857,Entire home/apt,False,False,2.0,True,0,0,10.0,96.0,1,3.480135097081506,0.1882956668434225,206.7504604694594,4.581631028024861,579.5177295257765,12.617732400731008,12.52218,41.87331,
487,431.346877703224,Private room,False,True,2.0,True,0,1,10.0,90.0,1,2.0838191494423643,1.231058965672576,1022.9346139889597,22.66843303009117,1955.161570028925,42.56937145133675,12.478,41.896,Pigna
26,412.6434900521357,Entire home/apt,False,False,5.0,True,1,0,10.0,100.0,2,2.782991630942317,1.424929814371673,760.8253056343423,16.860039002020585,2039.556433615176,44.406885215754095,12.46882,41.89888,Parione
2152,138.40506861805343,Entire home/apt,False,False,4.0,False,0,0,9.0,84.0,2,2.100536971617886,0.4159411124259966,226.38421421859024,5.0167188878988425,642.6934565514659,13.993245827186623,12.52477,41.9095,
3437,379.21118462581535,Entire home/apt,False,False,4.0,False,0,1,10.0,60.0,1,2.9325122069614724,1.8141383628445464,593.4062491392542,13.14999965227099,2764.9419240025263,60.20056940997255,12.46911,41.89171,Trastevere
806,236.1302690949898,Entire home/apt,False,False,4.0,False,0,1,9.0,94.0,1,3.184168082862958,1.7899160189078018,552.9219724607793,12.2528600872317,1471.1988737806766,32.03214112674655,12.465,41.894,Trastevere
1772,207.60760292708017,Entire home/apt,False,False,4.0,False,0,1,10.0,98.0,1,2.0864458492664144,0.3746929703966101,655.5019582660045,14.526052827660902,1527.0436589571036,33.248039311447606,12.47919,41.90836,Campo Marzio
55,207.60760292708017,Entire home/apt,False,False,4.0,True,0,0,10.0,97.0,1,5.311423446425593,0.7982785398049959,268.818872010216,5.957079283519091,624.876155548464,13.60531302598808,12.44,41.912,
806,236.1302690949898,Entire home/apt,False,False,4.0,False,0,1,9.0,94.0,1,3.184168082862958,1.7899160189078018,552.9219724607793,12.2528600872317,1471.1988737806766,32.03214112674655,12.465,41.894,Trastevere
3349,179.7863137960863,Entire home/apt,False,False,4.0,False,1,0,10.0,99.0,1,2.5715788844171383,1.3979903239371911,918.6510316298765,20.35748825364391,2471.244491498049,53.80594950221628,12.47168,41.89708,Parione
4122,184.4621607088584,Entire home/apt,False,False,4.0,False,0,0,9.0,85.0,2,3.3762501002175083,0.3489076090861385,215.6431686971646,4.77869519826522,593.2079872335014,12.915807851148154,12.51945,41.87333,
1289,245.481962920534,Entire home/apt,False,False,4.0,False,1,0,8.0,89.0,1,2.344280093694421,0.9564714106663426,1024.5415308799595,22.70404262569036,2093.4344720649183,45.57996178752947,12.474,41.901,Ponte
1982,168.56428120543333,Entire home/apt,False,False,4.0,False,0,0,10.0,91.0,1,4.160803570438514,1.3535726858729251,295.5684301992984,6.549854774837334,838.16836246722,18.249284820025323,12.466,41.875,
2674,213.21861922240663,Entire home/apt,False,False,4.0,False,0,1,10.0,100.0,1,4.836818449552572,0.8616148534331681,323.2446856297821,7.163166060006522,719.9439855715744,15.675207315730312,12.44449,41.89506,
4068,311.17761204498163,Private room,False,True,3.0,True,1,0,9.0,94.0,1,0.770316087971417,0.4249988462951967,532.6143581964258,11.802839345282898,1341.4465920540445,29.20706868150727,12.496,41.906000000000006,Sallustiano
1644,97.72520047693638,Private room,False,True,2.0,False,0,0,8.0,78.0,1,3.10150230679282,0.5725129728889696,198.20521762290915,4.392266759239857,558.0639046442668,12.150622237339547,12.5324,41.88438,Pigneto
869,103.80380146354008,Private room,False,True,2.0,False,0,1,9.0,89.0,1,3.931149717075445,1.5915081523567487,338.31632673556624,7.497156602889573,911.7734786287746,19.851875408256685,12.464,41.88,Monteverde
321,235.1950997124354,Private room,False,True,2.0,True,0,1,10.0,96.0,1,1.9240275571784349,1.1034187020455837,1056.9970455404805,23.423263239088328,1833.2151081449488,39.91425367862068,12.48,41.896,Pigna
1821,161.31671849063662,Entire home/apt,False,False,2.0,False,0,1,10.0,92.0,1,2.623809113927454,1.653857618646461,734.5563152963131,16.277912989172464,2058.168336870896,44.81211874491832,12.472,41.894,Regola
2376,245.481962920534,Entire home/apt,False,False,6.0,False,0,0,9.0,83.0,2,3.5091358977731555,0.7301589012788153,217.16049383674627,4.812319422962589,591.0055634177318,12.867854884526894,12.515999999999998,41.871,
1670,239.63715427956888,Entire home/apt,False,False,2.0,False,0,0,10.0,89.0,1,2.5679797785605696,1.473043138006302,839.4910849076188,18.603288203709493,2764.198537673512,60.184383796846376,12.472,41.896,Parione
168,103.80380146354008,Shared room,True,False,6.0,False,1,0,8.0,72.0,1,2.2731750129572266,0.2412133903081786,220.90928726709544,4.895393425599118,651.1785547272505,14.177990301292,12.52224,41.91486,
2571,186.8000841652444,Entire home/apt,False,False,6.0,False,0,0,10.0,93.0,2,6.540314774039464,1.4944747371811529,108.56435274287514,2.405807493413866,308.5428921565932,6.717847356568815,12.54481,41.95043,
202,352.0912725317373,Entire home/apt,False,False,5.0,True,1,0,9.0,96.0,3,4.265673690185762,0.7914215660535731,329.9049080621399,7.310757904205317,812.0096924691168,17.679736933603987,12.455,41.916,
334,211.1144881116592,Entire home/apt,False,False,6.0,False,0,0,9.0,90.0,2,3.5473761793512084,0.3002858605591416,316.88941773942923,7.022332068673516,932.2330357689432,20.29733756390697,12.48108,41.87313,
4265,177.44839033970027,Entire home/apt,False,False,6.0,True,1,0,9.0,95.0,2,1.3318150597774272,0.5678464588343476,602.2952031029982,13.346980627280669,1111.8464274708506,24.20802673977893,12.5,41.889,Monti
2158,299.72178710869,Entire home/apt,False,False,5.0,True,0,0,10.0,98.0,2,2.1623969121864506,0.4425986531816714,658.428219551504,14.59089935555404,1580.4496326493838,34.41083770452023,12.478,41.908,Campo Marzio
2991,207.60760292708017,Entire home/apt,False,False,4.0,False,1,0,10.0,96.0,1,2.20996743352259,1.178495420889341,815.370027932055,18.068760818294923,2019.7671612811364,43.97601704728507,12.47769,41.89318,Sant'Angelo
1055,193.58006218876392,Entire home/apt,False,False,2.0,False,0,0,10.0,100.0,1,2.9693207274756537,1.787664632739034,579.5713280435027,12.843415069007468,2950.407094792422,64.23866829022207,12.469,41.891000000000005,Trastevere
2312,469.22123769667775,Entire home/apt,False,False,6.0,False,1,0,9.0,94.0,2,2.593690143599041,1.5621392088283268,770.8738372471929,17.082716446699486,2329.555343850153,50.720977881810825,12.472,41.895,Regola
169,87.43833726883781,Private room,False,True,2.0,False,0,1,8.0,81.0,1,0.4230529671851595,0.3275703270610974,481.35728832909655,10.666972556031013,1405.031647968783,30.59149435019944,12.50066,41.90449,Castro Pretorio
2572,202.9317560143081,Private room,False,True,2.0,False,0,1,9.0,87.0,1,0.2863189953690312,0.2165584959062237,596.6247862017209,13.221323069093192,1500.0823886085116,32.66101655595628,12.499,41.9,Castro Pretorio
4481,219.0634278633717,Entire home/apt,False,False,3.0,True,0,0,10.0,99.0,1,3.889355132320082,0.1131647637390968,471.4583120728236,10.447609287584408,1290.5585358506582,28.099092440481627,12.457,41.91,Prati
705,317.95759006850113,Entire home/apt,False,False,4.0,True,0,1,10.0,97.0,2,0.8754599065473695,0.4640319000897043,748.762737046296,16.592730100288613,1783.9141328678077,38.8408326572292,12.492,41.899,Monti
730,276.57634489046825,Entire home/apt,False,False,6.0,True,0,1,9.0,94.0,2,3.083724088185501,0.9262122397554128,462.9387188694044,10.25881341995585,1248.2612925808223,27.178162381440742,12.475,41.882,Testaccio
2253,78.32043578893226,Private room,False,True,2.0,False,1,0,9.0,83.0,1,1.4496883080785885,0.450348856769791,271.7177686481236,6.021319405418295,785.5465539944137,17.10355991132284,12.51694,41.90793,
117,105.90793257428751,Private room,False,True,3.0,True,0,1,9.0,92.0,1,2.612012028961551,0.3118344614065875,214.85583043054464,4.761247626812628,610.733618201941,13.297390174599572,12.53057,41.89062,Pigneto
1728,276.81013723610687,Entire home/apt,False,False,4.0,True,1,0,10.0,100.0,2,1.4335307707146598,0.5393187090871738,545.1684794774817,12.081041151751762,1027.1405910271214,22.36374222081924,12.501,41.888000000000005,Celio
2933,346.0126715451336,Entire home/apt,False,False,6.0,False,1,0,10.0,92.0,2,2.7106163489209107,1.5008004358850442,784.8814884621835,17.393128763511864,2342.7342443364323,51.00791964597016,12.47,41.897,Parione
1757,2418.3480232857173,Entire home/apt,False,False,4.0,False,0,0,4.0,60.0,2,0.5845485717276652,0.3775816730388168,446.4451961750288,9.893313700311229,1276.979626407886,27.80344135525449,12.501,41.90605,Castro Pretorio
2071,205.03588712505552,Entire home/apt,False,False,6.0,False,0,1,9.0,86.0,2,4.626482220553147,0.3370316674694262,369.2458232789102,8.182560353490192,813.8288528581386,17.719345176481163,12.44801,41.91051,
3375,2305.192527996633,Private room,False,True,2.0,False,0,0,10.0,100.0,1,1.7316767870653926,1.0546414000725086,308.20769506928934,6.82994338004907,819.4526631596813,17.841791358611616,12.50391,41.91641,
1306,236.1302690949898,Entire home/apt,False,False,4.0,False,0,1,9.0,91.0,1,2.593670979937176,1.5621321858175397,770.8774488749816,17.08279648108442,2329.596942725928,50.7218836064435,12.472,41.895,Regola
717,201.76279428611505,Entire home/apt,False,False,4.0,True,0,0,10.0,98.0,1,3.540027960638484,0.3030219770829847,326.20987776484424,7.228875303213083,983.7002830845272,21.41792442595464,12.47949,41.87392,
1942,217.8944661351788,Entire home/apt,False,False,4.0,False,0,0,10.0,96.0,1,2.7528075561324434,1.3777063924259356,779.6106074307394,17.27632499909046,2131.3940250395303,46.40644811759735,12.46914,41.89935,Ponte
3995,235.1950997124354,Entire home/apt,False,False,6.0,True,0,0,10.0,95.0,2,6.50301258117492,0.2241732425215837,194.96202543689668,4.320396980011591,488.8984832839607,10.644696303335262,12.424,41.904,
4317,103.80380146354008,Private room,False,True,4.0,True,0,1,10.0,94.0,1,4.169635929444204,0.8700983172561141,158.63737760567986,3.515435611569255,453.0074241645629,9.863246907614515,12.544,41.88,
4080,210.8806957660206,Entire home/apt,False,False,4.0,False,0,0,10.0,93.0,1,3.839340072702157,0.2373520932396751,608.94772047064,13.49440172572395,1419.9769019888793,30.91689460333896,12.45677,41.90722,Prati
3410,351.6236878404601,Entire home/apt,False,False,6.0,False,0,0,10.0,100.0,3,4.081418430557966,0.345744380313171,669.9226401219449,14.845617985031913,1380.6560913304888,30.060769861351545,12.454,41.908,
1807,150.09468589998363,Private room,False,True,3.0,True,0,1,10.0,93.0,1,4.300324400537922,0.7189770433756418,339.6990152502963,7.527797253395485,849.213481006827,18.48976814429076,12.454,41.915,
79,210.8806957660206,Private room,False,True,2.0,False,0,1,10.0,93.0,4,0.6830507970091548,0.1245337995011826,636.718910845224,14.10981678799983,1488.5592332799863,32.41012502505115,12.49441,41.90275,Castro Pretorio
3832,108.24585603067356,Private room,False,True,3.0,False,0,1,10.0,93.0,1,1.1122991724861184,0.5157827995970379,627.1374126909961,13.897488896982347,1145.262675661074,24.93559253460919,12.5,41.891000000000005,Monti
4155,265.1205199541767,Entire home/apt,False,False,6.0,True,0,0,10.0,99.0,2,1.7864504383149569,0.7629530604855287,478.0563298222604,10.593822663727012,914.4093706464088,19.90926619791026,12.50072,41.88483,Monti
4448,366.5863979613307,Entire home/apt,False,False,4.0,True,0,1,10.0,96.0,2,1.2323901311167598,0.074806049639644,801.7034166982581,17.765906014806028,1831.227355100712,39.87097469902595,12.488,41.904,Colonna
4068,311.17761204498163,Private room,False,True,3.0,True,1,0,9.0,94.0,1,0.770316087971417,0.4249988462951967,532.6143581964258,11.802839345282898,1341.4465920540445,29.20706868150727,12.496,41.906000000000006,Sallustiano
1144,126.71545133612324,Private room,False,True,3.0,False,0,1,10.0,100.0,1,5.75075120653759,0.2014975061591561,129.17410942195966,2.862523770932796,418.8422803474811,9.119375546734515,12.548,41.862,
1976,182.35802959811093,Entire home/apt,False,False,3.0,False,0,0,10.0,97.0,1,3.994058206120073,0.2844584712024062,658.9004594021214,14.601364283890092,1256.116134543641,27.34918440352449,12.45501,41.90776,Prati
494,150.09468589998363,Private room,False,True,2.0,True,1,0,10.0,98.0,1,4.01610226035926,0.7174870123007057,157.95072917539326,3.500219346771575,464.7019139512086,10.11786887200502,12.529000000000002,41.931,Monte Sacro
3277,184.4621607088584,Entire home/apt,False,False,5.0,False,0,0,10.0,100.0,2,3.72836785320942,0.827146527433772,180.4519513309869,3.998850872730264,511.1812488195719,11.12985483835825,12.53348,41.87675,
3959,345.778879199495,Entire home/apt,False,False,6.0,True,1,0,10.0,96.0,2,2.9325955887605675,1.3642686845975636,684.7186900186593,15.17350137230497,1743.5940979207487,37.96295198951188,12.467,41.899,Ponte
2149,184.4621607088584,Entire home/apt,False,False,2.0,True,0,0,10.0,97.0,1,3.317812890319916,0.6199520203787002,385.5957058776075,8.544876980252049,1097.826195278429,23.90276681590248,12.47581,41.87847,Testaccio
4176,138.17127627241484,Private room,False,True,2.0,True,1,0,10.0,94.0,1,1.5016184725678736,0.5365271647065466,338.69438652927,7.505534482568045,864.0604445987777,18.813028338107305,12.513,41.89,Esquilino
1693,92.11418418160989,Entire home/apt,False,False,2.0,False,0,1,10.0,87.0,1,0.5309028943286946,0.2083657419123885,495.7158734441589,10.985161637362822,1108.6879773855733,24.139258389913763,12.5042,41.89632,Esquilino
628,236.1302690949898,Entire home/apt,False,False,4.0,False,0,1,10.0,100.0,1,2.2030338342337448,0.4947084477625246,691.7082309263515,15.328390978942927,1625.9058397144793,35.400547298338765,12.477,41.907,Campo Marzio
869,103.80380146354008,Private room,False,True,2.0,False,0,1,9.0,89.0,1,3.931149717075445,1.5915081523567487,338.31632673556624,7.497156602889573,911.7734786287746,19.851875408256685,12.464,41.88,Monteverde
4296,150.09468589998363,Private room,False,True,2.0,False,0,0,10.0,100.0,1,2.175770846577664,0.3718536952897583,222.43958903427705,4.9293052149264085,637.0792252099885,13.871008205982992,12.52498,41.91063,
4320,196.15177799078856,Entire home/apt,False,False,2.0,False,0,0,10.0,100.0,1,5.00296246186519,2.933517250971479,188.4064467511876,4.175124061901017,561.008186690138,12.214727546071828,12.46934,41.93861,
3071,230.5192527996633,Entire home/apt,False,False,4.0,True,1,0,10.0,100.0,1,5.565552164558262,0.8615425765957945,137.2381699622696,3.0412249447994086,381.3745030971827,8.303596558607053,12.53834,41.85865,
3360,240.8061160077619,Entire home/apt,False,False,4.0,False,0,0,10.0,96.0,2,1.129918021576518,0.6376099730205981,384.03938344001233,8.51038856773047,1250.3917129581243,27.22454763050613,12.501,41.911,
1465,253.6646950178851,Entire home/apt,False,False,3.0,False,0,1,10.0,93.0,2,2.874638862724572,1.5959467682142243,685.9999396675648,15.20189411751454,1851.290030963204,40.30779563198115,12.468,41.897,Regola
4234,154.53674046711708,Entire home/apt,False,False,4.0,True,0,0,10.0,96.0,1,5.446775301231595,0.1038756461684539,197.07797291265857,4.367286793880003,537.2193011843553,11.696776539345564,12.47841,41.85519,San Paolo
1400,94.45210763799592,Private room,False,True,2.0,False,1,0,9.0,91.0,1,7.316623150644768,0.227478253234902,103.86672037166556,2.3017070324943747,330.6529867400316,7.199246358868485,12.56544,41.85496,Appio Claudio
3448,73.87838122179879,Private room,False,True,2.0,True,1,0,10.0,100.0,1,3.657274629979327,0.486556507860073,167.93477505509185,3.721467774870761,469.8892884678716,10.230812618466729,12.5441,41.89057,
1263,87.67212961447642,Private room,False,True,3.0,False,1,0,8.0,86.0,1,2.799361953689762,0.1115858043774258,241.6221407128045,5.354394347823475,673.3790481665401,14.661357541169826,12.519,41.879,
1300,242.20887008159352,Entire home/apt,False,False,4.0,False,0,1,9.0,92.0,1,1.2928381776365685,0.5740506361909191,620.9358221895612,13.760060426932217,1123.3770899672347,24.459081722862148,12.49978,41.88938,Monti
66,86.50316788628339,Private room,False,True,2.0,False,0,1,9.0,90.0,1,0.2321698675660015,0.2843089931099316,575.5072024059556,12.753353242395344,1416.752846785925,30.84669784537375,12.501,41.899,Esquilino
1024,184.4621607088584,Entire home/apt,False,False,4.0,False,1,0,9.0,95.0,1,4.024837113903029,1.3663550908572206,314.09719773669474,6.960455922073641,857.533589188949,18.670920321762623,12.4659,41.87689,
1291,126.71545133612324,Private room,False,True,3.0,True,1,0,10.0,99.0,1,6.709517609869814,2.3706983081434085,104.49805050018826,2.3156974328020623,304.3598831994384,6.626771475776643,12.556,41.946000000000005,
3197,201.76279428611505,Entire home/apt,False,False,4.0,True,0,0,10.0,98.0,1,3.3994835774100363,1.369754854878079,429.4100942699035,9.515812478418589,1160.9978526276575,25.278191634044795,12.469,41.883,
3164,243.8454165010637,Entire home/apt,False,False,4.0,True,1,0,10.0,100.0,1,3.332013448711475,0.2557055293418145,468.8855927530254,10.390597319460024,1279.3032825130454,27.85403389010276,12.464,41.91,Prati
2523,283.5901152596264,Entire home/apt,False,False,5.0,False,0,0,10.0,93.0,2,2.5304627354096363,1.3050102664294665,1087.391435092117,24.096808913092875,3284.1412878535466,71.5050011847567,12.472,41.898,Parione
946,412.8772823977743,Entire home/apt,False,False,5.0,False,0,1,10.0,95.0,2,2.162403466932726,0.4426049775833941,658.4302987604598,14.590945431235053,1580.4500496866797,34.41084678459619,12.478,41.908,Campo Marzio
234,122.27339676898976,Private room,False,True,5.0,False,1,0,9.0,90.0,1,3.4517138597577395,0.3140458043081643,180.3840232088613,3.997345572131177,521.1799995137175,11.347555788946236,12.538,41.885,Pigneto
4467,305.5665957496551,Entire home/apt,False,False,3.0,True,1,0,10.0,98.0,1,1.424194855000816,0.2696520457088494,801.7208367221047,17.766292045974144,1658.5281235377297,36.11082625377176,12.486,41.905,Colonna
4298,247.81988637692,Entire home/apt,False,False,6.0,True,0,0,10.0,95.0,3,6.198493185717171,0.1946709444961228,211.328295388983,4.683076753760322,528.4448684063418,11.505732436429549,12.42757,41.90185,
1492,259.2757113132116,Entire home/apt,False,False,4.0,True,1,0,9.0,95.0,1,4.071915157416365,1.2608256660397947,303.0150649853531,6.71487367207552,863.7013499740532,18.80520983722205,12.4671,41.8753,
3609,143.0809155308255,Private room,False,True,2.0,False,0,0,5.0,40.0,1,1.1225620179507307,0.5832573622147394,525.5786141992053,11.646925869057936,1259.540714196468,27.42374714326969,12.49292,41.908190000000005,Sallustiano
884,230.5192527996633,Entire home/apt,False,False,4.0,False,0,1,10.0,95.0,2,2.5616446652591174,1.0266315225214109,248.9827021145665,5.5175058418700695,660.7596896091125,14.386598579995692,12.50356,41.92391,
2486,159.21258737988916,Private room,False,True,2.0,False,1,0,10.0,100.0,1,4.548993568427766,2.269295231042173,222.86968578079885,4.938836243754312,576.5091026968665,12.5522261249318,12.46661,41.93199,
3258,103.80380146354008,Private room,False,True,2.0,True,1,0,10.0,97.0,1,2.968122274939048,0.2185756141426302,227.21767456682284,5.035188533787031,634.3864013720744,13.812377850330348,12.52151,41.87836,
4219,403.2917962265915,Entire home/apt,False,False,6.0,True,0,1,10.0,94.0,2,2.4655061648606584,1.49674603952801,768.7584476307588,17.03583899510393,2174.079060786234,47.33582151055338,12.474,41.894,Regola
4064,149.860893554345,Private room,False,True,5.0,False,0,1,10.0,94.0,1,8.18825983691702,0.6388533233652319,121.19350521649496,2.68567200592527,326.9548138218794,7.118726723531253,12.45974,41.83436,
2236,82.99628270170435,Private room,False,True,4.0,False,0,1,9.0,92.0,1,3.543037839660764,0.2057653444750281,202.95053672489192,4.497423967529291,570.7737969885784,12.42735237392028,12.523,41.873000000000005,
448,172.7725434269282,Private room,False,True,2.0,False,1,0,10.0,80.0,1,3.670172855795023,0.3871373129885651,171.49811376428502,3.800432064267413,557.3307830845298,12.134660117137395,12.52302,41.930040000000005,
3112,145.18504664157294,Private room,False,True,2.0,False,0,1,9.0,84.0,1,0.8284445544469842,0.4282771403277166,549.7916395097284,12.183491290934862,1310.7251642688714,28.53817671321684,12.495,41.906000000000006,Sallustiano
1292,190.07317700418488,Entire home/apt,False,False,4.0,False,1,0,9.0,90.0,1,2.7062446321424973,1.5692810903460586,749.0662673481249,16.59945639171088,2089.5953250889893,45.49637275009141,12.47032,41.89592,Regola
3494,149.860893554345,Entire home/apt,False,False,6.0,False,0,0,10.0,100.0,2,5.19452569723695,2.5314281544938115,231.28130355272813,5.125239354500706,628.8946671725035,13.692807336753772,12.452,41.873000000000005,Monteverde
140,95.62106936618896,Private room,False,True,2.0,True,0,1,10.0,97.0,1,3.2055641344276955,0.5315035699401047,184.53023653449543,4.089226478119978,520.3573866170829,11.329645190408346,12.539,41.892,Pigneto
114,184.4621607088584,Private room,False,True,2.0,False,0,1,10.0,93.0,1,1.8957837664811423,1.0629473396207587,1145.1172418936594,25.3760241900948,1854.097271852812,40.36891716895026,12.48,41.897,Pigna
757,410.3055665957496,Entire home/apt,False,False,6.0,False,0,1,10.0,96.0,2,2.593674321675677,1.5621350130121567,770.8757799269817,17.0827594968672,2329.580345636886,50.72152224109176,12.472,41.895,Regola
3007,179.7863137960863,Private room,False,True,3.0,True,1,0,10.0,90.0,1,2.1429952950667874,0.2477252518820051,225.5066638693259,4.997272198881976,654.4751971581617,14.249767487553704,12.52313,41.91222,
757,410.3055665957496,Entire home/apt,False,False,6.0,False,0,1,10.0,96.0,2,2.593674321675677,1.5621350130121567,770.8757799269817,17.0827594968672,2329.580345636886,50.72152224109176,12.472,41.895,Regola
4207,142.84712318518692,Entire home/apt,False,False,2.0,True,0,0,10.0,96.0,1,3.064620872957585,0.6638265496697232,182.7525525683085,4.049832650415746,532.6144825185152,11.596516673737986,12.53728,41.9096,
3069,185.6311224370514,Entire home/apt,False,False,4.0,False,1,0,10.0,94.0,1,2.399939741229069,0.8642074870920422,789.2140942687092,17.489140163681448,1745.8503191675993,38.01207627765557,12.47349,41.90315,Campo Marzio
590,195.91798564515,Entire home/apt,False,False,5.0,False,1,0,10.0,89.0,2,2.8600177283508894,1.241127120490884,723.5553146059186,16.034128641664903,1802.032263026978,39.23531535603652,12.46779,41.90045,Ponte
1524,152.19881701073106,Private room,False,True,2.0,False,1,0,10.0,99.0,1,3.8403470730959617,0.2003544973856436,439.0590912782976,9.729636157372411,1085.091472447953,23.625496049736423,12.458,41.911,Prati
1496,248.98884810511305,Private room,False,True,4.0,False,1,0,10.0,97.0,1,1.1069777566082568,0.668122143204767,506.3213538657192,11.220181177615348,1241.3512002188231,27.027710217778058,12.49386,41.90862,Sallustiano
1294,203.86692539686248,Entire home/apt,False,False,4.0,True,1,0,10.0,98.0,1,2.81359284860607,0.6233389176353982,202.3334786342652,4.483749838399469,568.9532374505796,12.38771366763106,12.534,41.892,Pigneto
2313,78.55422813457086,Private room,False,True,2.0,False,0,1,10.0,93.0,1,4.461010119308478,0.6765038857167652,354.7760443386141,7.861907195035369,843.9252248200063,18.374627919872744,12.451,41.913,
3067,230.5192527996633,Entire home/apt,False,False,4.0,False,0,0,9.0,100.0,1,6.814488257309434,2.436203401390836,167.0516390640467,3.701897306929116,418.0029211201318,9.101100333433545,12.42722,41.92582,
832,103.80380146354008,Private room,False,True,2.0,False,1,0,10.0,93.0,1,4.542384391431489,1.7764505100490575,267.97940230267545,5.938476469042058,719.2559086734,15.660225944617828,12.461,41.874,Monteverde
1376,103.80380146354008,Private room,False,True,2.0,False,0,1,9.0,91.0,1,3.931171296070146,1.5915032260699888,338.3127765189233,7.497077929387755,911.7626028084655,19.851638611031497,12.464,41.88,Monteverde
833,184.4621607088584,Private room,False,True,2.0,True,0,0,10.0,99.0,1,1.2255770579368956,0.6182845503877533,346.5507726449447,7.679633550178276,942.9970561938422,20.53170059088204,12.50406,41.91182,
420,130.2223365207023,Entire home/apt,False,False,5.0,True,1,0,10.0,96.0,1,5.061313808581823,1.4801643358134826,220.23729899823377,4.880502032873344,619.5199179122706,13.48869265403929,12.46481,41.86491,
1840,242.20887008159352,Entire home/apt,False,False,4.0,False,0,1,10.0,100.0,1,2.5936955430024824,1.5621388159114766,770.874357576987,17.082727977310466,2329.5574579010245,50.72102391064966,12.472,41.895,Regola
4132,230.5192527996633,Entire home/apt,False,False,4.0,True,1,0,10.0,99.0,1,3.877113254656348,0.809338720617766,329.17693063184095,7.294625780606724,825.5504531954884,17.974557413880746,12.46147,41.91791,
2142,148.691931826152,Private room,False,True,2.0,False,0,1,9.0,92.0,1,3.0837347145798013,0.9261968499773828,462.933444088809,10.25869652977632,1248.2318705712437,27.177521781464858,12.475,41.882,Testaccio
1115,251.09297921586045,Entire home/apt,False,False,4.0,True,1,0,10.0,90.0,1,3.0688584591206234,0.713250630051838,183.11871715483244,4.057946929954339,537.0731998048353,11.69359550101621,12.53764,41.90888,
1501,144.01608491337993,Entire home/apt,False,False,5.0,False,0,0,9.0,83.0,1,7.174743820306804,1.9530559398359844,158.97739042045615,3.5229703626821083,401.0844001101351,8.732736502882629,12.421,41.92297,
2138,112.92170294344562,Private room,False,True,2.0,False,0,1,9.0,90.0,1,0.3511077587264107,0.3446285398541217,423.21982530571023,9.378634895869228,1134.986054719873,24.711841566496567,12.50497,41.903290000000005,Castro Pretorio
1770,322.63343698127323,Entire home/apt,False,False,6.0,True,1,0,10.0,97.0,2,2.932603818938408,1.3642518061379465,684.7164213354591,15.17345109783729,1743.5834405090773,37.96271994765759,12.467,41.899,Ponte
3084,484.1839478175484,Entire home/apt,False,False,2.0,False,0,0,10.0,100.0,1,3.5231714311888265,0.2735083253261765,324.93348732093773,7.200590238945763,1013.5914758891046,22.06873984148204,12.4802,41.87377,
2188,126.71545133612324,Private room,False,True,2.0,False,0,1,10.0,100.0,1,1.1036243578881573,0.8150065407054055,444.261709692345,9.844927208713475,1194.4200332281214,26.005886594146617,12.497,41.91,Ludovisi
3376,103.80380146354008,Private room,False,True,2.0,True,0,1,10.0,93.0,1,0.5414949952705064,0.2494038032104232,572.0478410590612,12.676693111878135,1270.2743951723032,27.65744959502856,12.502,41.896,Esquilino
3023,133.26163701400415,Private room,False,True,2.0,True,1,0,10.0,100.0,1,3.18935821444881,0.3504745023294928,507.7790879862119,11.25248485356313,1373.112339798727,29.89652115371793,12.4652,41.90851,Prati
1736,247.81988637692,Entire home/apt,False,False,4.0,False,0,1,9.0,94.0,1,3.1648951018754192,1.899223201461828,523.1587587474752,11.59330139443376,1964.676570292189,42.77653979321472,12.467,41.89,Trastevere
3500,195.91798564515,Private room,False,True,2.0,False,0,1,10.0,100.0,1,2.868590727033625,0.4479944580011526,538.722781905501,11.938203220818044,1373.66521540623,29.90855881212068,12.46907,41.90812,Prati
1498,195.91798564515,Entire home/apt,False,False,4.0,True,0,0,10.0,100.0,1,3.3764185565537788,0.7799131771259822,387.2403402670216,8.581322403063622,1076.810845016127,23.445203479342705,12.474,41.879,Testaccio
1448,157.80983330605756,Entire home/apt,False,False,4.0,True,1,0,10.0,98.0,1,1.3762938701435814,1.140652164371468,292.6521063003318,6.485228461391953,783.5153356508267,17.05933456979997,12.518,41.897,
3106,97.95899282257498,Private room,False,True,2.0,False,0,1,9.0,95.0,1,3.099968547481132,1.6716163412974077,271.72031260872143,6.021375780087461,681.2020612152191,14.831686558189606,12.486,41.926,
2325,289.43492390059146,Entire home/apt,False,False,4.0,False,0,1,7.0,80.0,1,2.593687785946894,1.5621349580732389,770.8764776251253,17.082774957995824,2329.5802069955985,50.72151922248065,12.472,41.895,Regola
3369,172.7725434269282,Entire home/apt,False,False,6.0,True,1,0,10.0,94.0,1,0.8863777942675511,0.1610498548194745,499.4889349765177,11.068773425931756,1261.1314290085677,27.458381482828848,12.504,41.893,Esquilino
3724,428.5413695555607,Entire home/apt,False,False,6.0,False,1,0,10.0,100.0,1,1.97666655454672,1.0995251043702374,1139.4660291983173,25.250792200902826,1954.672359252988,42.55871995554319,12.479,41.897,Pigna
3405,195.91798564515,Entire home/apt,False,False,4.0,False,0,0,10.0,86.0,1,1.500184974337291,0.3675238098592638,1003.8285238488626,22.24503829998347,1903.795864999351,41.4509954507122,12.48448,41.90336,Colonna
2276,195.91798564515,Entire home/apt,False,False,2.0,False,0,0,10.0,93.0,1,4.30308281487991,0.5829178652338044,369.71873391411583,8.193040146545167,928.4091222277476,20.214080201227457,12.453,41.913,
2777,246.65092464872697,Entire home/apt,False,False,4.0,True,1,0,10.0,96.0,1,2.27485430864838,1.264383950753329,1041.9332740305729,23.089447088003794,2089.591974110865,45.49629978986415,12.47546,41.89653,Sant'Eustachio
4368,224.67444415869824,Entire home/apt,False,False,4.0,False,0,0,10.0,92.0,1,1.2872683163266982,0.1852722237941776,872.1493061828828,19.327000835715715,1973.6720600924584,42.972396929813776,12.487,41.903,Trevi
362,103.80380146354008,Private room,False,True,2.0,False,0,0,10.0,97.0,1,3.0332658950283715,0.1608225807020789,231.4213020978467,5.1283417499040205,644.0697006356196,14.023210535231277,12.51886,41.87655,
1242,385.0559932667804,Entire home/apt,False,False,6.0,False,1,0,10.0,96.0,2,1.0066635919563225,0.7215381959019884,474.7326273050221,10.520168759661573,1208.3179767982565,26.308483950455148,12.49607,41.90867,Sallustiano
1882,149.3933088630678,Private room,False,True,2.0,False,0,1,8.0,80.0,1,3.523239317358573,0.6047236774464702,640.9073776966361,14.202634040463064,1512.2204033748865,32.92529530774454,12.46,41.904,Borgo
2197,184.4621607088584,Entire home/apt,False,False,4.0,False,0,0,10.0,94.0,1,3.0024694716059463,0.1467903260661448,228.2013311337737,5.05698655753909,635.6322158807701,13.839502739338547,12.5206,41.87758,
3453,178.8511444135319,Entire home/apt,False,False,3.0,True,0,1,10.0,100.0,1,2.321841852384518,0.8877190758095134,361.8506973684664,8.018682903106255,816.7548870377886,17.783053177795342,12.50239,41.87997,
442,115.49341874547028,Private room,False,True,2.0,False,1,0,9.0,90.0,1,0.5906182377668026,0.212447675137817,662.7575415772287,14.686837986492671,1593.489709546678,34.69475688833823,12.49517,41.90031,Castro Pretorio
478,282.1873611857948,Entire home/apt,False,False,6.0,False,0,1,9.0,93.0,3,3.605835590038853,0.5855749314748729,674.3251278236245,14.943177981796673,1538.4037838508914,33.495381210833486,12.459,41.904,Borgo
2677,119.93547331260372,Private room,False,True,2.0,False,0,1,10.0,88.0,1,4.689068352154701,0.8424258011235121,309.87618462383745,6.866917438030344,730.15748030755,15.897583848645484,12.449000000000002,41.915,
1459,230.5192527996633,Entire home/apt,False,False,3.0,True,0,1,10.0,95.0,1,2.6491860244979155,1.525503596693092,787.7245905989687,17.456132468249265,2284.2007570275105,49.73348084674666,12.470999999999998,41.896,Regola
2585,115.49341874547028,Private room,False,True,2.0,False,1,0,10.0,92.0,1,4.3384876095405325,1.0027112923634156,403.1438446912218,8.933747201338782,865.7242942646664,18.849255029319,12.45041,41.89583,
3623,438.1268557267435,Private room,False,True,4.0,False,0,1,10.0,94.0,1,2.1875432058772777,0.8694781461565837,1178.728454164736,26.120855290741574,2942.247414534947,64.06100908029832,12.47589,41.90065,Sant'Eustachio
1536,184.4621607088584,Entire home/apt,False,False,2.0,False,0,0,9.0,90.0,1,2.8923502255090314,1.712729286497798,601.4064531748738,13.327285753384846,2929.216312702877,63.77728530891642,12.47,41.891000000000005,Trastevere
4371,253.6646950178851,Private room,False,True,2.0,True,1,0,10.0,96.0,1,2.9082540875180305,0.4262576415217972,534.4187177106057,11.842824308397889,1381.1241701699744,30.07096125539898,12.46858,41.90814,Prati
3671,172.7725434269282,Entire home/apt,False,False,4.0,True,0,0,10.0,95.0,1,4.190275816175988,0.4455641330153141,399.7568215421668,8.858690099569275,1005.3992124531468,21.89037120403622,12.454,41.912,
1895,180.95527552427933,Entire home/apt,False,False,2.0,False,1,0,9.0,94.0,1,2.6583141982948897,1.6423153304263918,679.9521173953145,15.067873181785526,1990.3347243095448,43.33519003770797,12.472,41.893,Regola
4339,190.07317700418488,Entire home/apt,False,False,2.0,False,0,1,10.0,97.0,1,1.1805326928717763,0.4425234456133391,874.0120561029091,19.36827974175377,1682.892041572468,36.64129733745583,12.489,41.897,Monti
2280,518.7852149720618,Entire home/apt,False,False,5.0,False,0,1,8.0,50.0,2,2.6182905451854697,1.1726945061012948,824.0980442383376,18.262175383037224,1874.950724643834,40.82295554179471,12.4707,41.90115,Ponte
197,283.5901152596264,Entire home/apt,False,False,4.0,True,0,1,10.0,93.0,1,2.5936727350620505,1.562126613914698,770.8811483124346,17.08287846134885,2329.629365943879,50.722589551174494,12.472,41.895,Regola
1881,126.71545133612324,Entire home/apt,False,False,3.0,False,0,1,10.0,95.0,1,6.845109394718771,0.7695794916638032,177.52694470296322,3.934032148294527,434.1304907334239,9.452242925431896,12.42089,41.91103,
3762,230.5192527996633,Entire home/apt,False,False,3.0,True,0,0,10.0,99.0,2,3.942656914838519,0.1546491261632247,522.9511471175077,11.588700679719617,1268.7071133774937,27.623325458223235,12.456,41.909,Prati
2142,148.691931826152,Private room,False,True,2.0,False,0,1,9.0,92.0,1,3.0837347145798013,0.9261968499773828,462.933444088809,10.25869652977632,1248.2318705712437,27.177521781464858,12.475,41.882,Testaccio
3083,155.4719098496715,Private room,False,True,2.0,True,1,0,10.0,96.0,1,4.2748843920622255,0.9438813641238112,434.3310754656522,9.624862393391323,889.3131982059053,19.36285187440717,12.451,41.897,
2318,168.56428120543333,Entire home/apt,False,False,2.0,False,0,1,9.0,93.0,1,1.3764442937130492,0.1796546018413334,428.8182958526663,9.50269810863874,973.2656986825116,21.190734148609348,12.507,41.889,Esquilino
1659,275.40738316227527,Entire home/apt,False,False,4.0,False,0,0,9.0,83.0,2,3.0082266547682086,1.1348311496554118,699.555511911547,15.502288275063885,1583.2074020925722,34.47088210883128,12.466,41.901,Ponte
3556,209.01035700091177,Entire home/apt,False,False,5.0,False,0,1,10.0,100.0,2,5.424455303564559,0.3705539459167523,267.02960889613854,5.91742885961124,624.2582490223051,13.59185946141445,12.437,41.898,
2177,132.56025997708835,Entire home/apt,False,False,4.0,False,0,0,9.0,91.0,1,3.0147698433914085,0.7447866803696682,186.3717407833842,4.13003457589055,527.5816583834836,11.4869379241668,12.5374,41.90772,
332,196.15177799078856,Private room,False,True,4.0,False,0,1,10.0,93.0,1,4.0484896488582525,0.2926360774293391,432.3522843436238,9.581011991403928,1047.8205463242596,22.81400306480048,12.45543,41.91112,
2580,154.3029481214785,Private room,False,True,3.0,False,0,1,10.0,96.0,1,0.5319895234535795,0.4064165115710334,502.8486545176845,11.14322547435921,1343.155685558376,29.24428045845002,12.499,41.905,Castro Pretorio
268,148.691931826152,Entire home/apt,False,False,4.0,False,0,0,9.0,86.0,1,4.44464498569815,2.1600173263229245,230.352002357708,5.1046458565234,590.6676945893531,12.860498528981882,12.467,41.931,
2435,262.7825964977906,Entire home/apt,False,False,4.0,True,0,0,10.0,100.0,2,4.190258177129377,0.4455429301934859,399.7617911357716,8.858800226744831,1005.385754795586,21.890078192945808,12.454,41.912,
2029,219.0634278633717,Entire home/apt,False,False,2.0,False,0,1,8.0,90.0,1,2.649180541338265,1.5255023653223814,787.7269417240885,17.45618456964616,2284.2264565500936,49.73404039770129,12.470999999999998,41.896,Regola
257,239.63715427956888,Entire home/apt,False,False,4.0,True,1,0,10.0,98.0,1,4.452207085679048,0.9153374562057748,386.3747782605898,8.562141378091088,822.0668092617395,17.898708678465102,12.449000000000002,41.896,
3230,425.2682767166203,Entire home/apt,False,False,4.0,False,0,1,8.0,80.0,1,2.196955461659031,0.9125133689166962,1300.4189088724231,28.81753979551708,2370.414439091743,51.61059540967532,12.47579,41.9002,Sant'Eustachio
917,386.2249549949734,Private room,False,True,2.0,False,1,0,10.0,100.0,1,6.032002536561677,2.166197403518844,137.99676820534026,3.058035631655272,367.819149356213,8.00845834732098,12.52244,41.84871,
2975,126.71545133612324,Private room,False,True,2.0,True,0,0,10.0,99.0,1,2.3268973207316512,0.2655498802964323,301.8427961876297,6.688895964047013,757.7673704090253,16.49872888211855,12.51143,41.88108,
1821,161.31671849063662,Entire home/apt,False,False,2.0,False,0,1,10.0,92.0,1,2.623809113927454,1.653857618646461,734.5563152963131,16.277912989172464,2058.168336870896,44.81211874491832,12.472,41.894,Regola
2158,299.72178710869,Entire home/apt,False,False,5.0,True,0,0,10.0,98.0,2,2.1623969121864506,0.4425986531816714,658.428219551504,14.59089935555404,1580.4496326493838,34.41083770452023,12.478,41.908,Campo Marzio
1428,178.61735206789328,Entire home/apt,False,False,2.0,False,0,0,10.0,98.0,1,2.2398083606547314,0.5200729584995876,645.0982019525662,14.295503533475898,1616.4924913358157,35.19559220415376,12.477,41.908,Campo Marzio
2714,265.1205199541767,Private room,False,True,2.0,False,1,0,10.0,98.0,1,2.1055864489675664,0.9628389915147164,4512.345961692076,99.99447749875743,2334.685952186081,50.83268566871266,12.477,41.899,Colonna
375,107.31068664811912,Private room,False,True,2.0,True,0,1,10.0,95.0,1,0.5414727566348845,0.2494121479717231,572.0439795811767,12.676607540765747,1270.1776027803892,27.655342152171546,12.502,41.896,Esquilino
356,213.21861922240663,Entire home/apt,False,False,6.0,True,1,0,10.0,96.0,2,4.190272082601831,0.4455640200024397,399.7558717028247,8.858669050941902,1005.38368324464,21.89003308944999,12.454,41.912,
115,322.63343698127323,Private room,False,True,4.0,False,0,1,10.0,100.0,1,1.895759814704776,1.06293568544626,1145.1220259331867,25.376130205355363,1854.071829639248,40.368363220337336,12.48,41.897,Pigna
2325,289.43492390059146,Entire home/apt,False,False,4.0,False,0,1,7.0,80.0,1,2.593687785946894,1.5621349580732389,770.8764776251253,17.082774957995824,2329.5802069955985,50.72151922248065,12.472,41.895,Regola
1466,103.80380146354008,Private room,False,True,2.0,False,1,0,10.0,95.0,1,1.9400054847041737,0.1959754481379336,328.5506019891425,7.280746214212471,854.9518336413556,18.61470823546408,12.512,41.885,
1068,256.0026184742711,Entire home/apt,False,False,3.0,True,1,0,10.0,97.0,1,2.5936908878390588,1.5621319758285948,770.878564047082,17.08282119351836,2329.597498977853,50.72189571761383,12.472,41.895,Regola
4388,103.80380146354008,Private room,False,True,2.0,False,0,1,9.0,92.0,1,2.726557148903616,0.2419491970147345,210.8912957544544,4.673392755571173,648.9420330066619,14.129294927292133,12.531,41.889,Pigneto
1428,178.61735206789328,Entire home/apt,False,False,2.0,False,0,0,10.0,98.0,1,2.2398083606547314,0.5200729584995876,645.0982019525662,14.295503533475898,1616.4924913358157,35.19559220415376,12.477,41.908,Campo Marzio
4463,401.1876651158441,Private room,False,True,2.0,True,0,1,10.0,100.0,1,1.860139996809573,0.1415322630006004,790.2529324385956,17.51216102265047,1603.1657370242258,34.905431245986826,12.48143,41.90708,Campo Marzio
3791,184.4621607088584,Private room,False,True,2.0,False,1,0,9.0,92.0,1,4.005991915697212,1.2734232080377492,312.4390289357407,6.923710574029901,863.1791789227245,18.79384070344513,12.46696,41.87627,
43,111.7527412152526,Private room,False,True,2.0,True,1,0,10.0,99.0,1,4.746578154452423,2.046427536062522,189.7338656323887,4.204539926414632,475.83197740293457,10.360201686139892,12.50522,41.8582,Tor Marancia
2183,136.06714516166738,Private room,False,True,2.0,False,0,1,10.0,100.0,1,1.1036270246762987,0.8150004761270648,444.2590297941351,9.844867821639983,1194.4062289773403,26.00558603674608,12.497,41.91,Ludovisi
1834,299.95557945432864,Entire home/apt,False,False,5.0,True,1,0,10.0,92.0,2,3.1241719128045173,1.9395207619401784,540.3414497647035,11.974073220192889,1985.382987950736,43.227376797299335,12.467,41.891000000000005,Trastevere
3489,145.18504664157294,Entire home/apt,False,False,4.0,False,0,0,8.0,100.0,1,3.663276641998273,0.6261843145667327,270.5550054462117,5.995552343269903,691.3896135746708,15.053498252536183,12.49009,41.86917,Garbatella
1736,247.81988637692,Entire home/apt,False,False,4.0,False,0,1,9.0,94.0,1,3.1648951018754192,1.899223201461828,523.1587587474752,11.59330139443376,1964.676570292189,42.77653979321472,12.467,41.89,Trastevere
462,243.144039464148,Entire home/apt,False,False,2.0,True,0,1,10.0,95.0,1,0.5723299259418219,0.3866009887358103,683.864086235469,15.15456318372323,1299.0432558875254,28.28382868143825,12.5,41.896,Esquilino
2851,193.58006218876392,Entire home/apt,False,False,2.0,False,0,0,9.0,84.0,1,1.4533532467370074,0.573840620207636,1004.306837046545,22.2556378148897,1631.0791086548425,35.51318392669513,12.4867,41.89485,Monti
3669,115.25962639983166,Private room,False,True,2.0,False,0,1,10.0,88.0,1,0.3357684713930155,0.45125830364124,418.7853696783395,9.28036648355891,1108.510113299068,24.13538578803658,12.505999999999998,41.902,Castro Pretorio
1296,161.5505108362752,Entire home/apt,False,False,4.0,True,1,0,9.0,91.0,1,3.55199112405618,0.3979450409782586,582.5943044282656,12.910404822597211,1634.9735795052588,35.59797752062574,12.46,41.906000000000006,Prati
1159,190.07317700418488,Entire home/apt,False,False,4.0,True,0,0,10.0,98.0,1,3.7329543311666735,1.356099832133744,358.5091940917298,7.944634530695473,985.0867025703456,21.44811068113881,12.467,41.88,
1711,264.65293526289946,Entire home/apt,False,False,4.0,False,0,1,6.0,60.0,1,2.1181296063701343,1.212570016431382,1065.3057736346457,23.60738629425933,1979.4609185939216,43.09843667589183,12.47746,41.89633,Pigna
3863,311.17761204498163,Entire home/apt,False,False,4.0,True,0,1,10.0,98.0,1,2.0972246438290147,1.0702605693646197,847.8178883257805,18.78781181162933,1822.608622596667,39.68332062939376,12.47907,41.89335,Sant'Angelo
1860,265.1205199541767,Entire home/apt,False,False,4.0,False,0,1,9.0,90.0,1,3.289400519394188,0.684491094330773,607.1261919503727,13.454036294043949,1506.502968211904,32.80081064881257,12.46288,41.90432,Borgo
1009,470.3901994248708,Entire home/apt,False,False,2.0,False,1,0,9.0,93.0,2,2.811761851482932,0.1417875513186753,246.59384259308428,5.464568243180501,673.7361750219519,14.669133198177573,12.51723,41.87817,
2716,265.1205199541767,Entire home/apt,False,False,2.0,True,1,0,9.0,96.0,1,2.105587003895547,0.9628280246963404,4510.436032639489,99.95215309382606,2334.7361830795226,50.83377933667035,12.477,41.899,Colonna
2694,136.06714516166738,Private room,False,True,4.0,True,0,1,10.0,97.0,1,0.4539525252541712,0.2842304476201506,498.84436230956976,11.05448956835775,1115.1983261977778,24.281007011159627,12.504,41.897,Esquilino
2816,138.17127627241484,Entire home/apt,False,False,3.0,False,0,0,10.0,100.0,1,7.863467057744962,2.777428333981097,137.45910886155576,3.046120994433197,339.6693436404778,7.395557830982391,12.41652,41.93105,
165,149.860893554345,Private room,False,True,2.0,False,0,1,9.0,87.0,1,1.449419326241134,0.3709018368983054,996.895232581972,22.09139519649248,1538.1752953136538,33.49040637214847,12.495,41.889,Celio
77,297.383863652304,Entire home/apt,False,False,3.0,False,0,1,10.0,87.0,1,2.430485438551798,0.960347179559134,860.3563513630718,19.065666628324564,1949.356576445955,42.44298039911161,12.473,41.902,Ponte
3842,236.1302690949898,Entire home/apt,False,False,2.0,False,0,0,8.0,73.0,2,3.300274448355876,1.4245925466936769,280.717571177598,6.22075680653222,688.508018202473,14.990757809162126,12.47969,41.925340000000006,
1370,403.5255885722301,Entire home/apt,False,False,4.0,False,1,0,10.0,100.0,2,2.019015722090819,0.9668473936046316,270.6394486060345,5.997423620365345,735.7943054786003,16.02031340112392,12.5073,41.91865,
443,115.49341874547028,Private room,False,True,2.0,False,0,0,10.0,93.0,1,0.6146970349273289,0.3883657017610277,677.9677315419915,15.02389879944793,1525.8208464840477,33.22141524150945,12.49544,41.89869,Monti
44,414.9814135085217,Entire home/apt,False,False,4.0,True,0,0,10.0,96.0,1,2.530463017276682,1.3050227534916516,1087.3649177528555,24.09622128361885,3285.071472428531,71.5252539215626,12.472,41.898,Parione
2648,161.5505108362752,Private room,False,True,4.0,False,1,0,9.0,93.0,2,2.4540169238238883,0.4764633039922317,585.4716051016967,12.974166373659376,1473.0511811745282,32.07247107323264,12.47459,41.90869,Campo Marzio
2565,161.5505108362752,Private room,False,True,2.0,True,1,0,10.0,100.0,1,1.1747330005381886,0.6318448338995745,516.7646046635797,11.451605677373552,1248.857438318438,27.191142152387915,12.49282,41.90876,Ludovisi
807,138.40506861805343,Private room,False,True,2.0,False,0,0,8.0,80.0,1,3.772433999539198,0.3419562941627944,278.6634104089804,6.175236198294252,760.1854678808805,16.551377671386344,12.4844,41.86964,Garbatella
4454,305.33280340401654,Entire home/apt,False,False,4.0,True,0,0,10.0,98.0,1,2.9693100404251385,1.7876676196465109,579.5745722623045,12.843486961536705,2950.275271148756,64.23579811839622,12.469,41.891000000000005,Trastevere
680,173.0063357725668,Entire home/apt,False,False,4.0,True,0,1,10.0,97.0,2,3.4406688672416923,0.6342261848991515,621.5446935589524,13.773553136702944,1539.1314529483886,33.51122461558318,12.461,41.904,Borgo
1725,414.9814135085217,Entire home/apt,False,False,6.0,False,0,1,8.0,83.0,2,2.6448797171130383,1.6272764365353725,737.1422912060846,16.33521872594824,2103.297739474266,45.794712885601726,12.47153,41.89453,Regola
4116,346.0126715451336,Entire home/apt,False,False,4.0,False,0,0,9.0,89.0,2,0.5319825997862284,0.4064070683976917,502.8535598930052,11.143334178444912,1343.1906795648126,29.2450423764835,12.499,41.905,Castro Pretorio
2700,193.58006218876392,Entire home/apt,False,False,2.0,True,1,0,9.0,92.0,1,2.969320720703016,1.7876693133715391,579.5714408382341,12.843417568560987,2950.34605910012,64.23733937137605,12.469,41.891000000000005,Trastevere
1131,119.93547331260372,Private room,False,True,4.0,False,0,1,9.0,96.0,1,5.646191877813219,0.436616957171147,179.38133129221734,3.9751257212712847,499.977958892669,10.88592767771531,12.48071,41.85266,San Paolo
869,103.80380146354008,Private room,False,True,2.0,False,0,1,9.0,89.0,1,3.931149717075445,1.5915081523567487,338.31632673556624,7.497156602889573,911.7734786287746,19.851875408256685,12.464,41.88,Monteverde
2726,274.2384214340822,Entire home/apt,False,False,5.0,False,0,0,5.0,60.0,2,1.1299296326392885,0.6376261473427642,384.040138953077,8.510405310049162,1250.3532028791954,27.223709157676225,12.501,41.911,
1753,234.4937226755196,Entire home/apt,False,False,4.0,True,0,1,9.0,95.0,1,2.6779800391716395,1.2896896106148743,831.3038978887464,18.42185852276593,2365.5699705031243,51.50511769059853,12.47,41.9,Ponte
2866,228.1813293432773,Private room,False,True,4.0,False,0,1,10.0,100.0,2,3.0911986188227725,1.0873851910131676,673.8183753376074,14.931948246645453,1496.2397453591238,32.5773513948025,12.465,41.901,Ponte
4197,172.7725434269282,Entire home/apt,False,False,3.0,False,0,1,10.0,94.0,1,2.6779728434047434,1.2896833470898776,831.3104906876232,18.422004620490824,2364.875649219297,51.4900003616315,12.47,41.9,Ponte
4419,122.27339676898976,Private room,False,True,2.0,True,1,0,10.0,95.0,1,4.417357584354806,0.720780914597281,344.3413994182517,7.630673403221799,832.9461083793461,18.13558164710715,12.452,41.914,
107,138.40506861805343,Private room,False,True,2.0,False,1,0,10.0,97.0,1,3.874897575953734,1.2942975157615677,332.3266753615524,7.364424745751642,910.5268425792837,19.82473263199261,12.467,41.878,
3691,222.33652070231216,Entire home/apt,False,False,4.0,False,0,0,10.0,91.0,1,1.618333905167778,0.7815207940604754,298.7473486108905,6.620300234533233,847.1237291330589,18.44426836303521,12.507,41.915,
1018,259.2757113132116,Entire home/apt,False,False,4.0,True,0,0,10.0,100.0,2,1.7171426242535437,0.3486563338480047,324.10389410134087,7.182206289391728,811.8343070952565,17.67591830027903,12.51402,41.88816,Esquilino
197,283.5901152596264,Entire home/apt,False,False,4.0,True,0,1,10.0,93.0,1,2.5936727350620505,1.562126613914698,770.8811483124346,17.08287846134885,2329.629365943879,50.722589551174494,12.472,41.895,Regola
3507,96.79003109438196,Private room,False,True,2.0,False,0,1,9.0,96.0,1,2.402680871780005,0.3989530605743226,260.4161166944264,5.770872566550695,710.5516081286502,15.470708817852676,12.51892,41.88319,
2158,299.72178710869,Entire home/apt,False,False,5.0,True,0,0,10.0,98.0,2,2.1623969121864506,0.4425986531816714,658.428219551504,14.59089935555404,1580.4496326493838,34.41083770452023,12.478,41.908,Campo Marzio
1428,178.61735206789328,Entire home/apt,False,False,2.0,False,0,0,10.0,98.0,1,2.2398083606547314,0.5200729584995876,645.0982019525662,14.295503533475898,1616.4924913358157,35.19559220415376,12.477,41.908,Campo Marzio
1108,193.58006218876392,Entire home/apt,False,False,6.0,True,0,0,10.0,97.0,3,4.000047710347178,0.2710754106928247,628.5500417722401,13.92879303635414,1248.863311026455,27.191270017774,12.455,41.908,
88,213.21861922240663,Entire home/apt,False,False,5.0,True,1,0,9.0,93.0,2,5.309851644858116,3.0962440200564343,182.13192948146664,4.03607952026587,500.08659553169497,10.888293003175267,12.46437,41.9394,
723,265.1205199541767,Entire home/apt,False,False,5.0,False,0,0,9.0,94.0,3,3.082684641164271,1.9532718963237763,586.7418492890048,13.00231523566686,1688.6370781719652,36.766382957362886,12.46667,41.8929,Trastevere
1214,230.5192527996633,Entire home/apt,False,False,2.0,True,1,0,10.0,100.0,1,3.648067874182751,1.5803641453822868,485.6909515271418,10.763007388205455,1107.805996796205,24.12005518957613,12.459,41.895,
3549,86.736960231922,Private room,False,True,3.0,False,1,0,9.0,100.0,1,1.8519183962130488,0.3133237711408104,250.62654170058184,5.553933651681385,691.0116123313129,15.045268101338332,12.51669,41.91358,
3081,158.97879503425057,Private room,False,True,2.0,True,1,0,10.0,98.0,1,4.2748677948137335,0.9439008673294368,434.3327516475125,9.624899537912322,889.3157018489402,19.36290638576417,12.451,41.897,
1559,334.3230542632034,Entire home/apt,False,False,6.0,False,1,0,10.0,93.0,2,2.7218083866353795,1.4542561599663006,798.5291398599701,17.695563413291048,2217.8909329631315,48.28972930480756,12.4697,41.89786,Parione
4052,178.61735206789328,Entire home/apt,False,False,2.0,False,1,0,10.0,96.0,1,5.657227712846805,0.3520098132090737,181.46066013044904,4.021204058901476,509.4414607751849,11.091974754868778,12.479,41.853,San Paolo
465,94.45210763799592,Private room,False,True,2.0,False,0,1,10.0,94.0,1,6.191825998485515,0.2552848163284806,211.63098146016063,4.689784336864657,547.1641245733227,11.9133033406864,12.42764,41.90075,
1546,278.9142683468543,Entire home/apt,False,False,6.0,True,1,0,9.0,96.0,2,3.0466051212693643,1.8633104467236337,561.1326286775518,12.43480985023485,2548.3965661853285,55.48576736277062,12.468,41.891000000000005,Trastevere
3856,232.62338391041075,Private room,False,True,3.0,False,0,1,9.0,93.0,1,1.9882514997835563,1.4625163558358487,318.94209646567253,7.067819834559833,906.1747663085245,19.72997567983353,12.49906,41.91861,
1824,103.80380146354008,Private room,False,True,4.0,True,1,0,10.0,100.0,1,3.8420454655571095,0.3519770688050928,164.34435678116728,3.6419033969726513,462.7644145532181,10.07568405576061,12.54421,41.88627,
1035,165.9925654034087,Private room,False,True,2.0,True,1,0,10.0,100.0,1,3.713593835779104,0.474807927173469,298.12719594919184,6.606557529097418,930.938990335485,20.26916255188944,12.48071,41.87157,
2250,173.0063357725668,Entire home/apt,False,False,6.0,True,0,0,10.0,98.0,3,7.1114558115426245,0.1845999355331445,107.36704941009742,2.3792750151453483,336.06727662996354,7.317130691806922,12.562,41.855,Appio Claudio
925,119.70168096696511,Private room,False,True,2.0,False,1,0,8.0,84.0,1,3.2331570281798703,1.3770248448832347,484.8691114539113,10.744795249905804,1266.606421327236,27.57758747852729,12.47028,41.884240000000005,Trastevere
326,163.65464194702264,Private room,False,True,2.0,True,0,1,10.0,100.0,1,0.2088642172714105,0.3054086412705259,545.0942034630568,12.079395180605898,1291.078348046624,28.11041021533676,12.502,41.899,Esquilino
704,311.17761204498163,Entire home/apt,False,False,6.0,True,0,1,10.0,97.0,2,0.8754524753549348,0.4640249104895639,748.7597277860672,16.592663414487745,1783.9385381469076,38.84136402885971,12.492,41.899,Monti
3968,101.46587800715405,Private room,False,True,2.0,False,0,1,9.0,92.0,1,4.803758346367379,2.037554451705364,250.67499624715973,5.555007414001171,682.9605275438042,14.869973320508228,12.458,41.873000000000005,
146,184.4621607088584,Private room,False,True,2.0,False,0,1,10.0,94.0,1,1.8957628598239125,1.0629341489191908,1145.120363015848,25.376093354778785,1854.077600723013,40.36848887307738,12.48,41.897,Pigna
2188,126.71545133612324,Private room,False,True,2.0,False,0,1,10.0,100.0,1,1.1036243578881573,0.8150065407054055,444.261709692345,9.844927208713475,1194.4200332281214,26.005886594146617,12.497,41.91,Ludovisi
920,103.80380146354008,Private room,False,True,2.0,False,0,1,9.0,90.0,1,3.9311656345337616,1.591509187666713,338.3139333595088,7.497103565203554,911.766457832362,19.8517225457542,12.464,41.88,Monteverde
30,190.07317700418488,Entire home/apt,False,False,4.0,True,1,0,10.0,96.0,1,1.6287994350333916,1.1922088675401872,390.5694122621875,8.65509529582017,937.045120303552,20.402110190962013,12.497,41.915,
1288,207.60760292708017,Entire home/apt,False,False,4.0,False,1,0,8.0,85.0,1,2.1624092630245664,0.4426105974991791,658.4316775042257,14.590975984469146,1580.4504469859066,34.410855434918815,12.478,41.908,Campo Marzio
4284,170.66841231618076,Entire home/apt,False,False,4.0,False,0,0,9.0,93.0,1,3.397571176407847,0.8893400060727659,390.903462148838,8.66249790726834,1068.6344774522713,23.2671809397818,12.4729,41.87955,Testaccio
3221,195.91798564515,Entire home/apt,False,False,4.0,False,0,0,10.0,95.0,1,2.5936830413376204,1.562134193879527,770.8767398273477,17.082780768448846,2329.5848206612927,50.72161967497097,12.472,41.895,Regola
3212,161.5505108362752,Entire home/apt,False,False,5.0,False,0,0,10.0,100.0,2,1.915221005960042,0.3022103237841357,391.6100222935547,8.678155419589471,833.7424804117705,18.15292090815923,12.507,41.88399999999999,
2190,126.71545133612324,Private room,False,True,2.0,False,1,0,8.0,100.0,1,3.1971058168844126,0.3530901491206578,338.0277049498999,7.490760687129239,835.0003995483667,18.18030934899316,12.48631,41.87467,
1168,138.17127627241484,Entire home/apt,False,False,4.0,False,0,1,9.0,92.0,1,4.234609204418082,2.361661871105665,214.5143488029268,4.75368032651718,541.8992797961934,11.798672848563989,12.477,41.934,
2895,368.69052907207816,Entire home/apt,False,False,4.0,False,0,0,10.0,100.0,2,2.2705060170977345,1.231405950183169,798.9336509781645,17.704527459543193,2162.131379326592,47.07568685066936,12.477,41.893,Sant'Angelo
1477,167.1615271316017,Entire home/apt,False,False,5.0,False,1,0,9.0,95.0,2,1.1886953601186836,0.9155744206072564,323.5919483363416,7.170861470152823,885.7523675678342,19.28532256714633,12.515,41.896,
561,103.80380146354008,Private room,False,True,3.0,False,0,1,9.0,93.0,1,2.559684221587983,0.8244059507602126,310.6624179147885,6.884340523003931,741.551171563695,16.145656582234203,12.505999999999998,41.878,
3027,130.2223365207023,Private room,False,True,3.0,False,1,0,9.0,85.0,1,1.785369878061457,0.2714195745288488,252.2146319067496,5.589126044227253,728.126864195611,15.85337161940096,12.51736,41.91231,
1164,146.58780071540457,Private room,False,True,2.0,True,1,0,9.0,92.0,1,2.857387091823468,0.0765602574502886,241.95049168411376,5.361670670182404,663.1238183368316,14.438072317773567,12.518,41.878,
307,357.23470413578656,Entire home/apt,False,False,6.0,False,0,1,9.0,90.0,2,2.239841625830209,0.5201066047102539,645.0888150986802,14.295295518940298,1616.5269726645845,35.19634295975116,12.477,41.908,Campo Marzio
1210,138.40506861805343,Entire home/apt,False,False,4.0,False,1,0,10.0,92.0,2,3.5727557502716154,0.5318180848209272,173.78228277557278,3.851049700579352,529.6831671579938,11.53269368624893,12.5236,41.9288,
2784,285.9280387160124,Private room,False,True,2.0,True,0,1,10.0,96.0,1,4.050994406894618,0.2613283734904829,458.5802337704703,10.162228529556486,1100.297104723331,23.956565470497093,12.45512,41.91038,Prati
2910,125.78028195356885,Private room,False,True,2.0,False,0,1,9.0,90.0,1,1.874260000860134,0.6775004389867556,441.8364415614012,9.79118278804916,878.0902574034196,19.11849685888264,12.502,41.88399999999999,Monti
3331,103.80380146354008,Private room,False,True,2.0,False,1,0,10.0,95.0,1,3.0096105081181057,1.6597666304887506,275.93343340382904,6.114739368811044,687.9560333659431,14.97873954535112,12.48699,41.92545,
1519,131.3912982488953,Private room,False,True,3.0,True,0,1,10.0,96.0,1,0.486963661878114,0.2921759170302962,472.2841769101602,10.465910615451364,1076.8444132843097,23.44593435504073,12.505,41.897,Esquilino
110,285.9280387160124,Entire home/apt,False,False,4.0,False,0,1,10.0,95.0,0,2.317640912635506,0.5284589483114407,627.7365606734728,13.910766134579116,2039.1080438230688,44.39712250769571,12.476,41.908,Campo Marzio
778,153.36777873892407,Private room,False,True,2.0,False,0,1,9.0,87.0,1,3.362934984437249,0.4429890722489985,522.4016259125015,11.576523181310677,1325.9753671641254,28.87021656184516,12.46274,41.90761,Prati
2782,206.43864119888715,Entire home/apt,False,False,6.0,True,0,0,10.0,98.0,2,5.130893795717628,2.3831458374832275,232.202631073758,5.14565615428794,635.2245706456232,13.830627154987186,12.454,41.872,Monteverde
3451,69.20253430902672,Private room,False,True,2.0,False,0,1,9.0,95.0,1,2.449272312989681,0.2252546768477455,208.4757903975305,4.619864679906851,581.7797771668246,12.666983545878557,12.52752,41.91226,
837,132.79405232272694,Private room,False,True,2.0,True,0,0,10.0,100.0,1,5.54888461436714,2.989354220484991,216.1380726141564,4.789662366787273,586.4617680606815,12.768923668141404,12.4464,41.87342,Monteverde
1342,124.6113202253758,Private room,False,True,3.0,False,0,1,9.0,93.0,1,2.969312750880936,1.7876669410661998,579.5737513199765,12.843468769292617,2950.307671289252,64.23650356066604,12.469,41.891000000000005,Trastevere
2329,393.23872536413154,Entire home/apt,False,False,6.0,False,0,1,8.0,81.0,2,2.2705015964655635,1.23139301411008,798.9266797125605,17.704372974920894,2161.996868223465,47.07275816528545,12.477,41.893,Sant'Angelo
3805,248.98884810511305,Entire home/apt,False,False,5.0,True,1,0,10.0,98.0,2,0.8754441503532895,0.4640089077650693,748.7564990879266,16.59259186589943,1784.002477871442,38.842756176662704,12.492,41.899,Monti
3300,115.49341874547028,Private room,False,True,3.0,False,1,0,9.0,75.0,1,2.4565270228928253,0.3149464941240584,208.44474491608315,4.6191767059078765,583.3528026390345,12.701232738710186,12.527,41.913,
2797,1073.34065882683,Entire home/apt,False,False,4.0,True,0,1,8.0,93.0,1,1.1245272033372375,0.0991713075140431,774.3394039079957,17.159514088198176,1670.1432112028942,36.36371941044879,12.489,41.903,Trevi
1858,228.4151216889159,Entire home/apt,False,False,3.0,True,1,0,10.0,99.0,1,1.8786836328327376,0.364688508651823,904.6631948245064,20.047515028061188,1939.9918721644835,42.23908442386288,12.48,41.904,Campo Marzio
2807,177.21459799406165,Entire home/apt,False,False,4.0,False,0,1,9.0,86.0,1,3.005801052506341,1.832729112797013,572.0607806045952,12.676979854762155,2836.272667005577,61.75364049184319,12.46847,41.89111,Trastevere
3892,507.0955976901316,Entire home/apt,False,False,4.0,False,1,0,10.0,100.0,1,2.659981201890187,0.5271477571679529,429.4078032192854,9.515761708284511,920.3342071026495,20.03826656686208,12.48774,41.87952,San Saba
4407,470.15640707923217,Entire home/apt,False,False,5.0,False,0,1,9.0,85.0,2,1.4241923296032266,0.2696483729310634,801.7253140252272,17.766391263895407,1658.5387023110463,36.11105658344769,12.486,41.905,Colonna
867,218.82963551773312,Entire home/apt,False,False,5.0,False,1,0,10.0,100.0,3,3.434875429282447,0.2801460223639264,200.62950398207352,4.445989423647686,581.3282384078683,12.657152275947034,12.5263,41.87571,
1179,92.11418418160989,Entire home/apt,False,False,2.0,False,0,0,9.0,90.0,1,5.833544476837203,2.034259593082868,189.1674645167872,4.191988365853869,524.7206864055155,11.424646510143052,12.455,41.862,
3112,145.18504664157294,Private room,False,True,2.0,False,0,1,9.0,84.0,1,0.8284445544469842,0.4282771403277166,549.7916395097284,12.183491290934862,1310.7251642688714,28.53817671321684,12.495,41.906000000000006,Sallustiano
1065,219.0634278633717,Entire home/apt,False,False,4.0,True,0,0,9.0,95.0,1,3.241237647102865,0.4387771521499491,385.8077510983138,8.549575944212402,1119.3863496000909,24.37219207053931,12.478,41.878,Testaccio
3774,121.10443504079676,Private room,False,True,2.0,True,1,0,10.0,98.0,1,3.6710332075616408,0.4310473428545073,302.43810137102514,6.702088044457357,953.498705895364,20.76035106859641,12.48085,41.87195,
2678,129.28716713814788,Private room,False,True,2.0,False,0,1,10.0,93.0,1,4.689032084356726,0.8424098408639833,309.880965664839,6.867023386842981,730.1691234241088,15.89783735207008,12.449000000000002,41.915,
3472,69.20253430902672,Private room,False,True,2.0,False,1,0,10.0,100.0,1,3.75921347721226,0.3263461479311578,188.2645850532089,4.1719803786624325,578.2124686059758,12.589313196002529,12.52758,41.87282,
4370,237.2992308231828,Entire home/apt,False,False,2.0,False,1,0,9.0,97.0,1,2.593671335231293,1.5621318425213406,770.8776889495186,17.082801801183564,2329.5989312779843,50.72192690281984,12.472,41.895,Regola
1632,122.27339676898976,Private room,False,True,2.0,False,0,0,10.0,89.0,1,1.103630629340667,0.8149967117191298,444.2568146091836,9.844818732704056,1194.3953677812192,26.00534955793064,12.497,41.91,Ludovisi
163,101.23208566151544,Private room,False,True,2.0,False,0,1,8.0,84.0,1,0.6067058181143764,0.4886466961418942,483.3061365000287,10.710159416309716,1253.7620706451294,27.29792980541246,12.49907,41.90579,Castro Pretorio
1781,271.9004979776962,Entire home/apt,False,False,6.0,False,0,1,9.0,92.0,2,4.190275237274304,0.4455630728964235,399.7571513071934,8.858697407227378,1005.3998275948928,21.89038459740375,12.454,41.912,
1013,161.5505108362752,Entire home/apt,False,False,4.0,False,0,0,9.0,93.0,1,4.15668482382391,1.107004282146858,438.8202928145984,9.724344336264762,912.4532421285064,19.86667577328161,12.45257,41.89611,
3805,248.98884810511305,Entire home/apt,False,False,5.0,True,1,0,10.0,98.0,2,0.8754441503532895,0.4640089077650693,748.7564990879266,16.59259186589943,1784.002477871442,38.842756176662704,12.492,41.899,Monti
2325,289.43492390059146,Entire home/apt,False,False,4.0,False,0,1,7.0,80.0,1,2.593687785946894,1.5621349580732389,770.8764776251253,17.082774957995824,2329.5802069955985,50.72151922248065,12.472,41.895,Regola
4029,80.65835924531831,Private room,False,True,2.0,True,1,0,9.0,97.0,1,8.38359417155023,0.2850233925571049,117.9636426101882,2.614097612815281,345.316999558451,7.518523199311508,12.4636,41.83115,
945,161.5505108362752,Private room,False,True,2.0,False,1,0,8.0,84.0,1,1.5593218048999276,1.2549513081988817,267.6183016406381,5.930474407069988,707.152195215764,15.396694028884117,12.521,41.9,
1799,148.691931826152,Private room,False,True,2.0,True,0,1,9.0,93.0,1,3.083729115909567,0.9262160688698368,462.9382604457626,10.258803261197428,1248.2573611015862,27.17807678207007,12.475,41.882,Testaccio
1979,159.21258737988916,Private room,False,True,4.0,True,1,0,10.0,100.0,1,3.831218165153035,0.599324768184716,300.34616426996644,6.655730305233348,889.6000354912977,19.36909712959996,12.477,41.872,
2128,119.93547331260372,Private room,False,True,2.0,True,1,0,10.0,99.0,1,4.024085912684894,1.2689114908104844,309.83879298137026,6.866088831850085,861.2098381083716,18.75096260992818,12.467,41.876000000000005,
2775,97.72520047693638,Private room,False,True,2.0,False,1,0,10.0,100.0,1,0.5790895260712229,0.3781301631571503,447.2602269486108,9.91137494318614,1260.2173493009032,27.43847939432211,12.501,41.906000000000006,Castro Pretorio
2077,218.82963551773312,Private room,False,True,3.0,True,1,0,8.0,80.0,1,1.1154609863316625,0.8342391019801115,331.7012447903197,7.350565080798402,974.1109368386456,21.209137362740027,12.514,41.896,
1042,234.0261379842424,Entire home/apt,False,False,4.0,True,0,0,10.0,99.0,0,2.7106121000414327,1.5008105711301394,784.8780197975515,17.39305189721871,2342.635768041498,51.00577553980396,12.47,41.897,Parione
2055,456.3626586865546,Private room,False,True,2.0,False,1,0,10.0,100.0,1,2.92543275429718,0.0321308820636753,235.6598545070268,5.22226890821706,652.0595391079522,14.197171811362477,12.51907,41.87773,
281,140.5091997288009,Private room,False,True,3.0,False,0,0,10.0,98.0,1,4.788727188438569,0.4917875346031866,150.44452134638183,3.3338802991384404,435.6108410778789,9.48447431983798,12.53982,41.86816,Quadraro
4027,380.38014635400833,Entire home/apt,False,False,4.0,False,0,1,8.0,90.0,2,2.465505676892282,1.4967440485278207,768.7574024769351,17.035815834288826,2174.072626347814,47.33568141471507,12.474,41.894,Regola
3105,145.18504664157294,Private room,False,True,2.0,False,0,1,10.0,80.0,1,0.8284420021243363,0.428267112893891,549.7965536088514,12.183600188341742,1310.7246750072245,28.53816606061344,12.495,41.906000000000006,Sallustiano
3371,103.80380146354008,Private room,False,True,2.0,False,0,1,10.0,100.0,1,1.2160055672738497,0.7325387788226605,383.23642430536216,8.4925948347579,1136.9575422364528,24.754766399764293,12.5004,41.91173,
2892,265.1205199541767,Entire home/apt,False,False,3.0,False,0,0,10.0,90.0,2,4.45958288110873,1.726629013802519,250.2377392699922,5.545317713048329,617.044893476333,13.43480440450552,12.46099,41.9266,
2577,158.97879503425057,Entire home/apt,False,False,2.0,False,0,1,10.0,94.0,1,0.8958018829092275,0.6326905684671897,479.4401693595975,10.624488821121172,1256.7779934285684,27.36359493468096,12.49677,41.90782,Sallustiano
170,87.43833726883781,Private room,False,True,2.0,False,1,0,10.0,80.0,1,3.1731050919807755,0.5387789918314209,178.08278096288498,3.946349589567336,533.2840487399466,11.611095015307455,12.53814,41.91072,
4259,138.17127627241484,Private room,False,True,2.0,True,1,0,10.0,97.0,1,2.9214474360315714,0.428527366329792,379.05998921692907,8.400044208538022,879.643408954617,19.152313340505778,12.48705,41.87715,San Saba
3930,115.49341874547028,Private room,False,True,2.0,False,1,0,9.0,91.0,1,3.90506209486236,0.1766515854921149,184.06924628532644,4.079010843173319,545.1069669447489,11.868513227906409,12.52756,41.87124,
806,236.1302690949898,Entire home/apt,False,False,4.0,False,0,1,9.0,94.0,1,3.184168082862958,1.7899160189078018,552.9219724607793,12.2528600872317,1471.1988737806766,32.03214112674655,12.465,41.894,Trastevere
322,103.80380146354008,Private room,False,True,2.0,False,1,0,10.0,93.0,1,4.542394136082337,1.7764470737459288,267.97821920828113,5.938450251436671,719.2532151382558,15.660167298775034,12.461,41.874,Monteverde
995,253.6646950178851,Entire home/apt,False,False,4.0,True,0,0,9.0,94.0,2,2.852276942368297,0.1671745048090615,210.601933862903,4.66698043891829,589.2343326587031,12.829290204623735,12.514,41.925,
256,134.89818343347437,Entire home/apt,False,False,3.0,False,0,0,9.0,87.0,1,3.895931152891849,1.1401713059383762,594.2828934952154,13.169426264297366,1076.5254250195865,23.438989082518106,12.45537,41.89901,
2135,145.18504664157294,Private room,False,True,2.0,False,0,1,7.0,87.0,1,0.5273758286546194,0.243485120627622,650.1675672527357,14.40784166950186,1614.6601359034876,35.15569666803779,12.496,41.9,Castro Pretorio
3630,100.29691627896102,Private room,False,True,2.0,False,1,0,9.0,90.0,1,4.042385373429215,1.187812624478964,303.3648071747282,6.7226240280506016,852.5483846917118,18.56237838576261,12.468,41.875,
3108,80.65835924531831,Shared room,True,False,3.0,False,0,1,10.0,90.0,1,4.160785216180017,1.3535442029942495,295.5695074903054,6.549878647818766,838.1605409549649,18.249114523684803,12.466,41.875,
115,322.63343698127323,Private room,False,True,4.0,False,0,1,10.0,100.0,1,1.895759814704776,1.06293568544626,1145.1220259331867,25.376130205355363,1854.071829639248,40.368363220337336,12.48,41.897,Pigna
604,163.88843429266126,Private room,False,True,2.0,False,0,1,10.0,92.0,1,0.9465485155666864,0.6469595089729016,486.67435315765886,10.784799762515805,1241.6881022922275,27.03504552434572,12.496,41.908,Sallustiano
2484,276.57634489046825,Entire home/apt,False,False,6.0,False,0,1,10.0,100.0,3,2.354339850584826,0.392779282301493,214.3138928721464,4.749238183509954,608.8606753289537,13.256610935640738,12.52515,41.91338,
1435,138.40506861805343,Private room,False,True,2.0,True,1,0,10.0,96.0,1,1.6171971977058643,0.6751574983207531,633.4222301974612,14.036761693897583,1061.0524814737894,23.102099542879262,12.49725,41.8868,Celio
3150,241.9750777359549,Entire home/apt,False,False,3.0,True,1,0,10.0,98.0,1,1.0566033723032109,0.2016894595878064,650.1767345042003,14.408044817604445,1472.6314826129574,32.06333305403312,12.49079,41.90502,Trevi
4116,346.0126715451336,Entire home/apt,False,False,4.0,False,0,0,9.0,89.0,2,0.5319825997862284,0.4064070683976917,502.8535598930052,11.143334178444912,1343.1906795648126,29.2450423764835,12.499,41.905,Castro Pretorio
1333,184.4621607088584,Entire home/apt,False,False,2.0,True,0,0,10.0,99.0,1,3.786767322065904,0.6566730904817094,177.78492600025118,3.939749064782262,505.9305600568919,11.015532562521694,12.513,41.934,
3841,149.860893554345,Private room,False,True,2.0,False,0,1,9.0,93.0,1,1.9755121555196784,0.2348388400080244,359.47871242027384,7.966119248292763,826.4443838797456,17.9940208014254,12.50873,41.88376,
1906,141.21057676571667,Private room,False,True,2.0,False,0,1,10.0,83.0,1,2.593700974230763,1.562133735607922,770.877919079745,17.08280690091482,2329.5869199061967,50.72166538144221,12.472,41.895,Regola
4060,116.19479578238608,Private room,False,True,2.0,True,1,0,10.0,97.0,1,3.833189641412548,0.259555367544925,185.156386575389,4.103102086662967,564.6268340215822,12.29351568551002,12.52824,41.87235,
1216,218.82963551773312,Entire home/apt,False,False,3.0,False,0,0,9.0,94.0,1,1.3643408648640554,0.3533932515815318,641.398789551162,14.213523824191348,1540.78651191651,33.54725990855734,12.488,41.907,Ludovisi
2580,154.3029481214785,Private room,False,True,3.0,False,0,1,10.0,96.0,1,0.5319895234535795,0.4064165115710334,502.8486545176845,11.14322547435921,1343.155685558376,29.24428045845002,12.499,41.905,Castro Pretorio
1309,216.7255044069857,Entire home/apt,False,False,4.0,True,0,0,10.0,97.0,1,1.0115889245619258,0.2018306990000175,472.6382644699548,10.47375726569296,1112.8167516071546,24.229153427833623,12.505,41.892,Esquilino
1903,141.21057676571667,Private room,False,True,2.0,False,0,1,8.0,100.0,1,2.59368122958361,1.5621289072044136,770.8800789138442,17.08285476326493,2329.6157086648664,50.72229219376311,12.472,41.895,Regola
3974,207.60760292708017,Entire home/apt,False,False,2.0,False,0,0,9.0,93.0,1,2.2647189486806694,0.2089397528299535,592.397866056985,13.127653684057089,1084.8783341370124,23.62085542869108,12.48604,41.88447,Ripa
1042,234.0261379842424,Entire home/apt,False,False,4.0,True,0,0,10.0,99.0,0,2.7106121000414327,1.5008105711301394,784.8780197975515,17.39305189721871,2342.635768041498,51.00577553980396,12.47,41.897,Parione
4147,119.93547331260372,Private room,False,True,2.0,False,0,1,9.0,70.0,1,0.2677584976763581,0.2517812878281807,471.4517345753053,10.447463528940638,1255.762901446758,27.341493524601425,12.50256,41.90327,Castro Pretorio
2580,154.3029481214785,Private room,False,True,3.0,False,0,1,10.0,96.0,1,0.5319895234535795,0.4064165115710334,502.8486545176845,11.14322547435921,1343.155685558376,29.24428045845002,12.499,41.905,Castro Pretorio
2709,299.72178710869,Entire home/apt,False,False,6.0,True,0,0,10.0,99.0,2,4.434909954380612,0.4400729871938793,228.9797144912532,5.074235686436934,644.5221619460651,14.033061891705836,12.48534,41.863,Garbatella
3000,119.70168096696511,Private room,False,True,2.0,False,1,0,10.0,97.0,1,3.788722596040152,1.4218047168783683,280.7850835619824,6.222252894300873,764.2195726709866,16.6392114892744,12.46904,41.92428,
1643,167.1615271316017,Entire home/apt,False,False,4.0,False,1,0,10.0,95.0,2,4.452222086972183,0.91535133221506,386.3695600599279,8.562025741734058,822.0601284791155,17.898563219019977,12.449000000000002,41.896,
136,126.71545133612324,Private room,False,True,2.0,False,0,1,10.0,93.0,1,2.377121798276192,0.3200588202924951,265.5990654874643,5.885727735206313,720.6848970816559,15.691339045081335,12.518,41.883,
277,149.860893554345,Entire home/apt,False,False,4.0,False,0,0,10.0,95.0,2,6.934507556028208,2.48817421866623,101.37283237602864,2.246441982079086,295.1414165722361,6.42605950594219,12.56,41.946000000000005,
1684,139.57403034624645,Entire home/apt,False,False,4.0,False,0,0,9.0,88.0,1,2.6425490365083406,0.0863817614393914,218.0632820899419,4.832325388913937,640.5943692314578,13.94754278698576,12.52904,41.88802,Pigneto
3096,380.38014635400833,Entire home/apt,False,False,4.0,False,1,0,10.0,100.0,1,2.276770406167044,0.4210116954924537,611.3078222560374,13.546702047303503,1656.384175234226,36.06414646366983,12.47705,41.90898,Campo Marzio
2077,218.82963551773312,Private room,False,True,3.0,True,1,0,8.0,80.0,1,1.1154609863316625,0.8342391019801115,331.7012447903197,7.350565080798402,974.1109368386456,21.209137362740027,12.514,41.896,
2735,161.31671849063662,Entire home/apt,False,False,3.0,False,0,1,10.0,93.0,1,3.237243028919254,1.9462995151007696,251.8963109389686,5.582071988726994,653.5432150852911,14.229475614158591,12.488,41.928,
535,163.88843429266126,Private room,False,True,2.0,False,0,1,10.0,92.0,1,0.9465291832325188,0.6469504883305526,486.6724313421869,10.784757174705472,1241.702062491151,27.03534947717633,12.496,41.908,Sallustiano
2630,240.8061160077619,Entire home/apt,False,False,3.0,True,1,0,10.0,100.0,1,3.73133311045839,0.8162231691321404,256.8911157252706,5.69275784904327,707.0201640420686,15.393819338545295,12.493,41.868,Garbatella
2228,214.38758095059967,Entire home/apt,False,False,3.0,False,0,1,8.0,87.0,1,2.28206599563495,0.5771244599025,665.3935345276857,14.745252110766184,1649.1816850339858,35.90732797592505,12.476,41.907,Campo Marzio
2530,201.76279428611505,Entire home/apt,False,False,4.0,True,0,0,10.0,96.0,2,3.863765658084757,1.4162658988883965,340.1487903703547,7.537764358866562,922.0196709479414,20.07496385960651,12.46587,41.87917,
1600,184.4621607088584,Entire home/apt,False,False,6.0,False,1,0,9.0,88.0,1,2.920974187425673,1.251698053591425,702.3304389318356,15.56378120575816,1763.471349700313,38.39573571818527,12.46706,41.90028,Ponte
2923,98.6603698594908,Private room,False,True,2.0,False,0,1,9.0,93.0,1,0.6886608174325857,0.382534555732876,431.84031329039686,9.569666611772904,1251.7559247848717,27.25425036243444,12.501,41.907,Castro Pretorio
2352,230.5192527996633,Entire home/apt,False,False,4.0,False,0,0,10.0,100.0,1,5.083456756581719,2.932086164764856,189.7238461394564,4.204317892472846,609.9241469245225,13.279765706107636,12.4666,41.93809,
1598,152.19881701073106,Private room,False,True,2.0,False,1,0,10.0,96.0,1,3.840355823943108,0.2003715765835283,439.0548345758738,9.729541828006193,1085.0805164327735,23.62525750644315,12.458,41.911,Prati
1039,161.5505108362752,Entire home/apt,False,False,5.0,True,0,0,9.0,95.0,1,6.202630397277315,0.2561324932267667,210.99163311514727,4.675616251296297,550.4395388979923,11.98461833131494,12.42751,41.90063,
2820,126.71545133612324,Entire home/apt,False,False,4.0,False,0,0,10.0,85.0,1,5.0018643218463765,1.23044060682709,220.6983873876729,4.890719842627768,620.4473318825044,13.508885066980111,12.46774,41.86396,
663,125.78028195356885,Private room,False,True,2.0,False,1,0,9.0,89.0,1,4.534605412577978,2.3969513525764805,292.30426024068987,6.477520124026161,758.0310465848365,16.504469854753772,12.45437,41.88121,Monteverde
1797,148.691931826152,Private room,False,True,2.0,False,0,1,10.0,96.0,1,3.083731907272714,0.9262084847161278,462.93622543548,10.258758164967745,1248.2464470732775,27.17783915294917,12.475,41.882,Testaccio
4400,97.02382344002056,Private room,False,True,4.0,False,1,0,8.0,86.0,1,1.427314074999748,1.224264332772806,284.6370628006989,6.307613514825432,780.9454611743251,17.003381167866088,12.51892,41.89772,
3932,230.5192527996633,Entire home/apt,False,False,4.0,False,1,0,9.0,94.0,1,1.1245154355255884,0.0991658679094049,774.3307831863544,17.159323051304394,1670.1259368633832,36.36334329944778,12.489,41.903,Trevi
538,294.1107708133636,Entire home/apt,False,False,3.0,True,1,0,10.0,99.0,1,2.6843213789815428,1.3546267313597782,843.1136999644748,18.6835660686748,2419.353874805024,52.67614469697368,12.47,41.899,Parione
2639,107.07689430248053,Private room,False,True,2.0,True,1,0,10.0,96.0,1,0.4846144402547813,0.2515837918525202,531.0788433971702,11.768812034135507,1156.4537085190254,25.17925282435558,12.50305,41.89655,Esquilino
3666,194.74902391695696,Entire home/apt,False,False,6.0,False,1,0,9.0,91.0,2,3.816170573753247,0.2542351211270661,612.5534855270929,13.574306191353196,1390.838980890994,30.282480033438585,12.457,41.907,Prati
1258,276.81013723610687,Entire home/apt,False,False,3.0,True,1,0,10.0,98.0,1,2.684306467338302,1.354617549749555,843.1302851857796,18.683933600453752,2419.346805002303,52.6759907674659,12.47,41.899,Parione
2417,230.5192527996633,Entire home/apt,False,False,4.0,True,0,1,10.0,100.0,2,5.626382736869864,2.995605532309284,210.64372276414608,4.667906489221286,572.7263179085763,12.469864250986616,12.44653,41.87203,Monteverde
799,161.5505108362752,Private room,False,True,4.0,False,0,1,10.0,100.0,1,3.255552229649675,0.2849596455690348,208.6363128575138,4.623421889316129,604.2402000235534,13.15601018091416,12.525,41.877,
2724,126.71545133612324,Private room,False,True,2.0,True,1,0,10.0,100.0,1,4.695529612523469,0.2808072983356378,362.65276797403845,8.036456946099008,792.8317615257378,17.262179388226954,12.447,41.91,
777,176.27942861150726,Private room,False,True,3.0,False,0,1,9.0,75.0,1,3.459851913453504,0.345556224029066,488.1005961603862,10.81640558907581,1270.9094591227151,27.67127672502888,12.462,41.909,Prati
1177,191.4759310780165,Entire home/apt,False,False,5.0,False,0,0,10.0,90.0,1,6.771369336724087,0.979382773229859,179.5372020688459,3.97857984845892,441.9877587165239,9.623317768806771,12.4222,41.9127,
773,80.65835924531831,Private room,False,True,2.0,False,1,0,9.0,85.0,1,3.742973896680295,0.4911479322256254,302.7578499767472,6.709173736696288,1115.7767464668736,24.293600848757286,12.479,41.872,
2314,216.7255044069857,Entire home/apt,False,False,5.0,True,1,0,10.0,99.0,2,4.385020635592996,1.0540100897278917,385.26801448614185,8.537615274312692,833.4770424969311,18.147141577505803,12.45,41.895,
551,202.9317560143081,Entire home/apt,False,False,4.0,True,0,0,10.0,96.0,1,3.023952268998912,1.4804611901814482,635.4657634211029,14.082046793640416,1592.8458550399928,34.6807383631811,12.46611,41.89739,Ponte
4085,170.66841231618076,Private room,False,True,3.0,False,0,1,10.0,93.0,1,3.411163742759979,0.3215713405062311,466.1575201382838,10.330142691644326,1199.289380458347,26.111905991288275,12.463,41.91,Prati
2481,184.4621607088584,Entire home/apt,False,False,4.0,False,1,0,10.0,99.0,1,1.11544404650334,0.8342292026479355,331.7026974739544,7.350597272554587,974.1202999986738,21.209341225092533,12.514,41.896,
1386,124.6113202253758,Private room,False,True,2.0,False,1,0,10.0,100.0,1,3.7441798313095553,0.086469013810686,518.595394819559,11.492176348729696,1312.3983940414894,28.57460763575844,12.4583,41.9085,Prati
188,110.8175718326982,Private room,False,True,3.0,False,1,0,10.0,91.0,1,5.289940197789093,2.5441626410371105,223.8659578125872,4.960913828698162,616.7472641190748,13.428324175526916,12.45217,41.87142,
4368,224.67444415869824,Entire home/apt,False,False,4.0,False,0,0,10.0,92.0,1,1.2872683163266982,0.1852722237941776,872.1493061828828,19.327000835715715,1973.6720600924584,42.972396929813776,12.487,41.903,Trevi
1226,155.4719098496715,Entire home/apt,False,False,2.0,False,1,0,9.0,93.0,1,0.8862544716378876,0.2518125569712122,764.5733927778457,16.943097353201154,1653.591612341687,36.00334450801768,12.49278,41.89718,Monti
1048,327.5430762396839,Entire home/apt,False,False,6.0,False,0,0,10.0,99.0,2,2.5611381774163906,0.0478438697489016,481.0865977855988,10.66097400013776,1111.6970144617364,24.20477359795058,12.476,41.913,
2800,126.71545133612324,Entire home/apt,False,False,2.0,True,1,0,10.0,100.0,1,3.6589344423636376,0.3142503874865403,193.40000249675376,4.285782243227956,580.3234273587121,12.63527471071374,12.52624,41.87324,
4017,241.9750777359549,Entire home/apt,False,False,6.0,False,0,0,9.0,80.0,2,1.129919613642831,0.6376106137797221,384.0390626837109,8.510381459707496,1250.3881490762344,27.22447003476453,12.501,41.911,
9,186.56629181960585,Entire home/apt,False,False,2.0,False,0,1,10.0,96.0,0,5.68416007329823,0.9898261543607078,242.61205040585213,5.376330942084553,560.589073478466,12.205602271587445,12.43471,41.9094,
2088,299.72178710869,Entire home/apt,False,False,4.0,True,0,0,10.0,98.0,2,3.0617200324406304,1.7319414775247364,269.6007078794759,5.974404920759707,677.3528140020202,14.747877610152504,12.4873,41.92607,
2271,126.71545133612324,Private room,False,True,2.0,True,1,0,10.0,96.0,1,2.9107960929976446,0.6280113361985027,190.237911469844,4.215709681699278,546.248866264286,11.893375590709846,12.536,41.908,
2103,297.383863652304,Entire home/apt,False,False,4.0,False,1,0,10.0,93.0,1,3.0787490094062964,1.406061908532832,623.4745532211879,13.816319207879545,1521.6013235451394,33.12954434854219,12.46537,41.89786,Ponte
3352,205.03588712505552,Entire home/apt,False,False,4.0,False,0,0,10.0,100.0,2,1.4597986768988582,0.8738774357364704,342.0663435741002,7.580257716493046,906.0027959204476,19.72623140036277,12.503,41.914,
1611,334.3230542632034,Entire home/apt,False,False,4.0,False,0,0,10.0,90.0,1,1.9252232411934145,0.2485140883834539,826.914892095215,18.32459728774781,1895.0250994778385,41.260031194294086,12.48003,41.90586,Campo Marzio
1439,228.1813293432773,Entire home/apt,False,False,2.0,True,0,0,10.0,99.0,1,3.8093205307340128,0.0898120331272692,468.49070421645627,10.381846511516724,1424.9519548949047,31.02521551062004,12.458,41.91,Prati
3559,101.23208566151544,Entire home/apt,False,False,4.0,False,0,0,10.0,96.0,2,5.306804672134901,0.6257539879273362,273.5158548987481,6.061165351774207,661.9618588356867,14.41277318834412,12.43871,41.89551,
3118,115.25962639983166,Entire home/apt,False,False,2.0,False,1,0,9.0,86.0,1,4.7000189181415735,0.7480890261659904,213.41732687068424,4.729370103885639,588.6990200404568,12.817634941939549,12.48623,41.86029,Garbatella
3394,149.860893554345,Entire home/apt,False,False,2.0,False,0,0,10.0,80.0,1,1.5395044176348602,0.4602232119912436,1320.1670801560497,29.255163170547867,2027.429503821252,44.14284781502195,12.48379,41.90226,Trevi
3712,198.7234937928132,Entire home/apt,False,False,2.0,False,0,1,9.0,56.0,1,2.710619016434891,1.5008147571086037,784.8728176437868,17.392936616464095,2342.727022432167,51.00776240478356,12.47,41.897,Parione
1534,198.255909101536,Entire home/apt,False,False,2.0,False,0,1,9.0,88.0,1,2.203032964217396,0.4947083066434681,691.7097383694459,15.328424384179554,1625.9081846810095,35.40059835486156,12.477,41.907,Campo Marzio
400,196.15177799078856,Entire home/apt,False,False,5.0,True,1,0,10.0,100.0,2,3.60515587867384,0.4881814722111535,172.96031894351145,3.8328348197595687,529.6905701086047,11.532854869324138,12.52347,41.929190000000006,
3350,184.4621607088584,Private room,False,True,3.0,False,1,0,10.0,100.0,2,5.126087430835396,2.8884029208750857,191.124158799976,4.235349097529438,552.0173530747165,12.018971787724766,12.46474,41.937540000000006,
1454,138.40506861805343,Private room,False,True,4.0,False,1,0,9.0,90.0,1,1.5074288763709918,0.2969621384198058,410.2631626684473,9.0915126934628,927.3146443443673,20.190250336587567,12.508,41.888000000000005,Esquilino
3633,167.1615271316017,Entire home/apt,False,False,4.0,False,1,0,9.0,92.0,1,1.133042359088109,0.7087028673315153,498.1467329074765,11.03902996305658,1226.9597222232258,26.71436722765409,12.494000000000002,41.909,Ludovisi
4181,195.91798564515,Entire home/apt,False,False,3.0,False,0,0,9.0,88.0,1,2.261299888010686,0.8938390562545925,1076.8010156064297,23.86212312615315,2318.5461654121546,50.481277074734166,12.475,41.901,Sant'Eustachio
1148,152.19881701073106,Private room,False,True,4.0,False,0,1,10.0,100.0,1,5.750760891978387,0.2015010080245391,129.17391177234313,2.862519390978267,418.8386192052675,9.119295833361862,12.548,41.862,
2111,153.36777873892407,Private room,False,True,3.0,False,0,1,10.0,91.0,1,3.08371910081116,0.9262355256015818,462.9441401957004,10.25893355761704,1248.2895594207916,27.17877783012225,12.475,41.882,Testaccio
1472,196.15177799078856,Entire home/apt,False,False,4.0,False,0,0,10.0,94.0,1,3.9543252919365743,0.1904549932147163,453.8834422077996,10.05814670112024,1110.2674625456375,24.17364822833497,12.45638,41.91052,Prati
1064,230.5192527996633,Private room,False,True,4.0,True,1,0,10.0,100.0,1,1.8773773911766107,1.402844982268288,350.13010896670966,7.758952349828337,923.6733367285076,20.11096881896557,12.49717,41.91734,
981,136.06714516166738,Private room,False,True,2.0,False,0,1,9.0,93.0,1,0.56544387000687,0.2873702902759587,431.2305594067953,9.556154345313017,1169.855974642236,25.471057887238523,12.50211,41.90596,Castro Pretorio
220,97.72520047693638,Private room,False,True,2.0,False,0,0,10.0,100.0,1,2.728606895887458,0.214376659431491,216.7976913667364,4.804279648589816,621.8189580159352,13.538749229237308,12.51343,41.92397,
1048,327.5430762396839,Entire home/apt,False,False,6.0,False,0,0,10.0,99.0,2,2.5611381774163906,0.0478438697489016,481.0865977855988,10.66097400013776,1111.6970144617364,24.20477359795058,12.476,41.913,
3798,230.5192527996633,Private room,False,True,2.0,True,0,1,10.0,95.0,1,2.186790412226597,0.8022505610923275,1020.894209417174,22.623217261891234,2129.4401178537896,46.36390605762325,12.47591,41.90148,Campo Marzio
2922,98.6603698594908,Private room,False,True,3.0,False,0,1,9.0,90.0,1,0.6886864362746044,0.3825439001973547,431.8378190078056,9.56961133797817,1251.8337922034923,27.255945755346232,12.501,41.907,Castro Pretorio
1575,265.1205199541767,Entire home/apt,False,False,5.0,True,0,0,10.0,100.0,2,2.627891291555519,1.3616832869722524,318.5999899336952,7.060238686260388,768.9209988880468,16.74157477323672,12.48751,41.92181,
1342,124.6113202253758,Private room,False,True,3.0,False,0,1,9.0,93.0,1,2.969312750880936,1.7876669410661998,579.5737513199765,12.843468769292617,2950.307671289252,64.23650356066604,12.469,41.891000000000005,Trastevere
523,178.61735206789328,Entire home/apt,False,False,4.0,False,1,0,10.0,89.0,1,3.5143988219390665,0.3465689506153895,196.25432591819776,4.349034613849098,575.5648672690494,12.531667461504478,12.52725,41.87534,
2370,126.71545133612324,Private room,False,True,2.0,True,0,0,10.0,100.0,1,3.614376807929217,0.8003003336087541,212.79106538987145,4.715492025812035,567.5130230003878,12.35635614463162,12.515999999999998,41.87,
2363,385.99116264933485,Entire home/apt,False,False,4.0,False,0,1,10.0,95.0,2,2.203013590840853,0.494692231710104,691.7244301765877,15.328749957526794,1625.9183682585317,35.40082008001251,12.477,41.907,Campo Marzio
2302,165.9925654034087,Entire home/apt,False,False,4.0,False,1,0,9.0,92.0,1,4.413644979780452,1.2126715194623332,364.373420476563,8.074586945307303,813.256213345292,17.706877202220745,12.45004,41.89331,
2246,380.38014635400833,Entire home/apt,False,False,6.0,False,1,0,9.0,88.0,3,0.5124168409997865,0.1577870809710561,402.36361033084273,8.916457053851195,1160.592330353658,25.269362272534067,12.505,41.905,Castro Pretorio
1349,470.15640707923217,Entire home/apt,False,False,6.0,False,0,1,9.0,90.0,2,2.22038871064004,1.197007836103255,1150.868999194464,25.50348426759691,2110.0543728419584,45.94182381494837,12.476,41.897,Sant'Eustachio
2144,90.01005307086245,Private room,False,True,3.0,False,0,1,10.0,89.0,1,1.6854643656895785,0.3659675618022228,333.15737863782886,7.382833294380885,819.6749601084103,17.84663138898456,12.513,41.888000000000005,Esquilino
4396,130.2223365207023,Private room,False,True,5.0,False,1,0,10.0,95.0,1,6.576997116268592,0.4034969219815055,191.1067596946272,4.23496352991936,471.1844120871721,10.259011105625303,12.42324,41.90552,
3512,357.23470413578656,Entire home/apt,False,False,4.0,False,0,1,7.0,73.0,1,1.4241926425983709,0.2696526425365777,801.7078705963389,17.766004714066945,1658.5024672484185,36.11026764412717,12.486,41.905,Colonna
2575,271.9004979776962,Private room,False,True,4.0,False,0,1,10.0,90.0,1,0.2863082352849818,0.2165596565640155,596.6236380591416,13.221297626026928,1500.057182514528,32.66046774833134,12.499,41.9,Castro Pretorio
1364,138.40506861805343,Private room,False,True,2.0,False,0,0,10.0,94.0,1,3.6415641474048,0.4524765908007512,299.04296996161025,6.626851262037252,851.9219819117205,18.548739833824825,12.48247,41.87161,
3542,121.10443504079676,Entire home/apt,False,False,2.0,False,1,0,10.0,100.0,1,3.520913112604673,0.6215606347651874,185.8397713123064,4.11824602737115,519.5982075579789,11.313115725089224,12.5137,41.93139,
1939,97.95899282257498,Private room,False,True,3.0,False,0,0,10.0,100.0,1,5.867054191261273,2.8729149463129926,195.5036399010084,4.332399263481077,576.5238852946834,12.552547983701496,12.44726,41.86769,
2527,219.0634278633717,Entire home/apt,False,False,3.0,True,1,0,9.0,95.0,1,1.6179401283549584,0.7610351699552828,1210.0643199834335,26.815264264723893,1857.289602307104,40.438423189827176,12.48298,41.89865,Trevi
136,126.71545133612324,Private room,False,True,2.0,False,0,1,10.0,93.0,1,2.377121798276192,0.3200588202924951,265.5990654874643,5.885727735206313,720.6848970816559,15.691339045081335,12.518,41.883,
2421,152.19881701073106,Private room,False,True,3.0,False,0,1,10.0,93.0,1,0.5319754645996089,0.4064010243033778,502.8523260797711,11.14330683690002,1343.2233197150374,29.2457530444408,12.499,41.905,Castro Pretorio
704,311.17761204498163,Entire home/apt,False,False,6.0,True,0,1,10.0,97.0,2,0.8754524753549348,0.4640249104895639,748.7597277860672,16.592663414487745,1783.9385381469076,38.84136402885971,12.492,41.899,Monti
2394,326.37411451149086,Entire home/apt,False,False,4.0,False,0,0,10.0,100.0,1,0.7752638315078803,0.4340310004294034,529.708663296366,11.738448572552048,1349.3352376497187,29.37882670384056,12.49603,41.90608,Sallustiano
1564,103.80380146354008,Private room,False,True,2.0,False,0,1,9.0,93.0,1,1.876779037913904,0.7616113554331921,516.7727747373348,11.451786727821192,936.5493425969206,20.391315714600367,12.49771,41.88432,Monti
2950,178.8511444135319,Entire home/apt,False,False,3.0,True,1,0,10.0,97.0,1,5.415869137634751,0.3758596627816106,270.5040544931174,5.994423260088786,639.4154813737632,13.921875079578372,12.437,41.9,
126,288.2659621723985,Entire home/apt,False,False,6.0,False,1,0,10.0,94.0,2,4.6021547124686215,2.190554027123439,225.72442163526284,5.002097753972614,567.7515933901784,12.36155049362864,12.46452,41.93124,
1188,158.97879503425057,Entire home/apt,False,False,3.0,False,0,1,10.0,95.0,1,0.956244581880815,0.7091320197756342,465.6422340975532,10.318723851235658,1223.7907096238002,26.645368902120868,12.49691,41.9085,Sallustiano
3455,196.15177799078856,Entire home/apt,False,False,4.0,False,0,0,10.0,100.0,2,5.115521544608143,0.6883479276410972,285.9447571803321,6.336592280489589,677.3440346542802,14.747686459037029,12.4426,41.9125,
1125,169.49945058798772,Entire home/apt,False,False,4.0,True,0,1,10.0,96.0,1,1.3237908491960608,1.2177557334865716,290.18410763149177,6.430537123570475,794.7599323803591,17.304161095820973,12.518,41.899,
3247,203.6331330512239,Entire home/apt,False,False,5.0,False,1,0,10.0,100.0,2,3.414669406390637,0.7335639514575504,177.97245575450955,3.943904761165414,508.6679207724404,11.0751326113784,12.52416,41.92689,
4323,247.81988637692,Entire home/apt,False,False,4.0,True,0,1,10.0,97.0,1,2.7460802684317978,1.2773422454909886,593.2283825150251,13.146058092757324,1869.482415522853,40.70389505812413,12.474,41.888000000000005,Trastevere
1010,112.92170294344562,Entire home/apt,False,False,3.0,False,0,0,9.0,88.0,1,1.805811550390117,0.1900588005962978,411.5776562334754,9.120642130417847,846.652656499305,18.434011785658573,12.50768,41.88513,
2034,303.4624646389077,Entire home/apt,False,False,4.0,False,0,0,9.0,85.0,1,1.890084108850208,0.1701378375875192,780.7328355273146,17.30119379530071,1663.4824692867694,36.21869630795153,12.481,41.907,Campo Marzio
3545,103.80380146354008,Private room,False,True,2.0,False,1,0,10.0,91.0,1,4.276911036828631,1.4986926222448351,287.37284111131186,6.368238902383169,781.466712014564,17.01473026605705,12.46426,41.87486,Monteverde
4095,195.91798564515,Private room,False,True,2.0,False,1,0,10.0,89.0,1,3.995622184999009,1.2966278708445595,314.9267206227728,6.978838313023012,865.6687141826822,18.848044894467968,12.46671,41.87661,
4013,253.6646950178851,Entire home/apt,False,False,2.0,False,0,1,10.0,90.0,1,2.4304578607595406,0.9603409852654708,860.3928705785592,19.06647590135069,1949.520333636496,42.44654585415063,12.473,41.902,Ponte
4153,90.94522245341687,Private room,False,True,2.0,False,0,1,9.0,93.0,1,1.4024828039604071,0.2143335424115143,409.28148472274006,9.06975851634819,1107.6611041846522,24.116900469528296,12.508,41.889,Esquilino
3485,115.25962639983166,Entire home/apt,False,False,4.0,False,1,0,10.0,100.0,1,7.124179054989635,0.2821562157431259,100.95388548333268,2.237158036213563,290.099404148913,6.316280701468491,12.57999,41.8737,
3400,182.59182194374955,Entire home/apt,False,False,3.0,True,0,1,10.0,99.0,1,6.753718516537855,0.834666507131552,181.173552969917,4.014841707533189,441.27822518498857,9.607869226382396,12.422,41.911,
3700,241.9750777359549,Entire home/apt,False,False,2.0,False,0,1,9.0,91.0,1,2.4655130005407213,1.4967529830695672,768.7567306271058,17.035800945963945,2174.062377118275,47.335458260134885,12.474,41.894,Regola
2142,148.691931826152,Private room,False,True,2.0,False,0,1,9.0,92.0,1,3.0837347145798013,0.9261968499773828,462.933444088809,10.25869652977632,1248.2318705712437,27.177521781464858,12.475,41.882,Testaccio
3882,105.90793257428751,Private room,False,True,3.0,False,0,1,9.0,93.0,1,2.413341945893669,0.1101053001127159,282.42318483832463,6.258553542036773,747.2899439944525,16.270605813553225,12.514,41.881,
2345,228.8827063801931,Entire home/apt,False,False,4.0,False,0,1,9.0,91.0,1,3.164922967180809,1.339503822149534,290.21356298426616,6.4311898600040776,707.7658383589879,15.410054767609193,12.4807,41.92438,
1620,213.21861922240663,Entire home/apt,False,False,4.0,True,0,0,10.0,95.0,1,2.7776283844704976,1.4886832405074295,762.4336663312278,16.89568059264328,2065.3305561528764,44.96806042140394,12.469,41.898,Parione
2503,184.4621607088584,Entire home/apt,False,False,5.0,False,1,0,10.0,97.0,1,1.11544688465007,0.8342194044608325,331.7035517100972,7.350616202596186,974.142742318438,21.209829857572284,12.514,41.896,
4340,216.7255044069857,Entire home/apt,False,False,4.0,False,1,0,10.0,90.0,2,1.230785103728822,0.982999054511451,315.4800707318268,6.991100660701687,852.1687909420551,18.55411356121949,12.51575,41.89629,
4257,171.83737404437375,Entire home/apt,False,False,4.0,True,1,0,10.0,98.0,2,3.802351717628551,1.3332104514293084,512.7175146279051,11.361921363062695,1071.011046119669,23.318925530066764,12.45672,41.89704,
4410,222.33652070231216,Entire home/apt,False,False,4.0,False,0,1,10.0,97.0,1,3.2758049797166806,0.5449972675580227,386.9711290418917,8.575356629157497,1184.5527867202622,25.79104885989801,12.47677,41.87835,Testaccio
1775,148.691931826152,Private room,False,True,2.0,False,0,1,10.0,94.0,1,3.083712904209207,0.9262110587314502,462.9410839223879,10.258865829996958,1248.2766366683395,27.17849646542189,12.475,41.882,Testaccio
2312,469.22123769667775,Entire home/apt,False,False,6.0,False,1,0,9.0,94.0,2,2.593690143599041,1.5621392088283268,770.8738372471929,17.082716446699486,2329.555343850153,50.720977881810825,12.472,41.895,Regola
