{
"type": "FeatureCollection",
"totalFeatures": 144,
"numberMatched": 144,
"numberReturned": 144,
"timeStamp": "2025-05-25T21:37:18.578Z",
"name": "athens",
"crs": { "type": "name", "properties": { "name": "urn:ogc:def:crs:OGC:1.3:CRS84" } },
"features": [
{ "type": "Feature", "id": "geitonies0.1", "geometry_name": "the_geom", "properties": { "fid": 1, "gid": 33, "synoikia": "ΩΔΕΙΟ", "name": "ΩΔΕΙΟ", "dk": "2η ΔΚ", "shape_leng": 1098.4048946089899, "geit_thesm": 1, "name_en": "ODEIO", "synoik_en": "ODEIO", "dk_en": "2nd", "shape_area": 77246.025503732293, "id": 32, "geitonia": "ΩΔΕΙΟ" }, "geometry": { "type": "MultiPolygon", "coordinates": [ [ [ [ 23.745817985029113, 37.975897431750859 ], [ 23.746393354289957, 37.974345708002261 ], [ 23.745629300199052, 37.973790945563742 ], [ 23.744189918189306, 37.972834840063236 ], [ 23.744148768091989, 37.972839195725108 ], [ 23.743683503654278, 37.972888443221521 ], [ 23.743500206002754, 37.972906069458354 ], [ 23.742613244806783, 37.972994260961975 ], [ 23.742792847888214, 37.974035640666756 ], [ 23.742972330253956, 37.975113071139781 ], [ 23.74300492011265, 37.975313292066069 ], [ 23.743006615589696, 37.975323711944746 ], [ 23.74300681736295, 37.97532494895141 ], [ 23.743122130834866, 37.975316187938077 ], [ 23.743433909072468, 37.975393477731807 ], [ 23.744368920333685, 37.97561632858114 ], [ 23.745783355495309, 37.975949586504591 ], [ 23.745797417245353, 37.975952900279957 ], [ 23.745808376928974, 37.975923342820586 ], [ 23.745817985029113, 37.975897431750859 ] ] ] ] } },
{ "type": "Feature", "id": "geitonies0.2", "geometry_name": "the_geom", "properties": { "fid": 2, "gid": 21, "synoikia": "ΣΤΑΔΙΟ", "name": "ΒΑΡΝΑΒΑ", "dk": "2η ΔΚ", "shape_leng": 1874.5451577618301, "geit_thesm": 1, "name_en": "VARNAVA", "synoik_en": "STADIO", "dk_en": "2nd", "shape_area": 207312.74784846083, "id": 20, "geitonia": "ΒΑΡΝΑΒΑ" }, "geometry": { "type": "MultiPolygon", "coordinates": [ [ [ [ 23.741895864324569, 37.96295671186877 ], [ 23.741608634104594, 37.962793982766129 ], [ 23.741602039485215, 37.962801412028185 ], [ 23.740977881681427, 37.963504614027705 ], [ 23.740206233918517, 37.963912999029368 ], [ 23.739575728548861, 37.964245081899847 ], [ 23.738962695747144, 37.964563680803316 ], [ 23.738702373489541, 37.965139927630673 ], [ 23.738458984201465, 37.965299133898647 ], [ 23.738601944953007, 37.965369533116011 ], [ 23.739079970778782, 37.96560492926411 ], [ 23.739531347570463, 37.965831251583083 ], [ 23.739949009591246, 37.96603496543532 ], [ 23.741176750651789, 37.966646042536574 ], [ 23.742031247243666, 37.967072174678449 ], [ 23.742892382569963, 37.967500732360612 ], [ 23.742921261137809, 37.96751510432172 ], [ 23.743212418526923, 37.967656965755843 ], [ 23.743212446941584, 37.967656979337185 ], [ 23.743827654755094, 37.967958712709994 ], [ 23.743881637236573, 37.967985868890295 ], [ 23.74402106209687, 37.968022462709428 ], [ 23.744190032335148, 37.968066810401695 ], [ 23.744297163021816, 37.968094927353306 ], [ 23.744414536054013, 37.968104195286749 ], [ 23.744391989350454, 37.967937407980713 ], [ 23.744388864936202, 37.967914868986377 ], [ 23.744840926783564, 37.967438167528655 ], [ 23.745357919407798, 37.966907527540315 ], [ 23.745793186221267, 37.966448811740491 ], [ 23.746300468514935, 37.965913631063337 ], [ 23.746358088449696, 37.965853878195247 ], [ 23.746271691745456, 37.965800848446236 ], [ 23.746191177722938, 37.965667392217497 ], [ 23.746191475467565, 37.965576259961999 ], [ 23.746192009435038, 37.965413190959843 ], [ 23.745504624663688, 37.965015139012365 ], [ 23.745493373768035, 37.965008789430058 ], [ 23.745345215947143, 37.964925174432601 ], [ 23.745207145819315, 37.964847252003842 ], [ 23.745066620562739, 37.964767630570947 ], [ 23.744473514594389, 37.964431572789714 ], [ 23.744473294174984, 37.964431447031849 ], [ 23.744473263500101, 37.964431428939449 ], [ 23.744243437771253, 37.964300385980714 ], [ 23.743865968550789, 37.964084705662508 ], [ 23.743843823495652, 37.964072052023276 ], [ 23.743505780294495, 37.963878896668525 ], [ 23.743442629027651, 37.963842811968334 ], [ 23.743420071690245, 37.96382992301487 ], [ 23.742455068771793, 37.963273521849921 ], [ 23.742425016136973, 37.963256495604028 ], [ 23.741895864324569, 37.96295671186877 ] ] ] ] } },
{ "type": "Feature", "id": "geitonies0.3", "geometry_name": "the_geom", "properties": { "fid": 3, "gid": 1, "synoikia": "ΑΓΙΟΣ ΚΩΝΣΤΑΝΤΙΝΟΣ-ΠΛΑΤΕΙΑ ΒΑΘΗΣ-ΑΓΙΟΣ ΠΑΥΛΟΣ", "name": "ΑΓΙΟΣ ΠΑΥΛΟΣ", "dk": "1η ΔΚ", "shape_leng": 1784.7979502896101, "geit_thesm": 1, "name_en": "AGIOS PAVLOS", "synoik_en": "AGIOS KONSTANTINOS-PLATEIA VATHIS-AGIOS PAVLOS", "dk_en": "1st", "shape_area": 182419.62555710203, "id": 0, "geitonia": "ΑΓΙΟΣ ΠΑΥΛΟΣ" }, "geometry": { "type": "MultiPolygon", "coordinates": [ [ [ [ 23.725037302468344, 37.988925280362821 ], [ 23.725073522659457, 37.988880299892259 ], [ 23.725074955840736, 37.988880759292094 ], [ 23.725454475621767, 37.989002348480419 ], [ 23.725796158132024, 37.989111814291519 ], [ 23.726463075498891, 37.989203295485829 ], [ 23.726564819742741, 37.989217251404213 ], [ 23.726587110665232, 37.989216683136831 ], [ 23.726724604383264, 37.989213175800387 ], [ 23.726726759219428, 37.989213120420608 ], [ 23.726726870831989, 37.989213117976057 ], [ 23.726716229117578, 37.989077904158975 ], [ 23.726679887449542, 37.989026023790046 ], [ 23.726634534347355, 37.988961280061403 ], [ 23.725901282156652, 37.987914504252331 ], [ 23.725709845235585, 37.987633506050834 ], [ 23.725438745090635, 37.987231801785775 ], [ 23.725059342093729, 37.986672118901872 ], [ 23.724771512802352, 37.986195049941792 ], [ 23.724754663199491, 37.98616712295253 ], [ 23.724744575852501, 37.986150403943171 ], [ 23.72474350860676, 37.986148634926977 ], [ 23.724620648382654, 37.985932337263961 ], [ 23.724620478685022, 37.985932038541314 ], [ 23.724276392776016, 37.985729149048439 ], [ 23.724242301872071, 37.985709047083944 ], [ 23.72413714206532, 37.985647039042803 ], [ 23.724129404218534, 37.985642476615922 ], [ 23.724128246587913, 37.985642651454107 ], [ 23.723597266696441, 37.985722698167855 ], [ 23.7231580646372, 37.985788906584631 ], [ 23.722187059542488, 37.985939835737845 ], [ 23.722089147764901, 37.985953123724897 ], [ 23.721835266235111, 37.985993081449294 ], [ 23.721658889975327, 37.986019703676398 ], [ 23.721571967685318, 37.986032823460022 ], [ 23.721570709774603, 37.986033013357478 ], [ 23.721422586864481, 37.986055194776846 ], [ 23.721381645815494, 37.986119110676654 ], [ 23.721197776770616, 37.986406163294077 ], [ 23.721180505066965, 37.98639653718935 ], [ 23.721128883165864, 37.986367766570908 ], [ 23.721112180799967, 37.98635845815695 ], [ 23.720165954051314, 37.987663133431084 ], [ 23.720147232933556, 37.987683078486377 ], [ 23.720033799196312, 37.987803924999341 ], [ 23.719998236268388, 37.987860475279007 ], [ 23.719884657955827, 37.988041078277845 ], [ 23.719839962001789, 37.98829520080357 ], [ 23.719866702737477, 37.988419926579112 ], [ 23.720077570273254, 37.989403458763405 ], [ 23.720180322775338, 37.989882706195552 ], [ 23.720354927934714, 37.989853323175794 ], [ 23.720404148461697, 37.989845040214327 ], [ 23.721245032294007, 37.989703529905285 ], [ 23.721963479587007, 37.989582619607468 ], [ 23.72204070281602, 37.989569623538522 ], [ 23.722041399075607, 37.989569506214295 ], [ 23.722864126163348, 37.989431038219863 ], [ 23.722866404094475, 37.989430655133269 ], [ 23.722945377336881, 37.989417363366265 ], [ 23.723587375885405, 37.989309309135336 ], [ 23.724159611744003, 37.989212992884106 ], [ 23.724906911478598, 37.989087205819104 ], [ 23.725037302468344, 37.988925280362821 ] ] ] ] } },
{ "type": "Feature", "id": "geitonies0.4", "geometry_name": "the_geom", "properties": { "fid": 4, "gid": 2, "synoikia": "ΝΙΡΒΑΝΑ", "name": "ΚΑΤΩ ΠΑΤΗΣΙΑ II", "dk": "4η ΔΚ", "shape_leng": 2802.16677821232, "geit_thesm": 1, "name_en": "KATO PATISIA II", "synoik_en": "NIRVANA", "dk_en": "4th", "shape_area": 483223.24314637808, "id": 1, "geitonia": "ΚΑΤΩ ΠΑΤΗΣΙΑ II" }, "geometry": { "type": "MultiPolygon", "coordinates": [ [ [ [ 23.723694105370935, 38.014978212627469 ], [ 23.72426807846702, 38.01495252140036 ], [ 23.72476478183437, 38.014931152952236 ], [ 23.725232294099353, 38.014909714204471 ], [ 23.725660646158978, 38.01488818224918 ], [ 23.726248874660392, 38.014858008202935 ], [ 23.726337891256399, 38.014853708982855 ], [ 23.726409106736796, 38.014849368282682 ], [ 23.726961023864856, 38.014819106189641 ], [ 23.727397205770853, 38.014797586085926 ], [ 23.728052732775815, 38.014763052594382 ], [ 23.728406340084682, 38.014736831359535 ], [ 23.728468993332115, 38.013772605564085 ], [ 23.728557551521067, 38.012889141876506 ], [ 23.728626346125559, 38.01237472683642 ], [ 23.728516519284025, 38.012257835857419 ], [ 23.728523819274834, 38.012223184029359 ], [ 23.72853724122978, 38.01215947010143 ], [ 23.728509851292259, 38.011958959239749 ], [ 23.728499602148542, 38.011883929156191 ], [ 23.728484900652969, 38.011776304772305 ], [ 23.728483490576927, 38.011766674932232 ], [ 23.72839811722384, 38.011183777836415 ], [ 23.728398050564561, 38.011183319831574 ], [ 23.728391145809017, 38.011136178589794 ], [ 23.728321174013413, 38.010707908333551 ], [ 23.728192149878481, 38.009882937695714 ], [ 23.728039256598322, 38.008967783447297 ], [ 23.72791957898788, 38.008247672782517 ], [ 23.727866547615779, 38.008251455335746 ], [ 23.727829309548614, 38.008254110861493 ], [ 23.727713996565548, 38.008252002620225 ], [ 23.727246777044389, 38.008317025367532 ], [ 23.726770296472939, 38.008390142585192 ], [ 23.726767606646483, 38.008390555431937 ], [ 23.726726051109619, 38.008396931883404 ], [ 23.726258736089449, 38.008472454015752 ], [ 23.725342970142187, 38.008623536759508 ], [ 23.72528642933252, 38.008632968198363 ], [ 23.725281522403002, 38.00863378681651 ], [ 23.724497875863413, 38.00876450873794 ], [ 23.724489960916767, 38.008765829500419 ], [ 23.724437166496209, 38.00877463570604 ], [ 23.723926741157811, 38.008859060354304 ], [ 23.72344943629302, 38.008939054265042 ], [ 23.723029130556302, 38.009004247155225 ], [ 23.721728413050108, 38.009228336518227 ], [ 23.721580777571667, 38.009190017007391 ], [ 23.721441434223873, 38.009432201148442 ], [ 23.721213185030937, 38.009979260836303 ], [ 23.720917336146741, 38.010550872755559 ], [ 23.720754812455819, 38.010883961010713 ], [ 23.720548602074615, 38.011284541302963 ], [ 23.720420879881125, 38.011545609255307 ], [ 23.720290174941621, 38.011748086693395 ], [ 23.720044433955604, 38.012268181906101 ], [ 23.719797738857789, 38.012811464237515 ], [ 23.719725208153523, 38.013033300308635 ], [ 23.719753218512235, 38.013184351429899 ], [ 23.719852693935255, 38.013485828932659 ], [ 23.719810953517001, 38.013547645677306 ], [ 23.719796931622312, 38.013671147216805 ], [ 23.719665424499677, 38.013896153984987 ], [ 23.719300911657243, 38.01438598044048 ], [ 23.719274366676807, 38.014421650149707 ], [ 23.719052814341335, 38.01471936382503 ], [ 23.719108954356074, 38.014841170808467 ], [ 23.719167862445659, 38.014960392290405 ], [ 23.719173603022245, 38.014972010887327 ], [ 23.719224189359956, 38.014963118872004 ], [ 23.719412616822563, 38.014936530191306 ], [ 23.719519061254953, 38.014936784117623 ], [ 23.720500855578162, 38.014952640882669 ], [ 23.722005971172521, 38.014969727710543 ], [ 23.722142692099617, 38.014965544426772 ], [ 23.722653890793385, 38.014971257562088 ], [ 23.723611479558944, 38.014987031269122 ], [ 23.723694105370935, 38.014978212627469 ] ] ] ] } },
{ "type": "Feature", "id": "geitonies0.5", "geometry_name": "the_geom", "properties": { "fid": 5, "gid": 3, "synoikia": "ΠΑΤΗΣΙΑ", "name": "ΓΚΡΑΒΑ", "dk": "5η ΔΚ", "shape_leng": 2030.9528668369401, "geit_thesm": 1, "name_en": "GKRAVA", "synoik_en": "PATISIA", "dk_en": "5th", "shape_area": 186903.04488377392, "id": 2, "geitonia": "ΓΚΡΑΒΑ" }, "geometry": { "type": "MultiPolygon", "coordinates": [ [ [ [ 23.7450443714941, 38.01506699619798 ], [ 23.745018589411107, 38.01490470971936 ], [ 23.74483497132762, 38.014928809167444 ], [ 23.744108971790304, 38.013979709462099 ], [ 23.743409898066737, 38.013116640724022 ], [ 23.743378287406582, 38.013048207762601 ], [ 23.743394232415845, 38.012593339744612 ], [ 23.74343245280058, 38.01150298166781 ], [ 23.743451707298469, 38.010953689864188 ], [ 23.743429708989531, 38.010840990685779 ], [ 23.743416116929325, 38.010676852969951 ], [ 23.742815569185428, 38.010674033326318 ], [ 23.742832953745655, 38.011522172784609 ], [ 23.742833050174269, 38.011526852448988 ], [ 23.742837592432252, 38.011748470372517 ], [ 23.742840321606362, 38.01188159020284 ], [ 23.742803192288918, 38.011882415695304 ], [ 23.742783876295213, 38.011882844819446 ], [ 23.742324222770218, 38.011893064034595 ], [ 23.742246978265428, 38.01189506955145 ], [ 23.741843950376438, 38.011905529953893 ], [ 23.74137683403562, 38.011922529251386 ], [ 23.740910445321571, 38.011935021889194 ], [ 23.74085330197078, 38.011937150987961 ], [ 23.740836965371177, 38.011937759403679 ], [ 23.740453651615869, 38.011952040260581 ], [ 23.739994722933631, 38.011969052137061 ], [ 23.739531877635606, 38.011986053547645 ], [ 23.739108357651766, 38.012000036370672 ], [ 23.739103385759947, 38.012000200189277 ], [ 23.739020262631573, 38.012002944917086 ], [ 23.739030523863377, 38.012422063503053 ], [ 23.73907093140728, 38.013174722994087 ], [ 23.739097069583082, 38.013634434367269 ], [ 23.739160124225858, 38.01492791248446 ], [ 23.739158785315386, 38.015004518391187 ], [ 23.739293232678445, 38.015843007701534 ], [ 23.739308545740052, 38.015942182532292 ], [ 23.740120507637815, 38.015867370831316 ], [ 23.740941724029106, 38.015792573907945 ], [ 23.742383769745544, 38.015629004825222 ], [ 23.743624216247056, 38.015492017137753 ], [ 23.744513500302176, 38.015394811607294 ], [ 23.744718064541939, 38.015332166188202 ], [ 23.744808598464548, 38.015300817851447 ], [ 23.745060743980037, 38.015170679005287 ], [ 23.7450443714941, 38.01506699619798 ] ] ] ] } },
{ "type": "Feature", "id": "geitonies0.6", "geometry_name": "the_geom", "properties": { "fid": 6, "gid": 4, "synoikia": "ΠΑΤΗΣΙΑ", "name": "ΑΓΙΟΣ ΛΟΥΚΑΣ", "dk": "5η ΔΚ", "shape_leng": 1591.45864100631, "geit_thesm": 1, "name_en": "AGIOS LOUKAS", "synoik_en": "PATISIA", "dk_en": "5th", "shape_area": 155235.39946422784, "id": 3, "geitonia": "ΑΓΙΟΣ ΛΟΥΚΑΣ" }, "geometry": { "type": "MultiPolygon", "coordinates": [ [ [ [ 23.739293232678445, 38.015843007701534 ], [ 23.739158785315386, 38.015004518391187 ], [ 23.739160124225858, 38.01492791248446 ], [ 23.739097069583082, 38.013634434367269 ], [ 23.73907093140728, 38.013174722994087 ], [ 23.739030523863377, 38.012422063503053 ], [ 23.739020262631573, 38.012002944917086 ], [ 23.7389982094457, 38.011696460306489 ], [ 23.738496903319056, 38.011717878688316 ], [ 23.737820064965394, 38.011747916547534 ], [ 23.737089439621318, 38.011786843089737 ], [ 23.73617227739506, 38.011825346761668 ], [ 23.735238478438923, 38.011858635174299 ], [ 23.735247537314851, 38.012485710289731 ], [ 23.735250773051604, 38.01257584569489 ], [ 23.735265107619437, 38.012945403245013 ], [ 23.735275822779627, 38.013441131973529 ], [ 23.735286105093611, 38.013843750147629 ], [ 23.735301021529342, 38.014127637662511 ], [ 23.735315145932351, 38.014396428726414 ], [ 23.735330595677283, 38.014690468537907 ], [ 23.735358439085559, 38.015199312343142 ], [ 23.735365810768947, 38.015334024444428 ], [ 23.735369813467315, 38.015436829029831 ], [ 23.735381780008993, 38.015744143118518 ], [ 23.735386021755311, 38.015745292783343 ], [ 23.735499147945362, 38.015775951986413 ], [ 23.736315190043353, 38.015755252581961 ], [ 23.737324146374476, 38.016145061308215 ], [ 23.73783556349327, 38.016092125702407 ], [ 23.739308545740052, 38.015942182532292 ], [ 23.739293232678445, 38.015843007701534 ] ] ] ] } },
{ "type": "Feature", "id": "geitonies0.7", "geometry_name": "the_geom", "properties": { "fid": 7, "gid": 5, "synoikia": "ΑΓΙΟΣ ΕΛΕΥΘΕΡΙΟΣ", "name": "ΤΡΕΙΣ ΓΕΦΥΡΕΣ", "dk": "5η ΔΚ", "shape_leng": 2057.91684532316, "geit_thesm": 1, "name_en": "TREIS GEFYRES", "synoik_en": "AGIOS ELEFTHERIOS", "dk_en": "5th", "shape_area": 197482.95325402124, "id": 4, "geitonia": "ΤΡΕΙΣ ΓΕΦΥΡΕΣ" }, "geometry": { "type": "MultiPolygon", "coordinates": [ [ [ [ 23.728239389229721, 38.016854455025424 ], [ 23.728254790839365, 38.016732817759681 ], [ 23.728268345239229, 38.016629201829986 ], [ 23.728275831405696, 38.016530078277789 ], [ 23.728257246418874, 38.01645342649303 ], [ 23.728345890827963, 38.015489261108151 ], [ 23.728406340084682, 38.014736831359535 ], [ 23.728052732775815, 38.014763052594382 ], [ 23.727397205770853, 38.014797586085926 ], [ 23.726961023864856, 38.014819106189641 ], [ 23.726409106736796, 38.014849368282682 ], [ 23.726337891256399, 38.014853708982855 ], [ 23.726248874660392, 38.014858008202935 ], [ 23.725660646158978, 38.01488818224918 ], [ 23.725232294099353, 38.014909714204471 ], [ 23.72476478183437, 38.014931152952236 ], [ 23.72426807846702, 38.01495252140036 ], [ 23.723694105370935, 38.014978212627469 ], [ 23.723611479558944, 38.014987031269122 ], [ 23.722653890793385, 38.014971257562088 ], [ 23.722142692099617, 38.014965544426772 ], [ 23.722005971172521, 38.014969727710543 ], [ 23.720500855578162, 38.014952640882669 ], [ 23.719519061254953, 38.014936784117623 ], [ 23.719412616822563, 38.014936530191306 ], [ 23.719224189359956, 38.014963118872004 ], [ 23.719173603022245, 38.014972010887327 ], [ 23.71949017852581, 38.015509028346479 ], [ 23.719945481663217, 38.016077920182603 ], [ 23.720179961418037, 38.016327045172233 ], [ 23.720821233968714, 38.016949726304688 ], [ 23.720902231539775, 38.017026066836394 ], [ 23.720921907691444, 38.017044611409162 ], [ 23.722635628116542, 38.018217753395717 ], [ 23.722644734332064, 38.018157262026044 ], [ 23.72265375301561, 38.018125738492856 ], [ 23.722658415744103, 38.018116736688583 ], [ 23.722664145946755, 38.018107737401621 ], [ 23.722670231593316, 38.018098738952638 ], [ 23.72267738585267, 38.018089743023403 ], [ 23.722702391789028, 38.018067269988755 ], [ 23.722763520978329, 38.018038221656383 ], [ 23.722841847553887, 38.018000002742532 ], [ 23.723230802192788, 38.017856713994682 ], [ 23.724056105575151, 38.017556724640805 ], [ 23.724190101319973, 38.017520987782554 ], [ 23.724652639254806, 38.01740055389876 ], [ 23.724961981548468, 38.017320007563185 ], [ 23.725353608426055, 38.017221782030923 ], [ 23.725886007679119, 38.017083325797827 ], [ 23.725945884497516, 38.01706543974732 ], [ 23.726534977403968, 38.016999215107212 ], [ 23.726982326229603, 38.016946177724421 ], [ 23.727426097639338, 38.016897636748389 ], [ 23.7278032608817, 38.016857952743472 ], [ 23.727890622531511, 38.016916738150513 ], [ 23.728036503117437, 38.01693960762708 ], [ 23.728126996111342, 38.016921791266228 ], [ 23.728239389229721, 38.016854455025424 ] ] ] ] } },
{ "type": "Feature", "id": "geitonies0.8", "geometry_name": "the_geom", "properties": { "fid": 8, "gid": 6, "synoikia": "ΔΟΥΡΓΟΥΤΙ", "name": "ΜΠΑΚΝΑΝΑ", "dk": "2η ΔΚ", "shape_leng": 1633.01730146096, "geit_thesm": 1, "name_en": "BAKNANA", "synoik_en": "DOURGOUTI", "dk_en": "2nd", "shape_area": 166279.87722068702, "id": 5, "geitonia": "ΜΠΑΚΝΑΝΑ" }, "geometry": { "type": "MultiPolygon", "coordinates": [ [ [ [ 23.72319921632722, 37.949029450402215 ], [ 23.722949746564364, 37.94883576532996 ], [ 23.722020161472795, 37.949608527884251 ], [ 23.721688779506913, 37.949860105911014 ], [ 23.721104835730443, 37.950318061489057 ], [ 23.721104429321677, 37.9503183804839 ], [ 23.720181597478458, 37.951009935296604 ], [ 23.720355002683803, 37.951159308319667 ], [ 23.721038661601256, 37.951814366661416 ], [ 23.721819792168954, 37.952564286934305 ], [ 23.722831023944369, 37.953532520234269 ], [ 23.722938009017629, 37.953634954164798 ], [ 23.723223674759986, 37.953910519953247 ], [ 23.723380387718095, 37.953856811089324 ], [ 23.723944565977433, 37.953659852310935 ], [ 23.724370882762837, 37.95351664535162 ], [ 23.724830700026285, 37.953355489390255 ], [ 23.72518436627551, 37.953234641796875 ], [ 23.725445430526118, 37.953145122247754 ], [ 23.725895266787379, 37.952988445269241 ], [ 23.726612245711511, 37.952733245649604 ], [ 23.726480673228046, 37.95255768036737 ], [ 23.725634608489372, 37.951422297358931 ], [ 23.725404177280083, 37.95107930548955 ], [ 23.725173814987919, 37.950736413356239 ], [ 23.724948453438515, 37.950400959980705 ], [ 23.724848424401312, 37.950264423031427 ], [ 23.724816679417994, 37.950229719405179 ], [ 23.724612663870872, 37.950006685497044 ], [ 23.72453059898443, 37.949950967586659 ], [ 23.724331791089064, 37.949861695107856 ], [ 23.724027421740782, 37.949672450545705 ], [ 23.723732013757939, 37.949443105277517 ], [ 23.723468221138699, 37.949238302709354 ], [ 23.72319921632722, 37.949029450402215 ] ] ] ] } },
{ "type": "Feature", "id": "geitonies0.9", "geometry_name": "the_geom", "properties": { "fid": 9, "gid": 7, "synoikia": "ΔΟΥΡΓΟΥΤΙ", "name": "ΑΓΙΟΣ ΣΩΣΤΗΣ", "dk": "2η ΔΚ", "shape_leng": 2064.7233127536902, "geit_thesm": 1, "name_en": "AGIOS SOSTIS", "synoik_en": "DOURGOUTI", "dk_en": "2nd", "shape_area": 225667.74178536981, "id": 6, "geitonia": "ΑΓΙΟΣ ΣΩΣΤΗΣ" }, "geometry": { "type": "MultiPolygon", "coordinates": [ [ [ [ 23.720355002683803, 37.951159308319667 ], [ 23.720181597478458, 37.951009935296604 ], [ 23.720076629354391, 37.951088595398389 ], [ 23.71931718857309, 37.951693104951808 ], [ 23.718635384491922, 37.952274762729438 ], [ 23.717917659228235, 37.952847134506605 ], [ 23.717800531590225, 37.952942520178155 ], [ 23.717162699532025, 37.953461949614066 ], [ 23.716980243696021, 37.953610532862605 ], [ 23.71655079195676, 37.953960255873689 ], [ 23.716176975046036, 37.954264668474657 ], [ 23.715738876381497, 37.954621422908659 ], [ 23.71572594253152, 37.954631955677485 ], [ 23.715033247185026, 37.955196024087293 ], [ 23.714917414057656, 37.955284986482695 ], [ 23.714872964041518, 37.955319124174807 ], [ 23.717549781815762, 37.957439104509419 ], [ 23.717570728431919, 37.9574226530857 ], [ 23.717622337950196, 37.957382118895914 ], [ 23.717727109598883, 37.957299830221245 ], [ 23.718431184318039, 37.956715679136337 ], [ 23.718873344319626, 37.956342701296087 ], [ 23.719230158681146, 37.956055140645795 ], [ 23.719873057068934, 37.955556457291507 ], [ 23.720604097968859, 37.954981370074258 ], [ 23.72096408276018, 37.95469831805574 ], [ 23.721053976960924, 37.954630934471396 ], [ 23.721173361266487, 37.954572633604755 ], [ 23.721549854460218, 37.954438331723544 ], [ 23.721977603176054, 37.95429513685778 ], [ 23.722295621979391, 37.954196745992029 ], [ 23.722620026837351, 37.954102875768719 ], [ 23.723056273500536, 37.95396870990038 ], [ 23.72308887160245, 37.953957378996442 ], [ 23.723223674759986, 37.953910519953247 ], [ 23.722938009017629, 37.953634954164798 ], [ 23.722831023944369, 37.953532520234269 ], [ 23.721819792168954, 37.952564286934305 ], [ 23.721038661601256, 37.951814366661416 ], [ 23.720355002683803, 37.951159308319667 ] ] ] ] } },
{ "type": "Feature", "id": "geitonies0.10", "geometry_name": "the_geom", "properties": { "fid": 10, "gid": 8, "synoikia": "ΔΟΥΡΓΟΥΤΙ", "name": "ΛΟΦΟΣ ΚΥΝΟΣΑΡΓΟΥΣ", "dk": "2η ΔΚ", "shape_leng": 2561.4756636543498, "geit_thesm": 1, "name_en": "LOFOS KYNOSARGOUS", "synoik_en": "DOURGOUTI", "dk_en": "2nd", "shape_area": 288975.16417553404, "id": 7, "geitonia": "ΛΟΦΟΣ ΚΥΝΟΣΑΡΓΟΥΣ" }, "geometry": { "type": "MultiPolygon", "coordinates": [ [ [ [ 23.734632041690276, 37.955960199391583 ], [ 23.73473465248221, 37.955717082496022 ], [ 23.73478697381535, 37.955594658358322 ], [ 23.734873155696242, 37.955393375521616 ], [ 23.73406148830459, 37.95516577600889 ], [ 23.734050257480686, 37.955203169481535 ], [ 23.734011109121976, 37.955302408552612 ], [ 23.733983298080631, 37.955372906769675 ], [ 23.733790753910021, 37.955638582554919 ], [ 23.733789967986532, 37.955639667732385 ], [ 23.73354713741826, 37.955780759378754 ], [ 23.73332115088893, 37.955653787396159 ], [ 23.732309177379488, 37.955085192650586 ], [ 23.731227083852083, 37.954600535598743 ], [ 23.731158158518724, 37.954577845879022 ], [ 23.731054761814498, 37.954546064428961 ], [ 23.730885062079135, 37.954455547401686 ], [ 23.730817800428856, 37.954365363673503 ], [ 23.730522489157256, 37.954220467755128 ], [ 23.73047602628052, 37.95419767045194 ], [ 23.729917808899426, 37.954294477817065 ], [ 23.729860101700993, 37.954304485753575 ], [ 23.729839357089215, 37.954315255406819 ], [ 23.729652683833894, 37.954412164159322 ], [ 23.729562432385325, 37.954337336245409 ], [ 23.729526888602756, 37.954307866178418 ], [ 23.729320034800978, 37.954136362582346 ], [ 23.729289742048348, 37.954110614233045 ], [ 23.728891606634047, 37.953764550288248 ], [ 23.728858343566511, 37.953735636861914 ], [ 23.728855103039862, 37.953732820072851 ], [ 23.728572405460994, 37.953487093950798 ], [ 23.728538813599293, 37.953457894866929 ], [ 23.727542081412032, 37.952591494342677 ], [ 23.727476446940692, 37.952534441180042 ], [ 23.726818690292468, 37.952685753069602 ], [ 23.726615260084415, 37.95273255235098 ], [ 23.726612245711511, 37.952733245649604 ], [ 23.725895266787379, 37.952988445269241 ], [ 23.725445430526118, 37.953145122247754 ], [ 23.72518436627551, 37.953234641796875 ], [ 23.724830700026285, 37.953355489390255 ], [ 23.724370882762837, 37.95351664535162 ], [ 23.723944565977433, 37.953659852310935 ], [ 23.723380387718095, 37.953856811089324 ], [ 23.723223674759986, 37.953910519953247 ], [ 23.724279427015134, 37.954859353161773 ], [ 23.724705188421744, 37.955247904756376 ], [ 23.724902053101239, 37.955397078032092 ], [ 23.725065861958807, 37.955508248364957 ], [ 23.725065968688448, 37.955508320717549 ], [ 23.725475086507004, 37.955785971060749 ], [ 23.725520366593347, 37.955811400239938 ], [ 23.725555665364226, 37.955831223531305 ], [ 23.725622304973996, 37.955894469236206 ], [ 23.72613491951401, 37.95617506335207 ], [ 23.726181418502122, 37.956202210267364 ], [ 23.726306396472744, 37.956265591335388 ], [ 23.726353250728639, 37.956292739008944 ], [ 23.726749784223014, 37.956509970120287 ], [ 23.727489651255475, 37.956903747080091 ], [ 23.727853582628452, 37.957089353806566 ], [ 23.727962605404432, 37.957139176859769 ], [ 23.728061685895433, 37.957184470384746 ], [ 23.728241398406471, 37.957261495229929 ], [ 23.728606532691387, 37.957411050817036 ], [ 23.729645309395696, 37.957782971055366 ], [ 23.729695771114525, 37.957738003593121 ], [ 23.729872292422858, 37.957580702255797 ], [ 23.729946802921866, 37.957535808822179 ], [ 23.730137006123702, 37.957468648516596 ], [ 23.730970568045429, 37.957344376916716 ], [ 23.731720466587642, 37.957237934459179 ], [ 23.731847268320486, 37.957193159039306 ], [ 23.732421729044681, 37.957104337926786 ], [ 23.732687987721057, 37.95705537222392 ], [ 23.733309454891643, 37.956953438849091 ], [ 23.734374382003011, 37.956754950385843 ], [ 23.734406090054161, 37.956657147302948 ], [ 23.734407732658518, 37.956652082157049 ], [ 23.734549079104291, 37.9562161002493 ], [ 23.734590773412844, 37.956087494621372 ], [ 23.734632041690276, 37.955960199391583 ] ] ] ] } },
{ "type": "Feature", "id": "geitonies0.11", "geometry_name": "the_geom", "properties": { "fid": 11, "gid": 9, "synoikia": "ΔΟΥΡΓΟΥΤΙ", "name": "ΔΟΥΡΓΟΥΤΙ ΙΙ", "dk": "2η ΔΚ", "shape_leng": 1843.6021753811899, "geit_thesm": 1, "name_en": "DOURGOUTI II", "synoik_en": "DOURGOUTI", "dk_en": "2nd", "shape_area": 199134.41740311863, "id": 8, "geitonia": "ΔΟΥΡΓΟΥΤΙ ΙΙ" }, "geometry": { "type": "MultiPolygon", "coordinates": [ [ [ [ 23.724279427015134, 37.954859353161773 ], [ 23.723223674759986, 37.953910519953247 ], [ 23.72308887160245, 37.953957378996442 ], [ 23.723056273500536, 37.95396870990038 ], [ 23.722620026837351, 37.954102875768719 ], [ 23.722295621979391, 37.954196745992029 ], [ 23.721977603176054, 37.95429513685778 ], [ 23.721549854460218, 37.954438331723544 ], [ 23.721173361266487, 37.954572633604755 ], [ 23.721053976960924, 37.954630934471396 ], [ 23.72096408276018, 37.95469831805574 ], [ 23.720604097968859, 37.954981370074258 ], [ 23.719873057068934, 37.955556457291507 ], [ 23.719230158681146, 37.956055140645795 ], [ 23.718873344319626, 37.956342701296087 ], [ 23.718431184318039, 37.956715679136337 ], [ 23.717727109598883, 37.957299830221245 ], [ 23.717622337950196, 37.957382118895914 ], [ 23.717570728431919, 37.9574226530857 ], [ 23.717549781815762, 37.957439104509419 ], [ 23.718454206194828, 37.95813977145437 ], [ 23.720338267339486, 37.959593333292098 ], [ 23.720338313874858, 37.959593369454268 ], [ 23.72038237337355, 37.959541850137938 ], [ 23.720471246835032, 37.959437930884548 ], [ 23.72150535472635, 37.958593171374645 ], [ 23.721967196100444, 37.958188683478433 ], [ 23.722121429802577, 37.958040335105352 ], [ 23.7229825351383, 37.957312321265455 ], [ 23.723226660208244, 37.957096586312119 ], [ 23.72338854592498, 37.9569933187204 ], [ 23.723432434069544, 37.956957370311308 ], [ 23.723792893300921, 37.956642765710448 ], [ 23.724125907413136, 37.956337549263012 ], [ 23.724150908290149, 37.95631463490821 ], [ 23.724269461018142, 37.956193238690069 ], [ 23.724920032545775, 37.955631455416423 ], [ 23.725063839079798, 37.955510117419543 ], [ 23.725065968688448, 37.955508320717549 ], [ 23.725065861958807, 37.955508248364957 ], [ 23.724902053101239, 37.955397078032092 ], [ 23.724705188421744, 37.955247904756376 ], [ 23.724279427015134, 37.954859353161773 ] ] ] ] } },
{ "type": "Feature", "id": "geitonies0.12", "geometry_name": "the_geom", "properties": { "fid": 12, "gid": 10, "synoikia": "ΓΟΥΒΑ", "name": "ΓΟΥΒΑ Ι", "dk": "2η ΔΚ", "shape_leng": 1732.4033652938399, "geit_thesm": 1, "name_en": "GOUVA I", "synoik_en": "GOUVA", "dk_en": "2nd", "shape_area": 152601.10799638089, "id": 9, "geitonia": "ΓΟΥΒΑ Ι" }, "geometry": { "type": "MultiPolygon", "coordinates": [ [ [ [ 23.744265678745705, 37.956487127720337 ], [ 23.744383055613945, 37.956362182788176 ], [ 23.744593030506213, 37.956138669107617 ], [ 23.744614365766754, 37.956115957845384 ], [ 23.744647883598354, 37.95608027912067 ], [ 23.744150765826561, 37.956261606766162 ], [ 23.743767340434086, 37.956388942124619 ], [ 23.743444826391364, 37.956324934510775 ], [ 23.742936947891, 37.95622413518911 ], [ 23.742405206936617, 37.956126417022432 ], [ 23.741927918210912, 37.95603870395432 ], [ 23.741020548486791, 37.955871947197828 ], [ 23.740392983532207, 37.955756607772969 ], [ 23.740116140932756, 37.955708203901565 ], [ 23.739998579579066, 37.955990952844978 ], [ 23.739847339524307, 37.956354702731105 ], [ 23.738718255353604, 37.956270961229045 ], [ 23.738693933817533, 37.956577661236487 ], [ 23.738635157763479, 37.956901995035231 ], [ 23.738600350074652, 37.956987540241528 ], [ 23.738459321072444, 37.957334223401588 ], [ 23.73832264049544, 37.957658383798702 ], [ 23.738207137855472, 37.957928513761729 ], [ 23.738069339296715, 37.958266190685094 ], [ 23.737897116199097, 37.958680400354773 ], [ 23.738557325890994, 37.958889165857784 ], [ 23.738657497872868, 37.958929946436939 ], [ 23.739340078296419, 37.959251418420848 ], [ 23.739924792215756, 37.95958618948405 ], [ 23.740094855310502, 37.959681200676798 ], [ 23.740567739798461, 37.959952631180904 ], [ 23.740856382565006, 37.960115499386795 ], [ 23.741244893043589, 37.959697254896248 ], [ 23.741618395242956, 37.959297001918245 ], [ 23.741623293578041, 37.959291797814217 ], [ 23.741821564203875, 37.959081138432971 ], [ 23.742409284175441, 37.958456030358292 ], [ 23.742878113213425, 37.957952333623929 ], [ 23.743082000779903, 37.957731963023427 ], [ 23.743329443274575, 37.957466622592406 ], [ 23.743423359454425, 37.957363179103645 ], [ 23.743770389444457, 37.956998912965844 ], [ 23.74384643902463, 37.956917962466882 ], [ 23.744265678745705, 37.956487127720337 ] ] ] ] } },
{ "type": "Feature", "id": "geitonies0.13", "geometry_name": "the_geom", "properties": { "fid": 13, "gid": 11, "synoikia": "ΠΡΟΦΗΤΗΣ ΗΛΙΑΣ", "name": "ΠΡΟΦΗΤΗΣ ΗΛΙΑΣ", "dk": "2η ΔΚ", "shape_leng": 1855.26921160234, "geit_thesm": 1, "name_en": "PROFITIS ILIAS", "synoik_en": "PROFITIS ILIAS", "dk_en": "2nd", "shape_area": 178661.60211028461, "id": 10, "geitonia": "ΠΡΟΦΗΤΗΣ ΗΛΙΑΣ" }, "geometry": { "type": "MultiPolygon", "coordinates": [ [ [ [ 23.749499261348994, 37.967276933789783 ], [ 23.750194587742513, 37.966498797718579 ], [ 23.750205600666376, 37.966503327544984 ], [ 23.750860884150921, 37.965779179706296 ], [ 23.751477643643749, 37.965118532662899 ], [ 23.751480969649329, 37.965114969683817 ], [ 23.751524291089652, 37.96506856459947 ], [ 23.751570520544224, 37.965018294603944 ], [ 23.751574540297408, 37.965013922828433 ], [ 23.752231616877094, 37.96429941200779 ], [ 23.752221576186091, 37.96430001996152 ], [ 23.751179060791074, 37.964362727856845 ], [ 23.751059531017628, 37.964405716136291 ], [ 23.750711694441019, 37.964412450401667 ], [ 23.750675628234536, 37.964399552239598 ], [ 23.750207970319021, 37.964114750678355 ], [ 23.749719168055204, 37.963817067014062 ], [ 23.749155941401291, 37.963515676980741 ], [ 23.748725091380088, 37.96328511994755 ], [ 23.748301141291684, 37.963072682989967 ], [ 23.747660346915328, 37.962690909580274 ], [ 23.746603391747552, 37.962065789394586 ], [ 23.746512573598235, 37.962166654410282 ], [ 23.746291260266563, 37.962416619484394 ], [ 23.745853234340007, 37.962898926366407 ], [ 23.745496741352312, 37.963294843672593 ], [ 23.745179910186049, 37.963648983611257 ], [ 23.744955280120958, 37.963902752265689 ], [ 23.74481205036194, 37.964062779165744 ], [ 23.744617108309498, 37.964271735473346 ], [ 23.744610655663852, 37.964278651475972 ], [ 23.744555411881848, 37.964340251798816 ], [ 23.744473514594389, 37.964431572789714 ], [ 23.745066620562739, 37.964767630570947 ], [ 23.745207145819315, 37.964847252003842 ], [ 23.745345215947143, 37.964925174432601 ], [ 23.745493373768035, 37.965008789430058 ], [ 23.745504624663688, 37.965015139012365 ], [ 23.746192009435038, 37.965413190959843 ], [ 23.746278240703607, 37.965458236798554 ], [ 23.746658779585356, 37.965657022202379 ], [ 23.746996994787338, 37.965833695979903 ], [ 23.747609731805504, 37.96618818741922 ], [ 23.748157299085022, 37.966504969559288 ], [ 23.748352579648763, 37.966617943039218 ], [ 23.748648495147879, 37.966788423447078 ], [ 23.748975172506068, 37.966973885072562 ], [ 23.749499261348994, 37.967276933789783 ] ] ] ] } },
{ "type": "Feature", "id": "geitonies0.14", "geometry_name": "the_geom", "properties": { "fid": 14, "gid": 12, "synoikia": "ΓΟΥΒΑ", "name": "ΑΓΙΟΣ ΙΩΑΝΝΗΣ", "dk": "2η ΔΚ", "shape_leng": 2196.3451386650499, "geit_thesm": 1, "name_en": "AGIOS IOANNIS", "synoik_en": "GOUVA", "dk_en": "2nd", "shape_area": 192573.43104320453, "id": 11, "geitonia": "ΑΓΙΟΣ ΙΩΑΝΝΗΣ" }, "geometry": { "type": "MultiPolygon", "coordinates": [ [ [ [ 23.735473238460958, 37.955562367031888 ], [ 23.734873155696242, 37.955393375521616 ], [ 23.73478697381535, 37.955594658358322 ], [ 23.73473465248221, 37.955717082496022 ], [ 23.734632041690276, 37.955960199391583 ], [ 23.734590773412844, 37.956087494621372 ], [ 23.734549079104291, 37.9562161002493 ], [ 23.734407732658518, 37.956652082157049 ], [ 23.734406090054161, 37.956657147302948 ], [ 23.734374382003011, 37.956754950385843 ], [ 23.733309454891643, 37.956953438849091 ], [ 23.732687987721057, 37.95705537222392 ], [ 23.732421729044681, 37.957104337926786 ], [ 23.731847268320486, 37.957193159039306 ], [ 23.731720466587642, 37.957237934459179 ], [ 23.730970568045429, 37.957344376916716 ], [ 23.730137006123702, 37.957468648516596 ], [ 23.729946802921866, 37.957535808822179 ], [ 23.729872292422858, 37.957580702255797 ], [ 23.729695771114525, 37.957738003593121 ], [ 23.729645309395696, 37.957782971055366 ], [ 23.729683321727979, 37.957796577738378 ], [ 23.730042934948973, 37.957901051701313 ], [ 23.730552906163439, 37.958037414132662 ], [ 23.73067268621114, 37.958064727068646 ], [ 23.730674441560442, 37.958065026709775 ], [ 23.730747320948755, 37.958077478992358 ], [ 23.730806356652696, 37.958087565216793 ], [ 23.730863152392971, 37.958101949043872 ], [ 23.73156051696105, 37.958278559095781 ], [ 23.731637950510951, 37.958310280872475 ], [ 23.732111368919682, 37.958424020931218 ], [ 23.732111528141338, 37.958424060950485 ], [ 23.732322149478037, 37.958476858374858 ], [ 23.732893880219383, 37.958620175714721 ], [ 23.732909613716917, 37.958624119423632 ], [ 23.732919640097965, 37.958626663992099 ], [ 23.7334973239278, 37.958773266297428 ], [ 23.733564298301136, 37.958790263082925 ], [ 23.733644236783665, 37.958810549143998 ], [ 23.734208258303159, 37.958956030973951 ], [ 23.734268352455295, 37.959074559194278 ], [ 23.734933551873837, 37.959253781367295 ], [ 23.735461349433049, 37.959395980501526 ], [ 23.7356825058616, 37.959473828007461 ], [ 23.736016778422165, 37.959591491950718 ], [ 23.736201021746879, 37.959682940830426 ], [ 23.736593024154875, 37.959906506976019 ], [ 23.736598482851939, 37.959909619632278 ], [ 23.73669833558812, 37.959966567584829 ], [ 23.736699994606159, 37.959967723145333 ], [ 23.737013595426294, 37.9601861399874 ], [ 23.737214768309745, 37.960326330787943 ], [ 23.737214794707103, 37.96032627046052 ], [ 23.737221072040295, 37.960311784539094 ], [ 23.737262715415909, 37.960215683837077 ], [ 23.737311495614158, 37.960103131596227 ], [ 23.737399049145928, 37.959891524052395 ], [ 23.737419875397386, 37.959837493172785 ], [ 23.73761080811412, 37.95936474220531 ], [ 23.737897116199097, 37.958680400354773 ], [ 23.738069339296715, 37.958266190685094 ], [ 23.738207137855472, 37.957928513761729 ], [ 23.73832264049544, 37.957658383798702 ], [ 23.738459321072444, 37.957334223401588 ], [ 23.738600350074652, 37.956987540241528 ], [ 23.738635157763479, 37.956901995035231 ], [ 23.738693933817533, 37.956577661236487 ], [ 23.738718255353604, 37.956270961229045 ], [ 23.737466197842231, 37.956165983178558 ], [ 23.737141816378948, 37.956138782636124 ], [ 23.736677031438585, 37.956099808055001 ], [ 23.736158006231442, 37.956056282883679 ], [ 23.735736084631725, 37.95602089950485 ], [ 23.73587316326725, 37.955674988491495 ], [ 23.735829381986189, 37.955662659695484 ], [ 23.735479822519935, 37.955564221367219 ], [ 23.735473238460958, 37.955562367031888 ] ] ] ] } },
{ "type": "Feature", "id": "geitonies0.15", "geometry_name": "the_geom", "properties": { "fid": 15, "gid": 13, "synoikia": "ΝΕΟΣ ΚΟΣΜΟΣ", "name": "ΣΤΕΡΝΑ", "dk": "2η ΔΚ", "shape_leng": 1724.12613178892, "geit_thesm": 1, "name_en": "STERNA", "synoik_en": "NEOS KOSMOS", "dk_en": "2nd", "shape_area": 158047.89717288967, "id": 12, "geitonia": "ΣΤΕΡΝΑ" }, "geometry": { "type": "MultiPolygon", "coordinates": [ [ [ [ 23.725475086507004, 37.955785971060749 ], [ 23.725065968688448, 37.955508320717549 ], [ 23.725063839079798, 37.955510117419543 ], [ 23.724920032545775, 37.955631455416423 ], [ 23.724269461018142, 37.956193238690069 ], [ 23.724150908290149, 37.95631463490821 ], [ 23.724190150482681, 37.956401306592163 ], [ 23.724228525712832, 37.956486061890679 ], [ 23.724252477640409, 37.956539428408483 ], [ 23.724507931206428, 37.957108606263432 ], [ 23.72491396747397, 37.957980520992336 ], [ 23.725001427393487, 37.958168328835917 ], [ 23.725001631759621, 37.958168777254421 ], [ 23.725061266214976, 37.958299602682985 ], [ 23.725430352916558, 37.959107118528586 ], [ 23.725464912530143, 37.959188315207378 ], [ 23.725485747462251, 37.959611969751272 ], [ 23.725465692246821, 37.959647974523243 ], [ 23.725638075417582, 37.959783570010416 ], [ 23.726393969318263, 37.960371168208823 ], [ 23.727043115274924, 37.960872891445646 ], [ 23.72739210023947, 37.960608783789411 ], [ 23.727506162769703, 37.960522462082317 ], [ 23.727542990570335, 37.960494605608368 ], [ 23.727941386790562, 37.960193261292602 ], [ 23.72794739361456, 37.960188718264547 ], [ 23.727981334106747, 37.960163046008795 ], [ 23.728010173541193, 37.960140469595665 ], [ 23.728308490153413, 37.959906934534956 ], [ 23.728816513544203, 37.959511539327039 ], [ 23.729521811631152, 37.958963376385064 ], [ 23.729623552142034, 37.958883915524027 ], [ 23.729950392053667, 37.958628645897093 ], [ 23.730206418762563, 37.95842868104554 ], [ 23.730342882180949, 37.958321960356891 ], [ 23.730533913408689, 37.958172564060938 ], [ 23.73067268621114, 37.958064727068646 ], [ 23.730552906163439, 37.958037414132662 ], [ 23.730042934948973, 37.957901051701313 ], [ 23.729683321727979, 37.957796577738378 ], [ 23.729645309395696, 37.957782971055366 ], [ 23.728606532691387, 37.957411050817036 ], [ 23.728241398406471, 37.957261495229929 ], [ 23.728061685895433, 37.957184470384746 ], [ 23.727962605404432, 37.957139176859769 ], [ 23.727853582628452, 37.957089353806566 ], [ 23.727489651255475, 37.956903747080091 ], [ 23.726749784223014, 37.956509970120287 ], [ 23.726353250728639, 37.956292739008944 ], [ 23.726306396472744, 37.956265591335388 ], [ 23.726181418502122, 37.956202210267364 ], [ 23.72613491951401, 37.95617506335207 ], [ 23.725622304973996, 37.955894469236206 ], [ 23.725555665364226, 37.955831223531305 ], [ 23.725520366593347, 37.955811400239938 ], [ 23.725475086507004, 37.955785971060749 ] ] ] ] } },
{ "type": "Feature", "id": "geitonies0.16", "geometry_name": "the_geom", "properties": { "fid": 16, "gid": 14, "synoikia": "ΝΕΟΣ ΚΟΣΜΟΣ", "name": "ΔΟΥΡΓΟΥΤΙ Ι", "dk": "2η ΔΚ", "shape_leng": 1915.88507606744, "geit_thesm": 1, "name_en": "DOURGOUTI I", "synoik_en": "NEOS KOSMOS", "dk_en": "2nd", "shape_area": 196675.87495099747, "id": 13, "geitonia": "ΔΟΥΡΓΟΥΤΙ Ι" }, "geometry": { "type": "MultiPolygon", "coordinates": [ [ [ [ 23.724190150482681, 37.956401306592163 ], [ 23.724150908290149, 37.95631463490821 ], [ 23.724125907413136, 37.956337549263012 ], [ 23.723792893300921, 37.956642765710448 ], [ 23.723432434069544, 37.956957370311308 ], [ 23.72338854592498, 37.9569933187204 ], [ 23.723226660208244, 37.957096586312119 ], [ 23.7229825351383, 37.957312321265455 ], [ 23.722121429802577, 37.958040335105352 ], [ 23.721967196100444, 37.958188683478433 ], [ 23.72150535472635, 37.958593171374645 ], [ 23.720471246835032, 37.959437930884548 ], [ 23.72038237337355, 37.959541850137938 ], [ 23.720338313874858, 37.959593369454268 ], [ 23.720394007689507, 37.959636642927336 ], [ 23.722415006776885, 37.961206883651904 ], [ 23.72250879908071, 37.961279754195139 ], [ 23.722711082077907, 37.961437253663533 ], [ 23.72390405801649, 37.962366970813896 ], [ 23.724575787976907, 37.962890380603262 ], [ 23.724576081969463, 37.96289060931754 ], [ 23.72457690631731, 37.96288996141822 ], [ 23.72459250605954, 37.962877718779765 ], [ 23.724633425245596, 37.962845605206809 ], [ 23.724633476761866, 37.962845223180992 ], [ 23.724644401702875, 37.962764514916621 ], [ 23.724917969002078, 37.962543849735518 ], [ 23.72502720249371, 37.96245573913307 ], [ 23.725055821524496, 37.962432000278085 ], [ 23.725220324778356, 37.962297191284385 ], [ 23.725233694245354, 37.962286762151138 ], [ 23.725260640965189, 37.962265740330679 ], [ 23.725793544972124, 37.961841772622229 ], [ 23.725887545316766, 37.961766987310348 ], [ 23.725893808540938, 37.961762135844062 ], [ 23.72642698215228, 37.961349143546215 ], [ 23.726435858515178, 37.961342281943452 ], [ 23.726760696799424, 37.96109119323669 ], [ 23.726826898537148, 37.961040021262754 ], [ 23.727043115274924, 37.960872891445646 ], [ 23.726393969318263, 37.960371168208823 ], [ 23.725638075417582, 37.959783570010416 ], [ 23.725465692246821, 37.959647974523243 ], [ 23.725485747462251, 37.959611969751272 ], [ 23.725464912530143, 37.959188315207378 ], [ 23.725430352916558, 37.959107118528586 ], [ 23.725061266214976, 37.958299602682985 ], [ 23.725001631759621, 37.958168777254421 ], [ 23.725001427393487, 37.958168328835917 ], [ 23.72491396747397, 37.957980520992336 ], [ 23.724507931206428, 37.957108606263432 ], [ 23.724252477640409, 37.956539428408483 ], [ 23.724228525712832, 37.956486061890679 ], [ 23.724190150482681, 37.956401306592163 ] ] ] ] } },
{ "type": "Feature", "id": "geitonies0.17", "geometry_name": "the_geom", "properties": { "fid": 17, "gid": 15, "synoikia": "ΝΕΟΣ ΚΟΣΜΟΣ", "name": "ΝΕΟΣ ΚΟΣΜΟΣ", "dk": "2η ΔΚ", "shape_leng": 1592.74900181573, "geit_thesm": 1, "name_en": "NEOS KOSMOS", "synoik_en": "NEOS KOSMOS", "dk_en": "2nd", "shape_area": 133253.26193008278, "id": 14, "geitonia": "ΝΕΟΣ ΚΟΣΜΟΣ" }, "geometry": { "type": "MultiPolygon", "coordinates": [ [ [ [ 23.730674441560442, 37.958065026709775 ], [ 23.73067268621114, 37.958064727068646 ], [ 23.730533913408689, 37.958172564060938 ], [ 23.730342882180949, 37.958321960356891 ], [ 23.730206418762563, 37.95842868104554 ], [ 23.729950392053667, 37.958628645897093 ], [ 23.729623552142034, 37.958883915524027 ], [ 23.729521811631152, 37.958963376385064 ], [ 23.728816513544203, 37.959511539327039 ], [ 23.728308490153413, 37.959906934534956 ], [ 23.728010173541193, 37.960140469595665 ], [ 23.727981334106747, 37.960163046008795 ], [ 23.72794739361456, 37.960188718264547 ], [ 23.727941386790562, 37.960193261292602 ], [ 23.727542990570335, 37.960494605608368 ], [ 23.727506162769703, 37.960522462082317 ], [ 23.72739210023947, 37.960608783789411 ], [ 23.727043115274924, 37.960872891445646 ], [ 23.727043823575706, 37.960873443776492 ], [ 23.7270907825195, 37.960910078350793 ], [ 23.72713002057165, 37.96094068971091 ], [ 23.727158639801367, 37.960962710582223 ], [ 23.727423740804589, 37.961166692811339 ], [ 23.727745109693856, 37.961419797824661 ], [ 23.728216154595675, 37.961794921810274 ], [ 23.728837983354229, 37.962283052618893 ], [ 23.729164342416489, 37.962536165222993 ], [ 23.72931156435018, 37.962649165137307 ], [ 23.72939598302343, 37.96271695599328 ], [ 23.729953957393594, 37.963159869527878 ], [ 23.730470786540895, 37.96357114103575 ], [ 23.730644216511809, 37.963035271444731 ], [ 23.730807974691238, 37.962517405192749 ], [ 23.73090842895715, 37.962188664561268 ], [ 23.731033318272111, 37.961792383017666 ], [ 23.731162880720639, 37.961382592655788 ], [ 23.731242879113875, 37.961137747384413 ], [ 23.731349603370781, 37.960800806266683 ], [ 23.731452906437536, 37.960477459478341 ], [ 23.73166770849204, 37.95981099555754 ], [ 23.731787900133664, 37.959432728112411 ], [ 23.732066751294038, 37.958563619201577 ], [ 23.732111528141338, 37.958424060950485 ], [ 23.732111368919682, 37.958424020931218 ], [ 23.731637950510951, 37.958310280872475 ], [ 23.73156051696105, 37.958278559095781 ], [ 23.730863152392971, 37.958101949043872 ], [ 23.730806356652696, 37.958087565216793 ], [ 23.730747320948755, 37.958077478992358 ], [ 23.730674441560442, 37.958065026709775 ] ] ] ] } },
{ "type": "Feature", "id": "geitonies0.18", "geometry_name": "the_geom", "properties": { "fid": 18, "gid": 16, "synoikia": "ΓΟΥΒΑ", "name": "ΓΟΥΒΑ ΙΙ", "dk": "2η ΔΚ", "shape_leng": 1653.3570355251099, "geit_thesm": 1, "name_en": "GOUVA II", "synoik_en": "GOUVA", "dk_en": "2nd", "shape_area": 147319.5056507783, "id": 15, "geitonia": "ΓΟΥΒΑ ΙΙ" }, "geometry": { "type": "MultiPolygon", "coordinates": [ [ [ [ 23.747552634060085, 37.957284493443602 ], [ 23.746934381691414, 37.956692183142643 ], [ 23.746673737205565, 37.956760490712398 ], [ 23.746510887280767, 37.956803168455487 ], [ 23.745965025244221, 37.95694423363004 ], [ 23.745713797189541, 37.957007975437882 ], [ 23.745631273372133, 37.956532827151008 ], [ 23.745579223789115, 37.956385454636987 ], [ 23.745290794502857, 37.955853069447741 ], [ 23.745021866734071, 37.955948111135534 ], [ 23.744647883598354, 37.95608027912067 ], [ 23.744614365766754, 37.956115957845384 ], [ 23.744593030506213, 37.956138669107617 ], [ 23.744383055613945, 37.956362182788176 ], [ 23.744265678745705, 37.956487127720337 ], [ 23.74384643902463, 37.956917962466882 ], [ 23.743770389444457, 37.956998912965844 ], [ 23.743423359454425, 37.957363179103645 ], [ 23.743329443274575, 37.957466622592406 ], [ 23.743082000779903, 37.957731963023427 ], [ 23.742878113213425, 37.957952333623929 ], [ 23.742409284175441, 37.958456030358292 ], [ 23.741821564203875, 37.959081138432971 ], [ 23.741623293578041, 37.959291797814217 ], [ 23.741618395242956, 37.959297001918245 ], [ 23.741623291949626, 37.95929973636872 ], [ 23.741934381297362, 37.959473446885255 ], [ 23.742128573543003, 37.959586533856026 ], [ 23.742517685885545, 37.959808201977594 ], [ 23.742973212518361, 37.960061559044377 ], [ 23.743619413006915, 37.960418978274582 ], [ 23.743861517544847, 37.960553336255202 ], [ 23.744035182737012, 37.960649712338423 ], [ 23.744550121137863, 37.960932033776785 ], [ 23.745416309252168, 37.959983619657727 ], [ 23.745921512407492, 37.959430443923402 ], [ 23.746461993962015, 37.958838628889161 ], [ 23.746701393614543, 37.958567002813112 ], [ 23.747306871769727, 37.957879053332498 ], [ 23.747703196672841, 37.957428737076604 ], [ 23.747552634060085, 37.957284493443602 ] ] ] ] } },
{ "type": "Feature", "id": "geitonies0.19", "geometry_name": "the_geom", "properties": { "fid": 19, "gid": 17, "synoikia": "ΝΕΟΣ ΚΟΣΜΟΣ", "name": "ΛΟΦΟΣ ΛΑΜΠΡΑΚΗ", "dk": "2η ΔΚ", "shape_leng": 2036.8465701145301, "geit_thesm": 1, "name_en": "LOFOS LAMPRAKI", "synoik_en": "NEOS KOSMOS", "dk_en": "2nd", "shape_area": 238801.56899503036, "id": 16, "geitonia": "ΛΟΦΟΣ ΛΑΜΠΡΑΚΗ" }, "geometry": { "type": "MultiPolygon", "coordinates": [ [ [ [ 23.736780885232438, 37.960759080198869 ], [ 23.73681634312241, 37.960726894269044 ], [ 23.73697957724043, 37.960771047536305 ], [ 23.737164068453588, 37.960445292269888 ], [ 23.737190262632531, 37.960382260535518 ], [ 23.737214768309745, 37.960326330787943 ], [ 23.737013595426294, 37.9601861399874 ], [ 23.736699994606159, 37.959967723145333 ], [ 23.73669833558812, 37.959966567584829 ], [ 23.736598482851939, 37.959909619632278 ], [ 23.736593024154875, 37.959906506976019 ], [ 23.736201021746879, 37.959682940830426 ], [ 23.736016778422165, 37.959591491950718 ], [ 23.7356825058616, 37.959473828007461 ], [ 23.735461349433049, 37.959395980501526 ], [ 23.734933551873837, 37.959253781367295 ], [ 23.734268352455295, 37.959074559194278 ], [ 23.734208258303159, 37.958956030973951 ], [ 23.733644236783665, 37.958810549143998 ], [ 23.733564298301136, 37.958790263082925 ], [ 23.7334973239278, 37.958773266297428 ], [ 23.732919640097965, 37.958626663992099 ], [ 23.732909613716917, 37.958624119423632 ], [ 23.732893880219383, 37.958620175714721 ], [ 23.732322149478037, 37.958476858374858 ], [ 23.732111528141338, 37.958424060950485 ], [ 23.732066751294038, 37.958563619201577 ], [ 23.731787900133664, 37.959432728112411 ], [ 23.73166770849204, 37.95981099555754 ], [ 23.731452906437536, 37.960477459478341 ], [ 23.731349603370781, 37.960800806266683 ], [ 23.731242879113875, 37.961137747384413 ], [ 23.731162880720639, 37.961382592655788 ], [ 23.731033318272111, 37.961792383017666 ], [ 23.73090842895715, 37.962188664561268 ], [ 23.730807974691238, 37.962517405192749 ], [ 23.730644216511809, 37.963035271444731 ], [ 23.730470786540895, 37.96357114103575 ], [ 23.73085071056267, 37.963869436056164 ], [ 23.731176016860829, 37.964122540623563 ], [ 23.731380340456049, 37.964285239259944 ], [ 23.731800919701733, 37.964362808310383 ], [ 23.732146890432933, 37.964413167362864 ], [ 23.732396969888782, 37.964418242896848 ], [ 23.733072517174115, 37.964428790428478 ], [ 23.733282688026502, 37.964451799298551 ], [ 23.733392179437747, 37.964474579684584 ], [ 23.733687745455679, 37.964592416615758 ], [ 23.734037338778844, 37.964723894280404 ], [ 23.734317099783457, 37.964291907865629 ], [ 23.734342132535392, 37.964255912848387 ], [ 23.734505105605042, 37.963850700838556 ], [ 23.734678846691779, 37.963418474193681 ], [ 23.734848995831737, 37.962995252050462 ], [ 23.735037464778852, 37.962522499997561 ], [ 23.735233077404079, 37.962040750787757 ], [ 23.735251754074667, 37.961991221922432 ], [ 23.73563265823552, 37.961721691735995 ], [ 23.736354759145499, 37.961145480335922 ], [ 23.736372336357356, 37.961110265798062 ], [ 23.736430924477713, 37.961062694532409 ], [ 23.736577675864662, 37.960943540193497 ], [ 23.736780885232438, 37.960759080198869 ] ] ] ] } },
{ "type": "Feature", "id": "geitonies0.20", "geometry_name": "the_geom", "properties": { "fid": 20, "gid": 18, "synoikia": "ΜΑΚΡΥΓΙΑΝΝΗ-ΒΕΪΚΟΥ-ΚΟΥΚΑΚΙ-ΦΙΛΟΠΑΠΠΟΥ", "name": "ΚΟΥΚΑΚΙ", "dk": "1η ΔΚ", "shape_leng": 1847.2925167984499, "geit_thesm": 1, "name_en": "KOUKAKI", "synoik_en": "MAKRYGIANNI-VEIKOU-KOUKAKI-FILOPAPPOU", "dk_en": "1st", "shape_area": 175719.20770367654, "id": 17, "geitonia": "ΚΟΥΚΑΚΙ" }, "geometry": { "type": "MultiPolygon", "coordinates": [ [ [ [ 23.72390405801649, 37.962366970813896 ], [ 23.722711082077907, 37.961437253663533 ], [ 23.72250879908071, 37.961279754195139 ], [ 23.722415006776885, 37.961206883651904 ], [ 23.720394007689507, 37.959636642927336 ], [ 23.720338313874858, 37.959593369454268 ], [ 23.720316595372505, 37.959607139997267 ], [ 23.720316517777167, 37.959607189383718 ], [ 23.72029981211017, 37.959617781276457 ], [ 23.720296946609562, 37.959619651849387 ], [ 23.720107236637173, 37.95974350377768 ], [ 23.719913614832858, 37.959894879562725 ], [ 23.71880848568264, 37.960758863472719 ], [ 23.717921319187592, 37.961474221565084 ], [ 23.717954100301753, 37.961497373147182 ], [ 23.718001372628006, 37.96153075843813 ], [ 23.7181330628007, 37.961623763445239 ], [ 23.718223495681993, 37.961687629977554 ], [ 23.718254148257625, 37.96170927753451 ], [ 23.718358434585905, 37.961782927278314 ], [ 23.718455824008416, 37.96185170608387 ], [ 23.718470590077899, 37.961862134178546 ], [ 23.719090237858094, 37.962201300232543 ], [ 23.719090785422534, 37.962201599866475 ], [ 23.71916373083906, 37.962197267567582 ], [ 23.719159176614149, 37.962832665169195 ], [ 23.719160361994213, 37.96317515764342 ], [ 23.719161685809077, 37.963481598889551 ], [ 23.719164564714955, 37.963846627578612 ], [ 23.719166175078637, 37.964171095240822 ], [ 23.719167360473662, 37.96451358763678 ], [ 23.719167904142385, 37.964838052715791 ], [ 23.719159501771067, 37.965176015745058 ], [ 23.7202976538915, 37.965345465455727 ], [ 23.720744249551096, 37.965409616537265 ], [ 23.721090347580198, 37.96545931079654 ], [ 23.721370402394754, 37.965501229956786 ], [ 23.721399845978333, 37.965523831889968 ], [ 23.721408074990279, 37.964852391634317 ], [ 23.721404555026826, 37.964654099870465 ], [ 23.721404761681633, 37.964505387784023 ], [ 23.72140388448409, 37.964369951808777 ], [ 23.721578577895329, 37.964262451394426 ], [ 23.722056089571129, 37.963862507120311 ], [ 23.7225639021474, 37.963444606559769 ], [ 23.723248668922619, 37.962891926859598 ], [ 23.723451002900475, 37.96272566423729 ], [ 23.723830293737187, 37.962424623469168 ], [ 23.72390405801649, 37.962366970813896 ] ] ] ] } },
{ "type": "Feature", "id": "geitonies0.21", "geometry_name": "the_geom", "properties": { "fid": 21, "gid": 19, "synoikia": "ΠΑΓΚΡΑΤΙ", "name": "ΒΑΤΡΑΧΟΝΗΣΙ", "dk": "2η ΔΚ", "shape_leng": 1505.7339314129499, "geit_thesm": 1, "name_en": "VATRACHONISI", "synoik_en": "PAGKRATI", "dk_en": "2nd", "shape_area": 129020.83018991574, "id": 18, "geitonia": "ΒΑΤΡΑΧΟΝΗΣΙ" }, "geometry": { "type": "MultiPolygon", "coordinates": [ [ [ [ 23.747399510799919, 37.970386394687964 ], [ 23.747378063920049, 37.97024866969587 ], [ 23.747371042357351, 37.970203575800596 ], [ 23.747351122808141, 37.970075346443977 ], [ 23.7472129065711, 37.970206622251169 ], [ 23.747169541428242, 37.970262435051232 ], [ 23.747108549170456, 37.970372159235843 ], [ 23.747015052339407, 37.970354023485953 ], [ 23.747011280656118, 37.97035329164094 ], [ 23.74654006421995, 37.970261886295823 ], [ 23.746453695849826, 37.970217621799087 ], [ 23.746101967766695, 37.969969009045577 ], [ 23.746060946874632, 37.969975353900928 ], [ 23.746053901409475, 37.969976443671833 ], [ 23.745584734494404, 37.970049007535017 ], [ 23.745125153807717, 37.970124622226379 ], [ 23.744668788144622, 37.970195735658436 ], [ 23.744495855742649, 37.970407162853 ], [ 23.744078545526087, 37.970910976951345 ], [ 23.743878428912989, 37.971162902015685 ], [ 23.743739446932576, 37.971329337581246 ], [ 23.743662283003133, 37.971419298239255 ], [ 23.743534361487797, 37.971576744777018 ], [ 23.743318336587414, 37.971809790952562 ], [ 23.743177402407785, 37.971950883674552 ], [ 23.743055027686196, 37.971980755513258 ], [ 23.742976204010994, 37.971999996159163 ], [ 23.742996273389728, 37.972014298374575 ], [ 23.743463730522297, 37.972347418799181 ], [ 23.743961080872992, 37.972682286924176 ], [ 23.744189918189306, 37.972834840063236 ], [ 23.745629300199052, 37.973790945563742 ], [ 23.746393354289957, 37.974345708002261 ], [ 23.746418356102467, 37.974278278012669 ], [ 23.746453576918487, 37.974183287045456 ], [ 23.746501941992431, 37.974053024571433 ], [ 23.746550152910132, 37.973923173630567 ], [ 23.746550542500628, 37.973922122667595 ], [ 23.746901412928494, 37.973890225337676 ], [ 23.747914083569285, 37.973789859339782 ], [ 23.747913837805523, 37.973788145465797 ], [ 23.747857784730591, 37.97339767865666 ], [ 23.747841107140772, 37.973280472835917 ], [ 23.747837769393236, 37.973257019589198 ], [ 23.747836939955327, 37.973251192790343 ], [ 23.747829121517789, 37.973196248868348 ], [ 23.747828596723139, 37.973192563280165 ], [ 23.747822345987018, 37.973148635549521 ], [ 23.747816085264038, 37.973104633891225 ], [ 23.747812757544779, 37.973081249162462 ], [ 23.747811916996536, 37.973075343026153 ], [ 23.747799412222754, 37.972987467725318 ], [ 23.747776441339468, 37.972835513675271 ], [ 23.747716954814212, 37.972442011951067 ], [ 23.74764464632813, 37.971946148663157 ], [ 23.747622714246749, 37.971801896486078 ], [ 23.747589871280649, 37.971585915341926 ], [ 23.747572614783955, 37.971472428721732 ], [ 23.747553525595773, 37.971346885242916 ], [ 23.747553481042292, 37.971346596735223 ], [ 23.747543085657391, 37.971280263982464 ], [ 23.74750744841905, 37.971052873706931 ], [ 23.747431965280896, 37.970571228387435 ], [ 23.747399510799919, 37.970386394687964 ] ] ] ] } },
{ "type": "Feature", "id": "geitonies0.22", "geometry_name": "the_geom", "properties": { "fid": 22, "gid": 20, "synoikia": "ΜΑΚΡΥΓΙΑΝΝΗ-ΒΕΪΚΟΥ-ΚΟΥΚΑΚΙ-ΦΙΛΟΠΑΠΠΟΥ", "name": "ΒΕΪΚΟΥ", "dk": "1η ΔΚ", "shape_leng": 1678.6885312925899, "geit_thesm": 1, "name_en": "VEIKOU", "synoik_en": "MAKRYGIANNI-VEIKOU-KOUKAKI-FILOPAPPOU", "dk_en": "1st", "shape_area": 175184.02280775434, "id": 19, "geitonia": "ΒΕΪΚΟΥ" }, "geometry": { "type": "MultiPolygon", "coordinates": [ [ [ [ 23.724727308500675, 37.967334240749175 ], [ 23.724765467308085, 37.966928750424394 ], [ 23.725014454343658, 37.966942851985912 ], [ 23.725312164327956, 37.966961573231671 ], [ 23.726114592756641, 37.967013014888494 ], [ 23.726150683430809, 37.966590894105082 ], [ 23.726189759532691, 37.96622005631486 ], [ 23.726611509485373, 37.965887560492476 ], [ 23.726984043789425, 37.965586494023597 ], [ 23.727426188059908, 37.965227022835826 ], [ 23.727458969598292, 37.965200803693328 ], [ 23.727502079973995, 37.965166322020458 ], [ 23.726316257883607, 37.964244120071072 ], [ 23.724647093180259, 37.962945843370619 ], [ 23.724576081969463, 37.96289060931754 ], [ 23.724575787976907, 37.962890380603262 ], [ 23.72390405801649, 37.962366970813896 ], [ 23.723830293737187, 37.962424623469168 ], [ 23.723451002900475, 37.96272566423729 ], [ 23.723248668922619, 37.962891926859598 ], [ 23.7225639021474, 37.963444606559769 ], [ 23.722056089571129, 37.963862507120311 ], [ 23.721578577895329, 37.964262451394426 ], [ 23.72140388448409, 37.964369951808777 ], [ 23.721404761681633, 37.964505387784023 ], [ 23.721404555026826, 37.964654099870465 ], [ 23.721408074990279, 37.964852391634317 ], [ 23.721399845978333, 37.965523831889968 ], [ 23.721951067139297, 37.96595775425385 ], [ 23.721975910635461, 37.965976722892712 ], [ 23.722294461369692, 37.966219938886091 ], [ 23.722531416655372, 37.966405262036112 ], [ 23.72307710007269, 37.966826403779763 ], [ 23.72308196881232, 37.966830168203273 ], [ 23.723603777097487, 37.967233612176145 ], [ 23.723693367977063, 37.967302879308853 ], [ 23.723824451211328, 37.967404227789125 ], [ 23.72388261011298, 37.967399377476859 ], [ 23.723891183224779, 37.967398662146763 ], [ 23.724139763506155, 37.967377928925131 ], [ 23.724658753382471, 37.96733933843597 ], [ 23.724659213452888, 37.967339304362469 ], [ 23.724727308500675, 37.967334240749175 ] ] ] ] } },
{ "type": "Feature", "id": "geitonies0.23", "geometry_name": "the_geom", "properties": { "fid": 23, "gid": 22, "synoikia": "ΣΤΑΔΙΟ", "name": "ΜΕΤΣ", "dk": "2η ΔΚ", "shape_leng": 1899.5810421792301, "geit_thesm": 1, "name_en": "METS", "synoik_en": "STADIO", "dk_en": "2nd", "shape_area": 146670.81929282943, "id": 21, "geitonia": "ΜΕΤΣ" }, "geometry": { "type": "MultiPolygon", "coordinates": [ [ [ [ 23.738218263024521, 37.966899559820746 ], [ 23.738230524476734, 37.966873858928089 ], [ 23.73840469045366, 37.966905952746423 ], [ 23.738409749907802, 37.966906885112962 ], [ 23.738421916720142, 37.966909126630767 ], [ 23.738428559884994, 37.966910350929986 ], [ 23.738534702979113, 37.96677539363094 ], [ 23.738611887971356, 37.96678007158723 ], [ 23.739021233359857, 37.966821538331885 ], [ 23.739164251970386, 37.966821855505806 ], [ 23.739379144286559, 37.966824721964578 ], [ 23.739569454893157, 37.966827259626257 ], [ 23.739946734305793, 37.966882171488734 ], [ 23.740324013148715, 37.966937082140312 ], [ 23.740602555735183, 37.96684306134815 ], [ 23.740625589197649, 37.966834640922777 ], [ 23.740997476442878, 37.966698678904407 ], [ 23.74100142515071, 37.966697235621936 ], [ 23.741068146228773, 37.966672842208688 ], [ 23.741176750651789, 37.966646042536574 ], [ 23.739949009591246, 37.96603496543532 ], [ 23.739531347570463, 37.965831251583083 ], [ 23.739079970778782, 37.96560492926411 ], [ 23.738601944953007, 37.965369533116011 ], [ 23.738458984201465, 37.965299133898647 ], [ 23.738429578319426, 37.965318368716389 ], [ 23.738419467120497, 37.965324982422999 ], [ 23.737947113118228, 37.96563395645925 ], [ 23.737876242920901, 37.965774110266821 ], [ 23.737875736164309, 37.965775112271793 ], [ 23.737869723864783, 37.965787003093915 ], [ 23.737867104795583, 37.965823048796381 ], [ 23.737400613534149, 37.965646257229537 ], [ 23.736974974454487, 37.965487580920289 ], [ 23.736483972786107, 37.965301718029743 ], [ 23.735952890212303, 37.965098073548404 ], [ 23.735951911360459, 37.965097698218045 ], [ 23.735904305750065, 37.965079443919116 ], [ 23.735955514568047, 37.964992768379737 ], [ 23.735956923694062, 37.964962001551427 ], [ 23.73593092219846, 37.964934868484654 ], [ 23.735401379645936, 37.964723897487524 ], [ 23.735108237142821, 37.964607107699216 ], [ 23.734877778782362, 37.96451529075793 ], [ 23.734317099783457, 37.964291907865629 ], [ 23.734037338778844, 37.964723894280404 ], [ 23.733778936324811, 37.965151421883888 ], [ 23.733497325497144, 37.965601428523875 ], [ 23.733349919460046, 37.965830923057858 ], [ 23.733301598673123, 37.965911929480818 ], [ 23.733243133599569, 37.96614162545572 ], [ 23.733247396978495, 37.966339918548606 ], [ 23.73325462408102, 37.96640753155603 ], [ 23.73339802208719, 37.966696268840536 ], [ 23.73349604460774, 37.966939838748253 ], [ 23.733461307610085, 37.967002850227317 ], [ 23.733493761404244, 37.967079533245027 ], [ 23.733492403052935, 37.96711579890529 ], [ 23.73361576678564, 37.967131165862952 ], [ 23.733905060227585, 37.967172121646875 ], [ 23.734197761224777, 37.967198293378317 ], [ 23.734435883242028, 37.967266427745308 ], [ 23.734569119001485, 37.967316299272341 ], [ 23.734825894049248, 37.967534607905975 ], [ 23.735058121050024, 37.967671003003346 ], [ 23.735307947494832, 37.967767136141362 ], [ 23.735781954285784, 37.967810805543365 ], [ 23.736091691506751, 37.967829924897352 ], [ 23.736318458325886, 37.967867279831552 ], [ 23.736572987116638, 37.967914872939211 ], [ 23.736825652132698, 37.967985864173762 ], [ 23.737332699906876, 37.968145898946034 ], [ 23.737491008932597, 37.968210733148553 ], [ 23.737557024058393, 37.968262239432434 ], [ 23.737597730252247, 37.968179189111559 ], [ 23.737603923044752, 37.968166554247155 ], [ 23.737721884996219, 37.967925885855216 ], [ 23.737974955686727, 37.967409556505885 ], [ 23.738215806141458, 37.966904710624078 ], [ 23.738218263024521, 37.966899559820746 ] ] ] ] } },
{ "type": "Feature", "id": "geitonies0.24", "geometry_name": "the_geom", "properties": { "fid": 24, "gid": 23, "synoikia": "ΝΕΟΣ ΚΟΣΜΟΣ", "name": "ΚΑΛΛΙΡΡΟΗΣ", "dk": "2η ΔΚ", "shape_leng": 2483.7652133135398, "geit_thesm": 1, "name_en": "KALLIRROIS", "synoik_en": "NEOS KOSMOS", "dk_en": "2nd", "shape_area": 289785.79849586025, "id": 22, "geitonia": "ΚΑΛΛΙΡΡΟΗΣ" }, "geometry": { "type": "MultiPolygon", "coordinates": [ [ [ [ 23.727043823575706, 37.960873443776492 ], [ 23.727043115274924, 37.960872891445646 ], [ 23.726826898537148, 37.961040021262754 ], [ 23.726760696799424, 37.96109119323669 ], [ 23.726435858515178, 37.961342281943452 ], [ 23.72642698215228, 37.961349143546215 ], [ 23.725893808540938, 37.961762135844062 ], [ 23.725887545316766, 37.961766987310348 ], [ 23.725793544972124, 37.961841772622229 ], [ 23.725260640965189, 37.962265740330679 ], [ 23.725233694245354, 37.962286762151138 ], [ 23.725220324778356, 37.962297191284385 ], [ 23.725055821524496, 37.962432000278085 ], [ 23.72502720249371, 37.96245573913307 ], [ 23.724917969002078, 37.962543849735518 ], [ 23.724644401702875, 37.962764514916621 ], [ 23.724633476761866, 37.962845223180992 ], [ 23.724633425245596, 37.962845605206809 ], [ 23.72459250605954, 37.962877718779765 ], [ 23.72457690631731, 37.96288996141822 ], [ 23.724576081969463, 37.96289060931754 ], [ 23.724647093180259, 37.962945843370619 ], [ 23.726316257883607, 37.964244120071072 ], [ 23.727502079973995, 37.965166322020458 ], [ 23.728659862636604, 37.966066684744575 ], [ 23.730290944283695, 37.967335056199282 ], [ 23.731470350476975, 37.968252151383702 ], [ 23.731602888571235, 37.968385399211719 ], [ 23.731602912351356, 37.968385434416184 ], [ 23.731618466714608, 37.968410680727217 ], [ 23.731698728470953, 37.968395840230272 ], [ 23.731903917092065, 37.968324204966855 ], [ 23.733289598245012, 37.967655894977163 ], [ 23.733346668370274, 37.967615466380479 ], [ 23.733485492681091, 37.96730033011238 ], [ 23.733487831345613, 37.96723789957526 ], [ 23.733487855341512, 37.967237245294427 ], [ 23.733490451195262, 37.967167913274473 ], [ 23.733490461280258, 37.96716764291088 ], [ 23.733492403052935, 37.96711579890529 ], [ 23.733493761404244, 37.967079533245027 ], [ 23.733461307610085, 37.967002850227317 ], [ 23.73349604460774, 37.966939838748253 ], [ 23.73339802208719, 37.966696268840536 ], [ 23.73325462408102, 37.96640753155603 ], [ 23.733247396978495, 37.966339918548606 ], [ 23.733243133599569, 37.96614162545572 ], [ 23.733301598673123, 37.965911929480818 ], [ 23.733349919460046, 37.965830923057858 ], [ 23.733497325497144, 37.965601428523875 ], [ 23.733778936324811, 37.965151421883888 ], [ 23.734037338778844, 37.964723894280404 ], [ 23.733687745455679, 37.964592416615758 ], [ 23.733392179437747, 37.964474579684584 ], [ 23.733282688026502, 37.964451799298551 ], [ 23.733072517174115, 37.964428790428478 ], [ 23.732396969888782, 37.964418242896848 ], [ 23.732146890432933, 37.964413167362864 ], [ 23.731800919701733, 37.964362808310383 ], [ 23.731380340456049, 37.964285239259944 ], [ 23.731176016860829, 37.964122540623563 ], [ 23.73085071056267, 37.963869436056164 ], [ 23.730470786540895, 37.96357114103575 ], [ 23.729953957393594, 37.963159869527878 ], [ 23.72939598302343, 37.96271695599328 ], [ 23.72931156435018, 37.962649165137307 ], [ 23.729164342416489, 37.962536165222993 ], [ 23.728837983354229, 37.962283052618893 ], [ 23.728216154595675, 37.961794921810274 ], [ 23.727745109693856, 37.961419797824661 ], [ 23.727423740804589, 37.961166692811339 ], [ 23.727158639801367, 37.960962710582223 ], [ 23.72713002057165, 37.96094068971091 ], [ 23.7270907825195, 37.960910078350793 ], [ 23.727043823575706, 37.960873443776492 ] ] ] ] } },
{ "type": "Feature", "id": "geitonies0.25", "geometry_name": "the_geom", "properties": { "fid": 25, "gid": 24, "synoikia": "ΑΝΩ ΠΕΤΡΑΛΩΝΑ", "name": "ΚΟΙΛΗΣ", "dk": "3η ΔΚ", "shape_leng": 2301.2676004024802, "geit_thesm": 1, "name_en": "KOILIS", "synoik_en": "ANO PETRALONA", "dk_en": "3rd", "shape_area": 254494.17719312757, "id": 23, "geitonia": "ΚΟΙΛΗΣ" }, "geometry": { "type": "MultiPolygon", "coordinates": [ [ [ [ 23.712471959417666, 37.967345484940203 ], [ 23.712494762665756, 37.967336527791765 ], [ 23.712771217705082, 37.967422825405578 ], [ 23.712829284269702, 37.967495070176952 ], [ 23.712838462951879, 37.967513118335965 ], [ 23.712995707280541, 37.967544029563548 ], [ 23.71299811672921, 37.967544503209844 ], [ 23.713232512547737, 37.967590580810018 ], [ 23.713232901608659, 37.967590657466523 ], [ 23.713233069975441, 37.967590690323291 ], [ 23.713277914598851, 37.967586293186606 ], [ 23.713356220310203, 37.967577471126603 ], [ 23.714053304856726, 37.967685827693778 ], [ 23.714289168618681, 37.967732959461259 ], [ 23.714522952104069, 37.967814642881471 ], [ 23.714705158220774, 37.967807794361462 ], [ 23.714721499992393, 37.967715982856646 ], [ 23.714745299821409, 37.967654204116059 ], [ 23.714801283041929, 37.967508880113058 ], [ 23.714827917380042, 37.967470985140352 ], [ 23.715291385467896, 37.966811569137235 ], [ 23.71532412505778, 37.966717013135238 ], [ 23.715320240361287, 37.966717080344679 ], [ 23.714411871178953, 37.966732827933903 ], [ 23.714107699932299, 37.966362561127497 ], [ 23.71401927229368, 37.966267802005632 ], [ 23.7139854685906, 37.966231577282137 ], [ 23.713717344352801, 37.96592448722928 ], [ 23.713622810217988, 37.965807089714247 ], [ 23.713275794205426, 37.96538714556803 ], [ 23.713245976469572, 37.965349582015129 ], [ 23.713239574496779, 37.965341517007197 ], [ 23.713205233166573, 37.965298254388664 ], [ 23.713033940606593, 37.96508246580018 ], [ 23.713866291398652, 37.964692263321041 ], [ 23.713829536932462, 37.964286608652031 ], [ 23.713835057912384, 37.964194300422193 ], [ 23.71385253500469, 37.964052306209815 ], [ 23.713852733670443, 37.964050689781828 ], [ 23.713791187400616, 37.964040360022061 ], [ 23.713004765743634, 37.963908372129886 ], [ 23.712335937706406, 37.963798513795318 ], [ 23.712085724713774, 37.963757414065284 ], [ 23.711970212437684, 37.96374237543403 ], [ 23.711415466538853, 37.96367014950718 ], [ 23.710402178462544, 37.963604569465282 ], [ 23.708635909368752, 37.963501066798948 ], [ 23.708418492775174, 37.963514047483763 ], [ 23.708218044026605, 37.96355410849678 ], [ 23.707562636829884, 37.963940035134712 ], [ 23.70732833431865, 37.964083658609887 ], [ 23.707204282729965, 37.964146440116579 ], [ 23.706445897367054, 37.964586145380032 ], [ 23.706445835748926, 37.964586181277816 ], [ 23.706529845583898, 37.964663000350072 ], [ 23.706580520918088, 37.964712697588382 ], [ 23.707058645687159, 37.965164533074613 ], [ 23.707657287370075, 37.965819455902526 ], [ 23.707964305699598, 37.966180733554602 ], [ 23.708087504880645, 37.966334258236628 ], [ 23.708321683760637, 37.966762950756888 ], [ 23.708364765304275, 37.966844173456757 ], [ 23.708711298595496, 37.967471426918614 ], [ 23.708992215361071, 37.967958817438301 ], [ 23.709275180487161, 37.968468744502211 ], [ 23.709685974899354, 37.968321046498154 ], [ 23.71023142596507, 37.968128614419712 ], [ 23.710884510210253, 37.967897436631731 ], [ 23.711192287120973, 37.967788487861647 ], [ 23.711253550414135, 37.967770612487264 ], [ 23.711541064033312, 37.967667669718537 ], [ 23.711916219637555, 37.967533395818826 ], [ 23.712471959417666, 37.967345484940203 ] ] ] ] } },
{ "type": "Feature", "id": "geitonies0.26", "geometry_name": "the_geom", "properties": { "fid": 26, "gid": 25, "synoikia": "ΠΡΟΦΗΤΗΣ ΗΛΙΑΣ", "name": "ΠΑΓΚΡΑΤΙ ΙΙ", "dk": "2η ΔΚ", "shape_leng": 1590.7978377587499, "geit_thesm": 1, "name_en": "PAGKRATI II", "synoik_en": "PROFITIS ILIAS", "dk_en": "2nd", "shape_area": 157887.40081489622, "id": 24, "geitonia": "ΠΑΓΚΡΑΤΙ ΙΙ" }, "geometry": { "type": "MultiPolygon", "coordinates": [ [ [ [ 23.755126779524748, 37.966536415700197 ], [ 23.755771266679357, 37.965852556958097 ], [ 23.755379182747149, 37.965634391176273 ], [ 23.755010083683217, 37.965429012566865 ], [ 23.754596326366304, 37.965198782148022 ], [ 23.754000085345776, 37.964867005477402 ], [ 23.752905736093037, 37.964258041968876 ], [ 23.752231616877094, 37.96429941200779 ], [ 23.751574540297408, 37.965013922828433 ], [ 23.751570520544224, 37.965018294603944 ], [ 23.751524291089652, 37.96506856459947 ], [ 23.751480969649329, 37.965114969683817 ], [ 23.751477643643749, 37.965118532662899 ], [ 23.750860884150921, 37.965779179706296 ], [ 23.750205600666376, 37.966503327544984 ], [ 23.750194587742513, 37.966498797718579 ], [ 23.749499261348994, 37.967276933789783 ], [ 23.749628086685924, 37.967351608480094 ], [ 23.749710860824905, 37.967485016665691 ], [ 23.749843561751941, 37.967517853444662 ], [ 23.750136320904996, 37.967660658335539 ], [ 23.750130634648279, 37.967733427097102 ], [ 23.750466844560219, 37.967837788856023 ], [ 23.751011193826379, 37.968149886664868 ], [ 23.751311878872745, 37.968324562331922 ], [ 23.751540621442309, 37.968457443990665 ], [ 23.751986255619077, 37.968715251451258 ], [ 23.752044141781628, 37.968746918558175 ], [ 23.752303359635363, 37.968896177173612 ], [ 23.752436518605638, 37.968973066957282 ], [ 23.752761272490396, 37.969156607754428 ], [ 23.753459714448585, 37.968353919782309 ], [ 23.754109683091365, 37.967631776224373 ], [ 23.755126779524748, 37.966536415700197 ] ] ] ] } },
{ "type": "Feature", "id": "geitonies0.27", "geometry_name": "the_geom", "properties": { "fid": 27, "gid": 26, "synoikia": "ΜΑΚΡΥΓΙΑΝΝΗ-ΒΕΪΚΟΥ-ΚΟΥΚΑΚΙ-ΦΙΛΟΠΑΠΠΟΥ", "name": "ΜΑΚΡΥΓΙΑΝΝΗ", "dk": "1η ΔΚ", "shape_leng": 2353.1665636275302, "geit_thesm": 1, "name_en": "MAKRYGIANNI", "synoik_en": "MAKRYGIANNI-VEIKOU-KOUKAKI-FILOPAPPOU", "dk_en": "1st", "shape_area": 232727.02691570972, "id": 25, "geitonia": "ΜΑΚΡΥΓΙΑΝΝΗ" }, "geometry": { "type": "MultiPolygon", "coordinates": [ [ [ [ 23.727797376598936, 37.969522500756959 ], [ 23.728773002318025, 37.969407584885232 ], [ 23.729181046741285, 37.969421953202442 ], [ 23.729183877839436, 37.969422052552254 ], [ 23.729395839991447, 37.969445072489371 ], [ 23.72967965335279, 37.969472763603278 ], [ 23.729921113131077, 37.969504863246833 ], [ 23.730002909610679, 37.969514063877924 ], [ 23.730591511580265, 37.96957399696737 ], [ 23.730630166198313, 37.969577424752195 ], [ 23.730748005727605, 37.969587874555188 ], [ 23.731216744110796, 37.969638517247361 ], [ 23.731482699223108, 37.969666804025834 ], [ 23.73149993185578, 37.969668636919863 ], [ 23.731535560230874, 37.969672426127111 ], [ 23.731563143601857, 37.969675359670703 ], [ 23.731575083513025, 37.969676823566893 ], [ 23.731699563844035, 37.969692081518367 ], [ 23.731664137274752, 37.968484808584577 ], [ 23.731618466714608, 37.968410680727217 ], [ 23.731602912351356, 37.968385434416184 ], [ 23.731602888571235, 37.968385399211719 ], [ 23.731470350476975, 37.968252151383702 ], [ 23.730290944283695, 37.967335056199282 ], [ 23.728659862636604, 37.966066684744575 ], [ 23.727502079973995, 37.965166322020458 ], [ 23.727458969598292, 37.965200803693328 ], [ 23.727426188059908, 37.965227022835826 ], [ 23.726984043789425, 37.965586494023597 ], [ 23.726611509485373, 37.965887560492476 ], [ 23.726189759532691, 37.96622005631486 ], [ 23.726150683430809, 37.966590894105082 ], [ 23.726114592756641, 37.967013014888494 ], [ 23.725312164327956, 37.966961573231671 ], [ 23.725014454343658, 37.966942851985912 ], [ 23.724765467308085, 37.966928750424394 ], [ 23.724727308500675, 37.967334240749175 ], [ 23.724659213452888, 37.967339304362469 ], [ 23.724658753382471, 37.96733933843597 ], [ 23.724139763506155, 37.967377928925131 ], [ 23.723891183224779, 37.967398662146763 ], [ 23.72388261011298, 37.967399377476859 ], [ 23.723824451211328, 37.967404227789125 ], [ 23.723824421325105, 37.967404608062495 ], [ 23.723809511436688, 37.967593463183093 ], [ 23.72378120486686, 37.96783674445917 ], [ 23.723759899067677, 37.9680434489687 ], [ 23.723701877369251, 37.968593639950996 ], [ 23.723601728225251, 37.969537645057137 ], [ 23.722485779093937, 37.96997178906976 ], [ 23.722473692008098, 37.969976491414705 ], [ 23.722445155489471, 37.969987592847517 ], [ 23.722407475434302, 37.97022188015449 ], [ 23.7244820724828, 37.969933881904289 ], [ 23.725019217453934, 37.969863035646554 ], [ 23.725735791558893, 37.969761060308294 ], [ 23.726887212721174, 37.969637558717189 ], [ 23.727797376598936, 37.969522500756959 ] ] ] ] } },
{ "type": "Feature", "id": "geitonies0.28", "geometry_name": "the_geom", "properties": { "fid": 28, "gid": 27, "synoikia": "ΚΑΤΩ ΠΕΤΡΑΛΩΝΑ", "name": "ΧΑΜΟΣΤΕΡΝΑ", "dk": "3η ΔΚ", "shape_leng": 2098.0234515491302, "geit_thesm": 1, "name_en": "CHAMOSTERNA", "synoik_en": "KATO PETRALONA", "dk_en": "3rd", "shape_area": 219139.54697026327, "id": 26, "geitonia": "ΧΑΜΟΣΤΕΡΝΑ" }, "geometry": { "type": "MultiPolygon", "coordinates": [ [ [ [ 23.706529845583898, 37.964663000350072 ], [ 23.706445835748926, 37.964586181277816 ], [ 23.706388168512976, 37.964633656026855 ], [ 23.706340057818704, 37.964673256614248 ], [ 23.706322622502508, 37.964687608465674 ], [ 23.706239067674993, 37.964756384450475 ], [ 23.706183849033827, 37.964801836412178 ], [ 23.70589749265055, 37.964972365636292 ], [ 23.705524097037792, 37.965201260044296 ], [ 23.705343965794544, 37.965310780582634 ], [ 23.704815471831004, 37.965632102397684 ], [ 23.704247353528505, 37.965977671400225 ], [ 23.703570485740649, 37.966381547372173 ], [ 23.703570426396503, 37.966381583274149 ], [ 23.702622555610578, 37.966951472764421 ], [ 23.702166016850384, 37.967220344538241 ], [ 23.702138112574112, 37.967236778270127 ], [ 23.702058740749067, 37.967283522651215 ], [ 23.701289822838145, 37.967745735901872 ], [ 23.700819353484519, 37.968041965261449 ], [ 23.699548860263651, 37.968831860291417 ], [ 23.699800809541998, 37.969008248175278 ], [ 23.699926076794679, 37.969095946654541 ], [ 23.700768406328354, 37.969440634472271 ], [ 23.701818651335259, 37.969769925787595 ], [ 23.702110743371311, 37.969887604167766 ], [ 23.702312162732774, 37.969986977103353 ], [ 23.70246937195936, 37.970084904886683 ], [ 23.702767616845836, 37.970282145695414 ], [ 23.702808701178231, 37.970309316944167 ], [ 23.702817619258145, 37.970300827717423 ], [ 23.702884325936566, 37.970237326583472 ], [ 23.70340501561336, 37.969751945401356 ], [ 23.7037117535349, 37.969473319287943 ], [ 23.703957808959963, 37.969244110471756 ], [ 23.704074027830249, 37.969185819195538 ], [ 23.704579350569908, 37.968979793128959 ], [ 23.705041159921851, 37.9688006944126 ], [ 23.705543542289242, 37.968617188995339 ], [ 23.706022387147868, 37.968447141920286 ], [ 23.706699325689776, 37.968205483920684 ], [ 23.706761883480606, 37.968182805747396 ], [ 23.706762971162473, 37.968182411892016 ], [ 23.707487200570231, 37.967919866303731 ], [ 23.707489923178141, 37.96791887985426 ], [ 23.707551213810568, 37.967896660469258 ], [ 23.707900032837475, 37.967766840362167 ], [ 23.708356752075598, 37.967600762969312 ], [ 23.708371705843927, 37.967595325617545 ], [ 23.708417004947986, 37.967578852404117 ], [ 23.70849982568128, 37.967548620259514 ], [ 23.708500395740383, 37.967548412573251 ], [ 23.708560320503839, 37.967526538074132 ], [ 23.708667504335864, 37.967487412770645 ], [ 23.708711298595496, 37.967471426918614 ], [ 23.708364765304275, 37.966844173456757 ], [ 23.708321683760637, 37.966762950756888 ], [ 23.708087504880645, 37.966334258236628 ], [ 23.707964305699598, 37.966180733554602 ], [ 23.707657287370075, 37.965819455902526 ], [ 23.707058645687159, 37.965164533074613 ], [ 23.706580520918088, 37.964712697588382 ], [ 23.706529845583898, 37.964663000350072 ] ] ] ] } },
{ "type": "Feature", "id": "geitonies0.29", "geometry_name": "the_geom", "properties": { "fid": 29, "gid": 28, "synoikia": "ΠΑΓΚΡΑΤΙ", "name": "ΠΑΓΚΡΑΤΙ Ι", "dk": "2η ΔΚ", "shape_leng": 2123.8922301212801, "geit_thesm": 1, "name_en": "PAGKRATI I", "synoik_en": "PAGKRATI", "dk_en": "2nd", "shape_area": 162290.77683034149, "id": 27, "geitonia": "ΠΑΓΚΡΑΤΙ Ι" }, "geometry": { "type": "MultiPolygon", "coordinates": [ [ [ [ 23.752257835059737, 37.969733571789412 ], [ 23.752617866373498, 37.969320959020614 ], [ 23.752761272490396, 37.969156607754428 ], [ 23.752436518605638, 37.968973066957282 ], [ 23.752303359635363, 37.968896177173612 ], [ 23.752044141781628, 37.968746918558175 ], [ 23.751986255619077, 37.968715251451258 ], [ 23.751540621442309, 37.968457443990665 ], [ 23.751311878872745, 37.968324562331922 ], [ 23.751011193826379, 37.968149886664868 ], [ 23.750466844560219, 37.967837788856023 ], [ 23.750130634648279, 37.967733427097102 ], [ 23.750136320904996, 37.967660658335539 ], [ 23.749843561751941, 37.967517853444662 ], [ 23.749710860824905, 37.967485016665691 ], [ 23.749628086685924, 37.967351608480094 ], [ 23.749499261348994, 37.967276933789783 ], [ 23.748975172506068, 37.966973885072562 ], [ 23.748648495147879, 37.966788423447078 ], [ 23.748352579648763, 37.966617943039218 ], [ 23.748157299085022, 37.966504969559288 ], [ 23.747609731805504, 37.96618818741922 ], [ 23.746996994787338, 37.965833695979903 ], [ 23.746658779585356, 37.965657022202379 ], [ 23.746278240703607, 37.965458236798554 ], [ 23.746192009435038, 37.965413190959843 ], [ 23.746191475467565, 37.965576259961999 ], [ 23.746191177722938, 37.965667392217497 ], [ 23.746271691745456, 37.965800848446236 ], [ 23.746358088449696, 37.965853878195247 ], [ 23.746300468514935, 37.965913631063337 ], [ 23.745793186221267, 37.966448811740491 ], [ 23.745357919407798, 37.966907527540315 ], [ 23.744840926783564, 37.967438167528655 ], [ 23.744388864936202, 37.967914868986377 ], [ 23.744391989350454, 37.967937407980713 ], [ 23.744414536054013, 37.968104195286749 ], [ 23.744803197273523, 37.968059974599889 ], [ 23.745267669522899, 37.968006903919552 ], [ 23.745459137940397, 37.96798929257497 ], [ 23.745755605476351, 37.967958388554948 ], [ 23.746556389884478, 37.967874494016151 ], [ 23.746993628379617, 37.967826402354518 ], [ 23.746998430027336, 37.967825874611592 ], [ 23.747165909201566, 37.968889754758976 ], [ 23.747324670144973, 37.969904044917726 ], [ 23.747635020722186, 37.969873165998322 ], [ 23.748139348917761, 37.969820169500188 ], [ 23.748869304834898, 37.969749626933485 ], [ 23.749625941305027, 37.969679136620073 ], [ 23.750378725497409, 37.969590607501921 ], [ 23.75069613879575, 37.96978505750635 ], [ 23.750955327097181, 37.969943331884629 ], [ 23.751296891146836, 37.970151350703958 ], [ 23.751664717406758, 37.970387669431119 ], [ 23.752257835059737, 37.969733571789412 ] ] ] ] } },
{ "type": "Feature", "id": "geitonies0.30", "geometry_name": "the_geom", "properties": { "fid": 30, "gid": 29, "synoikia": "ΠΑΓΚΡΑΤΙ", "name": "ΠΛΑΣΤΗΡΑ", "dk": "2η ΔΚ", "shape_leng": 1956.75395198927, "geit_thesm": 1, "name_en": "PLASTIRA", "synoik_en": "PAGKRATI", "dk_en": "2nd", "shape_area": 153871.74451023375, "id": 28, "geitonia": "ΠΛΑΣΤΗΡΑ" }, "geometry": { "type": "MultiPolygon", "coordinates": [ [ [ [ 23.745125153807717, 37.970124622226379 ], [ 23.745584734494404, 37.970049007535017 ], [ 23.746053901409475, 37.969976443671833 ], [ 23.746060946874632, 37.969975353900928 ], [ 23.746101967766695, 37.969969009045577 ], [ 23.746453695849826, 37.970217621799087 ], [ 23.74654006421995, 37.970261886295823 ], [ 23.747011280656118, 37.97035329164094 ], [ 23.747015052339407, 37.970354023485953 ], [ 23.747108549170456, 37.970372159235843 ], [ 23.747169541428242, 37.970262435051232 ], [ 23.7472129065711, 37.970206622251169 ], [ 23.747351122808141, 37.970075346443977 ], [ 23.747324670144973, 37.969904044917726 ], [ 23.747165909201566, 37.968889754758976 ], [ 23.746998430027336, 37.967825874611592 ], [ 23.746993628379617, 37.967826402354518 ], [ 23.746556389884478, 37.967874494016151 ], [ 23.745755605476351, 37.967958388554948 ], [ 23.745459137940397, 37.96798929257497 ], [ 23.745267669522899, 37.968006903919552 ], [ 23.744803197273523, 37.968059974599889 ], [ 23.744414536054013, 37.968104195286749 ], [ 23.744297163021816, 37.968094927353306 ], [ 23.744190032335148, 37.968066810401695 ], [ 23.74402106209687, 37.968022462709428 ], [ 23.743881637236573, 37.967985868890295 ], [ 23.743827654755094, 37.967958712709994 ], [ 23.743212446941584, 37.967656979337185 ], [ 23.743212418526923, 37.967656965755843 ], [ 23.742921261137809, 37.96751510432172 ], [ 23.742909845910287, 37.967595673475103 ], [ 23.742908318034207, 37.96760645945804 ], [ 23.742819475741623, 37.968233471744092 ], [ 23.742819049709222, 37.968236477510075 ], [ 23.742816576370736, 37.968253931857426 ], [ 23.742806755860645, 37.968489222301592 ], [ 23.742722188025283, 37.968861688472643 ], [ 23.742703070436786, 37.96890147368098 ], [ 23.7426797501283, 37.968925092302612 ], [ 23.742128582619859, 37.969248349151464 ], [ 23.741721033075141, 37.969482230718413 ], [ 23.741713974945338, 37.969486280932585 ], [ 23.741664765392066, 37.969513864054584 ], [ 23.741432701559287, 37.969643938240075 ], [ 23.741369611119044, 37.969679301289361 ], [ 23.741351649686194, 37.969698534942097 ], [ 23.74134885667581, 37.969701525583751 ], [ 23.741287696078228, 37.969767017478389 ], [ 23.741264615977631, 37.969791731408009 ], [ 23.741016808863595, 37.96963611775697 ], [ 23.740972226438416, 37.969608121138172 ], [ 23.740969260335369, 37.969606258855578 ], [ 23.740911743438044, 37.969570139266942 ], [ 23.740841040750951, 37.969656026790531 ], [ 23.74074881120686, 37.969768063667459 ], [ 23.740692500668416, 37.969835978686653 ], [ 23.740602535075599, 37.969944484682657 ], [ 23.740526383403367, 37.970036328323893 ], [ 23.740476547363375, 37.97009643343624 ], [ 23.74042672742058, 37.970070454758897 ], [ 23.740198831672561, 37.969951614410036 ], [ 23.74013535259758, 37.970017211439348 ], [ 23.740080515484191, 37.970073879541594 ], [ 23.740163224311921, 37.970128413508696 ], [ 23.740352854762637, 37.970253446945449 ], [ 23.740674617808157, 37.970465600577391 ], [ 23.74093545679267, 37.970637583074414 ], [ 23.741009135941525, 37.970686004754647 ], [ 23.741369872557055, 37.97092307905433 ], [ 23.741964025602012, 37.971334469663844 ], [ 23.742976204010994, 37.971999996159163 ], [ 23.743055027686196, 37.971980755513258 ], [ 23.743177402407785, 37.971950883674552 ], [ 23.743318336587414, 37.971809790952562 ], [ 23.743534361487797, 37.971576744777018 ], [ 23.743662283003133, 37.971419298239255 ], [ 23.743739446932576, 37.971329337581246 ], [ 23.743878428912989, 37.971162902015685 ], [ 23.744078545526087, 37.970910976951345 ], [ 23.744495855742649, 37.970407162853 ], [ 23.744668788144622, 37.970195735658436 ], [ 23.745125153807717, 37.970124622226379 ] ] ] ] } },
{ "type": "Feature", "id": "geitonies0.31", "geometry_name": "the_geom", "properties": { "fid": 31, "gid": 30, "synoikia": "ΠΑΓΚΡΑΤΙ", "name": "ΠΙΝΑΚΟΘΗΚΗ", "dk": "2η ΔΚ", "shape_leng": 1454.20022815364, "geit_thesm": 1, "name_en": "PINAKOTHIKI", "synoik_en": "PAGKRATI", "dk_en": "2nd", "shape_area": 115873.4103299078, "id": 29, "geitonia": "ΠΙΝΑΚΟΘΗΚΗ" }, "geometry": { "type": "MultiPolygon", "coordinates": [ [ [ [ 23.75069613879575, 37.96978505750635 ], [ 23.750378725497409, 37.969590607501921 ], [ 23.749625941305027, 37.969679136620073 ], [ 23.748869304834898, 37.969749626933485 ], [ 23.748139348917761, 37.969820169500188 ], [ 23.747635020722186, 37.969873165998322 ], [ 23.747324670144973, 37.969904044917726 ], [ 23.747351122808141, 37.970075346443977 ], [ 23.747371042357351, 37.970203575800596 ], [ 23.747378063920049, 37.97024866969587 ], [ 23.747399510799919, 37.970386394687964 ], [ 23.747431965280896, 37.970571228387435 ], [ 23.74750744841905, 37.971052873706931 ], [ 23.747543085657391, 37.971280263982464 ], [ 23.747553481042292, 37.971346596735223 ], [ 23.747553525595773, 37.971346885242916 ], [ 23.747572614783955, 37.971472428721732 ], [ 23.747589871280649, 37.971585915341926 ], [ 23.747622714246749, 37.971801896486078 ], [ 23.74764464632813, 37.971946148663157 ], [ 23.747716954814212, 37.972442011951067 ], [ 23.747776441339468, 37.972835513675271 ], [ 23.747799412222754, 37.972987467725318 ], [ 23.747811916996536, 37.973075343026153 ], [ 23.747812757544779, 37.973081249162462 ], [ 23.747816085264038, 37.973104633891225 ], [ 23.747822345987018, 37.973148635549521 ], [ 23.747828596723139, 37.973192563280165 ], [ 23.747829121517789, 37.973196248868348 ], [ 23.747836939955327, 37.973251192790343 ], [ 23.747837769393236, 37.973257019589198 ], [ 23.747841107140772, 37.973280472835917 ], [ 23.747857784730591, 37.97339767865666 ], [ 23.747913837805523, 37.973788145465797 ], [ 23.747914083569285, 37.973789859339782 ], [ 23.748681452947672, 37.973714891769994 ], [ 23.749443498527448, 37.973635401415422 ], [ 23.750237550405529, 37.973560480515395 ], [ 23.750237261872783, 37.973558604323607 ], [ 23.750173531799387, 37.973144297651942 ], [ 23.750110392851596, 37.972733829855628 ], [ 23.750025604128602, 37.97218261147232 ], [ 23.750464920314517, 37.971702843240443 ], [ 23.750958314829884, 37.971164007450845 ], [ 23.7512233325909, 37.970874424682187 ], [ 23.751638954882303, 37.970416080424101 ], [ 23.751664717406758, 37.970387669431119 ], [ 23.751296891146836, 37.970151350703958 ], [ 23.750955327097181, 37.969943331884629 ], [ 23.75069613879575, 37.96978505750635 ] ] ] ] } },
{ "type": "Feature", "id": "geitonies0.32", "geometry_name": "the_geom", "properties": { "fid": 32, "gid": 31, "synoikia": "ΑΝΩ ΠΕΤΡΑΛΩΝΑ", "name": "ΤΡΙΩΝ ΙΕΡΑΡΧΩΝ", "dk": "3η ΔΚ", "shape_leng": 2295.2506908413602, "geit_thesm": 1, "name_en": "TRION IERARCHON", "synoik_en": "ANO PETRALONA", "dk_en": "3rd", "shape_area": 288628.50905625738, "id": 30, "geitonia": "ΤΡΙΩΝ ΙΕΡΑΡΧΩΝ" }, "geometry": { "type": "MultiPolygon", "coordinates": [ [ [ [ 23.713832662477035, 37.973153092979551 ], [ 23.714130154752734, 37.973050168278505 ], [ 23.714291619291728, 37.973343478765663 ], [ 23.7153765058464, 37.973607481771978 ], [ 23.715774611574499, 37.973617457161204 ], [ 23.716836231669948, 37.973642549480097 ], [ 23.716726513574368, 37.973398937877782 ], [ 23.716697058423865, 37.973300395945756 ], [ 23.716634752709517, 37.972514884250209 ], [ 23.716552572323497, 37.972276416621142 ], [ 23.716340759252581, 37.971925391931784 ], [ 23.716156244447699, 37.971622027883114 ], [ 23.715644656493573, 37.970764883222188 ], [ 23.715243138599025, 37.970092139324024 ], [ 23.715186223731976, 37.969997366372809 ], [ 23.71531370008384, 37.969785872382083 ], [ 23.715236797431565, 37.969424108663489 ], [ 23.714974885242107, 37.969077541333583 ], [ 23.714874568479075, 37.968797899108651 ], [ 23.714860159279056, 37.968737654570717 ], [ 23.714749614449833, 37.96827546677499 ], [ 23.7146862223331, 37.967914180603685 ], [ 23.714705158220774, 37.967807794361462 ], [ 23.714522952104069, 37.967814642881471 ], [ 23.714289168618681, 37.967732959461259 ], [ 23.714053304856726, 37.967685827693778 ], [ 23.713356220310203, 37.967577471126603 ], [ 23.713277914598851, 37.967586293186606 ], [ 23.713233069975441, 37.967590690323291 ], [ 23.713232901608659, 37.967590657466523 ], [ 23.713232512547737, 37.967590580810018 ], [ 23.71299811672921, 37.967544503209844 ], [ 23.712995707280541, 37.967544029563548 ], [ 23.712838462951879, 37.967513118335965 ], [ 23.712829284269702, 37.967495070176952 ], [ 23.712771217705082, 37.967422825405578 ], [ 23.712494762665756, 37.967336527791765 ], [ 23.712471959417666, 37.967345484940203 ], [ 23.711916219637555, 37.967533395818826 ], [ 23.711541064033312, 37.967667669718537 ], [ 23.711253550414135, 37.967770612487264 ], [ 23.711192287120973, 37.967788487861647 ], [ 23.710884510210253, 37.967897436631731 ], [ 23.71023142596507, 37.968128614419712 ], [ 23.709685974899354, 37.968321046498154 ], [ 23.709275180487161, 37.968468744502211 ], [ 23.709545431433018, 37.968956107271993 ], [ 23.709689202975845, 37.969217835495186 ], [ 23.709847456659396, 37.969506637872449 ], [ 23.709956274510997, 37.969700682985035 ], [ 23.710110990165301, 37.969984969827998 ], [ 23.710114418593349, 37.969991247630425 ], [ 23.710317991119293, 37.970364020373601 ], [ 23.710377278977379, 37.970471101373427 ], [ 23.710525368240898, 37.970738565023574 ], [ 23.710922408851012, 37.971469583897751 ], [ 23.711330772083301, 37.972218654876663 ], [ 23.711574184970537, 37.972660882513495 ], [ 23.71174271916113, 37.97296322670266 ], [ 23.711923245057694, 37.973292638607319 ], [ 23.712164192575433, 37.973730352482505 ], [ 23.712644887891528, 37.973546763854024 ], [ 23.713130466717935, 37.973376845063569 ], [ 23.713130864620894, 37.973376705433147 ], [ 23.713577578801917, 37.97323809444913 ], [ 23.713832662477035, 37.973153092979551 ] ] ] ] } },
{ "type": "Feature", "id": "geitonies0.33", "geometry_name": "the_geom", "properties": { "fid": 33, "gid": 32, "synoikia": "ΠΑΓΚΡΑΤΙ", "name": "ΡΗΓΙΛΛΗΣ", "dk": "2η ΔΚ", "shape_leng": 1733.0938560976899, "geit_thesm": 1, "name_en": "RIGILLIS", "synoik_en": "PAGKRATI", "dk_en": "2nd", "shape_area": 126038.85379436285, "id": 31, "geitonia": "ΡΗΓΙΛΛΗΣ" }, "geometry": { "type": "MultiPolygon", "coordinates": [ [ [ [ 23.740163224311921, 37.970128413508696 ], [ 23.740080515484191, 37.970073879541594 ], [ 23.73973393290316, 37.970197445953779 ], [ 23.739678875117853, 37.970297460814656 ], [ 23.739679305309323, 37.970300088119195 ], [ 23.739800080877711, 37.971036784898551 ], [ 23.739810974436551, 37.971101276296913 ], [ 23.740174738266237, 37.973254780245625 ], [ 23.740342290668764, 37.974273604801127 ], [ 23.740464543372653, 37.975021942898621 ], [ 23.740563294790054, 37.975620367458333 ], [ 23.740563483167652, 37.97562151701468 ], [ 23.741176117930767, 37.975541750679781 ], [ 23.742030811082891, 37.975430967164037 ], [ 23.742584702196684, 37.975360077523369 ], [ 23.742752522137028, 37.975346111457398 ], [ 23.74300681736295, 37.97532494895141 ], [ 23.743006615589696, 37.975323711944746 ], [ 23.74300492011265, 37.975313292066069 ], [ 23.742972330253956, 37.975113071139781 ], [ 23.742792847888214, 37.974035640666756 ], [ 23.742613244806783, 37.972994260961975 ], [ 23.743500206002754, 37.972906069458354 ], [ 23.743683503654278, 37.972888443221521 ], [ 23.744148768091989, 37.972839195725108 ], [ 23.744189918189306, 37.972834840063236 ], [ 23.743961080872992, 37.972682286924176 ], [ 23.743463730522297, 37.972347418799181 ], [ 23.742996273389728, 37.972014298374575 ], [ 23.742976204010994, 37.971999996159163 ], [ 23.741964025602012, 37.971334469663844 ], [ 23.741369872557055, 37.97092307905433 ], [ 23.741009135941525, 37.970686004754647 ], [ 23.74093545679267, 37.970637583074414 ], [ 23.740674617808157, 37.970465600577391 ], [ 23.740352854762637, 37.970253446945449 ], [ 23.740163224311921, 37.970128413508696 ] ] ] ] } },
{ "type": "Feature", "id": "geitonies0.34", "geometry_name": "the_geom", "properties": { "fid": 34, "gid": 34, "synoikia": "ΡΟΥΦ", "name": "ΓΚΑΖΟΧΩΡΙ", "dk": "3η ΔΚ", "shape_leng": 2712.6036055375598, "geit_thesm": 1, "name_en": "GKAZOCHORI", "synoik_en": "ROUF", "dk_en": "3rd", "shape_area": 278272.81680631277, "id": 33, "geitonia": "ΓΚΑΖΟΧΩΡΙ" }, "geometry": { "type": "MultiPolygon", "coordinates": [ [ [ [ 23.710419918418868, 37.979053622887506 ], [ 23.711134807490943, 37.978955695626382 ], [ 23.711476993179094, 37.978908821327138 ], [ 23.71150316090068, 37.978905236199118 ], [ 23.71182153289443, 37.978858521503923 ], [ 23.711830361363486, 37.978857226352581 ], [ 23.711875526805198, 37.978850598971832 ], [ 23.71267161751199, 37.978738238757678 ], [ 23.713270767489831, 37.978663091371942 ], [ 23.714175744181659, 37.978543620110884 ], [ 23.714545654839718, 37.978490441157632 ], [ 23.714817859081634, 37.978491101375887 ], [ 23.715538268362323, 37.97849615788072 ], [ 23.715752751203748, 37.97846672660453 ], [ 23.715777410218738, 37.978463343273766 ], [ 23.715848330251571, 37.978433928086211 ], [ 23.715252712312914, 37.97799211403597 ], [ 23.714511845730144, 37.977653064296476 ], [ 23.714348415083805, 37.977578270887477 ], [ 23.71346317621823, 37.977157944588967 ], [ 23.71345569673592, 37.977154393328235 ], [ 23.712566211840741, 37.976732038251626 ], [ 23.712033377890886, 37.976473390839317 ], [ 23.711483396262526, 37.976155539417455 ], [ 23.711132297189796, 37.975911165533226 ], [ 23.710613718477138, 37.97557440874683 ], [ 23.709603099985934, 37.974902880746647 ], [ 23.70896587062364, 37.974451137694217 ], [ 23.708199727822691, 37.973905708091827 ], [ 23.707682625928143, 37.973548293497977 ], [ 23.707646822723127, 37.973523547125687 ], [ 23.707569691592436, 37.973473023062319 ], [ 23.707524657603699, 37.973443522852477 ], [ 23.707080781354918, 37.973134401015095 ], [ 23.705993271119123, 37.972415276909238 ], [ 23.705561206092284, 37.972129563611162 ], [ 23.705560646266658, 37.972129193583676 ], [ 23.705520389763024, 37.972172174332847 ], [ 23.705520356601472, 37.972172210301309 ], [ 23.704100787067762, 37.973687814805956 ], [ 23.704775027649664, 37.974311396519539 ], [ 23.705212006236923, 37.974667718190709 ], [ 23.705263439257809, 37.974709657743361 ], [ 23.705321837146517, 37.97475727570037 ], [ 23.705346014803322, 37.974776990615283 ], [ 23.705737997355786, 37.975071368451715 ], [ 23.705770046019691, 37.975095436352206 ], [ 23.705773483376138, 37.975098017220894 ], [ 23.705735778454603, 37.975111529631775 ], [ 23.705690977902574, 37.975127584833537 ], [ 23.705544787329643, 37.975179975801325 ], [ 23.705500282012608, 37.975195925317301 ], [ 23.705498759808187, 37.975196471291262 ], [ 23.705487773593383, 37.975211269948566 ], [ 23.705487174884396, 37.975212076903567 ], [ 23.705485173849084, 37.975214773049203 ], [ 23.705500739214877, 37.975226261959342 ], [ 23.705591993839043, 37.975293617282396 ], [ 23.706368355680368, 37.975866646969514 ], [ 23.707426303030367, 37.976799083173375 ], [ 23.708891553923205, 37.978043967707755 ], [ 23.709830648769064, 37.979026532831774 ], [ 23.709865439617221, 37.979016877547373 ], [ 23.709871230302031, 37.979015270416085 ], [ 23.709896320322791, 37.979017635981101 ], [ 23.710081921426966, 37.979035133264908 ], [ 23.710194352528021, 37.979045731831228 ], [ 23.710362091499682, 37.979061544326065 ], [ 23.710411989119997, 37.979054709245538 ], [ 23.710419918418868, 37.979053622887506 ] ] ] ] } },
{ "type": "Feature", "id": "geitonies0.35", "geometry_name": "the_geom", "properties": { "fid": 35, "gid": 35, "synoikia": "ΖΑΠΠΕΙΟ", "name": "ΖΑΠΠΕΙΟ-ΣΤΑΔΙΟ", "dk": "2η ΔΚ", "shape_leng": 3780.4295486446199, "geit_thesm": 1, "name_en": "ZAPPEIO-STADIO", "synoik_en": "ZAPPEIO", "dk_en": "2nd", "shape_area": 574153.42589793622, "id": 34, "geitonia": "ΖΑΠΠΕΙΟ-ΣΤΑΔΙΟ" }, "geometry": { "type": "MultiPolygon", "coordinates": [ [ [ [ 23.740563294790054, 37.975620367458333 ], [ 23.740464543372653, 37.975021942898621 ], [ 23.740342290668764, 37.974273604801127 ], [ 23.740174738266237, 37.973254780245625 ], [ 23.739810974436551, 37.971101276296913 ], [ 23.739800080877711, 37.971036784898551 ], [ 23.739679305309323, 37.970300088119195 ], [ 23.739678875117853, 37.970297460814656 ], [ 23.73973393290316, 37.970197445953779 ], [ 23.740080515484191, 37.970073879541594 ], [ 23.74013535259758, 37.970017211439348 ], [ 23.740198831672561, 37.969951614410036 ], [ 23.74042672742058, 37.970070454758897 ], [ 23.740476547363375, 37.97009643343624 ], [ 23.740526383403367, 37.970036328323893 ], [ 23.740602535075599, 37.969944484682657 ], [ 23.740692500668416, 37.969835978686653 ], [ 23.74074881120686, 37.969768063667459 ], [ 23.740841040750951, 37.969656026790531 ], [ 23.740911743438044, 37.969570139266942 ], [ 23.740969260335369, 37.969606258855578 ], [ 23.740972226438416, 37.969608121138172 ], [ 23.741016808863595, 37.96963611775697 ], [ 23.741264615977631, 37.969791731408009 ], [ 23.741287696078228, 37.969767017478389 ], [ 23.74134885667581, 37.969701525583751 ], [ 23.741351649686194, 37.969698534942097 ], [ 23.741369611119044, 37.969679301289361 ], [ 23.741432701559287, 37.969643938240075 ], [ 23.741664765392066, 37.969513864054584 ], [ 23.741713974945338, 37.969486280932585 ], [ 23.741721033075141, 37.969482230718413 ], [ 23.742128582619859, 37.969248349151464 ], [ 23.7426797501283, 37.968925092302612 ], [ 23.742703070436786, 37.96890147368098 ], [ 23.742722188025283, 37.968861688472643 ], [ 23.742806755860645, 37.968489222301592 ], [ 23.742816576370736, 37.968253931857426 ], [ 23.742819049709222, 37.968236477510075 ], [ 23.742819475741623, 37.968233471744092 ], [ 23.742908318034207, 37.96760645945804 ], [ 23.742909845910287, 37.967595673475103 ], [ 23.742921261137809, 37.96751510432172 ], [ 23.742892382569963, 37.967500732360612 ], [ 23.742031247243666, 37.967072174678449 ], [ 23.741176750651789, 37.966646042536574 ], [ 23.741068146228773, 37.966672842208688 ], [ 23.74100142515071, 37.966697235621936 ], [ 23.740997476442878, 37.966698678904407 ], [ 23.740625589197649, 37.966834640922777 ], [ 23.740602555735183, 37.96684306134815 ], [ 23.740324013148715, 37.966937082140312 ], [ 23.739946734305793, 37.966882171488734 ], [ 23.739569454893157, 37.966827259626257 ], [ 23.739379144286559, 37.966824721964578 ], [ 23.739164251970386, 37.966821855505806 ], [ 23.739021233359857, 37.966821538331885 ], [ 23.738611887971356, 37.96678007158723 ], [ 23.738534702979113, 37.96677539363094 ], [ 23.738428559884994, 37.966910350929986 ], [ 23.738421916720142, 37.966909126630767 ], [ 23.738409749907802, 37.966906885112962 ], [ 23.73840469045366, 37.966905952746423 ], [ 23.738230524476734, 37.966873858928089 ], [ 23.738218263024521, 37.966899559820746 ], [ 23.738215806141458, 37.966904710624078 ], [ 23.737974955686727, 37.967409556505885 ], [ 23.737721884996219, 37.967925885855216 ], [ 23.737603923044752, 37.968166554247155 ], [ 23.737597730252247, 37.968179189111559 ], [ 23.737557024058393, 37.968262239432434 ], [ 23.737491008932597, 37.968210733148553 ], [ 23.737332699906876, 37.968145898946034 ], [ 23.736825652132698, 37.967985864173762 ], [ 23.736572987116638, 37.967914872939211 ], [ 23.736318458325886, 37.967867279831552 ], [ 23.736091691506751, 37.967829924897352 ], [ 23.735781954285784, 37.967810805543365 ], [ 23.735307947494832, 37.967767136141362 ], [ 23.735058121050024, 37.967671003003346 ], [ 23.734825894049248, 37.967534607905975 ], [ 23.734569119001485, 37.967316299272341 ], [ 23.734435883242028, 37.967266427745308 ], [ 23.734197761224777, 37.967198293378317 ], [ 23.733905060227585, 37.967172121646875 ], [ 23.73361576678564, 37.967131165862952 ], [ 23.733492403052935, 37.96711579890529 ], [ 23.733490461280258, 37.96716764291088 ], [ 23.733490451195262, 37.967167913274473 ], [ 23.733487855341512, 37.967237245294427 ], [ 23.733487831345613, 37.96723789957526 ], [ 23.733485492681091, 37.96730033011238 ], [ 23.733346668370274, 37.967615466380479 ], [ 23.733289598245012, 37.967655894977163 ], [ 23.731903917092065, 37.968324204966855 ], [ 23.731698728470953, 37.968395840230272 ], [ 23.731618466714608, 37.968410680727217 ], [ 23.731664137274752, 37.968484808584577 ], [ 23.731699563844035, 37.969692081518367 ], [ 23.731692482209283, 37.969936440520691 ], [ 23.731701870818483, 37.970053642852257 ], [ 23.731732356141219, 37.970157088267172 ], [ 23.731806705791836, 37.970265705224257 ], [ 23.732044628458684, 37.970428701772953 ], [ 23.732354004893757, 37.970516400115152 ], [ 23.732614749090867, 37.970634491199164 ], [ 23.732855338379203, 37.970826848001238 ], [ 23.732898271872489, 37.97087565827848 ], [ 23.733876643718467, 37.971987912064172 ], [ 23.73393158651686, 37.972076234524572 ], [ 23.734124157217657, 37.972318900803614 ], [ 23.73481604734377, 37.973086134907327 ], [ 23.735082196143537, 37.973409709039899 ], [ 23.735158950777102, 37.973583897890322 ], [ 23.73531048095893, 37.973993525152494 ], [ 23.735450725685595, 37.974788714540693 ], [ 23.735612540867184, 37.974766141469544 ], [ 23.735728101600284, 37.974750020237607 ], [ 23.736308386270473, 37.974673334026789 ], [ 23.73630836948843, 37.974673251070747 ], [ 23.736305663385934, 37.97465947604254 ], [ 23.736434843805711, 37.974642333743297 ], [ 23.73643719268609, 37.974642021752793 ], [ 23.736447378469986, 37.974686925964683 ], [ 23.73644758360409, 37.974687828612581 ], [ 23.737364503924592, 37.974561837008302 ], [ 23.737366424520612, 37.974561572712553 ], [ 23.737565503309749, 37.974534216793721 ], [ 23.737566337160985, 37.974534102387871 ], [ 23.737567816905447, 37.974533899294194 ], [ 23.737803563545505, 37.975608025448913 ], [ 23.737803770831643, 37.975608968657056 ], [ 23.73796711762111, 37.975587929755861 ], [ 23.737969277397344, 37.975587651562527 ], [ 23.738020934563327, 37.97580742195521 ], [ 23.738020960360213, 37.975807531969664 ], [ 23.738051265845581, 37.97595608376902 ], [ 23.738416212800107, 37.975905173693235 ], [ 23.739086169108123, 37.975816532832035 ], [ 23.739103861040849, 37.975814197179268 ], [ 23.740563483167652, 37.97562151701468 ], [ 23.740563294790054, 37.975620367458333 ] ] ] ] } },
{ "type": "Feature", "id": "geitonies0.36", "geometry_name": "the_geom", "properties": { "fid": 36, "gid": 36, "synoikia": "ΑΝΩ ΠΑΤΗΣΙΑ", "name": "ΠΛΑΤΕΙΑ ΧΑΛΕΠΑ", "dk": "5η ΔΚ", "shape_leng": 1666.85291801578, "geit_thesm": 1, "name_en": "PLATEIA CHALEPA", "synoik_en": "ANO PATISIA", "dk_en": "5th", "shape_area": 139198.89072216619, "id": 35, "geitonia": "ΠΛΑΤΕΙΑ ΧΑΛΕΠΑ" }, "geometry": { "type": "MultiPolygon", "coordinates": [ [ [ [ 23.743740228049433, 38.016950521580924 ], [ 23.743770849368843, 38.016917237315099 ], [ 23.74396018291414, 38.017056471256787 ], [ 23.744226689668515, 38.017201256118753 ], [ 23.744294472706059, 38.017160845899141 ], [ 23.744570381822474, 38.01716144552244 ], [ 23.744631013147657, 38.017130032380479 ], [ 23.745298902412966, 38.016586888292395 ], [ 23.745299306837527, 38.016586560200842 ], [ 23.745082687686693, 38.015310425123459 ], [ 23.745060743980037, 38.015170679005287 ], [ 23.744808598464548, 38.015300817851447 ], [ 23.744718064541939, 38.015332166188202 ], [ 23.744513500302176, 38.015394811607294 ], [ 23.743624216247056, 38.015492017137753 ], [ 23.742383769745544, 38.015629004825222 ], [ 23.740941724029106, 38.015792573907945 ], [ 23.740120507637815, 38.015867370831316 ], [ 23.739308545740052, 38.015942182532292 ], [ 23.73942347476402, 38.016663461811333 ], [ 23.739465675019726, 38.016911407485011 ], [ 23.73957377265927, 38.01755155612156 ], [ 23.739601016648596, 38.017700327734794 ], [ 23.739647372742517, 38.01848454434618 ], [ 23.739640587052307, 38.018993752707466 ], [ 23.740607434306348, 38.018923786953671 ], [ 23.74140975256601, 38.018866970767895 ], [ 23.741980252183865, 38.018823159895206 ], [ 23.742130168332757, 38.018814475934271 ], [ 23.74262657035565, 38.018274795187736 ], [ 23.743466103698481, 38.017343804272961 ], [ 23.74342314588738, 38.017295179296241 ], [ 23.743431709007698, 38.017285871527541 ], [ 23.743431831371065, 38.017285738404965 ], [ 23.743731928028566, 38.016959543338814 ], [ 23.743740228049433, 38.016950521580924 ] ] ] ] } },
{ "type": "Feature", "id": "geitonies0.37", "geometry_name": "the_geom", "properties": { "fid": 37, "gid": 37, "synoikia": "ΤΡΙΓΩΝΟ ΠΕΙΡΑΙΩΣ-ΠΑΝΕΠΙΣΤΗΜΙΟΥ-ΕΡΜΟΥ-ΜΟΝΑΣΤΗΡΑΚΙ-ΠΛΑΚΑ", "name": "ΜΟΝΑΣΤΗΡΑΚΙ-ΠΛΑΚΑ", "dk": "1η ΔΚ", "shape_leng": 3778.0157280220301, "geit_thesm": 1, "name_en": "MONASTIRAKI-PLAKA", "synoik_en": "TRIGONO PEIRAIOS-PANEPISTIMIOU-ERMOU-MONASTIRAKI-PLAKA", "dk_en": "1st", "shape_area": 589952.79063168482, "id": 36, "geitonia": "ΜΟΝΑΣΤΗΡΑΚΙ-ΠΛΑΚΑ" }, "geometry": { "type": "MultiPolygon", "coordinates": [ [ [ [ 23.726889102423705, 37.97661803188084 ], [ 23.727571905787524, 37.976524980028884 ], [ 23.727626026797978, 37.97651779681852 ], [ 23.727629317870548, 37.976517360104225 ], [ 23.728309884501268, 37.976427027881449 ], [ 23.72831081064805, 37.976426904741608 ], [ 23.728339423203671, 37.976423107004422 ], [ 23.728459091398818, 37.976403660438429 ], [ 23.728460840356945, 37.976411992364135 ], [ 23.728486360844855, 37.97653357625353 ], [ 23.728775740758731, 37.97649621671799 ], [ 23.728819766570645, 37.976487514447712 ], [ 23.728799992001953, 37.976369677906241 ], [ 23.728799584203536, 37.976367249801136 ], [ 23.728863519161941, 37.976358697960158 ], [ 23.728886325406595, 37.976355647392943 ], [ 23.729672946040694, 37.976250428056588 ], [ 23.730494557744144, 37.976144158818137 ], [ 23.731021423272129, 37.976073261737859 ], [ 23.731741251451112, 37.975971257444925 ], [ 23.732114678585933, 37.975922537634609 ], [ 23.732485027631334, 37.975872548737811 ], [ 23.732487611252036, 37.975872200407359 ], [ 23.732541509614926, 37.975864925199566 ], [ 23.732591042915374, 37.975858806309809 ], [ 23.732593788182974, 37.975858467357348 ], [ 23.733276429655145, 37.975774145204589 ], [ 23.733277017437242, 37.975774072631758 ], [ 23.733329634194053, 37.97576757286852 ], [ 23.733382734822115, 37.975760135938806 ], [ 23.73338749431656, 37.975759469859298 ], [ 23.733409823393316, 37.975756342525983 ], [ 23.7337192041112, 37.975713012668692 ], [ 23.733725427447521, 37.975712140790428 ], [ 23.733931263354183, 37.975683312896038 ], [ 23.733974465525197, 37.975092670210735 ], [ 23.733974958994171, 37.975085917983542 ], [ 23.733975009276978, 37.975085235823016 ], [ 23.734124224761825, 37.975055715326036 ], [ 23.735385526342004, 37.97489665114086 ], [ 23.735411677934579, 37.974893352668701 ], [ 23.73537893336372, 37.974863499592431 ], [ 23.735373807130152, 37.974858826604759 ], [ 23.735361886092733, 37.974801107504895 ], [ 23.735366398303388, 37.974800477741574 ], [ 23.735450725685595, 37.974788714540693 ], [ 23.73531048095893, 37.973993525152494 ], [ 23.735158950777102, 37.973583897890322 ], [ 23.735082196143537, 37.973409709039899 ], [ 23.73481604734377, 37.973086134907327 ], [ 23.734124157217657, 37.972318900803614 ], [ 23.73393158651686, 37.972076234524572 ], [ 23.733876643718467, 37.971987912064172 ], [ 23.732898271872489, 37.97087565827848 ], [ 23.732855338379203, 37.970826848001238 ], [ 23.732614749090867, 37.970634491199164 ], [ 23.732354004893757, 37.970516400115152 ], [ 23.732044628458684, 37.970428701772953 ], [ 23.731806705791836, 37.970265705224257 ], [ 23.731732356141219, 37.970157088267172 ], [ 23.731701870818483, 37.970053642852257 ], [ 23.731692482209283, 37.969936440520691 ], [ 23.731699563844035, 37.969692081518367 ], [ 23.731575083513025, 37.969676823566893 ], [ 23.731563143601857, 37.969675359670703 ], [ 23.731535560230874, 37.969672426127111 ], [ 23.73149993185578, 37.969668636919863 ], [ 23.731482699223108, 37.969666804025834 ], [ 23.731216744110796, 37.969638517247361 ], [ 23.730748005727605, 37.969587874555188 ], [ 23.730630166198313, 37.969577424752195 ], [ 23.730591511580265, 37.96957399696737 ], [ 23.730002909610679, 37.969514063877924 ], [ 23.729921113131077, 37.969504863246833 ], [ 23.72967965335279, 37.969472763603278 ], [ 23.729395839991447, 37.969445072489371 ], [ 23.729359344584765, 37.969542933277495 ], [ 23.729358230402934, 37.969545921186963 ], [ 23.729308524504031, 37.969679206421489 ], [ 23.729307482864691, 37.969682901106893 ], [ 23.729306975316426, 37.969684699810593 ], [ 23.729162365168435, 37.970197329443295 ], [ 23.729158543108099, 37.970216869572518 ], [ 23.729157163493358, 37.970223924379624 ], [ 23.729112967031494, 37.970449904304942 ], [ 23.728991550508077, 37.970798972733668 ], [ 23.728985658979582, 37.970815912379734 ], [ 23.728987851264154, 37.970824415670094 ], [ 23.729027049715562, 37.970976479261118 ], [ 23.728951538089785, 37.9710708737977 ], [ 23.72895143868066, 37.97109791219296 ], [ 23.728957882452953, 37.971377326149714 ], [ 23.728921492712161, 37.971598057720406 ], [ 23.728839411118912, 37.971859241893078 ], [ 23.728772363533562, 37.971998786869811 ], [ 23.728768327629865, 37.972060922227321 ], [ 23.7287649723634, 37.97211259250377 ], [ 23.728764450969287, 37.972120621771602 ], [ 23.72876432910283, 37.972122489859231 ], [ 23.72876651323525, 37.972138472916427 ], [ 23.728738762984428, 37.972240699633545 ], [ 23.728679626700266, 37.972357029406041 ], [ 23.728587180872733, 37.972490639291692 ], [ 23.72849144213847, 37.972590827178458 ], [ 23.728436914204536, 37.972640356837459 ], [ 23.728251587750908, 37.97275999926746 ], [ 23.728279700909756, 37.972794928697851 ], [ 23.728288294097428, 37.972805606266732 ], [ 23.728304687130382, 37.972825973562131 ], [ 23.728096931489468, 37.972903021383225 ], [ 23.727931413143374, 37.97295338838277 ], [ 23.727707088479296, 37.973015622391777 ], [ 23.727702036061761, 37.973017023915524 ], [ 23.727693262428964, 37.973019457812178 ], [ 23.727504979892725, 37.973068389841501 ], [ 23.727504708992328, 37.97306775290528 ], [ 23.727481452613596, 37.973012962963587 ], [ 23.727464769981633, 37.972973661544202 ], [ 23.727416836791015, 37.972946511874106 ], [ 23.727383712450806, 37.972936411001868 ], [ 23.727267925179977, 37.972901102381591 ], [ 23.727265869773056, 37.972901493281505 ], [ 23.727092000959932, 37.972934558459499 ], [ 23.727060520914826, 37.972939788600222 ], [ 23.726998759317073, 37.972950048847984 ], [ 23.726934020295769, 37.972958176917082 ], [ 23.726893036980567, 37.972963322764883 ], [ 23.726839703647883, 37.972996442914095 ], [ 23.726658923354083, 37.972984677603172 ], [ 23.726572574541898, 37.972987852258328 ], [ 23.726342589046702, 37.972870608914306 ], [ 23.726083035549394, 37.97281690461805 ], [ 23.725876719352559, 37.972799562767207 ], [ 23.725873618890432, 37.972799302280862 ], [ 23.725844928240576, 37.972796890273386 ], [ 23.725539300193354, 37.972807728524899 ], [ 23.725219079359942, 37.972752841584239 ], [ 23.725219093515413, 37.972753625737127 ], [ 23.725220465749974, 37.972826861226743 ], [ 23.725220506503749, 37.972829062265141 ], [ 23.72522398869172, 37.973014957262997 ], [ 23.72522403950892, 37.97304011681134 ], [ 23.725224064843758, 37.97305256364546 ], [ 23.725224667541539, 37.973351497643534 ], [ 23.72522162229691, 37.973351385080065 ], [ 23.725094461988686, 37.973346687012089 ], [ 23.725053673159493, 37.973345996839015 ], [ 23.725033806430055, 37.973345357358411 ], [ 23.724718482036213, 37.973335213180881 ], [ 23.723401774520156, 37.973288642090083 ], [ 23.723400448605265, 37.973289112148244 ], [ 23.72215955247276, 37.973729323741409 ], [ 23.721597222448619, 37.973928805525958 ], [ 23.720624389932684, 37.974643496333158 ], [ 23.720529545711944, 37.97471317305277 ], [ 23.720443418721075, 37.974776445137479 ], [ 23.720443256588432, 37.974776564623319 ], [ 23.720435485709398, 37.974782272932366 ], [ 23.720453115629692, 37.974822497796225 ], [ 23.720935701661684, 37.975923588252151 ], [ 23.720939563831607, 37.975937116712778 ], [ 23.720943444202202, 37.975946138783556 ], [ 23.720948391438142, 37.975955163384917 ], [ 23.72095332161522, 37.97596869437848 ], [ 23.720958607036149, 37.975982226214455 ], [ 23.720969924763562, 37.976000278791489 ], [ 23.720991544542692, 37.976022862234693 ], [ 23.721012485686128, 37.97603643119875 ], [ 23.721030598537702, 37.976045487019178 ], [ 23.721060113283706, 37.976050063440454 ], [ 23.721075734893052, 37.976059113346722 ], [ 23.721085308275207, 37.976068148910905 ], [ 23.721089187531874, 37.976077170974065 ], [ 23.721066094050023, 37.976221956572516 ], [ 23.721064040216021, 37.976234836494946 ], [ 23.721063504873772, 37.976236091619 ], [ 23.721033282204147, 37.976306930472909 ], [ 23.721025626583209, 37.976324874057177 ], [ 23.721011399213396, 37.976343032784847 ], [ 23.721002124817964, 37.976354869917344 ], [ 23.721000809809379, 37.976356651345867 ], [ 23.720966897939306, 37.976423876285381 ], [ 23.721070046044339, 37.976433811537859 ], [ 23.721302666614488, 37.976456217270453 ], [ 23.72143075821581, 37.976596358871348 ], [ 23.721463174950312, 37.976631824644883 ], [ 23.721463745315912, 37.976632448784329 ], [ 23.721523682561024, 37.976698024985801 ], [ 23.721537367974054, 37.976712997106425 ], [ 23.721537956483719, 37.97671364111676 ], [ 23.721839662549812, 37.97653089533825 ], [ 23.721841808048644, 37.976529596249819 ], [ 23.721865715133685, 37.976556561586655 ], [ 23.721873040548417, 37.97656482477641 ], [ 23.722041992715909, 37.976755391048208 ], [ 23.722357730018985, 37.977061725948545 ], [ 23.722358528686385, 37.977062502038578 ], [ 23.722391197103676, 37.977094198067441 ], [ 23.722400567604755, 37.977140854542668 ], [ 23.722402035107077, 37.97714815932698 ], [ 23.722415646050713, 37.977215929428439 ], [ 23.722844983229265, 37.977158358125763 ], [ 23.723142731532455, 37.977121627925598 ], [ 23.723664485010758, 37.977051325916953 ], [ 23.723684628320893, 37.977048611691387 ], [ 23.724069738688467, 37.976996720083584 ], [ 23.724362742855497, 37.976958606610268 ], [ 23.724460845250995, 37.976945845291837 ], [ 23.724933604516909, 37.976883861625126 ], [ 23.725315597015197, 37.97683067701464 ], [ 23.725660204515929, 37.97678457461889 ], [ 23.726156824034316, 37.976715471037352 ], [ 23.726210162857573, 37.976708657086974 ], [ 23.72630767366962, 37.976696200188691 ], [ 23.726732557880556, 37.976639721016753 ], [ 23.726889102423705, 37.97661803188084 ] ] ] ] } },
{ "type": "Feature", "id": "geitonies0.38", "geometry_name": "the_geom", "properties": { "fid": 38, "gid": 135, "synoikia": "ΠΛΑΤΕΙΑ ΑΜΕΡΙΚΗΣ", "name": "ΑΓΙΟΥ ΜΕΛΕΤΙΟΥ", "dk": "6η ΔΚ", "shape_leng": 1648.64165789864, "geit_thesm": 1, "name_en": "AGIOU MELETIOU", "synoik_en": "PLATEIA AMERIKIS", "dk_en": "6th", "shape_area": 157221.840406826, "id": 134, "geitonia": "ΑΓΙΟΥ ΜΕΛΕΤΙΟΥ" }, "geometry": { "type": "MultiPolygon", "coordinates": [ [ [ [ 23.727516434428946, 38.000177289964114 ], [ 23.727519263365096, 37.999998820856476 ], [ 23.727356861438931, 38.00002548298967 ], [ 23.726125594350062, 38.000148801921398 ], [ 23.725539856715205, 38.000210526318547 ], [ 23.72499650786898, 38.000263334088615 ], [ 23.724275821257407, 38.000338255813936 ], [ 23.723488913409394, 38.000417523865018 ], [ 23.723583293319884, 38.001350573403009 ], [ 23.72336963022962, 38.001377109530281 ], [ 23.723314393584172, 38.001384922601957 ], [ 23.723269887449078, 38.001391217900036 ], [ 23.723217968176357, 38.001398561051957 ], [ 23.723181595390741, 38.001403705591976 ], [ 23.723525313239648, 38.001909232378608 ], [ 23.723986054744298, 38.00243756488203 ], [ 23.724255048876998, 38.002749138335993 ], [ 23.724432989141619, 38.00294783754314 ], [ 23.725211679786558, 38.003837422671836 ], [ 23.72555158818108, 38.004225767764645 ], [ 23.725948199407654, 38.004681840166192 ], [ 23.725980118966305, 38.004676650151225 ], [ 23.726032164045158, 38.004668187588905 ], [ 23.726078643765948, 38.004660629546756 ], [ 23.726139462532721, 38.004650740813275 ], [ 23.727099754023001, 38.004477222956467 ], [ 23.728565498970696, 38.004205723828655 ], [ 23.728414325846732, 38.00379078493048 ], [ 23.728256103194237, 38.003357803873151 ], [ 23.728111713630316, 38.002938373791771 ], [ 23.727969438905824, 38.002428820134639 ], [ 23.727819790821268, 38.001892210719248 ], [ 23.727664533273838, 38.001333056008875 ], [ 23.727537774478247, 38.000864095354629 ], [ 23.727507102781328, 38.000688274135186 ], [ 23.727511835610255, 38.000467470787896 ], [ 23.727516434428946, 38.000177289964114 ] ] ] ] } },
{ "type": "Feature", "id": "geitonies0.39", "geometry_name": "the_geom", "properties": { "fid": 39, "gid": 38, "synoikia": "ΑΝΩ ΠΕΤΡΑΛΩΝΑ", "name": "ΘΗΣΕΙΟ", "dk": "3η ΔΚ", "shape_leng": 2460.2101390828602, "geit_thesm": 1, "name_en": "THISEIO", "synoik_en": "ANO PETRALONA", "dk_en": "3rd", "shape_area": 257605.94772866432, "id": 37, "geitonia": "ΘΗΣΕΙΟ" }, "geometry": { "type": "MultiPolygon", "coordinates": [ [ [ [ 23.720333380313502, 37.974582766550562 ], [ 23.720144372286097, 37.974213457329114 ], [ 23.720134327116373, 37.974193828640786 ], [ 23.720070640750222, 37.974069388756078 ], [ 23.720164040456421, 37.973803665546427 ], [ 23.720207970922669, 37.973688836129206 ], [ 23.720490821848049, 37.972949478002299 ], [ 23.720567209845235, 37.972749800871355 ], [ 23.720793360811168, 37.972158639235069 ], [ 23.720747023791031, 37.972166863453531 ], [ 23.720721147697329, 37.97217145627387 ], [ 23.720719133390457, 37.972171813809382 ], [ 23.720257568359401, 37.972253740115484 ], [ 23.719786357597258, 37.972383305300326 ], [ 23.719540482595626, 37.972481860966184 ], [ 23.719320104066547, 37.97261202199752 ], [ 23.718901381234382, 37.97297153703218 ], [ 23.718770357405514, 37.973088391190473 ], [ 23.718748117761553, 37.973120352637316 ], [ 23.718744253928662, 37.973125905241623 ], [ 23.718732791787868, 37.973142378599185 ], [ 23.718728298689971, 37.973200951509241 ], [ 23.718805398504507, 37.973322809563825 ], [ 23.718849833808573, 37.973426563766353 ], [ 23.718858523112981, 37.973480661748162 ], [ 23.718844136456472, 37.973521185276674 ], [ 23.71847851369149, 37.973952270642677 ], [ 23.71847758040958, 37.973953371584351 ], [ 23.718477369967093, 37.97395361893463 ], [ 23.718402067898925, 37.974029354996972 ], [ 23.718312898825356, 37.973993090043074 ], [ 23.718047956284739, 37.973914040684122 ], [ 23.718023603781173, 37.973906774724114 ], [ 23.717967726311844, 37.973911147209634 ], [ 23.717834222950948, 37.973990217821388 ], [ 23.71778585360321, 37.974018865462213 ], [ 23.717781942719959, 37.974026862210835 ], [ 23.717779367595718, 37.974032127659662 ], [ 23.71777831069506, 37.974034288212479 ], [ 23.717745501901295, 37.974101379700386 ], [ 23.717695909900321, 37.97420279156173 ], [ 23.717695756124066, 37.974203106643081 ], [ 23.717667342361931, 37.974261211108022 ], [ 23.717526356251362, 37.974234551480123 ], [ 23.717178039288665, 37.974044444366974 ], [ 23.716968297316811, 37.973904240475981 ], [ 23.716836231669948, 37.973642549480097 ], [ 23.715774611574499, 37.973617457161204 ], [ 23.7153765058464, 37.973607481771978 ], [ 23.714291619291728, 37.973343478765663 ], [ 23.714130154752734, 37.973050168278505 ], [ 23.713832662477035, 37.973153092979551 ], [ 23.713577578801917, 37.97323809444913 ], [ 23.713130864620894, 37.973376705433147 ], [ 23.713130466717935, 37.973376845063569 ], [ 23.712644887891528, 37.973546763854024 ], [ 23.712164192575433, 37.973730352482505 ], [ 23.712580053280114, 37.974479437219742 ], [ 23.712923519992241, 37.974998515689983 ], [ 23.713167496273929, 37.975301041813992 ], [ 23.71361456483401, 37.975806851472875 ], [ 23.713709198053188, 37.975901716894178 ], [ 23.713937075510966, 37.97613660572398 ], [ 23.714064736551503, 37.976214917023626 ], [ 23.71406983450219, 37.976218044260662 ], [ 23.714466281230681, 37.976475873820924 ], [ 23.715023880567305, 37.97674310540522 ], [ 23.715319991622515, 37.976845178321788 ], [ 23.71532646743853, 37.976847411157415 ], [ 23.7160771271686, 37.977106166721811 ], [ 23.716225771777008, 37.977129057548446 ], [ 23.716529483311277, 37.977170347683028 ], [ 23.716787416553363, 37.977179981809435 ], [ 23.716883773158433, 37.977198239477055 ], [ 23.71729663722089, 37.977211683665253 ], [ 23.717297871337827, 37.977211723583814 ], [ 23.71733205088336, 37.977212836790187 ], [ 23.717366008937912, 37.977212918382911 ], [ 23.717528463115961, 37.977213308584197 ], [ 23.717759370658708, 37.977218369250259 ], [ 23.717847630584153, 37.977214074544271 ], [ 23.717987839810917, 37.977209904322628 ], [ 23.71812840540936, 37.977205734787738 ], [ 23.718333373331571, 37.977201719306272 ], [ 23.718538002055702, 37.977193196224377 ], [ 23.718594950002867, 37.977188826034975 ], [ 23.718742717853228, 37.977162140835873 ], [ 23.718890858032136, 37.977130949908805 ], [ 23.719148812855611, 37.977041437408687 ], [ 23.719197984194356, 37.977023529064795 ], [ 23.719262879447914, 37.97699856059581 ], [ 23.719339389819325, 37.976950845197187 ], [ 23.719386946815572, 37.976921186456693 ], [ 23.720397904312001, 37.976594077939772 ], [ 23.720648025077104, 37.976519312899427 ], [ 23.720651074325183, 37.976518401729493 ], [ 23.720785916042747, 37.976478094565103 ], [ 23.720786322988697, 37.976477972956019 ], [ 23.720820039094058, 37.976467894576786 ], [ 23.720964773848713, 37.976424630130282 ], [ 23.720966897939306, 37.976423876285381 ], [ 23.721000809809379, 37.976356651345867 ], [ 23.721002124817964, 37.976354869917344 ], [ 23.721011399213396, 37.976343032784847 ], [ 23.721025626583209, 37.976324874057177 ], [ 23.721033282204147, 37.976306930472909 ], [ 23.721063504873772, 37.976236091619 ], [ 23.721064040216021, 37.976234836494946 ], [ 23.721066094050023, 37.976221956572516 ], [ 23.721089187531874, 37.976077170974065 ], [ 23.721085308275207, 37.976068148910905 ], [ 23.721075734893052, 37.976059113346722 ], [ 23.721060113283706, 37.976050063440454 ], [ 23.721030598537702, 37.976045487019178 ], [ 23.721012485686128, 37.97603643119875 ], [ 23.720991544542692, 37.976022862234693 ], [ 23.720969924763562, 37.976000278791489 ], [ 23.720958607036149, 37.975982226214455 ], [ 23.72095332161522, 37.97596869437848 ], [ 23.720948391438142, 37.975955163384917 ], [ 23.720943444202202, 37.975946138783556 ], [ 23.720939563831607, 37.975937116712778 ], [ 23.720935701661684, 37.975923588252151 ], [ 23.720453115629692, 37.974822497796225 ], [ 23.720435485709398, 37.974782272932366 ], [ 23.72043491947607, 37.974781165707896 ], [ 23.720333380313502, 37.974582766550562 ] ] ] ] } },
{ "type": "Feature", "id": "geitonies0.40", "geometry_name": "the_geom", "properties": { "fid": 40, "gid": 39, "synoikia": "ΑΝΩ ΠΕΤΡΑΛΩΝΑ", "name": "ΚΑΜΠΑ", "dk": "3η ΔΚ", "shape_leng": 4275.0651731741, "geit_thesm": 1, "name_en": "KAMPA", "synoik_en": "ANO PETRALONA", "dk_en": "3rd", "shape_area": 407253.08676953119, "id": 38, "geitonia": "ΚΑΜΠΑ" }, "geometry": { "type": "MultiPolygon", "coordinates": [ [ [ [ 23.721466215063433, 37.978247420088771 ], [ 23.721467408176107, 37.978245660899169 ], [ 23.72197442246561, 37.978642902582614 ], [ 23.721975093425101, 37.978643427815676 ], [ 23.721985493753724, 37.978636506183278 ], [ 23.722447392656974, 37.978329092949316 ], [ 23.722050754965654, 37.9781118477406 ], [ 23.722623901302004, 37.977637841442998 ], [ 23.722197331908816, 37.977332170319592 ], [ 23.722180707840565, 37.977252147300156 ], [ 23.722180525551586, 37.977251269917979 ], [ 23.722179675606149, 37.977247181478134 ], [ 23.722179620809335, 37.977246917271806 ], [ 23.722412957560241, 37.977216283599006 ], [ 23.722415646050713, 37.977215929428439 ], [ 23.722402035107077, 37.97714815932698 ], [ 23.722400567604755, 37.977140854542668 ], [ 23.722391197103676, 37.977094198067441 ], [ 23.722358528686385, 37.977062502038578 ], [ 23.722357730018985, 37.977061725948545 ], [ 23.722041992715909, 37.976755391048208 ], [ 23.721873040548417, 37.97656482477641 ], [ 23.721865715133685, 37.976556561586655 ], [ 23.721841808048644, 37.976529596249819 ], [ 23.721839662549812, 37.97653089533825 ], [ 23.721537956483719, 37.97671364111676 ], [ 23.721537367974054, 37.976712997106425 ], [ 23.721523682561024, 37.976698024985801 ], [ 23.721463745315912, 37.976632448784329 ], [ 23.721463174950312, 37.976631824644883 ], [ 23.72143075821581, 37.976596358871348 ], [ 23.721302666614488, 37.976456217270453 ], [ 23.721070046044339, 37.976433811537859 ], [ 23.720966897939306, 37.976423876285381 ], [ 23.720964773848713, 37.976424630130282 ], [ 23.720820039094058, 37.976467894576786 ], [ 23.720786322988697, 37.976477972956019 ], [ 23.720785916042747, 37.976478094565103 ], [ 23.720651074325183, 37.976518401729493 ], [ 23.720648025077104, 37.976519312899427 ], [ 23.720397904312001, 37.976594077939772 ], [ 23.719386946815572, 37.976921186456693 ], [ 23.719339389819325, 37.976950845197187 ], [ 23.719262879447914, 37.97699856059581 ], [ 23.719197984194356, 37.977023529064795 ], [ 23.719148812855611, 37.977041437408687 ], [ 23.718890858032136, 37.977130949908805 ], [ 23.718742717853228, 37.977162140835873 ], [ 23.718594950002867, 37.977188826034975 ], [ 23.718538002055702, 37.977193196224377 ], [ 23.718333373331571, 37.977201719306272 ], [ 23.71812840540936, 37.977205734787738 ], [ 23.717987839810917, 37.977209904322628 ], [ 23.717847630584153, 37.977214074544271 ], [ 23.717759370658708, 37.977218369250259 ], [ 23.717528463115961, 37.977213308584197 ], [ 23.717366008937912, 37.977212918382911 ], [ 23.71733205088336, 37.977212836790187 ], [ 23.717297871337827, 37.977211723583814 ], [ 23.71729663722089, 37.977211683665253 ], [ 23.716883773158433, 37.977198239477055 ], [ 23.716787416553363, 37.977179981809435 ], [ 23.716529483311277, 37.977170347683028 ], [ 23.716225771777008, 37.977129057548446 ], [ 23.7160771271686, 37.977106166721811 ], [ 23.71532646743853, 37.976847411157415 ], [ 23.715319991622515, 37.976845178321788 ], [ 23.715023880567305, 37.97674310540522 ], [ 23.714466281230681, 37.976475873820924 ], [ 23.71406983450219, 37.976218044260662 ], [ 23.714064736551503, 37.976214917023626 ], [ 23.713937075510966, 37.97613660572398 ], [ 23.713709198053188, 37.975901716894178 ], [ 23.71361456483401, 37.975806851472875 ], [ 23.713167496273929, 37.975301041813992 ], [ 23.712923519992241, 37.974998515689983 ], [ 23.712580053280114, 37.974479437219742 ], [ 23.712164192575433, 37.973730352482505 ], [ 23.711923245057694, 37.973292638607319 ], [ 23.71174271916113, 37.97296322670266 ], [ 23.711574184970537, 37.972660882513495 ], [ 23.711330772083301, 37.972218654876663 ], [ 23.710922408851012, 37.971469583897751 ], [ 23.710525368240898, 37.970738565023574 ], [ 23.710377278977379, 37.970471101373427 ], [ 23.710319888085554, 37.970491464354488 ], [ 23.710205859815272, 37.970531924406096 ], [ 23.710136210332401, 37.970556637355358 ], [ 23.710125478448656, 37.970560444988074 ], [ 23.710083763980428, 37.970575245880681 ], [ 23.71002055560826, 37.970596920171971 ], [ 23.709666216155501, 37.970718422095537 ], [ 23.70925149523466, 37.970866110244543 ], [ 23.708346870827643, 37.971188334384784 ], [ 23.707678145216409, 37.971416502808964 ], [ 23.70666276619102, 37.971760970860103 ], [ 23.706604432143671, 37.971846447650428 ], [ 23.706033792276067, 37.972373845973195 ], [ 23.705993271119123, 37.972415276909238 ], [ 23.707080781354918, 37.973134401015095 ], [ 23.707524657603699, 37.973443522852477 ], [ 23.707569691592436, 37.973473023062319 ], [ 23.707646822723127, 37.973523547125687 ], [ 23.707682625928143, 37.973548293497977 ], [ 23.708199727822691, 37.973905708091827 ], [ 23.70896587062364, 37.974451137694217 ], [ 23.709603099985934, 37.974902880746647 ], [ 23.710613718477138, 37.97557440874683 ], [ 23.711132297189796, 37.975911165533226 ], [ 23.711483396262526, 37.976155539417455 ], [ 23.712033377890886, 37.976473390839317 ], [ 23.712566211840741, 37.976732038251626 ], [ 23.71345569673592, 37.977154393328235 ], [ 23.71346317621823, 37.977157944588967 ], [ 23.714348415083805, 37.977578270887477 ], [ 23.714511845730144, 37.977653064296476 ], [ 23.715252712312914, 37.97799211403597 ], [ 23.715848330251571, 37.978433928086211 ], [ 23.716003610844517, 37.978549109793128 ], [ 23.716726608083967, 37.979073721531506 ], [ 23.716861992791639, 37.979133927111221 ], [ 23.717819043792041, 37.979559523853574 ], [ 23.718226622586595, 37.979740768856018 ], [ 23.718238578735345, 37.979746085339116 ], [ 23.719347197852517, 37.98023905940375 ], [ 23.719350884324573, 37.980240698625153 ], [ 23.720709080090479, 37.980844063171617 ], [ 23.720741455857805, 37.980799085658589 ], [ 23.721232608330986, 37.980115273345383 ], [ 23.721525905473843, 37.979714895773355 ], [ 23.721542799149635, 37.979669871463742 ], [ 23.721566861597044, 37.979611344829259 ], [ 23.721722801577023, 37.979399911606293 ], [ 23.72181172647463, 37.979314499757983 ], [ 23.721131771286515, 37.978740573117179 ], [ 23.721466215063433, 37.978247420088771 ] ] ] ] } },
{ "type": "Feature", "id": "geitonies0.41", "geometry_name": "the_geom", "properties": { "fid": 41, "gid": 40, "synoikia": "ΙΛΙΣΙΑ", "name": "ΙΛΙΣΙΑ-ΠΑΡΚΟ", "dk": "1η ΔΚ", "shape_leng": 7210.9038547391101, "geit_thesm": 1, "name_en": "ILISIA-PARKO", "synoik_en": "ILISIA", "dk_en": "1st", "shape_area": 819604.63155671477, "id": 39, "geitonia": "ΙΛΙΣΙΑ-ΠΑΡΚΟ" }, "geometry": { "type": "MultiPolygon", "coordinates": [ [ [ [ 23.75799647979154, 37.975148177076903 ], [ 23.759204655246997, 37.974806172540482 ], [ 23.759420104221128, 37.97528219386097 ], [ 23.759421277634196, 37.975284782955399 ], [ 23.759421445197994, 37.975284724714392 ], [ 23.759456006356629, 37.975272801958248 ], [ 23.759514167561623, 37.975252738342306 ], [ 23.76042203182044, 37.974939543950363 ], [ 23.760479817485919, 37.974919608875737 ], [ 23.760480047758008, 37.974919523722285 ], [ 23.760512683738668, 37.974906739610354 ], [ 23.760743370562572, 37.974833317862561 ], [ 23.760793650220226, 37.974738026044832 ], [ 23.760964649115369, 37.97441393987436 ], [ 23.761189622294491, 37.974495668587871 ], [ 23.761190479777134, 37.974495980371465 ], [ 23.761324303025177, 37.97454459521731 ], [ 23.761420701863194, 37.974579614705419 ], [ 23.761590945853889, 37.974509799120959 ], [ 23.761734921717984, 37.973607460315762 ], [ 23.761741754924071, 37.973564636854427 ], [ 23.763249254151951, 37.972832066421276 ], [ 23.763543142747569, 37.973201818661657 ], [ 23.763757288139722, 37.973471240021041 ], [ 23.765659896857279, 37.972544679352801 ], [ 23.766767485975404, 37.972005264073573 ], [ 23.767349105639006, 37.971721998078294 ], [ 23.767406671099728, 37.971693961977245 ], [ 23.767406570089936, 37.971692416969837 ], [ 23.767305851776548, 37.970157066301937 ], [ 23.767311695835865, 37.9701552473446 ], [ 23.7690751256679, 37.96960626020973 ], [ 23.76936828997864, 37.969606835298109 ], [ 23.769953936609646, 37.9694259243945 ], [ 23.770107608801506, 37.969378453798896 ], [ 23.770472508080854, 37.969307063216014 ], [ 23.771342733501143, 37.969132949791742 ], [ 23.774222970504351, 37.968530971116429 ], [ 23.774386939977465, 37.968333295998711 ], [ 23.774394077312106, 37.968324691563787 ], [ 23.77440474674437, 37.968311829003603 ], [ 23.774756032619432, 37.967888327694489 ], [ 23.775318600715352, 37.967216788731392 ], [ 23.775373092218192, 37.967144402123814 ], [ 23.776271925733589, 37.966060738535383 ], [ 23.776272029712466, 37.966060613453948 ], [ 23.774547026062969, 37.966975904195337 ], [ 23.774514115319885, 37.966993365783082 ], [ 23.774135749539422, 37.967194121307443 ], [ 23.773981309397158, 37.967276064605805 ], [ 23.773868204741259, 37.967336074982583 ], [ 23.769213062523416, 37.968998981366511 ], [ 23.767237761507047, 37.96970451822159 ], [ 23.767189846756569, 37.96972163170954 ], [ 23.765351109716448, 37.970378347102063 ], [ 23.765346422789175, 37.970380021359915 ], [ 23.764313247844285, 37.9708558613778 ], [ 23.759424566823849, 37.973107191601905 ], [ 23.759363210808132, 37.973135441353158 ], [ 23.759144058648221, 37.97290066888214 ], [ 23.758966137215733, 37.972679496190757 ], [ 23.7587810294836, 37.972480842485396 ], [ 23.758356021070469, 37.972103313972809 ], [ 23.757845530965422, 37.971830048319013 ], [ 23.75730615790366, 37.971912229353798 ], [ 23.756573104070416, 37.972014533233121 ], [ 23.756064594844943, 37.972069702250259 ], [ 23.754159404056782, 37.972286123715911 ], [ 23.753486287199721, 37.972974311974838 ], [ 23.753485880482469, 37.972974727517439 ], [ 23.753484005691494, 37.972976645134032 ], [ 23.752419242478606, 37.972350956901259 ], [ 23.751487145333556, 37.973450465959182 ], [ 23.751398527238944, 37.973458544429754 ], [ 23.750920936041243, 37.973500479647313 ], [ 23.750237550405529, 37.973560480515395 ], [ 23.749443498527448, 37.973635401415422 ], [ 23.748681452947672, 37.973714891769994 ], [ 23.747914083569285, 37.973789859339782 ], [ 23.746901412928494, 37.973890225337676 ], [ 23.746550542500628, 37.973922122667595 ], [ 23.746550152910132, 37.973923173630567 ], [ 23.746501941992431, 37.974053024571433 ], [ 23.746453576918487, 37.974183287045456 ], [ 23.74645360417599, 37.974183306932517 ], [ 23.746455570305503, 37.974184688337075 ], [ 23.747074726389673, 37.974619719692399 ], [ 23.747722230750085, 37.975052346246834 ], [ 23.749388443943964, 37.976190351470471 ], [ 23.749484976926546, 37.976249516576416 ], [ 23.74951532261661, 37.976268115261853 ], [ 23.750568879328391, 37.976978592410106 ], [ 23.750607415756058, 37.977004579805126 ], [ 23.750928603326908, 37.977221171687546 ], [ 23.751245278356052, 37.977433644178483 ], [ 23.75133716424525, 37.977503284402204 ], [ 23.751705794161523, 37.977782667938712 ], [ 23.751811724315321, 37.977862951886195 ], [ 23.752095191343113, 37.978111403478124 ], [ 23.753400833859757, 37.979245262585678 ], [ 23.753909261413579, 37.979687957755331 ], [ 23.754302289367171, 37.98005830680497 ], [ 23.754938108960232, 37.980717572243428 ], [ 23.754938462605082, 37.980717375598424 ], [ 23.755881394266918, 37.980192280979573 ], [ 23.75597658493318, 37.980156536980125 ], [ 23.755976876795255, 37.980156427628636 ], [ 23.756048844463137, 37.980129538302144 ], [ 23.756095269165332, 37.980077950291772 ], [ 23.756097417770633, 37.980075561830901 ], [ 23.756357536197278, 37.979751637701419 ], [ 23.756701950385263, 37.97928710637121 ], [ 23.75681227006293, 37.979137455916792 ], [ 23.757199814223952, 37.978614769271637 ], [ 23.757676549955445, 37.97796861390389 ], [ 23.757656220175772, 37.977917871029703 ], [ 23.757691583158259, 37.977846424956056 ], [ 23.758183978650514, 37.977670050475879 ], [ 23.758948032077573, 37.97727257648252 ], [ 23.758949141849861, 37.977271999229018 ], [ 23.758947044200678, 37.977270001283721 ], [ 23.758219668974125, 37.976576696805232 ], [ 23.757893694798049, 37.97626598720165 ], [ 23.757558898366337, 37.975946864812549 ], [ 23.757558181015757, 37.975946181059719 ], [ 23.757558569784976, 37.975946027740846 ], [ 23.757640942262338, 37.97591348705707 ], [ 23.758288801495691, 37.975681833638497 ], [ 23.757996623522132, 37.975148442351063 ], [ 23.75799647979154, 37.975148177076903 ] ] ] ] } },
{ "type": "Feature", "id": "geitonies0.42", "geometry_name": "the_geom", "properties": { "fid": 42, "gid": 41, "synoikia": "ΒΟΤΑΝΙΚΟΣ", "name": "ΦΛΕΜΙΝΚ", "dk": "3η ΔΚ", "shape_leng": 2218.4690824302502, "geit_thesm": 1, "name_en": "FLEMINK", "synoik_en": "VOTANIKOS", "dk_en": "3rd", "shape_area": 249319.17880873813, "id": 40, "geitonia": "ΦΛΕΜΙΝΚ" }, "geometry": { "type": "MultiPolygon", "coordinates": [ [ [ [ 23.706368355680368, 37.975866646969514 ], [ 23.705591993839043, 37.975293617282396 ], [ 23.705500739214877, 37.975226261959342 ], [ 23.705485173849084, 37.975214773049203 ], [ 23.70546870881773, 37.975236953944098 ], [ 23.705296728352611, 37.975268068254017 ], [ 23.705080644496224, 37.975294565321235 ], [ 23.70476675004571, 37.975311803695789 ], [ 23.704409448053553, 37.975328932169973 ], [ 23.704241114283498, 37.975337521939359 ], [ 23.703656003340374, 37.975376607318807 ], [ 23.702925413352194, 37.975491931830618 ], [ 23.702697057044329, 37.975473329208619 ], [ 23.702703331806209, 37.975539965445378 ], [ 23.70271445867002, 37.975658136874152 ], [ 23.702827835385389, 37.976748979624411 ], [ 23.702828986840057, 37.976786745519554 ], [ 23.702830034820096, 37.976821088068483 ], [ 23.702424562161184, 37.97686963381247 ], [ 23.701989619463607, 37.976990206388876 ], [ 23.702010289031954, 37.977036634423158 ], [ 23.702194490597716, 37.977450381083337 ], [ 23.702362704743702, 37.977824840483912 ], [ 23.702447003803346, 37.978034336839869 ], [ 23.702469800636198, 37.978090990748868 ], [ 23.702484676004907, 37.97812422813854 ], [ 23.70259499024872, 37.978370705939156 ], [ 23.70261995816491, 37.978420435318242 ], [ 23.702746776137069, 37.978673020339151 ], [ 23.70295574365144, 37.979253163270343 ], [ 23.702970806673431, 37.979286850808116 ], [ 23.703385260535931, 37.980213776520337 ], [ 23.703409942274636, 37.98026897670109 ], [ 23.704008924664397, 37.979998855941552 ], [ 23.704476824770193, 37.979862912552143 ], [ 23.705508580172964, 37.97969342206752 ], [ 23.705756348775108, 37.980370497528781 ], [ 23.705961532882473, 37.98093882049691 ], [ 23.706565784823411, 37.980660930832343 ], [ 23.707236361357893, 37.98034715170423 ], [ 23.707935753901108, 37.980033440276173 ], [ 23.707860605641621, 37.979871022243621 ], [ 23.707810952333762, 37.979740212489482 ], [ 23.707729016279458, 37.979609293665931 ], [ 23.707850041689277, 37.979573571711597 ], [ 23.708459524064313, 37.979408345941643 ], [ 23.709055498959568, 37.979238577168282 ], [ 23.709694189125315, 37.979064404359882 ], [ 23.709830648769064, 37.979026532831774 ], [ 23.708891553923205, 37.978043967707755 ], [ 23.707426303030367, 37.976799083173375 ], [ 23.706368355680368, 37.975866646969514 ] ] ] ] } },
{ "type": "Feature", "id": "geitonies0.43", "geometry_name": "the_geom", "properties": { "fid": 43, "gid": 42, "synoikia": "ΤΡΙΓΩΝΟ ΠΕΙΡΑΙΩΣ-ΠΑΝΕΠΙΣΤΗΜΙΟΥ-ΕΡΜΟΥ-ΜΟΝΑΣΤΗΡΑΚΙ-ΠΛΑΚΑ", "name": "ΨΥΡΡΗ-ΚΟΥΜΟΥΝΔΟΥΡΟΥ", "dk": "1η ΔΚ", "shape_leng": 2103.9743109584201, "geit_thesm": 1, "name_en": "PSYRRI-KOUMOUNDOUROU", "synoik_en": "TRIGONO PEIRAIOS-PANEPISTIMIOU-ERMOU-MONASTIRAKI-PLAKA", "dk_en": "1st", "shape_area": 224187.69334072748, "id": 41, "geitonia": "ΨΥΡΡΗ-ΚΟΥΜΟΥΝΔΟΥΡΟΥ" }, "geometry": { "type": "MultiPolygon", "coordinates": [ [ [ [ 23.726725246801841, 37.978970008863925 ], [ 23.726577616833197, 37.978383829743521 ], [ 23.72654780714311, 37.978266593231126 ], [ 23.726518708052119, 37.97814935836098 ], [ 23.726355999176416, 37.977504560210363 ], [ 23.72630585279191, 37.97730616052965 ], [ 23.726157994384856, 37.97672010817724 ], [ 23.726156824034316, 37.976715471037352 ], [ 23.725660204515929, 37.97678457461889 ], [ 23.725315597015197, 37.97683067701464 ], [ 23.724933604516909, 37.976883861625126 ], [ 23.724460845250995, 37.976945845291837 ], [ 23.724362742855497, 37.976958606610268 ], [ 23.724069738688467, 37.976996720083584 ], [ 23.723684628320893, 37.977048611691387 ], [ 23.723664485010758, 37.977051325916953 ], [ 23.723142731532455, 37.977121627925598 ], [ 23.722844983229265, 37.977158358125763 ], [ 23.722415646050713, 37.977215929428439 ], [ 23.722412957560241, 37.977216283599006 ], [ 23.722179620809335, 37.977246917271806 ], [ 23.722179675606149, 37.977247181478134 ], [ 23.722180525551586, 37.977251269917979 ], [ 23.722180707840565, 37.977252147300156 ], [ 23.722197331908816, 37.977332170319592 ], [ 23.722623901302004, 37.977637841442998 ], [ 23.722050754965654, 37.9781118477406 ], [ 23.722447392656974, 37.978329092949316 ], [ 23.721985493753724, 37.978636506183278 ], [ 23.721975093425101, 37.978643427815676 ], [ 23.72197442246561, 37.978642902582614 ], [ 23.721467408176107, 37.978245660899169 ], [ 23.721466215063433, 37.978247420088771 ], [ 23.721131771286515, 37.978740573117179 ], [ 23.72181172647463, 37.979314499757983 ], [ 23.721722801577023, 37.979399911606293 ], [ 23.721566861597044, 37.979611344829259 ], [ 23.721542799149635, 37.979669871463742 ], [ 23.721525905473843, 37.979714895773355 ], [ 23.721232608330986, 37.980115273345383 ], [ 23.720741455857805, 37.980799085658589 ], [ 23.720709080090479, 37.980844063171617 ], [ 23.720709208545173, 37.980844120257608 ], [ 23.721807206339275, 37.981331877003882 ], [ 23.722516723414149, 37.981647052458698 ], [ 23.722962567925482, 37.981845097341974 ], [ 23.723000109314317, 37.981800346786414 ], [ 23.723058347675106, 37.981737393911352 ], [ 23.724553765203225, 37.981502064349733 ], [ 23.724565505357415, 37.981500172101057 ], [ 23.725353109431865, 37.98137324692739 ], [ 23.726029229666132, 37.981271175712465 ], [ 23.726580756229886, 37.981182330361285 ], [ 23.727247177619514, 37.981081662637912 ], [ 23.727256517786877, 37.98108025124985 ], [ 23.727254286652332, 37.981070834849262 ], [ 23.727168926757436, 37.980710520895592 ], [ 23.727059915096163, 37.980264131442617 ], [ 23.726984524657325, 37.979974902340274 ], [ 23.726965886522812, 37.979903398812475 ], [ 23.726760666742027, 37.979109790504694 ], [ 23.726725246801841, 37.978970008863925 ] ] ] ] } },
{ "type": "Feature", "id": "geitonies0.44", "geometry_name": "the_geom", "properties": { "fid": 44, "gid": 43, "synoikia": "ΚΟΛΩΝΑΚΙ", "name": "ΚΟΛΩΝΑΚΙ", "dk": "1η ΔΚ", "shape_leng": 3057.9768088759301, "geit_thesm": 1, "name_en": "KOLONAKI", "synoik_en": "KOLONAKI", "dk_en": "1st", "shape_area": 497191.7083992096, "id": 42, "geitonia": "ΚΟΛΩΝΑΚΙ" }, "geometry": { "type": "MultiPolygon", "coordinates": [ [ [ [ 23.741737275749529, 37.979693409228858 ], [ 23.742119370567675, 37.979574295281985 ], [ 23.742296910190962, 37.979578713105106 ], [ 23.742319443378161, 37.979616436238437 ], [ 23.74232030033242, 37.979617870259716 ], [ 23.742476755207459, 37.979879794121153 ], [ 23.742712111827924, 37.979938892740321 ], [ 23.742764186662058, 37.979950928842456 ], [ 23.742772098578882, 37.979952757729166 ], [ 23.743763743477686, 37.980181957798706 ], [ 23.744188349536007, 37.980280094678328 ], [ 23.744204872990238, 37.980237070753986 ], [ 23.744207659454631, 37.980229815149116 ], [ 23.744303460615278, 37.979980366205353 ], [ 23.74430624706325, 37.979973109696488 ], [ 23.74431977251351, 37.979937891587312 ], [ 23.744336107012945, 37.979893819936308 ], [ 23.74433852195892, 37.979887303476573 ], [ 23.744441414662269, 37.979609700109293 ], [ 23.744443641084416, 37.979603692464316 ], [ 23.744456624886542, 37.97956866152915 ], [ 23.744471722424535, 37.979527934547079 ], [ 23.744473947687435, 37.97952193140533 ], [ 23.744529383714841, 37.979372387785631 ], [ 23.744531985975982, 37.979365367007652 ], [ 23.744541753631854, 37.979339018379932 ], [ 23.744554529118577, 37.979302957710715 ], [ 23.74455703821485, 37.979295876343571 ], [ 23.744618911182414, 37.979121225995272 ], [ 23.744628347549519, 37.979095827497268 ], [ 23.74463002218452, 37.979091321094948 ], [ 23.744651552254897, 37.979033369142762 ], [ 23.744681126721353, 37.978953768618965 ], [ 23.74468149452203, 37.978952778002046 ], [ 23.744702163624691, 37.978897145884616 ], [ 23.744716568653292, 37.978858372253669 ], [ 23.744764420170128, 37.978729574082905 ], [ 23.744801272152603, 37.978630380923256 ], [ 23.744930273396044, 37.97828315703287 ], [ 23.744944070886046, 37.978244828189219 ], [ 23.74513480435499, 37.977727001727757 ], [ 23.745325860370791, 37.977218188473977 ], [ 23.745331093745307, 37.977204275823581 ], [ 23.745540970607443, 37.976646336812095 ], [ 23.745797417245353, 37.975952900279957 ], [ 23.745783355495309, 37.975949586504591 ], [ 23.744368920333685, 37.97561632858114 ], [ 23.743433909072468, 37.975393477731807 ], [ 23.743122130834866, 37.975316187938077 ], [ 23.74300681736295, 37.97532494895141 ], [ 23.742752522137028, 37.975346111457398 ], [ 23.742584702196684, 37.975360077523369 ], [ 23.742030811082891, 37.975430967164037 ], [ 23.741176117930767, 37.975541750679781 ], [ 23.740563483167652, 37.97562151701468 ], [ 23.739103861040849, 37.975814197179268 ], [ 23.739086169108123, 37.975816532832035 ], [ 23.738416212800107, 37.975905173693235 ], [ 23.738051265845581, 37.97595608376902 ], [ 23.737921568879106, 37.975974176642261 ], [ 23.737885413840594, 37.975979219904922 ], [ 23.737721531363377, 37.976002080799006 ], [ 23.737621285285151, 37.97601606423833 ], [ 23.737212241066434, 37.976066377638219 ], [ 23.736793651701021, 37.9761178633646 ], [ 23.73634440680442, 37.976175440995448 ], [ 23.736264713813618, 37.976181638960568 ], [ 23.736165910752526, 37.976189322596198 ], [ 23.736119113372713, 37.976192961576544 ], [ 23.73586223266204, 37.976187878635294 ], [ 23.73571927982405, 37.976111757544963 ], [ 23.735636972124706, 37.976067929594485 ], [ 23.735615767332991, 37.976056638386581 ], [ 23.735787546776383, 37.976872688854058 ], [ 23.735512744317941, 37.977201040964324 ], [ 23.734861687586612, 37.977965668959371 ], [ 23.734854150801539, 37.978082819218926 ], [ 23.73434732540116, 37.978679554044895 ], [ 23.733800381652809, 37.979323509761336 ], [ 23.73485567604023, 37.979922522975009 ], [ 23.735240856864511, 37.980141156605463 ], [ 23.735417966970221, 37.980241686189011 ], [ 23.736349853556636, 37.980770624426739 ], [ 23.736448991988244, 37.980826894863149 ], [ 23.736641677191141, 37.980936260352863 ], [ 23.736789704304954, 37.981020278783141 ], [ 23.736965295890609, 37.981119941000735 ], [ 23.737306185924606, 37.981313422957854 ], [ 23.737987391807359, 37.981700054549933 ], [ 23.738502224946387, 37.981992252443597 ], [ 23.739102469891005, 37.982332921233009 ], [ 23.739253689160787, 37.982418744399816 ], [ 23.739536146835011, 37.982261733455758 ], [ 23.740003312365992, 37.982010401463249 ], [ 23.740414133935136, 37.981556159321485 ], [ 23.740380591412467, 37.981380334510469 ], [ 23.740371483647241, 37.981339756534481 ], [ 23.740420433141484, 37.981182139491573 ], [ 23.740529131187287, 37.98103366709212 ], [ 23.740538288947331, 37.981021247740216 ], [ 23.74089920823689, 37.980532022971325 ], [ 23.741195479083903, 37.98016088737306 ], [ 23.741486313111778, 37.979823544501592 ], [ 23.741584496645576, 37.979772632057283 ], [ 23.741657113815062, 37.979734977187661 ], [ 23.741737275749529, 37.979693409228858 ] ] ] ] } },
{ "type": "Feature", "id": "geitonies0.45", "geometry_name": "the_geom", "properties": { "fid": 45, "gid": 44, "synoikia": "ΠΑΤΗΣΙΑ", "name": "ΑΓΙΑ ΠΑΡΑΣΚΕΥΗ", "dk": "5η ΔΚ", "shape_leng": 1852.9207332134699, "geit_thesm": 1, "name_en": "AGIA PARASKEVI", "synoik_en": "PATISIA", "dk_en": "5th", "shape_area": 204051.42201061035, "id": 43, "geitonia": "ΑΓΙΑ ΠΑΡΑΣΚΕΥΗ" }, "geometry": { "type": "MultiPolygon", "coordinates": [ [ [ [ 23.730691634067778, 38.016066969640207 ], [ 23.730826301830607, 38.016040239547046 ], [ 23.731065181904899, 38.016040786087935 ], [ 23.731398047368849, 38.016041546851611 ], [ 23.731702464138859, 38.016033228964943 ], [ 23.731735928628659, 38.01603330530925 ], [ 23.73256865817358, 38.01602618918588 ], [ 23.733540212164922, 38.016023888208267 ], [ 23.734503759571435, 38.015872849817704 ], [ 23.735381780008993, 38.015744143118518 ], [ 23.735369813467315, 38.015436829029831 ], [ 23.735365810768947, 38.015334024444428 ], [ 23.735358439085559, 38.015199312343142 ], [ 23.735330595677283, 38.014690468537907 ], [ 23.735315145932351, 38.014396428726414 ], [ 23.735301021529342, 38.014127637662511 ], [ 23.735286105093611, 38.013843750147629 ], [ 23.735275822779627, 38.013441131973529 ], [ 23.735265107619437, 38.012945403245013 ], [ 23.734610555632322, 38.012912383095873 ], [ 23.733591567193802, 38.012851495851969 ], [ 23.732706417342147, 38.012795410463085 ], [ 23.732332533908647, 38.012722457581617 ], [ 23.732126248134499, 38.01267440293978 ], [ 23.73207857083203, 38.012663295995942 ], [ 23.731881517308203, 38.012623357264786 ], [ 23.731763751101596, 38.012599488663547 ], [ 23.731693822841773, 38.012584208349352 ], [ 23.7314094659795, 38.0125220711423 ], [ 23.731046264878469, 38.012449138568925 ], [ 23.730260590491486, 38.012352704583975 ], [ 23.728813037991475, 38.012237062299498 ], [ 23.728811723432919, 38.012259624643889 ], [ 23.728803398038476, 38.012402578373369 ], [ 23.728930582296407, 38.01313376096742 ], [ 23.729039908488684, 38.013800960817946 ], [ 23.729060406877437, 38.01384156568669 ], [ 23.729086568033555, 38.013891196405915 ], [ 23.729214317581487, 38.014680111357144 ], [ 23.729203504993862, 38.014716137689859 ], [ 23.729190878672167, 38.014761172652186 ], [ 23.729205077311384, 38.014869359037867 ], [ 23.72933956066025, 38.015473526701712 ], [ 23.729627343895618, 38.016213238793078 ], [ 23.729690720857448, 38.016308018944699 ], [ 23.730691634067778, 38.016066969640207 ] ] ] ] } },
{ "type": "Feature", "id": "geitonies0.46", "geometry_name": "the_geom", "properties": { "fid": 46, "gid": 45, "synoikia": "ΚΟΛΩΝΑΚΙ", "name": "ΚΟΛΩΝΑΚΙ-ΛΥΚΑΒΗΤΤΟΣ", "dk": "1η ΔΚ", "shape_leng": 3345.6667297013701, "geit_thesm": 1, "name_en": "KOLONAKI-LYKAVITTOS", "synoik_en": "KOLONAKI", "dk_en": "1st", "shape_area": 475374.15324412088, "id": 44, "geitonia": "ΚΟΛΩΝΑΚΙ-ΛΥΚΑΒΗΤΤΟΣ" }, "geometry": { "type": "MultiPolygon", "coordinates": [ [ [ [ 23.751854188605044, 37.983216682809775 ], [ 23.752430971913746, 37.983019615213202 ], [ 23.752616049546866, 37.983114639621917 ], [ 23.752895509200407, 37.982867373342792 ], [ 23.753059651168556, 37.982732525123552 ], [ 23.753293126907458, 37.982507693491399 ], [ 23.754113863748778, 37.981928082352283 ], [ 23.75505880461909, 37.981339711238704 ], [ 23.755184595934036, 37.981233728563929 ], [ 23.75521211323117, 37.981209463715309 ], [ 23.755227244023288, 37.981196121913591 ], [ 23.755319314604538, 37.981114931806218 ], [ 23.755317796297966, 37.981113348693022 ], [ 23.754941417884272, 37.980721021149698 ], [ 23.754938108960232, 37.980717572243428 ], [ 23.754302289367171, 37.98005830680497 ], [ 23.753909261413579, 37.979687957755331 ], [ 23.753400833859757, 37.979245262585678 ], [ 23.752095191343113, 37.978111403478124 ], [ 23.751811724315321, 37.977862951886195 ], [ 23.751705794161523, 37.977782667938712 ], [ 23.75133716424525, 37.977503284402204 ], [ 23.751245278356052, 37.977433644178483 ], [ 23.750928603326908, 37.977221171687546 ], [ 23.750607415756058, 37.977004579805126 ], [ 23.750568879328391, 37.976978592410106 ], [ 23.74951532261661, 37.976268115261853 ], [ 23.749484976926546, 37.976249516576416 ], [ 23.749388443943964, 37.976190351470471 ], [ 23.747722230750085, 37.975052346246834 ], [ 23.747074726389673, 37.974619719692399 ], [ 23.746455570305503, 37.974184688337075 ], [ 23.74645360417599, 37.974183306932517 ], [ 23.746453576918487, 37.974183287045456 ], [ 23.746418356102467, 37.974278278012669 ], [ 23.746393354289957, 37.974345708002261 ], [ 23.745817985029113, 37.975897431750859 ], [ 23.745808376928974, 37.975923342820586 ], [ 23.745797417245353, 37.975952900279957 ], [ 23.745540970607443, 37.976646336812095 ], [ 23.745331093745307, 37.977204275823581 ], [ 23.745325860370791, 37.977218188473977 ], [ 23.74513480435499, 37.977727001727757 ], [ 23.744944070886046, 37.978244828189219 ], [ 23.744930273396044, 37.97828315703287 ], [ 23.744801272152603, 37.978630380923256 ], [ 23.744764420170128, 37.978729574082905 ], [ 23.744716568653292, 37.978858372253669 ], [ 23.744702163624691, 37.978897145884616 ], [ 23.74468149452203, 37.978952778002046 ], [ 23.744681126721353, 37.978953768618965 ], [ 23.744651552254897, 37.979033369142762 ], [ 23.74463002218452, 37.979091321094948 ], [ 23.744628347549519, 37.979095827497268 ], [ 23.744618911182414, 37.979121225995272 ], [ 23.74455703821485, 37.979295876343571 ], [ 23.744554529118577, 37.979302957710715 ], [ 23.744541753631854, 37.979339018379932 ], [ 23.744531985975982, 37.979365367007652 ], [ 23.744529383714841, 37.979372387785631 ], [ 23.744473947687435, 37.97952193140533 ], [ 23.744471722424535, 37.979527934547079 ], [ 23.744456624886542, 37.97956866152915 ], [ 23.744443641084416, 37.979603692464316 ], [ 23.744441414662269, 37.979609700109293 ], [ 23.74433852195892, 37.979887303476573 ], [ 23.744336107012945, 37.979893819936308 ], [ 23.74431977251351, 37.979937891587312 ], [ 23.74430624706325, 37.979973109696488 ], [ 23.744303460615278, 37.979980366205353 ], [ 23.744207659454631, 37.980229815149116 ], [ 23.744204872990238, 37.980237070753986 ], [ 23.744188349536007, 37.980280094678328 ], [ 23.744051185027061, 37.980635804402489 ], [ 23.744613986390807, 37.980776726984423 ], [ 23.744499275469874, 37.981019825171444 ], [ 23.744524216742981, 37.981034417088509 ], [ 23.745140978890696, 37.98139525098906 ], [ 23.74513022468091, 37.981417759843126 ], [ 23.745180239514809, 37.981566580414437 ], [ 23.745355996329607, 37.981647137627945 ], [ 23.745670880233554, 37.981791462230198 ], [ 23.745751327218048, 37.981828333802135 ], [ 23.745940895232984, 37.981915220881689 ], [ 23.74610970165719, 37.981978675373121 ], [ 23.746149362733263, 37.981878465850457 ], [ 23.746149388004859, 37.981878401913697 ], [ 23.746259391306509, 37.98160045818404 ], [ 23.746409820958895, 37.981213229510914 ], [ 23.746722551050212, 37.980870069776543 ], [ 23.746977682143086, 37.980590111489057 ], [ 23.746987747261326, 37.980579067144532 ], [ 23.747162907292587, 37.980631007250764 ], [ 23.747264679082829, 37.980552623869315 ], [ 23.747372372770542, 37.980277962859056 ], [ 23.747744915433429, 37.980386916701214 ], [ 23.747905937834908, 37.980436832640827 ], [ 23.748726232081587, 37.98061884498582 ], [ 23.748642956084453, 37.980830469361742 ], [ 23.748552500233277, 37.981060104048936 ], [ 23.748839280222786, 37.98127702541565 ], [ 23.749029996200559, 37.981385586814724 ], [ 23.749966437985933, 37.981833749222304 ], [ 23.750847853275982, 37.982255563797551 ], [ 23.751290561056031, 37.982467425039943 ], [ 23.751483054252983, 37.983351632072321 ], [ 23.751654489018581, 37.983291399778103 ], [ 23.751854188605044, 37.983216682809775 ] ] ] ] } },
{ "type": "Feature", "id": "geitonies0.47", "geometry_name": "the_geom", "properties": { "fid": 47, "gid": 46, "synoikia": "ΡΟΥΦ", "name": "ΜΕΤΑΞΟΥΡΓΕΙΟ", "dk": "3η ΔΚ", "shape_leng": 1900.1906023802501, "geit_thesm": 1, "name_en": "METAXOURGEIO", "synoik_en": "ROUF", "dk_en": "3rd", "shape_area": 174538.57765567728, "id": 45, "geitonia": "ΜΕΤΑΞΟΥΡΓΕΙΟ" }, "geometry": { "type": "MultiPolygon", "coordinates": [ [ [ [ 23.720709080090479, 37.980844063171617 ], [ 23.719350884324573, 37.980240698625153 ], [ 23.719321142149454, 37.980281972350028 ], [ 23.718958047333864, 37.980785825495644 ], [ 23.718699775961884, 37.981141216041109 ], [ 23.718422200753313, 37.98151909192967 ], [ 23.718029082365351, 37.982054415205781 ], [ 23.717797290823743, 37.982369309301326 ], [ 23.717654193149851, 37.982567248729175 ], [ 23.717366184543589, 37.982972135536549 ], [ 23.717013400478933, 37.98347150075341 ], [ 23.716951865847328, 37.983556974808579 ], [ 23.716908227356694, 37.98361545334123 ], [ 23.716742263156071, 37.983845840529035 ], [ 23.7164664320781, 37.984218250402769 ], [ 23.716453195660666, 37.984236244201355 ], [ 23.716422419045539, 37.984281234270632 ], [ 23.716391659736868, 37.984321717947168 ], [ 23.716391611657208, 37.984321783625049 ], [ 23.716108314905227, 37.984713093499238 ], [ 23.715856386581372, 37.985077505679683 ], [ 23.715818714714537, 37.985123525318983 ], [ 23.715783295613001, 37.985166792456688 ], [ 23.715751311178245, 37.985205864289789 ], [ 23.715720163077723, 37.985243914275294 ], [ 23.717077559057298, 37.986409844580564 ], [ 23.717585339259639, 37.98688423937832 ], [ 23.717635367263046, 37.986913532269412 ], [ 23.717848091823225, 37.987038088358766 ], [ 23.717951195659609, 37.987071684970552 ], [ 23.717973002230497, 37.987049044708101 ], [ 23.718014759715409, 37.987005692978137 ], [ 23.718042336618645, 37.986984193141588 ], [ 23.717995463064483, 37.986942338668065 ], [ 23.717995224734384, 37.986942126294757 ], [ 23.718166521000317, 37.986741346633913 ], [ 23.718428783511982, 37.986368330844137 ], [ 23.71878554724778, 37.985892875031375 ], [ 23.71924981644236, 37.985180288850408 ], [ 23.719270207915987, 37.98505866402482 ], [ 23.719287414366931, 37.98493252516645 ], [ 23.719288313617504, 37.984928135349833 ], [ 23.719307719876724, 37.984833432253396 ], [ 23.719842209975759, 37.984086639714008 ], [ 23.720355947483792, 37.983366833863158 ], [ 23.720505156668334, 37.983150879978901 ], [ 23.720884028145935, 37.982615514704847 ], [ 23.721417028657974, 37.981877723999553 ], [ 23.721780840822923, 37.981369358607914 ], [ 23.721807206339275, 37.981331877003882 ], [ 23.720709208545173, 37.980844120257608 ], [ 23.720709080090479, 37.980844063171617 ] ] ] ] } },
{ "type": "Feature", "id": "geitonies0.48", "geometry_name": "the_geom", "properties": { "fid": 48, "gid": 47, "synoikia": "ΤΡΙΓΩΝΟ ΠΕΙΡΑΙΩΣ-ΠΑΝΕΠΙΣΤΗΜΙΟΥ-ΕΡΜΟΥ-ΜΟΝΑΣΤΗΡΑΚΙ-ΠΛΑΚΑ", "name": "ΕΜΠΟΡΙΚΟ ΚΕΝΤΡΟ", "dk": "1η ΔΚ", "shape_leng": 3493.79682656468, "geit_thesm": 1, "name_en": "EMPORIKO KENTRO", "synoik_en": "TRIGONO PEIRAIOS-PANEPISTIMIOU-ERMOU-MONASTIRAKI-PLAKA", "dk_en": "1st", "shape_area": 530464.67631944641, "id": 46, "geitonia": "ΕΜΠΟΡΙΚΟ ΚΕΝΤΡΟ" }, "geometry": { "type": "MultiPolygon", "coordinates": [ [ [ [ 23.735787546776383, 37.976872688854058 ], [ 23.735615767332991, 37.976056638386581 ], [ 23.735608420423695, 37.976055221274869 ], [ 23.73559636407083, 37.97605289679737 ], [ 23.735521185977639, 37.976038400045596 ], [ 23.734646734436247, 37.97615278874072 ], [ 23.734395860205382, 37.976185605341691 ], [ 23.734370657715949, 37.976188902124512 ], [ 23.734354287032556, 37.976191043568008 ], [ 23.734268126484551, 37.976202314240403 ], [ 23.734230533456934, 37.976144395544736 ], [ 23.733931263354183, 37.975683312896038 ], [ 23.733725427447521, 37.975712140790428 ], [ 23.7337192041112, 37.975713012668692 ], [ 23.733409823393316, 37.975756342525983 ], [ 23.73338749431656, 37.975759469859298 ], [ 23.733382734822115, 37.975760135938806 ], [ 23.733329634194053, 37.97576757286852 ], [ 23.733277017437242, 37.975774072631758 ], [ 23.733276429655145, 37.975774145204589 ], [ 23.732593788182974, 37.975858467357348 ], [ 23.732591042915374, 37.975858806309809 ], [ 23.732541509614926, 37.975864925199566 ], [ 23.732487611252036, 37.975872200407359 ], [ 23.732485027631334, 37.975872548737811 ], [ 23.732114678585933, 37.975922537634609 ], [ 23.731741251451112, 37.975971257444925 ], [ 23.731021423272129, 37.976073261737859 ], [ 23.730494557744144, 37.976144158818137 ], [ 23.729672946040694, 37.976250428056588 ], [ 23.728886325406595, 37.976355647392943 ], [ 23.728863519161941, 37.976358697960158 ], [ 23.728799584203536, 37.976367249801136 ], [ 23.728799992001953, 37.976369677906241 ], [ 23.728819766570645, 37.976487514447712 ], [ 23.728775740758731, 37.97649621671799 ], [ 23.728486360844855, 37.97653357625353 ], [ 23.728460840356945, 37.976411992364135 ], [ 23.728459091398818, 37.976403660438429 ], [ 23.728339423203671, 37.976423107004422 ], [ 23.72831081064805, 37.976426904741608 ], [ 23.728309884501268, 37.976427027881449 ], [ 23.727629317870548, 37.976517360104225 ], [ 23.727626026797978, 37.97651779681852 ], [ 23.727571905787524, 37.976524980028884 ], [ 23.726889102423705, 37.97661803188084 ], [ 23.726732557880556, 37.976639721016753 ], [ 23.72630767366962, 37.976696200188691 ], [ 23.726210162857573, 37.976708657086974 ], [ 23.726156824034316, 37.976715471037352 ], [ 23.726157994384856, 37.97672010817724 ], [ 23.72630585279191, 37.97730616052965 ], [ 23.726355999176416, 37.977504560210363 ], [ 23.726518708052119, 37.97814935836098 ], [ 23.72654780714311, 37.978266593231126 ], [ 23.726577616833197, 37.978383829743521 ], [ 23.726725246801841, 37.978970008863925 ], [ 23.726760666742027, 37.979109790504694 ], [ 23.726965886522812, 37.979903398812475 ], [ 23.726984524657325, 37.979974902340274 ], [ 23.727059915096163, 37.980264131442617 ], [ 23.727168926757436, 37.980710520895592 ], [ 23.727254286652332, 37.981070834849262 ], [ 23.727256517786877, 37.98108025124985 ], [ 23.727247177619514, 37.981081662637912 ], [ 23.726580756229886, 37.981182330361285 ], [ 23.726029229666132, 37.981271175712465 ], [ 23.725353109431865, 37.98137324692739 ], [ 23.724565505357415, 37.981500172101057 ], [ 23.724553765203225, 37.981502064349733 ], [ 23.723058347675106, 37.981737393911352 ], [ 23.723000109314317, 37.981800346786414 ], [ 23.722962567925482, 37.981845097341974 ], [ 23.724951677513815, 37.982719731126252 ], [ 23.7257158741591, 37.983050484757186 ], [ 23.725801837891584, 37.983091243021832 ], [ 23.726592306922718, 37.983440077898535 ], [ 23.727361805596782, 37.983784352423754 ], [ 23.72761782229567, 37.983903250067158 ], [ 23.728073714662017, 37.984114969506862 ], [ 23.72815238895199, 37.984103130007952 ], [ 23.728181394897199, 37.984098765417961 ], [ 23.728226729073985, 37.984091942887545 ], [ 23.728295976217552, 37.984081521765646 ], [ 23.72847592959911, 37.98405444087237 ], [ 23.728502344595434, 37.984050465886746 ], [ 23.728781543101928, 37.984008449420465 ], [ 23.72935016659082, 37.983919630570696 ], [ 23.729490456036576, 37.983897846542845 ], [ 23.729979317309155, 37.983821935070033 ], [ 23.730473516855177, 37.983240167427155 ], [ 23.731043240357586, 37.982569477347582 ], [ 23.731320164969013, 37.982243472512025 ], [ 23.731515953038244, 37.982012981276334 ], [ 23.731957532385536, 37.981493126186542 ], [ 23.732294312891955, 37.981096641405962 ], [ 23.732715616199489, 37.980600641136881 ], [ 23.732944884483935, 37.980330719241607 ], [ 23.733215415845841, 37.980012216513622 ], [ 23.733800381652809, 37.979323509761336 ], [ 23.73434732540116, 37.978679554044895 ], [ 23.734854150801539, 37.978082819218926 ], [ 23.734861687586612, 37.977965668959371 ], [ 23.735512744317941, 37.977201040964324 ], [ 23.735787546776383, 37.976872688854058 ] ] ] ] } },
{ "type": "Feature", "id": "geitonies0.49", "geometry_name": "the_geom", "properties": { "fid": 49, "gid": 48, "synoikia": "ΡΟΥΦ", "name": "ΚΕΡΑΜΕΙΚΟΣ", "dk": "3η ΔΚ", "shape_leng": 2410.3176888538401, "geit_thesm": 1, "name_en": "KERAMEIKOS", "synoik_en": "ROUF", "dk_en": "3rd", "shape_area": 324671.87714591494, "id": 47, "geitonia": "ΚΕΡΑΜΕΙΚΟΣ" }, "geometry": { "type": "MultiPolygon", "coordinates": [ [ [ [ 23.716861992791639, 37.979133927111221 ], [ 23.716726608083967, 37.979073721531506 ], [ 23.716003610844517, 37.978549109793128 ], [ 23.715848330251571, 37.978433928086211 ], [ 23.715777410218738, 37.978463343273766 ], [ 23.715752751203748, 37.97846672660453 ], [ 23.715538268362323, 37.97849615788072 ], [ 23.714817859081634, 37.978491101375887 ], [ 23.714545654839718, 37.978490441157632 ], [ 23.714175744181659, 37.978543620110884 ], [ 23.713270767489831, 37.978663091371942 ], [ 23.71267161751199, 37.978738238757678 ], [ 23.711875526805198, 37.978850598971832 ], [ 23.711830361363486, 37.978857226352581 ], [ 23.71182153289443, 37.978858521503923 ], [ 23.71150316090068, 37.978905236199118 ], [ 23.711476993179094, 37.978908821327138 ], [ 23.711134807490943, 37.978955695626382 ], [ 23.710419918418868, 37.979053622887506 ], [ 23.710411989119997, 37.979054709245538 ], [ 23.710362091499682, 37.979061544326065 ], [ 23.710194352528021, 37.979045731831228 ], [ 23.710081921426966, 37.979035133264908 ], [ 23.709896320322791, 37.979017635981101 ], [ 23.709871230302031, 37.979015270416085 ], [ 23.709865439617221, 37.979016877547373 ], [ 23.709830648769064, 37.979026532831774 ], [ 23.70992820511767, 37.979137352199118 ], [ 23.711425600302949, 37.980838272439158 ], [ 23.711432084722027, 37.980845637429589 ], [ 23.711469551523823, 37.980888196111273 ], [ 23.711515219140011, 37.980940068950346 ], [ 23.711603036540616, 37.981097805575885 ], [ 23.711710429232699, 37.981255901051881 ], [ 23.713526884997609, 37.983260272263827 ], [ 23.713712365469753, 37.983468019450008 ], [ 23.713897846985844, 37.983675766340539 ], [ 23.714404861271976, 37.984131401197359 ], [ 23.714430835259577, 37.984154742651327 ], [ 23.714435027126981, 37.984158806808658 ], [ 23.714463451283077, 37.984186366810498 ], [ 23.71450262284441, 37.984221270425216 ], [ 23.714514163924616, 37.984231554160047 ], [ 23.714542449030418, 37.984257985396013 ], [ 23.714567349561758, 37.984281253914219 ], [ 23.714594782910265, 37.98430416265073 ], [ 23.714892384020132, 37.984552679182684 ], [ 23.715720163077723, 37.985243914275294 ], [ 23.715751311178245, 37.985205864289789 ], [ 23.715783295613001, 37.985166792456688 ], [ 23.715818714714537, 37.985123525318983 ], [ 23.715856386581372, 37.985077505679683 ], [ 23.716108314905227, 37.984713093499238 ], [ 23.716391611657208, 37.984321783625049 ], [ 23.716391659736868, 37.984321717947168 ], [ 23.716422419045539, 37.984281234270632 ], [ 23.716453195660666, 37.984236244201355 ], [ 23.7164664320781, 37.984218250402769 ], [ 23.716742263156071, 37.983845840529035 ], [ 23.716908227356694, 37.98361545334123 ], [ 23.716951865847328, 37.983556974808579 ], [ 23.717013400478933, 37.98347150075341 ], [ 23.717366184543589, 37.982972135536549 ], [ 23.717654193149851, 37.982567248729175 ], [ 23.717797290823743, 37.982369309301326 ], [ 23.718029082365351, 37.982054415205781 ], [ 23.718422200753313, 37.98151909192967 ], [ 23.718699775961884, 37.981141216041109 ], [ 23.718958047333864, 37.980785825495644 ], [ 23.719321142149454, 37.980281972350028 ], [ 23.719350884324573, 37.980240698625153 ], [ 23.719347197852517, 37.98023905940375 ], [ 23.718238578735345, 37.979746085339116 ], [ 23.718226622586595, 37.979740768856018 ], [ 23.717819043792041, 37.979559523853574 ], [ 23.716861992791639, 37.979133927111221 ] ] ] ] } },
{ "type": "Feature", "id": "geitonies0.50", "geometry_name": "the_geom", "properties": { "fid": 50, "gid": 49, "synoikia": "ΓΟΥΔΗ", "name": "ΑΓΙΟΣ ΘΩΜΑΣ", "dk": "7η ΔΚ", "shape_leng": 2804.6714574750599, "geit_thesm": 1, "name_en": "AGIOS THOMAS", "synoik_en": "GOUDI", "dk_en": "7th", "shape_area": 259832.80167572983, "id": 48, "geitonia": "ΑΓΙΟΣ ΘΩΜΑΣ" }, "geometry": { "type": "MultiPolygon", "coordinates": [ [ [ [ 23.761503212595855, 37.98030455370337 ], [ 23.761281433413114, 37.9802056472966 ], [ 23.761158928016823, 37.980205694249847 ], [ 23.7609844068458, 37.980205761578169 ], [ 23.760258595458613, 37.980206038492661 ], [ 23.759273235655648, 37.98020612075873 ], [ 23.758765421422936, 37.980201712358102 ], [ 23.758281763930281, 37.979987342616333 ], [ 23.757487604975317, 37.979635343708985 ], [ 23.756701950385263, 37.97928710637121 ], [ 23.756357536197278, 37.979751637701419 ], [ 23.756097417770633, 37.980075561830901 ], [ 23.756095269165332, 37.980077950291772 ], [ 23.756048844463137, 37.980129538302144 ], [ 23.755976876795255, 37.980156427628636 ], [ 23.755977628166931, 37.980161288023062 ], [ 23.755982451888002, 37.980192490655476 ], [ 23.756094313372859, 37.980368473519725 ], [ 23.756245969222768, 37.980562564469551 ], [ 23.756316808307034, 37.980661852750778 ], [ 23.757072623565225, 37.980793606864857 ], [ 23.757337119604756, 37.980839712816888 ], [ 23.757408015439573, 37.980863827857462 ], [ 23.757603700053714, 37.980930391084883 ], [ 23.758438186398202, 37.981351205874375 ], [ 23.758685095066134, 37.981473386313453 ], [ 23.759920171572293, 37.981597587170356 ], [ 23.760118939779716, 37.981643056995054 ], [ 23.761174265206808, 37.982113873241019 ], [ 23.761233442056071, 37.982190602709636 ], [ 23.761533334760077, 37.982580035865922 ], [ 23.761734831348612, 37.982849558334451 ], [ 23.762001677591702, 37.98319258729483 ], [ 23.762081256449068, 37.983233306155213 ], [ 23.762145163548986, 37.983278499704419 ], [ 23.762340603673806, 37.983364516917305 ], [ 23.763059099923908, 37.983685922946563 ], [ 23.763166763648574, 37.98373571049941 ], [ 23.76334325870846, 37.98384872648078 ], [ 23.76346244838992, 37.983966133406952 ], [ 23.763571631227723, 37.984097039388743 ], [ 23.763825659562773, 37.984557205572052 ], [ 23.764074368213251, 37.985012854075563 ], [ 23.764225669364244, 37.985215946771241 ], [ 23.764384349024052, 37.985337938316981 ], [ 23.764603837228123, 37.985473570639741 ], [ 23.764805562055585, 37.985600154176254 ], [ 23.764815723179989, 37.985649745214367 ], [ 23.764796101243771, 37.985780319422652 ], [ 23.764796089623225, 37.985780392403569 ], [ 23.765008791575902, 37.985742542615512 ], [ 23.765021204252744, 37.985740334025969 ], [ 23.765021477711091, 37.985740285001512 ], [ 23.765025955560791, 37.985739491802185 ], [ 23.765172449538717, 37.985713547916824 ], [ 23.765967598725197, 37.98555290117433 ], [ 23.766674791017444, 37.985410100329524 ], [ 23.76684810881903, 37.985293276821416 ], [ 23.766990195184707, 37.985262013357676 ], [ 23.767231239431666, 37.98499661123499 ], [ 23.767965136032107, 37.984281538800815 ], [ 23.767954004179455, 37.984200401091741 ], [ 23.768663222149588, 37.983504566630863 ], [ 23.768254768295986, 37.98332076548045 ], [ 23.768254424886219, 37.983320611585235 ], [ 23.766701401529048, 37.982622586882783 ], [ 23.766055796772545, 37.982334711843095 ], [ 23.764514257964663, 37.981647318022752 ], [ 23.763998281176125, 37.981417228320439 ], [ 23.763476834940693, 37.981184697286892 ], [ 23.762297102160328, 37.980658597909795 ], [ 23.76181609518833, 37.980444088527278 ], [ 23.761503212595855, 37.98030455370337 ] ] ] ] } },
{ "type": "Feature", "id": "geitonies0.51", "geometry_name": "the_geom", "properties": { "fid": 51, "gid": 50, "synoikia": "ΓΟΥΔΗ", "name": "ΙΠΠΟΚΡΑΤΕΙΟ", "dk": "7η ΔΚ", "shape_leng": 2342.0707186200798, "geit_thesm": 1, "name_en": "IPPOKRATEIO", "synoik_en": "GOUDI", "dk_en": "7th", "shape_area": 211258.65177672479, "id": 49, "geitonia": "ΙΠΠΟΚΡΑΤΕΙΟ" }, "geometry": { "type": "MultiPolygon", "coordinates": [ [ [ [ 23.755977628166931, 37.980161288023062 ], [ 23.755976876795255, 37.980156427628636 ], [ 23.75597658493318, 37.980156536980125 ], [ 23.755881394266918, 37.980192280979573 ], [ 23.754938462605082, 37.980717375598424 ], [ 23.754938108960232, 37.980717572243428 ], [ 23.754941417884272, 37.980721021149698 ], [ 23.755317796297966, 37.981113348693022 ], [ 23.755319314604538, 37.981114931806218 ], [ 23.755681043415741, 37.981485211070876 ], [ 23.75620690454592, 37.982045099602473 ], [ 23.756577597430869, 37.982397368916963 ], [ 23.75693406151348, 37.982641453305384 ], [ 23.757374596572784, 37.98285867145669 ], [ 23.757395266961407, 37.982869254631169 ], [ 23.758514600726961, 37.983442346856101 ], [ 23.758984461786753, 37.983835369940017 ], [ 23.7593407347665, 37.984142536623104 ], [ 23.759511943535102, 37.98430682168236 ], [ 23.759677310687991, 37.984454546042997 ], [ 23.760009531149525, 37.984740785047144 ], [ 23.760405539308824, 37.98510007338232 ], [ 23.760436737472865, 37.985136188359071 ], [ 23.760592372324108, 37.985316762391477 ], [ 23.760660092849164, 37.985393509497626 ], [ 23.761156015219747, 37.986097520412976 ], [ 23.761404808415588, 37.98641347532034 ], [ 23.761407679935321, 37.986412912433643 ], [ 23.762953086137831, 37.98611016851013 ], [ 23.763447057162722, 37.98598948936074 ], [ 23.763588963314088, 37.985980122783182 ], [ 23.763844588612155, 37.98596324956295 ], [ 23.763910844396253, 37.985958876133708 ], [ 23.763987724750333, 37.985954523985136 ], [ 23.76426738086705, 37.985897161829584 ], [ 23.764422874711741, 37.985865267699232 ], [ 23.764796089623225, 37.985780392403569 ], [ 23.764796101243771, 37.985780319422652 ], [ 23.764815723179989, 37.985649745214367 ], [ 23.764805562055585, 37.985600154176254 ], [ 23.764603837228123, 37.985473570639741 ], [ 23.764384349024052, 37.985337938316981 ], [ 23.764225669364244, 37.985215946771241 ], [ 23.764074368213251, 37.985012854075563 ], [ 23.763825659562773, 37.984557205572052 ], [ 23.763571631227723, 37.984097039388743 ], [ 23.76346244838992, 37.983966133406952 ], [ 23.76334325870846, 37.98384872648078 ], [ 23.763166763648574, 37.98373571049941 ], [ 23.763059099923908, 37.983685922946563 ], [ 23.762340603673806, 37.983364516917305 ], [ 23.762145163548986, 37.983278499704419 ], [ 23.762081256449068, 37.983233306155213 ], [ 23.762001677591702, 37.98319258729483 ], [ 23.761734831348612, 37.982849558334451 ], [ 23.761533334760077, 37.982580035865922 ], [ 23.761233442056071, 37.982190602709636 ], [ 23.761174265206808, 37.982113873241019 ], [ 23.760118939779716, 37.981643056995054 ], [ 23.759920171572293, 37.981597587170356 ], [ 23.758685095066134, 37.981473386313453 ], [ 23.758438186398202, 37.981351205874375 ], [ 23.757603700053714, 37.980930391084883 ], [ 23.757408015439573, 37.980863827857462 ], [ 23.757337119604756, 37.980839712816888 ], [ 23.757072623565225, 37.980793606864857 ], [ 23.756316808307034, 37.980661852750778 ], [ 23.756245969222768, 37.980562564469551 ], [ 23.756094313372859, 37.980368473519725 ], [ 23.755982451888002, 37.980192490655476 ], [ 23.755977628166931, 37.980161288023062 ] ] ] ] } },
{ "type": "Feature", "id": "geitonies0.52", "geometry_name": "the_geom", "properties": { "fid": 52, "gid": 51, "synoikia": "ΛΥΚΑΒΗΤΤΟΣ", "name": "ΛΥΚΑΒΗΤΤΟΣ", "dk": "1η ΔΚ", "shape_leng": 3125.1832681595702, "geit_thesm": 0, "name_en": "LYKAVITTOS", "synoik_en": "LYKAVITTOS", "dk_en": "1st", "shape_area": 463086.14243666746, "id": 50, "geitonia": "ΛΥΚΑΒΗΤΤΟΣ" }, "geometry": { "type": "MultiPolygon", "coordinates": [ [ [ [ 23.750847853275982, 37.982255563797551 ], [ 23.749966437985933, 37.981833749222304 ], [ 23.749029996200559, 37.981385586814724 ], [ 23.748839280222786, 37.98127702541565 ], [ 23.748552500233277, 37.981060104048936 ], [ 23.748642956084453, 37.980830469361742 ], [ 23.748726232081587, 37.98061884498582 ], [ 23.747905937834908, 37.980436832640827 ], [ 23.747744915433429, 37.980386916701214 ], [ 23.747372372770542, 37.980277962859056 ], [ 23.747264679082829, 37.980552623869315 ], [ 23.747162907292587, 37.980631007250764 ], [ 23.746987747261326, 37.980579067144532 ], [ 23.746977682143086, 37.980590111489057 ], [ 23.746722551050212, 37.980870069776543 ], [ 23.746409820958895, 37.981213229510914 ], [ 23.746259391306509, 37.98160045818404 ], [ 23.746149388004859, 37.981878401913697 ], [ 23.746149362733263, 37.981878465850457 ], [ 23.74610970165719, 37.981978675373121 ], [ 23.745940895232984, 37.981915220881689 ], [ 23.745751327218048, 37.981828333802135 ], [ 23.745670880233554, 37.981791462230198 ], [ 23.745355996329607, 37.981647137627945 ], [ 23.745180239514809, 37.981566580414437 ], [ 23.74513022468091, 37.981417759843126 ], [ 23.745140978890696, 37.98139525098906 ], [ 23.744524216742981, 37.981034417088509 ], [ 23.744499275469874, 37.981019825171444 ], [ 23.744613986390807, 37.980776726984423 ], [ 23.744051185027061, 37.980635804402489 ], [ 23.744188349536007, 37.980280094678328 ], [ 23.743763743477686, 37.980181957798706 ], [ 23.742772098578882, 37.979952757729166 ], [ 23.742764186662058, 37.979950928842456 ], [ 23.742712111827924, 37.979938892740321 ], [ 23.742476755207459, 37.979879794121153 ], [ 23.74232030033242, 37.979617870259716 ], [ 23.742319443378161, 37.979616436238437 ], [ 23.742296910190962, 37.979578713105106 ], [ 23.742119370567675, 37.979574295281985 ], [ 23.741737275749529, 37.979693409228858 ], [ 23.741657113815062, 37.979734977187661 ], [ 23.741584496645576, 37.979772632057283 ], [ 23.741486313111778, 37.979823544501592 ], [ 23.741195479083903, 37.98016088737306 ], [ 23.74089920823689, 37.980532022971325 ], [ 23.740538288947331, 37.981021247740216 ], [ 23.740529131187287, 37.98103366709212 ], [ 23.740420433141484, 37.981182139491573 ], [ 23.740371483647241, 37.981339756534481 ], [ 23.740380591412467, 37.981380334510469 ], [ 23.740414133935136, 37.981556159321485 ], [ 23.740616313353581, 37.982023350703535 ], [ 23.741022645237184, 37.982562434477593 ], [ 23.741066637529226, 37.982606998066551 ], [ 23.74132581540481, 37.98286953875602 ], [ 23.741931888080909, 37.983461212198975 ], [ 23.741980188747881, 37.983488356729545 ], [ 23.742116937416149, 37.983560759469498 ], [ 23.742551336717877, 37.983791538883992 ], [ 23.743100119612357, 37.984081150127665 ], [ 23.744112156085698, 37.984597088885494 ], [ 23.744484077969826, 37.984787167356295 ], [ 23.745192050049667, 37.98514921734747 ], [ 23.745983008473818, 37.985551383672934 ], [ 23.7459842270849, 37.985552002783841 ], [ 23.746851359404189, 37.985995502053335 ], [ 23.747389901463556, 37.986271551898895 ], [ 23.747761454142061, 37.986470632037673 ], [ 23.747937653759799, 37.986561138289694 ], [ 23.748302880798306, 37.986737671021956 ], [ 23.749257891075469, 37.986568466434818 ], [ 23.750514557258388, 37.98632779143643 ], [ 23.751402329277912, 37.986149413926682 ], [ 23.751946264985026, 37.985357430894339 ], [ 23.751992147295255, 37.985258386215868 ], [ 23.751855547956112, 37.984820974552605 ], [ 23.751751824601577, 37.98449775830521 ], [ 23.751645221280313, 37.984085982730456 ], [ 23.751483054252983, 37.983351632072321 ], [ 23.751290561056031, 37.982467425039943 ], [ 23.750847853275982, 37.982255563797551 ] ] ] ] } },
{ "type": "Feature", "id": "geitonies0.53", "geometry_name": "the_geom", "properties": { "fid": 53, "gid": 52, "synoikia": "ΓΟΥΔΗ", "name": "ΝΟΣΟΚ.ΠΑΙΔΩΝ", "dk": "7η ΔΚ", "shape_leng": 2064.4137759497298, "geit_thesm": 1, "name_en": "NOSOK.PAIDON", "synoik_en": "GOUDI", "dk_en": "7th", "shape_area": 173896.82012369134, "id": 51, "geitonia": "ΝΟΣΟΚ.ΠΑΙΔΩΝ" }, "geometry": { "type": "MultiPolygon", "coordinates": [ [ [ [ 23.768733219580408, 37.983536835124148 ], [ 23.768663222149588, 37.983504566630863 ], [ 23.767954004179455, 37.984200401091741 ], [ 23.767965136032107, 37.984281538800815 ], [ 23.767231239431666, 37.98499661123499 ], [ 23.766990195184707, 37.985262013357676 ], [ 23.76684810881903, 37.985293276821416 ], [ 23.766674791017444, 37.985410100329524 ], [ 23.765967598725197, 37.98555290117433 ], [ 23.765172449538717, 37.985713547916824 ], [ 23.765025955560791, 37.985739491802185 ], [ 23.765021477711091, 37.985740285001512 ], [ 23.765021204252744, 37.985740334025969 ], [ 23.765008791575902, 37.985742542615512 ], [ 23.764796089623225, 37.985780392403569 ], [ 23.764422874711741, 37.985865267699232 ], [ 23.76426738086705, 37.985897161829584 ], [ 23.763987724750333, 37.985954523985136 ], [ 23.763910844396253, 37.985958876133708 ], [ 23.763969921665836, 37.986179809704787 ], [ 23.765193858321872, 37.986700498566613 ], [ 23.765259564584845, 37.986741187566381 ], [ 23.765382093346336, 37.986818041307743 ], [ 23.765779076503307, 37.987093724583289 ], [ 23.76604940238251, 37.987360141809738 ], [ 23.766402048902151, 37.98770333119009 ], [ 23.76658910716872, 37.987856921069678 ], [ 23.766737873709783, 37.987965370443476 ], [ 23.767107366522794, 37.98815987898351 ], [ 23.767338726338558, 37.988259478240224 ], [ 23.768302534126509, 37.988793139105603 ], [ 23.769237286891663, 37.989290683630337 ], [ 23.769540512590773, 37.98904762463706 ], [ 23.770222721960355, 37.98849046875511 ], [ 23.770263047468283, 37.988454496103003 ], [ 23.770670385929584, 37.988270527449245 ], [ 23.770648776498856, 37.988238940322539 ], [ 23.770622584346025, 37.988218398522378 ], [ 23.770239809817287, 37.987918185819332 ], [ 23.769831595622705, 37.987597556632231 ], [ 23.769812988565214, 37.987580193004781 ], [ 23.769742242756919, 37.98751417776927 ], [ 23.76959852915326, 37.987404189164842 ], [ 23.76940514511497, 37.987256183228162 ], [ 23.769390154417803, 37.987244467769472 ], [ 23.769447406960378, 37.987195606840878 ], [ 23.769492087123123, 37.987132604409268 ], [ 23.769260186660098, 37.986978931166831 ], [ 23.76897749680013, 37.986793612723048 ], [ 23.768922174531784, 37.986751318475541 ], [ 23.768995847006167, 37.986671572311842 ], [ 23.770758455888874, 37.984755309551083 ], [ 23.770795761620036, 37.984720735009027 ], [ 23.770823668374089, 37.98469487200034 ], [ 23.770149204873547, 37.984232004691528 ], [ 23.769396465498744, 37.983842707977558 ], [ 23.768733219580408, 37.983536835124148 ] ] ] ] } },
{ "type": "Feature", "id": "geitonies0.54", "geometry_name": "the_geom", "properties": { "fid": 54, "gid": 53, "synoikia": "ΚΟΥΝΤΟΥΡΙΩΤΙΚΑ", "name": "ΚΟΥΝΤΟΥΡΙΩΤΙΚΑ", "dk": "7η ΔΚ", "shape_leng": 2688.1682613825401, "geit_thesm": 1, "name_en": "KOUNTOURIOTIKA", "synoik_en": "KOUNTOURIOTIKA", "dk_en": "7th", "shape_area": 397774.02477099083, "id": 52, "geitonia": "ΚΟΥΝΤΟΥΡΙΩΤΙΚΑ" }, "geometry": { "type": "MultiPolygon", "coordinates": [ [ [ [ 23.758514600726961, 37.983442346856101 ], [ 23.757395266961407, 37.982869254631169 ], [ 23.757374596572784, 37.98285867145669 ], [ 23.75693406151348, 37.982641453305384 ], [ 23.756577597430869, 37.982397368916963 ], [ 23.75620690454592, 37.982045099602473 ], [ 23.755681043415741, 37.981485211070876 ], [ 23.755319314604538, 37.981114931806218 ], [ 23.755227244023288, 37.981196121913591 ], [ 23.75521211323117, 37.981209463715309 ], [ 23.755184595934036, 37.981233728563929 ], [ 23.75505880461909, 37.981339711238704 ], [ 23.754113863748778, 37.981928082352283 ], [ 23.753293126907458, 37.982507693491399 ], [ 23.753059651168556, 37.982732525123552 ], [ 23.752895509200407, 37.982867373342792 ], [ 23.752616049546866, 37.983114639621917 ], [ 23.752430971913746, 37.983019615213202 ], [ 23.751854188605044, 37.983216682809775 ], [ 23.751654489018581, 37.983291399778103 ], [ 23.751483054252983, 37.983351632072321 ], [ 23.751645221280313, 37.984085982730456 ], [ 23.751751824601577, 37.98449775830521 ], [ 23.751855547956112, 37.984820974552605 ], [ 23.751992147295255, 37.985258386215868 ], [ 23.752218630260863, 37.985952853462273 ], [ 23.751800966420333, 37.986551327801514 ], [ 23.751540977933107, 37.986929318819264 ], [ 23.751376443651115, 37.987176824651712 ], [ 23.751535872514083, 37.987704413454679 ], [ 23.751651600906339, 37.98810572980436 ], [ 23.751710250239167, 37.988232033552855 ], [ 23.751797388017998, 37.988215664450742 ], [ 23.752308194290425, 37.988119705223085 ], [ 23.752812764976014, 37.988024914958864 ], [ 23.752825194768626, 37.988022579711632 ], [ 23.752827152408234, 37.988022224212521 ], [ 23.752828303291949, 37.988022014828879 ], [ 23.753401815769131, 37.987917839397312 ], [ 23.753413809982074, 37.987915660899546 ], [ 23.754393808241232, 37.987743929914878 ], [ 23.755341360706531, 37.987577876176942 ], [ 23.755345186978836, 37.987577205467517 ], [ 23.755610832904342, 37.987531527160513 ], [ 23.755811286899071, 37.987497058315064 ], [ 23.75620728854603, 37.987419830221185 ], [ 23.756591212767219, 37.987344956095185 ], [ 23.757472369699059, 37.987173105704976 ], [ 23.757571839944447, 37.98715370509165 ], [ 23.757729593029129, 37.987122485122114 ], [ 23.758542051051421, 37.986966713736493 ], [ 23.760241100778394, 37.986640936938208 ], [ 23.760412018043148, 37.98660974019716 ], [ 23.760434807977735, 37.986605280186332 ], [ 23.76062801181725, 37.986567469820535 ], [ 23.761141294592477, 37.986467017653951 ], [ 23.76130889740514, 37.986432963011929 ], [ 23.761328317087948, 37.986429016931808 ], [ 23.761404808415588, 37.98641347532034 ], [ 23.761156015219747, 37.986097520412976 ], [ 23.760660092849164, 37.985393509497626 ], [ 23.760592372324108, 37.985316762391477 ], [ 23.760436737472865, 37.985136188359071 ], [ 23.760405539308824, 37.98510007338232 ], [ 23.760009531149525, 37.984740785047144 ], [ 23.759677310687991, 37.984454546042997 ], [ 23.759511943535102, 37.98430682168236 ], [ 23.7593407347665, 37.984142536623104 ], [ 23.758984461786753, 37.983835369940017 ], [ 23.758514600726961, 37.983442346856101 ] ] ] ] } },
{ "type": "Feature", "id": "geitonies0.55", "geometry_name": "the_geom", "properties": { "fid": 55, "gid": 54, "synoikia": "ΜΟΥΣΕΙΟ-ΕΞΑΡΧΕΙΑ-ΝΕΑΠΟΛΗ", "name": "ΝΕΑΠΟΛΗ I", "dk": "1η ΔΚ", "shape_leng": 3414.1228645443498, "geit_thesm": 1, "name_en": "NEAPOLI I", "synoik_en": "MOUSEIO-EXARCHEIA-NEAPOLI", "dk_en": "1st", "shape_area": 465883.18923745921, "id": 53, "geitonia": "ΝΕΑΠΟΛΗ I" }, "geometry": { "type": "MultiPolygon", "coordinates": [ [ [ [ 23.741022645237184, 37.982562434477593 ], [ 23.740616313353581, 37.982023350703535 ], [ 23.740414133935136, 37.981556159321485 ], [ 23.740003312365992, 37.982010401463249 ], [ 23.739536146835011, 37.982261733455758 ], [ 23.739253689160787, 37.982418744399816 ], [ 23.739102469891005, 37.982332921233009 ], [ 23.738502224946387, 37.981992252443597 ], [ 23.737987391807359, 37.981700054549933 ], [ 23.737306185924606, 37.981313422957854 ], [ 23.736965295890609, 37.981119941000735 ], [ 23.736789704304954, 37.981020278783141 ], [ 23.736641677191141, 37.980936260352863 ], [ 23.736448991988244, 37.980826894863149 ], [ 23.736349853556636, 37.980770624426739 ], [ 23.735417966970221, 37.980241686189011 ], [ 23.735240856864511, 37.980141156605463 ], [ 23.73485567604023, 37.979922522975009 ], [ 23.733800381652809, 37.979323509761336 ], [ 23.733215415845841, 37.980012216513622 ], [ 23.732944884483935, 37.980330719241607 ], [ 23.732715616199489, 37.980600641136881 ], [ 23.732294312891955, 37.981096641405962 ], [ 23.731957532385536, 37.981493126186542 ], [ 23.731515953038244, 37.982012981276334 ], [ 23.732307185498396, 37.982424908339588 ], [ 23.733221433249774, 37.982900887703209 ], [ 23.734325139469998, 37.983475438906304 ], [ 23.734325286091078, 37.983475514945461 ], [ 23.735179842653007, 37.983910295155432 ], [ 23.735897648517376, 37.984277001733759 ], [ 23.736502551789116, 37.984589301828855 ], [ 23.736961432760229, 37.984828369181635 ], [ 23.737015099895228, 37.98485632808508 ], [ 23.737498874980623, 37.985109768612404 ], [ 23.737993329115284, 37.985363230931007 ], [ 23.738419589828741, 37.985580488120306 ], [ 23.738859359742907, 37.985802280179342 ], [ 23.738883215277799, 37.98581490336489 ], [ 23.739304066523886, 37.986037600811599 ], [ 23.73982659902682, 37.986304636907796 ], [ 23.740269579712407, 37.986526430780934 ], [ 23.740807033785114, 37.986802508309189 ], [ 23.741283896360368, 37.987050040708958 ], [ 23.741878022006922, 37.987359153800718 ], [ 23.742023768385739, 37.987433847594289 ], [ 23.742381387878972, 37.987617123600863 ], [ 23.742812980632355, 37.987843389351625 ], [ 23.743279405371872, 37.988083248817254 ], [ 23.743378164701166, 37.988133035001496 ], [ 23.743746418008676, 37.988309167532137 ], [ 23.743747302522586, 37.988309590359229 ], [ 23.743909897041412, 37.988116168169796 ], [ 23.744146470416435, 37.987832778170343 ], [ 23.744279416845156, 37.987670835940648 ], [ 23.744607880873968, 37.987261464787409 ], [ 23.744810547404281, 37.987005038338779 ], [ 23.744896684826276, 37.986897070943357 ], [ 23.744978876863396, 37.986798107782178 ], [ 23.745102970375342, 37.986643682843464 ], [ 23.745107422783995, 37.98663814147514 ], [ 23.745331358629812, 37.986359467791274 ], [ 23.745341660958967, 37.986346646778657 ], [ 23.745452437063147, 37.986208791598827 ], [ 23.745565043534356, 37.986069718126949 ], [ 23.745565165903933, 37.986069566975686 ], [ 23.745819251970612, 37.985755756936555 ], [ 23.745828477636053, 37.985744362992044 ], [ 23.7459842270849, 37.985552002783841 ], [ 23.745983008473818, 37.985551383672934 ], [ 23.745192050049667, 37.98514921734747 ], [ 23.744484077969826, 37.984787167356295 ], [ 23.744112156085698, 37.984597088885494 ], [ 23.743100119612357, 37.984081150127665 ], [ 23.742551336717877, 37.983791538883992 ], [ 23.742116937416149, 37.983560759469498 ], [ 23.741980188747881, 37.983488356729545 ], [ 23.741931888080909, 37.983461212198975 ], [ 23.74132581540481, 37.98286953875602 ], [ 23.741066637529226, 37.982606998066551 ], [ 23.741022645237184, 37.982562434477593 ] ] ] ] } },
{ "type": "Feature", "id": "geitonies0.56", "geometry_name": "the_geom", "properties": { "fid": 56, "gid": 55, "synoikia": "ΜΟΥΣΕΙΟ-ΕΞΑΡΧΕΙΑ-ΝΕΑΠΟΛΗ", "name": "ΕΞΑΡΧΕΙΑ", "dk": "1η ΔΚ", "shape_leng": 2627.9132411692099, "geit_thesm": 1, "name_en": "EXARCHEIA", "synoik_en": "MOUSEIO-EXARCHEIA-NEAPOLI", "dk_en": "1st", "shape_area": 280418.89066099137, "id": 54, "geitonia": "ΕΞΑΡΧΕΙΑ" }, "geometry": { "type": "MultiPolygon", "coordinates": [ [ [ [ 23.735725305837061, 37.989633358815858 ], [ 23.736064967665307, 37.989225432985023 ], [ 23.736166828542789, 37.9891039880536 ], [ 23.73651608129267, 37.988667647750795 ], [ 23.736856257433477, 37.988236954248407 ], [ 23.736864278947476, 37.98822679758721 ], [ 23.73715414484569, 37.987875944524859 ], [ 23.737264773858634, 37.987744359818286 ], [ 23.737316755656348, 37.987682531494727 ], [ 23.73746147703492, 37.987516116857805 ], [ 23.737747777484792, 37.987165254323742 ], [ 23.737748568972307, 37.987164284502995 ], [ 23.738540898499082, 37.986193631873881 ], [ 23.738859359742907, 37.985802280179342 ], [ 23.738419589828741, 37.985580488120306 ], [ 23.737993329115284, 37.985363230931007 ], [ 23.737498874980623, 37.985109768612404 ], [ 23.737015099895228, 37.98485632808508 ], [ 23.736961432760229, 37.984828369181635 ], [ 23.736502551789116, 37.984589301828855 ], [ 23.735897648517376, 37.984277001733759 ], [ 23.735179842653007, 37.983910295155432 ], [ 23.734325286091078, 37.983475514945461 ], [ 23.734325139469998, 37.983475438906304 ], [ 23.733221433249774, 37.982900887703209 ], [ 23.732307185498396, 37.982424908339588 ], [ 23.731515953038244, 37.982012981276334 ], [ 23.731320164969013, 37.982243472512025 ], [ 23.731043240357586, 37.982569477347582 ], [ 23.730473516855177, 37.983240167427155 ], [ 23.729979317309155, 37.983821935070033 ], [ 23.729987600165799, 37.983826354159135 ], [ 23.730112808012962, 37.983893159977164 ], [ 23.730119600922507, 37.983896784309721 ], [ 23.730672168889591, 37.984191607583305 ], [ 23.730674705597131, 37.984192960813211 ], [ 23.730708815901917, 37.984211160153521 ], [ 23.730898105612997, 37.984315241176176 ], [ 23.731144419456626, 37.984451415430001 ], [ 23.73124188107894, 37.984505297080759 ], [ 23.731719940203231, 37.984758748298596 ], [ 23.732160346343299, 37.984994086129937 ], [ 23.732313085779442, 37.985071043075671 ], [ 23.732803591490285, 37.985329024626466 ], [ 23.732282137450586, 37.985949725825165 ], [ 23.732489123548511, 37.986075716030456 ], [ 23.732490212075806, 37.986076379148074 ], [ 23.732631256660003, 37.986630990221634 ], [ 23.733518945591843, 37.986488798980844 ], [ 23.733652622701285, 37.987016353558793 ], [ 23.733925822535763, 37.988130058869331 ], [ 23.73408436640069, 37.988770329671439 ], [ 23.734237251475431, 37.989401574560851 ], [ 23.734263801121799, 37.989397339922881 ], [ 23.734710843164834, 37.989326034446272 ], [ 23.735178368375628, 37.989254985188367 ], [ 23.735367643931006, 37.990062061009596 ], [ 23.735652864883651, 37.989720214174724 ], [ 23.735712911062041, 37.989648246328088 ], [ 23.735725305837061, 37.989633358815858 ] ] ] ] } },
{ "type": "Feature", "id": "geitonies0.57", "geometry_name": "the_geom", "properties": { "fid": 57, "gid": 56, "synoikia": "ΜΟΥΣΕΙΟ-ΕΞΑΡΧΕΙΑ-ΝΕΑΠΟΛΗ", "name": "ΜΟΥΣΕΙΟ", "dk": "1η ΔΚ", "shape_leng": 2718.2268595791902, "geit_thesm": 1, "name_en": "MOUSEIO", "synoik_en": "MOUSEIO-EXARCHEIA-NEAPOLI", "dk_en": "1st", "shape_area": 343875.92881421483, "id": 55, "geitonia": "ΜΟΥΣΕΙΟ" }, "geometry": { "type": "MultiPolygon", "coordinates": [ [ [ [ 23.733033883136532, 37.99140420766809 ], [ 23.734072978402043, 37.991235317459285 ], [ 23.734080850124535, 37.991234043715217 ], [ 23.73467727245318, 37.991137540835055 ], [ 23.734694078195584, 37.991134732486408 ], [ 23.735156585226299, 37.991057505446193 ], [ 23.735301911165379, 37.991033811543012 ], [ 23.735592761038937, 37.990986391196138 ], [ 23.735592802062691, 37.990986384078084 ], [ 23.735592394661548, 37.990984713082042 ], [ 23.735389740073963, 37.990152239186294 ], [ 23.735367643931006, 37.990062061009596 ], [ 23.735178368375628, 37.989254985188367 ], [ 23.734710843164834, 37.989326034446272 ], [ 23.734263801121799, 37.989397339922881 ], [ 23.734237251475431, 37.989401574560851 ], [ 23.73408436640069, 37.988770329671439 ], [ 23.733925822535763, 37.988130058869331 ], [ 23.733652622701285, 37.987016353558793 ], [ 23.733518945591843, 37.986488798980844 ], [ 23.732631256660003, 37.986630990221634 ], [ 23.732490212075806, 37.986076379148074 ], [ 23.732489123548511, 37.986075716030456 ], [ 23.732282137450586, 37.985949725825165 ], [ 23.732803591490285, 37.985329024626466 ], [ 23.732313085779442, 37.985071043075671 ], [ 23.732160346343299, 37.984994086129937 ], [ 23.731719940203231, 37.984758748298596 ], [ 23.73124188107894, 37.984505297080759 ], [ 23.731144419456626, 37.984451415430001 ], [ 23.730898105612997, 37.984315241176176 ], [ 23.730708815901917, 37.984211160153521 ], [ 23.730674705597131, 37.984192960813211 ], [ 23.730672168889591, 37.984191607583305 ], [ 23.730119600922507, 37.983896784309721 ], [ 23.730112808012962, 37.983893159977164 ], [ 23.729987600165799, 37.983826354159135 ], [ 23.729979317309155, 37.983821935070033 ], [ 23.729490456036576, 37.983897846542845 ], [ 23.72935016659082, 37.983919630570696 ], [ 23.728781543101928, 37.984008449420465 ], [ 23.728502344595434, 37.984050465886746 ], [ 23.72847592959911, 37.98405444087237 ], [ 23.728295976217552, 37.984081521765646 ], [ 23.728226729073985, 37.984091942887545 ], [ 23.728181394897199, 37.984098765417961 ], [ 23.72815238895199, 37.984103130007952 ], [ 23.728073714662017, 37.984114969506862 ], [ 23.728098239202868, 37.984351145858021 ], [ 23.728099165133155, 37.984360058105956 ], [ 23.728066037130159, 37.984362805252879 ], [ 23.728079935538499, 37.984421091964791 ], [ 23.728125231743075, 37.984611033507129 ], [ 23.728224093980398, 37.985025614384597 ], [ 23.728224504565095, 37.985027294427788 ], [ 23.72836541627024, 37.985589245017536 ], [ 23.728504989958203, 37.986148364066693 ], [ 23.728642834503727, 37.986693959634984 ], [ 23.728784206550657, 37.987248575977304 ], [ 23.728914523556387, 37.987769628910364 ], [ 23.728915021842553, 37.987771622799663 ], [ 23.729020869890782, 37.98821349628188 ], [ 23.729084338543473, 37.98847050865465 ], [ 23.729058460844044, 37.988555872822772 ], [ 23.729058400897717, 37.98855607096732 ], [ 23.729114072749695, 37.988804052502402 ], [ 23.729181133499736, 37.988858284006874 ], [ 23.729343843062129, 37.989516596344572 ], [ 23.729508300099692, 37.9901839252515 ], [ 23.729757338345131, 37.991175910607829 ], [ 23.72984502060153, 37.9915276129341 ], [ 23.730769857661226, 37.991381497426786 ], [ 23.731082094882151, 37.991332165185121 ], [ 23.731131229190503, 37.991534359889002 ], [ 23.731137579696803, 37.991560490922325 ], [ 23.731169750761048, 37.991692879307195 ], [ 23.731338724298265, 37.991677538872239 ], [ 23.731343805249786, 37.991677077303287 ], [ 23.731363419314796, 37.991675296099402 ], [ 23.73189825749515, 37.991595400807611 ], [ 23.732299943771839, 37.991528719377158 ], [ 23.733033883136532, 37.99140420766809 ] ] ] ] } },
{ "type": "Feature", "id": "geitonies0.101", "geometry_name": "the_geom", "properties": { "fid": 101, "gid": 100, "synoikia": "ΑΝΩ ΚΥΨΕΛΗ", "name": "ΑΓΙΑΣ ΖΩΝΗΣ", "dk": "6η ΔΚ", "shape_leng": 2178.9413802650902, "geit_thesm": 1, "name_en": "AGIAS ZONIS", "synoik_en": "ANO KYPSELI", "dk_en": "6th", "shape_area": 287246.16754013591, "id": 99, "geitonia": "ΑΓΙΑΣ ΖΩΝΗΣ" }, "geometry": { "type": "MultiPolygon", "coordinates": [ [ [ [ 23.736975832194027, 38.008213007402901 ], [ 23.737636264994592, 38.008182937740465 ], [ 23.737666521655658, 38.008183005235693 ], [ 23.737680202534484, 38.008182301207093 ], [ 23.738085931441564, 38.008161407986833 ], [ 23.738842861874129, 38.008122533593834 ], [ 23.739627913497735, 38.008083716589802 ], [ 23.740176320917229, 38.008059564677957 ], [ 23.740212505589376, 38.008057970933983 ], [ 23.74046977537192, 38.008045376633376 ], [ 23.741093327320421, 38.008014849250081 ], [ 23.741240017279583, 38.00800615927443 ], [ 23.741210971427162, 38.007762749215786 ], [ 23.741192643272839, 38.007609490933866 ], [ 23.741146726441301, 38.007203812934023 ], [ 23.740878978992914, 38.007221248955098 ], [ 23.740760415224656, 38.006824423517699 ], [ 23.740673652096248, 38.006495264228917 ], [ 23.740652239596205, 38.006409595199273 ], [ 23.740544777087557, 38.005994768326872 ], [ 23.740361478280114, 38.005282350743315 ], [ 23.74018039818608, 38.004547405630888 ], [ 23.740052661911466, 38.004028885896204 ], [ 23.739914396162625, 38.003525131842167 ], [ 23.739910334244268, 38.003510333712029 ], [ 23.739784402874157, 38.003086452279398 ], [ 23.739092163983521, 38.002864104375142 ], [ 23.738413747516354, 38.002659808793823 ], [ 23.738400026484769, 38.002614714135831 ], [ 23.738242264173248, 38.002636895191372 ], [ 23.73782162612347, 38.002712567291489 ], [ 23.737472206476568, 38.002779384051095 ], [ 23.73664299500026, 38.002939760169859 ], [ 23.736641098355289, 38.002940126350019 ], [ 23.736640434987891, 38.002940253747994 ], [ 23.735924914893094, 38.003077849748408 ], [ 23.735418780893159, 38.00317134689621 ], [ 23.734292168038703, 38.003380608436778 ], [ 23.734428099753934, 38.003786492615454 ], [ 23.73455832204392, 38.004194835041702 ], [ 23.734666555193545, 38.004683806886703 ], [ 23.734701906011985, 38.004850623877928 ], [ 23.734772639448305, 38.005175245063377 ], [ 23.734801033970392, 38.005296982208122 ], [ 23.734897734617316, 38.005725309306065 ], [ 23.734952809115654, 38.005950753995954 ], [ 23.735085802697167, 38.00658195116106 ], [ 23.735086950900509, 38.006658562727132 ], [ 23.735090880278698, 38.007050629282091 ], [ 23.73509390205297, 38.007496770685322 ], [ 23.73509614837138, 38.007861794935309 ], [ 23.735098183918126, 38.008285402008809 ], [ 23.736053359345597, 38.008256004767148 ], [ 23.736469565708617, 38.008234406094694 ], [ 23.736975832194027, 38.008213007402901 ] ] ] ] } },
{ "type": "Feature", "id": "geitonies0.58", "geometry_name": "the_geom", "properties": { "fid": 58, "gid": 57, "synoikia": "ΒΟΤΑΝΙΚΟΣ", "name": "ΠΡΟΦΗΤΗΣ ΔΑΝΙΗΛ", "dk": "3η ΔΚ", "shape_leng": 3314.2105157982601, "geit_thesm": 1, "name_en": "PROFITIS DANIIL", "synoik_en": "VOTANIKOS", "dk_en": "3rd", "shape_area": 358345.26744701737, "id": 56, "geitonia": "ΠΡΟΦΗΤΗΣ ΔΑΝΙΗΛ" }, "geometry": { "type": "MultiPolygon", "coordinates": [ [ [ [ 23.717077559057298, 37.986409844580564 ], [ 23.715720163077723, 37.985243914275294 ], [ 23.714892384020132, 37.984552679182684 ], [ 23.714594782910265, 37.98430416265073 ], [ 23.714567349561758, 37.984281253914219 ], [ 23.714542449030418, 37.984257985396013 ], [ 23.714514163924616, 37.984231554160047 ], [ 23.71450262284441, 37.984221270425216 ], [ 23.714463451283077, 37.984186366810498 ], [ 23.714435027126981, 37.984158806808658 ], [ 23.714430835259577, 37.984154742651327 ], [ 23.714404861271976, 37.984131401197359 ], [ 23.713897846985844, 37.983675766340539 ], [ 23.713712365469753, 37.983468019450008 ], [ 23.713526884997609, 37.983260272263827 ], [ 23.711710429232699, 37.981255901051881 ], [ 23.711603036540616, 37.981097805575885 ], [ 23.711515219140011, 37.980940068950346 ], [ 23.711469551523823, 37.980888196111273 ], [ 23.711432084722027, 37.980845637429589 ], [ 23.711425600302949, 37.980838272439158 ], [ 23.70992820511767, 37.979137352199118 ], [ 23.709830648769064, 37.979026532831774 ], [ 23.709694189125315, 37.979064404359882 ], [ 23.709055498959568, 37.979238577168282 ], [ 23.708459524064313, 37.979408345941643 ], [ 23.707850041689277, 37.979573571711597 ], [ 23.707729016279458, 37.979609293665931 ], [ 23.707810952333762, 37.979740212489482 ], [ 23.707860605641621, 37.979871022243621 ], [ 23.707935753901108, 37.980033440276173 ], [ 23.708042643453759, 37.980177911327054 ], [ 23.708280281159599, 37.980642662995628 ], [ 23.708478690902318, 37.981039720525985 ], [ 23.708878238866024, 37.981865386255187 ], [ 23.708935144310246, 37.981979217922252 ], [ 23.708959440091306, 37.982027818565399 ], [ 23.707722070731901, 37.982412303296542 ], [ 23.707738331199199, 37.982529510789526 ], [ 23.707846514333873, 37.983156172787531 ], [ 23.707938083157714, 37.983689413021757 ], [ 23.707966512382491, 37.983854966764255 ], [ 23.707905962791788, 37.984048592720782 ], [ 23.707830108651606, 37.984332309130764 ], [ 23.708139084097134, 37.984919353042955 ], [ 23.708174475292019, 37.984986595592005 ], [ 23.708195309195769, 37.985030450626539 ], [ 23.708197553181108, 37.98503517351859 ], [ 23.708350228219313, 37.985356558303813 ], [ 23.708558296501888, 37.985564369530714 ], [ 23.709057744011407, 37.986058373498743 ], [ 23.709060164675154, 37.986060767890748 ], [ 23.709115533727758, 37.986115532600131 ], [ 23.708966504648576, 37.986215367906993 ], [ 23.708412002813173, 37.98658682820323 ], [ 23.708507864228512, 37.98667439938307 ], [ 23.708580333450882, 37.986740600754558 ], [ 23.708977120708816, 37.987102096988245 ], [ 23.70904211942203, 37.987043674284102 ], [ 23.709618848099549, 37.986716130544949 ], [ 23.710198438218615, 37.986474213053498 ], [ 23.711041020753484, 37.986138304136759 ], [ 23.711135162153923, 37.986088964697956 ], [ 23.711340561136399, 37.985981314748543 ], [ 23.711697037621686, 37.985824464154298 ], [ 23.7119936227908, 37.985694504394445 ], [ 23.712585089828632, 37.985961830133235 ], [ 23.713013536521874, 37.986147639632406 ], [ 23.713332664462449, 37.985711294630718 ], [ 23.713895007418813, 37.985965023535037 ], [ 23.714253008766782, 37.986127689716568 ], [ 23.715076201595238, 37.986495142276269 ], [ 23.715668752205907, 37.986762455124925 ], [ 23.715695673526586, 37.986774662305962 ], [ 23.715708438481151, 37.986780449664337 ], [ 23.71662994061608, 37.987198264662936 ], [ 23.716637694712333, 37.987201780327737 ], [ 23.716687957095896, 37.987224569612437 ], [ 23.717514266309689, 37.987600590111313 ], [ 23.717778145010971, 37.987222632566045 ], [ 23.717878317582642, 37.987135254467383 ], [ 23.717906889304746, 37.987110332166949 ], [ 23.717912466305947, 37.987105467788304 ], [ 23.717951195659609, 37.987071684970552 ], [ 23.717848091823225, 37.987038088358766 ], [ 23.717635367263046, 37.986913532269412 ], [ 23.717585339259639, 37.98688423937832 ], [ 23.717077559057298, 37.986409844580564 ] ] ] ] } },
{ "type": "Feature", "id": "geitonies0.59", "geometry_name": "the_geom", "properties": { "fid": 59, "gid": 58, "synoikia": "ΑΜΠΕΛΟΚΗΠΟΙ", "name": "ΑΜΠΕΛΟΚΗΠΟΙ Ι", "dk": "7η ΔΚ", "shape_leng": 1829.9792020093601, "geit_thesm": 1, "name_en": "AMPELOKIPOI I", "synoik_en": "AMPELOKIPOI", "dk_en": "7th", "shape_area": 195465.01345031115, "id": 57, "geitonia": "ΑΜΠΕΛΟΚΗΠΟΙ Ι" }, "geometry": { "type": "MultiPolygon", "coordinates": [ [ [ [ 23.761404852602553, 37.986413544808975 ], [ 23.761404808415588, 37.98641347532034 ], [ 23.761328317087948, 37.986429016931808 ], [ 23.76130889740514, 37.986432963011929 ], [ 23.761141294592477, 37.986467017653951 ], [ 23.76062801181725, 37.986567469820535 ], [ 23.760434807977735, 37.986605280186332 ], [ 23.760412018043148, 37.98660974019716 ], [ 23.760241100778394, 37.986640936938208 ], [ 23.758542051051421, 37.986966713736493 ], [ 23.757729593029129, 37.987122485122114 ], [ 23.75778155477396, 37.987214515143123 ], [ 23.757818751745294, 37.987280393685886 ], [ 23.757858031399493, 37.987348070962966 ], [ 23.758013044155817, 37.987826071246609 ], [ 23.758151124980607, 37.988258972210602 ], [ 23.758250445749493, 37.988574626240805 ], [ 23.758517718194117, 37.989440409066852 ], [ 23.758621000493186, 37.989742551580875 ], [ 23.7587199824473, 37.989945543810101 ], [ 23.758996392051174, 37.990414778708121 ], [ 23.759314204397693, 37.990848046253198 ], [ 23.759583646981692, 37.991164047018856 ], [ 23.759878476810314, 37.991444047588359 ], [ 23.760262505472607, 37.991764787065023 ], [ 23.760821446415445, 37.992144464592371 ], [ 23.760947313947931, 37.991851802909956 ], [ 23.761170212722146, 37.9913346378992 ], [ 23.761294799434403, 37.991041352214772 ], [ 23.761345953224527, 37.990960340369071 ], [ 23.761386743034659, 37.990892826750404 ], [ 23.761933697994252, 37.990465824662017 ], [ 23.762382212082297, 37.990214371764012 ], [ 23.762724481042692, 37.990021286401095 ], [ 23.764124519788922, 37.989244490571075 ], [ 23.764195119440775, 37.989204605144458 ], [ 23.764259642724383, 37.989168152209515 ], [ 23.76381718494596, 37.988644519124627 ], [ 23.763780688316341, 37.988594875140976 ], [ 23.763216683201481, 37.988134085577997 ], [ 23.762458560659269, 37.987506163611918 ], [ 23.761994678873748, 37.987122179551072 ], [ 23.761478805037548, 37.986530792528107 ], [ 23.761404852602553, 37.986413544808975 ] ] ] ] } },
{ "type": "Feature", "id": "geitonies0.60", "geometry_name": "the_geom", "properties": { "fid": 60, "gid": 59, "synoikia": "ΑΝΩ ΠΑΤΗΣΙΑ", "name": "ΚΛΩΝΑΡΙΔΟΥ", "dk": "5η ΔΚ", "shape_leng": 1724.9863841328699, "geit_thesm": 1, "name_en": "KLONARIDOU", "synoik_en": "ANO PATISIA", "dk_en": "5th", "shape_area": 179312.3572555217, "id": 58, "geitonia": "ΚΛΩΝΑΡΙΔΟΥ" }, "geometry": { "type": "MultiPolygon", "coordinates": [ [ [ [ 23.735381780008993, 38.015744143118518 ], [ 23.734503759571435, 38.015872849817704 ], [ 23.733540212164922, 38.016023888208267 ], [ 23.73256865817358, 38.01602618918588 ], [ 23.731735928628659, 38.01603330530925 ], [ 23.731702464138859, 38.016033228964943 ], [ 23.731398047368849, 38.016041546851611 ], [ 23.731065181904899, 38.016040786087935 ], [ 23.730826301830607, 38.016040239547046 ], [ 23.730691634067778, 38.016066969640207 ], [ 23.729690720857448, 38.016308018944699 ], [ 23.729754115667241, 38.0163982926993 ], [ 23.73015390872002, 38.017079677524691 ], [ 23.730655498917681, 38.017964082194105 ], [ 23.730687226917297, 38.018049776487466 ], [ 23.731201612714081, 38.018943220805021 ], [ 23.731453197291703, 38.019367397266166 ], [ 23.731682254404205, 38.019604673792962 ], [ 23.73190443737094, 38.020008335719552 ], [ 23.731910457523846, 38.020017362244403 ], [ 23.731977739972592, 38.02011665641453 ], [ 23.734150489799056, 38.01964841651796 ], [ 23.734669296792365, 38.019627056262607 ], [ 23.734902151860908, 38.019623075030623 ], [ 23.73554020927849, 38.019606486105054 ], [ 23.735558773433585, 38.019032723328941 ], [ 23.735536665762684, 38.018612034406324 ], [ 23.735514345068182, 38.018187285603908 ], [ 23.735493544148785, 38.017791447852801 ], [ 23.735486167313294, 38.017651069453834 ], [ 23.735445854272971, 38.016883927793039 ], [ 23.735381780008993, 38.015744143118518 ] ] ] ] } },
{ "type": "Feature", "id": "geitonies0.61", "geometry_name": "the_geom", "properties": { "fid": 61, "gid": 60, "synoikia": "ΑΓΙΟΣ ΚΩΝΣΤΑΝΤΙΝΟΣ-ΠΛΑΤΕΙΑ ΒΑΘΗΣ-ΑΓΙΟΣ ΠΑΥΛΟΣ", "name": "ΙΟΥΛΙΑΝΟΥ-ΦΙΛΑΔΕΛΦΕΙΑΣ", "dk": "1η ΔΚ", "shape_leng": 2186.4431533454399, "geit_thesm": 1, "name_en": "IOULIANOU-FILADELFEIAS", "synoik_en": "AGIOS KONSTANTINOS-PLATEIA VATHIS-AGIOS PAVLOS", "dk_en": "1st", "shape_area": 243596.72357383429, "id": 59, "geitonia": "ΙΟΥΛΙΑΝΟΥ-ΦΙΛΑΔΕΛΦΕΙΑΣ" }, "geometry": { "type": "MultiPolygon", "coordinates": [ [ [ [ 23.729343843062129, 37.989516596344572 ], [ 23.729181133499736, 37.988858284006874 ], [ 23.727985800337557, 37.989035782741979 ], [ 23.727288937312785, 37.989146829721442 ], [ 23.726885852808138, 37.989208984408705 ], [ 23.726741095955312, 37.989212748149775 ], [ 23.726726870831989, 37.989213117976057 ], [ 23.726726759219428, 37.989213120420608 ], [ 23.726724604383264, 37.989213175800387 ], [ 23.726587110665232, 37.989216683136831 ], [ 23.726564819742741, 37.989217251404213 ], [ 23.726463075498891, 37.989203295485829 ], [ 23.725796158132024, 37.989111814291519 ], [ 23.725454475621767, 37.989002348480419 ], [ 23.725074955840736, 37.988880759292094 ], [ 23.725073522659457, 37.988880299892259 ], [ 23.725037302468344, 37.988925280362821 ], [ 23.724906911478598, 37.989087205819104 ], [ 23.724159611744003, 37.989212992884106 ], [ 23.723587375885405, 37.989309309135336 ], [ 23.722945377336881, 37.989417363366265 ], [ 23.722866404094475, 37.989430655133269 ], [ 23.722864126163348, 37.989431038219863 ], [ 23.722041399075607, 37.989569506214295 ], [ 23.72204070281602, 37.989569623538522 ], [ 23.721963479587007, 37.989582619607468 ], [ 23.721245032294007, 37.989703529905285 ], [ 23.720404148461697, 37.989845040214327 ], [ 23.720354927934714, 37.989853323175794 ], [ 23.720180322775338, 37.989882706195552 ], [ 23.720295592675264, 37.990360661083308 ], [ 23.720322568377004, 37.990473385770137 ], [ 23.72030855753831, 37.990503331875708 ], [ 23.720274130286988, 37.9905769182838 ], [ 23.720302027015116, 37.990703229318498 ], [ 23.720325911209084, 37.990811375332882 ], [ 23.720407148595026, 37.990973799633068 ], [ 23.720452681969135, 37.991073049126072 ], [ 23.72067412924714, 37.991519710904804 ], [ 23.720823664485629, 37.991742964311271 ], [ 23.720991567839334, 37.991993638498883 ], [ 23.721037797337548, 37.992097395822007 ], [ 23.721023524578928, 37.992201009640375 ], [ 23.721034060680694, 37.992278158409007 ], [ 23.721034675771353, 37.992278130125456 ], [ 23.721218338770559, 37.992269587889957 ], [ 23.721321165019233, 37.992264805098948 ], [ 23.721345508979336, 37.992263673079385 ], [ 23.7214437334145, 37.992259104600052 ], [ 23.721556237075205, 37.992253871347465 ], [ 23.721874320189791, 37.992239075861285 ], [ 23.722298625898762, 37.992217546301553 ], [ 23.723105258563663, 37.992169877352552 ], [ 23.723333943922409, 37.992116338435387 ], [ 23.724330195745488, 37.992087132629862 ], [ 23.725073427051726, 37.992052820829443 ], [ 23.726044476901908, 37.9920055159076 ], [ 23.726943262875853, 37.991962541650402 ], [ 23.726943306155263, 37.991962540849592 ], [ 23.726943950804372, 37.991962525221737 ], [ 23.726946355144349, 37.991962465910866 ], [ 23.72695064787456, 37.991962360511806 ], [ 23.727111259044129, 37.991958425110042 ], [ 23.72791106892285, 37.99182959177903 ], [ 23.728644985342079, 37.991714120268128 ], [ 23.729059470511725, 37.991651985859079 ], [ 23.72984502060153, 37.9915276129341 ], [ 23.729757338345131, 37.991175910607829 ], [ 23.729508300099692, 37.9901839252515 ], [ 23.729343843062129, 37.989516596344572 ] ] ] ] } },
{ "type": "Feature", "id": "geitonies0.62", "geometry_name": "the_geom", "properties": { "fid": 62, "gid": 61, "synoikia": "ΑΜΠΕΛΟΚΗΠΟΙ", "name": "ΚΑΤΩ ΕΡΥΘΡΟΣ", "dk": "7η ΔΚ", "shape_leng": 2373.3547750170401, "geit_thesm": 1, "name_en": "KATO ERYTHROS", "synoik_en": "AMPELOKIPOI", "dk_en": "7th", "shape_area": 223036.90313665115, "id": 60, "geitonia": "ΚΑΤΩ ΕΡΥΘΡΟΣ" }, "geometry": { "type": "MultiPolygon", "coordinates": [ [ [ [ 23.763969921665836, 37.986179809704787 ], [ 23.763910844396253, 37.985958876133708 ], [ 23.763844588612155, 37.98596324956295 ], [ 23.763588963314088, 37.985980122783182 ], [ 23.763447057162722, 37.98598948936074 ], [ 23.762953086137831, 37.98611016851013 ], [ 23.761407679935321, 37.986412912433643 ], [ 23.761404808415588, 37.98641347532034 ], [ 23.761404852602553, 37.986413544808975 ], [ 23.761478805037548, 37.986530792528107 ], [ 23.761994678873748, 37.987122179551072 ], [ 23.762458560659269, 37.987506163611918 ], [ 23.763216683201481, 37.988134085577997 ], [ 23.763780688316341, 37.988594875140976 ], [ 23.76381718494596, 37.988644519124627 ], [ 23.764259642724383, 37.989168152209515 ], [ 23.76479927229186, 37.989800132161427 ], [ 23.765392078198751, 37.990499812040582 ], [ 23.765999712598969, 37.991240076189015 ], [ 23.76610156514456, 37.991443067894394 ], [ 23.766336714510103, 37.991921216284396 ], [ 23.766500462399623, 37.992246004022718 ], [ 23.766867226019922, 37.992972265809215 ], [ 23.767151586096325, 37.992860168492328 ], [ 23.767349534410524, 37.992838028075191 ], [ 23.767382319354187, 37.992824573646537 ], [ 23.768047767285534, 37.992510438128917 ], [ 23.76812607781816, 37.992506086109124 ], [ 23.768365590668761, 37.992393897425018 ], [ 23.768383513922718, 37.992353374901427 ], [ 23.768006688894136, 37.991766797075968 ], [ 23.768336326006988, 37.99162774760827 ], [ 23.768474782760904, 37.991184208557165 ], [ 23.769033410817823, 37.990980193263781 ], [ 23.768815085946859, 37.990466031832369 ], [ 23.770009766733558, 37.990017731263812 ], [ 23.770067755679488, 37.989969930508693 ], [ 23.770124300224417, 37.989923320203388 ], [ 23.769638227137882, 37.989561855136714 ], [ 23.769237286891663, 37.989290683630337 ], [ 23.768302534126509, 37.988793139105603 ], [ 23.767338726338558, 37.988259478240224 ], [ 23.767107366522794, 37.98815987898351 ], [ 23.766737873709783, 37.987965370443476 ], [ 23.76658910716872, 37.987856921069678 ], [ 23.766402048902151, 37.98770333119009 ], [ 23.76604940238251, 37.987360141809738 ], [ 23.765779076503307, 37.987093724583289 ], [ 23.765382093346336, 37.986818041307743 ], [ 23.765259564584845, 37.986741187566381 ], [ 23.765193858321872, 37.986700498566613 ], [ 23.763969921665836, 37.986179809704787 ] ] ] ] } },
{ "type": "Feature", "id": "geitonies0.63", "geometry_name": "the_geom", "properties": { "fid": 63, "gid": 62, "synoikia": "ΑΜΠΕΛΟΚΗΠΟΙ", "name": "ΑΜΠΕΛΟΚΗΠΟΙ ΙΙ", "dk": "7η ΔΚ", "shape_leng": 1513.8451869712401, "geit_thesm": 1, "name_en": "AMPELOKIPOI II", "synoik_en": "AMPELOKIPOI", "dk_en": "7th", "shape_area": 147844.35567553854, "id": 61, "geitonia": "ΑΜΠΕΛΟΚΗΠΟΙ ΙΙ" }, "geometry": { "type": "MultiPolygon", "coordinates": [ [ [ [ 23.76479927229186, 37.989800132161427 ], [ 23.764259642724383, 37.989168152209515 ], [ 23.764195119440775, 37.989204605144458 ], [ 23.764124519788922, 37.989244490571075 ], [ 23.762724481042692, 37.990021286401095 ], [ 23.762382212082297, 37.990214371764012 ], [ 23.761933697994252, 37.990465824662017 ], [ 23.761386743034659, 37.990892826750404 ], [ 23.761345953224527, 37.990960340369071 ], [ 23.761294799434403, 37.991041352214772 ], [ 23.761170212722146, 37.9913346378992 ], [ 23.760947313947931, 37.991851802909956 ], [ 23.760821446415445, 37.992144464592371 ], [ 23.761293904701887, 37.992415809797727 ], [ 23.76180241311593, 37.992655681143873 ], [ 23.762138296079165, 37.992791553576772 ], [ 23.762950744072359, 37.993032034207523 ], [ 23.763627578821403, 37.993168589034575 ], [ 23.764375702546385, 37.993281381630986 ], [ 23.765138445146608, 37.993244432187964 ], [ 23.765276141000232, 37.993235417513709 ], [ 23.765662805546771, 37.993210101723193 ], [ 23.766017374260038, 37.993186886604349 ], [ 23.766307928121648, 37.993142400008992 ], [ 23.766721692761195, 37.993075625006725 ], [ 23.766793170756866, 37.993024861284944 ], [ 23.76679491601427, 37.993023621873604 ], [ 23.766867226019922, 37.992972265809215 ], [ 23.766500462399623, 37.992246004022718 ], [ 23.766336714510103, 37.991921216284396 ], [ 23.76610156514456, 37.991443067894394 ], [ 23.765999712598969, 37.991240076189015 ], [ 23.765392078198751, 37.990499812040582 ], [ 23.76479927229186, 37.989800132161427 ] ] ] ] } },
{ "type": "Feature", "id": "geitonies0.102", "geometry_name": "the_geom", "properties": { "fid": 102, "gid": 101, "synoikia": "ΠΛΑΤΕΙΑ ΑΜΕΡΙΚΗΣ", "name": "ΚΟΛΙΑΤΣΟΥ I", "dk": "6η ΔΚ", "shape_leng": 1963.04735669772, "geit_thesm": 1, "name_en": "KOLIATSOU I", "synoik_en": "PLATEIA AMERIKIS", "dk_en": "6th", "shape_area": 174877.25993537455, "id": 100, "geitonia": "ΚΟΛΙΑΤΣΟΥ I" }, "geometry": { "type": "MultiPolygon", "coordinates": [ [ [ [ 23.735098183918126, 38.008285402008809 ], [ 23.73509614837138, 38.007861794935309 ], [ 23.73509390205297, 38.007496770685322 ], [ 23.735090880278698, 38.007050629282091 ], [ 23.735086950900509, 38.006658562727132 ], [ 23.735085802697167, 38.00658195116106 ], [ 23.734952809115654, 38.005950753995954 ], [ 23.734897734617316, 38.005725309306065 ], [ 23.734801033970392, 38.005296982208122 ], [ 23.734772639448305, 38.005175245063377 ], [ 23.734701906011985, 38.004850623877928 ], [ 23.734666555193545, 38.004683806886703 ], [ 23.73455832204392, 38.004194835041702 ], [ 23.734428099753934, 38.003786492615454 ], [ 23.734292168038703, 38.003380608436778 ], [ 23.732657124965101, 38.00372389691632 ], [ 23.732336205501593, 38.003781750347613 ], [ 23.731806974345396, 38.003861660121203 ], [ 23.731763159542478, 38.003870573023967 ], [ 23.731546985646801, 38.003901624675201 ], [ 23.731255443729818, 38.003711689525666 ], [ 23.730011622532526, 38.003943174186865 ], [ 23.730106508812909, 38.004301858124315 ], [ 23.730150306369588, 38.004466236263198 ], [ 23.730218046387428, 38.004727763549035 ], [ 23.730257351560184, 38.004881071696644 ], [ 23.730287534196229, 38.004998307615864 ], [ 23.730354564412959, 38.005259833172929 ], [ 23.730816498585256, 38.005188788782881 ], [ 23.730905486772205, 38.005188992426802 ], [ 23.731091087287272, 38.00592846835427 ], [ 23.731289565401415, 38.006749088707529 ], [ 23.731833477317604, 38.006651189168053 ], [ 23.731981348859563, 38.006610968558817 ], [ 23.731848905766149, 38.007106371765197 ], [ 23.731825083995531, 38.007196445644773 ], [ 23.731769494162517, 38.007408120129448 ], [ 23.731640066126698, 38.007759324807047 ], [ 23.731618834774661, 38.007822366089094 ], [ 23.731666641184173, 38.007837801473926 ], [ 23.731672929585891, 38.007839831989138 ], [ 23.732434113274149, 38.008085595505399 ], [ 23.732710601889117, 38.008113262679942 ], [ 23.73298040848988, 38.00811838198738 ], [ 23.733535623322492, 38.008054246969351 ], [ 23.733536726434586, 38.008054119684139 ], [ 23.733592576065366, 38.008047667755363 ], [ 23.733702366300975, 38.008399416326839 ], [ 23.733824519343678, 38.008778231210535 ], [ 23.733808945624048, 38.008836133056384 ], [ 23.73380756006754, 38.008841282547991 ], [ 23.734411690211839, 38.008829129190737 ], [ 23.735096642242304, 38.008812648399271 ], [ 23.735095756253997, 38.008366511907191 ], [ 23.735096970656336, 38.008325956959446 ], [ 23.735098183918126, 38.008285402008809 ] ] ] ] } },
{ "type": "Feature", "id": "geitonies0.64", "geometry_name": "the_geom", "properties": { "fid": 64, "gid": 63, "synoikia": "ΓΚΥΖΗ", "name": "ΠΕΔΙΟ ΑΡΕΩΣ Ι", "dk": "7η ΔΚ", "shape_leng": 2227.13404229137, "geit_thesm": 1, "name_en": "PEDIO AREOS I", "synoik_en": "GKYZI", "dk_en": "7th", "shape_area": 272208.47306603531, "id": 62, "geitonia": "ΠΕΔΙΟ ΑΡΕΩΣ Ι" }, "geometry": { "type": "MultiPolygon", "coordinates": [ [ [ [ 23.747152317860039, 37.992542535601984 ], [ 23.747490307078351, 37.992382479738637 ], [ 23.74749624748252, 37.992385438790457 ], [ 23.747505548619742, 37.992390072432819 ], [ 23.747573751314324, 37.992424048536478 ], [ 23.747579862262857, 37.99242709267083 ], [ 23.747871886588538, 37.992572568044011 ], [ 23.747963637162609, 37.992607762459727 ], [ 23.747964030691747, 37.99260791381748 ], [ 23.748036038845029, 37.992635534738071 ], [ 23.748067009389484, 37.992651775529616 ], [ 23.748085316839092, 37.99266137556689 ], [ 23.748363146376459, 37.992807066266572 ], [ 23.748487310014248, 37.992872175647982 ], [ 23.748634776719062, 37.992949503843526 ], [ 23.74880495516674, 37.992894219399453 ], [ 23.748900157308228, 37.992755024612848 ], [ 23.748883941542978, 37.992700739877698 ], [ 23.748867831637199, 37.992646812274529 ], [ 23.748752004764945, 37.992259070248743 ], [ 23.748597084769603, 37.991740451911305 ], [ 23.74843525458941, 37.99119869608846 ], [ 23.748269592908557, 37.990644101105694 ], [ 23.748117389763898, 37.99013455924942 ], [ 23.747989613391702, 37.989706783590485 ], [ 23.747826622254355, 37.989161108183495 ], [ 23.747799526507375, 37.9890689621934 ], [ 23.747774909621096, 37.988985246723857 ], [ 23.747425290652995, 37.989044468916809 ], [ 23.746829148387665, 37.989145446209925 ], [ 23.746469902273006, 37.989206438394973 ], [ 23.746097565233512, 37.989269651732748 ], [ 23.746095253230383, 37.989270044208752 ], [ 23.74568681485572, 37.989341264639208 ], [ 23.74566200596875, 37.989345504719346 ], [ 23.744787996839428, 37.989494875161533 ], [ 23.742510118293598, 37.989884137236864 ], [ 23.742506355557286, 37.98988480856859 ], [ 23.742320052163311, 37.989918048244732 ], [ 23.741945346995266, 37.989984899745245 ], [ 23.741926331565562, 37.98998829192081 ], [ 23.741786515046396, 37.990013237268734 ], [ 23.740924438437627, 37.99015104077241 ], [ 23.740763485370366, 37.990177724692082 ], [ 23.740631292483556, 37.990197835653603 ], [ 23.740472719262545, 37.990221960267533 ], [ 23.740471504621919, 37.990222145054751 ], [ 23.740467238184475, 37.990222902634358 ], [ 23.74019943352387, 37.990270476081633 ], [ 23.740195878155259, 37.990271107239522 ], [ 23.740128449097671, 37.990283109404814 ], [ 23.73997081826138, 37.990311167728507 ], [ 23.739752891670125, 37.990346737145693 ], [ 23.739757964942267, 37.990522498884957 ], [ 23.739856307089958, 37.990892243132947 ], [ 23.739868604474569, 37.990937334561075 ], [ 23.739875982001426, 37.990964389415161 ], [ 23.73991182081814, 37.991095154934833 ], [ 23.740035114963995, 37.991555082623897 ], [ 23.740169670798483, 37.992051086405802 ], [ 23.740259194434898, 37.99238912519121 ], [ 23.740259231521271, 37.992389265873477 ], [ 23.740259335010592, 37.992389307561083 ], [ 23.740531463215113, 37.992498020850071 ], [ 23.740866412008501, 37.992584381276579 ], [ 23.741078688968564, 37.992638925820039 ], [ 23.741079892439014, 37.992672387750225 ], [ 23.741080959038253, 37.992702020722952 ], [ 23.742190680002121, 37.99315330603546 ], [ 23.742819352724208, 37.993408958063263 ], [ 23.742946318749624, 37.993431938961571 ], [ 23.743425082053843, 37.993368829985876 ], [ 23.744024662763753, 37.9932897922845 ], [ 23.74429280802774, 37.993245311322852 ], [ 23.744784581202623, 37.993165263820501 ], [ 23.745408808434206, 37.993067475344958 ], [ 23.746026983256954, 37.992969670484001 ], [ 23.746620940185966, 37.992876316624503 ], [ 23.746652924120912, 37.992786257076141 ], [ 23.747111376370526, 37.992561922539025 ], [ 23.747146987289781, 37.992545059456113 ], [ 23.747152317860039, 37.992542535601984 ] ] ] ] } },
{ "type": "Feature", "id": "geitonies0.65", "geometry_name": "the_geom", "properties": { "fid": 65, "gid": 64, "synoikia": "ΚΟΛΩΝΟΣ", "name": "ΚΟΛΩΝΟΣ", "dk": "4η ΔΚ", "shape_leng": 2436.7596655395801, "geit_thesm": 1, "name_en": "KOLONOS", "synoik_en": "KOLONOS", "dk_en": "4th", "shape_area": 337249.73738633282, "id": 63, "geitonia": "ΚΟΛΩΝΟΣ" }, "geometry": { "type": "MultiPolygon", "coordinates": [ [ [ [ 23.718355157815829, 37.987701747877935 ], [ 23.717952151225838, 37.987371813293308 ], [ 23.717904265130993, 37.987331140646205 ], [ 23.717876277192865, 37.987306778488829 ], [ 23.717847159951535, 37.987281433017984 ], [ 23.717778145010971, 37.987222632566045 ], [ 23.717514266309689, 37.987600590111313 ], [ 23.716687957095896, 37.987224569612437 ], [ 23.716637694712333, 37.987201780327737 ], [ 23.71662994061608, 37.987198264662936 ], [ 23.715708438481151, 37.986780449664337 ], [ 23.715695673526586, 37.986774662305962 ], [ 23.715668752205907, 37.986762455124925 ], [ 23.715364953655282, 37.98719433707263 ], [ 23.715108387400473, 37.987558736254428 ], [ 23.71487257992878, 37.987891640209781 ], [ 23.71481000694526, 37.987968097707139 ], [ 23.714446521652672, 37.988462922365699 ], [ 23.714300201921318, 37.988660849652526 ], [ 23.714145287988401, 37.98887227513076 ], [ 23.714011135190177, 37.989052205920906 ], [ 23.713928254753778, 37.98916342386218 ], [ 23.713776421162986, 37.989376097393311 ], [ 23.713509873695841, 37.989740468639688 ], [ 23.713437192911474, 37.989852952130285 ], [ 23.713268218737138, 37.990109406359842 ], [ 23.713063969935948, 37.99040926485609 ], [ 23.712856247454848, 37.990712261783926 ], [ 23.712530531807502, 37.991189146764775 ], [ 23.712288207046125, 37.99154456146772 ], [ 23.712104000204828, 37.991821275394415 ], [ 23.712078845628795, 37.991859061439712 ], [ 23.712075560111938, 37.991863996939685 ], [ 23.712563863510816, 37.992072058437856 ], [ 23.712596785469323, 37.992086086254936 ], [ 23.713118709349441, 37.992312681380163 ], [ 23.71394756217488, 37.992679742567098 ], [ 23.714043208698815, 37.992721956040938 ], [ 23.714430063896145, 37.992892694192584 ], [ 23.714965843586981, 37.993128327585787 ], [ 23.715368036506412, 37.993305051893017 ], [ 23.715816766205997, 37.993504419364569 ], [ 23.716640024197201, 37.993857906238894 ], [ 23.716749911810062, 37.994065466177389 ], [ 23.716834078650223, 37.994205367810963 ], [ 23.717568357605174, 37.994098979235766 ], [ 23.718035333948407, 37.994032967509909 ], [ 23.718602812210939, 37.993952746836761 ], [ 23.719147758246788, 37.993875040083658 ], [ 23.719908254338382, 37.993766593182343 ], [ 23.719832849933081, 37.993473496347967 ], [ 23.719746551119954, 37.993144322137667 ], [ 23.719616722709951, 37.992657319394603 ], [ 23.719258607542688, 37.991372135372941 ], [ 23.719146947747216, 37.990975303760919 ], [ 23.719051148584576, 37.990619067695881 ], [ 23.719035697152105, 37.990564953730917 ], [ 23.718922685007527, 37.990150092937633 ], [ 23.718860988062701, 37.989936103153291 ], [ 23.718690631245021, 37.989315850100645 ], [ 23.718434499449703, 37.988265240752135 ], [ 23.718209675411547, 37.988242170248647 ], [ 23.71832279507332, 37.987821967557871 ], [ 23.718355157815829, 37.987701747877935 ] ] ] ] } },
{ "type": "Feature", "id": "geitonies0.66", "geometry_name": "the_geom", "properties": { "fid": 66, "gid": 65, "synoikia": "ΓΚΥΖΗ", "name": "ΓΚΥΖΗ", "dk": "7η ΔΚ", "shape_leng": 2037.9722371942401, "geit_thesm": 1, "name_en": "GKYZI", "synoik_en": "GKYZI", "dk_en": "7th", "shape_area": 228255.7486700578, "id": 64, "geitonia": "ΓΚΥΖΗ" }, "geometry": { "type": "MultiPolygon", "coordinates": [ [ [ [ 23.751710339583855, 37.988232217603638 ], [ 23.751710250239167, 37.988232033552855 ], [ 23.751649478430462, 37.98824349939018 ], [ 23.750505559685166, 37.988459312187324 ], [ 23.749545840957882, 37.988641084314473 ], [ 23.749540873716775, 37.988642025494954 ], [ 23.749524387529956, 37.988645298106171 ], [ 23.749185111592695, 37.988712642003669 ], [ 23.749084936174821, 37.988732526111015 ], [ 23.74889252460488, 37.988770717546409 ], [ 23.74864238983761, 37.988820365941685 ], [ 23.748514607914373, 37.9888457109369 ], [ 23.748472754645832, 37.988854012410037 ], [ 23.7482007087448, 37.988907970721321 ], [ 23.748077819879157, 37.988932344216273 ], [ 23.747774909621096, 37.988985246723857 ], [ 23.747799526507375, 37.9890689621934 ], [ 23.747826622254355, 37.989161108183495 ], [ 23.747989613391702, 37.989706783590485 ], [ 23.748117389763898, 37.99013455924942 ], [ 23.748269592908557, 37.990644101105694 ], [ 23.74843525458941, 37.99119869608846 ], [ 23.748597084769603, 37.991740451911305 ], [ 23.748752004764945, 37.992259070248743 ], [ 23.748867831637199, 37.992646812274529 ], [ 23.748883941542978, 37.992700739877698 ], [ 23.748900157308228, 37.992755024612848 ], [ 23.74880495516674, 37.992894219399453 ], [ 23.748634776719062, 37.992949503843526 ], [ 23.749098134649611, 37.993190312338115 ], [ 23.749551651470973, 37.993426003987942 ], [ 23.749784236873012, 37.993546876347324 ], [ 23.749935065897336, 37.993604436782206 ], [ 23.750112959444976, 37.993711704479097 ], [ 23.750257563688464, 37.99379889812225 ], [ 23.750386276692122, 37.993835222722467 ], [ 23.750918695773407, 37.993989388602259 ], [ 23.751217205283073, 37.994075823542111 ], [ 23.751468323745613, 37.994112061509277 ], [ 23.751883189629002, 37.994171929157964 ], [ 23.752075143734839, 37.994199628420603 ], [ 23.752302780293991, 37.994232476750589 ], [ 23.752684790542503, 37.994287599217259 ], [ 23.752966376994067, 37.994328230520708 ], [ 23.753049647714054, 37.99434024645651 ], [ 23.753261517987752, 37.994370817432433 ], [ 23.753668267020711, 37.994429506311953 ], [ 23.753928634937274, 37.993599340207709 ], [ 23.753630951729217, 37.993431979428351 ], [ 23.753744975027406, 37.993353942552865 ], [ 23.753676930148625, 37.993299588711153 ], [ 23.753433655785173, 37.992832211806579 ], [ 23.753176764232578, 37.992296362236836 ], [ 23.753061490862702, 37.992055911702394 ], [ 23.752989452069198, 37.991912043387813 ], [ 23.752775497164858, 37.991484348871722 ], [ 23.752521620207393, 37.990977724652033 ], [ 23.752365891235851, 37.99042941569779 ], [ 23.752216370539788, 37.989902955900156 ], [ 23.752077496723803, 37.989413981124216 ], [ 23.751947499034191, 37.988956250789229 ], [ 23.751786621725135, 37.988389782655439 ], [ 23.751750877609723, 37.988315952349581 ], [ 23.751710339583855, 37.988232217603638 ] ] ] ] } },
{ "type": "Feature", "id": "geitonies0.67", "geometry_name": "the_geom", "properties": { "fid": 67, "gid": 66, "synoikia": "ΚΟΥΝΤΟΥΡΙΩΤΙΚΑ", "name": "ΑΒΕΡΩΦ Ι", "dk": "7η ΔΚ", "shape_leng": 2180.2465837595701, "geit_thesm": 1, "name_en": "AVEROF I", "synoik_en": "KOUNTOURIOTIKA", "dk_en": "7th", "shape_area": 229029.89033323785, "id": 65, "geitonia": "ΑΒΕΡΩΦ Ι" }, "geometry": { "type": "MultiPolygon", "coordinates": [ [ [ [ 23.755611170669344, 37.987532694125576 ], [ 23.755610832904342, 37.987531527160513 ], [ 23.755345186978836, 37.987577205467517 ], [ 23.755341360706531, 37.987577876176942 ], [ 23.754393808241232, 37.987743929914878 ], [ 23.753413809982074, 37.987915660899546 ], [ 23.753401815769131, 37.987917839397312 ], [ 23.752828303291949, 37.988022014828879 ], [ 23.752827152408234, 37.988022224212521 ], [ 23.752825194768626, 37.988022579711632 ], [ 23.752812764976014, 37.988024914958864 ], [ 23.752308194290425, 37.988119705223085 ], [ 23.751797388017998, 37.988215664450742 ], [ 23.751710250239167, 37.988232033552855 ], [ 23.751710339583855, 37.988232217603638 ], [ 23.751750877609723, 37.988315952349581 ], [ 23.751786621725135, 37.988389782655439 ], [ 23.751947499034191, 37.988956250789229 ], [ 23.752077496723803, 37.989413981124216 ], [ 23.752216370539788, 37.989902955900156 ], [ 23.752365891235851, 37.99042941569779 ], [ 23.752521620207393, 37.990977724652033 ], [ 23.752775497164858, 37.991484348871722 ], [ 23.752989452069198, 37.991912043387813 ], [ 23.753061490862702, 37.992055911702394 ], [ 23.753176764232578, 37.992296362236836 ], [ 23.753433655785173, 37.992832211806579 ], [ 23.753676930148625, 37.993299588711153 ], [ 23.753744975027406, 37.993353942552865 ], [ 23.753630951729217, 37.993431979428351 ], [ 23.753928634937274, 37.993599340207709 ], [ 23.753668267020711, 37.994429506311953 ], [ 23.754127352310789, 37.994497395357278 ], [ 23.754499235690673, 37.994565249342834 ], [ 23.754601452117004, 37.994511043103344 ], [ 23.75480752337112, 37.994403318747288 ], [ 23.754929451512986, 37.99434048295516 ], [ 23.755448926281332, 37.994062166024605 ], [ 23.756098139235444, 37.993725532394109 ], [ 23.756522759140477, 37.993501091017158 ], [ 23.7568871391118, 37.993303562135218 ], [ 23.757033764114983, 37.993223984257895 ], [ 23.757359903343243, 37.993047672253844 ], [ 23.757264331467933, 37.992889750255195 ], [ 23.757123755273842, 37.992673151752861 ], [ 23.757009885807733, 37.992560255987399 ], [ 23.756720043813317, 37.992280258605959 ], [ 23.756341722194698, 37.991959519430871 ], [ 23.756059239942953, 37.991715587035465 ], [ 23.756025980454723, 37.991656934542398 ], [ 23.756725762403203, 37.991518684818914 ], [ 23.756692783372173, 37.991482565212308 ], [ 23.756605550657003, 37.991171441465944 ], [ 23.756521121064953, 37.990873842715381 ], [ 23.756528788814354, 37.990815275068151 ], [ 23.756534630746454, 37.990770222914477 ], [ 23.756410761410255, 37.990346362526743 ], [ 23.756258527705807, 37.989782744022051 ], [ 23.756098141560205, 37.989210095513243 ], [ 23.756045416680657, 37.989011703435693 ], [ 23.75599368565106, 37.988835845520192 ], [ 23.755935222555316, 37.988650960756146 ], [ 23.755828927446963, 37.988294732472809 ], [ 23.755656909323921, 37.987690514090694 ], [ 23.755632364632852, 37.987605822489662 ], [ 23.755611170669344, 37.987532694125576 ] ] ] ] } },
{ "type": "Feature", "id": "geitonies0.68", "geometry_name": "the_geom", "properties": { "fid": 68, "gid": 67, "synoikia": "ΕΛΛΗΝΟΡΩΣΩΝ-ΕΡΥΘΡΟΣ", "name": "ΕΡΥΘΡΟΣ ΙΙ", "dk": "7η ΔΚ", "shape_leng": 2069.8063246227198, "geit_thesm": 1, "name_en": "ERYTHROS II", "synoik_en": "ELLINOROSON-ERYTHROS", "dk_en": "7th", "shape_area": 182518.19051571377, "id": 66, "geitonia": "ΕΡΥΘΡΟΣ ΙΙ" }, "geometry": { "type": "MultiPolygon", "coordinates": [ [ [ [ 23.773823588917001, 37.994594641352073 ], [ 23.774247381921324, 37.994275499477645 ], [ 23.775075669617948, 37.993659706298764 ], [ 23.775507679214385, 37.993327056258771 ], [ 23.775578721736768, 37.993255089043579 ], [ 23.775712608753899, 37.993115645273328 ], [ 23.77573355682874, 37.993095184591205 ], [ 23.775758655896489, 37.993070668826931 ], [ 23.775911458921559, 37.992913235188588 ], [ 23.775734252211553, 37.992786717558509 ], [ 23.775685439273222, 37.992804650175891 ], [ 23.77530607288681, 37.992565085571322 ], [ 23.774559047870127, 37.992216661435521 ], [ 23.773896713521687, 37.991990068850995 ], [ 23.773563466678414, 37.991917324980875 ], [ 23.773485582815681, 37.991899149318812 ], [ 23.771323245889295, 37.990962135215092 ], [ 23.771280281159289, 37.990930506697723 ], [ 23.770124300224417, 37.989923320203388 ], [ 23.770067755679488, 37.989969930508693 ], [ 23.770009766733558, 37.990017731263812 ], [ 23.768815085946859, 37.990466031832369 ], [ 23.769033410817823, 37.990980193263781 ], [ 23.768474782760904, 37.991184208557165 ], [ 23.768336326006988, 37.99162774760827 ], [ 23.768006688894136, 37.991766797075968 ], [ 23.768383513922718, 37.992353374901427 ], [ 23.76887218322404, 37.993138453947665 ], [ 23.76916926116925, 37.993283242898642 ], [ 23.769454006121919, 37.992819639707513 ], [ 23.76949422271559, 37.992819718528231 ], [ 23.770078656974821, 37.992802836715668 ], [ 23.770158020757354, 37.992802991826466 ], [ 23.770679817424313, 37.992785984610236 ], [ 23.770710752708883, 37.992795057767616 ], [ 23.770940626460831, 37.993264173754248 ], [ 23.771032613196457, 37.993440103384465 ], [ 23.771211961866072, 37.993791953419041 ], [ 23.771243810826721, 37.993850598870182 ], [ 23.771455721464299, 37.994261095336235 ], [ 23.771720343361714, 37.994775341434185 ], [ 23.772104690537766, 37.994555272043506 ], [ 23.77211253545433, 37.994561830569388 ], [ 23.772942111958947, 37.995255387146031 ], [ 23.773383023719116, 37.994927268631841 ], [ 23.773823588917001, 37.994594641352073 ] ] ] ] } },
{ "type": "Feature", "id": "geitonies0.69", "geometry_name": "the_geom", "properties": { "fid": 69, "gid": 84, "synoikia": "ΚΥΨΕΛΗ", "name": "ΑΓΙΟΣ ΓΕΩΡΓΙΟΣ ΚΥΨΕΛΗΣ", "dk": "6η ΔΚ", "shape_leng": 1790.4228995403901, "geit_thesm": 1, "name_en": "AGIOS GEORGIOS KYPSELIS", "synoik_en": "KYPSELI", "dk_en": "6th", "shape_area": 181835.2063639726, "id": 83, "geitonia": "ΑΓΙΟΣ ΓΕΩΡΓΙΟΣ ΚΥΨΕΛΗΣ" }, "geometry": { "type": "MultiPolygon", "coordinates": [ [ [ [ 23.733910314954954, 37.995327147343545 ], [ 23.7339100593544, 37.995326966508557 ], [ 23.73358109803781, 37.995380111395107 ], [ 23.733490486096628, 37.995438489561288 ], [ 23.733230528050736, 37.99547845800884 ], [ 23.73233459284998, 37.995607108672367 ], [ 23.732239572784398, 37.995615785361736 ], [ 23.732223251336876, 37.995617275880335 ], [ 23.732141982464423, 37.995624695862418 ], [ 23.732142071120041, 37.995625058380369 ], [ 23.732143314527388, 37.995630147156291 ], [ 23.732226850401847, 37.995971883342513 ], [ 23.732322281788658, 37.996350639710876 ], [ 23.732426480407117, 37.996765467267643 ], [ 23.732746801236566, 37.998041511690246 ], [ 23.732882564570883, 37.998587096531182 ], [ 23.733022873512141, 37.999155223566547 ], [ 23.733222423721305, 37.999975844046233 ], [ 23.733358918006051, 38.000124865281862 ], [ 23.733703230508926, 38.000089594044823 ], [ 23.734626186123435, 37.999983526178426 ], [ 23.735868827355361, 37.99984241372713 ], [ 23.735871123339468, 37.999842149399669 ], [ 23.735871381994773, 37.999842119336911 ], [ 23.736804670011789, 37.999731555655039 ], [ 23.737550657898069, 37.999643094333919 ], [ 23.73865020563931, 37.999519363122886 ], [ 23.738790387497964, 37.999434052625631 ], [ 23.738781446625016, 37.999423766250544 ], [ 23.73867266695196, 37.999298618454596 ], [ 23.738570609702208, 37.999181204990123 ], [ 23.738446028652053, 37.99898264567566 ], [ 23.738423870393639, 37.998946656822554 ], [ 23.738240423190692, 37.998648713417893 ], [ 23.738048151063932, 37.998368887487487 ], [ 23.737969872076757, 37.998273776427318 ], [ 23.737802913257728, 37.998070917498794 ], [ 23.737539835458858, 37.997885567616684 ], [ 23.737210008564531, 37.997655003846582 ], [ 23.736965378121614, 37.99748771955732 ], [ 23.736799940101601, 37.997370182595091 ], [ 23.736214222279781, 37.996956089749432 ], [ 23.735709576778401, 37.996599308540176 ], [ 23.735321698910187, 37.996325064362651 ], [ 23.734910657991868, 37.9960344651751 ], [ 23.734798443781642, 37.995955111042264 ], [ 23.733999696902931, 37.995390367285317 ], [ 23.73396052288113, 37.995362668755703 ], [ 23.733910314954954, 37.995327147343545 ] ] ] ] } },
{ "type": "Feature", "id": "geitonies0.70", "geometry_name": "the_geom", "properties": { "fid": 70, "gid": 68, "synoikia": "ΠΕΔΙΟ ΑΡΕΩΣ-ΕΥΕΛΠΙΔΩΝ", "name": "ΠΕΔΙΟ ΑΡΕΩΣ-ΣΧΟΛΗ ΕΥΕΛΠΙΔΩΝ", "dk": "1η ΔΚ", "shape_leng": 2393.0097258661199, "geit_thesm": 1, "name_en": "PEDIO AREOS-SCHOLI EVELPIDON", "synoik_en": "PEDIO AREOS-EVELPIDON", "dk_en": "1st", "shape_area": 332188.48717793747, "id": 67, "geitonia": "ΠΕΔΙΟ ΑΡΕΩΣ-ΣΧΟΛΗ ΕΥΕΛΠΙΔΩΝ" }, "geometry": { "type": "MultiPolygon", "coordinates": [ [ [ [ 23.736615556695686, 37.994886733087696 ], [ 23.737641863434245, 37.994722289291516 ], [ 23.737713335054409, 37.994740474372783 ], [ 23.737847915434195, 37.994727255146401 ], [ 23.73828441611024, 37.994782304261257 ], [ 23.7385132769564, 37.99477830686093 ], [ 23.738725458878626, 37.99476075270637 ], [ 23.738942379801166, 37.994711663746727 ], [ 23.739159379086484, 37.994640042459238 ], [ 23.739412499953485, 37.994518930180845 ], [ 23.739617733240369, 37.994352647147451 ], [ 23.739780224642956, 37.994195282037097 ], [ 23.739906913313916, 37.993997279745273 ], [ 23.739972987294866, 37.993830688267487 ], [ 23.740003328093731, 37.993704575554005 ], [ 23.740021244774169, 37.993569422527003 ], [ 23.740009036881027, 37.993398151540276 ], [ 23.739972951680169, 37.993235840606054 ], [ 23.739972869220679, 37.993235648450217 ], [ 23.739876230896041, 37.99301030567311 ], [ 23.73987621051111, 37.993010273181795 ], [ 23.739803701843229, 37.992892971980744 ], [ 23.740099248043517, 37.992744919801083 ], [ 23.740394585551783, 37.992659950009163 ], [ 23.740352057195995, 37.992531597962405 ], [ 23.740339297586054, 37.992493090359623 ], [ 23.740339174016526, 37.992492929658219 ], [ 23.740334556536261, 37.992486942146535 ], [ 23.740259231521271, 37.992389265873477 ], [ 23.740259194434898, 37.99238912519121 ], [ 23.740169670798483, 37.992051086405802 ], [ 23.740035114963995, 37.991555082623897 ], [ 23.73991182081814, 37.991095154934833 ], [ 23.739875982001426, 37.990964389415161 ], [ 23.739868604474569, 37.990937334561075 ], [ 23.739856307089958, 37.990892243132947 ], [ 23.739757964942267, 37.990522498884957 ], [ 23.739752891670125, 37.990346737145693 ], [ 23.739752425622076, 37.990346812723757 ], [ 23.738614468334344, 37.990533482600561 ], [ 23.738260528220614, 37.990586772610193 ], [ 23.737963303208222, 37.990628377481578 ], [ 23.737690116961023, 37.990666617540946 ], [ 23.736588095347752, 37.990821879571811 ], [ 23.736586500032629, 37.990822143680674 ], [ 23.735831733108974, 37.990946893987797 ], [ 23.735592802062691, 37.990986384078084 ], [ 23.735592761038937, 37.990986391196138 ], [ 23.735301911165379, 37.991033811543012 ], [ 23.735156585226299, 37.991057505446193 ], [ 23.734694078195584, 37.991134732486408 ], [ 23.73467727245318, 37.991137540835055 ], [ 23.734080850124535, 37.991234043715217 ], [ 23.734072978402043, 37.991235317459285 ], [ 23.733033883136532, 37.99140420766809 ], [ 23.732299943771839, 37.991528719377158 ], [ 23.73189825749515, 37.991595400807611 ], [ 23.731363419314796, 37.991675296099402 ], [ 23.731343805249786, 37.991677077303287 ], [ 23.731338724298265, 37.991677538872239 ], [ 23.731169750761048, 37.991692879307195 ], [ 23.731271511549359, 37.992089676940623 ], [ 23.731369714507856, 37.992486466335187 ], [ 23.731470410334445, 37.992883261313686 ], [ 23.731916173700753, 37.994691352641368 ], [ 23.732005923802419, 37.995065589976015 ], [ 23.732141982464423, 37.995624695862418 ], [ 23.732223251336876, 37.995617275880335 ], [ 23.732239572784398, 37.995615785361736 ], [ 23.73233459284998, 37.995607108672367 ], [ 23.733230528050736, 37.99547845800884 ], [ 23.733490486096628, 37.995438489561288 ], [ 23.73358109803781, 37.995380111395107 ], [ 23.7339100593544, 37.995326966508557 ], [ 23.735699268806307, 37.99503789593367 ], [ 23.735768448271255, 37.995026378838709 ], [ 23.735769225464452, 37.995026249898515 ], [ 23.736108438824083, 37.994969778122936 ], [ 23.736428087841805, 37.994917390309297 ], [ 23.736615556695686, 37.994886733087696 ] ] ] ] } },
{ "type": "Feature", "id": "geitonies0.71", "geometry_name": "the_geom", "properties": { "fid": 71, "gid": 69, "synoikia": "ΓΚΥΖΗ", "name": "ΠΕΔΙΟ ΑΡΕΩΣ ΙΙ", "dk": "7η ΔΚ", "shape_leng": 1740.7967408422201, "geit_thesm": 1, "name_en": "PEDIO AREOS II", "synoik_en": "GKYZI", "dk_en": "7th", "shape_area": 126067.51059397028, "id": 68, "geitonia": "ΠΕΔΙΟ ΑΡΕΩΣ ΙΙ" }, "geometry": { "type": "MultiPolygon", "coordinates": [ [ [ [ 23.749777146794674, 37.995460746448366 ], [ 23.749978000301066, 37.995425122212325 ], [ 23.750295641699765, 37.995479874042374 ], [ 23.750348497067442, 37.995418788151341 ], [ 23.750404620140067, 37.995353925579472 ], [ 23.750346893087961, 37.995164533396974 ], [ 23.750316621330079, 37.995065327882763 ], [ 23.75014724975258, 37.994528704118359 ], [ 23.750325679307824, 37.994493031642904 ], [ 23.75059348846051, 37.994438680971314 ], [ 23.751028376408811, 37.994345809279743 ], [ 23.751499195549027, 37.994252168294359 ], [ 23.751511607553731, 37.994249690749427 ], [ 23.751767014936579, 37.994198658569836 ], [ 23.751883189629002, 37.994171929157964 ], [ 23.751468323745613, 37.994112061509277 ], [ 23.751217205283073, 37.994075823542111 ], [ 23.750918695773407, 37.993989388602259 ], [ 23.750386276692122, 37.993835222722467 ], [ 23.750257563688464, 37.99379889812225 ], [ 23.750112959444976, 37.993711704479097 ], [ 23.749935065897336, 37.993604436782206 ], [ 23.749784236873012, 37.993546876347324 ], [ 23.749551651470973, 37.993426003987942 ], [ 23.749098134649611, 37.993190312338115 ], [ 23.748634776719062, 37.992949503843526 ], [ 23.748487310014248, 37.992872175647982 ], [ 23.748363146376459, 37.992807066266572 ], [ 23.748085316839092, 37.99266137556689 ], [ 23.748067009389484, 37.992651775529616 ], [ 23.748036038845029, 37.992635534738071 ], [ 23.747964030691747, 37.99260791381748 ], [ 23.747963637162609, 37.992607762459727 ], [ 23.747871886588538, 37.992572568044011 ], [ 23.747579862262857, 37.99242709267083 ], [ 23.747573751314324, 37.992424048536478 ], [ 23.747505548619742, 37.992390072432819 ], [ 23.74749624748252, 37.992385438790457 ], [ 23.747490307078351, 37.992382479738637 ], [ 23.747152317860039, 37.992542535601984 ], [ 23.747146987289781, 37.992545059456113 ], [ 23.747111376370526, 37.992561922539025 ], [ 23.746652924120912, 37.992786257076141 ], [ 23.746620940185966, 37.992876316624503 ], [ 23.746026983256954, 37.992969670484001 ], [ 23.745408808434206, 37.993067475344958 ], [ 23.744784581202623, 37.993165263820501 ], [ 23.74429280802774, 37.993245311322852 ], [ 23.744710354407882, 37.993633770583941 ], [ 23.744751282259553, 37.993673561882993 ], [ 23.744942256023972, 37.993859232440023 ], [ 23.744998375820003, 37.993913793493299 ], [ 23.745115448147683, 37.994022201358582 ], [ 23.745551803184622, 37.994428724034151 ], [ 23.745874291824936, 37.994726845010923 ], [ 23.745969347361108, 37.994821685181705 ], [ 23.746269013811812, 37.995133275028884 ], [ 23.746576599799589, 37.995473861951503 ], [ 23.746613741102085, 37.995467797918153 ], [ 23.746724555311779, 37.995449706279707 ], [ 23.747333153872365, 37.995347367577089 ], [ 23.747385193371919, 37.995324947254886 ], [ 23.747785575477877, 37.99513579057276 ], [ 23.748041948083255, 37.995508423459867 ], [ 23.748060835375163, 37.995543162452741 ], [ 23.748116310113073, 37.995645193959852 ], [ 23.748257520979152, 37.995904912861526 ], [ 23.748284832476582, 37.995955144892825 ], [ 23.748307993688961, 37.995997743173739 ], [ 23.748615462123645, 37.995877366400258 ], [ 23.749119763581696, 37.995675654257283 ], [ 23.749202284637871, 37.995650879099038 ], [ 23.749298613096862, 37.995621958566126 ], [ 23.749777146794674, 37.995460746448366 ] ] ] ] } },
{ "type": "Feature", "id": "geitonies0.72", "geometry_name": "the_geom", "properties": { "fid": 72, "gid": 70, "synoikia": "ΠΛΑΤΕΙΑ ΑΤΤΙΚΗΣ", "name": "ΠΛΑΤΕΙΑ ΒΙΚΤΩΡΙΑΣ", "dk": "6η ΔΚ", "shape_leng": 1769.89053822914, "geit_thesm": 1, "name_en": "PLATEIA VIKTORIAS", "synoik_en": "PLATEIA ATTIKIS", "dk_en": "6th", "shape_area": 194231.54182918565, "id": 69, "geitonia": "ΠΛΑΤΕΙΑ ΒΙΚΤΩΡΙΑΣ" }, "geometry": { "type": "MultiPolygon", "coordinates": [ [ [ [ 23.731131229190503, 37.991534359889002 ], [ 23.731082094882151, 37.991332165185121 ], [ 23.730769857661226, 37.991381497426786 ], [ 23.72984502060153, 37.9915276129341 ], [ 23.729059470511725, 37.991651985859079 ], [ 23.728644985342079, 37.991714120268128 ], [ 23.72791106892285, 37.99182959177903 ], [ 23.727111259044129, 37.991958425110042 ], [ 23.72695064787456, 37.991962360511806 ], [ 23.726946355144349, 37.991962465910866 ], [ 23.726943950804372, 37.991962525221737 ], [ 23.726943306155263, 37.991962540849592 ], [ 23.726943262875853, 37.991962541650402 ], [ 23.726943317376005, 37.991963200615686 ], [ 23.726971969881749, 37.992306408555123 ], [ 23.726999704414837, 37.992638635795352 ], [ 23.727008734493783, 37.992746804538612 ], [ 23.727028299578834, 37.992981165783519 ], [ 23.727045246594383, 37.993184155354655 ], [ 23.727075714548906, 37.993549106381344 ], [ 23.727104686650836, 37.993896132777628 ], [ 23.727136328534943, 37.994275143793352 ], [ 23.727168573810427, 37.994661371854384 ], [ 23.727184281646164, 37.994849510724883 ], [ 23.727197226137886, 37.995004558853921 ], [ 23.727228493820551, 37.995379069698323 ], [ 23.727293384289858, 37.995762633455584 ], [ 23.727393235081106, 37.996352837961489 ], [ 23.728926645822806, 37.996122048288427 ], [ 23.729168418507527, 37.996082780235163 ], [ 23.729692668323054, 37.995997631540234 ], [ 23.730262791638676, 37.995913318461682 ], [ 23.730915548920013, 37.995811166020502 ], [ 23.732141857116488, 37.995624714503904 ], [ 23.732141982464423, 37.995624695862418 ], [ 23.732005923802419, 37.995065589976015 ], [ 23.731916173700753, 37.994691352641368 ], [ 23.731470410334445, 37.992883261313686 ], [ 23.731369714507856, 37.992486466335187 ], [ 23.731271511549359, 37.992089676940623 ], [ 23.731169750761048, 37.991692879307195 ], [ 23.731137579696803, 37.991560490922325 ], [ 23.731131229190503, 37.991534359889002 ] ] ] ] } },
{ "type": "Feature", "id": "geitonies0.73", "geometry_name": "the_geom", "properties": { "fid": 73, "gid": 71, "synoikia": "ΠΑΤΗΣΙΑ", "name": "ΚΟΛΙΑΤΣΟΥ II", "dk": "5η ΔΚ", "shape_leng": 1554.05307637704, "geit_thesm": 1, "name_en": "KOLIATSOU II", "synoik_en": "PATISIA", "dk_en": "5th", "shape_area": 143208.28935133136, "id": 70, "geitonia": "ΚΟΛΙΑΤΣΟΥ II" }, "geometry": { "type": "MultiPolygon", "coordinates": [ [ [ [ 23.735097548399256, 38.008956855522833 ], [ 23.735096642242304, 38.008812648399271 ], [ 23.734411690211839, 38.008829129190737 ], [ 23.73380756006754, 38.008841282547991 ], [ 23.733152186319234, 38.008848810130843 ], [ 23.73237752786261, 38.008865075492963 ], [ 23.732375380957375, 38.008903842845598 ], [ 23.732374955502287, 38.008911518995042 ], [ 23.732344807745175, 38.009455745201862 ], [ 23.732344463981086, 38.009461942533235 ], [ 23.732341335647231, 38.009518422337841 ], [ 23.731841093525709, 38.00954432120362 ], [ 23.73138004222292, 38.009561294647632 ], [ 23.731332628801148, 38.010457961457789 ], [ 23.731298804373061, 38.010849941599837 ], [ 23.731240804559398, 38.011232853645851 ], [ 23.731165026857699, 38.01180499406334 ], [ 23.73108379233366, 38.012408666736775 ], [ 23.731046264878469, 38.012449138568925 ], [ 23.7314094659795, 38.0125220711423 ], [ 23.731693822841773, 38.012584208349352 ], [ 23.731763751101596, 38.012599488663547 ], [ 23.731881517308203, 38.012623357264786 ], [ 23.73207857083203, 38.012663295995942 ], [ 23.732126248134499, 38.01267440293978 ], [ 23.732332533908647, 38.012722457581617 ], [ 23.732706417342147, 38.012795410463085 ], [ 23.733591567193802, 38.012851495851969 ], [ 23.734610555632322, 38.012912383095873 ], [ 23.735265107619437, 38.012945403245013 ], [ 23.735250773051604, 38.01257584569489 ], [ 23.735247537314851, 38.012485710289731 ], [ 23.735238478438923, 38.011858635174299 ], [ 23.735201971913703, 38.011241668251394 ], [ 23.735183178059863, 38.011079566521346 ], [ 23.735142745177704, 38.010444072026289 ], [ 23.735134316471349, 38.010313367220718 ], [ 23.735106020959744, 38.009872492077292 ], [ 23.735096751237705, 38.009375949727996 ], [ 23.735097059319038, 38.009290328660789 ], [ 23.735097548399256, 38.008956855522833 ] ] ] ] } },
{ "type": "Feature", "id": "geitonies0.74", "geometry_name": "the_geom", "properties": { "fid": 74, "gid": 72, "synoikia": "ΠΛΑΤΕΙΑ ΑΤΤΙΚΗΣ", "name": "ΠΛΑΤΕΙΑ ΑΤΤΙΚΗΣ", "dk": "6η ΔΚ", "shape_leng": 2138.7580618212801, "geit_thesm": 1, "name_en": "PLATEIA ATTIKIS", "synoik_en": "PLATEIA ATTIKIS", "dk_en": "6th", "shape_area": 263845.81944350793, "id": 71, "geitonia": "ΠΛΑΤΕΙΑ ΑΤΤΙΚΗΣ" }, "geometry": { "type": "MultiPolygon", "coordinates": [ [ [ [ 23.726410273392286, 37.99628524318338 ], [ 23.727275135846583, 37.996234080539381 ], [ 23.727393235081106, 37.996352837961489 ], [ 23.727293384289858, 37.995762633455584 ], [ 23.727228493820551, 37.995379069698323 ], [ 23.727197226137886, 37.995004558853921 ], [ 23.727184281646164, 37.994849510724883 ], [ 23.727168573810427, 37.994661371854384 ], [ 23.727136328534943, 37.994275143793352 ], [ 23.727104686650836, 37.993896132777628 ], [ 23.727075714548906, 37.993549106381344 ], [ 23.727045246594383, 37.993184155354655 ], [ 23.727028299578834, 37.992981165783519 ], [ 23.727008734493783, 37.992746804538612 ], [ 23.726999704414837, 37.992638635795352 ], [ 23.726971969881749, 37.992306408555123 ], [ 23.726943317376005, 37.991963200615686 ], [ 23.726943262875853, 37.991962541650402 ], [ 23.726044476901908, 37.9920055159076 ], [ 23.725073427051726, 37.992052820829443 ], [ 23.724330195745488, 37.992087132629862 ], [ 23.723333943922409, 37.992116338435387 ], [ 23.723105258563663, 37.992169877352552 ], [ 23.722298625898762, 37.992217546301553 ], [ 23.721874320189791, 37.992239075861285 ], [ 23.721556237075205, 37.992253871347465 ], [ 23.7214437334145, 37.992259104600052 ], [ 23.721345508979336, 37.992263673079385 ], [ 23.721321165019233, 37.992264805098948 ], [ 23.721218338770559, 37.992269587889957 ], [ 23.721034675771353, 37.992278130125456 ], [ 23.721034060680694, 37.992278158409007 ], [ 23.721034221622492, 37.992279265567561 ], [ 23.7210347199788, 37.992282696135391 ], [ 23.721120602385451, 37.992692439654391 ], [ 23.721105023658733, 37.992859140254467 ], [ 23.721110907768288, 37.992872185871413 ], [ 23.721139611156381, 37.992935831398931 ], [ 23.721192337888816, 37.993485739588934 ], [ 23.721226499413394, 37.993675090173411 ], [ 23.721326715925084, 37.994184553013298 ], [ 23.721406038741559, 37.994572292937228 ], [ 23.721446981052615, 37.994757153066629 ], [ 23.721302343987151, 37.994802461357729 ], [ 23.721061381516314, 37.99478628442273 ], [ 23.720967747526263, 37.995463524783759 ], [ 23.720872024115611, 37.996116728208172 ], [ 23.720783536789103, 37.996738403739521 ], [ 23.720786440060898, 37.996738665694927 ], [ 23.721298370949469, 37.996784688974067 ], [ 23.721719294920284, 37.996817230551002 ], [ 23.721792612795536, 37.996817403998179 ], [ 23.722128289406797, 37.996804678269541 ], [ 23.722220419343447, 37.996796292241115 ], [ 23.722220508213056, 37.996796283438172 ], [ 23.723137688921536, 37.996703411072943 ], [ 23.723896545299592, 37.996631199554109 ], [ 23.724674749181791, 37.996549294565909 ], [ 23.725504306907421, 37.996474624425915 ], [ 23.726309321362518, 37.996395384905014 ], [ 23.726368858229801, 37.996368484924105 ], [ 23.726410273392286, 37.99628524318338 ] ] ] ] } },
{ "type": "Feature", "id": "geitonies0.75", "geometry_name": "the_geom", "properties": { "fid": 75, "gid": 96, "synoikia": "ΚΥΨΕΛΗ", "name": "ΠΛΑΤΕΙΑ ΚΑΝΑΡΗ", "dk": "6η ΔΚ", "shape_leng": 2323.7207432141199, "geit_thesm": 1, "name_en": "PLATEIA KANARI", "synoik_en": "KYPSELI", "dk_en": "6th", "shape_area": 201326.14618034769, "id": 95, "geitonia": "ΠΛΑΤΕΙΑ ΚΑΝΑΡΗ" }, "geometry": { "type": "MultiPolygon", "coordinates": [ [ [ [ 23.743206100311294, 38.003905127550333 ], [ 23.743468191969907, 38.003464070991377 ], [ 23.743860666720504, 38.002809250375563 ], [ 23.743862019757447, 38.002806992904887 ], [ 23.744715489654002, 38.002831380606061 ], [ 23.744803653888514, 38.002863116841695 ], [ 23.74535651109904, 38.003071752613934 ], [ 23.745994850038379, 38.003312704769428 ], [ 23.746151894426216, 38.003374956558048 ], [ 23.746499822013256, 38.003514785757325 ], [ 23.746674459682978, 38.003584970004191 ], [ 23.746703806850771, 38.003552199480879 ], [ 23.746384000921129, 38.00329013826795 ], [ 23.746132784895469, 38.003059769151051 ], [ 23.745716587166626, 38.002675824810929 ], [ 23.745349001036271, 38.002337048390181 ], [ 23.74525392106753, 38.002246714189319 ], [ 23.744601103359781, 38.001636932348084 ], [ 23.743656582267679, 38.000778658546814 ], [ 23.743431690401923, 38.000572507063517 ], [ 23.743124382190512, 38.000290804459411 ], [ 23.74272808360843, 37.999924918530702 ], [ 23.742644708889006, 37.99984812704534 ], [ 23.742329898835163, 37.999553986239398 ], [ 23.742320803130319, 37.999545487939756 ], [ 23.742102959029424, 37.999346728130341 ], [ 23.741654153197675, 37.9989356592218 ], [ 23.741376367050005, 37.998678182946598 ], [ 23.741002802435514, 37.998330366785552 ], [ 23.740485756025041, 37.998703259710119 ], [ 23.740430461676528, 37.998739189028463 ], [ 23.74005434868976, 37.999013249801081 ], [ 23.739638987904179, 37.999314260977982 ], [ 23.739082044820915, 37.999707241759161 ], [ 23.739072358692219, 37.999714076332438 ], [ 23.739440970027022, 38.000052874734436 ], [ 23.73968589700749, 38.00027688574739 ], [ 23.740198784437791, 38.000748539178481 ], [ 23.740383913484838, 38.000938217424874 ], [ 23.740103079537754, 38.001140385870144 ], [ 23.739769080719384, 38.001378487334286 ], [ 23.739613372577647, 38.001324065727879 ], [ 23.739470015959348, 38.0014003573122 ], [ 23.739413540227783, 38.001467828419862 ], [ 23.739377643709549, 38.001553370763247 ], [ 23.739389622451235, 38.001688589750962 ], [ 23.739481342619754, 38.002022267636043 ], [ 23.73958890501579, 38.002405551066779 ], [ 23.739730936664493, 38.002906077421194 ], [ 23.739784402874157, 38.003086452279398 ], [ 23.739910334244268, 38.003510333712029 ], [ 23.740659266721558, 38.003403833637577 ], [ 23.741220163658941, 38.003323953683072 ], [ 23.741220533256271, 38.003325417278184 ], [ 23.741351111056407, 38.003842479284138 ], [ 23.741457942486072, 38.003829194941112 ], [ 23.741841140374202, 38.004077889430306 ], [ 23.742546429656642, 38.004543596002314 ], [ 23.742851804976912, 38.00424684083665 ], [ 23.743206100311294, 38.003905127550333 ] ] ] ] } },
{ "type": "Feature", "id": "geitonies0.76", "geometry_name": "the_geom", "properties": { "fid": 76, "gid": 73, "synoikia": "ΣΧΟΛΗ ΕΥΕΛΠΙΔΩΝ", "name": "ΣΧΟΛΗ ΕΥΕΛΠΙΔΩΝ", "dk": "6η ΔΚ", "shape_leng": 2719.0943105507799, "geit_thesm": 1, "name_en": "SCHOLI EVELPIDON", "synoik_en": "SCHOLI EVELPIDON", "dk_en": "6th", "shape_area": 234280.13547084911, "id": 72, "geitonia": "ΣΧΟΛΗ ΕΥΕΛΠΙΔΩΝ" }, "geometry": { "type": "MultiPolygon", "coordinates": [ [ [ [ 23.747240512512874, 37.996415190044921 ], [ 23.747676733981017, 37.996244882732299 ], [ 23.748196873491963, 37.996041247348273 ], [ 23.748307993688961, 37.995997743173739 ], [ 23.748284832476582, 37.995955144892825 ], [ 23.748257520979152, 37.995904912861526 ], [ 23.748116310113073, 37.995645193959852 ], [ 23.748060835375163, 37.995543162452741 ], [ 23.748041948083255, 37.995508423459867 ], [ 23.747785575477877, 37.99513579057276 ], [ 23.747385193371919, 37.995324947254886 ], [ 23.747333153872365, 37.995347367577089 ], [ 23.746724555311779, 37.995449706279707 ], [ 23.746613741102085, 37.995467797918153 ], [ 23.746576599799589, 37.995473861951503 ], [ 23.746269013811812, 37.995133275028884 ], [ 23.745969347361108, 37.994821685181705 ], [ 23.745874291824936, 37.994726845010923 ], [ 23.745551803184622, 37.994428724034151 ], [ 23.745115448147683, 37.994022201358582 ], [ 23.744998375820003, 37.993913793493299 ], [ 23.744942256023972, 37.993859232440023 ], [ 23.744751282259553, 37.993673561882993 ], [ 23.744710354407882, 37.993633770583941 ], [ 23.74429280802774, 37.993245311322852 ], [ 23.744024662763753, 37.9932897922845 ], [ 23.743425082053843, 37.993368829985876 ], [ 23.742946318749624, 37.993431938961571 ], [ 23.742819352724208, 37.993408958063263 ], [ 23.742190680002121, 37.99315330603546 ], [ 23.741080959038253, 37.992702020722952 ], [ 23.741079892439014, 37.992672387750225 ], [ 23.741078688968564, 37.992638925820039 ], [ 23.740866412008501, 37.992584381276579 ], [ 23.740531463215113, 37.992498020850071 ], [ 23.740259335010592, 37.992389307561083 ], [ 23.740259231521271, 37.992389265873477 ], [ 23.740334556536261, 37.992486942146535 ], [ 23.740339174016526, 37.992492929658219 ], [ 23.740339297586054, 37.992493090359623 ], [ 23.740352057195995, 37.992531597962405 ], [ 23.740394585551783, 37.992659950009163 ], [ 23.740099248043517, 37.992744919801083 ], [ 23.739803701843229, 37.992892971980744 ], [ 23.73987621051111, 37.993010273181795 ], [ 23.739876230896041, 37.99301030567311 ], [ 23.739972869220679, 37.993235648450217 ], [ 23.739972951680169, 37.993235840606054 ], [ 23.740009036881027, 37.993398151540276 ], [ 23.740021244774169, 37.993569422527003 ], [ 23.740003328093731, 37.993704575554005 ], [ 23.739972987294866, 37.993830688267487 ], [ 23.739906913313916, 37.993997279745273 ], [ 23.739780224642956, 37.994195282037097 ], [ 23.739617733240369, 37.994352647147451 ], [ 23.739412499953485, 37.994518930180845 ], [ 23.739159379086484, 37.994640042459238 ], [ 23.738942379801166, 37.994711663746727 ], [ 23.738725458878626, 37.99476075270637 ], [ 23.7385132769564, 37.99477830686093 ], [ 23.73828441611024, 37.994782304261257 ], [ 23.737847915434195, 37.994727255146401 ], [ 23.737713335054409, 37.994740474372783 ], [ 23.737641863434245, 37.994722289291516 ], [ 23.736615556695686, 37.994886733087696 ], [ 23.736428087841805, 37.994917390309297 ], [ 23.736108438824083, 37.994969778122936 ], [ 23.735769225464452, 37.995026249898515 ], [ 23.735768448271255, 37.995026378838709 ], [ 23.735699268806307, 37.99503789593367 ], [ 23.735699473661384, 37.995037936951775 ], [ 23.73577773407423, 37.995053588730748 ], [ 23.735798085315874, 37.995057658679379 ], [ 23.735995526161439, 37.995097144735219 ], [ 23.736508385278263, 37.995197436002371 ], [ 23.737335640961941, 37.995361517434901 ], [ 23.737835675123403, 37.995466280693279 ], [ 23.737996140055181, 37.99548015750976 ], [ 23.73828026936825, 37.995548386379028 ], [ 23.739508210685727, 37.995835016765199 ], [ 23.740186417636092, 37.995980722273757 ], [ 23.740810205462441, 37.996117291124314 ], [ 23.741555994214259, 37.996276656901784 ], [ 23.742090919916542, 37.99638147873349 ], [ 23.742151083997843, 37.996377104225878 ], [ 23.742513369369476, 37.996386910734493 ], [ 23.742807755167032, 37.99637403557594 ], [ 23.743473610651066, 37.996307172394964 ], [ 23.743820137635211, 37.996321595638847 ], [ 23.744146870569608, 37.996357908449433 ], [ 23.744295498250271, 37.996371832940518 ], [ 23.745052206093593, 37.996563356298992 ], [ 23.745198996191935, 37.996610516815906 ], [ 23.745351415318058, 37.996686919773921 ], [ 23.745693089738875, 37.996814337170804 ], [ 23.745840552286388, 37.996906510255833 ], [ 23.74594250278626, 37.996901148867309 ], [ 23.746327637574463, 37.996775888737425 ], [ 23.746508074124147, 37.996701239570882 ], [ 23.746655072048174, 37.996632371943221 ], [ 23.747240512512874, 37.996415190044921 ] ] ] ] } },
{ "type": "Feature", "id": "geitonies0.77", "geometry_name": "the_geom", "properties": { "fid": 77, "gid": 74, "synoikia": "ΓΗΡΟΚΟΜΕΙΟ", "name": "ΑΝΩ ΑΜΠΕΛΟΚΗΠΟΙ", "dk": "7η ΔΚ", "shape_leng": 1989.61737049511, "geit_thesm": 1, "name_en": "ANO AMPELOKIPOI", "synoik_en": "GIROKOMEIO", "dk_en": "7th", "shape_area": 201455.30756260245, "id": 73, "geitonia": "ΑΝΩ ΑΜΠΕΛΟΚΗΠΟΙ" }, "geometry": { "type": "MultiPolygon", "coordinates": [ [ [ [ 23.76714698719142, 37.993527110079796 ], [ 23.766920994067874, 37.993076020114273 ], [ 23.766867226019922, 37.992972265809215 ], [ 23.76679491601427, 37.993023621873604 ], [ 23.766793170756866, 37.993024861284944 ], [ 23.766721692761195, 37.993075625006725 ], [ 23.766307928121648, 37.993142400008992 ], [ 23.766017374260038, 37.993186886604349 ], [ 23.765662805546771, 37.993210101723193 ], [ 23.765276141000232, 37.993235417513709 ], [ 23.765138445146608, 37.993244432187964 ], [ 23.764375702546385, 37.993281381630986 ], [ 23.763627578821403, 37.993168589034575 ], [ 23.762950744072359, 37.993032034207523 ], [ 23.762138296079165, 37.992791553576772 ], [ 23.76180241311593, 37.992655681143873 ], [ 23.761293904701887, 37.992415809797727 ], [ 23.760821446415445, 37.992144464592371 ], [ 23.760794791653396, 37.992221565772326 ], [ 23.760779411541659, 37.992266052552615 ], [ 23.760761797827328, 37.992320093813582 ], [ 23.760606012978389, 37.992509046643256 ], [ 23.760406292947831, 37.992747480429401 ], [ 23.760386757985952, 37.992770583823059 ], [ 23.760382350699935, 37.992775795986745 ], [ 23.760176229619102, 37.993019564552064 ], [ 23.760171922910537, 37.993024657943089 ], [ 23.760147628353412, 37.993053390027484 ], [ 23.76013219942417, 37.993071074214384 ], [ 23.76012441808081, 37.993079993681157 ], [ 23.759895753019816, 37.993342087546466 ], [ 23.759887348606231, 37.993351720443798 ], [ 23.759875252967074, 37.993365584546225 ], [ 23.76039237977589, 37.993654558996298 ], [ 23.760600304218865, 37.993780666510474 ], [ 23.760625550425427, 37.99382814618842 ], [ 23.760994274141876, 37.994051032908125 ], [ 23.761437916703006, 37.99432231890556 ], [ 23.761712664361749, 37.994435536399266 ], [ 23.761744149550147, 37.994494183669978 ], [ 23.76176395002339, 37.99453478157659 ], [ 23.762056251118725, 37.995053611790475 ], [ 23.762266152988058, 37.995410043546222 ], [ 23.762584311118015, 37.995969482429736 ], [ 23.762666759329313, 37.996118360720033 ], [ 23.762695072407098, 37.996167988478511 ], [ 23.762986732672928, 37.996668789276818 ], [ 23.763189896304166, 37.99702069929846 ], [ 23.763299577997159, 37.997223708992969 ], [ 23.763803029889203, 37.997166137637777 ], [ 23.76421183657175, 37.997099361586301 ], [ 23.764660163970643, 37.997028156775599 ], [ 23.765005763182788, 37.996803526751506 ], [ 23.765455488654791, 37.996516013496318 ], [ 23.765893079880335, 37.996237487193667 ], [ 23.766268967394218, 37.995999394435842 ], [ 23.766661609284828, 37.995752320860412 ], [ 23.767163739322335, 37.995433360003958 ], [ 23.767270724874734, 37.995365975414565 ], [ 23.767706166986802, 37.995087438041558 ], [ 23.767797884655039, 37.995029416900529 ], [ 23.767863599338767, 37.99498784508549 ], [ 23.767718834905992, 37.994681885049566 ], [ 23.767603194517953, 37.99444732264535 ], [ 23.767406564152317, 37.994050368764491 ], [ 23.76714698719142, 37.993527110079796 ] ] ] ] } },
{ "type": "Feature", "id": "geitonies0.78", "geometry_name": "the_geom", "properties": { "fid": 78, "gid": 75, "synoikia": "ΑΝΩ ΠΑΤΗΣΙΑ", "name": "ΚΥΠΡΙΑΔΟΥ", "dk": "5η ΔΚ", "shape_leng": 1535.1760414135799, "geit_thesm": 1, "name_en": "KYPRIADOU", "synoik_en": "ANO PATISIA", "dk_en": "5th", "shape_area": 141475.42223078664, "id": 74, "geitonia": "ΚΥΠΡΙΑΔΟΥ" }, "geometry": { "type": "MultiPolygon", "coordinates": [ [ [ [ 23.735820123933429, 38.019584583276774 ], [ 23.736638328199028, 38.019568392962327 ], [ 23.736809218978046, 38.01956877556335 ], [ 23.737122534844708, 38.019564969988771 ], [ 23.737717576291271, 38.019530247474826 ], [ 23.738633054276331, 38.019491728194708 ], [ 23.739227707074484, 38.019466009975126 ], [ 23.739618343540187, 38.019444343583615 ], [ 23.739640587052307, 38.018993752707466 ], [ 23.739647372742517, 38.01848454434618 ], [ 23.739601016648596, 38.017700327734794 ], [ 23.73957377265927, 38.01755155612156 ], [ 23.739465675019726, 38.016911407485011 ], [ 23.73942347476402, 38.016663461811333 ], [ 23.739308545740052, 38.015942182532292 ], [ 23.73783556349327, 38.016092125702407 ], [ 23.737324146374476, 38.016145061308215 ], [ 23.736315190043353, 38.015755252581961 ], [ 23.735499147945362, 38.015775951986413 ], [ 23.735386021755311, 38.015745292783343 ], [ 23.735381780008993, 38.015744143118518 ], [ 23.735445854272971, 38.016883927793039 ], [ 23.735486167313294, 38.017651069453834 ], [ 23.735493544148785, 38.017791447852801 ], [ 23.735514345068182, 38.018187285603908 ], [ 23.735536665762684, 38.018612034406324 ], [ 23.735558773433585, 38.019032723328941 ], [ 23.73554020927849, 38.019606486105054 ], [ 23.735820123933429, 38.019584583276774 ] ] ] ] } },
{ "type": "Feature", "id": "geitonies0.79", "geometry_name": "the_geom", "properties": { "fid": 79, "gid": 76, "synoikia": "ΕΛΛΗΝΟΡΩΣΩΝ-ΕΡΥΘΡΟΣ", "name": "ΕΡΥΘΡΟΣ Ι", "dk": "7η ΔΚ", "shape_leng": 1903.4815474039699, "geit_thesm": 1, "name_en": "ERYTHROS I", "synoik_en": "ELLINOROSON-ERYTHROS", "dk_en": "7th", "shape_area": 160050.57877477739, "id": 75, "geitonia": "ΕΡΥΘΡΟΣ Ι" }, "geometry": { "type": "MultiPolygon", "coordinates": [ [ [ [ 23.772942111958947, 37.995255387146031 ], [ 23.77211253545433, 37.994561830569388 ], [ 23.772104690537766, 37.994555272043506 ], [ 23.771720343361714, 37.994775341434185 ], [ 23.771455721464299, 37.994261095336235 ], [ 23.771243810826721, 37.993850598870182 ], [ 23.771211961866072, 37.993791953419041 ], [ 23.771032613196457, 37.993440103384465 ], [ 23.770940626460831, 37.993264173754248 ], [ 23.770710752708883, 37.992795057767616 ], [ 23.770679817424313, 37.992785984610236 ], [ 23.770158020757354, 37.992802991826466 ], [ 23.770078656974821, 37.992802836715668 ], [ 23.76949422271559, 37.992819718528231 ], [ 23.769454006121919, 37.992819639707513 ], [ 23.76916926116925, 37.993283242898642 ], [ 23.76887218322404, 37.993138453947665 ], [ 23.768383513922718, 37.992353374901427 ], [ 23.768365590668761, 37.992393897425018 ], [ 23.76812607781816, 37.992506086109124 ], [ 23.768047767285534, 37.992510438128917 ], [ 23.767382319354187, 37.992824573646537 ], [ 23.767349534410524, 37.992838028075191 ], [ 23.767151586096325, 37.992860168492328 ], [ 23.766867226019922, 37.992972265809215 ], [ 23.766920994067874, 37.993076020114273 ], [ 23.76714698719142, 37.993527110079796 ], [ 23.767406564152317, 37.994050368764491 ], [ 23.767603194517953, 37.99444732264535 ], [ 23.767718834905992, 37.994681885049566 ], [ 23.767863599338767, 37.99498784508549 ], [ 23.768011222831515, 37.99529984196321 ], [ 23.768470284955065, 37.996224562966496 ], [ 23.768841685662384, 37.996959840121775 ], [ 23.768841769425187, 37.996960005221396 ], [ 23.769192591753146, 37.997650011601763 ], [ 23.769196622693343, 37.997726628656835 ], [ 23.76929737061068, 37.99806030140639 ], [ 23.769316391512596, 37.998123428594106 ], [ 23.769398645482973, 37.997884749629733 ], [ 23.769841477137835, 37.997407936466765 ], [ 23.770232142810773, 37.996994109587163 ], [ 23.770270693990032, 37.99695813352438 ], [ 23.770692512507054, 37.996711103506428 ], [ 23.771293302559009, 37.996365278836358 ], [ 23.772064916850027, 37.995907121693669 ], [ 23.772499045769418, 37.995588006239082 ], [ 23.772942111958947, 37.995255387146031 ] ] ] ] } },
{ "type": "Feature", "id": "geitonies0.80", "geometry_name": "the_geom", "properties": { "fid": 80, "gid": 77, "synoikia": "ΚΟΛΩΝΟΣ", "name": "ΑΓΙΟΣ ΚΩΝΣΤΑΝΤΙΝΟΣ", "dk": "4η ΔΚ", "shape_leng": 2419.0453485449102, "geit_thesm": 1, "name_en": "AGIOS KONSTANTINOS", "synoik_en": "KOLONOS", "dk_en": "4th", "shape_area": 349600.90594177227, "id": 76, "geitonia": "ΑΓΙΟΣ ΚΩΝΣΤΑΝΤΙΝΟΣ" }, "geometry": { "type": "MultiPolygon", "coordinates": [ [ [ [ 23.719955518356034, 37.994627431706206 ], [ 23.719908254338382, 37.993766593182343 ], [ 23.719147758246788, 37.993875040083658 ], [ 23.718602812210939, 37.993952746836761 ], [ 23.718035333948407, 37.994032967509909 ], [ 23.717568357605174, 37.994098979235766 ], [ 23.716834078650223, 37.994205367810963 ], [ 23.716749911810062, 37.994065466177389 ], [ 23.716640024197201, 37.993857906238894 ], [ 23.715816766205997, 37.993504419364569 ], [ 23.715368036506412, 37.993305051893017 ], [ 23.714965843586981, 37.993128327585787 ], [ 23.714430063896145, 37.992892694192584 ], [ 23.714043208698815, 37.992721956040938 ], [ 23.71394756217488, 37.992679742567098 ], [ 23.713718626634989, 37.993041330434188 ], [ 23.713580428862368, 37.99328719317338 ], [ 23.713392484773756, 37.993660768106885 ], [ 23.713201691582171, 37.994034335766131 ], [ 23.713164735177372, 37.994110854756734 ], [ 23.712985293350098, 37.994493462550139 ], [ 23.712972099892433, 37.994682699901638 ], [ 23.712834537761477, 37.994912191423055 ], [ 23.712412487084222, 37.9956276805652 ], [ 23.71234369556532, 37.995744679181598 ], [ 23.712063326012284, 37.996086480817688 ], [ 23.712012914475441, 37.996144940810041 ], [ 23.711952608621125, 37.996184876808258 ], [ 23.711951894949856, 37.996185349135459 ], [ 23.712010852450586, 37.996217038424632 ], [ 23.712012455954966, 37.996219684012146 ], [ 23.712252033033131, 37.99661419335073 ], [ 23.712380400991755, 37.996826308887556 ], [ 23.712540948407607, 37.997092579920142 ], [ 23.712662590248843, 37.997295665863803 ], [ 23.712879281303419, 37.997676212954588 ], [ 23.712939036874019, 37.99777852736127 ], [ 23.713343323104926, 37.998428437173146 ], [ 23.71362773020677, 37.99887977147187 ], [ 23.713633124226224, 37.998879210488091 ], [ 23.714347344621949, 37.998804912366886 ], [ 23.714972266300922, 37.998734325829787 ], [ 23.715033502161742, 37.99872996779829 ], [ 23.715395630037374, 37.998690286900882 ], [ 23.715677285799181, 37.998659423210995 ], [ 23.716341356258145, 37.99858892402569 ], [ 23.716842360953638, 37.998531547865717 ], [ 23.717608629442843, 37.998447768271383 ], [ 23.718341779052523, 37.998368410789453 ], [ 23.718768697937858, 37.998324368223123 ], [ 23.719194549134603, 37.998280321556884 ], [ 23.72015809408385, 37.998169957677099 ], [ 23.720146390918629, 37.99797164753646 ], [ 23.720126709767801, 37.997624606673796 ], [ 23.720093855155188, 37.9969981366146 ], [ 23.720056390798661, 37.996367149091228 ], [ 23.720040673042817, 37.996101233065524 ], [ 23.720018639091606, 37.995718135134538 ], [ 23.71999225211702, 37.995262924125214 ], [ 23.719955518356034, 37.994627431706206 ] ] ] ] } },
{ "type": "Feature", "id": "geitonies0.81", "geometry_name": "the_geom", "properties": { "fid": 81, "gid": 97, "synoikia": "ΚΟΛΟΚΥΝΘΟΥ", "name": "ΚΟΛΟΚΥΝΘΟΥ", "dk": "4η ΔΚ", "shape_leng": 3039.4161048446799, "geit_thesm": 1, "name_en": "KOLOKYNTHOU", "synoik_en": "KOLOKYNTHOU", "dk_en": "4th", "shape_area": 491971.71660405718, "id": 96, "geitonia": "ΚΟΛΟΚΥΝΘΟΥ" }, "geometry": { "type": "MultiPolygon", "coordinates": [ [ [ [ 23.712422509914099, 38.004645741409966 ], [ 23.712504346887897, 38.004645238489957 ], [ 23.713080663993381, 38.004646645891889 ], [ 23.713503122753174, 38.004652182178475 ], [ 23.714205411970621, 38.004653890871879 ], [ 23.715200257037583, 38.004665317005966 ], [ 23.715921446023938, 38.004658048397552 ], [ 23.715893317791764, 38.004567852244676 ], [ 23.715760566842881, 38.004378262245417 ], [ 23.715492577072304, 38.003999075763794 ], [ 23.715280871054727, 38.003701140319443 ], [ 23.71508336847943, 38.003412251713414 ], [ 23.714474839258099, 38.002550051351555 ], [ 23.715005503053131, 38.002470223039992 ], [ 23.715859549379697, 38.002341603514409 ], [ 23.71555455805489, 38.00186769299367 ], [ 23.715125031485361, 38.001199704319667 ], [ 23.714893986069008, 38.000843137836036 ], [ 23.714609172256996, 38.000400818566746 ], [ 23.71445806357989, 38.000175131123406 ], [ 23.714328225179326, 37.999972027212991 ], [ 23.713946473436671, 37.999380759125067 ], [ 23.71362773020677, 37.99887977147187 ], [ 23.713343323104926, 37.998428437173146 ], [ 23.712939036874019, 37.99777852736127 ], [ 23.712879281303419, 37.997676212954588 ], [ 23.712662590248843, 37.997295665863803 ], [ 23.712540948407607, 37.997092579920142 ], [ 23.712380400991755, 37.996826308887556 ], [ 23.712252033033131, 37.99661419335073 ], [ 23.712012455954966, 37.996219684012146 ], [ 23.712010852450586, 37.996217038424632 ], [ 23.711951894949856, 37.996185349135459 ], [ 23.711232104035556, 37.996764911827952 ], [ 23.710455837045529, 37.997402914422317 ], [ 23.709621666990124, 37.998099352252815 ], [ 23.708710762616874, 37.998845164595608 ], [ 23.708315809545276, 37.999173153990867 ], [ 23.707437001561082, 37.999896503818881 ], [ 23.706524200774975, 38.000660319859207 ], [ 23.705764109082725, 38.001276848325439 ], [ 23.705743243368168, 38.001293772677762 ], [ 23.705551820624251, 38.001443180458878 ], [ 23.705419810707703, 38.001546216159802 ], [ 23.705403686776254, 38.001558800936323 ], [ 23.706360113143894, 38.002124118335097 ], [ 23.706399034805166, 38.002147123395837 ], [ 23.70641962641086, 38.002160694032291 ], [ 23.70705270051581, 38.002644458603598 ], [ 23.707704823798586, 38.00317333119159 ], [ 23.708960657113455, 38.004149830246028 ], [ 23.709374339999087, 38.004403212190638 ], [ 23.709769099008934, 38.00460435724419 ], [ 23.709880909100622, 38.004661328253576 ], [ 23.709966621238308, 38.004660803311339 ], [ 23.710208399467714, 38.004659322756154 ], [ 23.712422509914099, 38.004645741409966 ] ] ] ] } },
{ "type": "Feature", "id": "geitonies0.82", "geometry_name": "the_geom", "properties": { "fid": 82, "gid": 78, "synoikia": "ΑΚΑΔΗΜΙΑ ΠΛΑΤΩΝΟΣ ΙΙ", "name": "ΑΚΑΔΗΜΙΑ ΠΛΑΤΩΝΟΣ ΙΙ", "dk": "4η ΔΚ", "shape_leng": 3127.94782713636, "geit_thesm": 0, "name_en": "AKADIMIA PLATONOS II", "synoik_en": "AKADIMIA PLATONOS II", "dk_en": "4th", "shape_area": 340237.18341237912, "id": 77, "geitonia": "ΑΚΑΔΗΜΙΑ ΠΛΑΤΩΝΟΣ ΙΙ" }, "geometry": { "type": "MultiPolygon", "coordinates": [ [ [ [ 23.70475993765, 37.992999504778055 ], [ 23.704881669178363, 37.992729425175348 ], [ 23.704899017041893, 37.992752000793168 ], [ 23.705384053040063, 37.992942486283262 ], [ 23.705669486157255, 37.993054582426666 ], [ 23.705740869023192, 37.993082615203171 ], [ 23.705799427870193, 37.993105611933842 ], [ 23.705869090417785, 37.993132969774436 ], [ 23.70590454537021, 37.993076300092994 ], [ 23.705934040114862, 37.993029157389209 ], [ 23.705968392338722, 37.992974250545082 ], [ 23.706068955772075, 37.99281351370135 ], [ 23.706268819386015, 37.992494057264054 ], [ 23.706416718723172, 37.992264599154623 ], [ 23.706647756354517, 37.991891142814204 ], [ 23.706878436317403, 37.991517685101016 ], [ 23.706988192244765, 37.991351713143644 ], [ 23.707003392706596, 37.991328726809449 ], [ 23.707014818010922, 37.991319742429894 ], [ 23.707041819419924, 37.991279218559519 ], [ 23.707191680825215, 37.991054304074474 ], [ 23.707249434022511, 37.99116081646504 ], [ 23.707256184571289, 37.991173265577444 ], [ 23.70741468725863, 37.99107578863088 ], [ 23.707806335703836, 37.990596177728428 ], [ 23.707529592224308, 37.990468349388678 ], [ 23.707502255768627, 37.9904557229207 ], [ 23.707177315140395, 37.990311173135268 ], [ 23.707166458534445, 37.990306343164264 ], [ 23.707125328484587, 37.990288047439059 ], [ 23.707299391715406, 37.990231789045623 ], [ 23.708074753721018, 37.989981181536407 ], [ 23.707757398056383, 37.989834471060234 ], [ 23.707620779864925, 37.989694911977821 ], [ 23.707322473122488, 37.98938449243893 ], [ 23.707276100723771, 37.989339185750197 ], [ 23.706366784120696, 37.988450768433346 ], [ 23.706297509758208, 37.988383085674805 ], [ 23.706240074862414, 37.988422978202699 ], [ 23.70485413750988, 37.989385592667809 ], [ 23.70424214600682, 37.989798646158711 ], [ 23.703374593995751, 37.990395815448785 ], [ 23.701724794197268, 37.991511370532059 ], [ 23.70089340441924, 37.992073532312567 ], [ 23.698546776174158, 37.993516476489923 ], [ 23.698639275018554, 37.993686471157766 ], [ 23.699062188433622, 37.994261120798214 ], [ 23.699719447299699, 37.994708537484151 ], [ 23.699927251326596, 37.994803865700959 ], [ 23.700373330325419, 37.9951624275105 ], [ 23.701106148385051, 37.995751461822678 ], [ 23.701378336328276, 37.995971276761971 ], [ 23.700590184143127, 37.99627700084573 ], [ 23.70076562043608, 37.997223579038142 ], [ 23.700769877633313, 37.99722305270447 ], [ 23.700888242005433, 37.997208317676041 ], [ 23.701225721351406, 37.997163521857132 ], [ 23.701635970504011, 37.997105979885795 ], [ 23.702450648615557, 37.996992459574265 ], [ 23.702461806170696, 37.996990904246282 ], [ 23.702626962257355, 37.996967840806064 ], [ 23.702700011158342, 37.996957639090091 ], [ 23.703058763227705, 37.996907536351543 ], [ 23.703394851051204, 37.996860598353081 ], [ 23.703476024873346, 37.996849261198889 ], [ 23.703625776082493, 37.99682710656716 ], [ 23.703750401762754, 37.996669770811252 ], [ 23.704458973813406, 37.995775203894262 ], [ 23.704150280868372, 37.995548912345214 ], [ 23.703650157414273, 37.99500800813712 ], [ 23.703141965304223, 37.994458367792419 ], [ 23.703858340412374, 37.993987061152914 ], [ 23.704481549435133, 37.993602382665195 ], [ 23.704517620338716, 37.993525638864874 ], [ 23.704532313199309, 37.993494639174507 ], [ 23.70453969695777, 37.993478633802248 ], [ 23.704543715682405, 37.993469923978708 ], [ 23.704546909525565, 37.993463001130856 ], [ 23.704554033627751, 37.993447560210157 ], [ 23.704638224430916, 37.993265077868877 ], [ 23.70475993765, 37.992999504778055 ] ] ] ] } },
{ "type": "Feature", "id": "geitonies0.83", "geometry_name": "the_geom", "properties": { "fid": 83, "gid": 79, "synoikia": "ΟΣΕ", "name": "ΟΣΕ", "dk": "4η ΔΚ", "shape_leng": 2998.2735643516799, "geit_thesm": 1, "name_en": "OSE", "synoik_en": "OSE", "dk_en": "4th", "shape_area": 130177.91694687204, "id": 78, "geitonia": "ΟΣΕ" }, "geometry": { "type": "MultiPolygon", "coordinates": [ [ [ [ 23.720967747526263, 37.995463524783759 ], [ 23.721061381516314, 37.99478628442273 ], [ 23.721302343987151, 37.994802461357729 ], [ 23.721446981052615, 37.994757153066629 ], [ 23.721406038741559, 37.994572292937228 ], [ 23.721326715925084, 37.994184553013298 ], [ 23.721226499413394, 37.993675090173411 ], [ 23.721192337888816, 37.993485739588934 ], [ 23.721139611156381, 37.992935831398931 ], [ 23.721110907768288, 37.992872185871413 ], [ 23.721105023658733, 37.992859140254467 ], [ 23.721120602385451, 37.992692439654391 ], [ 23.7210347199788, 37.992282696135391 ], [ 23.721034221622492, 37.992279265567561 ], [ 23.721034060680694, 37.992278158409007 ], [ 23.721023524578928, 37.992201009640375 ], [ 23.721037797337548, 37.992097395822007 ], [ 23.720991567839334, 37.991993638498883 ], [ 23.720823664485629, 37.991742964311271 ], [ 23.72067412924714, 37.991519710904804 ], [ 23.720452681969135, 37.991073049126072 ], [ 23.720407148595026, 37.990973799633068 ], [ 23.720325911209084, 37.990811375332882 ], [ 23.720302027015116, 37.990703229318498 ], [ 23.720274130286988, 37.9905769182838 ], [ 23.72030855753831, 37.990503331875708 ], [ 23.720322568377004, 37.990473385770137 ], [ 23.720295592675264, 37.990360661083308 ], [ 23.720180322775338, 37.989882706195552 ], [ 23.720077570273254, 37.989403458763405 ], [ 23.719866702737477, 37.988419926579112 ], [ 23.719839962001789, 37.98829520080357 ], [ 23.719884657955827, 37.988041078277845 ], [ 23.719998236268388, 37.987860475279007 ], [ 23.720033799196312, 37.987803924999341 ], [ 23.720006333538663, 37.987719209158314 ], [ 23.720006002274246, 37.98771917682479 ], [ 23.720005763216573, 37.987719153723638 ], [ 23.719290228231912, 37.987649906022469 ], [ 23.71886795063886, 37.987622315022335 ], [ 23.71842391040439, 37.987254627387522 ], [ 23.718309152416293, 37.987183343997756 ], [ 23.718253208494829, 37.987106571960751 ], [ 23.7182147997949, 37.987053862947903 ], [ 23.718042336618645, 37.986984193141588 ], [ 23.718014759715409, 37.987005692978137 ], [ 23.717973002230497, 37.987049044708101 ], [ 23.717951195659609, 37.987071684970552 ], [ 23.717912466305947, 37.987105467788304 ], [ 23.717906889304746, 37.987110332166949 ], [ 23.717878317582642, 37.987135254467383 ], [ 23.717778145010971, 37.987222632566045 ], [ 23.717847159951535, 37.987281433017984 ], [ 23.717876277192865, 37.987306778488829 ], [ 23.717904265130993, 37.987331140646205 ], [ 23.717952151225838, 37.987371813293308 ], [ 23.718355157815829, 37.987701747877935 ], [ 23.71832279507332, 37.987821967557871 ], [ 23.718209675411547, 37.988242170248647 ], [ 23.718434499449703, 37.988265240752135 ], [ 23.718690631245021, 37.989315850100645 ], [ 23.718860988062701, 37.989936103153291 ], [ 23.718922685007527, 37.990150092937633 ], [ 23.719035697152105, 37.990564953730917 ], [ 23.719051148584576, 37.990619067695881 ], [ 23.719146947747216, 37.990975303760919 ], [ 23.719258607542688, 37.991372135372941 ], [ 23.719616722709951, 37.992657319394603 ], [ 23.719746551119954, 37.993144322137667 ], [ 23.719832849933081, 37.993473496347967 ], [ 23.719908254338382, 37.993766593182343 ], [ 23.719955518356034, 37.994627431706206 ], [ 23.71999225211702, 37.995262924125214 ], [ 23.720018639091606, 37.995718135134538 ], [ 23.720040673042817, 37.996101233065524 ], [ 23.720056390798661, 37.996367149091228 ], [ 23.720093855155188, 37.9969981366146 ], [ 23.720126709767801, 37.997624606673796 ], [ 23.720146390918629, 37.99797164753646 ], [ 23.72015809408385, 37.998169957677099 ], [ 23.72018913946965, 37.998710801400271 ], [ 23.720262894085085, 37.999233694857899 ], [ 23.720262915146709, 37.999233847224815 ], [ 23.720302869733771, 37.99925043121938 ], [ 23.720433205847435, 37.999304530567713 ], [ 23.720455384181669, 37.999313735811789 ], [ 23.72050319388741, 37.999333433413661 ], [ 23.720550630286194, 37.999218889417214 ], [ 23.720539627097487, 37.999050105241565 ], [ 23.720563247650183, 37.998538693144276 ], [ 23.720616540344956, 37.997977271684249 ], [ 23.720652210079994, 37.997675426535039 ], [ 23.720725758982041, 37.997148419883054 ], [ 23.720783536789103, 37.996738403739521 ], [ 23.720872024115611, 37.996116728208172 ], [ 23.720967747526263, 37.995463524783759 ] ] ] ] } },
{ "type": "Feature", "id": "geitonies0.84", "geometry_name": "the_geom", "properties": { "fid": 84, "gid": 80, "synoikia": "ΠΟΛΥΓΩΝΟ", "name": "ΠΟΛΥΓΩΝΟ ΙΙ", "dk": "7η ΔΚ", "shape_leng": 1318.6980586141401, "geit_thesm": 1, "name_en": "POLYGONO II", "synoik_en": "POLYGONO", "dk_en": "7th", "shape_area": 92536.564052144546, "id": 79, "geitonia": "ΠΟΛΥΓΩΝΟ ΙΙ" }, "geometry": { "type": "MultiPolygon", "coordinates": [ [ [ [ 23.749472655997526, 37.99624872179416 ], [ 23.749119763581696, 37.995675654257283 ], [ 23.748615462123645, 37.995877366400258 ], [ 23.748307993688961, 37.995997743173739 ], [ 23.748196873491963, 37.996041247348273 ], [ 23.747676733981017, 37.996244882732299 ], [ 23.747240512512874, 37.996415190044921 ], [ 23.746655072048174, 37.996632371943221 ], [ 23.746508074124147, 37.996701239570882 ], [ 23.746327637574463, 37.996775888737425 ], [ 23.74594250278626, 37.996901148867309 ], [ 23.746058674883908, 37.997011797999036 ], [ 23.746087337667614, 37.997039098478751 ], [ 23.746387519305188, 37.997264018882525 ], [ 23.746732730909663, 37.997522676803648 ], [ 23.746965994425711, 37.997689916354112 ], [ 23.747303234253657, 37.997947507244113 ], [ 23.747851739974408, 37.998354262066044 ], [ 23.748000840985124, 37.998467242070717 ], [ 23.748079299655664, 37.998525993581538 ], [ 23.74850571386127, 37.998833342562776 ], [ 23.748673990557808, 37.998959881962136 ], [ 23.749071847658854, 37.999256262318468 ], [ 23.749458053026352, 37.999258302379829 ], [ 23.749747463907568, 37.999259829724359 ], [ 23.750096717338245, 37.999261672793104 ], [ 23.750354348101045, 37.999683073336143 ], [ 23.750518007256101, 37.999287996896854 ], [ 23.750526668167879, 37.999267090168686 ], [ 23.750618865821576, 37.999042239702653 ], [ 23.750777202596371, 37.998656087797272 ], [ 23.75084703190365, 37.99848578588486 ], [ 23.750571342384958, 37.998040105311645 ], [ 23.750022681421022, 37.997151175973933 ], [ 23.749472655997526, 37.99624872179416 ] ] ] ] } },
{ "type": "Feature", "id": "geitonies0.85", "geometry_name": "the_geom", "properties": { "fid": 85, "gid": 81, "synoikia": "ΚΥΨΕΛΗ", "name": "ΠΟΛΥΓΩΝΟ", "dk": "6η ΔΚ", "shape_leng": 1902.21034740403, "geit_thesm": 1, "name_en": "POLYGONO", "synoik_en": "KYPSELI", "dk_en": "6th", "shape_area": 172808.44961885171, "id": 80, "geitonia": "ΠΟΛΥΓΩΝΟ" }, "geometry": { "type": "MultiPolygon", "coordinates": [ [ [ [ 23.742038071086842, 37.997007308015597 ], [ 23.742151083997843, 37.996377104225878 ], [ 23.742090919916542, 37.99638147873349 ], [ 23.741555994214259, 37.996276656901784 ], [ 23.740810205462441, 37.996117291124314 ], [ 23.740186417636092, 37.995980722273757 ], [ 23.739508210685727, 37.995835016765199 ], [ 23.73828026936825, 37.995548386379028 ], [ 23.737996140055181, 37.99548015750976 ], [ 23.737835675123403, 37.995466280693279 ], [ 23.737335640961941, 37.995361517434901 ], [ 23.736508385278263, 37.995197436002371 ], [ 23.735995526161439, 37.995097144735219 ], [ 23.735798085315874, 37.995057658679379 ], [ 23.73577773407423, 37.995053588730748 ], [ 23.735699473661384, 37.995037936951775 ], [ 23.735699268806307, 37.99503789593367 ], [ 23.7339100593544, 37.995326966508557 ], [ 23.733910314954954, 37.995327147343545 ], [ 23.73396052288113, 37.995362668755703 ], [ 23.733999696902931, 37.995390367285317 ], [ 23.734798443781642, 37.995955111042264 ], [ 23.734910657991868, 37.9960344651751 ], [ 23.735321698910187, 37.996325064362651 ], [ 23.735709576778401, 37.996599308540176 ], [ 23.736214222279781, 37.996956089749432 ], [ 23.736799940101601, 37.997370182595091 ], [ 23.736965378121614, 37.99748771955732 ], [ 23.737210008564531, 37.997655003846582 ], [ 23.737539835458858, 37.997885567616684 ], [ 23.737802913257728, 37.998070917498794 ], [ 23.737969872076757, 37.998273776427318 ], [ 23.738048151063932, 37.998368887487487 ], [ 23.738240423190692, 37.998648713417893 ], [ 23.738423870393639, 37.998946656822554 ], [ 23.738446028652053, 37.99898264567566 ], [ 23.738570609702208, 37.999181204990123 ], [ 23.73867266695196, 37.999298618454596 ], [ 23.738781446625016, 37.999423766250544 ], [ 23.738790387497964, 37.999434052625631 ], [ 23.739072358692219, 37.999714076332438 ], [ 23.739082044820915, 37.999707241759161 ], [ 23.739638987904179, 37.999314260977982 ], [ 23.74005434868976, 37.999013249801081 ], [ 23.740430461676528, 37.998739189028463 ], [ 23.740485756025041, 37.998703259710119 ], [ 23.741002802435514, 37.998330366785552 ], [ 23.741453807224584, 37.99801140341394 ], [ 23.741652560149671, 37.997867634780434 ], [ 23.741920161613137, 37.997678952717848 ], [ 23.741972795147799, 37.997386151016407 ], [ 23.742038071086842, 37.997007308015597 ] ] ] ] } },
{ "type": "Feature", "id": "geitonies0.86", "geometry_name": "the_geom", "properties": { "fid": 86, "gid": 82, "synoikia": "ΠΛΑΤΕΙΑ ΑΤΤΙΚΗΣ", "name": "ΑΡΙΣΤΟΤΕΛΟΥΣ", "dk": "6η ΔΚ", "shape_leng": 1722.43914049769, "geit_thesm": 1, "name_en": "ARISTOTELOUS", "synoik_en": "PLATEIA ATTIKIS", "dk_en": "6th", "shape_area": 180551.39772621731, "id": 81, "geitonia": "ΑΡΙΣΤΟΤΕΛΟΥΣ" }, "geometry": { "type": "MultiPolygon", "coordinates": [ [ [ [ 23.732142071120041, 37.995625058380369 ], [ 23.732141982464423, 37.995624695862418 ], [ 23.732141857116488, 37.995624714503904 ], [ 23.730915548920013, 37.995811166020502 ], [ 23.730262791638676, 37.995913318461682 ], [ 23.729692668323054, 37.995997631540234 ], [ 23.729168418507527, 37.996082780235163 ], [ 23.728926645822806, 37.996122048288427 ], [ 23.727393235081106, 37.996352837961489 ], [ 23.727469578086808, 37.996785630972461 ], [ 23.727565881582972, 37.997403233238892 ], [ 23.727559771708627, 37.997804290184824 ], [ 23.727553817065505, 37.998259424458652 ], [ 23.727549057616745, 37.998583875400428 ], [ 23.72754278581035, 37.998836220166851 ], [ 23.727536924577311, 37.999169681354957 ], [ 23.727536079358, 37.999205730721862 ], [ 23.727533632300979, 37.999385981674209 ], [ 23.727528917437827, 37.999602278689714 ], [ 23.72752098933438, 37.999927903796888 ], [ 23.727519263365096, 37.999998820856476 ], [ 23.727519695280805, 37.999998755162189 ], [ 23.728572339710642, 37.999839024910223 ], [ 23.729201966323629, 37.999745841550784 ], [ 23.729862250583828, 37.99963920598951 ], [ 23.730570243442884, 37.999528169601383 ], [ 23.731152527484106, 37.999434867325327 ], [ 23.731791077822944, 37.999332677654976 ], [ 23.733022873512141, 37.999155223566547 ], [ 23.732882564570883, 37.998587096531182 ], [ 23.732746801236566, 37.998041511690246 ], [ 23.732426480407117, 37.996765467267643 ], [ 23.732322281788658, 37.996350639710876 ], [ 23.732226850401847, 37.995971883342513 ], [ 23.732143314527388, 37.995630147156291 ], [ 23.732142071120041, 37.995625058380369 ] ] ] ] } },
{ "type": "Feature", "id": "geitonies0.87", "geometry_name": "the_geom", "properties": { "fid": 87, "gid": 83, "synoikia": "ΠΛΑΤΕΙΑ ΑΜΕΡΙΚΗΣ", "name": "ΑΓΙΑ ΤΡΙΑΔΑ", "dk": "6η ΔΚ", "shape_leng": 1379.2409918134599, "geit_thesm": 1, "name_en": "AGIA TRIADA", "synoik_en": "PLATEIA AMERIKIS", "dk_en": "6th", "shape_area": 106256.40110456246, "id": 82, "geitonia": "ΑΓΙΑ ΤΡΙΑΔΑ" }, "geometry": { "type": "MultiPolygon", "coordinates": [ [ [ [ 23.72913477065455, 38.006982985362193 ], [ 23.729392942596771, 38.006956541229066 ], [ 23.729557040165147, 38.006956918695749 ], [ 23.729721155418105, 38.006952789564266 ], [ 23.730199797384902, 38.006890798849582 ], [ 23.730752869004629, 38.006819963786953 ], [ 23.731289565401415, 38.006749088707529 ], [ 23.731091087287272, 38.00592846835427 ], [ 23.730905486772205, 38.005188992426802 ], [ 23.730816498585256, 38.005188788782881 ], [ 23.730354564412959, 38.005259833172929 ], [ 23.730287534196229, 38.004998307615864 ], [ 23.730257351560184, 38.004881071696644 ], [ 23.730218046387428, 38.004727763549035 ], [ 23.730150306369588, 38.004466236263198 ], [ 23.730106508812909, 38.004301858124315 ], [ 23.730011622532526, 38.003943174186865 ], [ 23.728579341912685, 38.004203210555055 ], [ 23.728565498970696, 38.004205723828655 ], [ 23.727099754023001, 38.004477222956467 ], [ 23.726139462532721, 38.004650740813275 ], [ 23.726078643765948, 38.004660629546756 ], [ 23.726032164045158, 38.004668187588905 ], [ 23.725980118966305, 38.004676650151225 ], [ 23.725948199407654, 38.004681840166192 ], [ 23.726259738787249, 38.005043078592962 ], [ 23.726600676487951, 38.00544494221824 ], [ 23.726644664198158, 38.005485602163127 ], [ 23.726652037902557, 38.005496499579493 ], [ 23.726790592365248, 38.005701262058125 ], [ 23.727209678238093, 38.006320599991255 ], [ 23.727307643853059, 38.00649207076367 ], [ 23.727476607977785, 38.006812417515626 ], [ 23.727633726226731, 38.00715977503301 ], [ 23.72767583030474, 38.007155171448701 ], [ 23.727744705811492, 38.00714764027542 ], [ 23.727826299809124, 38.007138718977664 ], [ 23.727875880446106, 38.007133297135958 ], [ 23.72913477065455, 38.006982985362193 ] ] ] ] } },
{ "type": "Feature", "id": "geitonies0.103", "geometry_name": "the_geom", "properties": { "fid": 103, "gid": 102, "synoikia": "ΑΝΩ ΚΥΨΕΛΗ", "name": "ΑΓΙΟΣ ΑΘΑΝΑΣΙΟΣ", "dk": "6η ΔΚ", "shape_leng": 2095.79148014472, "geit_thesm": 1, "name_en": "AGIOS ATHANASIOS", "synoik_en": "ANO KYPSELI", "dk_en": "6th", "shape_area": 251316.85433715544, "id": 101, "geitonia": "ΑΓΙΟΣ ΑΘΑΝΑΣΙΟΣ" }, "geometry": { "type": "MultiPolygon", "coordinates": [ [ [ [ 23.750230897993244, 38.008164556461033 ], [ 23.750168034156626, 38.007918849684401 ], [ 23.750056246185434, 38.00760613040989 ], [ 23.749854125387277, 38.0071610990423 ], [ 23.749822698384094, 38.00709190294063 ], [ 23.749762575519693, 38.00688295873325 ], [ 23.749694763906756, 38.006647293127912 ], [ 23.749681271432177, 38.006600403135486 ], [ 23.749507179601114, 38.006037708848581 ], [ 23.749348050040265, 38.005598727341457 ], [ 23.748504552485883, 38.004380631325148 ], [ 23.748425008460647, 38.00430958162621 ], [ 23.748392490010779, 38.004280536724657 ], [ 23.748328461581991, 38.004249675000416 ], [ 23.747775426414854, 38.004027427242924 ], [ 23.746889320671762, 38.003671320349682 ], [ 23.746674459682978, 38.003584970004191 ], [ 23.746499822013256, 38.003514785757325 ], [ 23.746151894426216, 38.003374956558048 ], [ 23.745994850038379, 38.003312704769428 ], [ 23.74535651109904, 38.003071752613934 ], [ 23.744803653888514, 38.002863116841695 ], [ 23.744715489654002, 38.002831380606061 ], [ 23.743862019757447, 38.002806992904887 ], [ 23.743860666720504, 38.002809250375563 ], [ 23.743468191969907, 38.003464070991377 ], [ 23.743206100311294, 38.003905127550333 ], [ 23.742851804976912, 38.00424684083665 ], [ 23.742546429656642, 38.004543596002314 ], [ 23.742862888091199, 38.004742570486719 ], [ 23.743294552110161, 38.004977846932704 ], [ 23.743371667496103, 38.005014066528489 ], [ 23.74360335700214, 38.005274823488037 ], [ 23.743804947788622, 38.005501703709839 ], [ 23.744221969369526, 38.005957759020212 ], [ 23.744480167640418, 38.006228704985652 ], [ 23.744602875860046, 38.006359657462077 ], [ 23.744812466018899, 38.006585433000701 ], [ 23.745160600425127, 38.006996271309575 ], [ 23.745438906325585, 38.007424983083162 ], [ 23.745553489975418, 38.007641538763814 ], [ 23.745681940673187, 38.007838275377679 ], [ 23.745761142427803, 38.008011412570958 ], [ 23.745847926235324, 38.008006087005221 ], [ 23.746636790981984, 38.007966699690037 ], [ 23.746658953964264, 38.007965526197488 ], [ 23.746737034116371, 38.007997190573228 ], [ 23.747281979615071, 38.008233750693854 ], [ 23.747393033620089, 38.008280806379148 ], [ 23.747812360350107, 38.00844276632003 ], [ 23.747860621815747, 38.008462147321993 ], [ 23.748178502453214, 38.008589802830372 ], [ 23.748309411663481, 38.008642373648073 ], [ 23.748601528261815, 38.00875968022909 ], [ 23.748994501366795, 38.008915250808819 ], [ 23.749519878791773, 38.009123209767722 ], [ 23.749680274407243, 38.008919629917003 ], [ 23.749757016280338, 38.008822224950876 ], [ 23.749757543761248, 38.008821533888671 ], [ 23.750051374001693, 38.008436989543242 ], [ 23.750230897993244, 38.008164556461033 ] ] ] ] } },
{ "type": "Feature", "id": "geitonies0.88", "geometry_name": "the_geom", "properties": { "fid": 88, "gid": 85, "synoikia": "ΠΟΛΥΓΩΝΟ", "name": "ΠΟΛΥΓΩΝΟ Ι", "dk": "7η ΔΚ", "shape_leng": 2728.4703453438001, "geit_thesm": 1, "name_en": "POLYGONO I", "synoik_en": "POLYGONO", "dk_en": "7th", "shape_area": 284506.10707305139, "id": 84, "geitonia": "ΠΟΛΥΓΩΝΟ Ι" }, "geometry": { "type": "MultiPolygon", "coordinates": [ [ [ [ 23.753704092024488, 37.999231895266156 ], [ 23.753908778214985, 37.9992233108851 ], [ 23.754285165987522, 37.999278174835098 ], [ 23.754418116582286, 37.999328023111175 ], [ 23.754640436707824, 37.999425004667422 ], [ 23.755089084122748, 37.999635858605437 ], [ 23.755568941892154, 37.999830632806081 ], [ 23.755665383874266, 37.999835339614847 ], [ 23.755728071966278, 37.999821950575729 ], [ 23.755744732151445, 37.999814622591032 ], [ 23.755753547017015, 37.9998107446484 ], [ 23.756013587351411, 37.999696363521807 ], [ 23.756727877106353, 37.999391406709982 ], [ 23.757217082092446, 37.999342846961085 ], [ 23.757347988338463, 37.999365649199191 ], [ 23.757717498843096, 37.999456539323354 ], [ 23.758084862203521, 37.999574462377858 ], [ 23.758692428591502, 37.999769486456081 ], [ 23.758785351186194, 37.999544356170709 ], [ 23.758795627059985, 37.999449742465544 ], [ 23.75878540683323, 37.999310022542375 ], [ 23.75873607924381, 37.999156703145118 ], [ 23.758547243792734, 37.998890436946603 ], [ 23.758218456466505, 37.998538260862411 ], [ 23.757928972572728, 37.998249254607089 ], [ 23.757846310487526, 37.998167968904653 ], [ 23.757609742647595, 37.998023276197038 ], [ 23.757289489852418, 37.997891929607256 ], [ 23.757097502086811, 37.997828443398028 ], [ 23.756887445935348, 37.997777532996551 ], [ 23.756328618881035, 37.997642089783405 ], [ 23.75611002895528, 37.997551508329359 ], [ 23.755400547440143, 37.997270636997854 ], [ 23.755174248337006, 37.997143986412745 ], [ 23.755027277852516, 37.997053959381127 ], [ 23.754814456405303, 37.996917915951592 ], [ 23.754615100206966, 37.996785618925905 ], [ 23.754215369379612, 37.996515594194278 ], [ 23.753918339281839, 37.996361754833998 ], [ 23.753679868530973, 37.995725850393825 ], [ 23.753470715143653, 37.99515760317469 ], [ 23.753483073438019, 37.995081019919972 ], [ 23.753497981649897, 37.994986416322561 ], [ 23.753510462787023, 37.994945598982284 ], [ 23.753668267020711, 37.994429506311953 ], [ 23.753261517987752, 37.994370817432433 ], [ 23.753049647714054, 37.99434024645651 ], [ 23.752966376994067, 37.994328230520708 ], [ 23.752684790542503, 37.994287599217259 ], [ 23.752302780293991, 37.994232476750589 ], [ 23.752075143734839, 37.994199628420603 ], [ 23.751883189629002, 37.994171929157964 ], [ 23.751767014936579, 37.994198658569836 ], [ 23.751511607553731, 37.994249690749427 ], [ 23.751499195549027, 37.994252168294359 ], [ 23.751028376408811, 37.994345809279743 ], [ 23.75059348846051, 37.994438680971314 ], [ 23.750325679307824, 37.994493031642904 ], [ 23.75014724975258, 37.994528704118359 ], [ 23.750316621330079, 37.995065327882763 ], [ 23.750346893087961, 37.995164533396974 ], [ 23.750404620140067, 37.995353925579472 ], [ 23.750348497067442, 37.995418788151341 ], [ 23.750295641699765, 37.995479874042374 ], [ 23.749978000301066, 37.995425122212325 ], [ 23.749777146794674, 37.995460746448366 ], [ 23.749298613096862, 37.995621958566126 ], [ 23.749202284637871, 37.995650879099038 ], [ 23.749119763581696, 37.995675654257283 ], [ 23.749472655997526, 37.99624872179416 ], [ 23.750022681421022, 37.997151175973933 ], [ 23.750571342384958, 37.998040105311645 ], [ 23.75084703190365, 37.99848578588486 ], [ 23.750777202596371, 37.998656087797272 ], [ 23.750618865821576, 37.999042239702653 ], [ 23.750526668167879, 37.999267090168686 ], [ 23.750518007256101, 37.999287996896854 ], [ 23.750354348101045, 37.999683073336143 ], [ 23.750256743183858, 37.999918688731917 ], [ 23.750214834641412, 38.000018052753042 ], [ 23.750228516132498, 38.000155720399135 ], [ 23.750269350256541, 38.000215018723466 ], [ 23.750340309649438, 38.000256772611436 ], [ 23.750400695472663, 38.000292952112176 ], [ 23.750569608852995, 38.00033837462712 ], [ 23.751011176326706, 38.000276220425249 ], [ 23.751291764107467, 38.000137115174368 ], [ 23.751514507998216, 38.000051964059892 ], [ 23.751538030824918, 38.000043000920797 ], [ 23.751742032057745, 37.999921758440223 ], [ 23.752043473303875, 37.999719605556749 ], [ 23.752404247047114, 37.999549121733082 ], [ 23.752711108532864, 37.999428094049151 ], [ 23.753125041427896, 37.999325316025676 ], [ 23.753704092024488, 37.999231895266156 ] ] ] ] } },
{ "type": "Feature", "id": "geitonies0.89", "geometry_name": "the_geom", "properties": { "fid": 89, "gid": 86, "synoikia": "ΠΛΑΤΕΙΑ ΑΤΤΙΚΗΣ", "name": "ΑΓΙΟΣ ΠΑΝΤΕΛΕΗΜΩΝ", "dk": "6η ΔΚ", "shape_leng": 1565.7870008365601, "geit_thesm": 1, "name_en": "AGIOS PANTELEIMON", "synoik_en": "PLATEIA ATTIKIS", "dk_en": "6th", "shape_area": 154268.38854298028, "id": 85, "geitonia": "ΑΓΙΟΣ ΠΑΝΤΕΛΕΗΜΩΝ" }, "geometry": { "type": "MultiPolygon", "coordinates": [ [ [ [ 23.727393235081106, 37.996352837961489 ], [ 23.727275135846583, 37.996234080539381 ], [ 23.726410273392286, 37.99628524318338 ], [ 23.726368858229801, 37.996368484924105 ], [ 23.726309321362518, 37.996395384905014 ], [ 23.725504306907421, 37.996474624425915 ], [ 23.724674749181791, 37.996549294565909 ], [ 23.723896545299592, 37.996631199554109 ], [ 23.723137688921536, 37.996703411072943 ], [ 23.723137906771797, 37.996706054148738 ], [ 23.723154027393917, 37.996901731881579 ], [ 23.723188535543333, 37.997284858532041 ], [ 23.723251736733573, 37.997893373480828 ], [ 23.723368161657863, 37.999114886039898 ], [ 23.723488913409394, 38.000417523865018 ], [ 23.724275821257407, 38.000338255813936 ], [ 23.72499650786898, 38.000263334088615 ], [ 23.725539856715205, 38.000210526318547 ], [ 23.726125594350062, 38.000148801921398 ], [ 23.727356861438931, 38.00002548298967 ], [ 23.727519263365096, 37.999998820856476 ], [ 23.72752098933438, 37.999927903796888 ], [ 23.727528917437827, 37.999602278689714 ], [ 23.727533632300979, 37.999385981674209 ], [ 23.727536079358, 37.999205730721862 ], [ 23.727536924577311, 37.999169681354957 ], [ 23.72754278581035, 37.998836220166851 ], [ 23.727549057616745, 37.998583875400428 ], [ 23.727553817065505, 37.998259424458652 ], [ 23.727559771708627, 37.997804290184824 ], [ 23.727565881582972, 37.997403233238892 ], [ 23.727469578086808, 37.996785630972461 ], [ 23.727393235081106, 37.996352837961489 ] ] ] ] } },
{ "type": "Feature", "id": "geitonies0.90", "geometry_name": "the_geom", "properties": { "fid": 90, "gid": 87, "synoikia": "ΑΓΙΟΣ ΕΛΕΥΘΕΡΙΟΣ", "name": "ΑΓΙΟΣ ΕΛΕΥΘΕΡΙΟΣ Ι", "dk": "5η ΔΚ", "shape_leng": 2176.0908650073802, "geit_thesm": 1, "name_en": "AGIOS ELEFTHERIOS I", "synoik_en": "AGIOS ELEFTHERIOS", "dk_en": "5th", "shape_area": 122480.0984069327, "id": 86, "geitonia": "ΑΓΙΟΣ ΕΛΕΥΘΕΡΙΟΣ Ι" }, "geometry": { "type": "MultiPolygon", "coordinates": [ [ [ [ 23.728811723432919, 38.012259624643889 ], [ 23.728813037991475, 38.012237062299498 ], [ 23.728776482552874, 38.012238488544483 ], [ 23.728692312187007, 38.01224177153474 ], [ 23.728516519284025, 38.012257835857419 ], [ 23.728626346125559, 38.01237472683642 ], [ 23.728557551521067, 38.012889141876506 ], [ 23.728468993332115, 38.013772605564085 ], [ 23.728406340084682, 38.014736831359535 ], [ 23.728345890827963, 38.015489261108151 ], [ 23.728257246418874, 38.01645342649303 ], [ 23.728275831405696, 38.016530078277789 ], [ 23.728268345239229, 38.016629201829986 ], [ 23.728254790839365, 38.016732817759681 ], [ 23.728239389229721, 38.016854455025424 ], [ 23.728197898392029, 38.017485255389957 ], [ 23.728400386835066, 38.01799044018982 ], [ 23.728539205478008, 38.01834186795331 ], [ 23.728539360109465, 38.018342260367156 ], [ 23.728715690557522, 38.01879781376315 ], [ 23.729054282948169, 38.019663823251349 ], [ 23.729234892004136, 38.020119385633542 ], [ 23.729540392985538, 38.020886176565291 ], [ 23.729569670641741, 38.020954412198144 ], [ 23.729571476245116, 38.020953844037862 ], [ 23.729685576301922, 38.020918155229488 ], [ 23.72968589453189, 38.020918055918969 ], [ 23.729883025992361, 38.020850912920849 ], [ 23.731673283884184, 38.020228622089476 ], [ 23.731744115020383, 38.020199168534191 ], [ 23.731794591454364, 38.020178179299648 ], [ 23.731890878614017, 38.020138140497487 ], [ 23.73191040257441, 38.020130022117229 ], [ 23.731977739972592, 38.02011665641453 ], [ 23.731910457523846, 38.020017362244403 ], [ 23.73190443737094, 38.020008335719552 ], [ 23.731682254404205, 38.019604673792962 ], [ 23.731453197291703, 38.019367397266166 ], [ 23.731201612714081, 38.018943220805021 ], [ 23.730687226917297, 38.018049776487466 ], [ 23.730655498917681, 38.017964082194105 ], [ 23.73015390872002, 38.017079677524691 ], [ 23.729754115667241, 38.0163982926993 ], [ 23.729690720857448, 38.016308018944699 ], [ 23.729627343895618, 38.016213238793078 ], [ 23.72933956066025, 38.015473526701712 ], [ 23.729205077311384, 38.014869359037867 ], [ 23.729190878672167, 38.014761172652186 ], [ 23.729203504993862, 38.014716137689859 ], [ 23.729214317581487, 38.014680111357144 ], [ 23.729086568033555, 38.013891196405915 ], [ 23.729060406877437, 38.01384156568669 ], [ 23.729039908488684, 38.013800960817946 ], [ 23.728930582296407, 38.01313376096742 ], [ 23.728803398038476, 38.012402578373369 ], [ 23.728811723432919, 38.012259624643889 ] ] ] ] } },
{ "type": "Feature", "id": "geitonies0.91", "geometry_name": "the_geom", "properties": { "fid": 91, "gid": 88, "synoikia": "ΓΗΡΟΚΟΜΕΙΟ", "name": "ΝΕΑ ΦΙΛΟΘΕΗ", "dk": "7η ΔΚ", "shape_leng": 2140.3784668814401, "geit_thesm": 1, "name_en": "NEA FILOTHEI", "synoik_en": "GIROKOMEIO", "dk_en": "7th", "shape_area": 240671.94726348517, "id": 87, "geitonia": "ΝΕΑ ΦΙΛΟΘΕΗ" }, "geometry": { "type": "MultiPolygon", "coordinates": [ [ [ [ 23.763711812975846, 37.997530974450797 ], [ 23.763803029889203, 37.997166137637777 ], [ 23.763299577997159, 37.997223708992969 ], [ 23.763189896304166, 37.99702069929846 ], [ 23.762986732672928, 37.996668789276818 ], [ 23.762695072407098, 37.996167988478511 ], [ 23.762666759329313, 37.996118360720033 ], [ 23.762584311118015, 37.995969482429736 ], [ 23.762266152988058, 37.995410043546222 ], [ 23.762056251118725, 37.995053611790475 ], [ 23.76176395002339, 37.99453478157659 ], [ 23.761744149550147, 37.994494183669978 ], [ 23.761712664361749, 37.994435536399266 ], [ 23.761437916703006, 37.99432231890556 ], [ 23.760994274141876, 37.994051032908125 ], [ 23.760625550425427, 37.99382814618842 ], [ 23.760600304218865, 37.993780666510474 ], [ 23.76039237977589, 37.993654558996298 ], [ 23.759875252967074, 37.993365584546225 ], [ 23.759817065675467, 37.993436090399989 ], [ 23.759816747809033, 37.993436476401982 ], [ 23.75961206576152, 37.993684493737391 ], [ 23.759594570559667, 37.993705692243275 ], [ 23.759694416770564, 37.993755466926686 ], [ 23.759622313200083, 37.993831141052453 ], [ 23.759612992547339, 37.993840922571266 ], [ 23.7593594064579, 37.994115295792717 ], [ 23.758796930315409, 37.994704484945629 ], [ 23.758528034843469, 37.994950005462861 ], [ 23.758477558871089, 37.995285157947357 ], [ 23.758557588914144, 37.995587357926489 ], [ 23.758690784758059, 37.996090312606214 ], [ 23.758748612224171, 37.996308671775665 ], [ 23.75874071732586, 37.996536736335386 ], [ 23.758684852230889, 37.997216244856787 ], [ 23.75867030811288, 37.997393146067786 ], [ 23.758892116832918, 37.997714476975382 ], [ 23.759118093693459, 37.998103385235652 ], [ 23.759378200046495, 37.998551026527053 ], [ 23.759685443842915, 37.999079819583748 ], [ 23.759794245616245, 37.99926702305499 ], [ 23.759761256826131, 37.99943349396883 ], [ 23.759700516615364, 37.999740005498005 ], [ 23.759561557891985, 38.000330062227476 ], [ 23.759492172268779, 38.000541721979047 ], [ 23.759492775239028, 38.000542282909088 ], [ 23.759667116297543, 38.000704310615156 ], [ 23.759795001896705, 38.000781180962242 ], [ 23.759921892849789, 38.000835517053673 ], [ 23.76007301792151, 38.000880889613214 ], [ 23.760414849943214, 38.000949182701788 ], [ 23.760521599418009, 38.000958412943596 ], [ 23.760602738659301, 38.000963084545354 ], [ 23.761188502337788, 38.000995820312134 ], [ 23.761279665090768, 38.000982486130702 ], [ 23.761286626967731, 38.000811256407786 ], [ 23.761296513152359, 38.00039668607026 ], [ 23.762204769856179, 37.999871275038863 ], [ 23.7629080089133, 37.999453597868047 ], [ 23.763058019728753, 37.999291669104629 ], [ 23.763407206819721, 37.998841730169758 ], [ 23.76342278597242, 37.99875613954697 ], [ 23.763637510749415, 37.997837261706067 ], [ 23.763711812975846, 37.997530974450797 ] ] ] ] } },
{ "type": "Feature", "id": "geitonies0.92", "geometry_name": "the_geom", "properties": { "fid": 92, "gid": 89, "synoikia": "ΝΕΑ ΚΥΨΕΛΗ", "name": "ΝΕΑ ΚΥΨΕΛΗ Ι", "dk": "6η ΔΚ", "shape_leng": 1841.2077913341, "geit_thesm": 1, "name_en": "NEA KYPSELI I", "synoik_en": "NEA KYPSELI", "dk_en": "6th", "shape_area": 200086.52801832696, "id": 88, "geitonia": "ΝΕΑ ΚΥΨΕΛΗ Ι" }, "geometry": { "type": "MultiPolygon", "coordinates": [ [ [ [ 23.746058674883908, 37.997011797999036 ], [ 23.74594250278626, 37.996901148867309 ], [ 23.745840552286388, 37.996906510255833 ], [ 23.745693089738875, 37.996814337170804 ], [ 23.745351415318058, 37.996686919773921 ], [ 23.745198996191935, 37.996610516815906 ], [ 23.745052206093593, 37.996563356298992 ], [ 23.744295498250271, 37.996371832940518 ], [ 23.744146870569608, 37.996357908449433 ], [ 23.743820137635211, 37.996321595638847 ], [ 23.743473610651066, 37.996307172394964 ], [ 23.742807755167032, 37.99637403557594 ], [ 23.742513369369476, 37.996386910734493 ], [ 23.742151083997843, 37.996377104225878 ], [ 23.742038071086842, 37.997007308015597 ], [ 23.741972795147799, 37.997386151016407 ], [ 23.741920161613137, 37.997678952717848 ], [ 23.741652560149671, 37.997867634780434 ], [ 23.741453807224584, 37.99801140341394 ], [ 23.741002802435514, 37.998330366785552 ], [ 23.741376367050005, 37.998678182946598 ], [ 23.741654153197675, 37.9989356592218 ], [ 23.742102959029424, 37.999346728130341 ], [ 23.742320803130319, 37.999545487939756 ], [ 23.742329898835163, 37.999553986239398 ], [ 23.742644708889006, 37.99984812704534 ], [ 23.74272808360843, 37.999924918530702 ], [ 23.743124382190512, 38.000290804459411 ], [ 23.743431690401923, 38.000572507063517 ], [ 23.743656582267679, 38.000778658546814 ], [ 23.744601103359781, 38.001636932348084 ], [ 23.745053181347728, 38.001317957691313 ], [ 23.745353359316102, 38.001282556676635 ], [ 23.745087250943371, 38.001038633769369 ], [ 23.745042899149688, 38.000997979891352 ], [ 23.74554661580931, 38.000566454821524 ], [ 23.745906822271429, 38.000256290845371 ], [ 23.746279174959312, 37.999932632698261 ], [ 23.746881746718536, 37.999420199515271 ], [ 23.747443270218344, 37.998939219974815 ], [ 23.748000840985124, 37.998467242070717 ], [ 23.747851739974408, 37.998354262066044 ], [ 23.747303234253657, 37.997947507244113 ], [ 23.746965994425711, 37.997689916354112 ], [ 23.746732730909663, 37.997522676803648 ], [ 23.746387519305188, 37.997264018882525 ], [ 23.746087337667614, 37.997039098478751 ], [ 23.746058674883908, 37.997011797999036 ] ] ] ] } },
{ "type": "Feature", "id": "geitonies0.93", "geometry_name": "the_geom", "properties": { "fid": 93, "gid": 98, "synoikia": "ΑΝΩ ΚΥΨΕΛΗ", "name": "ΑΛΕΠΟΤΡΥΠΑ", "dk": "6η ΔΚ", "shape_leng": 1681.3207677984001, "geit_thesm": 1, "name_en": "ALEPOTRYPA", "synoik_en": "ANO KYPSELI", "dk_en": "6th", "shape_area": 111054.77666550918, "id": 97, "geitonia": "ΑΛΕΠΟΤΡΥΠΑ" }, "geometry": { "type": "MultiPolygon", "coordinates": [ [ [ [ 23.745160600425127, 38.006996271309575 ], [ 23.744812466018899, 38.006585433000701 ], [ 23.744602875860046, 38.006359657462077 ], [ 23.744480167640418, 38.006228704985652 ], [ 23.744221969369526, 38.005957759020212 ], [ 23.743804947788622, 38.005501703709839 ], [ 23.74360335700214, 38.005274823488037 ], [ 23.743371667496103, 38.005014066528489 ], [ 23.743294552110161, 38.004977846932704 ], [ 23.742862888091199, 38.004742570486719 ], [ 23.742546429656642, 38.004543596002314 ], [ 23.741841140374202, 38.004077889430306 ], [ 23.741457942486072, 38.003829194941112 ], [ 23.741351111056407, 38.003842479284138 ], [ 23.741220533256271, 38.003325417278184 ], [ 23.741220163658941, 38.003323953683072 ], [ 23.740659266721558, 38.003403833637577 ], [ 23.739910334244268, 38.003510333712029 ], [ 23.739914396162625, 38.003525131842167 ], [ 23.740052661911466, 38.004028885896204 ], [ 23.74018039818608, 38.004547405630888 ], [ 23.740361478280114, 38.005282350743315 ], [ 23.740544777087557, 38.005994768326872 ], [ 23.740652239596205, 38.006409595199273 ], [ 23.740673652096248, 38.006495264228917 ], [ 23.740760415224656, 38.006824423517699 ], [ 23.740797032297866, 38.006823105436872 ], [ 23.740876639282241, 38.006820239936282 ], [ 23.741114287939954, 38.006811683792137 ], [ 23.74194322693166, 38.006795949525838 ], [ 23.743332819612331, 38.006769560842436 ], [ 23.743715054407552, 38.006988623685906 ], [ 23.743778227425576, 38.007042838266258 ], [ 23.744622778614964, 38.008074363006777 ], [ 23.744903346264138, 38.008059003903703 ], [ 23.745666067600503, 38.00801724739275 ], [ 23.745761142427803, 38.008011412570958 ], [ 23.745681940673187, 38.007838275377679 ], [ 23.745553489975418, 38.007641538763814 ], [ 23.745438906325585, 38.007424983083162 ], [ 23.745160600425127, 38.006996271309575 ] ] ] ] } },
{ "type": "Feature", "id": "geitonies0.94", "geometry_name": "the_geom", "properties": { "fid": 94, "gid": 99, "synoikia": "ΠΕΝΤΑΓΩΝΟ", "name": "ΠΕΝΤΑΓΩΝΟ", "dk": "7η ΔΚ", "shape_leng": 1978.6303909230801, "geit_thesm": 0, "name_en": "PENTAGONO", "synoik_en": "PENTAGONO", "dk_en": "7th", "shape_area": 227528.37025107443, "id": 98, "geitonia": "ΠΕΝΤΑΓΩΝΟ" }, "geometry": { "type": "MultiPolygon", "coordinates": [ [ [ [ 23.787116271726774, 38.001000544338503 ], [ 23.78521744642498, 37.999870487218715 ], [ 23.784996835267318, 37.999725878704005 ], [ 23.784148122680502, 37.999057373986602 ], [ 23.783755843714673, 37.998723452280736 ], [ 23.782933190560644, 37.998023167679982 ], [ 23.782034714722201, 37.997345542868821 ], [ 23.781553030496955, 37.997628553778064 ], [ 23.781044579963613, 37.997934044975949 ], [ 23.780532923641026, 37.998239527972878 ], [ 23.780028394976888, 37.998540515633259 ], [ 23.779067395281103, 37.999117066543846 ], [ 23.78234165427639, 38.003367352513933 ], [ 23.787116271726774, 38.001000544338503 ] ] ] ] } },
{ "type": "Feature", "id": "geitonies0.95", "geometry_name": "the_geom", "properties": { "fid": 95, "gid": 90, "synoikia": "ΑΚΑΔΗΜΙΑ ΠΛΑΤΩΝΟΣ", "name": "ΑΚΑΔΗΜΙΑ ΠΛΑΤΩΝΟΣ", "dk": "4η ΔΚ", "shape_leng": 4006.7185606789099, "geit_thesm": 1, "name_en": "AKADIMIA PLATONOS", "synoik_en": "AKADIMIA PLATONOS", "dk_en": "4th", "shape_area": 746010.14108415134, "id": 89, "geitonia": "ΑΚΑΔΗΜΙΑ ΠΛΑΤΩΝΟΣ" }, "geometry": { "type": "MultiPolygon", "coordinates": [ [ [ [ 23.713580428862368, 37.99328719317338 ], [ 23.713718626634989, 37.993041330434188 ], [ 23.71394756217488, 37.992679742567098 ], [ 23.713118709349441, 37.992312681380163 ], [ 23.712596785469323, 37.992086086254936 ], [ 23.712563863510816, 37.992072058437856 ], [ 23.712075560111938, 37.991863996939685 ], [ 23.711388473693294, 37.991555876471793 ], [ 23.711065592249916, 37.991397359066717 ], [ 23.711051383656322, 37.991389903891658 ], [ 23.710660002878782, 37.991184560306209 ], [ 23.710608551592806, 37.991159230222621 ], [ 23.710384011566429, 37.991048688462463 ], [ 23.710189679390567, 37.990962587821663 ], [ 23.709790039011775, 37.990776839233376 ], [ 23.709088452978243, 37.990450643845776 ], [ 23.708523296800642, 37.99018853656176 ], [ 23.708074753721018, 37.989981181536407 ], [ 23.707299391715406, 37.990231789045623 ], [ 23.707125328484587, 37.990288047439059 ], [ 23.707166458534445, 37.990306343164264 ], [ 23.707177315140395, 37.990311173135268 ], [ 23.707502255768627, 37.9904557229207 ], [ 23.707529592224308, 37.990468349388678 ], [ 23.707806335703836, 37.990596177728428 ], [ 23.70741468725863, 37.99107578863088 ], [ 23.707256184571289, 37.991173265577444 ], [ 23.707249434022511, 37.99116081646504 ], [ 23.707191680825215, 37.991054304074474 ], [ 23.707041819419924, 37.991279218559519 ], [ 23.707014818010922, 37.991319742429894 ], [ 23.707003392706596, 37.991328726809449 ], [ 23.706988192244765, 37.991351713143644 ], [ 23.706878436317403, 37.991517685101016 ], [ 23.706647756354517, 37.991891142814204 ], [ 23.706416718723172, 37.992264599154623 ], [ 23.706268819386015, 37.992494057264054 ], [ 23.706068955772075, 37.99281351370135 ], [ 23.705968392338722, 37.992974250545082 ], [ 23.705934040114862, 37.993029157389209 ], [ 23.70590454537021, 37.993076300092994 ], [ 23.705869090417785, 37.993132969774436 ], [ 23.705799427870193, 37.993105611933842 ], [ 23.705740869023192, 37.993082615203171 ], [ 23.705669486157255, 37.993054582426666 ], [ 23.705384053040063, 37.992942486283262 ], [ 23.704899017041893, 37.992752000793168 ], [ 23.704881669178363, 37.992729425175348 ], [ 23.70475993765, 37.992999504778055 ], [ 23.704638224430916, 37.993265077868877 ], [ 23.704554033627751, 37.993447560210157 ], [ 23.704546909525565, 37.993463001130856 ], [ 23.704543715682405, 37.993469923978708 ], [ 23.70453969695777, 37.993478633802248 ], [ 23.704532313199309, 37.993494639174507 ], [ 23.704517620338716, 37.993525638864874 ], [ 23.704481549435133, 37.993602382665195 ], [ 23.703858340412374, 37.993987061152914 ], [ 23.703141965304223, 37.994458367792419 ], [ 23.703650157414273, 37.99500800813712 ], [ 23.704150280868372, 37.995548912345214 ], [ 23.704458973813406, 37.995775203894262 ], [ 23.703750401762754, 37.996669770811252 ], [ 23.703625776082493, 37.99682710656716 ], [ 23.703476024873346, 37.996849261198889 ], [ 23.703394851051204, 37.996860598353081 ], [ 23.703058763227705, 37.996907536351543 ], [ 23.702700011158342, 37.996957639090091 ], [ 23.702626962257355, 37.996967840806064 ], [ 23.702461806170696, 37.996990904246282 ], [ 23.702450648615557, 37.996992459574265 ], [ 23.701635970504011, 37.997105979885795 ], [ 23.701225721351406, 37.997163521857132 ], [ 23.700888242005433, 37.997208317676041 ], [ 23.700769877633313, 37.99722305270447 ], [ 23.70076562043608, 37.997223579038142 ], [ 23.701044022375108, 37.99872566823349 ], [ 23.701212598744238, 37.999635178923704 ], [ 23.701252646682025, 37.999851240568184 ], [ 23.702396614410354, 38.000352524760928 ], [ 23.704325096383808, 38.001051376195306 ], [ 23.704402919429739, 38.001083116699007 ], [ 23.704842930083451, 38.001241946181466 ], [ 23.705304971440981, 38.001499970278552 ], [ 23.705341982714909, 38.001522027261075 ], [ 23.705403686776254, 38.001558800936323 ], [ 23.705419810707703, 38.001546216159802 ], [ 23.705551820624251, 38.001443180458878 ], [ 23.705743243368168, 38.001293772677762 ], [ 23.705764109082725, 38.001276848325439 ], [ 23.706524200774975, 38.000660319859207 ], [ 23.707437001561082, 37.999896503818881 ], [ 23.708315809545276, 37.999173153990867 ], [ 23.708710762616874, 37.998845164595608 ], [ 23.709621666990124, 37.998099352252815 ], [ 23.710455837045529, 37.997402914422317 ], [ 23.711232104035556, 37.996764911827952 ], [ 23.711951894949856, 37.996185349135459 ], [ 23.711952608621125, 37.996184876808258 ], [ 23.712012914475441, 37.996144940810041 ], [ 23.712063326012284, 37.996086480817688 ], [ 23.71234369556532, 37.995744679181598 ], [ 23.712412487084222, 37.9956276805652 ], [ 23.712834537761477, 37.994912191423055 ], [ 23.712972099892433, 37.994682699901638 ], [ 23.712985293350098, 37.994493462550139 ], [ 23.713164735177372, 37.994110854756734 ], [ 23.713201691582171, 37.994034335766131 ], [ 23.713392484773756, 37.993660768106885 ], [ 23.713580428862368, 37.99328719317338 ] ] ] ] } },
{ "type": "Feature", "id": "geitonies0.96", "geometry_name": "the_geom", "properties": { "fid": 96, "gid": 91, "synoikia": "ΣΕΠΟΛΙΑ", "name": "ΛΟΦΟΣ ΣΚΟΥΖΕ", "dk": "4η ΔΚ", "shape_leng": 1871.2285517565199, "geit_thesm": 1, "name_en": "LOFOS SKOUZE", "synoik_en": "SEPOLIA", "dk_en": "4th", "shape_area": 205039.89663222877, "id": 90, "geitonia": "ΛΟΦΟΣ ΣΚΟΥΖΕ" }, "geometry": { "type": "MultiPolygon", "coordinates": [ [ [ [ 23.718271396418942, 38.001973373415701 ], [ 23.719024971436177, 38.001867022225007 ], [ 23.719168770477502, 38.001786822558479 ], [ 23.719313503165651, 38.001809127809921 ], [ 23.719315737645491, 38.001876729334697 ], [ 23.720625503211146, 38.001713110567763 ], [ 23.720669976163038, 38.001707265932566 ], [ 23.720747924042602, 38.001697020490873 ], [ 23.720856606145404, 38.001682736295841 ], [ 23.720788472913451, 38.001218379753311 ], [ 23.720730516344087, 38.000823381179991 ], [ 23.720659627849109, 38.000340233418235 ], [ 23.720610839012146, 38.000007710899112 ], [ 23.720564825170086, 37.999694093034826 ], [ 23.720557027772685, 37.999648463284259 ], [ 23.72050319388741, 37.999333433413661 ], [ 23.720455384181669, 37.999313735811789 ], [ 23.720433205847435, 37.999304530567713 ], [ 23.720302869733771, 37.99925043121938 ], [ 23.720262915146709, 37.999233847224815 ], [ 23.720262894085085, 37.999233694857899 ], [ 23.72018913946965, 37.998710801400271 ], [ 23.72015809408385, 37.998169957677099 ], [ 23.719194549134603, 37.998280321556884 ], [ 23.718768697937858, 37.998324368223123 ], [ 23.718341779052523, 37.998368410789453 ], [ 23.717608629442843, 37.998447768271383 ], [ 23.716842360953638, 37.998531547865717 ], [ 23.716341356258145, 37.99858892402569 ], [ 23.715677285799181, 37.998659423210995 ], [ 23.715395630037374, 37.998690286900882 ], [ 23.715033502161742, 37.99872996779829 ], [ 23.714972266300922, 37.998734325829787 ], [ 23.714347344621949, 37.998804912366886 ], [ 23.713633124226224, 37.998879210488091 ], [ 23.71362773020677, 37.99887977147187 ], [ 23.713946473436671, 37.999380759125067 ], [ 23.714328225179326, 37.999972027212991 ], [ 23.71445806357989, 38.000175131123406 ], [ 23.714609172256996, 38.000400818566746 ], [ 23.714893986069008, 38.000843137836036 ], [ 23.715125031485361, 38.001199704319667 ], [ 23.71555455805489, 38.00186769299367 ], [ 23.715859549379697, 38.002341603514409 ], [ 23.71673532287878, 38.002208523698776 ], [ 23.717632822137325, 38.0020709831036 ], [ 23.718271396418942, 38.001973373415701 ] ] ] ] } },
{ "type": "Feature", "id": "geitonies0.97", "geometry_name": "the_geom", "properties": { "fid": 97, "gid": 92, "synoikia": "ΝΙΡΒΑΝΑ", "name": "ΠΛΑΤΕΙΑ ΑΤΤΙΚΗΣ", "dk": "4η ΔΚ", "shape_leng": 1992.88897593301, "geit_thesm": 1, "name_en": "PLATEIA ATTIKIS", "synoik_en": "NIRVANA", "dk_en": "4th", "shape_area": 171469.85298136497, "id": 91, "geitonia": "ΠΛΑΤΕΙΑ ΑΤΤΙΚΗΣ" }, "geometry": { "type": "MultiPolygon", "coordinates": [ [ [ [ 23.723154027393917, 37.996901731881579 ], [ 23.723137906771797, 37.996706054148738 ], [ 23.723137688921536, 37.996703411072943 ], [ 23.722220508213056, 37.996796283438172 ], [ 23.722220419343447, 37.996796292241115 ], [ 23.722128289406797, 37.996804678269541 ], [ 23.721792612795536, 37.996817403998179 ], [ 23.721719294920284, 37.996817230551002 ], [ 23.721298370949469, 37.996784688974067 ], [ 23.720786440060898, 37.996738665694927 ], [ 23.720783536789103, 37.996738403739521 ], [ 23.720725758982041, 37.997148419883054 ], [ 23.720652210079994, 37.997675426535039 ], [ 23.720616540344956, 37.997977271684249 ], [ 23.720563247650183, 37.998538693144276 ], [ 23.720539627097487, 37.999050105241565 ], [ 23.720550630286194, 37.999218889417214 ], [ 23.72050319388741, 37.999333433413661 ], [ 23.720557027772685, 37.999648463284259 ], [ 23.720564825170086, 37.999694093034826 ], [ 23.720610839012146, 38.000007710899112 ], [ 23.720659627849109, 38.000340233418235 ], [ 23.720730516344087, 38.000823381179991 ], [ 23.720788472913451, 38.001218379753311 ], [ 23.720856606145404, 38.001682736295841 ], [ 23.72093969756391, 38.00224902455593 ], [ 23.721092330963842, 38.003289243948679 ], [ 23.721962478947123, 38.003203394969823 ], [ 23.722899659825885, 38.003115478545915 ], [ 23.723398164383664, 38.003067081476772 ], [ 23.724168016583569, 38.002987774112377 ], [ 23.724364562852429, 38.002970209259153 ], [ 23.724432989141619, 38.00294783754314 ], [ 23.724255048876998, 38.002749138335993 ], [ 23.723986054744298, 38.00243756488203 ], [ 23.723525313239648, 38.001909232378608 ], [ 23.723181595390741, 38.001403705591976 ], [ 23.723217968176357, 38.001398561051957 ], [ 23.723269887449078, 38.001391217900036 ], [ 23.723314393584172, 38.001384922601957 ], [ 23.72336963022962, 38.001377109530281 ], [ 23.723583293319884, 38.001350573403009 ], [ 23.723488913409394, 38.000417523865018 ], [ 23.723368161657863, 37.999114886039898 ], [ 23.723251736733573, 37.997893373480828 ], [ 23.723188535543333, 37.997284858532041 ], [ 23.723154027393917, 37.996901731881579 ] ] ] ] } },
{ "type": "Feature", "id": "geitonies0.98", "geometry_name": "the_geom", "properties": { "fid": 98, "gid": 93, "synoikia": "ΚΥΨΕΛΗ", "name": "ΦΩΚΙΩΝΟΣ ΝΕΓΡΗ", "dk": "6η ΔΚ", "shape_leng": 1884.8320976120301, "geit_thesm": 1, "name_en": "FOKIONOS NEGRI", "synoik_en": "KYPSELI", "dk_en": "6th", "shape_area": 186113.71102300921, "id": 92, "geitonia": "ΦΩΚΙΩΝΟΣ ΝΕΓΡΗ" }, "geometry": { "type": "MultiPolygon", "coordinates": [ [ [ [ 23.738242264173248, 38.002636895191372 ], [ 23.738400026484769, 38.002614714135831 ], [ 23.738413747516354, 38.002659808793823 ], [ 23.739092163983521, 38.002864104375142 ], [ 23.739784402874157, 38.003086452279398 ], [ 23.739730936664493, 38.002906077421194 ], [ 23.73958890501579, 38.002405551066779 ], [ 23.739481342619754, 38.002022267636043 ], [ 23.739389622451235, 38.001688589750962 ], [ 23.739377643709549, 38.001553370763247 ], [ 23.739413540227783, 38.001467828419862 ], [ 23.739470015959348, 38.0014003573122 ], [ 23.739613372577647, 38.001324065727879 ], [ 23.739769080719384, 38.001378487334286 ], [ 23.740103079537754, 38.001140385870144 ], [ 23.740383913484838, 38.000938217424874 ], [ 23.740198784437791, 38.000748539178481 ], [ 23.73968589700749, 38.00027688574739 ], [ 23.739440970027022, 38.000052874734436 ], [ 23.739072358692219, 37.999714076332438 ], [ 23.738790387497964, 37.999434052625631 ], [ 23.73865020563931, 37.999519363122886 ], [ 23.737550657898069, 37.999643094333919 ], [ 23.736804670011789, 37.999731555655039 ], [ 23.735871381994773, 37.999842119336911 ], [ 23.735871123339468, 37.999842149399669 ], [ 23.735868827355361, 37.99984241372713 ], [ 23.734626186123435, 37.999983526178426 ], [ 23.733703230508926, 38.000089594044823 ], [ 23.733358918006051, 38.000124865281862 ], [ 23.733554365242448, 38.000900411621487 ], [ 23.73370953630398, 38.001495609782168 ], [ 23.733831416396448, 38.001946527096393 ], [ 23.73372620367682, 38.002004872322942 ], [ 23.733968871814778, 38.002717434849103 ], [ 23.733984371562581, 38.00276253404256 ], [ 23.734117507220716, 38.002857469779563 ], [ 23.734138280567077, 38.002920606527127 ], [ 23.734292168038703, 38.003380608436778 ], [ 23.735418780893159, 38.00317134689621 ], [ 23.735924914893094, 38.003077849748408 ], [ 23.736640434987891, 38.002940253747994 ], [ 23.736641098355289, 38.002940126350019 ], [ 23.73664299500026, 38.002939760169859 ], [ 23.737472206476568, 38.002779384051095 ], [ 23.73782162612347, 38.002712567291489 ], [ 23.738242264173248, 38.002636895191372 ] ] ] ] } },
{ "type": "Feature", "id": "geitonies0.99", "geometry_name": "the_geom", "properties": { "fid": 99, "gid": 94, "synoikia": "ΓΗΡΟΚΟΜΕΙΟ", "name": "ΓΗΡΟΚΟΜΕΙΟ", "dk": "7η ΔΚ", "shape_leng": 2921.44132651162, "geit_thesm": 1, "name_en": "GIROKOMEIO", "synoik_en": "GIROKOMEIO", "dk_en": "7th", "shape_area": 353371.89012218564, "id": 93, "geitonia": "ΓΗΡΟΚΟΜΕΙΟ" }, "geometry": { "type": "MultiPolygon", "coordinates": [ [ [ [ 23.765617802209377, 38.001164772374949 ], [ 23.765953214941231, 38.000887082517131 ], [ 23.766706373162368, 38.000262376059389 ], [ 23.76720937636431, 37.999845151867305 ], [ 23.768958499362007, 37.99839426042989 ], [ 23.769194029204296, 37.998213316935285 ], [ 23.769291688933123, 37.998141575262672 ], [ 23.769316391512596, 37.998123428594106 ], [ 23.76929737061068, 37.99806030140639 ], [ 23.769196622693343, 37.997726628656835 ], [ 23.769192591753146, 37.997650011601763 ], [ 23.768841769425187, 37.996960005221396 ], [ 23.768841685662384, 37.996959840121775 ], [ 23.768470284955065, 37.996224562966496 ], [ 23.768011222831515, 37.99529984196321 ], [ 23.767863599338767, 37.99498784508549 ], [ 23.767797884655039, 37.995029416900529 ], [ 23.767706166986802, 37.995087438041558 ], [ 23.767270724874734, 37.995365975414565 ], [ 23.767163739322335, 37.995433360003958 ], [ 23.766661609284828, 37.995752320860412 ], [ 23.766268967394218, 37.995999394435842 ], [ 23.765893079880335, 37.996237487193667 ], [ 23.765455488654791, 37.996516013496318 ], [ 23.765005763182788, 37.996803526751506 ], [ 23.764660163970643, 37.997028156775599 ], [ 23.76421183657175, 37.997099361586301 ], [ 23.763803029889203, 37.997166137637777 ], [ 23.763711812975846, 37.997530974450797 ], [ 23.763637510749415, 37.997837261706067 ], [ 23.76342278597242, 37.99875613954697 ], [ 23.763407206819721, 37.998841730169758 ], [ 23.763058019728753, 37.999291669104629 ], [ 23.7629080089133, 37.999453597868047 ], [ 23.762204769856179, 37.999871275038863 ], [ 23.761296513152359, 38.00039668607026 ], [ 23.761286626967731, 38.000811256407786 ], [ 23.761279665090768, 38.000982486130702 ], [ 23.761188502337788, 38.000995820312134 ], [ 23.760602738659301, 38.000963084545354 ], [ 23.760521599418009, 38.000958412943596 ], [ 23.760414849943214, 38.000949182701788 ], [ 23.76007301792151, 38.000880889613214 ], [ 23.759921892849789, 38.000835517053673 ], [ 23.759795001896705, 38.000781180962242 ], [ 23.759667116297543, 38.000704310615156 ], [ 23.759492775239028, 38.000542282909088 ], [ 23.759492172268779, 38.000541721979047 ], [ 23.759428680848469, 38.000473995867672 ], [ 23.759442390240871, 38.000744408944712 ], [ 23.7594285752823, 38.000801286822053 ], [ 23.759315398600105, 38.000829771061085 ], [ 23.759203565000362, 38.000960228243692 ], [ 23.759118863176813, 38.001035269599932 ], [ 23.758945255051195, 38.001078850570011 ], [ 23.758898601046962, 38.001090561752413 ], [ 23.759009292563352, 38.001374420681721 ], [ 23.759227750327838, 38.001721443080626 ], [ 23.759421533203845, 38.001988359904409 ], [ 23.759547234849119, 38.002144812051839 ], [ 23.759832669331114, 38.002507905788541 ], [ 23.759854637548159, 38.002535851669556 ], [ 23.759991761823997, 38.002683271460839 ], [ 23.760604897695103, 38.00303604043301 ], [ 23.761137144733379, 38.003221885646106 ], [ 23.761594484501238, 38.003361068620258 ], [ 23.761852937031964, 38.003439723567979 ], [ 23.761934492546846, 38.00347505133734 ], [ 23.762016653259998, 38.003510640745468 ], [ 23.762297194400194, 38.003656851818569 ], [ 23.762476896176885, 38.003783394501788 ], [ 23.76296224573386, 38.003380693533025 ], [ 23.76317468835034, 38.003204425858677 ], [ 23.763759397674423, 38.002719273012922 ], [ 23.764096290643351, 38.002439738477776 ], [ 23.764543420097663, 38.002068729845206 ], [ 23.764995961687177, 38.001693225683333 ], [ 23.765354119210059, 38.001393051825701 ], [ 23.765433217533996, 38.001326757979093 ], [ 23.765617802209377, 38.001164772374949 ] ] ] ] } },
{ "type": "Feature", "id": "geitonies0.100", "geometry_name": "the_geom", "properties": { "fid": 100, "gid": 95, "synoikia": "ΠΛΑΤΕΙΑ ΑΜΕΡΙΚΗΣ", "name": "ΑΜΕΡΙΚΗΣ", "dk": "6η ΔΚ", "shape_leng": 1988.1058659437001, "geit_thesm": 1, "name_en": "AMERIKIS", "synoik_en": "PLATEIA AMERIKIS", "dk_en": "6th", "shape_area": 245124.52160137019, "id": 94, "geitonia": "ΑΜΕΡΙΚΗΣ" }, "geometry": { "type": "MultiPolygon", "coordinates": [ [ [ [ 23.730011622532526, 38.003943174186865 ], [ 23.731255443729818, 38.003711689525666 ], [ 23.731546985646801, 38.003901624675201 ], [ 23.731763159542478, 38.003870573023967 ], [ 23.731806974345396, 38.003861660121203 ], [ 23.732336205501593, 38.003781750347613 ], [ 23.732657124965101, 38.00372389691632 ], [ 23.734292168038703, 38.003380608436778 ], [ 23.734138280567077, 38.002920606527127 ], [ 23.734117507220716, 38.002857469779563 ], [ 23.733984371562581, 38.00276253404256 ], [ 23.733968871814778, 38.002717434849103 ], [ 23.73372620367682, 38.002004872322942 ], [ 23.733831416396448, 38.001946527096393 ], [ 23.73370953630398, 38.001495609782168 ], [ 23.733554365242448, 38.000900411621487 ], [ 23.733358918006051, 38.000124865281862 ], [ 23.733222423721305, 37.999975844046233 ], [ 23.733022873512141, 37.999155223566547 ], [ 23.731791077822944, 37.999332677654976 ], [ 23.731152527484106, 37.999434867325327 ], [ 23.730570243442884, 37.999528169601383 ], [ 23.729862250583828, 37.99963920598951 ], [ 23.729201966323629, 37.999745841550784 ], [ 23.728572339710642, 37.999839024910223 ], [ 23.727519695280805, 37.999998755162189 ], [ 23.727519263365096, 37.999998820856476 ], [ 23.727516434428946, 38.000177289964114 ], [ 23.727511835610255, 38.000467470787896 ], [ 23.727507102781328, 38.000688274135186 ], [ 23.727537774478247, 38.000864095354629 ], [ 23.727664533273838, 38.001333056008875 ], [ 23.727819790821268, 38.001892210719248 ], [ 23.727969438905824, 38.002428820134639 ], [ 23.728111713630316, 38.002938373791771 ], [ 23.728256103194237, 38.003357803873151 ], [ 23.728414325846732, 38.00379078493048 ], [ 23.728565498970696, 38.004205723828655 ], [ 23.728579341912685, 38.004203210555055 ], [ 23.730011622532526, 38.003943174186865 ] ] ] ] } },
{ "type": "Feature", "id": "geitonies0.104", "geometry_name": "the_geom", "properties": { "fid": 104, "gid": 103, "synoikia": "ΝΙΡΒΑΝΑ", "name": "ΘΥΜΑΡΑΚΙΑ", "dk": "4η ΔΚ", "shape_leng": 2289.3699952541801, "geit_thesm": 1, "name_en": "THYMARAKIA", "synoik_en": "NIRVANA", "dk_en": "4th", "shape_area": 296563.6264320449, "id": 102, "geitonia": "ΘΥΜΑΡΑΚΙΑ" }, "geometry": { "type": "MultiPolygon", "coordinates": [ [ [ [ 23.721441434223873, 38.009432201148442 ], [ 23.721580777571667, 38.009190017007391 ], [ 23.721728413050108, 38.009228336518227 ], [ 23.723029130556302, 38.009004247155225 ], [ 23.72344943629302, 38.008939054265042 ], [ 23.723926741157811, 38.008859060354304 ], [ 23.724437166496209, 38.00877463570604 ], [ 23.724489960916767, 38.008765829500419 ], [ 23.724497875863413, 38.00876450873794 ], [ 23.725281522403002, 38.00863378681651 ], [ 23.72528642933252, 38.008632968198363 ], [ 23.725342970142187, 38.008623536759508 ], [ 23.726258736089449, 38.008472454015752 ], [ 23.726726051109619, 38.008396931883404 ], [ 23.726767606646483, 38.008390555431937 ], [ 23.726770296472939, 38.008390142585192 ], [ 23.727246777044389, 38.008317025367532 ], [ 23.727713996565548, 38.008252002620225 ], [ 23.727829309548614, 38.008254110861493 ], [ 23.727866547615779, 38.008251455335746 ], [ 23.72791957898788, 38.008247672782517 ], [ 23.727916916988111, 38.008234086110733 ], [ 23.727885563292489, 38.008079629413118 ], [ 23.727870607888043, 38.008007855483783 ], [ 23.727834839014189, 38.007836202007951 ], [ 23.727633726226731, 38.00715977503301 ], [ 23.727476607977785, 38.006812417515626 ], [ 23.727307643853059, 38.00649207076367 ], [ 23.727209678238093, 38.006320599991255 ], [ 23.726790592365248, 38.005701262058125 ], [ 23.726652037902557, 38.005496499579493 ], [ 23.726644664198158, 38.005485602163127 ], [ 23.726600676487951, 38.00544494221824 ], [ 23.726259738787249, 38.005043078592962 ], [ 23.725948199407654, 38.004681840166192 ], [ 23.72555158818108, 38.004225767764645 ], [ 23.725211679786558, 38.003837422671836 ], [ 23.724432989141619, 38.00294783754314 ], [ 23.724364562852429, 38.002970209259153 ], [ 23.724168016583569, 38.002987774112377 ], [ 23.723398164383664, 38.003067081476772 ], [ 23.722899659825885, 38.003115478545915 ], [ 23.721962478947123, 38.003203394969823 ], [ 23.721092330963842, 38.003289243948679 ], [ 23.721164805011416, 38.003801829952472 ], [ 23.721211352317184, 38.004301990623084 ], [ 23.72128678618083, 38.005112514002569 ], [ 23.721324440044111, 38.0055091673389 ], [ 23.721368653132942, 38.005898878280099 ], [ 23.721424181757502, 38.00671261503237 ], [ 23.721461848598569, 38.007388665597716 ], [ 23.721449847202848, 38.007748137721393 ], [ 23.721422414885907, 38.007885265841843 ], [ 23.72135360835961, 38.00852402408043 ], [ 23.72106177810555, 38.0094676364359 ], [ 23.721441434223873, 38.009432201148442 ] ] ] ] } },
{ "type": "Feature", "id": "geitonies0.105", "geometry_name": "the_geom", "properties": { "fid": 105, "gid": 104, "synoikia": "ΠΑΤΗΣΙΑ", "name": "ΚΑΤΩ ΠΑΤΗΣΙΑ I", "dk": "5η ΔΚ", "shape_leng": 1453.9468707613601, "geit_thesm": 1, "name_en": "KATO PATISIA I", "synoik_en": "PATISIA", "dk_en": "5th", "shape_area": 132014.10000431415, "id": 103, "geitonia": "ΚΑΤΩ ΠΑΤΗΣΙΑ I" }, "geometry": { "type": "MultiPolygon", "coordinates": [ [ [ [ 23.73887832975344, 38.008861663501264 ], [ 23.738842861874129, 38.008122533593834 ], [ 23.738085931441564, 38.008161407986833 ], [ 23.737680202534484, 38.008182301207093 ], [ 23.737666521655658, 38.008183005235693 ], [ 23.737636264994592, 38.008182937740465 ], [ 23.736975832194027, 38.008213007402901 ], [ 23.736469565708617, 38.008234406094694 ], [ 23.736053359345597, 38.008256004767148 ], [ 23.735098183918126, 38.008285402008809 ], [ 23.735096970656336, 38.008325956959446 ], [ 23.735095756253997, 38.008366511907191 ], [ 23.735096642242304, 38.008812648399271 ], [ 23.735097548399256, 38.008956855522833 ], [ 23.735097059319038, 38.009290328660789 ], [ 23.735096751237705, 38.009375949727996 ], [ 23.735106020959744, 38.009872492077292 ], [ 23.735134316471349, 38.010313367220718 ], [ 23.735142745177704, 38.010444072026289 ], [ 23.735183178059863, 38.011079566521346 ], [ 23.735201971913703, 38.011241668251394 ], [ 23.735238478438923, 38.011858635174299 ], [ 23.73617227739506, 38.011825346761668 ], [ 23.737089439621318, 38.011786843089737 ], [ 23.737820064965394, 38.011747916547534 ], [ 23.738496903319056, 38.011717878688316 ], [ 23.7389982094457, 38.011696460306489 ], [ 23.738969759027604, 38.010885243844243 ], [ 23.738944601147363, 38.010249784491485 ], [ 23.738920161720053, 38.009713467648297 ], [ 23.73889295362066, 38.009154612559612 ], [ 23.73887832975344, 38.008861663501264 ] ] ] ] } },
{ "type": "Feature", "id": "geitonies0.106", "geometry_name": "the_geom", "properties": { "fid": 106, "gid": 105, "synoikia": "ΠΑΤΗΣΙΑ", "name": "ΑΛΕΠΟΤΡΥΠΑ (ΠΑΤΗΣΙΑ)", "dk": "5η ΔΚ", "shape_leng": 1585.2502237466799, "geit_thesm": 1, "name_en": "ALEPOTRYPA (PATISIA)", "synoik_en": "PATISIA", "dk_en": "5th", "shape_area": 123497.45470633535, "id": 104, "geitonia": "ΑΛΕΠΟΤΡΥΠΑ (ΠΑΤΗΣΙΑ)" }, "geometry": { "type": "MultiPolygon", "coordinates": [ [ [ [ 23.742832953745655, 38.011522172784609 ], [ 23.742815569185428, 38.010674033326318 ], [ 23.743416116929325, 38.010676852969951 ], [ 23.743369914942321, 38.010118886739747 ], [ 23.743309253244885, 38.009573426610395 ], [ 23.742901951907825, 38.009560009082449 ], [ 23.742517799205554, 38.009473546874069 ], [ 23.742371682641853, 38.009419149967144 ], [ 23.741946783084835, 38.009263328610153 ], [ 23.741375421094954, 38.009136283407564 ], [ 23.740865275310348, 38.009078079552779 ], [ 23.740296434399223, 38.009090124081759 ], [ 23.740216252400568, 38.008104050041482 ], [ 23.740215524228788, 38.008095091492706 ], [ 23.740212505589376, 38.008057970933983 ], [ 23.740176320917229, 38.008059564677957 ], [ 23.739627913497735, 38.008083716589802 ], [ 23.738842861874129, 38.008122533593834 ], [ 23.73887832975344, 38.008861663501264 ], [ 23.73889295362066, 38.009154612559612 ], [ 23.738920161720053, 38.009713467648297 ], [ 23.738944601147363, 38.010249784491485 ], [ 23.738969759027604, 38.010885243844243 ], [ 23.7389982094457, 38.011696460306489 ], [ 23.739020262631573, 38.012002944917086 ], [ 23.739103385759947, 38.012000200189277 ], [ 23.739108357651766, 38.012000036370672 ], [ 23.739531877635606, 38.011986053547645 ], [ 23.739994722933631, 38.011969052137061 ], [ 23.740453651615869, 38.011952040260581 ], [ 23.740836965371177, 38.011937759403679 ], [ 23.74085330197078, 38.011937150987961 ], [ 23.740910445321571, 38.011935021889194 ], [ 23.74137683403562, 38.011922529251386 ], [ 23.741843950376438, 38.011905529953893 ], [ 23.742246978265428, 38.01189506955145 ], [ 23.742324222770218, 38.011893064034595 ], [ 23.742783876295213, 38.011882844819446 ], [ 23.742803192288918, 38.011882415695304 ], [ 23.742840321606362, 38.01188159020284 ], [ 23.742837592432252, 38.011748470372517 ], [ 23.742833050174269, 38.011526852448988 ], [ 23.742832953745655, 38.011522172784609 ] ] ] ] } },
{ "type": "Feature", "id": "geitonies0.107", "geometry_name": "the_geom", "properties": { "fid": 107, "gid": 112, "synoikia": "ΡΙΖΟΥΠΟΛΗ", "name": "ΛΑΜΠΡΙΝΗ", "dk": "5η ΔΚ", "shape_leng": 1794.70371068998, "geit_thesm": 1, "name_en": "LAMPRINI", "synoik_en": "RIZOUPOLI", "dk_en": "5th", "shape_area": 197960.04687414595, "id": 111, "geitonia": "ΛΑΜΠΡΙΝΗ" }, "geometry": { "type": "MultiPolygon", "coordinates": [ [ [ [ 23.746274215333735, 38.024896835596891 ], [ 23.746324216281479, 38.024875693107603 ], [ 23.746440341985778, 38.025035197853114 ], [ 23.746445642293995, 38.025042478101192 ], [ 23.74646879968472, 38.025074286417663 ], [ 23.746887421726054, 38.02489493236272 ], [ 23.747288937107324, 38.024720046443889 ], [ 23.747891908704748, 38.02445996967684 ], [ 23.748524831190768, 38.024186434662347 ], [ 23.749185937318632, 38.023894930745989 ], [ 23.74974952845546, 38.023641665098708 ], [ 23.749157735283479, 38.022824008711325 ], [ 23.749101734107747, 38.022747706753961 ], [ 23.748501020178352, 38.021929215868909 ], [ 23.748268102449511, 38.021578890155091 ], [ 23.748235500173237, 38.021529853813384 ], [ 23.747959947806986, 38.021130226287042 ], [ 23.747673265789981, 38.020730756269259 ], [ 23.747368199579387, 38.020301156795142 ], [ 23.747085448368654, 38.019900161564763 ], [ 23.747002069484182, 38.019781913589263 ], [ 23.745807479542268, 38.020318240798709 ], [ 23.74519147062146, 38.020595007509328 ], [ 23.744606745098604, 38.020860129489535 ], [ 23.744160742803917, 38.02106234907734 ], [ 23.743782982070666, 38.021233626017896 ], [ 23.74330828193013, 38.021448851985639 ], [ 23.742965613527797, 38.021604213274088 ], [ 23.743304268581767, 38.022097704383725 ], [ 23.743591940016511, 38.022508414334233 ], [ 23.743879986946769, 38.022914617975729 ], [ 23.744169832350188, 38.023316318402152 ], [ 23.744471010542014, 38.023736068311152 ], [ 23.744756558589224, 38.024146770701265 ], [ 23.744917391737669, 38.024381452389115 ], [ 23.745035717726395, 38.024552952123202 ], [ 23.745093812785338, 38.024638699628966 ], [ 23.745391813351169, 38.025053933813766 ], [ 23.745514073088124, 38.025220935170182 ], [ 23.745573969768923, 38.025195214287542 ], [ 23.745869309365649, 38.025068387695811 ], [ 23.745921289138515, 38.025046066275458 ], [ 23.745970827028028, 38.025025120316919 ], [ 23.745978215206218, 38.025021996219884 ], [ 23.746266134575663, 38.024900252936526 ], [ 23.746274215333735, 38.024896835596891 ] ] ] ] } },
{ "type": "Feature", "id": "geitonies0.108", "geometry_name": "the_geom", "properties": { "fid": 108, "gid": 106, "synoikia": "ΠΡΟΜΠΟΝΑ", "name": "ΑΛΥΣΙΔΑ", "dk": "5η ΔΚ", "shape_leng": 1903.5349565061799, "geit_thesm": 1, "name_en": "ALYSIDA", "synoik_en": "PROMPONA", "dk_en": "5th", "shape_area": 194912.13544723531, "id": 105, "geitonia": "ΑΛΥΣΙΔΑ" }, "geometry": { "type": "MultiPolygon", "coordinates": [ [ [ [ 23.737901370024211, 38.027403334296181 ], [ 23.738588635818665, 38.027084910157463 ], [ 23.73912005836819, 38.026833732252705 ], [ 23.739903266226573, 38.026465942850983 ], [ 23.739642363761622, 38.026297470670578 ], [ 23.739464131645303, 38.026182380914733 ], [ 23.739343043801288, 38.026104190665777 ], [ 23.739304419915321, 38.026079099050285 ], [ 23.739301495018207, 38.026077198978065 ], [ 23.739143583770176, 38.025974614870698 ], [ 23.739208716913637, 38.025948443794164 ], [ 23.739219750429388, 38.025944010537394 ], [ 23.739261869466716, 38.025927086886888 ], [ 23.739412995342729, 38.025866363834183 ], [ 23.739349765828006, 38.025826076210244 ], [ 23.739287306004059, 38.025786278752001 ], [ 23.738911176373044, 38.02554661511666 ], [ 23.738092467373843, 38.025033395937989 ], [ 23.737299330295013, 38.024527791698986 ], [ 23.737291376311493, 38.024522721356739 ], [ 23.73728293535704, 38.024517143406932 ], [ 23.736770521992369, 38.024178539516242 ], [ 23.736582399651269, 38.024054226568701 ], [ 23.736380965414941, 38.023921115829125 ], [ 23.736194243613117, 38.023797726504448 ], [ 23.736084391838357, 38.023725134301742 ], [ 23.735924335274785, 38.023628676939538 ], [ 23.735815288774383, 38.023562960351363 ], [ 23.73569574564948, 38.023490917421327 ], [ 23.7356736576331, 38.02350254114485 ], [ 23.735658998491463, 38.023510255590871 ], [ 23.735570965953599, 38.023556583512573 ], [ 23.735496560568755, 38.023595738995425 ], [ 23.735456011268749, 38.023616991878988 ], [ 23.73506554552182, 38.023782849495632 ], [ 23.734818433769817, 38.023885939619504 ], [ 23.734522462606748, 38.024011450908716 ], [ 23.73402288011178, 38.024222122614674 ], [ 23.733552165410298, 38.024423844808801 ], [ 23.733492641034864, 38.024441735502585 ], [ 23.733244195916566, 38.024616921623291 ], [ 23.733027520176641, 38.024769647363478 ], [ 23.732343173370069, 38.025263795210385 ], [ 23.732237694510598, 38.025335039126638 ], [ 23.732163147951258, 38.025385390555329 ], [ 23.732104983587657, 38.025424676402132 ], [ 23.732057733847913, 38.025456590292983 ], [ 23.732003461930162, 38.025493246914358 ], [ 23.731988878540982, 38.025503097103332 ], [ 23.731984101934486, 38.025506322709589 ], [ 23.731973702278747, 38.025513994126719 ], [ 23.731832578378306, 38.02561810268034 ], [ 23.73166742950654, 38.025739933069161 ], [ 23.731481210862885, 38.025859222172372 ], [ 23.731370837514987, 38.025929925073477 ], [ 23.731292395243916, 38.025964396420349 ], [ 23.731295259719762, 38.025978103309235 ], [ 23.731304643739183, 38.026023007548702 ], [ 23.731354688796834, 38.026050146747181 ], [ 23.731402041168582, 38.026075825109174 ], [ 23.731563341041635, 38.026163296659377 ], [ 23.73170906437533, 38.026239004104525 ], [ 23.731720219462659, 38.02624479954423 ], [ 23.731766580930497, 38.026268885641926 ], [ 23.731850847502173, 38.026312663690099 ], [ 23.73194963376816, 38.026366965665339 ], [ 23.731980980719516, 38.026351595506121 ], [ 23.732042753452319, 38.026321307307832 ], [ 23.73210515277713, 38.026290711365732 ], [ 23.732556584067719, 38.026598173846857 ], [ 23.732872707529246, 38.026729412943986 ], [ 23.73288402172772, 38.026734109975422 ], [ 23.733217901180733, 38.026861047016574 ], [ 23.733620322134119, 38.027037708744444 ], [ 23.734193149173375, 38.027215275363496 ], [ 23.734206099894628, 38.027219290093704 ], [ 23.734627495442862, 38.027269812211088 ], [ 23.734674586870437, 38.027269491273188 ], [ 23.735620222213065, 38.027263035654904 ], [ 23.735931110249698, 38.027250215058963 ], [ 23.736058466423469, 38.027282045763556 ], [ 23.736439290766736, 38.027526245284093 ], [ 23.736560920035231, 38.027666216076078 ], [ 23.736680527618812, 38.027972918802377 ], [ 23.737004720021385, 38.027824933335751 ], [ 23.737030419280885, 38.027812849684885 ], [ 23.737056658379423, 38.027800512173648 ], [ 23.737901370024211, 38.027403334296181 ] ] ] ] } },
{ "type": "Feature", "id": "geitonies0.109", "geometry_name": "the_geom", "properties": { "fid": 109, "gid": 107, "synoikia": "ΛΟΦΟΣ ΕΛΙΚΩΝΟΣ", "name": "ΛΟΦΟΣ ΕΛΙΚΩΝΟΣ", "dk": "6η ΔΚ", "shape_leng": 1311.74819880065, "geit_thesm": 0, "name_en": "LOFOS ELIKONOS", "synoik_en": "LOFOS ELIKONOS", "dk_en": "6th", "shape_area": 74184.160121945897, "id": 106, "geitonia": "ΛΟΦΟΣ ΕΛΙΚΩΝΟΣ" }, "geometry": { "type": "MultiPolygon", "coordinates": [ [ [ [ 23.743257676608025, 38.009142373324856 ], [ 23.743240575332148, 38.00841161445922 ], [ 23.743657467766319, 38.008127201443621 ], [ 23.743661979083015, 38.008124123484535 ], [ 23.744570276485064, 38.008077237639249 ], [ 23.744622778614964, 38.008074363006777 ], [ 23.743778227425576, 38.007042838266258 ], [ 23.743715054407552, 38.006988623685906 ], [ 23.743332819612331, 38.006769560842436 ], [ 23.74194322693166, 38.006795949525838 ], [ 23.741114287939954, 38.006811683792137 ], [ 23.740876639282241, 38.006820239936282 ], [ 23.740797032297866, 38.006823105436872 ], [ 23.740760415224656, 38.006824423517699 ], [ 23.740878978992914, 38.007221248955098 ], [ 23.741146726441301, 38.007203812934023 ], [ 23.741192643272839, 38.007609490933866 ], [ 23.741210971427162, 38.007762749215786 ], [ 23.741240017279583, 38.00800615927443 ], [ 23.741093327320421, 38.008014849250081 ], [ 23.74046977537192, 38.008045376633376 ], [ 23.740212505589376, 38.008057970933983 ], [ 23.740215524228788, 38.008095091492706 ], [ 23.740216252400568, 38.008104050041482 ], [ 23.740296434399223, 38.009090124081759 ], [ 23.740865275310348, 38.009078079552779 ], [ 23.741375421094954, 38.009136283407564 ], [ 23.741946783084835, 38.009263328610153 ], [ 23.742371682641853, 38.009419149967144 ], [ 23.742517799205554, 38.009473546874069 ], [ 23.742901951907825, 38.009560009082449 ], [ 23.743309253244885, 38.009573426610395 ], [ 23.743271019815861, 38.009258465025212 ], [ 23.743257934318748, 38.009153401972398 ], [ 23.743257676608025, 38.009142373324856 ] ] ] ] } },
{ "type": "Feature", "id": "geitonies0.110", "geometry_name": "the_geom", "properties": { "fid": 110, "gid": 108, "synoikia": "ΠΛΑΤΕΙΑ ΑΜΕΡΙΚΗΣ", "name": "ΑΓΙΟΣ ΝΙΚΟΛΑΟΣ", "dk": "6η ΔΚ", "shape_leng": 2197.5772400944102, "geit_thesm": 1, "name_en": "AGIOS NIKOLAOS", "synoik_en": "PLATEIA AMERIKIS", "dk_en": "6th", "shape_area": 197214.38858720803, "id": 107, "geitonia": "ΑΓΙΟΣ ΝΙΚΟΛΑΟΣ" }, "geometry": { "type": "MultiPolygon", "coordinates": [ [ [ [ 23.73108379233366, 38.012408666736775 ], [ 23.731165026857699, 38.01180499406334 ], [ 23.731240804559398, 38.011232853645851 ], [ 23.731298804373061, 38.010849941599837 ], [ 23.731332628801148, 38.010457961457789 ], [ 23.73138004222292, 38.009561294647632 ], [ 23.731841093525709, 38.00954432120362 ], [ 23.732341335647231, 38.009518422337841 ], [ 23.732344463981086, 38.009461942533235 ], [ 23.732344807745175, 38.009455745201862 ], [ 23.732374955502287, 38.008911518995042 ], [ 23.732375380957375, 38.008903842845598 ], [ 23.73237752786261, 38.008865075492963 ], [ 23.733152186319234, 38.008848810130843 ], [ 23.73380756006754, 38.008841282547991 ], [ 23.733808945624048, 38.008836133056384 ], [ 23.733824519343678, 38.008778231210535 ], [ 23.733702366300975, 38.008399416326839 ], [ 23.733592576065366, 38.008047667755363 ], [ 23.733536726434586, 38.008054119684139 ], [ 23.733535623322492, 38.008054246969351 ], [ 23.73298040848988, 38.00811838198738 ], [ 23.732710601889117, 38.008113262679942 ], [ 23.732434113274149, 38.008085595505399 ], [ 23.731672929585891, 38.007839831989138 ], [ 23.731666641184173, 38.007837801473926 ], [ 23.731618834774661, 38.007822366089094 ], [ 23.731640066126698, 38.007759324807047 ], [ 23.731769494162517, 38.007408120129448 ], [ 23.731825083995531, 38.007196445644773 ], [ 23.731848905766149, 38.007106371765197 ], [ 23.731981348859563, 38.006610968558817 ], [ 23.731833477317604, 38.006651189168053 ], [ 23.731289565401415, 38.006749088707529 ], [ 23.730752869004629, 38.006819963786953 ], [ 23.730199797384902, 38.006890798849582 ], [ 23.729721155418105, 38.006952789564266 ], [ 23.729557040165147, 38.006956918695749 ], [ 23.729392942596771, 38.006956541229066 ], [ 23.72913477065455, 38.006982985362193 ], [ 23.727875880446106, 38.007133297135958 ], [ 23.727826299809124, 38.007138718977664 ], [ 23.727744705811492, 38.00714764027542 ], [ 23.72767583030474, 38.007155171448701 ], [ 23.727633726226731, 38.00715977503301 ], [ 23.727834839014189, 38.007836202007951 ], [ 23.727870607888043, 38.008007855483783 ], [ 23.727885563292489, 38.008079629413118 ], [ 23.727916916988111, 38.008234086110733 ], [ 23.72791957898788, 38.008247672782517 ], [ 23.728039256598322, 38.008967783447297 ], [ 23.728192149878481, 38.009882937695714 ], [ 23.728321174013413, 38.010707908333551 ], [ 23.728391145809017, 38.011136178589794 ], [ 23.728398050564561, 38.011183319831574 ], [ 23.72839811722384, 38.011183777836415 ], [ 23.728483490576927, 38.011766674932232 ], [ 23.728484900652969, 38.011776304772305 ], [ 23.728499602148542, 38.011883929156191 ], [ 23.728509851292259, 38.011958959239749 ], [ 23.72853724122978, 38.01215947010143 ], [ 23.728523819274834, 38.012223184029359 ], [ 23.728516519284025, 38.012257835857419 ], [ 23.728692312187007, 38.01224177153474 ], [ 23.728776482552874, 38.012238488544483 ], [ 23.728813037991475, 38.012237062299498 ], [ 23.730260590491486, 38.012352704583975 ], [ 23.731046264878469, 38.012449138568925 ], [ 23.73108379233366, 38.012408666736775 ] ] ] ] } },
{ "type": "Feature", "id": "geitonies0.111", "geometry_name": "the_geom", "properties": { "fid": 111, "gid": 109, "synoikia": "ΣΕΠΟΛΙΑ", "name": "ΣΕΠΟΛΙΑ", "dk": "4η ΔΚ", "shape_leng": 3712.6356083431101, "geit_thesm": 1, "name_en": "SEPOLIA", "synoik_en": "SEPOLIA", "dk_en": "4th", "shape_area": 457202.30074442155, "id": 108, "geitonia": "ΣΕΠΟΛΙΑ" }, "geometry": { "type": "MultiPolygon", "coordinates": [ [ [ [ 23.721441434223873, 38.009432201148442 ], [ 23.72106177810555, 38.0094676364359 ], [ 23.72135360835961, 38.00852402408043 ], [ 23.721422414885907, 38.007885265841843 ], [ 23.721449847202848, 38.007748137721393 ], [ 23.721461848598569, 38.007388665597716 ], [ 23.721424181757502, 38.00671261503237 ], [ 23.721368653132942, 38.005898878280099 ], [ 23.721324440044111, 38.0055091673389 ], [ 23.72128678618083, 38.005112514002569 ], [ 23.721211352317184, 38.004301990623084 ], [ 23.721092029249181, 38.004314672655468 ], [ 23.721001013858903, 38.004324301484239 ], [ 23.720969400667791, 38.004327645950013 ], [ 23.720714065533524, 38.004358584760233 ], [ 23.720404270626034, 38.004389393559144 ], [ 23.719605178869546, 38.004477619352961 ], [ 23.718813518428959, 38.004595132025379 ], [ 23.718230779228961, 38.004681629461309 ], [ 23.717970275674105, 38.004667485821351 ], [ 23.71749048874209, 38.004657321475435 ], [ 23.716510204251723, 38.004654962633545 ], [ 23.715921446023938, 38.004658048397552 ], [ 23.715200257037583, 38.004665317005966 ], [ 23.714205411970621, 38.004653890871879 ], [ 23.713503122753174, 38.004652182178475 ], [ 23.713080663993381, 38.004646645891889 ], [ 23.712504346887897, 38.004645238489957 ], [ 23.712422509914099, 38.004645741409966 ], [ 23.710208399467714, 38.004659322756154 ], [ 23.709966621238308, 38.004660803311339 ], [ 23.709880909100622, 38.004661328253576 ], [ 23.711543227162416, 38.005275614753266 ], [ 23.71161189620123, 38.005300989308012 ], [ 23.711946057875871, 38.005486962176278 ], [ 23.711955574525405, 38.005492258884956 ], [ 23.712091748145529, 38.005568043132527 ], [ 23.712366573331433, 38.00578414538704 ], [ 23.712591002869964, 38.005960618863966 ], [ 23.712752869342996, 38.006087896772989 ], [ 23.7128390878167, 38.006170004996456 ], [ 23.713945037552961, 38.007223204411652 ], [ 23.714512998803933, 38.007764060121936 ], [ 23.71482621657092, 38.008048723725921 ], [ 23.715092796684655, 38.008243145362655 ], [ 23.715167375422979, 38.008288390086442 ], [ 23.715338924862618, 38.008387946407872 ], [ 23.71706403249387, 38.009388025340421 ], [ 23.717188409406706, 38.009468517816437 ], [ 23.717524617499762, 38.009686099326551 ], [ 23.717637155089779, 38.009758928133607 ], [ 23.717789418422491, 38.009876460184799 ], [ 23.717848708574202, 38.009943454085786 ], [ 23.717868313567475, 38.009965606846109 ], [ 23.71790532206769, 38.01000742404613 ], [ 23.718021568745851, 38.01022589220765 ], [ 23.718114203084145, 38.010399982247257 ], [ 23.718199961265512, 38.010688836595897 ], [ 23.718226667058353, 38.01077878986311 ], [ 23.718270358247953, 38.01117545823756 ], [ 23.718296952176143, 38.011481957511023 ], [ 23.718322174109971, 38.011774934261403 ], [ 23.718354562161515, 38.012149043441113 ], [ 23.718387253090714, 38.012536672527247 ], [ 23.718528867771628, 38.013113831307066 ], [ 23.718770230515535, 38.013952599849333 ], [ 23.718831653728468, 38.014119269142206 ], [ 23.718950603161545, 38.014442027185069 ], [ 23.718971156737833, 38.014497796175434 ], [ 23.719005867525631, 38.014591980925687 ], [ 23.719006035527908, 38.014592436473819 ], [ 23.719032781562557, 38.014665007500554 ], [ 23.719052814341335, 38.01471936382503 ], [ 23.719274366676807, 38.014421650149707 ], [ 23.719300911657243, 38.01438598044048 ], [ 23.719665424499677, 38.013896153984987 ], [ 23.719796931622312, 38.013671147216805 ], [ 23.719810953517001, 38.013547645677306 ], [ 23.719852693935255, 38.013485828932659 ], [ 23.719753218512235, 38.013184351429899 ], [ 23.719725208153523, 38.013033300308635 ], [ 23.719797738857789, 38.012811464237515 ], [ 23.720044433955604, 38.012268181906101 ], [ 23.720290174941621, 38.011748086693395 ], [ 23.720420879881125, 38.011545609255307 ], [ 23.720548602074615, 38.011284541302963 ], [ 23.720754812455819, 38.010883961010713 ], [ 23.720917336146741, 38.010550872755559 ], [ 23.721213185030937, 38.009979260836303 ], [ 23.721441434223873, 38.009432201148442 ] ] ] ] } },
{ "type": "Feature", "id": "geitonies0.112", "geometry_name": "the_geom", "properties": { "fid": 112, "gid": 110, "synoikia": "ΑΝΩ ΠΑΤΗΣΙΑ", "name": "ΠΛΑΤΕΙΑ ΠΑΠΑΔΙΑΜΑΝΤΗ", "dk": "5η ΔΚ", "shape_leng": 2616.4835736383502, "geit_thesm": 1, "name_en": "PLATEIA PAPADIAMANTI", "synoik_en": "ANO PATISIA", "dk_en": "5th", "shape_area": 282987.25329693872, "id": 109, "geitonia": "ΠΛΑΤΕΙΑ ΠΑΠΑΔΙΑΜΑΝΤΗ" }, "geometry": { "type": "MultiPolygon", "coordinates": [ [ [ [ 23.747002069484182, 38.019781913589263 ], [ 23.746526812405971, 38.01910843766241 ], [ 23.746459610812391, 38.018988502712027 ], [ 23.746326813874717, 38.018751501325127 ], [ 23.746302191467034, 38.018758597163924 ], [ 23.746011905356642, 38.018842249277114 ], [ 23.745418320245413, 38.018524217917374 ], [ 23.745456284048089, 38.01848433912609 ], [ 23.745464191930889, 38.018476032016679 ], [ 23.745721904902101, 38.018205312240717 ], [ 23.745722741876509, 38.018204433499456 ], [ 23.745753323503362, 38.018172308586209 ], [ 23.745790653497245, 38.018133094360074 ], [ 23.745686835327927, 38.018013349273012 ], [ 23.745516358346851, 38.017825125666491 ], [ 23.745440549689011, 38.017633871177225 ], [ 23.745299306837527, 38.016586560200842 ], [ 23.745298902412966, 38.016586888292395 ], [ 23.744631013147657, 38.017130032380479 ], [ 23.744570381822474, 38.01716144552244 ], [ 23.744294472706059, 38.017160845899141 ], [ 23.744226689668515, 38.017201256118753 ], [ 23.74396018291414, 38.017056471256787 ], [ 23.743770849368843, 38.016917237315099 ], [ 23.743740228049433, 38.016950521580924 ], [ 23.743731928028566, 38.016959543338814 ], [ 23.743431831371065, 38.017285738404965 ], [ 23.743431709007698, 38.017285871527541 ], [ 23.74342314588738, 38.017295179296241 ], [ 23.743466103698481, 38.017343804272961 ], [ 23.74262657035565, 38.018274795187736 ], [ 23.742130168332757, 38.018814475934271 ], [ 23.741980252183865, 38.018823159895206 ], [ 23.74140975256601, 38.018866970767895 ], [ 23.740607434306348, 38.018923786953671 ], [ 23.739640587052307, 38.018993752707466 ], [ 23.739618343540187, 38.019444343583615 ], [ 23.739227707074484, 38.019466009975126 ], [ 23.738633054276331, 38.019491728194708 ], [ 23.737717576291271, 38.019530247474826 ], [ 23.737122534844708, 38.019564969988771 ], [ 23.736809218978046, 38.01956877556335 ], [ 23.736638328199028, 38.019568392962327 ], [ 23.736760462262044, 38.019762441657868 ], [ 23.736851119890126, 38.019798695769701 ], [ 23.73701039648012, 38.020060423316814 ], [ 23.737346915251326, 38.02053885386227 ], [ 23.73742771963758, 38.020642681518112 ], [ 23.737826337479735, 38.021080691699744 ], [ 23.738122839814721, 38.021401306752395 ], [ 23.738523682153222, 38.02181678748326 ], [ 23.738744427356998, 38.022043214555325 ], [ 23.738834596381086, 38.022135704100286 ], [ 23.739219340994122, 38.022530343326586 ], [ 23.739331884845313, 38.022620720833949 ], [ 23.739855260977574, 38.022923808561458 ], [ 23.739960833248187, 38.02296814889641 ], [ 23.740482270881614, 38.022730081384346 ], [ 23.740661598556297, 38.022648783218834 ], [ 23.741168561758304, 38.022418948160272 ], [ 23.741470567488204, 38.022282029457088 ], [ 23.742279967709297, 38.021915071857912 ], [ 23.742965613527797, 38.021604213274088 ], [ 23.74330828193013, 38.021448851985639 ], [ 23.743782982070666, 38.021233626017896 ], [ 23.744160742803917, 38.02106234907734 ], [ 23.744606745098604, 38.020860129489535 ], [ 23.74519147062146, 38.020595007509328 ], [ 23.745807479542268, 38.020318240798709 ], [ 23.747002069484182, 38.019781913589263 ] ] ] ] } },
{ "type": "Feature", "id": "geitonies0.113", "geometry_name": "the_geom", "properties": { "fid": 113, "gid": 111, "synoikia": "ΑΝΩ ΠΑΤΗΣΙΑ", "name": "ΑΝΩ ΠΑΤΗΣΙΑ", "dk": "5η ΔΚ", "shape_leng": 1276.44599496406, "geit_thesm": 1, "name_en": "ANO PATISIA", "synoik_en": "ANO PATISIA", "dk_en": "5th", "shape_area": 89813.78192654466, "id": 110, "geitonia": "ΑΝΩ ΠΑΤΗΣΙΑ" }, "geometry": { "type": "MultiPolygon", "coordinates": [ [ [ [ 23.735580520385913, 38.019925817375771 ], [ 23.73554020927849, 38.019606486105054 ], [ 23.734902151860908, 38.019623075030623 ], [ 23.734669296792365, 38.019627056262607 ], [ 23.734150489799056, 38.01964841651796 ], [ 23.731977739972592, 38.02011665641453 ], [ 23.732036172900631, 38.020202411179824 ], [ 23.732314868660875, 38.020712269086431 ], [ 23.73247644247062, 38.021023578334585 ], [ 23.732881262565549, 38.021511189709564 ], [ 23.733162259285599, 38.021782211609064 ], [ 23.733446559752949, 38.022026201925158 ], [ 23.733588226439533, 38.022134676531707 ], [ 23.734777809056858, 38.022907959714132 ], [ 23.734927700200824, 38.023007438449824 ], [ 23.735311258343899, 38.023259205156407 ], [ 23.735692880711628, 38.0234891904392 ], [ 23.73569574564948, 38.023490917421327 ], [ 23.735997533965751, 38.023325293058953 ], [ 23.735963621625313, 38.023290341003296 ], [ 23.73596785987807, 38.02306555607106 ], [ 23.73591956473155, 38.022897260734815 ], [ 23.735968220750678, 38.02285829231279 ], [ 23.7359703757223, 38.022856566694557 ], [ 23.735965820651028, 38.022820057345584 ], [ 23.735956878876642, 38.022748382832489 ], [ 23.735955098390793, 38.022649238072731 ], [ 23.735884597559362, 38.022148734320872 ], [ 23.735864860483517, 38.02200861128803 ], [ 23.735766555059101, 38.021310684495781 ], [ 23.73576629844078, 38.02130885702487 ], [ 23.735691700214513, 38.020770801924641 ], [ 23.735641292340279, 38.020407223130675 ], [ 23.735580520385913, 38.019925817375771 ] ] ] ] } },
{ "type": "Feature", "id": "geitonies0.114", "geometry_name": "the_geom", "properties": { "fid": 114, "gid": 113, "synoikia": "ΑΝΩ ΠΑΤΗΣΙΑ", "name": "ΑΓΙΑ ΒΑΡΒΑΡΑ", "dk": "5η ΔΚ", "shape_leng": 1937.3014014476701, "geit_thesm": 1, "name_en": "AGIA VARVARA", "synoik_en": "ANO PATISIA", "dk_en": "5th", "shape_area": 175171.09904123441, "id": 112, "geitonia": "ΑΓΙΑ ΒΑΡΒΑΡΑ" }, "geometry": { "type": "MultiPolygon", "coordinates": [ [ [ [ 23.736760462262044, 38.019762441657868 ], [ 23.736638328199028, 38.019568392962327 ], [ 23.735820123933429, 38.019584583276774 ], [ 23.73554020927849, 38.019606486105054 ], [ 23.735580520385913, 38.019925817375771 ], [ 23.735641292340279, 38.020407223130675 ], [ 23.735691700214513, 38.020770801924641 ], [ 23.73576629844078, 38.02130885702487 ], [ 23.735766555059101, 38.021310684495781 ], [ 23.735864860483517, 38.02200861128803 ], [ 23.735884597559362, 38.022148734320872 ], [ 23.735955098390793, 38.022649238072731 ], [ 23.735956878876642, 38.022748382832489 ], [ 23.735965820651028, 38.022820057345584 ], [ 23.7359703757223, 38.022856566694557 ], [ 23.735968220750678, 38.02285829231279 ], [ 23.73591956473155, 38.022897260734815 ], [ 23.73596785987807, 38.02306555607106 ], [ 23.735963621625313, 38.023290341003296 ], [ 23.735997533965751, 38.023325293058953 ], [ 23.73569574564948, 38.023490917421327 ], [ 23.735815288774383, 38.023562960351363 ], [ 23.735924335274785, 38.023628676939538 ], [ 23.736084391838357, 38.023725134301742 ], [ 23.736194243613117, 38.023797726504448 ], [ 23.736380965414941, 38.023921115829125 ], [ 23.736582399651269, 38.024054226568701 ], [ 23.736770521992369, 38.024178539516242 ], [ 23.73728293535704, 38.024517143406932 ], [ 23.737291376311493, 38.024522721356739 ], [ 23.737299330295013, 38.024527791698986 ], [ 23.738092467373843, 38.025033395937989 ], [ 23.738911176373044, 38.02554661511666 ], [ 23.739287306004059, 38.025786278752001 ], [ 23.739349765828006, 38.025826076210244 ], [ 23.739412995342729, 38.025866363834183 ], [ 23.740326011828831, 38.025514640537629 ], [ 23.740756018392837, 38.025348985167632 ], [ 23.741221839739179, 38.025169529141728 ], [ 23.741633820492162, 38.02501081308661 ], [ 23.741346590206351, 38.024580946403653 ], [ 23.741016554533388, 38.024170137814551 ], [ 23.740702416856656, 38.023795414516137 ], [ 23.740468429802753, 38.023510995247399 ], [ 23.740363469653499, 38.02338909079586 ], [ 23.740226286876087, 38.023217544688102 ], [ 23.740183752987381, 38.023163373937749 ], [ 23.739960833248187, 38.02296814889641 ], [ 23.739855260977574, 38.022923808561458 ], [ 23.739331884845313, 38.022620720833949 ], [ 23.739219340994122, 38.022530343326586 ], [ 23.738834596381086, 38.022135704100286 ], [ 23.738744427356998, 38.022043214555325 ], [ 23.738523682153222, 38.02181678748326 ], [ 23.738122839814721, 38.021401306752395 ], [ 23.737826337479735, 38.021080691699744 ], [ 23.73742771963758, 38.020642681518112 ], [ 23.737346915251326, 38.02053885386227 ], [ 23.73701039648012, 38.020060423316814 ], [ 23.736851119890126, 38.019798695769701 ], [ 23.736760462262044, 38.019762441657868 ] ] ] ] } },
{ "type": "Feature", "id": "geitonies0.115", "geometry_name": "the_geom", "properties": { "fid": 115, "gid": 114, "synoikia": "ΑΓΙΟΣ ΕΛΕΥΘΕΡΙΟΣ", "name": "ΑΓΙΟΣ ΕΛΕΥΘΕΡΙΟΣ ΙΙ", "dk": "5η ΔΚ", "shape_leng": 2791.2383118109901, "geit_thesm": 1, "name_en": "AGIOS ELEFTHERIOS II", "synoik_en": "AGIOS ELEFTHERIOS", "dk_en": "5th", "shape_area": 292657.05735381861, "id": 113, "geitonia": "ΑΓΙΟΣ ΕΛΕΥΘΕΡΙΟΣ ΙΙ" }, "geometry": { "type": "MultiPolygon", "coordinates": [ [ [ [ 23.728197898392029, 38.017485255389957 ], [ 23.728239389229721, 38.016854455025424 ], [ 23.728126996111342, 38.016921791266228 ], [ 23.728036503117437, 38.01693960762708 ], [ 23.727890622531511, 38.016916738150513 ], [ 23.7278032608817, 38.016857952743472 ], [ 23.727426097639338, 38.016897636748389 ], [ 23.726982326229603, 38.016946177724421 ], [ 23.726534977403968, 38.016999215107212 ], [ 23.725945884497516, 38.01706543974732 ], [ 23.725886007679119, 38.017083325797827 ], [ 23.725353608426055, 38.017221782030923 ], [ 23.724961981548468, 38.017320007563185 ], [ 23.724652639254806, 38.01740055389876 ], [ 23.724190101319973, 38.017520987782554 ], [ 23.724056105575151, 38.017556724640805 ], [ 23.723230802192788, 38.017856713994682 ], [ 23.722841847553887, 38.018000002742532 ], [ 23.722763520978329, 38.018038221656383 ], [ 23.722702391789028, 38.018067269988755 ], [ 23.72267738585267, 38.018089743023403 ], [ 23.722670231593316, 38.018098738952638 ], [ 23.722664145946755, 38.018107737401621 ], [ 23.722658415744103, 38.018116736688583 ], [ 23.72265375301561, 38.018125738492856 ], [ 23.722644734332064, 38.018157262026044 ], [ 23.722635628116542, 38.018217753395717 ], [ 23.723481032902438, 38.018959430315896 ], [ 23.723508888178788, 38.018983968269232 ], [ 23.723650331258071, 38.019146531147541 ], [ 23.723703344461843, 38.01922013887696 ], [ 23.72412174392533, 38.019801065989974 ], [ 23.724159975993537, 38.019859738869812 ], [ 23.724956880970659, 38.020113963842462 ], [ 23.725110585151448, 38.020185227833785 ], [ 23.725298788049049, 38.020272487018381 ], [ 23.725444406514356, 38.020395273172795 ], [ 23.725459563843998, 38.02040805446029 ], [ 23.725573326743419, 38.020548018374285 ], [ 23.725717796308878, 38.020760156183975 ], [ 23.726466106016964, 38.021795914889751 ], [ 23.726466144559041, 38.021795967253617 ], [ 23.726616079327854, 38.022001507551423 ], [ 23.72670899175618, 38.022098790433894 ], [ 23.727044819964391, 38.022462156112496 ], [ 23.728101599956339, 38.022928763341945 ], [ 23.728290613070701, 38.02303735377258 ], [ 23.72841875075623, 38.023240437659858 ], [ 23.728706106025534, 38.024101822774277 ], [ 23.728907988528611, 38.0245484441445 ], [ 23.730301319445012, 38.025565249218189 ], [ 23.730905737909868, 38.025959005809142 ], [ 23.73101777636813, 38.025977753694285 ], [ 23.731244229862927, 38.025991324716003 ], [ 23.731304643739183, 38.026023007548702 ], [ 23.731295259719762, 38.025978103309235 ], [ 23.731292395243916, 38.025964396420349 ], [ 23.73124623569068, 38.025734464762394 ], [ 23.731225060308891, 38.025585705309325 ], [ 23.731178248221969, 38.025436887242584 ], [ 23.731003010807491, 38.024868680608087 ], [ 23.730775589418393, 38.02396688084017 ], [ 23.730039950322244, 38.022135596899673 ], [ 23.729831809035289, 38.021612376665956 ], [ 23.729596521913301, 38.021016991219227 ], [ 23.729569670641741, 38.020954412198144 ], [ 23.729540392985538, 38.020886176565291 ], [ 23.729234892004136, 38.020119385633542 ], [ 23.729054282948169, 38.019663823251349 ], [ 23.728715690557522, 38.01879781376315 ], [ 23.728539360109465, 38.018342260367156 ], [ 23.728539205478008, 38.01834186795331 ], [ 23.728400386835066, 38.01799044018982 ], [ 23.728197898392029, 38.017485255389957 ] ] ] ] } },
{ "type": "Feature", "id": "geitonies0.116", "geometry_name": "the_geom", "properties": { "fid": 116, "gid": 115, "synoikia": "ΤΡΙΓΩΝΟ ΠΕΙΡΑΙΩΣ-ΠΑΝΕΠΙΣΤΗΜΙΟΥ-ΕΡΜΟΥ-ΜΟΝΑΣΤΗΡΑΚΙ-ΠΛΑΚΑ", "name": "ΣΥΝΤΑΓΜΑ", "dk": "1η ΔΚ", "shape_leng": 510.30141681019001, "geit_thesm": 0, "name_en": "SYNTAGMA", "synoik_en": "TRIGONO PEIRAIOS-PANEPISTIMIOU-ERMOU-MONASTIRAKI-PLAKA", "dk_en": "1st", "shape_area": 17153.650782267108, "id": 114, "geitonia": "ΣΥΝΤΑΓΜΑ" }, "geometry": { "type": "MultiPolygon", "coordinates": [ [ [ [ 23.734646734436247, 37.97615278874072 ], [ 23.735521185977639, 37.976038400045596 ], [ 23.73559636407083, 37.97605289679737 ], [ 23.735608420423695, 37.976055221274869 ], [ 23.735615767332991, 37.976056638386581 ], [ 23.735628000353266, 37.975918914099346 ], [ 23.735449525200981, 37.974992503648927 ], [ 23.735411677934579, 37.974893352668701 ], [ 23.735385526342004, 37.97489665114086 ], [ 23.734124224761825, 37.975055715326036 ], [ 23.733975009276978, 37.975085235823016 ], [ 23.733974958994171, 37.975085917983542 ], [ 23.733974465525197, 37.975092670210735 ], [ 23.733931263354183, 37.975683312896038 ], [ 23.734230533456934, 37.976144395544736 ], [ 23.734268126484551, 37.976202314240403 ], [ 23.734354287032556, 37.976191043568008 ], [ 23.734370657715949, 37.976188902124512 ], [ 23.734395860205382, 37.976185605341691 ], [ 23.734646734436247, 37.97615278874072 ] ] ] ] } },
{ "type": "Feature", "id": "geitonies0.117", "geometry_name": "the_geom", "properties": { "fid": 117, "gid": 116, "synoikia": "ΡΙΖΟΥΠΟΛΗ", "name": "ΑΓΙΟΣ ΑΝΤΩΝΗΣ", "dk": "5η ΔΚ", "shape_leng": 2447.44008382316, "geit_thesm": 1, "name_en": "AGIOS ANTONIS", "synoik_en": "RIZOUPOLI", "dk_en": "5th", "shape_area": 221638.01144993931, "id": 115, "geitonia": "ΑΓΙΟΣ ΑΝΤΩΝΗΣ" }, "geometry": { "type": "MultiPolygon", "coordinates": [ [ [ [ 23.743673523564627, 38.026888810466183 ], [ 23.744489034008261, 38.026543592883677 ], [ 23.744621138616687, 38.026746667685963 ], [ 23.745040712259421, 38.026810667725805 ], [ 23.745289115753373, 38.026847257236454 ], [ 23.745432181861016, 38.026867560129226 ], [ 23.745869565487872, 38.026929628275944 ], [ 23.745962093975404, 38.026943347401875 ], [ 23.746560864037622, 38.027031129837006 ], [ 23.746821322512723, 38.027022749336048 ], [ 23.746694398308005, 38.026872824883604 ], [ 23.746258189470396, 38.02626352090661 ], [ 23.745977999403397, 38.025874909799633 ], [ 23.7456657159637, 38.025437570319937 ], [ 23.745514073088124, 38.025220935170182 ], [ 23.745391813351169, 38.025053933813766 ], [ 23.745093812785338, 38.024638699628966 ], [ 23.745035717726395, 38.024552952123202 ], [ 23.744917391737669, 38.024381452389115 ], [ 23.744756558589224, 38.024146770701265 ], [ 23.744471010542014, 38.023736068311152 ], [ 23.744169832350188, 38.023316318402152 ], [ 23.743879986946769, 38.022914617975729 ], [ 23.743591940016511, 38.022508414334233 ], [ 23.743304268581767, 38.022097704383725 ], [ 23.742965613527797, 38.021604213274088 ], [ 23.742279967709297, 38.021915071857912 ], [ 23.741470567488204, 38.022282029457088 ], [ 23.741168561758304, 38.022418948160272 ], [ 23.740661598556297, 38.022648783218834 ], [ 23.740482270881614, 38.022730081384346 ], [ 23.739960833248187, 38.02296814889641 ], [ 23.740183752987381, 38.023163373937749 ], [ 23.740226286876087, 38.023217544688102 ], [ 23.740363469653499, 38.02338909079586 ], [ 23.740468429802753, 38.023510995247399 ], [ 23.740702416856656, 38.023795414516137 ], [ 23.741016554533388, 38.024170137814551 ], [ 23.741346590206351, 38.024580946403653 ], [ 23.741633820492162, 38.02501081308661 ], [ 23.741221839739179, 38.025169529141728 ], [ 23.740756018392837, 38.025348985167632 ], [ 23.740326011828831, 38.025514640537629 ], [ 23.739412995342729, 38.025866363834183 ], [ 23.739261869466716, 38.025927086886888 ], [ 23.739219750429388, 38.025944010537394 ], [ 23.739208716913637, 38.025948443794164 ], [ 23.739143583770176, 38.025974614870698 ], [ 23.739301495018207, 38.026077198978065 ], [ 23.739304419915321, 38.026079099050285 ], [ 23.739343043801288, 38.026104190665777 ], [ 23.739464131645303, 38.026182380914733 ], [ 23.739642363761622, 38.026297470670578 ], [ 23.739903266226573, 38.026465942850983 ], [ 23.739996379404996, 38.026434310189224 ], [ 23.741306936068348, 38.027248583565253 ], [ 23.74152073952644, 38.027482853637451 ], [ 23.741891609364973, 38.027794743849334 ], [ 23.742000194450501, 38.027935912438537 ], [ 23.742031771696581, 38.027976965577125 ], [ 23.7421524085267, 38.028280467274683 ], [ 23.742178303618573, 38.028345613516784 ], [ 23.742293392568218, 38.028277670541534 ], [ 23.742399802676019, 38.028214850235855 ], [ 23.742441978693641, 38.028189951062558 ], [ 23.742432596147985, 38.028125357480874 ], [ 23.742354728417116, 38.02738163172485 ], [ 23.742409392873675, 38.027334625409928 ], [ 23.742412228264339, 38.027332187352471 ], [ 23.742480252102119, 38.02732782995286 ], [ 23.742712330360391, 38.02724722287239 ], [ 23.743049682275505, 38.02709924949221 ], [ 23.743149829836643, 38.027072429919777 ], [ 23.743286974856044, 38.027054703831219 ], [ 23.743673523564627, 38.026888810466183 ] ] ] ] } },
{ "type": "Feature", "id": "geitonies0.118", "geometry_name": "the_geom", "properties": { "fid": 118, "gid": 117, "synoikia": "ΡΙΖΟΥΠΟΛΗ", "name": "ΠΡΟΦΗΤΗΣ ΗΛΙΑΣ ΡΙΖΟΥΠΟΛΗΣ", "dk": "5η ΔΚ", "shape_leng": 2040.3972057204101, "geit_thesm": 1, "name_en": "PROFITIS ILIAS RIZOUPOLIS", "synoik_en": "RIZOUPOLI", "dk_en": "5th", "shape_area": 223510.46228622179, "id": 116, "geitonia": "ΠΡΟΦΗΤΗΣ ΗΛΙΑΣ ΡΙΖΟΥΠΟΛΗΣ" }, "geometry": { "type": "MultiPolygon", "coordinates": [ [ [ [ 23.748663761627324, 38.029498702054788 ], [ 23.749340228345353, 38.029209733284176 ], [ 23.749392415001424, 38.02918744053099 ], [ 23.749402141657406, 38.029183285635966 ], [ 23.749456093542502, 38.029160238640905 ], [ 23.749461867455924, 38.029157772426657 ], [ 23.749615267367481, 38.029090255408832 ], [ 23.750197316526716, 38.028834071000816 ], [ 23.750361314367385, 38.028759060654394 ], [ 23.750492261409018, 38.028945209348144 ], [ 23.751104350350904, 38.02871033633545 ], [ 23.751250745368043, 38.028627190392918 ], [ 23.751528583897212, 38.028469390659772 ], [ 23.752193418689583, 38.028187023241955 ], [ 23.752812743768516, 38.027923979849795 ], [ 23.752066172698946, 38.026906806081072 ], [ 23.751490446275383, 38.026089565219834 ], [ 23.751086937651898, 38.025504497914071 ], [ 23.750752553299261, 38.02504739337796 ], [ 23.750329199015571, 38.024454075164897 ], [ 23.74974952845546, 38.023641665098708 ], [ 23.749185937318632, 38.023894930745989 ], [ 23.748524831190768, 38.024186434662347 ], [ 23.747891908704748, 38.02445996967684 ], [ 23.747288937107324, 38.024720046443889 ], [ 23.746887421726054, 38.02489493236272 ], [ 23.74646879968472, 38.025074286417663 ], [ 23.746445642293995, 38.025042478101192 ], [ 23.746440341985778, 38.025035197853114 ], [ 23.746324216281479, 38.024875693107603 ], [ 23.746274215333735, 38.024896835596891 ], [ 23.746266134575663, 38.024900252936526 ], [ 23.745978215206218, 38.025021996219884 ], [ 23.745970827028028, 38.025025120316919 ], [ 23.745921289138515, 38.025046066275458 ], [ 23.745869309365649, 38.025068387695811 ], [ 23.745573969768923, 38.025195214287542 ], [ 23.745514073088124, 38.025220935170182 ], [ 23.7456657159637, 38.025437570319937 ], [ 23.745977999403397, 38.025874909799633 ], [ 23.746258189470396, 38.02626352090661 ], [ 23.746694398308005, 38.026872824883604 ], [ 23.746821322512723, 38.027022749336048 ], [ 23.746992430737926, 38.027031225537456 ], [ 23.747108242856999, 38.02709077253121 ], [ 23.747220745424954, 38.027365154712051 ], [ 23.747646273596995, 38.028289879757857 ], [ 23.747906902059004, 38.028916827683275 ], [ 23.748129838829843, 38.029530175056379 ], [ 23.748271772093272, 38.029467389481482 ], [ 23.748371918871225, 38.029336918406209 ], [ 23.748397228040144, 38.029612086122903 ], [ 23.74848362130729, 38.029575415860492 ], [ 23.748522605756481, 38.029558813868732 ], [ 23.748663761627324, 38.029498702054788 ] ] ] ] } },
{ "type": "Feature", "id": "geitonies0.119", "geometry_name": "the_geom", "properties": { "fid": 119, "gid": 118, "synoikia": "ΡΙΖΟΥΠΟΛΗ", "name": "ΡΙΖΟΥΠΟΛΗ", "dk": "5η ΔΚ", "shape_leng": 1768.3962049254601, "geit_thesm": 1, "name_en": "RIZOUPOLI", "synoik_en": "RIZOUPOLI", "dk_en": "5th", "shape_area": 188521.40338162993, "id": 117, "geitonia": "ΡΙΖΟΥΠΟΛΗ" }, "geometry": { "type": "MultiPolygon", "coordinates": [ [ [ [ 23.748371918871225, 38.029336918406209 ], [ 23.748271772093272, 38.029467389481482 ], [ 23.748129838829843, 38.029530175056379 ], [ 23.747906902059004, 38.028916827683275 ], [ 23.747646273596995, 38.028289879757857 ], [ 23.747220745424954, 38.027365154712051 ], [ 23.747108242856999, 38.02709077253121 ], [ 23.746992430737926, 38.027031225537456 ], [ 23.746821322512723, 38.027022749336048 ], [ 23.746560864037622, 38.027031129837006 ], [ 23.745962093975404, 38.026943347401875 ], [ 23.745869565487872, 38.026929628275944 ], [ 23.745432181861016, 38.026867560129226 ], [ 23.745289115753373, 38.026847257236454 ], [ 23.745040712259421, 38.026810667725805 ], [ 23.744621138616687, 38.026746667685963 ], [ 23.744489034008261, 38.026543592883677 ], [ 23.743673523564627, 38.026888810466183 ], [ 23.743286974856044, 38.027054703831219 ], [ 23.743149829836643, 38.027072429919777 ], [ 23.743049682275505, 38.02709924949221 ], [ 23.742712330360391, 38.02724722287239 ], [ 23.742480252102119, 38.02732782995286 ], [ 23.742412228264339, 38.027332187352471 ], [ 23.742409392873675, 38.027334625409928 ], [ 23.742354728417116, 38.02738163172485 ], [ 23.742432596147985, 38.028125357480874 ], [ 23.742441978693641, 38.028189951062558 ], [ 23.742459616764958, 38.028311379346945 ], [ 23.742506211649044, 38.028632165429443 ], [ 23.742522300032292, 38.028742929975877 ], [ 23.743012821822955, 38.029803005606013 ], [ 23.743350617078438, 38.030551804658735 ], [ 23.743582344382702, 38.031064559090666 ], [ 23.743751083353946, 38.031440444622049 ], [ 23.743776704773211, 38.031441922674013 ], [ 23.743831033802877, 38.031445057629142 ], [ 23.743831233182636, 38.031445065273743 ], [ 23.744022983473133, 38.031451295217437 ], [ 23.744699108885275, 38.031452986019801 ], [ 23.745498178013385, 38.031125996790188 ], [ 23.745359840775919, 38.030923862264984 ], [ 23.745426123822437, 38.030895963410167 ], [ 23.746969613165241, 38.030229860422011 ], [ 23.747002925324072, 38.030215483704112 ], [ 23.747045543459489, 38.030197091070903 ], [ 23.747809016933477, 38.029867595827412 ], [ 23.747845972387189, 38.029851646741683 ], [ 23.747880973071684, 38.029836541556243 ], [ 23.748177263024434, 38.02970866854659 ], [ 23.748250326885572, 38.029677135137575 ], [ 23.748367593559955, 38.029624414390263 ], [ 23.748397228040144, 38.029612086122903 ], [ 23.748371918871225, 38.029336918406209 ] ] ] ] } },
{ "type": "Feature", "id": "geitonies0.120", "geometry_name": "the_geom", "properties": { "fid": 120, "gid": 119, "synoikia": "ΠΡΟΜΠΟΝΑ", "name": "ΠΡΟΜΠΟΝΑ", "dk": "5η ΔΚ", "shape_leng": 2020.5211124907901, "geit_thesm": 1, "name_en": "PROMPONA", "synoik_en": "PROMPONA", "dk_en": "5th", "shape_area": 200113.95299053332, "id": 118, "geitonia": "ΠΡΟΜΠΟΝΑ" }, "geometry": { "type": "MultiPolygon", "coordinates": [ [ [ [ 23.741360118338676, 38.032459217719143 ], [ 23.741374088588024, 38.032458184038759 ], [ 23.741471268677692, 38.032467410534416 ], [ 23.741667201912403, 38.032544449826524 ], [ 23.742327764088106, 38.032376957365166 ], [ 23.741989215495273, 38.032214234530343 ], [ 23.741842133172096, 38.032112220461975 ], [ 23.741827487025251, 38.032096445676224 ], [ 23.74174989956504, 38.032012877306073 ], [ 23.741631229671608, 38.031836867330632 ], [ 23.741621219289474, 38.031746717498756 ], [ 23.741638098135294, 38.031706197061638 ], [ 23.741769475453051, 38.031508204419701 ], [ 23.741733012656425, 38.031345894221687 ], [ 23.741716569541801, 38.031161096024313 ], [ 23.741729182496403, 38.031016919175855 ], [ 23.741710393086741, 38.030787402485821 ], [ 23.741313599648802, 38.030275735988525 ], [ 23.740966277963079, 38.029753450993489 ], [ 23.740549001529086, 38.029285375729934 ], [ 23.740632887360857, 38.029244403001364 ], [ 23.740877807331223, 38.029120701717126 ], [ 23.740905491594713, 38.029117915582589 ], [ 23.74110255961255, 38.02899218504686 ], [ 23.742178303618573, 38.028345613516784 ], [ 23.7421524085267, 38.028280467274683 ], [ 23.742031771696581, 38.027976965577125 ], [ 23.742000194450501, 38.027935912438537 ], [ 23.741891609364973, 38.027794743849334 ], [ 23.74152073952644, 38.027482853637451 ], [ 23.741306936068348, 38.027248583565253 ], [ 23.739996379404996, 38.026434310189224 ], [ 23.739903266226573, 38.026465942850983 ], [ 23.73912005836819, 38.026833732252705 ], [ 23.738588635818665, 38.027084910157463 ], [ 23.737901370024211, 38.027403334296181 ], [ 23.737056658379423, 38.027800512173648 ], [ 23.737030419280885, 38.027812849684885 ], [ 23.737004720021385, 38.027824933335751 ], [ 23.736680527618812, 38.027972918802377 ], [ 23.736691808742805, 38.028004488824457 ], [ 23.736822699785137, 38.028342761414493 ], [ 23.736992844264211, 38.028956011659645 ], [ 23.737133259302286, 38.029422519253671 ], [ 23.737144862293711, 38.02946106764378 ], [ 23.737165499657436, 38.029488833501738 ], [ 23.737311237393925, 38.029684906078266 ], [ 23.737431804605386, 38.029847114404028 ], [ 23.737560895490862, 38.03002078966729 ], [ 23.73777465363278, 38.030301511017953 ], [ 23.737777443610828, 38.030305175529421 ], [ 23.737786885959121, 38.030318672502794 ], [ 23.738030041466363, 38.030666249974082 ], [ 23.738058372831826, 38.030698568045509 ], [ 23.738152746588462, 38.030806221453069 ], [ 23.738165257144495, 38.030816011059279 ], [ 23.738343932364767, 38.030955817647595 ], [ 23.7383552203198, 38.030964650058898 ], [ 23.738435754174585, 38.031027664564455 ], [ 23.738844984809599, 38.031402604727262 ], [ 23.740034401499081, 38.032482268032005 ], [ 23.740065797630475, 38.032519671090661 ], [ 23.740095037857358, 38.032554504337497 ], [ 23.74015222376832, 38.032595188248777 ], [ 23.740226518914135, 38.032631403542112 ], [ 23.740296263995635, 38.03264507678378 ], [ 23.740348742442247, 38.032651020347572 ], [ 23.740377419757174, 38.032654268788882 ], [ 23.740475374603971, 38.032645472254245 ], [ 23.740524800988261, 38.032637355371961 ], [ 23.740545804716859, 38.032633906563952 ], [ 23.740583688270409, 38.032627685710935 ], [ 23.740687405112705, 38.03260087614786 ], [ 23.740790053053605, 38.032574064136639 ], [ 23.741059815436799, 38.032516075441507 ], [ 23.74123061139634, 38.032473260394404 ], [ 23.741255836679006, 38.03246693665961 ], [ 23.741360118338676, 38.032459217719143 ] ] ] ] } },
{ "type": "Feature", "id": "geitonies0.121", "geometry_name": "the_geom", "properties": { "fid": 121, "gid": 120, "synoikia": "ΠΟΛΥΓΩΝΟ", "name": "ΤΟΥΡΚΟΒΟΥΝΙΑ ΙΙ", "dk": "7η ΔΚ", "shape_leng": 1208.6301109414101, "geit_thesm": 1, "name_en": "TOURKOVOUNIA II", "synoik_en": "POLYGONO", "dk_en": "7th", "shape_area": 45121.921775017421, "id": 119, "geitonia": "ΤΟΥΡΚΟΒΟΥΝΙΑ ΙΙ" }, "geometry": { "type": "MultiPolygon", "coordinates": [ [ [ [ 23.75264362130352, 38.000446402428409 ], [ 23.752957583841173, 38.000163208517982 ], [ 23.753278093489126, 38.000027783896101 ], [ 23.753909272795621, 37.99988313167497 ], [ 23.754226701399904, 37.999881324103669 ], [ 23.754883730150777, 37.999941965443448 ], [ 23.755138354822908, 37.999931191027301 ], [ 23.7551525131651, 37.999930592308324 ], [ 23.755372709612622, 37.999921273382668 ], [ 23.75559253920169, 37.999911970406686 ], [ 23.755596436190224, 37.999911805458368 ], [ 23.755731260936589, 37.999826463616415 ], [ 23.755744732151445, 37.999814622591032 ], [ 23.755728071966278, 37.999821950575729 ], [ 23.755665383874266, 37.999835339614847 ], [ 23.755568941892154, 37.999830632806081 ], [ 23.755089084122748, 37.999635858605437 ], [ 23.754640436707824, 37.999425004667422 ], [ 23.754418116582286, 37.999328023111175 ], [ 23.754285165987522, 37.999278174835098 ], [ 23.753908778214985, 37.9992233108851 ], [ 23.753704092024488, 37.999231895266156 ], [ 23.753125041427896, 37.999325316025676 ], [ 23.752711108532864, 37.999428094049151 ], [ 23.752404247047114, 37.999549121733082 ], [ 23.752043473303875, 37.999719605556749 ], [ 23.751742032057745, 37.999921758440223 ], [ 23.751538030824918, 38.000043000920797 ], [ 23.751514507998216, 38.000051964059892 ], [ 23.751291764107467, 38.000137115174368 ], [ 23.751011176326706, 38.000276220425249 ], [ 23.750569608852995, 38.00033837462712 ], [ 23.750400695472663, 38.000292952112176 ], [ 23.750340309649438, 38.000256772611436 ], [ 23.750352564645564, 38.000374841507458 ], [ 23.750376364011981, 38.00054075339014 ], [ 23.750403601355476, 38.000905830927181 ], [ 23.750405470970804, 38.000909707709013 ], [ 23.750431877433169, 38.000964474342574 ], [ 23.750440099554332, 38.000972285185497 ], [ 23.750441347292114, 38.000973470316652 ], [ 23.750683781203396, 38.001203848657802 ], [ 23.750936725772338, 38.001364637242169 ], [ 23.751155813117585, 38.001502271786975 ], [ 23.751441030030243, 38.001574977558889 ], [ 23.751482301865227, 38.001585083438542 ], [ 23.751500906914028, 38.001589639080088 ], [ 23.751626676562118, 38.001620433912962 ], [ 23.75177167264679, 38.001655300631285 ], [ 23.751789695309721, 38.001659634183596 ], [ 23.75180379955798, 38.001663025734814 ], [ 23.751879676633017, 38.001681271882909 ], [ 23.751880408421648, 38.001681447374374 ], [ 23.751880408163284, 38.001681186001726 ], [ 23.751880412873273, 38.001634488728165 ], [ 23.75264362130352, 38.000446402428409 ] ] ] ] } },
{ "type": "Feature", "id": "geitonies0.122", "geometry_name": "the_geom", "properties": { "fid": 122, "gid": 121, "synoikia": "ΝΕΑ ΚΥΨΕΛΗ", "name": "ΝΕΑ ΚΥΨΕΛΗ ΙΙ", "dk": "6η ΔΚ", "shape_leng": 2067.3602120976698, "geit_thesm": 1, "name_en": "NEA KYPSELI II", "synoik_en": "NEA KYPSELI", "dk_en": "6th", "shape_area": 259174.37464398029, "id": 120, "geitonia": "ΝΕΑ ΚΥΨΕΛΗ ΙΙ" }, "geometry": { "type": "MultiPolygon", "coordinates": [ [ [ [ 23.749775243767413, 38.004401473713564 ], [ 23.750237943708015, 38.004307822556171 ], [ 23.750533950531338, 38.004245361009836 ], [ 23.750689078699153, 38.004160068094748 ], [ 23.750863873416499, 38.004047778151829 ], [ 23.751174915831196, 38.003854660829646 ], [ 23.751734937514492, 38.003504344013209 ], [ 23.751749661475383, 38.003360169830607 ], [ 23.751750052474307, 38.00335636093309 ], [ 23.751794560076835, 38.002923142368772 ], [ 23.751797498750289, 38.002896110081302 ], [ 23.75186796984854, 38.002580809730262 ], [ 23.751880346896421, 38.002287918851692 ], [ 23.7518803567764, 38.002194727103571 ], [ 23.751880408421648, 38.001681447374374 ], [ 23.751879676633017, 38.001681271882909 ], [ 23.75180379955798, 38.001663025734814 ], [ 23.751789695309721, 38.001659634183596 ], [ 23.75177167264679, 38.001655300631285 ], [ 23.751626676562118, 38.001620433912962 ], [ 23.751500906914028, 38.001589639080088 ], [ 23.751482301865227, 38.001585083438542 ], [ 23.751441030030243, 38.001574977558889 ], [ 23.751155813117585, 38.001502271786975 ], [ 23.750936725772338, 38.001364637242169 ], [ 23.750683781203396, 38.001203848657802 ], [ 23.750441347292114, 38.000973470316652 ], [ 23.750440099554332, 38.000972285185497 ], [ 23.750431877433169, 38.000964474342574 ], [ 23.750405470970804, 38.000909707709013 ], [ 23.750403601355476, 38.000905830927181 ], [ 23.750376364011981, 38.00054075339014 ], [ 23.750352564645564, 38.000374841507458 ], [ 23.750340309649438, 38.000256772611436 ], [ 23.750269350256541, 38.000215018723466 ], [ 23.750228516132498, 38.000155720399135 ], [ 23.750214834641412, 38.000018052753042 ], [ 23.750256743183858, 37.999918688731917 ], [ 23.750354348101045, 37.999683073336143 ], [ 23.750096717338245, 37.999261672793104 ], [ 23.749747463907568, 37.999259829724359 ], [ 23.749458053026352, 37.999258302379829 ], [ 23.749071847658854, 37.999256262318468 ], [ 23.748673990557808, 37.998959881962136 ], [ 23.74850571386127, 37.998833342562776 ], [ 23.748079299655664, 37.998525993581538 ], [ 23.748000840985124, 37.998467242070717 ], [ 23.747443270218344, 37.998939219974815 ], [ 23.746881746718536, 37.999420199515271 ], [ 23.746279174959312, 37.999932632698261 ], [ 23.745906822271429, 38.000256290845371 ], [ 23.74554661580931, 38.000566454821524 ], [ 23.745042899149688, 38.000997979891352 ], [ 23.745087250943371, 38.001038633769369 ], [ 23.745353359316102, 38.001282556676635 ], [ 23.745053181347728, 38.001317957691313 ], [ 23.744601103359781, 38.001636932348084 ], [ 23.74525392106753, 38.002246714189319 ], [ 23.745349001036271, 38.002337048390181 ], [ 23.745716587166626, 38.002675824810929 ], [ 23.746132784895469, 38.003059769151051 ], [ 23.746384000921129, 38.00329013826795 ], [ 23.746703806850771, 38.003552199480879 ], [ 23.746674459682978, 38.003584970004191 ], [ 23.746889320671762, 38.003671320349682 ], [ 23.747775426414854, 38.004027427242924 ], [ 23.748328461581991, 38.004249675000416 ], [ 23.748392490010779, 38.004280536724657 ], [ 23.748425008460647, 38.00430958162621 ], [ 23.748504552485883, 38.004380631325148 ], [ 23.748548670958201, 38.004366681872924 ], [ 23.748640693409666, 38.00433596458673 ], [ 23.748930068791406, 38.004353081577264 ], [ 23.749232141617881, 38.00437778488962 ], [ 23.749730718880851, 38.004410391801215 ], [ 23.749775243767413, 38.004401473713564 ] ] ] ] } },
{ "type": "Feature", "id": "geitonies0.123", "geometry_name": "the_geom", "properties": { "fid": 123, "gid": 122, "synoikia": "ΚΟΥΝΤΟΥΡΙΩΤΙΚΑ", "name": "ΑΒΕΡΩΦ ΙΙ", "dk": "7η ΔΚ", "shape_leng": 2112.7812000930899, "geit_thesm": 1, "name_en": "AVEROF II", "synoik_en": "KOUNTOURIOTIKA", "dk_en": "7th", "shape_area": 182788.11307232807, "id": 121, "geitonia": "ΑΒΕΡΩΦ ΙΙ" }, "geometry": { "type": "MultiPolygon", "coordinates": [ [ [ [ 23.75778155477396, 37.987214515143123 ], [ 23.757729593029129, 37.987122485122114 ], [ 23.757571839944447, 37.98715370509165 ], [ 23.757472369699059, 37.987173105704976 ], [ 23.756591212767219, 37.987344956095185 ], [ 23.75620728854603, 37.987419830221185 ], [ 23.755811286899071, 37.987497058315064 ], [ 23.755610832904342, 37.987531527160513 ], [ 23.755611170669344, 37.987532694125576 ], [ 23.755632364632852, 37.987605822489662 ], [ 23.755656909323921, 37.987690514090694 ], [ 23.755828927446963, 37.988294732472809 ], [ 23.755935222555316, 37.988650960756146 ], [ 23.75599368565106, 37.988835845520192 ], [ 23.756045416680657, 37.989011703435693 ], [ 23.756098141560205, 37.989210095513243 ], [ 23.756258527705807, 37.989782744022051 ], [ 23.756410761410255, 37.990346362526743 ], [ 23.756534630746454, 37.990770222914477 ], [ 23.756528788814354, 37.990815275068151 ], [ 23.756521121064953, 37.990873842715381 ], [ 23.756605550657003, 37.991171441465944 ], [ 23.756692783372173, 37.991482565212308 ], [ 23.756725762403203, 37.991518684818914 ], [ 23.756025980454723, 37.991656934542398 ], [ 23.756059239942953, 37.991715587035465 ], [ 23.756341722194698, 37.991959519430871 ], [ 23.756720043813317, 37.992280258605959 ], [ 23.757009885807733, 37.992560255987399 ], [ 23.757123755273842, 37.992673151752861 ], [ 23.757264331467933, 37.992889750255195 ], [ 23.757359903343243, 37.993047672253844 ], [ 23.757423593421041, 37.99316046419527 ], [ 23.757464595752296, 37.993354324929001 ], [ 23.75759647015531, 37.993512321575295 ], [ 23.757933995815211, 37.993905075452147 ], [ 23.758076407912867, 37.994046468141818 ], [ 23.758170153880098, 37.99413954369291 ], [ 23.758171265231169, 37.994140646446176 ], [ 23.758188702857854, 37.994157959018303 ], [ 23.758563396148897, 37.994505723241417 ], [ 23.758796930315409, 37.994704484945629 ], [ 23.7593594064579, 37.994115295792717 ], [ 23.759612992547339, 37.993840922571266 ], [ 23.759622313200083, 37.993831141052453 ], [ 23.759694416770564, 37.993755466926686 ], [ 23.759594570559667, 37.993705692243275 ], [ 23.75961206576152, 37.993684493737391 ], [ 23.759816747809033, 37.993436476401982 ], [ 23.759817065675467, 37.993436090399989 ], [ 23.759875252967074, 37.993365584546225 ], [ 23.759887348606231, 37.993351720443798 ], [ 23.759895753019816, 37.993342087546466 ], [ 23.76012441808081, 37.993079993681157 ], [ 23.76013219942417, 37.993071074214384 ], [ 23.760147628353412, 37.993053390027484 ], [ 23.760171922910537, 37.993024657943089 ], [ 23.760176229619102, 37.993019564552064 ], [ 23.760382350699935, 37.992775795986745 ], [ 23.760386757985952, 37.992770583823059 ], [ 23.760406292947831, 37.992747480429401 ], [ 23.760606012978389, 37.992509046643256 ], [ 23.760761797827328, 37.992320093813582 ], [ 23.760779411541659, 37.992266052552615 ], [ 23.760794791653396, 37.992221565772326 ], [ 23.760821446415445, 37.992144464592371 ], [ 23.760262505472607, 37.991764787065023 ], [ 23.759878476810314, 37.991444047588359 ], [ 23.759583646981692, 37.991164047018856 ], [ 23.759314204397693, 37.990848046253198 ], [ 23.758996392051174, 37.990414778708121 ], [ 23.7587199824473, 37.989945543810101 ], [ 23.758621000493186, 37.989742551580875 ], [ 23.758517718194117, 37.989440409066852 ], [ 23.758250445749493, 37.988574626240805 ], [ 23.758151124980607, 37.988258972210602 ], [ 23.758013044155817, 37.987826071246609 ], [ 23.757858031399493, 37.987348070962966 ], [ 23.757818751745294, 37.987280393685886 ], [ 23.75778155477396, 37.987214515143123 ] ] ] ] } },
{ "type": "Feature", "id": "geitonies0.124", "geometry_name": "the_geom", "properties": { "fid": 124, "gid": 123, "synoikia": "ΠΟΛΥΓΩΝΟ", "name": "ΤΟΥΡΚΟΒΟΥΝΙΑ", "dk": "7η ΔΚ", "shape_leng": 2465.03819650779, "geit_thesm": 1, "name_en": "TOURKOVOUNIA", "synoik_en": "POLYGONO", "dk_en": "7th", "shape_area": 200011.1712708298, "id": 122, "geitonia": "ΤΟΥΡΚΟΒΟΥΝΙΑ" }, "geometry": { "type": "MultiPolygon", "coordinates": [ [ [ [ 23.759442390240871, 38.000744408944712 ], [ 23.759428680848469, 38.000473995867672 ], [ 23.759492172268779, 38.000541721979047 ], [ 23.759561557891985, 38.000330062227476 ], [ 23.759700516615364, 37.999740005498005 ], [ 23.759761256826131, 37.99943349396883 ], [ 23.759794245616245, 37.99926702305499 ], [ 23.759685443842915, 37.999079819583748 ], [ 23.759378200046495, 37.998551026527053 ], [ 23.759118093693459, 37.998103385235652 ], [ 23.758892116832918, 37.997714476975382 ], [ 23.75867030811288, 37.997393146067786 ], [ 23.758684852230889, 37.997216244856787 ], [ 23.75874071732586, 37.996536736335386 ], [ 23.758748612224171, 37.996308671775665 ], [ 23.758690784758059, 37.996090312606214 ], [ 23.758557588914144, 37.995587357926489 ], [ 23.758477558871089, 37.995285157947357 ], [ 23.758528034843469, 37.994950005462861 ], [ 23.758796930315409, 37.994704484945629 ], [ 23.758563396148897, 37.994505723241417 ], [ 23.758188702857854, 37.994157959018303 ], [ 23.758171265231169, 37.994140646446176 ], [ 23.758170153880098, 37.99413954369291 ], [ 23.758076407912867, 37.994046468141818 ], [ 23.757933995815211, 37.993905075452147 ], [ 23.75759647015531, 37.993512321575295 ], [ 23.757464595752296, 37.993354324929001 ], [ 23.757423593421041, 37.99316046419527 ], [ 23.757359903343243, 37.993047672253844 ], [ 23.757033764114983, 37.993223984257895 ], [ 23.7568871391118, 37.993303562135218 ], [ 23.756522759140477, 37.993501091017158 ], [ 23.756098139235444, 37.993725532394109 ], [ 23.755448926281332, 37.994062166024605 ], [ 23.754929451512986, 37.99434048295516 ], [ 23.75480752337112, 37.994403318747288 ], [ 23.754601452117004, 37.994511043103344 ], [ 23.754499235690673, 37.994565249342834 ], [ 23.754127352310789, 37.994497395357278 ], [ 23.753668267020711, 37.994429506311953 ], [ 23.753510462787023, 37.994945598982284 ], [ 23.753497981649897, 37.994986416322561 ], [ 23.753483073438019, 37.995081019919972 ], [ 23.753470715143653, 37.99515760317469 ], [ 23.753679868530973, 37.995725850393825 ], [ 23.753918339281839, 37.996361754833998 ], [ 23.754215369379612, 37.996515594194278 ], [ 23.754615100206966, 37.996785618925905 ], [ 23.754814456405303, 37.996917915951592 ], [ 23.755027277852516, 37.997053959381127 ], [ 23.755174248337006, 37.997143986412745 ], [ 23.755400547440143, 37.997270636997854 ], [ 23.75611002895528, 37.997551508329359 ], [ 23.756328618881035, 37.997642089783405 ], [ 23.756887445935348, 37.997777532996551 ], [ 23.757097502086811, 37.997828443398028 ], [ 23.757289489852418, 37.997891929607256 ], [ 23.757609742647595, 37.998023276197038 ], [ 23.757846310487526, 37.998167968904653 ], [ 23.757928972572728, 37.998249254607089 ], [ 23.758218456466505, 37.998538260862411 ], [ 23.758547243792734, 37.998890436946603 ], [ 23.75873607924381, 37.999156703145118 ], [ 23.75878540683323, 37.999310022542375 ], [ 23.758795627059985, 37.999449742465544 ], [ 23.758785351186194, 37.999544356170709 ], [ 23.758692428591502, 37.999769486456081 ], [ 23.758084862203521, 37.999574462377858 ], [ 23.758152683505219, 37.999665312444655 ], [ 23.758283319628937, 37.999813710556325 ], [ 23.758295581452114, 37.999827711058657 ], [ 23.758312462747568, 37.999846984548419 ], [ 23.75845819007753, 38.000013368842978 ], [ 23.758531796543075, 38.000149902207021 ], [ 23.758898601046962, 38.001090561752413 ], [ 23.758945255051195, 38.001078850570011 ], [ 23.759118863176813, 38.001035269599932 ], [ 23.759203565000362, 38.000960228243692 ], [ 23.759315398600105, 38.000829771061085 ], [ 23.7594285752823, 38.000801286822053 ], [ 23.759442390240871, 38.000744408944712 ] ] ] ] } },
{ "type": "Feature", "id": "geitonies0.125", "geometry_name": "the_geom", "properties": { "fid": 125, "gid": 124, "synoikia": "ΑΓΙΟΣ ΕΛΕΥΘΕΡΙΟΣ", "name": "ΚΟΥΚΛΑΚΙ", "dk": "5η ΔΚ", "shape_leng": 1792.0032660301699, "geit_thesm": 1, "name_en": "KOUKLAKI", "synoik_en": "AGIOS ELEFTHERIOS", "dk_en": "5th", "shape_area": 160322.87895088797, "id": 123, "geitonia": "ΚΟΥΚΛΑΚΙ" }, "geometry": { "type": "MultiPolygon", "coordinates": [ [ [ [ 23.732036172900631, 38.020202411179824 ], [ 23.731977739972592, 38.02011665641453 ], [ 23.73191040257441, 38.020130022117229 ], [ 23.731890878614017, 38.020138140497487 ], [ 23.731794591454364, 38.020178179299648 ], [ 23.731744115020383, 38.020199168534191 ], [ 23.731673283884184, 38.020228622089476 ], [ 23.729883025992361, 38.020850912920849 ], [ 23.72968589453189, 38.020918055918969 ], [ 23.729685576301922, 38.020918155229488 ], [ 23.729571476245116, 38.020953844037862 ], [ 23.729569670641741, 38.020954412198144 ], [ 23.729596521913301, 38.021016991219227 ], [ 23.729831809035289, 38.021612376665956 ], [ 23.730039950322244, 38.022135596899673 ], [ 23.730775589418393, 38.02396688084017 ], [ 23.731003010807491, 38.024868680608087 ], [ 23.731178248221969, 38.025436887242584 ], [ 23.731225060308891, 38.025585705309325 ], [ 23.73124623569068, 38.025734464762394 ], [ 23.731292395243916, 38.025964396420349 ], [ 23.731370837514987, 38.025929925073477 ], [ 23.731481210862885, 38.025859222172372 ], [ 23.73166742950654, 38.025739933069161 ], [ 23.731832578378306, 38.02561810268034 ], [ 23.731973702278747, 38.025513994126719 ], [ 23.731984101934486, 38.025506322709589 ], [ 23.731988878540982, 38.025503097103332 ], [ 23.732003461930162, 38.025493246914358 ], [ 23.732057733847913, 38.025456590292983 ], [ 23.732104983587657, 38.025424676402132 ], [ 23.732163147951258, 38.025385390555329 ], [ 23.732237694510598, 38.025335039126638 ], [ 23.732343173370069, 38.025263795210385 ], [ 23.733027520176641, 38.024769647363478 ], [ 23.733244195916566, 38.024616921623291 ], [ 23.733492641034864, 38.024441735502585 ], [ 23.733552165410298, 38.024423844808801 ], [ 23.73402288011178, 38.024222122614674 ], [ 23.734522462606748, 38.024011450908716 ], [ 23.734818433769817, 38.023885939619504 ], [ 23.73506554552182, 38.023782849495632 ], [ 23.735456011268749, 38.023616991878988 ], [ 23.735496560568755, 38.023595738995425 ], [ 23.735570965953599, 38.023556583512573 ], [ 23.735658998491463, 38.023510255590871 ], [ 23.7356736576331, 38.02350254114485 ], [ 23.73569574564948, 38.023490917421327 ], [ 23.735692880711628, 38.0234891904392 ], [ 23.735311258343899, 38.023259205156407 ], [ 23.734927700200824, 38.023007438449824 ], [ 23.734777809056858, 38.022907959714132 ], [ 23.733588226439533, 38.022134676531707 ], [ 23.733446559752949, 38.022026201925158 ], [ 23.733162259285599, 38.021782211609064 ], [ 23.732881262565549, 38.021511189709564 ], [ 23.73247644247062, 38.021023578334585 ], [ 23.732314868660875, 38.020712269086431 ], [ 23.732036172900631, 38.020202411179824 ] ] ] ] } },
{ "type": "Feature", "id": "geitonies0.126", "geometry_name": "the_geom", "properties": { "fid": 126, "gid": 125, "synoikia": "ΜΟΥΣΕΙΟ-ΕΞΑΡΧΕΙΑ-ΝΕΑΠΟΛΗ", "name": "ΛΟΦΟΣ ΣΤΡΕΦΗ", "dk": "1η ΔΚ", "shape_leng": 2173.9394355619602, "geit_thesm": 1, "name_en": "LOFOS STREFI", "synoik_en": "MOUSEIO-EXARCHEIA-NEAPOLI", "dk_en": "1st", "shape_area": 207076.11104633013, "id": 124, "geitonia": "ΛΟΦΟΣ ΣΤΡΕΦΗ" }, "geometry": { "type": "MultiPolygon", "coordinates": [ [ [ [ 23.740309822946607, 37.989243894187169 ], [ 23.740797606586785, 37.988672654166812 ], [ 23.740930771728696, 37.988742836780915 ], [ 23.741295623086149, 37.988935123199433 ], [ 23.741708360480438, 37.989161351486452 ], [ 23.741908892894084, 37.989315010099745 ], [ 23.742461936658078, 37.989788786675824 ], [ 23.742842209161896, 37.989461259862964 ], [ 23.742850112035821, 37.989449984942034 ], [ 23.743015674657428, 37.989213785625132 ], [ 23.743341274227056, 37.988813424728221 ], [ 23.743556792242384, 37.988548015710919 ], [ 23.743747302522586, 37.988309590359229 ], [ 23.743746418008676, 37.988309167532137 ], [ 23.743378164701166, 37.988133035001496 ], [ 23.743279405371872, 37.988083248817254 ], [ 23.742812980632355, 37.987843389351625 ], [ 23.742381387878972, 37.987617123600863 ], [ 23.742023768385739, 37.987433847594289 ], [ 23.741878022006922, 37.987359153800718 ], [ 23.741283896360368, 37.987050040708958 ], [ 23.740807033785114, 37.986802508309189 ], [ 23.740269579712407, 37.986526430780934 ], [ 23.73982659902682, 37.986304636907796 ], [ 23.739304066523886, 37.986037600811599 ], [ 23.738883215277799, 37.98581490336489 ], [ 23.738859359742907, 37.985802280179342 ], [ 23.738540898499082, 37.986193631873881 ], [ 23.737748568972307, 37.987164284502995 ], [ 23.737747777484792, 37.987165254323742 ], [ 23.73746147703492, 37.987516116857805 ], [ 23.737316755656348, 37.987682531494727 ], [ 23.737264773858634, 37.987744359818286 ], [ 23.73715414484569, 37.987875944524859 ], [ 23.736864278947476, 37.98822679758721 ], [ 23.736856257433477, 37.988236954248407 ], [ 23.73651608129267, 37.988667647750795 ], [ 23.736166828542789, 37.9891039880536 ], [ 23.736064967665307, 37.989225432985023 ], [ 23.735725305837061, 37.989633358815858 ], [ 23.735712911062041, 37.989648246328088 ], [ 23.735652864883651, 37.989720214174724 ], [ 23.735367643931006, 37.990062061009596 ], [ 23.735389740073963, 37.990152239186294 ], [ 23.735592394661548, 37.990984713082042 ], [ 23.735592802062691, 37.990986384078084 ], [ 23.735831733108974, 37.990946893987797 ], [ 23.736586500032629, 37.990822143680674 ], [ 23.736588095347752, 37.990821879571811 ], [ 23.737690116961023, 37.990666617540946 ], [ 23.737963303208222, 37.990628377481578 ], [ 23.738260528220614, 37.990586772610193 ], [ 23.738614468334344, 37.990533482600561 ], [ 23.739752425622076, 37.990346812723757 ], [ 23.739752891670125, 37.990346737145693 ], [ 23.73997081826138, 37.990311167728507 ], [ 23.739817293332532, 37.989846666587574 ], [ 23.740175782006567, 37.989410335876762 ], [ 23.740266927187719, 37.989297876567107 ], [ 23.740309822946607, 37.989243894187169 ] ] ] ] } },
{ "type": "Feature", "id": "geitonies0.127", "geometry_name": "the_geom", "properties": { "fid": 127, "gid": 126, "synoikia": "ΓΚΥΖΗ", "name": "ΝΕΑΠΟΛΗ II", "dk": "7η ΔΚ", "shape_leng": 3012.3230739227702, "geit_thesm": 1, "name_en": "NEAPOLI II", "synoik_en": "GKYZI", "dk_en": "7th", "shape_area": 226702.77493965704, "id": 125, "geitonia": "ΝΕΑΠΟΛΗ II" }, "geometry": { "type": "MultiPolygon", "coordinates": [ [ [ [ 23.742510118293598, 37.989884137236864 ], [ 23.744787996839428, 37.989494875161533 ], [ 23.74566200596875, 37.989345504719346 ], [ 23.74568681485572, 37.989341264639208 ], [ 23.746095253230383, 37.989270044208752 ], [ 23.746097565233512, 37.989269651732748 ], [ 23.746469902273006, 37.989206438394973 ], [ 23.746829148387665, 37.989145446209925 ], [ 23.747425290652995, 37.989044468916809 ], [ 23.747774909621096, 37.988985246723857 ], [ 23.748077819879157, 37.988932344216273 ], [ 23.7482007087448, 37.988907970721321 ], [ 23.748472754645832, 37.988854012410037 ], [ 23.748514607914373, 37.9888457109369 ], [ 23.74864238983761, 37.988820365941685 ], [ 23.74889252460488, 37.988770717546409 ], [ 23.749084936174821, 37.988732526111015 ], [ 23.749185111592695, 37.988712642003669 ], [ 23.749524387529956, 37.988645298106171 ], [ 23.749540873716775, 37.988642025494954 ], [ 23.749545840957882, 37.988641084314473 ], [ 23.750505559685166, 37.988459312187324 ], [ 23.751649478430462, 37.98824349939018 ], [ 23.751710250239167, 37.988232033552855 ], [ 23.751651600906339, 37.98810572980436 ], [ 23.751535872514083, 37.987704413454679 ], [ 23.751376443651115, 37.987176824651712 ], [ 23.751540977933107, 37.986929318819264 ], [ 23.751800966420333, 37.986551327801514 ], [ 23.752218630260863, 37.985952853462273 ], [ 23.751992147295255, 37.985258386215868 ], [ 23.751946264985026, 37.985357430894339 ], [ 23.751402329277912, 37.986149413926682 ], [ 23.750514557258388, 37.98632779143643 ], [ 23.749257891075469, 37.986568466434818 ], [ 23.748302880798306, 37.986737671021956 ], [ 23.747937653759799, 37.986561138289694 ], [ 23.747761454142061, 37.986470632037673 ], [ 23.747389901463556, 37.986271551898895 ], [ 23.746851359404189, 37.985995502053335 ], [ 23.7459842270849, 37.985552002783841 ], [ 23.745828477636053, 37.985744362992044 ], [ 23.745819251970612, 37.985755756936555 ], [ 23.745565165903933, 37.986069566975686 ], [ 23.745565043534356, 37.986069718126949 ], [ 23.745452437063147, 37.986208791598827 ], [ 23.745341660958967, 37.986346646778657 ], [ 23.745331358629812, 37.986359467791274 ], [ 23.745107422783995, 37.98663814147514 ], [ 23.745102970375342, 37.986643682843464 ], [ 23.744978876863396, 37.986798107782178 ], [ 23.744896684826276, 37.986897070943357 ], [ 23.744810547404281, 37.987005038338779 ], [ 23.744607880873968, 37.987261464787409 ], [ 23.744279416845156, 37.987670835940648 ], [ 23.744146470416435, 37.987832778170343 ], [ 23.743909897041412, 37.988116168169796 ], [ 23.743747302522586, 37.988309590359229 ], [ 23.743556792242384, 37.988548015710919 ], [ 23.743341274227056, 37.988813424728221 ], [ 23.743015674657428, 37.989213785625132 ], [ 23.742850112035821, 37.989449984942034 ], [ 23.742842209161896, 37.989461259862964 ], [ 23.742461936658078, 37.989788786675824 ], [ 23.741908892894084, 37.989315010099745 ], [ 23.741708360480438, 37.989161351486452 ], [ 23.741295623086149, 37.988935123199433 ], [ 23.740930771728696, 37.988742836780915 ], [ 23.740797606586785, 37.988672654166812 ], [ 23.740309822946607, 37.989243894187169 ], [ 23.740266927187719, 37.989297876567107 ], [ 23.740175782006567, 37.989410335876762 ], [ 23.739817293332532, 37.989846666587574 ], [ 23.73997081826138, 37.990311167728507 ], [ 23.740128449097671, 37.990283109404814 ], [ 23.740195878155259, 37.990271107239522 ], [ 23.74019943352387, 37.990270476081633 ], [ 23.740467238184475, 37.990222902634358 ], [ 23.740471504621919, 37.990222145054751 ], [ 23.740472719262545, 37.990221960267533 ], [ 23.740631292483556, 37.990197835653603 ], [ 23.740763485370366, 37.990177724692082 ], [ 23.740924438437627, 37.99015104077241 ], [ 23.741786515046396, 37.990013237268734 ], [ 23.741926331565562, 37.98998829192081 ], [ 23.741945346995266, 37.989984899745245 ], [ 23.742320052163311, 37.989918048244732 ], [ 23.742506355557286, 37.98988480856859 ], [ 23.742510118293598, 37.989884137236864 ] ] ] ] } },
{ "type": "Feature", "id": "geitonies0.128", "geometry_name": "the_geom", "properties": { "fid": 128, "gid": 127, "synoikia": "Α ΝΕΚΡΟΤΑΦΕΙΟ", "name": "Α ΝΕΚΡΟΤΑΦΕΙΟ", "dk": "2η ΔΚ", "shape_leng": 1852.41622822932, "geit_thesm": 0, "name_en": "A NEKROTAFEIO", "synoik_en": "A NEKROTAFEIO", "dk_en": "2nd", "shape_area": 210708.27538973332, "id": 126, "geitonia": "Α ΝΕΚΡΟΤΑΦΕΙΟ" }, "geometry": { "type": "MultiPolygon", "coordinates": [ [ [ [ 23.739136404218701, 37.961418567814036 ], [ 23.737478703669936, 37.960500072094383 ], [ 23.737190262632531, 37.960382260535518 ], [ 23.737164068453588, 37.960445292269888 ], [ 23.73697957724043, 37.960771047536305 ], [ 23.73681634312241, 37.960726894269044 ], [ 23.736780885232438, 37.960759080198869 ], [ 23.736577675864662, 37.960943540193497 ], [ 23.736430924477713, 37.961062694532409 ], [ 23.736372336357356, 37.961110265798062 ], [ 23.736354759145499, 37.961145480335922 ], [ 23.73563265823552, 37.961721691735995 ], [ 23.735251754074667, 37.961991221922432 ], [ 23.735233077404079, 37.962040750787757 ], [ 23.735037464778852, 37.962522499997561 ], [ 23.734848995831737, 37.962995252050462 ], [ 23.734678846691779, 37.963418474193681 ], [ 23.734505105605042, 37.963850700838556 ], [ 23.734342132535392, 37.964255912848387 ], [ 23.734317099783457, 37.964291907865629 ], [ 23.734877778782362, 37.96451529075793 ], [ 23.735108237142821, 37.964607107699216 ], [ 23.735401379645936, 37.964723897487524 ], [ 23.73593092219846, 37.964934868484654 ], [ 23.735956923694062, 37.964962001551427 ], [ 23.735955514568047, 37.964992768379737 ], [ 23.735904305750065, 37.965079443919116 ], [ 23.735951911360459, 37.965097698218045 ], [ 23.735952890212303, 37.965098073548404 ], [ 23.736483972786107, 37.965301718029743 ], [ 23.736974974454487, 37.965487580920289 ], [ 23.737400613534149, 37.965646257229537 ], [ 23.737867104795583, 37.965823048796381 ], [ 23.737869723864783, 37.965787003093915 ], [ 23.737875736164309, 37.965775112271793 ], [ 23.737876242920901, 37.965774110266821 ], [ 23.737947113118228, 37.96563395645925 ], [ 23.738419467120497, 37.965324982422999 ], [ 23.738429578319426, 37.965318368716389 ], [ 23.738458984201465, 37.965299133898647 ], [ 23.738702373489541, 37.965139927630673 ], [ 23.738962695747144, 37.964563680803316 ], [ 23.739575728548861, 37.964245081899847 ], [ 23.740206233918517, 37.963912999029368 ], [ 23.740977881681427, 37.963504614027705 ], [ 23.741602039485215, 37.962801412028185 ], [ 23.741608634104594, 37.962793982766129 ], [ 23.740660358841257, 37.962277020532355 ], [ 23.740111247807508, 37.961977659722209 ], [ 23.740015086059913, 37.961925234687577 ], [ 23.739995600904251, 37.961914390579707 ], [ 23.739794841650628, 37.961802660071349 ], [ 23.739462274544856, 37.96161757350464 ], [ 23.739444167751369, 37.961606516048029 ], [ 23.739362620230352, 37.961556715851103 ], [ 23.739305856568553, 37.96152205088584 ], [ 23.739136404218701, 37.961418567814036 ] ] ] ] } },
{ "type": "Feature", "id": "geitonies0.129", "geometry_name": "the_geom", "properties": { "fid": 129, "gid": 128, "synoikia": "ΑΚΑΔΗΜΙΑ ΠΛΑΤΩΝΟΣ", "name": "ΑΓΙΟΣ ΓΕΩΡΓΙΟΣ", "dk": "4η ΔΚ", "shape_leng": 2341.5316192472901, "geit_thesm": 1, "name_en": "AGIOS GEORGIOS", "synoik_en": "AKADIMIA PLATONOS", "dk_en": "4th", "shape_area": 295041.89054516936, "id": 127, "geitonia": "ΑΓΙΟΣ ΓΕΩΡΓΙΟΣ" }, "geometry": { "type": "MultiPolygon", "coordinates": [ [ [ [ 23.714300201921318, 37.988660849652526 ], [ 23.714446521652672, 37.988462922365699 ], [ 23.71481000694526, 37.987968097707139 ], [ 23.71487257992878, 37.987891640209781 ], [ 23.715108387400473, 37.987558736254428 ], [ 23.715364953655282, 37.98719433707263 ], [ 23.715668752205907, 37.986762455124925 ], [ 23.715076201595238, 37.986495142276269 ], [ 23.714253008766782, 37.986127689716568 ], [ 23.713895007418813, 37.985965023535037 ], [ 23.713332664462449, 37.985711294630718 ], [ 23.713013536521874, 37.986147639632406 ], [ 23.712585089828632, 37.985961830133235 ], [ 23.7119936227908, 37.985694504394445 ], [ 23.711697037621686, 37.985824464154298 ], [ 23.711340561136399, 37.985981314748543 ], [ 23.711135162153923, 37.986088964697956 ], [ 23.711041020753484, 37.986138304136759 ], [ 23.710198438218615, 37.986474213053498 ], [ 23.709618848099549, 37.986716130544949 ], [ 23.70904211942203, 37.987043674284102 ], [ 23.708977120708816, 37.987102096988245 ], [ 23.708693850442842, 37.98737178118138 ], [ 23.708208319566833, 37.987852764968771 ], [ 23.707812142025364, 37.98823482740832 ], [ 23.70749920113872, 37.988535979904384 ], [ 23.706754804427288, 37.988065458548057 ], [ 23.706297509758208, 37.988383085674805 ], [ 23.706366784120696, 37.988450768433346 ], [ 23.707276100723771, 37.989339185750197 ], [ 23.707322473122488, 37.98938449243893 ], [ 23.707620779864925, 37.989694911977821 ], [ 23.707757398056383, 37.989834471060234 ], [ 23.708074753721018, 37.989981181536407 ], [ 23.708523296800642, 37.99018853656176 ], [ 23.709088452978243, 37.990450643845776 ], [ 23.709790039011775, 37.990776839233376 ], [ 23.710189679390567, 37.990962587821663 ], [ 23.710384011566429, 37.991048688462463 ], [ 23.710608551592806, 37.991159230222621 ], [ 23.710660002878782, 37.991184560306209 ], [ 23.711051383656322, 37.991389903891658 ], [ 23.711065592249916, 37.991397359066717 ], [ 23.711388473693294, 37.991555876471793 ], [ 23.712075560111938, 37.991863996939685 ], [ 23.712078845628795, 37.991859061439712 ], [ 23.712104000204828, 37.991821275394415 ], [ 23.712288207046125, 37.99154456146772 ], [ 23.712530531807502, 37.991189146764775 ], [ 23.712856247454848, 37.990712261783926 ], [ 23.713063969935948, 37.99040926485609 ], [ 23.713268218737138, 37.990109406359842 ], [ 23.713437192911474, 37.989852952130285 ], [ 23.713509873695841, 37.989740468639688 ], [ 23.713776421162986, 37.989376097393311 ], [ 23.713928254753778, 37.98916342386218 ], [ 23.714011135190177, 37.989052205920906 ], [ 23.714145287988401, 37.98887227513076 ], [ 23.714300201921318, 37.988660849652526 ] ] ] ] } },
{ "type": "Feature", "id": "geitonies0.130", "geometry_name": "the_geom", "properties": { "fid": 130, "gid": 134, "synoikia": "ΣΕΠΟΛΙΑ", "name": "ΑΓΙΟΥ ΜΕΛΕΤΙΟΥ ΣΕΠΟΛΙΩΝ", "dk": "4η ΔΚ", "shape_leng": 1606.87565432579, "geit_thesm": 1, "name_en": "AGIOU MELETIOU SEPOLION", "synoik_en": "SEPOLIA", "dk_en": "4th", "shape_area": 145679.51345501328, "id": 133, "geitonia": "ΑΓΙΟΥ ΜΕΛΕΤΙΟΥ ΣΕΠΟΛΙΩΝ" }, "geometry": { "type": "MultiPolygon", "coordinates": [ [ [ [ 23.718230779228961, 38.004681629461309 ], [ 23.718813518428959, 38.004595132025379 ], [ 23.719605178869546, 38.004477619352961 ], [ 23.720404270626034, 38.004389393559144 ], [ 23.720714065533524, 38.004358584760233 ], [ 23.720969400667791, 38.004327645950013 ], [ 23.721001013858903, 38.004324301484239 ], [ 23.721092029249181, 38.004314672655468 ], [ 23.721211352317184, 38.004301990623084 ], [ 23.721164805011416, 38.003801829952472 ], [ 23.721092330963842, 38.003289243948679 ], [ 23.72093969756391, 38.00224902455593 ], [ 23.720856606145404, 38.001682736295841 ], [ 23.720747924042602, 38.001697020490873 ], [ 23.720669976163038, 38.001707265932566 ], [ 23.720625503211146, 38.001713110567763 ], [ 23.719315737645491, 38.001876729334697 ], [ 23.719313503165651, 38.001809127809921 ], [ 23.719168770477502, 38.001786822558479 ], [ 23.719024971436177, 38.001867022225007 ], [ 23.718271396418942, 38.001973373415701 ], [ 23.717632822137325, 38.0020709831036 ], [ 23.71673532287878, 38.002208523698776 ], [ 23.715859549379697, 38.002341603514409 ], [ 23.715005503053131, 38.002470223039992 ], [ 23.714474839258099, 38.002550051351555 ], [ 23.71508336847943, 38.003412251713414 ], [ 23.715280871054727, 38.003701140319443 ], [ 23.715492577072304, 38.003999075763794 ], [ 23.715760566842881, 38.004378262245417 ], [ 23.715893317791764, 38.004567852244676 ], [ 23.715921446023938, 38.004658048397552 ], [ 23.716510204251723, 38.004654962633545 ], [ 23.71749048874209, 38.004657321475435 ], [ 23.717970275674105, 38.004667485821351 ], [ 23.718230779228961, 38.004681629461309 ] ] ] ] } },
{ "type": "Feature", "id": "geitonies0.131", "geometry_name": "the_geom", "properties": { "fid": 131, "gid": 129, "synoikia": "ΜΑΚΡΥΓΙΑΝΝΗ-ΒΕΪΚΟΥ-ΚΟΥΚΑΚΙ-ΦΙΛΟΠΑΠΠΟΥ", "name": "ΦΙΛΟΠΑΠΠΟΥ", "dk": "1η ΔΚ", "shape_leng": 1877.94114161367, "geit_thesm": 1, "name_en": "FILOPAPPOU", "synoik_en": "MAKRYGIANNI-VEIKOU-KOUKAKI-FILOPAPPOU", "dk_en": "1st", "shape_area": 141233.62720802706, "id": 128, "geitonia": "ΦΙΛΟΠΑΠΠΟΥ" }, "geometry": { "type": "MultiPolygon", "coordinates": [ [ [ [ 23.717319988483496, 37.96495530107461 ], [ 23.717587232381153, 37.964937917125411 ], [ 23.718221334002685, 37.965033945740451 ], [ 23.719159501771067, 37.965176015745058 ], [ 23.719167904142385, 37.964838052715791 ], [ 23.719167360473662, 37.96451358763678 ], [ 23.719166175078637, 37.964171095240822 ], [ 23.719164564714955, 37.963846627578612 ], [ 23.719161685809077, 37.963481598889551 ], [ 23.719160361994213, 37.96317515764342 ], [ 23.719159176614149, 37.962832665169195 ], [ 23.71916373083906, 37.962197267567582 ], [ 23.719090785422534, 37.962201599866475 ], [ 23.719090237858094, 37.962201300232543 ], [ 23.718470590077899, 37.961862134178546 ], [ 23.718455824008416, 37.96185170608387 ], [ 23.718358434585905, 37.961782927278314 ], [ 23.718254148257625, 37.96170927753451 ], [ 23.718223495681993, 37.961687629977554 ], [ 23.7181330628007, 37.961623763445239 ], [ 23.718001372628006, 37.96153075843813 ], [ 23.717954100301753, 37.961497373147182 ], [ 23.717921319187592, 37.961474221565084 ], [ 23.717866780664018, 37.961518198061704 ], [ 23.717650373184217, 37.961733988205516 ], [ 23.717624180237923, 37.96179250910847 ], [ 23.717671834842076, 37.961846182554837 ], [ 23.717674308200358, 37.96184865531724 ], [ 23.717726575370211, 37.961900909464426 ], [ 23.717710880412504, 37.961924698275176 ], [ 23.717305056772471, 37.962539812314688 ], [ 23.717151807275954, 37.962735541841603 ], [ 23.717139533235869, 37.96275121728543 ], [ 23.716072535786253, 37.963609377610375 ], [ 23.715737920201384, 37.96384741101631 ], [ 23.715713015664178, 37.963855213679622 ], [ 23.715138456812497, 37.964035231631499 ], [ 23.715134546303311, 37.964035828730076 ], [ 23.715049628030883, 37.964048781895947 ], [ 23.714983798668687, 37.964058822316986 ], [ 23.714815607985098, 37.964084476393204 ], [ 23.714761750443238, 37.96409269175907 ], [ 23.714556806684783, 37.964123950691743 ], [ 23.71420359599098, 37.96410957387301 ], [ 23.713852733670443, 37.964050689781828 ], [ 23.71385253500469, 37.964052306209815 ], [ 23.713835057912384, 37.964194300422193 ], [ 23.713829536932462, 37.964286608652031 ], [ 23.713866291398652, 37.964692263321041 ], [ 23.713033940606593, 37.96508246580018 ], [ 23.713205233166573, 37.965298254388664 ], [ 23.713239574496779, 37.965341517007197 ], [ 23.713245976469572, 37.965349582015129 ], [ 23.713275794205426, 37.96538714556803 ], [ 23.713622810217988, 37.965807089714247 ], [ 23.713717344352801, 37.96592448722928 ], [ 23.7139854685906, 37.966231577282137 ], [ 23.71401927229368, 37.966267802005632 ], [ 23.714107699932299, 37.966362561127497 ], [ 23.714411871178953, 37.966732827933903 ], [ 23.715320240361287, 37.966717080344679 ], [ 23.71532412505778, 37.966717013135238 ], [ 23.715333254159116, 37.966692009163978 ], [ 23.715335632507664, 37.966685495903398 ], [ 23.715358404980076, 37.966316022952192 ], [ 23.715477100059832, 37.966257726350989 ], [ 23.715829602461259, 37.965997204808851 ], [ 23.716222616194738, 37.965655663992727 ], [ 23.716942183811252, 37.965044521519168 ], [ 23.717319988483496, 37.96495530107461 ] ] ] ] } },
{ "type": "Feature", "id": "geitonies0.132", "geometry_name": "the_geom", "properties": { "fid": 132, "gid": 130, "synoikia": "ΚΑΤΩ ΠΕΤΡΑΛΩΝΑ", "name": "ΑΓΙΑΣ ΑΙΚΑΤΕΡΙΝΗΣ", "dk": "3η ΔΚ", "shape_leng": 1795.7818569661499, "geit_thesm": 1, "name_en": "AGIAS AIKATERINIS", "synoik_en": "KATO PETRALONA", "dk_en": "3rd", "shape_area": 193143.96287603941, "id": 129, "geitonia": "ΑΓΙΑΣ ΑΙΚΑΤΕΡΙΝΗΣ" }, "geometry": { "type": "MultiPolygon", "coordinates": [ [ [ [ 23.708992215361071, 37.967958817438301 ], [ 23.708711298595496, 37.967471426918614 ], [ 23.708667504335864, 37.967487412770645 ], [ 23.708560320503839, 37.967526538074132 ], [ 23.708500395740383, 37.967548412573251 ], [ 23.70849982568128, 37.967548620259514 ], [ 23.708417004947986, 37.967578852404117 ], [ 23.708371705843927, 37.967595325617545 ], [ 23.708356752075598, 37.967600762969312 ], [ 23.707900032837475, 37.967766840362167 ], [ 23.707551213810568, 37.967896660469258 ], [ 23.707489923178141, 37.96791887985426 ], [ 23.707487200570231, 37.967919866303731 ], [ 23.706762971162473, 37.968182411892016 ], [ 23.706761883480606, 37.968182805747396 ], [ 23.706699325689776, 37.968205483920684 ], [ 23.706022387147868, 37.968447141920286 ], [ 23.705543542289242, 37.968617188995339 ], [ 23.705041159921851, 37.9688006944126 ], [ 23.704579350569908, 37.968979793128959 ], [ 23.704074027830249, 37.969185819195538 ], [ 23.703957808959963, 37.969244110471756 ], [ 23.7037117535349, 37.969473319287943 ], [ 23.70340501561336, 37.969751945401356 ], [ 23.702884325936566, 37.970237326583472 ], [ 23.702817619258145, 37.970300827717423 ], [ 23.702808701178231, 37.970309316944167 ], [ 23.703660040111227, 37.970872328254295 ], [ 23.704225785818718, 37.971247172329051 ], [ 23.705102389997037, 37.971826156095958 ], [ 23.705560646266658, 37.972129193583676 ], [ 23.705561206092284, 37.972129563611162 ], [ 23.705993271119123, 37.972415276909238 ], [ 23.706033792276067, 37.972373845973195 ], [ 23.706604432143671, 37.971846447650428 ], [ 23.70666276619102, 37.971760970860103 ], [ 23.707678145216409, 37.971416502808964 ], [ 23.708346870827643, 37.971188334384784 ], [ 23.70925149523466, 37.970866110244543 ], [ 23.709666216155501, 37.970718422095537 ], [ 23.71002055560826, 37.970596920171971 ], [ 23.710083763980428, 37.970575245880681 ], [ 23.710125478448656, 37.970560444988074 ], [ 23.710136210332401, 37.970556637355358 ], [ 23.710205859815272, 37.970531924406096 ], [ 23.710319888085554, 37.970491464354488 ], [ 23.710377278977379, 37.970471101373427 ], [ 23.710317991119293, 37.970364020373601 ], [ 23.710114418593349, 37.969991247630425 ], [ 23.710110990165301, 37.969984969827998 ], [ 23.709956274510997, 37.969700682985035 ], [ 23.709847456659396, 37.969506637872449 ], [ 23.709689202975845, 37.969217835495186 ], [ 23.709545431433018, 37.968956107271993 ], [ 23.709275180487161, 37.968468744502211 ], [ 23.708992215361071, 37.967958817438301 ] ] ] ] } },
{ "type": "Feature", "id": "geitonies0.133", "geometry_name": "the_geom", "properties": { "fid": 133, "gid": 131, "synoikia": "ΑΝΩ ΚΥΨΕΛΗ", "name": "ΚΥΠΡΙΩΝ", "dk": "6η ΔΚ", "shape_leng": 1974.3673726232901, "geit_thesm": 1, "name_en": "KYPRION", "synoik_en": "ANO KYPSELI", "dk_en": "6th", "shape_area": 156820.74553859417, "id": 130, "geitonia": "ΚΥΠΡΙΩΝ" }, "geometry": { "type": "MultiPolygon", "coordinates": [ [ [ [ 23.75177564188029, 38.008806019486087 ], [ 23.751832089954853, 38.008671407760687 ], [ 23.752895163756122, 38.007874418956618 ], [ 23.752742218234271, 38.007710150654553 ], [ 23.752867408841468, 38.007528491769513 ], [ 23.753301506687482, 38.007688912101507 ], [ 23.753764610330016, 38.006971911215494 ], [ 23.753790459216837, 38.006933539158624 ], [ 23.753810921932022, 38.00689396883196 ], [ 23.754202817983444, 38.006781183700546 ], [ 23.754079496546979, 38.006472113184103 ], [ 23.754075722474827, 38.006462655345707 ], [ 23.754074814184243, 38.006425956829496 ], [ 23.753723266323334, 38.006298228688216 ], [ 23.753660242680887, 38.006275330300404 ], [ 23.753527352001356, 38.006215567228701 ], [ 23.753362017196348, 38.006141212705217 ], [ 23.753257546181274, 38.006094229625504 ], [ 23.752793346209309, 38.00589046624372 ], [ 23.752846844468863, 38.00585903379411 ], [ 23.752879403458358, 38.005809531672767 ], [ 23.75244097166944, 38.005353461911263 ], [ 23.752366721430857, 38.005204593963022 ], [ 23.752291147096994, 38.004920530776467 ], [ 23.752178305047934, 38.004393042667132 ], [ 23.752005477352981, 38.003604055905846 ], [ 23.75195906155195, 38.003540868222288 ], [ 23.751749661475383, 38.003360169830607 ], [ 23.751734937514492, 38.003504344013209 ], [ 23.751174915831196, 38.003854660829646 ], [ 23.750863873416499, 38.004047778151829 ], [ 23.750689078699153, 38.004160068094748 ], [ 23.750533950531338, 38.004245361009836 ], [ 23.750237943708015, 38.004307822556171 ], [ 23.749775243767413, 38.004401473713564 ], [ 23.749730718880851, 38.004410391801215 ], [ 23.749232141617881, 38.00437778488962 ], [ 23.748930068791406, 38.004353081577264 ], [ 23.748640693409666, 38.00433596458673 ], [ 23.748548670958201, 38.004366681872924 ], [ 23.748504552485883, 38.004380631325148 ], [ 23.749348050040265, 38.005598727341457 ], [ 23.749507179601114, 38.006037708848581 ], [ 23.749681271432177, 38.006600403135486 ], [ 23.749694763906756, 38.006647293127912 ], [ 23.749762575519693, 38.00688295873325 ], [ 23.749822698384094, 38.00709190294063 ], [ 23.749854125387277, 38.0071610990423 ], [ 23.750056246185434, 38.00760613040989 ], [ 23.750168034156626, 38.007918849684401 ], [ 23.750230897993244, 38.008164556461033 ], [ 23.750051374001693, 38.008436989543242 ], [ 23.749757543761248, 38.008821533888671 ], [ 23.749757016280338, 38.008822224950876 ], [ 23.749757460742853, 38.008822498985069 ], [ 23.749757491434401, 38.0088225179773 ], [ 23.750287379696566, 38.009147813803814 ], [ 23.750556618445923, 38.008796885190748 ], [ 23.751573170726136, 38.009275696160358 ], [ 23.75177564188029, 38.008806019486087 ] ] ] ] } },
{ "type": "Feature", "id": "geitonies0.134", "geometry_name": "the_geom", "properties": { "fid": 134, "gid": 132, "synoikia": "ΓΟΥΒΑ", "name": "ΑΓΙΟΣ ΑΡΤΕΜΗΣ", "dk": "2η ΔΚ", "shape_leng": 2258.1309661383998, "geit_thesm": 1, "name_en": "AGIOS ARTEMIS", "synoik_en": "GOUVA", "dk_en": "2nd", "shape_area": 227706.41505922409, "id": 131, "geitonia": "ΑΓΙΟΣ ΑΡΤΕΜΗΣ" }, "geometry": { "type": "MultiPolygon", "coordinates": [ [ [ [ 23.743619413006915, 37.960418978274582 ], [ 23.742973212518361, 37.960061559044377 ], [ 23.742517685885545, 37.959808201977594 ], [ 23.742128573543003, 37.959586533856026 ], [ 23.741934381297362, 37.959473446885255 ], [ 23.741623291949626, 37.95929973636872 ], [ 23.741618395242956, 37.959297001918245 ], [ 23.741244893043589, 37.959697254896248 ], [ 23.740856382565006, 37.960115499386795 ], [ 23.740567739798461, 37.959952631180904 ], [ 23.740094855310502, 37.959681200676798 ], [ 23.739924792215756, 37.95958618948405 ], [ 23.739340078296419, 37.959251418420848 ], [ 23.738657497872868, 37.958929946436939 ], [ 23.738557325890994, 37.958889165857784 ], [ 23.737897116199097, 37.958680400354773 ], [ 23.73761080811412, 37.95936474220531 ], [ 23.737419875397386, 37.959837493172785 ], [ 23.737399049145928, 37.959891524052395 ], [ 23.737311495614158, 37.960103131596227 ], [ 23.737262715415909, 37.960215683837077 ], [ 23.737221072040295, 37.960311784539094 ], [ 23.737214794707103, 37.96032627046052 ], [ 23.737214768309745, 37.960326330787943 ], [ 23.737190262632531, 37.960382260535518 ], [ 23.737478703669936, 37.960500072094383 ], [ 23.739136404218701, 37.961418567814036 ], [ 23.739305856568553, 37.96152205088584 ], [ 23.739362620230352, 37.961556715851103 ], [ 23.739444167751369, 37.961606516048029 ], [ 23.739462274544856, 37.96161757350464 ], [ 23.739794841650628, 37.961802660071349 ], [ 23.739995600904251, 37.961914390579707 ], [ 23.740015086059913, 37.961925234687577 ], [ 23.740111247807508, 37.961977659722209 ], [ 23.740660358841257, 37.962277020532355 ], [ 23.741608634104594, 37.962793982766129 ], [ 23.741895864324569, 37.96295671186877 ], [ 23.742425016136973, 37.963256495604028 ], [ 23.742455068771793, 37.963273521849921 ], [ 23.743420071690245, 37.96382992301487 ], [ 23.743442629027651, 37.963842811968334 ], [ 23.743505780294495, 37.963878896668525 ], [ 23.743843823495652, 37.964072052023276 ], [ 23.743865968550789, 37.964084705662508 ], [ 23.744243437771253, 37.964300385980714 ], [ 23.744473263500101, 37.964431428939449 ], [ 23.744473294174984, 37.964431447031849 ], [ 23.744473514594389, 37.964431572789714 ], [ 23.744555411881848, 37.964340251798816 ], [ 23.744610655663852, 37.964278651475972 ], [ 23.744617108309498, 37.964271735473346 ], [ 23.74481205036194, 37.964062779165744 ], [ 23.744955280120958, 37.963902752265689 ], [ 23.745179910186049, 37.963648983611257 ], [ 23.745496741352312, 37.963294843672593 ], [ 23.745853234340007, 37.962898926366407 ], [ 23.746291260266563, 37.962416619484394 ], [ 23.746512573598235, 37.962166654410282 ], [ 23.746603391747552, 37.962065789394586 ], [ 23.746520984855284, 37.962022016521686 ], [ 23.745986287295871, 37.961737990091784 ], [ 23.74552557823209, 37.961480761586749 ], [ 23.745051753176483, 37.961211829351022 ], [ 23.744550121137863, 37.960932033776785 ], [ 23.744035182737012, 37.960649712338423 ], [ 23.743861517544847, 37.960553336255202 ], [ 23.743619413006915, 37.960418978274582 ] ] ] ] } },
{ "type": "Feature", "id": "geitonies0.135", "geometry_name": "the_geom", "properties": { "fid": 135, "gid": 133, "synoikia": "ΑΓΙΟΣ ΚΩΝΣΤΑΝΤΙΝΟΣ-ΠΛΑΤΕΙΑ ΒΑΘΗΣ-ΑΓΙΟΣ ΠΑΥΛΟΣ", "name": "ΑΓ.ΚΩΝ/ΝΟΣ-ΠΛ.ΒΑΘΗΣ", "dk": "1η ΔΚ", "shape_leng": 3266.1605787532098, "geit_thesm": 1, "name_en": "AG.KON/NOS-PL.VATHIS", "synoik_en": "AGIOS KONSTANTINOS-PLATEIA VATHIS-AGIOS PAVLOS", "dk_en": "1st", "shape_area": 406313.89163181389, "id": 132, "geitonia": "ΑΓ.ΚΩΝ/ΝΟΣ-ΠΛ.ΒΑΘΗΣ" }, "geometry": { "type": "MultiPolygon", "coordinates": [ [ [ [ 23.728504989958203, 37.986148364066693 ], [ 23.72836541627024, 37.985589245017536 ], [ 23.728224504565095, 37.985027294427788 ], [ 23.728224093980398, 37.985025614384597 ], [ 23.728125231743075, 37.984611033507129 ], [ 23.728079935538499, 37.984421091964791 ], [ 23.728066037130159, 37.984362805252879 ], [ 23.728099165133155, 37.984360058105956 ], [ 23.728098239202868, 37.984351145858021 ], [ 23.728073714662017, 37.984114969506862 ], [ 23.72761782229567, 37.983903250067158 ], [ 23.727361805596782, 37.983784352423754 ], [ 23.726592306922718, 37.983440077898535 ], [ 23.725801837891584, 37.983091243021832 ], [ 23.7257158741591, 37.983050484757186 ], [ 23.724951677513815, 37.982719731126252 ], [ 23.722962567925482, 37.981845097341974 ], [ 23.722516723414149, 37.981647052458698 ], [ 23.721807206339275, 37.981331877003882 ], [ 23.721780840822923, 37.981369358607914 ], [ 23.721417028657974, 37.981877723999553 ], [ 23.720884028145935, 37.982615514704847 ], [ 23.720505156668334, 37.983150879978901 ], [ 23.720355947483792, 37.983366833863158 ], [ 23.719842209975759, 37.984086639714008 ], [ 23.719307719876724, 37.984833432253396 ], [ 23.719288313617504, 37.984928135349833 ], [ 23.719287414366931, 37.98493252516645 ], [ 23.719270207915987, 37.98505866402482 ], [ 23.71924981644236, 37.985180288850408 ], [ 23.71878554724778, 37.985892875031375 ], [ 23.718428783511982, 37.986368330844137 ], [ 23.718166521000317, 37.986741346633913 ], [ 23.717995224734384, 37.986942126294757 ], [ 23.717995463064483, 37.986942338668065 ], [ 23.718042336618645, 37.986984193141588 ], [ 23.7182147997949, 37.987053862947903 ], [ 23.718253208494829, 37.987106571960751 ], [ 23.718309152416293, 37.987183343997756 ], [ 23.71842391040439, 37.987254627387522 ], [ 23.71886795063886, 37.987622315022335 ], [ 23.719290228231912, 37.987649906022469 ], [ 23.720005763216573, 37.987719153723638 ], [ 23.720006002274246, 37.98771917682479 ], [ 23.720006333538663, 37.987719209158314 ], [ 23.720033799196312, 37.987803924999341 ], [ 23.720147232933556, 37.987683078486377 ], [ 23.720165954051314, 37.987663133431084 ], [ 23.721112180799967, 37.98635845815695 ], [ 23.721128883165864, 37.986367766570908 ], [ 23.721180505066965, 37.98639653718935 ], [ 23.721197776770616, 37.986406163294077 ], [ 23.721381645815494, 37.986119110676654 ], [ 23.721422586864481, 37.986055194776846 ], [ 23.721570709774603, 37.986033013357478 ], [ 23.721571967685318, 37.986032823460022 ], [ 23.721658889975327, 37.986019703676398 ], [ 23.721835266235111, 37.985993081449294 ], [ 23.722089147764901, 37.985953123724897 ], [ 23.722187059542488, 37.985939835737845 ], [ 23.7231580646372, 37.985788906584631 ], [ 23.723597266696441, 37.985722698167855 ], [ 23.724128246587913, 37.985642651454107 ], [ 23.724129404218534, 37.985642476615922 ], [ 23.72413714206532, 37.985647039042803 ], [ 23.724242301872071, 37.985709047083944 ], [ 23.724276392776016, 37.985729149048439 ], [ 23.724620478685022, 37.985932038541314 ], [ 23.724620648382654, 37.985932337263961 ], [ 23.72474350860676, 37.986148634926977 ], [ 23.724744575852501, 37.986150403943171 ], [ 23.724754663199491, 37.98616712295253 ], [ 23.724771512802352, 37.986195049941792 ], [ 23.725059342093729, 37.986672118901872 ], [ 23.725438745090635, 37.987231801785775 ], [ 23.725709845235585, 37.987633506050834 ], [ 23.725901282156652, 37.987914504252331 ], [ 23.726634534347355, 37.988961280061403 ], [ 23.726679887449542, 37.989026023790046 ], [ 23.726716229117578, 37.989077904158975 ], [ 23.726726870831989, 37.989213117976057 ], [ 23.726741095955312, 37.989212748149775 ], [ 23.726885852808138, 37.989208984408705 ], [ 23.727288937312785, 37.989146829721442 ], [ 23.727985800337557, 37.989035782741979 ], [ 23.729181133499736, 37.988858284006874 ], [ 23.729114072749695, 37.988804052502402 ], [ 23.729058400897717, 37.98855607096732 ], [ 23.729058460844044, 37.988555872822772 ], [ 23.729084338543473, 37.98847050865465 ], [ 23.729020869890782, 37.98821349628188 ], [ 23.728915021842553, 37.987771622799663 ], [ 23.728914523556387, 37.987769628910364 ], [ 23.728784206550657, 37.987248575977304 ], [ 23.728642834503727, 37.986693959634984 ], [ 23.728504989958203, 37.986148364066693 ] ] ] ] } },
{ "type": "Feature", "id": "geitonies0.136", "geometry_name": "the_geom", "properties": { "fid": 136, "gid": 136, "synoikia": "ΕΛΛΗΝΟΡΩΣΩΝ-ΕΡΥΘΡΟΣ", "name": "ΕΛΛΗΝΟΡΩΣΣΩΝ ΙΙ", "dk": "7η ΔΚ", "shape_leng": 2247.5702251610801, "geit_thesm": 1, "name_en": "ELLINOROSSON II", "synoik_en": "ELLINOROSON-ERYTHROS", "dk_en": "7th", "shape_area": 251839.06603031931, "id": 135, "geitonia": "ΕΛΛΗΝΟΡΩΣΣΩΝ ΙΙ" }, "geometry": { "type": "MultiPolygon", "coordinates": [ [ [ [ 23.780532923641026, 37.998239527972878 ], [ 23.781044579963613, 37.997934044975949 ], [ 23.781553030496955, 37.997628553778064 ], [ 23.782034714722201, 37.997345542868821 ], [ 23.782094587378648, 37.997310571317144 ], [ 23.782196224037975, 37.997251207212031 ], [ 23.781900030833082, 37.99703435010467 ], [ 23.781118928483142, 37.996510154151309 ], [ 23.779360362833188, 37.995438846278944 ], [ 23.778212462400845, 37.994760723891311 ], [ 23.777967460559264, 37.994570991872003 ], [ 23.777869912897224, 37.994462653527101 ], [ 23.777593590910534, 37.994155694554102 ], [ 23.777475005967421, 37.994060835365332 ], [ 23.776223879595666, 37.993166189757098 ], [ 23.776227165363458, 37.99313915746238 ], [ 23.776054938960051, 37.993012649793904 ], [ 23.775911458921559, 37.992913235188588 ], [ 23.775758655896489, 37.993070668826931 ], [ 23.77573355682874, 37.993095184591205 ], [ 23.775712608753899, 37.993115645273328 ], [ 23.775578721736768, 37.993255089043579 ], [ 23.775507679214385, 37.993327056258771 ], [ 23.775075669617948, 37.993659706298764 ], [ 23.774247381921324, 37.994275499477645 ], [ 23.773823588917001, 37.994594641352073 ], [ 23.773383023719116, 37.994927268631841 ], [ 23.772942111958947, 37.995255387146031 ], [ 23.773028374341134, 37.995327656399461 ], [ 23.77364076211909, 37.995833555839965 ], [ 23.774164729301781, 37.996276192412687 ], [ 23.774765058138009, 37.996773049939051 ], [ 23.775076287692212, 37.996953902382778 ], [ 23.775405985133137, 37.997148308529482 ], [ 23.776083892925353, 37.997537153283368 ], [ 23.776455539248111, 37.997749662012637 ], [ 23.777068776189196, 37.998106833186029 ], [ 23.777897096478274, 37.99860282400639 ], [ 23.777952069170642, 37.998652009929863 ], [ 23.778022354788192, 37.998609139636805 ], [ 23.778217260653459, 37.998136527855877 ], [ 23.77825685719165, 37.998023485046758 ], [ 23.778280070347204, 37.998054805170966 ], [ 23.778464635153799, 37.998303823551872 ], [ 23.779067395281103, 37.999117066543846 ], [ 23.780028394976888, 37.998540515633259 ], [ 23.780532923641026, 37.998239527972878 ] ] ] ] } },
{ "type": "Feature", "id": "geitonies0.137", "geometry_name": "the_geom", "properties": { "fid": 137, "gid": 137, "synoikia": "ΕΛΛΗΝΟΡΩΣΩΝ-ΕΡΥΘΡΟΣ", "name": "ΕΛΛΗΝΟΡΩΣΩΝ Ι", "dk": "7η ΔΚ", "shape_leng": 1982.01395035733, "geit_thesm": 1, "name_en": "ELLINOROSON I", "synoik_en": "ELLINOROSON-ERYTHROS", "dk_en": "7th", "shape_area": 245832.56419711749, "id": 136, "geitonia": "ΕΛΛΗΝΟΡΩΣΩΝ Ι" }, "geometry": { "type": "MultiPolygon", "coordinates": [ [ [ [ 23.773028374341134, 37.995327656399461 ], [ 23.772942111958947, 37.995255387146031 ], [ 23.772499045769418, 37.995588006239082 ], [ 23.772064916850027, 37.995907121693669 ], [ 23.771293302559009, 37.996365278836358 ], [ 23.770692512507054, 37.996711103506428 ], [ 23.770270693990032, 37.99695813352438 ], [ 23.770232142810773, 37.996994109587163 ], [ 23.769841477137835, 37.997407936466765 ], [ 23.769398645482973, 37.997884749629733 ], [ 23.769316391512596, 37.998123428594106 ], [ 23.76940745050565, 37.998141632835967 ], [ 23.769508021228834, 37.99819140058748 ], [ 23.769557138185657, 37.998191496832092 ], [ 23.76987453253988, 37.998561644695926 ], [ 23.769973496356002, 37.998669992357868 ], [ 23.770364725136698, 37.998990712640442 ], [ 23.771545746198118, 37.999889789984763 ], [ 23.771761647796644, 38.000052440230299 ], [ 23.771908843238496, 38.000102649690788 ], [ 23.772554853175237, 38.000224867437773 ], [ 23.773258281060428, 38.0003579437575 ], [ 23.773498305396707, 38.000403351461237 ], [ 23.77360740343169, 38.000423990010006 ], [ 23.77385081469011, 38.000448534289632 ], [ 23.774315251534695, 38.000550940688761 ], [ 23.774960605194874, 38.000678813037126 ], [ 23.775519213074755, 38.000293697593435 ], [ 23.775981553009434, 37.999974946037874 ], [ 23.776680522516958, 37.99949304473558 ], [ 23.777161434678622, 37.999161476846794 ], [ 23.777514982468972, 37.998918605715538 ], [ 23.777952069170642, 37.998652009929863 ], [ 23.777897096478274, 37.99860282400639 ], [ 23.777068776189196, 37.998106833186029 ], [ 23.776455539248111, 37.997749662012637 ], [ 23.776083892925353, 37.997537153283368 ], [ 23.775405985133137, 37.997148308529482 ], [ 23.775076287692212, 37.996953902382778 ], [ 23.774765058138009, 37.996773049939051 ], [ 23.774164729301781, 37.996276192412687 ], [ 23.77364076211909, 37.995833555839965 ], [ 23.773028374341134, 37.995327656399461 ] ] ] ] } },
{ "type": "Feature", "id": "geitonies0.138", "geometry_name": "the_geom", "properties": { "fid": 138, "gid": 138, "synoikia": "ΕΛΑΙΩΝΑΣ", "name": "ΕΛΑΙΩΝΑΣ", "dk": "3η ΔΚ", "shape_leng": 7147.8431538199002, "geit_thesm": 0, "name_en": "ELAIONAS", "synoik_en": "ELAIONAS", "dk_en": "3rd", "shape_area": 2272085.638269281, "id": 137, "geitonia": "ΕΛΑΙΩΝΑΣ" }, "geometry": { "type": "MultiPolygon", "coordinates": [ [ [ [ 23.706297509758208, 37.988383085674805 ], [ 23.706754804427288, 37.988065458548057 ], [ 23.70749920113872, 37.988535979904384 ], [ 23.707812142025364, 37.98823482740832 ], [ 23.708208319566833, 37.987852764968771 ], [ 23.708693850442842, 37.98737178118138 ], [ 23.708977120708816, 37.987102096988245 ], [ 23.708580333450882, 37.986740600754558 ], [ 23.708507864228512, 37.98667439938307 ], [ 23.708412002813173, 37.98658682820323 ], [ 23.708966504648576, 37.986215367906993 ], [ 23.709115533727758, 37.986115532600131 ], [ 23.709060164675154, 37.986060767890748 ], [ 23.709057744011407, 37.986058373498743 ], [ 23.708558296501888, 37.985564369530714 ], [ 23.708350228219313, 37.985356558303813 ], [ 23.708197553181108, 37.98503517351859 ], [ 23.708195309195769, 37.985030450626539 ], [ 23.708174475292019, 37.984986595592005 ], [ 23.708139084097134, 37.984919353042955 ], [ 23.707830108651606, 37.984332309130764 ], [ 23.707905962791788, 37.984048592720782 ], [ 23.707966512382491, 37.983854966764255 ], [ 23.707938083157714, 37.983689413021757 ], [ 23.707846514333873, 37.983156172787531 ], [ 23.707738331199199, 37.982529510789526 ], [ 23.707722070731901, 37.982412303296542 ], [ 23.708959440091306, 37.982027818565399 ], [ 23.708935144310246, 37.981979217922252 ], [ 23.708878238866024, 37.981865386255187 ], [ 23.708478690902318, 37.981039720525985 ], [ 23.708280281159599, 37.980642662995628 ], [ 23.708042643453759, 37.980177911327054 ], [ 23.707935753901108, 37.980033440276173 ], [ 23.707236361357893, 37.98034715170423 ], [ 23.706565784823411, 37.980660930832343 ], [ 23.705961532882473, 37.98093882049691 ], [ 23.705756348775108, 37.980370497528781 ], [ 23.705508580172964, 37.97969342206752 ], [ 23.704476824770193, 37.979862912552143 ], [ 23.704008924664397, 37.979998855941552 ], [ 23.703409942274636, 37.98026897670109 ], [ 23.703385260535931, 37.980213776520337 ], [ 23.702970806673431, 37.979286850808116 ], [ 23.70295574365144, 37.979253163270343 ], [ 23.702746776137069, 37.978673020339151 ], [ 23.70261995816491, 37.978420435318242 ], [ 23.70259499024872, 37.978370705939156 ], [ 23.702484676004907, 37.97812422813854 ], [ 23.702469800636198, 37.978090990748868 ], [ 23.702447003803346, 37.978034336839869 ], [ 23.702362704743702, 37.977824840483912 ], [ 23.702194490597716, 37.977450381083337 ], [ 23.702010289031954, 37.977036634423158 ], [ 23.701989619463607, 37.976990206388876 ], [ 23.702424562161184, 37.97686963381247 ], [ 23.702830034820096, 37.976821088068483 ], [ 23.702828986840057, 37.976786745519554 ], [ 23.702827835385389, 37.976748979624411 ], [ 23.70271445867002, 37.975658136874152 ], [ 23.702703331806209, 37.975539965445378 ], [ 23.702697057044329, 37.975473329208619 ], [ 23.700576173626811, 37.975621168710241 ], [ 23.697602123331553, 37.975748754188089 ], [ 23.696784816126257, 37.975782014154987 ], [ 23.696273311284845, 37.975800255234525 ], [ 23.696059784962749, 37.975807869393059 ], [ 23.693682601751419, 37.97589183205676 ], [ 23.691937408063552, 37.975959377668687 ], [ 23.685289377800402, 37.976339415014273 ], [ 23.685462225061791, 37.976623755284535 ], [ 23.68693771014927, 37.978424714192151 ], [ 23.6872133802135, 37.97867505763049 ], [ 23.687882555166464, 37.979282744015215 ], [ 23.68816754199197, 37.979541541436255 ], [ 23.689491570955372, 37.980826111820704 ], [ 23.689778390089476, 37.98119041546979 ], [ 23.689914940620287, 37.981433878242953 ], [ 23.69007213218195, 37.981607174310419 ], [ 23.690414832203331, 37.981984980631744 ], [ 23.690692843628831, 37.982458831634645 ], [ 23.690787986436874, 37.982620994010738 ], [ 23.690897231976933, 37.982807193681715 ], [ 23.691270715131722, 37.983240016154618 ], [ 23.691915036736152, 37.983804984151554 ], [ 23.692326412077229, 37.984166334137988 ], [ 23.69258433956217, 37.984462748857752 ], [ 23.692783901307187, 37.984692087487602 ], [ 23.693152223433707, 37.985088066616861 ], [ 23.693349979829129, 37.985391396825328 ], [ 23.693525981781384, 37.985661356730873 ], [ 23.693620508323377, 37.98586439199709 ], [ 23.694146414918716, 37.986792889414254 ], [ 23.694289873659503, 37.987322434327922 ], [ 23.69430525421464, 37.987379207443809 ], [ 23.694354867612862, 37.987459072092051 ], [ 23.694386383674708, 37.987509806157398 ], [ 23.694406733670959, 37.987546890095658 ], [ 23.694516526826082, 37.987746960266151 ], [ 23.694564932807307, 37.987870140109699 ], [ 23.694850424865166, 37.98859663116238 ], [ 23.694989720062157, 37.988980523078517 ], [ 23.694989748211139, 37.988980600661954 ], [ 23.695119997918617, 37.989341699807007 ], [ 23.695839792541776, 37.990699043848153 ], [ 23.696067818676998, 37.991101560785687 ], [ 23.696457547622284, 37.991649143492118 ], [ 23.697120313075782, 37.992580329580974 ], [ 23.697503620614743, 37.99297151498174 ], [ 23.697601817527755, 37.993041643993429 ], [ 23.697905718667474, 37.993068434160875 ], [ 23.697978639216284, 37.993074862814709 ], [ 23.69808224273498, 37.993115865911427 ], [ 23.69840015879339, 37.99340481014643 ], [ 23.698475102696889, 37.993472923914936 ], [ 23.698546776174158, 37.993516476489923 ], [ 23.70089340441924, 37.992073532312567 ], [ 23.701724794197268, 37.991511370532059 ], [ 23.703374593995751, 37.990395815448785 ], [ 23.70424214600682, 37.989798646158711 ], [ 23.70485413750988, 37.989385592667809 ], [ 23.706240074862414, 37.988422978202699 ], [ 23.706297509758208, 37.988383085674805 ] ] ] ] } },
{ "type": "Feature", "id": "geitonies0.139", "geometry_name": "the_geom", "properties": { "fid": 139, "gid": 139, "synoikia": "ΑΤΤΙΚΟ ΑΛΣΟΣ", "name": "ΑΤΤΙΚΟ ΑΛΣΟΣ", "dk": "7η ΔΚ", "shape_leng": 2783.5946680966799, "geit_thesm": 0, "name_en": "ATTIKO ALSOS", "synoik_en": "ATTIKO ALSOS", "dk_en": "7th", "shape_area": 475025.06193319242, "id": 138, "geitonia": "ΑΤΤΙΚΟ ΑΛΣΟΣ" }, "geometry": { "type": "MultiPolygon", "coordinates": [ [ [ [ 23.75845819007753, 38.000013368842978 ], [ 23.758312462747568, 37.999846984548419 ], [ 23.758295581452114, 37.999827711058657 ], [ 23.758283319628937, 37.999813710556325 ], [ 23.758152683505219, 37.999665312444655 ], [ 23.758084862203521, 37.999574462377858 ], [ 23.757717498843096, 37.999456539323354 ], [ 23.757347988338463, 37.999365649199191 ], [ 23.757217082092446, 37.999342846961085 ], [ 23.756727877106353, 37.999391406709982 ], [ 23.756013587351411, 37.999696363521807 ], [ 23.755753547017015, 37.9998107446484 ], [ 23.755744732151445, 37.999814622591032 ], [ 23.755731260936589, 37.999826463616415 ], [ 23.755596436190224, 37.999911805458368 ], [ 23.75559253920169, 37.999911970406686 ], [ 23.755372709612622, 37.999921273382668 ], [ 23.7551525131651, 37.999930592308324 ], [ 23.755138354822908, 37.999931191027301 ], [ 23.754883730150777, 37.999941965443448 ], [ 23.754226701399904, 37.999881324103669 ], [ 23.753909272795621, 37.99988313167497 ], [ 23.753278093489126, 38.000027783896101 ], [ 23.752957583841173, 38.000163208517982 ], [ 23.75264362130352, 38.000446402428409 ], [ 23.751880412873273, 38.001634488728165 ], [ 23.751880408163284, 38.001681186001726 ], [ 23.751880408421648, 38.001681447374374 ], [ 23.7518803567764, 38.002194727103571 ], [ 23.751880346896421, 38.002287918851692 ], [ 23.75186796984854, 38.002580809730262 ], [ 23.751797498750289, 38.002896110081302 ], [ 23.751794560076835, 38.002923142368772 ], [ 23.751750052474307, 38.00335636093309 ], [ 23.751749661475383, 38.003360169830607 ], [ 23.75195906155195, 38.003540868222288 ], [ 23.752005477352981, 38.003604055905846 ], [ 23.752178305047934, 38.004393042667132 ], [ 23.752291147096994, 38.004920530776467 ], [ 23.752366721430857, 38.005204593963022 ], [ 23.75244097166944, 38.005353461911263 ], [ 23.752879403458358, 38.005809531672767 ], [ 23.752846844468863, 38.00585903379411 ], [ 23.752793346209309, 38.00589046624372 ], [ 23.753257546181274, 38.006094229625504 ], [ 23.753362017196348, 38.006141212705217 ], [ 23.753527352001356, 38.006215567228701 ], [ 23.753660242680887, 38.006275330300404 ], [ 23.753723266323334, 38.006298228688216 ], [ 23.754074814184243, 38.006425956829496 ], [ 23.754075722474827, 38.006462655345707 ], [ 23.754079496546979, 38.006472113184103 ], [ 23.754202817983444, 38.006781183700546 ], [ 23.755522511135858, 38.006418915046133 ], [ 23.758040030648431, 38.005612967093789 ], [ 23.759668453873239, 38.005093562065689 ], [ 23.760487799873811, 38.0048266296306 ], [ 23.760626561660047, 38.004781421691419 ], [ 23.761705999927138, 38.004429742161619 ], [ 23.761716645295412, 38.004426273962878 ], [ 23.762449201645712, 38.003808809726216 ], [ 23.762476896176885, 38.003783394501788 ], [ 23.762297194400194, 38.003656851818569 ], [ 23.762016653259998, 38.003510640745468 ], [ 23.761934492546846, 38.00347505133734 ], [ 23.761852937031964, 38.003439723567979 ], [ 23.761594484501238, 38.003361068620258 ], [ 23.761137144733379, 38.003221885646106 ], [ 23.760604897695103, 38.00303604043301 ], [ 23.759991761823997, 38.002683271460839 ], [ 23.759854637548159, 38.002535851669556 ], [ 23.759832669331114, 38.002507905788541 ], [ 23.759547234849119, 38.002144812051839 ], [ 23.759421533203845, 38.001988359904409 ], [ 23.759227750327838, 38.001721443080626 ], [ 23.759009292563352, 38.001374420681721 ], [ 23.758898601046962, 38.001090561752413 ], [ 23.758531796543075, 38.000149902207021 ], [ 23.75845819007753, 38.000013368842978 ] ] ] ] } },
{ "type": "Feature", "id": "geitonies0.140", "geometry_name": "the_geom", "properties": { "fid": 140, "gid": 140, "synoikia": "ΑΛΣΟΣ ΓΟΥΔΗ-ΣΤΡΑΤΙΩΤΙΚΑ ΝΟΣΟΚΟΜΕΙΑ", "name": "ΑΛΣΟΣ ΓΟΥΔΗ-ΦΥΤΩΡΙΟ ΔΗΜΟΥ ΑΘΗΝΑΙΩΝ", "dk": "7η ΔΚ", "shape_leng": 5369.7461573538703, "geit_thesm": 0, "name_en": "ALSOS GOUDI-FYTORIO DIMOU ATHINAION", "synoik_en": "ALSOS GOUDI-STRATIOTIKA NOSOKOMEIA", "dk_en": "7th", "shape_area": 924420.14177065308, "id": 139, "geitonia": "ΑΛΣΟΣ ΓΟΥΔΗ-ΦΥΤΩΡΙΟ ΔΗΜΟΥ ΑΘΗΝΑΙΩΝ" }, "geometry": { "type": "MultiPolygon", "coordinates": [ [ [ [ 23.784787613720269, 37.990453554118041 ], [ 23.784793632838539, 37.990451080287023 ], [ 23.785746788048112, 37.990791009657293 ], [ 23.785816475924754, 37.990813668708945 ], [ 23.785882196151686, 37.990854346203982 ], [ 23.785948616266829, 37.990899531362558 ], [ 23.786142983994221, 37.991003532729366 ], [ 23.786378507371605, 37.990682709259175 ], [ 23.786071083698602, 37.990516707877191 ], [ 23.785495392519348, 37.990227248085525 ], [ 23.785324476531056, 37.990136807724411 ], [ 23.785249200432357, 37.990078086758302 ], [ 23.785162693959588, 37.989965268103077 ], [ 23.785129053561914, 37.989663276008983 ], [ 23.785129854831059, 37.989266711824584 ], [ 23.785143203617597, 37.988960299098423 ], [ 23.785502893963496, 37.988384132725805 ], [ 23.785517844070853, 37.988360288533229 ], [ 23.785821812966798, 37.987875487395698 ], [ 23.785947524526737, 37.987722497637641 ], [ 23.786099478295167, 37.987601100469711 ], [ 23.786260148090189, 37.987493744751596 ], [ 23.786395425726393, 37.987403355375854 ], [ 23.787457150302714, 37.986359786874644 ], [ 23.784479544736627, 37.984780579979606 ], [ 23.783049171451061, 37.984021914635747 ], [ 23.783018964793975, 37.984005892632091 ], [ 23.783042185955232, 37.983976837433026 ], [ 23.784817507319133, 37.981794478515404 ], [ 23.785481930543664, 37.980983966113747 ], [ 23.785702781955777, 37.980714550396485 ], [ 23.785557079612467, 37.980639460034027 ], [ 23.785035876313476, 37.98037084454112 ], [ 23.784874552516431, 37.980537287712373 ], [ 23.784649968213607, 37.980676576256165 ], [ 23.784267036432205, 37.980815574072601 ], [ 23.783869236211554, 37.980927504714352 ], [ 23.783507032911483, 37.98103499309142 ], [ 23.783409346945835, 37.981052942653257 ], [ 23.78302140529259, 37.981124227017141 ], [ 23.782567369485189, 37.981118882219249 ], [ 23.782129480246287, 37.981068501234915 ], [ 23.781825670516753, 37.981883602656005 ], [ 23.781740909560099, 37.982027651285321 ], [ 23.781578706949126, 37.982126491747714 ], [ 23.781438425886552, 37.98215326978638 ], [ 23.781252568937347, 37.982188975779934 ], [ 23.781006166449004, 37.982230198214154 ], [ 23.780320145514835, 37.982344963310055 ], [ 23.780225961327982, 37.982368094652273 ], [ 23.780150614847127, 37.982386599673248 ], [ 23.780104619519673, 37.9823978951475 ], [ 23.77993596150359, 37.982439315621868 ], [ 23.778080219721435, 37.982895050075257 ], [ 23.778013095658661, 37.982914790479178 ], [ 23.77795841166229, 37.982930871670852 ], [ 23.77789181461306, 37.982948771671929 ], [ 23.777871785031039, 37.982950142561556 ], [ 23.77784515750778, 37.982951965149759 ], [ 23.777827748647862, 37.982953157118857 ], [ 23.777749489585116, 37.98294399641857 ], [ 23.777678361067132, 37.982930342710809 ], [ 23.777621480030216, 37.982912209463095 ], [ 23.777550365170299, 37.982894049271465 ], [ 23.77749338843946, 37.982876326767439 ], [ 23.777477484153067, 37.982871379263422 ], [ 23.777417044750738, 37.982853239185388 ], [ 23.77729898556564, 37.982825977138994 ], [ 23.777232839088541, 37.982812332593781 ], [ 23.7771520626445, 37.982812179593438 ], [ 23.777069122721752, 37.982821035302166 ], [ 23.777007507402388, 37.982838944243881 ], [ 23.776886383324733, 37.982883778890397 ], [ 23.776842490852051, 37.982924253520679 ], [ 23.776706626911583, 37.98310064603357 ], [ 23.77667462258546, 37.983142196769386 ], [ 23.776634103533905, 37.98319480273031 ], [ 23.776299736554744, 37.983628906418467 ], [ 23.776296714993006, 37.983632829379381 ], [ 23.776215147578561, 37.983738725888117 ], [ 23.774793207481228, 37.983863027703755 ], [ 23.774701658769981, 37.983871029765275 ], [ 23.774496278194761, 37.98388866194319 ], [ 23.774283751755451, 37.983915292913181 ], [ 23.774082329245736, 37.983941076886687 ], [ 23.774040964558889, 37.983946371805168 ], [ 23.774035351180011, 37.983947301964953 ], [ 23.773772159071218, 37.983990919453269 ], [ 23.773491294721577, 37.984021923972932 ], [ 23.773279151694929, 37.984039541002367 ], [ 23.773078068298215, 37.984048166122683 ], [ 23.773027589428224, 37.984047058390274 ], [ 23.772861588284862, 37.984043416726237 ], [ 23.772852827469983, 37.984043224959628 ], [ 23.772603786899893, 37.98402471806596 ], [ 23.772355088956871, 37.984010717739295 ], [ 23.772113235337642, 37.983969691560283 ], [ 23.77191375560291, 37.983919734193094 ], [ 23.771883320124211, 37.983907799827044 ], [ 23.771847481108839, 37.983893746864169 ], [ 23.771644827251421, 37.983819083135067 ], [ 23.771357993471828, 37.984145149371386 ], [ 23.771308779444688, 37.984196225125444 ], [ 23.770866905762237, 37.984654800331171 ], [ 23.770823668374089, 37.98469487200034 ], [ 23.770795761620036, 37.984720735009027 ], [ 23.770758455888874, 37.984755309551083 ], [ 23.768995847006167, 37.986671572311842 ], [ 23.768922174531784, 37.986751318475541 ], [ 23.76897749680013, 37.986793612723048 ], [ 23.769260186660098, 37.986978931166831 ], [ 23.769492087123123, 37.987132604409268 ], [ 23.769447406960378, 37.987195606840878 ], [ 23.769390154417803, 37.987244467769472 ], [ 23.76940514511497, 37.987256183228162 ], [ 23.76959852915326, 37.987404189164842 ], [ 23.769742242756919, 37.98751417776927 ], [ 23.769812988565214, 37.987580193004781 ], [ 23.76989531478376, 37.987520059876957 ], [ 23.7699386255691, 37.987517718334118 ], [ 23.770418182660052, 37.987858114620174 ], [ 23.770539419191586, 37.987910504978544 ], [ 23.770642519140274, 37.987936665785909 ], [ 23.770703897714043, 37.987943271102388 ], [ 23.771726893501299, 37.987995747262886 ], [ 23.772121196948632, 37.988063232185269 ], [ 23.772313755430734, 37.988088742831494 ], [ 23.772469115980741, 37.988059826482832 ], [ 23.772585353780077, 37.98802037397563 ], [ 23.772822960020807, 37.98790466010572 ], [ 23.774106445005483, 37.987364089314838 ], [ 23.77419553029026, 37.98729183214062 ], [ 23.77818407860979, 37.989400958850503 ], [ 23.778260599124952, 37.989441409515329 ], [ 23.778264060173029, 37.989443239340368 ], [ 23.778379059539411, 37.989308263249804 ], [ 23.778703703103542, 37.988925828127911 ], [ 23.77888458783659, 37.98898049779342 ], [ 23.778935952774905, 37.988996021644553 ], [ 23.781959560329511, 37.989909803341 ], [ 23.781798048449591, 37.990130318764592 ], [ 23.781598309801559, 37.990400333679666 ], [ 23.781444390894553, 37.990610015725885 ], [ 23.781436439307079, 37.99062084791975 ], [ 23.781274924295591, 37.99084136258864 ], [ 23.781188053765494, 37.990956776434331 ], [ 23.781105565437343, 37.991066368855499 ], [ 23.781419887735971, 37.99116158833705 ], [ 23.781440198305091, 37.991134181041573 ], [ 23.781573073567756, 37.991107768751149 ], [ 23.784236628120834, 37.990680093125519 ], [ 23.784456113130634, 37.990634296548677 ], [ 23.784629387958752, 37.990518583366942 ], [ 23.784787613720269, 37.990453554118041 ] ] ] ] } },
{ "type": "Feature", "id": "geitonies0.141", "geometry_name": "the_geom", "properties": { "fid": 141, "gid": 141, "synoikia": "ΒΟΥΛΗ", "name": "ΒΟΥΛΗ", "dk": "1η ΔΚ", "shape_leng": 742.98670065087003, "geit_thesm": 0, "name_en": "VOULI", "synoik_en": "VOULI", "dk_en": "1st", "shape_area": 32056.239944300902, "id": 140, "geitonia": "ΒΟΥΛΗ" }, "geometry": { "type": "MultiPolygon", "coordinates": [ [ [ [ 23.738020934563327, 37.97580742195521 ], [ 23.737969277397344, 37.975587651562527 ], [ 23.73796711762111, 37.975587929755861 ], [ 23.737803770831643, 37.975608968657056 ], [ 23.737803563545505, 37.975608025448913 ], [ 23.737567816905447, 37.974533899294194 ], [ 23.737566337160985, 37.974534102387871 ], [ 23.737565503309749, 37.974534216793721 ], [ 23.737366424520612, 37.974561572712553 ], [ 23.737364503924592, 37.974561837008302 ], [ 23.73644758360409, 37.974687828612581 ], [ 23.736447378469986, 37.974686925964683 ], [ 23.73643719268609, 37.974642021752793 ], [ 23.736434843805711, 37.974642333743297 ], [ 23.736305663385934, 37.97465947604254 ], [ 23.73630836948843, 37.974673251070747 ], [ 23.736308386270473, 37.974673334026789 ], [ 23.735728101600284, 37.974750020237607 ], [ 23.735612540867184, 37.974766141469544 ], [ 23.735450725685595, 37.974788714540693 ], [ 23.735366398303388, 37.974800477741574 ], [ 23.735361886092733, 37.974801107504895 ], [ 23.735373807130152, 37.974858826604759 ], [ 23.73537893336372, 37.974863499592431 ], [ 23.735411677934579, 37.974893352668701 ], [ 23.735449525200981, 37.974992503648927 ], [ 23.735628000353266, 37.975918914099346 ], [ 23.735615767332991, 37.976056638386581 ], [ 23.735636972124706, 37.976067929594485 ], [ 23.73571927982405, 37.976111757544963 ], [ 23.73586223266204, 37.976187878635294 ], [ 23.736119113372713, 37.976192961576544 ], [ 23.736165910752526, 37.976189322596198 ], [ 23.736264713813618, 37.976181638960568 ], [ 23.73634440680442, 37.976175440995448 ], [ 23.736793651701021, 37.9761178633646 ], [ 23.737212241066434, 37.976066377638219 ], [ 23.737621285285151, 37.97601606423833 ], [ 23.737721531363377, 37.976002080799006 ], [ 23.737885413840594, 37.975979219904922 ], [ 23.737921568879106, 37.975974176642261 ], [ 23.738051265845581, 37.97595608376902 ], [ 23.738020960360213, 37.975807531969664 ], [ 23.738020934563327, 37.97580742195521 ] ] ] ] } },
{ "type": "Feature", "id": "geitonies0.142", "geometry_name": "the_geom", "properties": { "fid": 142, "gid": 142, "synoikia": "ΑΛΣΟΣ ΓΟΥΔΗ-ΣΤΡΑΤΙΩΤΙΚΑ ΝΟΣΟΚΟΜΕΙΑ", "name": "ΠΑΡΚΟ ΧΩΡΟΦΥΛΑΚΗΣ-ΣΤΡΑΤΙΩΤΙΚΑ ΝΟΣΟΚΟΜΕΙΑ", "dk": "7η ΔΚ", "shape_leng": 5622.4411357293902, "geit_thesm": 0, "name_en": "PARKO CHOROFYLAKIS-STRATIOTIKA NOSOKOMEIA", "synoik_en": "ALSOS GOUDI-STRATIOTIKA NOSOKOMEIA", "dk_en": "7th", "shape_area": 1000465.2146394893, "id": 141, "geitonia": "ΠΑΡΚΟ ΧΩΡΟΦΥΛΑΚΗΣ-ΣΤΡΑΤΙΩΤΙΚΑ ΝΟΣΟΚΟΜΕΙΑ" }, "geometry": { "type": "MultiPolygon", "coordinates": [ [ [ [ 23.787268902084541, 37.995434499821641 ], [ 23.790484933538874, 37.992462416259166 ], [ 23.790585777087731, 37.991753076168791 ], [ 23.790751281752975, 37.990953624171446 ], [ 23.789843007785521, 37.990554209920688 ], [ 23.788936810746808, 37.991089694852903 ], [ 23.787852820580316, 37.99107422545778 ], [ 23.787853597237639, 37.991051694724661 ], [ 23.787858301045709, 37.991024664647597 ], [ 23.787869411930998, 37.990997646125443 ], [ 23.787883712233285, 37.990975139780673 ], [ 23.787900490181364, 37.990957144328696 ], [ 23.787922251655374, 37.990939157859806 ], [ 23.788905894993977, 37.990328053188158 ], [ 23.788870383097318, 37.990300950886486 ], [ 23.788834873504442, 37.990273848578134 ], [ 23.787866928178914, 37.990871461693303 ], [ 23.787763248217836, 37.990911832502981 ], [ 23.787649617479559, 37.990947678829819 ], [ 23.787527127913073, 37.990969989763869 ], [ 23.787421759793194, 37.99097881223436 ], [ 23.787324221131716, 37.990987648767259 ], [ 23.787225607847198, 37.990999084384818 ], [ 23.787002867760989, 37.990982560857425 ], [ 23.786766108846116, 37.990892003348762 ], [ 23.786703797918445, 37.990858357147886 ], [ 23.786378507371605, 37.990682709259175 ], [ 23.786142983994221, 37.991003532729366 ], [ 23.785948616266829, 37.990899531362558 ], [ 23.785882196151686, 37.990854346203982 ], [ 23.785816475924754, 37.990813668708945 ], [ 23.785746788048112, 37.990791009657293 ], [ 23.784793632838539, 37.990451080287023 ], [ 23.784787613720269, 37.990453554118041 ], [ 23.784629387958752, 37.990518583366942 ], [ 23.784456113130634, 37.990634296548677 ], [ 23.784236628120834, 37.990680093125519 ], [ 23.781573073567756, 37.991107768751149 ], [ 23.781440198305091, 37.991134181041573 ], [ 23.781419887735971, 37.99116158833705 ], [ 23.781105565437343, 37.991066368855499 ], [ 23.781188053765494, 37.990956776434331 ], [ 23.781274924295591, 37.99084136258864 ], [ 23.781436439307079, 37.99062084791975 ], [ 23.781444390894553, 37.990610015725885 ], [ 23.781598309801559, 37.990400333679666 ], [ 23.781798048449591, 37.990130318764592 ], [ 23.781959560329511, 37.989909803341 ], [ 23.778935952774905, 37.988996021644553 ], [ 23.77888458783659, 37.98898049779342 ], [ 23.778703703103542, 37.988925828127911 ], [ 23.778379059539411, 37.989308263249804 ], [ 23.778264060173029, 37.989443239340368 ], [ 23.778260599124952, 37.989441409515329 ], [ 23.77818407860979, 37.989400958850503 ], [ 23.77419553029026, 37.98729183214062 ], [ 23.774106445005483, 37.987364089314838 ], [ 23.772822960020807, 37.98790466010572 ], [ 23.772585353780077, 37.98802037397563 ], [ 23.772469115980741, 37.988059826482832 ], [ 23.772313755430734, 37.988088742831494 ], [ 23.772121196948632, 37.988063232185269 ], [ 23.771726893501299, 37.987995747262886 ], [ 23.770703897714043, 37.987943271102388 ], [ 23.770642519140274, 37.987936665785909 ], [ 23.770539419191586, 37.987910504978544 ], [ 23.770418182660052, 37.987858114620174 ], [ 23.7699386255691, 37.987517718334118 ], [ 23.76989531478376, 37.987520059876957 ], [ 23.769812988565214, 37.987580193004781 ], [ 23.769831595622705, 37.987597556632231 ], [ 23.770239809817287, 37.987918185819332 ], [ 23.770622584346025, 37.988218398522378 ], [ 23.770648776498856, 37.988238940322539 ], [ 23.770670385929584, 37.988270527449245 ], [ 23.770263047468283, 37.988454496103003 ], [ 23.770222721960355, 37.98849046875511 ], [ 23.769540512590773, 37.98904762463706 ], [ 23.769237286891663, 37.989290683630337 ], [ 23.769638227137882, 37.989561855136714 ], [ 23.770124300224417, 37.989923320203388 ], [ 23.771280281159289, 37.990930506697723 ], [ 23.771323245889295, 37.990962135215092 ], [ 23.773485582815681, 37.991899149318812 ], [ 23.773563466678414, 37.991917324980875 ], [ 23.773896713521687, 37.991990068850995 ], [ 23.774559047870127, 37.992216661435521 ], [ 23.77530607288681, 37.992565085571322 ], [ 23.775685439273222, 37.992804650175891 ], [ 23.775734252211553, 37.992786717558509 ], [ 23.775911458921559, 37.992913235188588 ], [ 23.776054938960051, 37.993012649793904 ], [ 23.776227165363458, 37.99313915746238 ], [ 23.776223879595666, 37.993166189757098 ], [ 23.777475005967421, 37.994060835365332 ], [ 23.777593590910534, 37.994155694554102 ], [ 23.777869912897224, 37.994462653527101 ], [ 23.777967460559264, 37.994570991872003 ], [ 23.778212462400845, 37.994760723891311 ], [ 23.779360362833188, 37.995438846278944 ], [ 23.781118928483142, 37.996510154151309 ], [ 23.781900030833082, 37.99703435010467 ], [ 23.782196224037975, 37.997251207212031 ], [ 23.782094587378648, 37.997310571317144 ], [ 23.782034714722201, 37.997345542868821 ], [ 23.782933190560644, 37.998023167679982 ], [ 23.783755843714673, 37.998723452280736 ], [ 23.783851391512581, 37.998655757614152 ], [ 23.783860857097466, 37.998583672278528 ], [ 23.785601761678677, 37.996975052270535 ], [ 23.787091768275037, 37.99559818788633 ], [ 23.787268902084541, 37.995434499821641 ] ] ] ] } },
{ "type": "Feature", "id": "geitonies0.143", "geometry_name": "the_geom", "properties": { "fid": 143, "gid": 143, "synoikia": "ΑΚΡΟΠΟΛΙΣ", "name": "ΑΡΧΑΙΟΛΟΓΙΚΟΣ ΧΩΡΟΣ ΑΚΡΟΠΟΛΗΣ-ΦΙΛΟΠΑΠΠΟΥ", "dk": "3η ΔΚ", "shape_leng": 4831.9695062329101, "geit_thesm": 0, "name_en": "ARCHAIOLOGIKOS CHOROS AKROPOLIS-FILOPAPPOU", "synoik_en": "AKROPOLIS", "dk_en": "3rd", "shape_area": 797297.20617645967, "id": 142, "geitonia": "ΑΡΧΑΙΟΛΟΓΙΚΟΣ ΧΩΡΟΣ ΑΚΡΟΠΟΛΗΣ-ΦΙΛΟΠΑΠΠΟΥ" }, "geometry": { "type": "MultiPolygon", "coordinates": [ [ [ [ 23.723400448605265, 37.973289112148244 ], [ 23.723401774520156, 37.973288642090083 ], [ 23.724718482036213, 37.973335213180881 ], [ 23.725033806430055, 37.973345357358411 ], [ 23.725053673159493, 37.973345996839015 ], [ 23.725094461988686, 37.973346687012089 ], [ 23.72522162229691, 37.973351385080065 ], [ 23.725224667541539, 37.973351497643534 ], [ 23.725224064843758, 37.97305256364546 ], [ 23.72522403950892, 37.97304011681134 ], [ 23.72522398869172, 37.973014957262997 ], [ 23.725220506503749, 37.972829062265141 ], [ 23.725220465749974, 37.972826861226743 ], [ 23.725219093515413, 37.972753625737127 ], [ 23.725219079359942, 37.972752841584239 ], [ 23.725539300193354, 37.972807728524899 ], [ 23.725844928240576, 37.972796890273386 ], [ 23.725873618890432, 37.972799302280862 ], [ 23.725876719352559, 37.972799562767207 ], [ 23.726083035549394, 37.97281690461805 ], [ 23.726342589046702, 37.972870608914306 ], [ 23.726572574541898, 37.972987852258328 ], [ 23.726658923354083, 37.972984677603172 ], [ 23.726839703647883, 37.972996442914095 ], [ 23.726893036980567, 37.972963322764883 ], [ 23.726934020295769, 37.972958176917082 ], [ 23.726998759317073, 37.972950048847984 ], [ 23.727060520914826, 37.972939788600222 ], [ 23.727092000959932, 37.972934558459499 ], [ 23.727265869773056, 37.972901493281505 ], [ 23.727267925179977, 37.972901102381591 ], [ 23.727383712450806, 37.972936411001868 ], [ 23.727416836791015, 37.972946511874106 ], [ 23.727464769981633, 37.972973661544202 ], [ 23.727481452613596, 37.973012962963587 ], [ 23.727504708992328, 37.97306775290528 ], [ 23.727504979892725, 37.973068389841501 ], [ 23.727693262428964, 37.973019457812178 ], [ 23.727702036061761, 37.973017023915524 ], [ 23.727707088479296, 37.973015622391777 ], [ 23.727931413143374, 37.97295338838277 ], [ 23.728096931489468, 37.972903021383225 ], [ 23.728304687130382, 37.972825973562131 ], [ 23.728288294097428, 37.972805606266732 ], [ 23.728279700909756, 37.972794928697851 ], [ 23.728251587750908, 37.97275999926746 ], [ 23.728436914204536, 37.972640356837459 ], [ 23.72849144213847, 37.972590827178458 ], [ 23.728587180872733, 37.972490639291692 ], [ 23.728679626700266, 37.972357029406041 ], [ 23.728738762984428, 37.972240699633545 ], [ 23.72876651323525, 37.972138472916427 ], [ 23.72876432910283, 37.972122489859231 ], [ 23.728764450969287, 37.972120621771602 ], [ 23.7287649723634, 37.97211259250377 ], [ 23.728768327629865, 37.972060922227321 ], [ 23.728772363533562, 37.971998786869811 ], [ 23.728839411118912, 37.971859241893078 ], [ 23.728921492712161, 37.971598057720406 ], [ 23.728957882452953, 37.971377326149714 ], [ 23.72895143868066, 37.97109791219296 ], [ 23.728951538089785, 37.9710708737977 ], [ 23.729027049715562, 37.970976479261118 ], [ 23.728987851264154, 37.970824415670094 ], [ 23.728985658979582, 37.970815912379734 ], [ 23.728991550508077, 37.970798972733668 ], [ 23.729112967031494, 37.970449904304942 ], [ 23.729157163493358, 37.970223924379624 ], [ 23.729158543108099, 37.970216869572518 ], [ 23.729162365168435, 37.970197329443295 ], [ 23.729306975316426, 37.969684699810593 ], [ 23.729307482864691, 37.969682901106893 ], [ 23.729308524504031, 37.969679206421489 ], [ 23.729358230402934, 37.969545921186963 ], [ 23.729359344584765, 37.969542933277495 ], [ 23.729395839991447, 37.969445072489371 ], [ 23.729183877839436, 37.969422052552254 ], [ 23.729181046741285, 37.969421953202442 ], [ 23.728773002318025, 37.969407584885232 ], [ 23.727797376598936, 37.969522500756959 ], [ 23.726887212721174, 37.969637558717189 ], [ 23.725735791558893, 37.969761060308294 ], [ 23.725019217453934, 37.969863035646554 ], [ 23.7244820724828, 37.969933881904289 ], [ 23.722407475434302, 37.97022188015449 ], [ 23.722445155489471, 37.969987592847517 ], [ 23.722473692008098, 37.969976491414705 ], [ 23.722485779093937, 37.96997178906976 ], [ 23.723601728225251, 37.969537645057137 ], [ 23.723701877369251, 37.968593639950996 ], [ 23.723759899067677, 37.9680434489687 ], [ 23.72378120486686, 37.96783674445917 ], [ 23.723809511436688, 37.967593463183093 ], [ 23.723824421325105, 37.967404608062495 ], [ 23.723824451211328, 37.967404227789125 ], [ 23.723693367977063, 37.967302879308853 ], [ 23.723603777097487, 37.967233612176145 ], [ 23.72308196881232, 37.966830168203273 ], [ 23.72307710007269, 37.966826403779763 ], [ 23.722531416655372, 37.966405262036112 ], [ 23.722294461369692, 37.966219938886091 ], [ 23.721975910635461, 37.965976722892712 ], [ 23.721951067139297, 37.96595775425385 ], [ 23.721399845978333, 37.965523831889968 ], [ 23.721370402394754, 37.965501229956786 ], [ 23.721090347580198, 37.96545931079654 ], [ 23.720744249551096, 37.965409616537265 ], [ 23.7202976538915, 37.965345465455727 ], [ 23.719159501771067, 37.965176015745058 ], [ 23.718221334002685, 37.965033945740451 ], [ 23.717587232381153, 37.964937917125411 ], [ 23.717319988483496, 37.96495530107461 ], [ 23.716942183811252, 37.965044521519168 ], [ 23.716222616194738, 37.965655663992727 ], [ 23.715829602461259, 37.965997204808851 ], [ 23.715477100059832, 37.966257726350989 ], [ 23.715358404980076, 37.966316022952192 ], [ 23.715335632507664, 37.966685495903398 ], [ 23.715333254159116, 37.966692009163978 ], [ 23.71532412505778, 37.966717013135238 ], [ 23.715291385467896, 37.966811569137235 ], [ 23.714827917380042, 37.967470985140352 ], [ 23.714801283041929, 37.967508880113058 ], [ 23.714745299821409, 37.967654204116059 ], [ 23.714721499992393, 37.967715982856646 ], [ 23.714705158220774, 37.967807794361462 ], [ 23.7146862223331, 37.967914180603685 ], [ 23.714749614449833, 37.96827546677499 ], [ 23.714860159279056, 37.968737654570717 ], [ 23.714874568479075, 37.968797899108651 ], [ 23.714974885242107, 37.969077541333583 ], [ 23.715236797431565, 37.969424108663489 ], [ 23.71531370008384, 37.969785872382083 ], [ 23.715186223731976, 37.969997366372809 ], [ 23.715243138599025, 37.970092139324024 ], [ 23.715644656493573, 37.970764883222188 ], [ 23.716156244447699, 37.971622027883114 ], [ 23.716340759252581, 37.971925391931784 ], [ 23.716552572323497, 37.972276416621142 ], [ 23.716634752709517, 37.972514884250209 ], [ 23.716697058423865, 37.973300395945756 ], [ 23.716726513574368, 37.973398937877782 ], [ 23.716836231669948, 37.973642549480097 ], [ 23.716968297316811, 37.973904240475981 ], [ 23.717178039288665, 37.974044444366974 ], [ 23.717526356251362, 37.974234551480123 ], [ 23.717667342361931, 37.974261211108022 ], [ 23.717695756124066, 37.974203106643081 ], [ 23.717695909900321, 37.97420279156173 ], [ 23.717745501901295, 37.974101379700386 ], [ 23.71777831069506, 37.974034288212479 ], [ 23.717779367595718, 37.974032127659662 ], [ 23.717781942719959, 37.974026862210835 ], [ 23.71778585360321, 37.974018865462213 ], [ 23.717834222950948, 37.973990217821388 ], [ 23.717967726311844, 37.973911147209634 ], [ 23.718023603781173, 37.973906774724114 ], [ 23.718047956284739, 37.973914040684122 ], [ 23.718312898825356, 37.973993090043074 ], [ 23.718402067898925, 37.974029354996972 ], [ 23.718477369967093, 37.97395361893463 ], [ 23.71847758040958, 37.973953371584351 ], [ 23.71847851369149, 37.973952270642677 ], [ 23.718844136456472, 37.973521185276674 ], [ 23.718858523112981, 37.973480661748162 ], [ 23.718849833808573, 37.973426563766353 ], [ 23.718805398504507, 37.973322809563825 ], [ 23.718728298689971, 37.973200951509241 ], [ 23.718732791787868, 37.973142378599185 ], [ 23.718744253928662, 37.973125905241623 ], [ 23.718748117761553, 37.973120352637316 ], [ 23.718770357405514, 37.973088391190473 ], [ 23.718901381234382, 37.97297153703218 ], [ 23.719320104066547, 37.97261202199752 ], [ 23.719540482595626, 37.972481860966184 ], [ 23.719786357597258, 37.972383305300326 ], [ 23.720257568359401, 37.972253740115484 ], [ 23.720719133390457, 37.972171813809382 ], [ 23.720721147697329, 37.97217145627387 ], [ 23.720747023791031, 37.972166863453531 ], [ 23.720793360811168, 37.972158639235069 ], [ 23.720567209845235, 37.972749800871355 ], [ 23.720490821848049, 37.972949478002299 ], [ 23.720207970922669, 37.973688836129206 ], [ 23.720164040456421, 37.973803665546427 ], [ 23.720070640750222, 37.974069388756078 ], [ 23.720134327116373, 37.974193828640786 ], [ 23.720144372286097, 37.974213457329114 ], [ 23.720333380313502, 37.974582766550562 ], [ 23.72043491947607, 37.974781165707896 ], [ 23.720435485709398, 37.974782272932366 ], [ 23.720443256588432, 37.974776564623319 ], [ 23.720443418721075, 37.974776445137479 ], [ 23.720529545711944, 37.97471317305277 ], [ 23.720624389932684, 37.974643496333158 ], [ 23.721597222448619, 37.973928805525958 ], [ 23.72215955247276, 37.973729323741409 ], [ 23.723400448605265, 37.973289112148244 ] ] ] ] } },
{ "type": "Feature", "id": "geitonies0.144", "geometry_name": "the_geom", "properties": { "fid": 144, "gid": 144, "synoikia": "ΠΡΟΜΠΟΝΑ", "name": "ΠΡΟΜΠΟΝΑ", "dk": "5η ΔΚ", "shape_leng": 1203.1424790511201, "geit_thesm": 0, "name_en": "PROMPONA", "synoik_en": "PROMPONA", "dk_en": "5th", "shape_area": 67790.552498717807, "id": 143, "geitonia": "ΠΡΟΜΠΟΝΑ" }, "geometry": { "type": "MultiPolygon", "coordinates": [ [ [ [ 23.742459616764958, 38.028311379346945 ], [ 23.742441978693641, 38.028189951062558 ], [ 23.742399802676019, 38.028214850235855 ], [ 23.742293392568218, 38.028277670541534 ], [ 23.742178303618573, 38.028345613516784 ], [ 23.74110255961255, 38.02899218504686 ], [ 23.740905491594713, 38.029117915582589 ], [ 23.740877807331223, 38.029120701717126 ], [ 23.740632887360857, 38.029244403001364 ], [ 23.740549001529086, 38.029285375729934 ], [ 23.740966277963079, 38.029753450993489 ], [ 23.741313599648802, 38.030275735988525 ], [ 23.741710393086741, 38.030787402485821 ], [ 23.741729182496403, 38.031016919175855 ], [ 23.741716569541801, 38.031161096024313 ], [ 23.741733012656425, 38.031345894221687 ], [ 23.741769475453051, 38.031508204419701 ], [ 23.741638098135294, 38.031706197061638 ], [ 23.741621219289474, 38.031746717498756 ], [ 23.741631229671608, 38.031836867330632 ], [ 23.74174989956504, 38.032012877306073 ], [ 23.741827487025251, 38.032096445676224 ], [ 23.741842133172096, 38.032112220461975 ], [ 23.741989215495273, 38.032214234530343 ], [ 23.742327764088106, 38.032376957365166 ], [ 23.743982402024894, 38.031954669993759 ], [ 23.743800525200975, 38.031550569617281 ], [ 23.743751083353946, 38.031440444622049 ], [ 23.743582344382702, 38.031064559090666 ], [ 23.743350617078438, 38.030551804658735 ], [ 23.743012821822955, 38.029803005606013 ], [ 23.742522300032292, 38.028742929975877 ], [ 23.742506211649044, 38.028632165429443 ], [ 23.742459616764958, 38.028311379346945 ] ] ] ] } }
]
}
